ply
format ascii 1.0
comment VCGLIB generated
element vertex 11596
property float x
property float y
property float z
property uchar red
property uchar green
property uchar blue
property uchar alpha
element face 23058
property list uchar int vertex_indices
end_header
2.20656 0.0850722 6.16406 190 190 190 255 
0.44385 0.0606862 6.17626 190 190 190 255 
0.45506 0.0525713 6.18033 190 190 190 255 
0.667396 -0.156182 6.2855 190 190 190 255 
-0.622031 -0.104066 6.25932 190 190 190 255 
-2.28117 0.0850722 6.16406 190 190 190 255 
-0.632066 -0.114255 6.26446 190 190 190 255 
-2.24954 0.0876862 6.02928 190 190 190 255 
2.17704 0.0979072 6.03629 190 190 190 255 
2.17824 0.0951977 6.03403 190 190 190 255 
2.17453 0.103584 6.04102 190 190 190 255 
-2.24499 0.0980742 6.03607 190 190 190 255 
-2.24212 0.105631 6.04291 190 190 190 255 
2.17324 0.106899 6.04477 190 190 190 255 
-2.24169 0.107042 6.04464 190 190 190 255 
-2.2399 0.112896 6.05183 190 190 190 255 
-2.23871 0.118573 6.06117 190 190 190 255 
-2.23859 0.120424 6.06541 190 190 190 255 
2.16855 0.121906 6.06861 190 190 190 255 
-2.23844 0.122748 6.07072 190 190 190 255 
2.16847 0.124997 6.07869 190 190 190 255 
-2.23885 0.124513 6.07711 190 190 190 255 
2.16933 0.126651 6.0893 190 190 190 255 
2.1693 0.126647 6.08912 190 190 190 255 
-2.24036 0.126651 6.08931 190 190 190 255 
2.1711 0.126892 6.10037 190 190 190 255 
2.17696 0.12291 6.12086 190 190 190 255 
0.277759 0.120499 6.12675 190 190 190 255 
0.315349 0.114421 6.13636 190 190 190 255 
0.35115 0.108632 6.14551 190 190 190 255 
2.18429 0.115009 6.13659 190 190 190 255 
0.38931 0.0960158 6.15714 190 190 190 255 
0.381746 0.0985164 6.15484 190 190 190 255 
0.354465 0.107536 6.14652 190 190 190 255 
2.19706 0.098655 6.15506 190 190 190 255 
2.1938 0.103157 6.15147 190 190 190 255 
0.40379 0.088417 6.16194 190 190 190 255 
2.20423 0.0884743 6.16207 190 190 190 255 
0.410164 0.0850722 6.16406 190 190 190 255 
-2.24308 0.126756 6.1017 190 190 190 255 
-0.203404 0.123954 6.11381 190 190 190 255 
-2.24318 0.126752 6.10214 190 190 190 255 
-2.24691 0.124881 6.11396 190 190 190 255 
-2.24695 0.124857 6.11412 190 190 190 255 
-0.286257 0.119616 6.12868 190 190 190 255 
-2.257 0.115827 6.13573 190 190 190 255 
-0.316255 0.114551 6.13646 190 190 190 255 
-0.350798 0.108718 6.14541 190 190 190 255 
-2.25881 0.11377 6.13848 190 190 190 255 
-0.354381 0.107512 6.14651 190 190 190 255 
-2.26413 0.107705 6.14661 190 190 190 255 
-2.27286 0.096634 6.15696 190 190 190 255 
-2.27127 0.0986686 6.1551 190 190 190 255 
-0.391693 0.0949599 6.15791 190 190 190 255 
-2.25078 0.0850722 6.02794 190 190 190 255 
2.18313 0.0850722 6.02794 190 190 190 255 
-2.45043 -0.379537 5.73422 190 190 190 255 
2.40332 -0.38083 5.72156 190 190 190 255 
-2.44627 -0.380981 5.71722 190 190 190 255 
2.39802 -0.379492 5.69549 190 190 190 255 
2.39216 -0.375049 5.67658 190 190 190 255 
2.39025 -0.373147 5.67192 190 190 190 255 
-2.42695 -0.372818 5.67015 190 190 190 255 
2.38446 -0.367387 5.65779 190 190 190 255 
-2.41596 -0.364116 5.65186 190 190 190 255 
2.37596 -0.357632 5.64159 190 190 190 255 
-2.41551 -0.363759 5.65111 190 190 190 255 
-2.40249 -0.351373 5.63393 190 190 190 255 
-2.4003 -0.349289 5.63104 190 190 190 255 
-2.38797 -0.335754 5.61852 190 190 190 255 
2.35074 -0.324204 5.60917 190 190 190 255 
2.34654 -0.318047 5.60559 190 190 190 255 
2.40522 -0.373342 5.75816 190 190 190 255 
2.40532 -0.373885 5.75691 190 190 190 255 
-2.45302 -0.375929 5.75053 190 190 190 255 
2.40509 -0.378624 5.73945 190 190 190 255 
2.40484 -0.378937 5.73691 190 190 190 255 
-2.45371 -0.363975 5.77806 190 190 190 255 
2.40315 -0.363956 5.77803 190 190 190 255 
2.4039 -0.366356 5.7742 190 190 190 255 
-2.45353 -0.361585 5.78249 190 190 190 255 
-2.45325 -0.35986 5.78516 190 190 190 255 
-2.45127 -0.351455 5.79612 190 190 190 255 
-2.45075 -0.349218 5.79904 190 190 190 255 
2.38903 -0.328081 5.81816 190 190 190 255 
-2.27882 -0.199501 5.54536 190 190 190 255 
-2.36738 -0.31112 5.60157 190 190 190 255 
2.03807 0.126677 5.32699 190 190 190 255 
2.07536 0.0850722 5.40206 190 190 190 255 
2.0677 0.0961481 5.39524 190 190 190 255 
2.06051 0.105903 5.38663 190 190 190 255 
-2.03579 0.0960464 5.39508 190 190 190 255 
2.05399 0.114051 5.37649 190 190 190 255 
-1.99896 0.124434 5.35361 190 190 190 255 
-2.00266 0.122707 5.35922 190 190 190 255 
2.04833 0.120357 5.36512 190 190 190 255 
-2.00698 0.120082 5.36499 190 190 190 255 
-1.9985 0.124578 5.35282 190 190 190 255 
-1.99116 0.126649 5.34 190 190 190 255 
2.039 0.126998 5.3335 190 190 190 255 
2.04371 0.124636 5.35283 190 190 190 255 
2.04183 0.125974 5.34646 190 190 190 255 
2.04026 0.126763 5.34 190 190 190 255 
-1.98504 0.126578 5.32701 190 190 190 255 
-1.98571 0.126817 5.32873 190 190 190 255 
-1.98631 0.126899 5.33009 190 190 190 255 
-1.98166 0.125371 5.31833 190 190 190 255 
-1.98041 0.12422 5.31423 190 190 190 255 
2.03747 0.125802 5.32054 190 190 190 255 
-1.97833 0.12211 5.30714 190 190 190 255 
2.03721 0.12438 5.31419 190 190 190 255 
-1.97868 0.122614 5.30852 190 190 190 255 
2.03729 0.122421 5.30798 190 190 190 255 
2.03954 0.113483 5.29067 190 190 190 255 
2.04095 0.109556 5.28548 190 190 190 255 
-1.97624 0.105144 5.28069 190 190 190 255 
2.03846 0.116952 5.29618 190 190 190 255 
-1.97579 0.113222 5.2903 190 190 190 255 
-1.97573 0.110681 5.28688 190 190 190 255 
2.04699 0.0953326 5.27217 190 190 190 255 
2.05193 0.0850722 5.26594 190 190 190 255 
2.04267 0.1052 5.28064 190 190 190 255 
2.04469 0.100448 5.27619 190 190 190 255 
-1.98091 0.0874554 5.2672 190 190 190 255 
-1.98182 0.0850722 5.26594 190 190 190 255 
2.27151 -0.362128 5.01961 190 190 190 255 
2.27415 -0.377461 4.98277 190 190 190 255 
-2.13491 -0.376021 4.98821 190 190 190 255 
-2.12829 -0.37929 4.97292 190 190 190 255 
2.27361 -0.379423 4.97295 190 190 190 255 
2.27259 -0.380605 4.96301 190 190 190 255 
2.27288 -0.367041 5.01089 190 190 190 255 
2.27378 -0.37125 5.0018 190 190 190 255 
-2.13628 -0.374547 4.99234 190 190 190 255 
2.27421 -0.374731 4.99241 190 190 190 255 
-2.14162 -0.36684 5.01079 190 190 190 255 
2.26967 -0.356543 5.02793 190 190 190 255 
-2.14297 -0.363902 5.01664 190 190 190 255 
-2.14395 -0.359774 5.02329 190 190 190 255 
-2.14465 -0.350534 5.03552 190 190 190 255 
-2.14421 -0.356371 5.0278 190 190 190 255 
-2.14402 -0.343358 5.04297 190 190 190 255 
-2.14373 -0.340039 5.04641 190 190 190 255 
2.26464 -0.343498 5.04311 190 190 190 255 
-2.13564 -0.31112 5.06643 190 190 190 255 
0.830541 -0.9652 4.10744 190 190 190 255 
0.836271 -0.9652 4.04195 190 190 190 255 
0.689147 -0.9652 4.18907 190 190 190 255 
0.733253 -0.9652 4.18907 190 190 190 255 
0.613912 -0.9652 4.14563 190 190 190 255 
0.7112 -0.9652 4.064 190 190 190 255 
0.733253 -0.9652 3.93893 190 190 190 255 
0.7112 -0.9652 3.937 190 190 190 255 
0.808488 -0.9652 3.98237 190 190 190 255 
0.7747 -0.9652 3.95401 190 190 190 255 
0.754637 -0.9652 3.94466 190 190 190 255 
0.830541 -0.9652 4.02056 190 190 190 255 
2.18182 -0.880481 4.4345 190 190 190 255 
2.21719 -0.808687 4.63994 190 190 190 255 
-1.9752 -0.747367 4.7303 190 190 190 255 
-1.97735 -0.74513 4.73334 190 190 190 255 
2.24631 -0.671743 4.80907 190 190 190 255 
-2.08437 -0.541635 4.89695 190 190 190 255 
2.25742 -0.583614 4.87358 190 190 190 255 
-2.06973 -0.583476 4.87334 190 190 190 255 
-2.10969 -0.436866 4.93893 190 190 190 255 
-2.09948 -0.485668 4.92184 190 190 190 255 
0.836271 -0.889 4.08605 190 190 190 255 
0.8382 -0.9652 4.064 190 190 190 255 
0.836271 -0.9652 4.08605 190 190 190 255 
0.830541 -0.889 4.10744 190 190 190 255 
0.821185 -0.889 4.1275 190 190 190 255 
0.821185 -0.9652 4.1275 190 190 190 255 
0.808488 -0.9652 4.14563 190 190 190 255 
0.792834 -0.889 4.16129 190 190 190 255 
0.792834 -0.9652 4.16129 190 190 190 255 
0.7747 -0.9652 4.17398 190 190 190 255 
0.733253 -0.889 4.18907 190 190 190 255 
0.754637 -0.9652 4.18334 190 190 190 255 
0.7112 -0.9652 4.191 190 190 190 255 
0.667763 -0.9652 4.18334 190 190 190 255 
0.6477 -0.889 4.17398 190 190 190 255 
0.6477 -0.9652 4.17398 190 190 190 255 
0.629566 -0.889 4.16129 190 190 190 255 
0.629566 -0.9652 4.16129 190 190 190 255 
0.613912 -0.889 4.14563 190 190 190 255 
0.601215 -0.889 4.1275 190 190 190 255 
0.601215 -0.9652 4.1275 190 190 190 255 
0.591859 -0.9652 4.10744 190 190 190 255 
0.591859 -0.889 4.10744 190 190 190 255 
0.586129 -0.889 4.08605 190 190 190 255 
0.586129 -0.9652 4.08605 190 190 190 255 
0.5842 -0.9652 4.064 190 190 190 255 
0.586129 -0.889 4.04195 190 190 190 255 
0.586129 -0.9652 4.04195 190 190 190 255 
0.591859 -0.9652 4.02056 190 190 190 255 
0.601215 -0.889 4.0005 190 190 190 255 
0.601215 -0.9652 4.0005 190 190 190 255 
0.613912 -0.9652 3.98237 190 190 190 255 
0.629566 -0.9652 3.96671 190 190 190 255 
0.629566 -0.889 3.96671 190 190 190 255 
0.6477 -0.9652 3.95401 190 190 190 255 
0.667763 -0.9652 3.94466 190 190 190 255 
0.689147 -0.889 3.93893 190 190 190 255 
0.7112 -0.889 3.937 190 190 190 255 
0.689147 -0.9652 3.93893 190 190 190 255 
0.733253 -0.889 3.93893 190 190 190 255 
0.754637 -0.889 3.94466 190 190 190 255 
0.792834 -0.889 3.96671 190 190 190 255 
0.792834 -0.9652 3.96671 190 190 190 255 
0.808488 -0.889 3.98237 190 190 190 255 
0.821185 -0.9652 4.0005 190 190 190 255 
0.836271 -0.889 4.04195 190 190 190 255 
2.06456 0.126677 18.281 190 190 190 255 
-0.364255 0.1052 18.2346 190 190 190 255 
-2.10266 0.1052 18.2346 190 190 190 255 
-2.11295 0.0953326 18.2262 190 190 190 255 
-0.391448 0.0953326 18.2262 190 190 190 255 
-0.223438 0.12438 18.2682 190 190 190 255 
-0.133221 0.126677 18.281 190 190 190 255 
0.208336 0.123308 18.2685 190 190 190 255 
0.328901 0.113483 18.2447 190 190 190 255 
2.0924 0.113483 18.2447 190 190 190 255 
0.364255 0.1052 18.2346 190 190 190 255 
2.10266 0.1052 18.2346 190 190 190 255 
2.12224 0.0850722 18.2199 190 190 190 255 
-0.0119693 0.127 18.2879 190 190 190 255 
2.05714 0.126763 18.294 190 190 190 255 
-2.05714 0.126763 18.294 190 190 190 255 
2.05393 0.125982 18.3004 190 190 190 255 
-2.05394 0.125984 18.3004 190 190 190 255 
-2.05104 0.124636 18.3068 190 190 190 255 
2.04859 0.122788 18.313 190 190 190 255 
2.04482 0.117468 18.3249 190 190 190 255 
-2.04647 0.120357 18.3191 190 190 190 255 
2.04359 0.114051 18.3305 190 190 190 255 
-2.04483 0.11748 18.3249 190 190 190 255 
2.04282 0.110192 18.3357 190 190 190 255 
2.04251 0.105903 18.3406 190 190 190 255 
-2.04282 0.110196 18.3357 190 190 190 255 
2.04266 0.101219 18.3451 190 190 190 255 
-2.04251 0.105903 18.3406 190 190 190 255 
-2.04266 0.101196 18.3452 190 190 190 255 
-2.04438 0.0907349 18.3529 190 190 190 255 
2.04438 0.0907183 18.3529 190 190 190 255 
1.12731 2.14029 -1.10798 190 190 190 255 
1.11783 0.608071 2.3336 190 190 190 255 
1.13717 1.33119 2.00219 190 190 190 255 
1.02241 2.26169 -0.601863 190 190 190 255 
1.01547 1.64179 1.64242 190 190 190 255 
1.01547 1.48846 1.77391 190 190 190 255 
1.06127 2.2561 -0.782145 190 190 190 255 
1.05311 2.3298 0.492041 190 190 190 255 
1.06127 2.36829 0.304801 190 190 190 255 
1.04554 1.45344 1.87698 190 190 190 255 
1.05311 2.14499 1.03398 190 190 190 255 
1.05311 1.95469 1.35988 190 190 190 255 
1.02241 -0.617062 -2.25759 190 190 190 255 
1.02241 -0.252802 -2.32671 190 190 190 255 
1.06127 -0.989801 -2.17302 190 190 190 255 
1.06127 -0.257925 -2.37386 190 190 190 255 
1.06127 0.6315 -2.30281 190 190 190 255 
1.05311 0.789388 -2.24654 190 190 190 255 
1.04554 0.786981 -2.23969 190 190 190 255 
1.06127 0.791586 -2.2528 190 190 190 255 
1.11768 0.111848 -2.40529 190 190 190 255 
1.13717 0.111916 -2.40301 190 190 190 255 
1.13717 0.606392 2.32676 190 190 190 255 
1.09553 0.381 2.37562 190 190 190 255 
1.06996 0.603593 2.31641 190 190 190 255 
1.01547 0.381 2.29082 190 190 190 255 
1.01547 0.442414 2.27529 190 190 190 255 
1.02241 0.590138 2.26477 190 190 190 255 
1.12646 1.58263 -1.81499 190 190 190 255 
1.13717 1.35968 -1.99143 190 190 190 255 
1.12699 1.09636 -2.14503 190 190 190 255 
1.11789 0.799134 -2.2743 190 190 190 255 
1.12758 0.799811 -2.27621 190 190 190 255 
1.11804 0.637228 -2.32367 190 190 190 255 
1.10801 0.798806 -2.27335 190 190 190 255 
1.13717 0.467359 -2.35864 190 190 190 255 
1.13717 0.237547 -2.40128 190 190 190 255 
1.13717 -0.575312 -2.34341 190 190 190 255 
1.11786 -0.635011 -2.32355 190 190 190 255 
1.11775 -0.0730405 -2.40711 190 190 190 255 
1.13717 -0.171343 -2.40691 190 190 190 255 
1.11778 -0.260058 -2.39426 190 190 190 255 
1.13717 -0.259722 -2.39302 190 190 190 255 
1.13717 -0.44778 -2.36346 190 190 190 255 
1.11766 -0.448065 -2.36581 190 190 190 255 
1.13717 1.02331 -2.18527 190 190 190 255 
1.13717 0.639614 -2.32668 190 190 190 255 
1.09821 0.46772 -2.36099 190 190 190 255 
1.13717 -0.962758 -2.21262 190 190 190 255 
1.11791 -0.998603 -2.19249 190 190 190 255 
1.11757 -1.7675 -1.63481 190 190 190 255 
1.13717 -1.64437 -1.76596 190 190 190 255 
1.11757 -1.17082 -2.10373 190 190 190 255 
1.13717 -1.16938 -2.10101 190 190 190 255 
1.11793 -1.33662 -2.00502 190 190 190 255 
1.13717 -1.32255 -2.01827 190 190 190 255 
1.11793 -1.63659 -1.76908 190 190 190 255 
1.13717 -1.48861 -1.88808 190 190 190 255 
1.13717 -1.63821 -1.77079 190 190 190 255 
1.12638 -2.2397 -0.885056 190 190 190 255 
1.1276 -2.41236 -3.71102e-006 190 190 190 255 
1.13717 -2.39279 -0.283523 190 190 190 255 
1.13717 -2.38859 -0.34233 190 190 190 255 
1.13717 -2.29649 -0.740751 190 190 190 255 
1.11781 -2.08749 -1.19714 190 190 190 255 
1.13717 -1.99252 -1.34728 190 190 190 255 
1.13717 -1.91895 -1.46294 190 190 190 255 
1.13717 -1.76512 -1.6327 190 190 190 255 
1.10801 -2.23897 -0.890628 190 190 190 255 
1.11695 -2.23879 -0.887845 190 190 190 255 
1.10801 -0.0729899 -2.4085 190 190 190 255 
1.1176 -0.818824 -2.26417 190 190 190 255 
1.10801 -1.17176 -2.10551 190 190 190 255 
1.11755 -1.4906 -1.89063 190 190 190 255 
1.10801 -1.76897 -1.63614 190 190 190 255 
1.10801 -1.88909 -1.49583 190 190 190 255 
1.1179 -1.88879 -1.49549 190 190 190 255 
1.11763 -1.99306 -1.34749 190 190 190 255 
1.09821 -1.99398 -1.348 190 190 190 255 
1.10801 -2.39289 -0.283371 190 190 190 255 
1.11404 -2.41051 1.42693e-008 190 190 190 255 
1.13717 -2.13843 -1.1179 190 190 190 255 
1.11789 -2.16843 -1.04428 190 190 190 255 
1.12758 -2.3411 -0.583172 190 190 190 255 
1.11783 -2.34001 -0.582902 190 190 190 255 
1.12758 -2.3959 -0.283727 190 190 190 255 
1.11783 -2.39478 -0.283596 190 190 190 255 
1.11754 0.467499 -2.35967 190 190 190 255 
1.11797 0.292319 -2.38949 190 190 190 255 
1.10801 0.11186 -2.40701 190 190 190 255 
1.09821 -0.0729072 -2.40577 190 190 190 255 
1.10801 -0.260278 -2.39551 190 190 190 255 
1.10801 -0.448314 -2.36753 190 190 190 255 
1.09821 -0.447806 -2.36485 190 190 190 255 
1.10801 -0.635308 -2.32435 190 190 190 255 
1.09821 -0.818495 -2.26343 190 190 190 255 
1.10801 -0.819424 -2.266 190 190 190 255 
1.10801 -0.998829 -2.19284 190 190 190 255 
1.09821 -1.17044 -2.10312 190 190 190 255 
1.10801 -1.33659 -2.00492 190 190 190 255 
1.10801 -1.49186 -1.89224 190 190 190 255 
1.09821 -1.33508 -2.00265 190 190 190 255 
1.09821 -1.49016 -1.89009 190 190 190 255 
1.10801 -1.63631 -1.76881 190 190 190 255 
1.09821 -1.76696 -1.63429 190 190 190 255 
1.09821 -1.88695 -1.49414 190 190 190 255 
1.09821 0.797901 -2.27077 190 190 190 255 
1.08853 1.0939 -2.13993 190 190 190 255 
1.08853 0.635597 -2.31775 190 190 190 255 
1.08894 -2.40302 1.42693e-008 190 190 190 255 
1.08853 0.291965 -2.38552 190 190 190 255 
1.09821 0.292397 -2.38905 190 190 190 255 
1.09821 0.111734 -2.40428 190 190 190 255 
1.08853 0.111568 -2.40073 190 190 190 255 
1.08853 -0.0727994 -2.40221 190 190 190 255 
1.09821 -0.259983 -2.39279 190 190 190 255 
1.08853 -0.259598 -2.38926 190 190 190 255 
1.08853 -0.447143 -2.36135 190 190 190 255 
1.09821 -0.634588 -2.32171 190 190 190 255 
1.09821 -0.997697 -2.19035 190 190 190 255 
1.08853 -0.996222 -2.18711 190 190 190 255 
1.08853 -1.16871 -2.10001 190 190 190 255 
1.08853 -1.3331 -1.99969 190 190 190 255 
1.09821 -1.63446 -1.76681 190 190 190 255 
1.08853 -1.76435 -1.63187 190 190 190 255 
1.09821 -2.08783 -1.1975 190 190 190 255 
1.08853 -2.08474 -1.19573 190 190 190 255 
1.09821 -2.16856 -1.04421 190 190 190 255 
1.08853 -2.23313 -0.888303 190 190 190 255 
1.09821 -2.23643 -0.889618 190 190 190 255 
1.09821 -2.3355 -0.581779 190 190 190 255 
1.09821 -2.39017 -0.283049 190 190 190 255 
1.08853 -2.38664 -0.282631 190 190 190 255 
1.06996 0.465171 -2.34813 190 190 190 255 
1.07908 0.466177 -2.35321 190 190 190 255 
1.07908 0.291433 -2.38117 190 190 190 255 
1.07908 0.111365 -2.39635 190 190 190 255 
1.06996 0.111125 -2.39118 190 190 190 255 
1.07908 -0.0726667 -2.39784 190 190 190 255 
1.07908 -0.259125 -2.3849 190 190 190 255 
1.06996 -0.258566 -2.37975 190 190 190 255 
1.06996 -0.445365 -2.35196 190 190 190 255 
1.06996 -0.63113 -2.30906 190 190 190 255 
1.07908 -0.632495 -2.31405 190 190 190 255 
1.07908 -0.994407 -2.18313 190 190 190 255 
1.07908 -1.16658 -2.09619 190 190 190 255 
1.07908 -1.33067 -1.99605 190 190 190 255 
1.06996 -1.48204 -1.87979 190 190 190 255 
1.07908 -1.48525 -1.88386 190 190 190 255 
1.07908 -1.9874 -1.34356 190 190 190 255 
1.07908 -2.08094 -1.19355 190 190 190 255 
1.06996 -2.15675 -1.03852 190 190 190 255 
1.07908 -2.22906 -0.886684 190 190 190 255 
1.07908 -2.3278 -0.57986 190 190 190 255 
1.06996 -2.37715 -0.281507 190 190 190 255 
1.08054 -2.39967 1.42693e-008 190 190 190 255 
1.08853 0.467028 -2.3575 190 190 190 255 
1.07908 -0.446329 -2.35705 190 190 190 255 
1.08853 -0.63365 -2.31828 190 190 190 255 
1.08853 -0.817285 -2.26008 190 190 190 255 
1.07908 -0.815795 -2.25596 190 190 190 255 
1.08853 -1.48796 -1.8873 190 190 190 255 
1.07908 -1.62907 -1.76098 190 190 190 255 
1.08853 -1.63204 -1.76419 190 190 190 255 
1.07908 -1.76113 -1.6289 190 190 190 255 
1.07908 -1.88073 -1.48921 190 190 190 255 
1.08853 -1.88416 -1.49193 190 190 190 255 
1.08853 -1.99103 -1.34601 190 190 190 255 
1.08853 -2.16536 -1.04267 190 190 190 255 
1.07908 -2.16141 -1.04077 190 190 190 255 
1.08853 -2.33205 -0.580919 190 190 190 255 
1.07908 -2.38229 -0.282116 190 190 190 255 
1.08869 -2.40292 1.42693e-008 190 190 190 255 
1.10801 -2.33815 -0.582439 190 190 190 255 
1.06127 -0.0723301 -2.38673 190 190 190 255 
1.05311 -0.257209 -2.36726 190 190 190 255 
1.04554 0.461319 -2.32868 190 190 190 255 
1.06127 0.464018 -2.34231 190 190 190 255 
1.03247 1.54957 -1.77719 190 190 190 255 
1.03247 0.781657 -2.22454 190 190 190 255 
1.02241 0.775863 -2.20805 190 190 190 255 
1.01547 0.822459 -2.16507 190 190 190 255 
1.02241 1.31958 -1.93292 190 190 190 255 
1.02241 1.06526 -2.08391 190 190 190 255 
1.02241 0.284322 -2.32306 190 190 190 255 
1.01547 0.306508 -2.30072 190 190 190 255 
1.01547 0.325206 -2.2994 190 190 190 255 
1.03247 0.458198 -2.31293 190 190 190 255 
1.03247 0.623579 -2.27392 190 190 190 255 
1.04554 0.627827 -2.28941 190 190 190 255 
1.04554 1.08052 -2.11377 190 190 190 255 
1.04554 0.110204 -2.37138 190 190 190 255 
1.03247 -0.0714229 -2.35679 190 190 190 255 
1.02241 0.108648 -2.33788 190 190 190 255 
1.02241 -0.0708935 -2.33932 190 190 190 255 
1.04554 0.288396 -2.35635 190 190 190 255 
1.03247 0.109459 -2.35533 190 190 190 255 
1.03247 0.286445 -2.34041 190 190 190 255 
1.01547 -0.431293 -2.27859 190 190 190 255 
1.01547 -0.382795 -2.29052 190 190 190 255 
1.04554 -0.441677 -2.33249 190 190 190 255 
1.04554 -0.256424 -2.36005 190 190 190 255 
1.03247 -0.438689 -2.31671 190 190 190 255 
1.02241 -0.435437 -2.29954 190 190 190 255 
1.01547 -0.295348 -2.29778 190 190 190 255 
1.01547 -0.77939 -2.18353 190 190 190 255 
1.05311 -0.987052 -2.16698 190 190 190 255 
1.05311 -0.809762 -2.23928 190 190 190 255 
1.04554 -0.625904 -2.28994 190 190 190 255 
1.01547 -0.723315 -2.20677 190 190 190 255 
1.06127 -0.812017 -2.24552 190 190 190 255 
1.05311 -0.627818 -2.29694 190 190 190 255 
1.03247 -0.621669 -2.27445 190 190 190 255 
1.05311 -0.443028 -2.33962 190 190 190 255 
1.04554 -0.0719094 -2.37285 190 190 190 255 
1.03247 -0.25469 -2.34408 190 190 190 255 
1.02241 0.454802 -2.29578 190 190 190 255 
1.02241 0.618957 -2.25707 190 190 190 255 
1.03864 0.784394 -2.23233 190 190 190 255 
1.03247 1.07321 -2.09947 190 190 190 255 
1.03864 1.07697 -2.10682 190 190 190 255 
1.03247 1.32943 -1.94735 190 190 190 255 
1.03864 1.33409 -1.95417 190 190 190 255 
1.05311 -1.32083 -1.98128 190 190 190 255 
1.04554 -1.46977 -1.86423 190 190 190 255 
1.05311 -1.47426 -1.86993 190 190 190 255 
1.05311 -1.61702 -1.74795 190 190 190 255 
1.04554 -2.13888 -1.02992 190 190 190 255 
1.06127 -2.1514 -1.03595 190 190 190 255 
1.04554 -2.35746 -0.279176 190 190 190 255 
1.05311 -2.36467 -0.28003 190 190 190 255 
1.05311 -2.31059 -0.575572 190 190 190 255 
1.04554 -2.20582 -0.877443 190 190 190 255 
1.05311 -2.21257 -0.880126 190 190 190 255 
1.04554 -2.30354 -0.573817 190 190 190 255 
1.03864 -2.34971 -0.278259 190 190 190 255 
1.04554 -1.86113 -1.47369 190 190 190 255 
1.03247 -1.95338 -1.32056 190 190 190 255 
1.03247 -2.04533 -1.17312 190 190 190 255 
1.05311 -1.15795 -2.08068 190 190 190 255 
1.04554 -0.984043 -2.16038 190 190 190 255 
1.03247 -0.977386 -2.14576 190 190 190 255 
1.03247 -1.14661 -2.06031 190 190 190 255 
1.04554 -1.31681 -1.97524 190 190 190 255 
1.01547 -1.44554 -1.80884 190 190 190 255 
1.02241 -1.44901 -1.83789 190 190 190 255 
1.01547 -1.35331 -1.88721 190 190 190 255 
1.04554 -1.15442 -2.07434 190 190 190 255 
1.03247 -1.3079 -1.96188 190 190 190 255 
1.02241 -1.2982 -1.94734 190 190 190 255 
1.01547 -1.28355 -1.92955 190 190 190 255 
1.02241 -1.71816 -1.58915 190 190 190 255 
1.01547 -1.92108 -1.29898 190 190 190 255 
1.02241 -1.9389 -1.31077 190 190 190 255 
1.03247 -1.84854 -1.46372 190 190 190 255 
1.03247 -1.73099 -1.60102 190 190 190 255 
1.04554 -1.74278 -1.61192 190 190 190 255 
1.04554 -1.61209 -1.74263 190 190 190 255 
1.01547 -1.74932 -1.51482 190 190 190 255 
1.02241 -1.83484 -1.45287 190 190 190 255 
1.03247 -1.60118 -1.73084 190 190 190 255 
1.03247 -1.45983 -1.85162 190 190 190 255 
1.02241 -1.58931 -1.71801 190 190 190 255 
1.01547 -1.57328 -1.70031 190 190 190 255 
1.03247 -2.1909 -0.871507 190 190 190 255 
1.01547 -2.09154 -1.00704 190 190 190 255 
1.02241 -2.10867 -1.01537 190 190 190 255 
1.06127 -1.87202 -1.48231 190 190 190 255 
1.04554 -1.96669 -1.32955 190 190 190 255 
1.01547 -2.3016 -0.289663 190 190 190 255 
1.01547 -2.3049 -0.272852 190 190 190 255 
1.02241 -2.32416 -0.275232 190 190 190 255 
1.01547 -2.24852 -0.56037 190 190 190 255 
1.02241 -2.271 -0.56571 190 190 190 255 
1.01547 -2.19474 -0.738389 190 190 190 255 
1.02241 -2.17466 -0.865048 190 190 190 255 
1.01547 -2.00589 -1.15373 190 190 190 255 
1.02241 -2.03017 -1.16443 190 190 190 255 
1.06127 -1.47837 -1.87514 190 190 190 255 
1.06127 -1.32451 -1.9868 190 190 190 255 
1.05521 -2.38244 1.42693e-008 190 190 190 255 
1.05339 -2.38087 1.42693e-008 190 190 190 255 
1.04554 -2.05926 -1.18111 190 190 190 255 
1.03247 -2.12441 -1.02296 190 190 190 255 
1.03864 -2.19857 -0.874558 190 190 190 255 
1.03864 -2.29597 -0.571931 190 190 190 255 
1.03247 -2.28796 -0.569935 190 190 190 255 
1.03247 -2.34151 -0.277287 190 190 190 255 
1.01547 -1.11595 -2.03128 190 190 190 255 
1.02241 -1.13811 -2.04504 190 190 190 255 
1.01547 -1.04959 -2.07156 190 190 190 255 
1.01547 -0.96059 -2.10844 190 190 190 255 
1.02241 -0.970142 -2.12986 190 190 190 255 
1.01547 -0.947048 -2.11406 190 190 190 255 
1.04554 -0.807293 -2.23245 190 190 190 255 
1.03247 -0.801832 -2.21735 190 190 190 255 
1.02241 -0.795889 -2.20092 190 190 190 255 
1.01547 -0.78809 -2.17993 190 190 190 255 
1.05311 1.17572 2.07069 190 190 190 255 
1.04554 0.883979 2.20321 190 190 190 255 
1.05336 0.381 2.35024 190 190 190 255 
1.05311 0.600425 2.30425 190 190 190 255 
1.06127 1.72648 1.64954 190 190 190 255 
1.04554 1.588 1.76461 190 190 190 255 
1.03247 1.70482 1.62885 190 190 190 255 
1.06127 2.19407 -0.942223 190 190 190 255 
1.05311 2.11682 -1.09049 190 190 190 255 
1.06127 2.12271 -1.09353 190 190 190 255 
1.04554 1.94583 -1.35989 190 190 190 255 
1.04554 2.11036 -1.08717 190 190 190 255 
1.05311 1.95178 -1.36405 190 190 190 255 
1.04554 2.33348 -0.436397 190 190 190 255 
1.04554 2.24297 -0.777595 190 190 190 255 
1.02241 1.91834 -1.34068 190 190 190 255 
1.03247 1.93267 -1.35069 190 190 190 255 
1.03864 1.93943 -1.35542 190 190 190 255 
1.03864 1.75363 -1.58851 190 190 190 255 
1.04554 1.56013 -1.7893 190 190 190 255 
1.05311 1.5649 -1.79477 190 190 190 255 
1.05311 1.34258 -1.96661 190 190 190 255 
1.03864 2.10343 -1.08359 190 190 190 255 
1.04554 1.75941 -1.59375 190 190 190 255 
1.05311 1.76479 -1.59862 190 190 190 255 
1.06127 1.56925 -1.79977 190 190 190 255 
1.06127 1.34632 -1.97209 190 190 190 255 
1.03026 0.381 2.32353 190 190 190 255 
1.03247 0.594545 2.28169 190 190 190 255 
1.02241 1.15558 2.03522 190 190 190 255 
1.02241 1.29576 1.94897 190 190 190 255 
1.04554 1.71644 1.63994 190 190 190 255 
1.03247 1.82477 1.49325 190 190 190 255 
1.05311 2.05586 1.20146 190 190 190 255 
1.03247 1.93555 1.34656 190 190 190 255 
1.02241 2.02064 1.18088 190 190 190 255 
1.04554 2.21415 0.856206 190 190 190 255 
1.02241 2.18288 0.84411 190 190 190 255 
1.02241 0.871491 2.17209 190 190 190 255 
1.01547 0.753379 2.19669 190 190 190 255 
1.01547 0.606379 2.23385 190 190 190 255 
1.02241 1.56556 1.73968 190 190 190 255 
1.03247 1.30544 1.96352 190 190 190 255 
1.03864 1.16828 2.05759 190 190 190 255 
1.04554 1.17214 2.06438 190 190 190 255 
1.03864 0.596627 2.28968 190 190 190 255 
1.04554 0.598595 2.29723 190 190 190 255 
1.04374 0.381 2.34122 190 190 190 255 
1.02241 1.81124 1.48219 190 190 190 255 
1.02241 1.69219 1.61678 190 190 190 255 
1.01547 1.67666 1.60216 190 190 190 255 
1.03247 1.57725 1.75267 190 190 190 255 
1.03247 1.44361 1.86429 190 190 190 255 
1.04554 1.31433 1.97689 190 190 190 255 
1.06127 1.32202 1.98846 190 190 190 255 
1.05311 0.886682 2.20995 190 190 190 255 
1.06127 0.889152 2.21611 190 190 190 255 
1.01547 2.15944 0.834791 190 190 190 255 
1.03247 2.03573 1.1897 190 190 190 255 
1.02241 2.10824 1.01626 190 190 190 255 
1.03247 2.12398 1.02385 190 190 190 255 
1.04554 2.13845 1.03082 190 190 190 255 
1.04554 2.0496 1.1978 190 190 190 255 
1.05311 2.22093 0.858824 190 190 190 255 
1.01547 2.05129 1.08867 190 190 190 255 
1.01547 2.00046 1.16886 190 190 190 255 
1.02241 1.9212 1.33658 190 190 190 255 
1.01547 1.85967 1.39091 190 190 190 255 
1.04554 1.94873 1.35573 190 190 190 255 
1.04554 1.83719 1.50342 190 190 190 255 
1.01547 1.28276 1.9291 190 190 190 255 
1.01547 1.41931 1.83321 190 190 190 255 
1.01547 1.37295 1.87297 190 190 190 255 
1.02241 1.43291 1.85047 190 190 190 255 
1.03247 1.16421 2.05041 190 190 190 255 
1.03247 0.877999 2.18831 190 190 190 255 
1.03864 0.881073 2.19597 190 190 190 255 
1.04554 2.3227 0.490541 190 190 190 255 
1.04554 2.27579 0.675536 190 190 190 255 
1.06127 2.38672 -0.0726767 190 190 190 255 
1.05311 2.38009 -0.0724755 190 190 190 255 
1.05311 2.37841 0.115182 190 190 190 255 
1.04554 2.37116 0.114831 190 190 190 255 
1.04554 2.37284 -0.0722539 190 190 190 255 
1.03247 2.35678 -0.0717658 190 190 190 255 
1.03247 2.27858 -0.606357 190 190 190 255 
1.03247 2.31769 -0.433445 190 190 190 255 
1.01547 2.06025 -1.06161 190 190 190 255 
1.02241 2.08055 -1.07181 190 190 190 255 
1.02241 2.15049 -0.923508 190 190 190 255 
1.03247 2.16655 -0.930404 190 190 190 255 
1.03247 2.2278 -0.772335 190 190 190 255 
1.02241 2.33766 0.113209 190 190 190 255 
1.01547 2.30572 0.2054 190 190 190 255 
1.02241 2.32125 0.298748 190 190 190 255 
1.01547 2.29664 0.34414 190 190 190 255 
1.03247 2.30699 0.487222 190 190 190 255 
1.03247 2.33859 0.300978 190 190 190 255 
1.04554 2.35452 0.303028 190 190 190 255 
1.05311 2.36172 0.303955 190 190 190 255 
1.01547 2.28347 -0.422843 190 190 190 255 
1.01547 2.29032 -0.354997 190 190 190 255 
1.02241 2.3267 -0.252897 190 190 190 255 
1.02241 2.30051 -0.430232 190 190 190 255 
1.03247 2.34407 -0.254786 190 190 190 255 
1.01547 2.31857 -0.0751419 190 190 190 255 
1.01547 2.31905 -0.0704639 190 190 190 255 
1.04554 2.2941 -0.610487 190 190 190 255 
1.04554 2.36003 -0.256521 190 190 190 255 
1.02241 2.33931 -0.0712331 190 190 190 255 
1.03247 2.35512 0.114054 190 190 190 255 
1.01547 2.14016 -0.885605 190 190 190 255 
1.02241 2.21128 -0.76661 190 190 190 255 
1.02241 1.73456 -1.57123 190 190 190 255 
1.03247 2.09609 -1.07981 190 190 190 255 
1.04554 2.1813 -0.936741 190 190 190 255 
1.06127 2.30752 -0.614059 190 190 190 255 
1.01547 2.22835 -0.62625 190 190 190 255 
1.02241 2.28989 0.483611 190 190 190 255 
1.01547 2.26427 0.480481 190 190 190 255 
1.05311 2.28275 0.677601 190 190 190 255 
1.03247 2.26039 0.670966 190 190 190 255 
1.03247 2.19918 0.850414 190 190 190 255 
1.02241 2.24364 0.665992 190 190 190 255 
1.01547 2.20623 0.724953 190 190 190 255 
1.01547 2.19678 0.747134 190 190 190 255 
1.04554 1.33849 -1.96062 190 190 190 255 
1.12761 0.381 2.38197 190 190 190 255 
1.12635 0.607222 2.33019 190 190 190 255 
1.13717 0.777875 2.28418 190 190 190 255 
1.13717 0.895522 2.23262 190 190 190 255 
1.13717 1.15241 2.12003 190 190 190 255 
1.11725 0.381 2.38114 190 190 190 255 
1.12758 0.89839 2.23913 190 190 190 255 
1.11783 0.897974 2.23809 190 190 190 255 
1.12739 1.18575 2.09846 190 190 190 255 
1.10801 0.897261 2.23632 190 190 190 255 
1.11805 1.47463 1.90421 190 190 190 255 
1.1175 1.33187 2.00325 190 190 190 255 
1.11732 1.18762 2.09628 190 190 190 255 
1.10801 0.607589 2.33174 190 190 190 255 
1.13717 2.03944 1.28967 190 190 190 255 
1.13717 2.07828 1.21489 190 190 190 255 
1.1178 2.07932 1.21527 190 190 190 255 
1.11765 2.16902 1.04547 190 190 190 255 
1.13717 1.79238 1.61553 190 190 190 255 
1.11773 1.97684 1.37517 190 190 190 255 
1.13717 1.97549 1.37401 190 190 190 255 
1.13717 2.22793 0.926768 190 190 190 255 
1.11787 2.24664 0.868852 190 190 190 255 
1.13717 2.24641 0.868958 190 190 190 255 
1.1176 2.30815 0.685083 190 190 190 255 
1.09821 1.1884 2.09302 190 190 190 255 
1.10801 1.18975 2.0954 190 190 190 255 
1.09821 0.6069 2.3291 190 190 190 255 
1.10809 0.381 2.37892 190 190 190 255 
1.13717 2.35243 0.537254 190 190 190 255 
1.11791 2.35722 0.497892 190 190 190 255 
1.13717 2.38483 0.30683 190 190 190 255 
1.13717 2.40937 0.132308 190 190 190 255 
1.11757 2.3879 0.307291 190 190 190 255 
1.11793 2.40697 0.116591 190 190 190 255 
1.13717 2.4089 0.116759 190 190 190 255 
1.11755 2.40646 -0.073282 190 190 190 255 
1.11793 2.39569 -0.260434 190 190 190 255 
1.13717 2.39711 -0.276436 190 190 190 255 
1.13717 1.47644 1.90647 190 190 190 255 
1.11758 1.60911 1.78817 190 190 190 255 
1.09821 1.74025 1.6627 190 190 190 255 
1.10801 1.8648 1.52601 190 190 190 255 
1.09821 1.97577 1.37454 190 190 190 255 
1.09821 2.16812 1.04513 190 190 190 255 
1.10801 2.30999 0.685686 190 190 190 255 
1.09821 2.30737 0.68491 190 190 190 255 
1.10801 2.3576 0.497911 190 190 190 255 
1.09821 2.35493 0.497347 190 190 190 255 
1.10801 2.40849 -0.0733398 190 190 190 255 
1.09821 2.40406 0.116425 190 190 190 255 
1.09821 2.40576 -0.0732569 190 190 190 255 
1.10801 2.3955 -0.260375 190 190 190 255 
1.10801 2.36854 -0.442955 190 190 190 255 
1.09821 2.36586 -0.442453 190 190 190 255 
1.11796 2.32634 -0.619199 190 190 190 255 
1.13717 2.31601 -0.677242 190 190 190 255 
1.11771 2.27332 -0.788009 190 190 190 255 
1.13717 1.97562 -1.38094 190 190 190 255 
1.13717 1.9585 -1.40955 190 190 190 255 
1.12652 1.78472 -1.6168 190 190 190 255 
1.13717 1.78246 -1.61492 190 190 190 255 
1.13717 1.69236 -1.72002 190 190 190 255 
1.13717 1.37762 -1.98109 190 190 190 255 
1.11783 1.97664 -1.38142 190 190 190 255 
1.10801 2.14207 -1.1035 190 190 190 255 
1.10801 1.97507 -1.38033 190 190 190 255 
1.10801 1.58357 -1.81618 190 190 190 255 
1.11783 1.09763 -2.14724 190 190 190 255 
1.12755 1.35933 -1.99104 190 190 190 255 
1.11783 1.35968 -1.99166 190 190 190 255 
1.11783 1.58482 -1.81762 190 190 190 255 
1.11783 1.78727 -1.61898 190 190 190 255 
1.12748 1.97563 -1.38084 190 190 190 255 
1.11783 2.14377 -1.10438 190 190 190 255 
1.13717 2.1684 -1.0586 190 190 190 255 
1.13717 1.49385 1.89499 190 190 190 255 
1.13717 1.60852 1.78765 190 190 190 255 
1.11784 1.74155 1.66381 190 190 190 255 
1.10801 1.74223 1.66459 190 190 190 255 
1.1177 1.86353 1.52508 190 190 190 255 
1.10801 1.97802 1.3761 190 190 190 255 
1.10801 2.08039 1.2158 190 190 190 255 
1.10801 2.17058 1.04631 190 190 190 255 
1.10801 2.24742 0.869071 190 190 190 255 
1.10801 2.38989 0.307581 190 190 190 255 
1.10801 2.40679 0.116557 190 190 190 255 
1.11758 2.36665 -0.442564 190 190 190 255 
1.09821 1.09552 -2.1431 190 190 190 255 
1.08853 1.35505 -1.98488 190 190 190 255 
1.08853 1.57943 -1.81144 190 190 190 255 
1.09821 1.58177 -1.81412 190 190 190 255 
1.08853 1.96991 -1.37672 190 190 190 255 
1.08853 2.13648 -1.10062 190 190 190 255 
1.08853 2.2083 -0.948335 190 190 190 255 
1.09821 2.27409 -0.788384 190 190 190 255 
1.09821 2.32593 -0.618958 190 190 190 255 
1.08853 2.36236 -0.441798 190 190 190 255 
1.09821 2.39278 -0.26008 190 190 190 255 
1.08853 2.4005 0.116252 190 190 190 255 
1.08853 2.38366 0.306779 190 190 190 255 
1.09821 2.38719 0.307233 190 190 190 255 
1.08853 2.30396 0.683896 190 190 190 255 
1.09821 2.24488 0.868086 190 190 190 255 
1.08853 2.24156 0.866802 190 190 190 255 
1.08853 2.16492 1.04358 190 190 190 255 
1.09821 2.07803 1.21442 190 190 190 255 
1.08853 2.07496 1.21263 190 190 190 255 
1.09821 1.86269 1.52429 190 190 190 255 
1.08853 1.85993 1.52203 190 190 190 255 
1.08853 1.73768 1.66024 190 190 190 255 
1.09821 1.61003 1.78909 190 190 190 255 
1.08853 1.60765 1.78645 190 190 190 255 
1.09821 1.47361 1.90303 190 190 190 255 
1.09821 1.33257 2.00432 190 190 190 255 
1.09821 0.896245 2.23378 190 190 190 255 
1.07908 1.0919 -2.13603 190 190 190 255 
1.06996 1.57315 -1.80424 190 190 190 255 
1.07908 1.35258 -1.98127 190 190 190 255 
1.06996 1.7741 -1.60706 190 190 190 255 
1.07908 1.77794 -1.61053 190 190 190 255 
1.07908 1.96632 -1.37422 190 190 190 255 
1.06996 1.96208 -1.37125 190 190 190 255 
1.07908 2.13259 -1.09862 190 190 190 255 
1.07908 2.20428 -0.946607 190 190 190 255 
1.06996 2.19952 -0.944563 190 190 190 255 
1.06996 2.31325 -0.615585 190 190 190 255 
1.07908 2.31826 -0.616916 190 190 190 255 
1.06996 2.35297 -0.440042 190 190 190 255 
1.06996 2.37974 -0.258663 190 190 190 255 
1.07908 2.35805 -0.440993 190 190 190 255 
1.06996 2.39265 -0.0728574 190 190 190 255 
1.07908 2.39783 -0.0730147 190 190 190 255 
1.07908 2.39613 0.116041 190 190 190 255 
1.07908 2.37931 0.30622 190 190 190 255 
1.07908 2.34716 0.495707 190 190 190 255 
1.06996 2.29479 0.681177 190 190 190 255 
1.06996 2.23264 0.863356 190 190 190 255 
1.07908 2.16097 1.04168 190 190 190 255 
1.07908 2.07118 1.21042 190 190 190 255 
1.06996 1.96501 1.36705 190 190 190 255 
1.07908 1.60472 1.78319 190 190 190 255 
1.07908 1.46875 1.89675 190 190 190 255 
1.06996 1.46558 1.89266 190 190 190 255 
1.06996 1.32531 1.9934 190 190 190 255 
1.07908 1.32817 1.99771 190 190 190 255 
1.06996 1.18193 2.08162 190 190 190 255 
1.07908 0.893289 2.22642 190 190 190 255 
1.07908 0.604899 2.32142 190 190 190 255 
1.08868 0.381 2.37258 190 190 190 255 
1.08853 0.606003 2.32566 190 190 190 255 
1.08853 0.894919 2.23048 190 190 190 255 
1.07908 1.18448 2.08612 190 190 190 255 
1.08853 1.18664 2.08993 190 190 190 255 
1.08853 1.3306 2.00136 190 190 190 255 
1.08853 1.47143 1.90021 190 190 190 255 
1.07908 1.73451 1.65722 190 190 190 255 
1.07908 1.85654 1.51926 190 190 190 255 
1.08853 1.97285 1.37251 190 190 190 255 
1.07908 1.96926 1.37001 190 190 190 255 
1.07908 2.23747 0.865223 190 190 190 255 
1.07908 2.29976 0.68265 190 190 190 255 
1.08853 2.35145 0.496612 190 190 190 255 
1.08853 2.4022 -0.0731489 190 190 190 255 
1.08853 2.38924 -0.259696 190 190 190 255 
1.07908 2.38489 -0.259222 190 190 190 255 
1.08853 2.32249 -0.618042 190 190 190 255 
1.08853 2.27073 -0.787218 190 190 190 255 
1.07908 2.26659 -0.785784 190 190 190 255 
1.08853 1.78119 -1.61347 190 190 190 255 
1.07908 1.57656 -1.80814 190 190 190 255 
1.13717 2.27321 -0.787809 190 190 190 255 
1.11771 2.21072 -0.949517 190 190 190 255 
1.09821 2.21157 -0.949739 190 190 190 255 
1.09821 2.13965 -1.10225 190 190 190 255 
1.09821 1.97283 -1.37876 190 190 190 255 
1.10801 1.78585 -1.6177 190 190 190 255 
1.09821 1.78383 -1.61586 190 190 190 255 
1.10801 1.3586 -1.99008 190 190 190 255 
1.09821 1.35706 -1.98782 190 190 190 255 
1.10801 1.09676 -2.14553 190 190 190 255 
1.08853 0.796721 -2.26741 190 190 190 255 
1.09821 0.636538 -2.32118 190 190 190 255 
1.07908 0.795269 -2.26328 190 190 190 255 
1.07908 0.634439 -2.31352 190 190 190 255 
1.03257 -2.35802 1.42693e-008 190 190 190 255 
1.02245 -2.34038 1.42693e-008 190 190 190 255 
1.01547 1.37551 -1.86494 190 190 190 255 
1.05311 1.08383 -2.12024 190 190 190 255 
1.03864 1.555 -1.78341 190 190 190 255 
1.03247 1.74751 -1.58297 190 190 190 255 
1.02241 1.53809 -1.76402 190 190 190 255 
1.07017 0.381 2.36292 190 190 190 255 
1.06996 0.891361 2.22161 190 190 190 255 
1.06127 0.602097 2.31067 190 190 190 255 
1.06127 1.179 2.07646 190 190 190 255 
1.06127 1.46195 1.88797 190 190 190 255 
1.06996 1.60126 1.77934 190 190 190 255 
1.06127 1.59729 1.77493 190 190 190 255 
1.06996 1.73077 1.65364 190 190 190 255 
1.06996 1.85254 1.51598 190 190 190 255 
1.06127 1.84794 1.51222 190 190 190 255 
1.06127 1.96014 1.36366 190 190 190 255 
1.06996 2.06671 1.2078 190 190 190 255 
1.06996 2.15631 1.03943 190 190 190 255 
1.06127 2.06159 1.20481 190 190 190 255 
1.06127 2.15096 1.03686 190 190 190 255 
1.06127 2.22711 0.861215 190 190 190 255 
1.06127 2.28911 0.679488 190 190 190 255 
1.06996 2.3421 0.494637 190 190 190 255 
1.06127 2.33629 0.493411 190 190 190 255 
1.06996 2.37418 0.305559 190 190 190 255 
1.06996 2.39096 0.11579 190 190 190 255 
1.06127 2.38503 0.115504 190 190 190 255 
1.06127 2.37385 -0.258022 190 190 190 255 
1.06127 2.34713 -0.438951 190 190 190 255 
1.06996 2.2617 -0.784088 190 190 190 255 
1.06996 2.12799 -1.09625 190 190 190 255 
1.06127 1.95722 -1.36785 190 190 190 255 
1.06127 1.76971 -1.60308 190 190 190 255 
1.06996 1.34967 -1.97699 190 190 190 255 
1.06996 1.08955 -2.13142 190 190 190 255 
1.06127 1.08685 -2.12614 190 190 190 255 
1.06996 0.793553 -2.2584 190 190 190 255 
1.06996 0.63307 -2.30853 190 190 190 255 
1.06996 0.290804 -2.37603 190 190 190 255 
1.06127 0.290083 -2.37014 190 190 190 255 
1.06127 0.110849 -2.38525 190 190 190 255 
1.06996 -0.0725099 -2.39266 190 190 190 255 
1.06127 -0.444262 -2.34613 190 190 190 255 
1.06127 -0.629566 -2.30334 190 190 190 255 
1.06996 -0.814035 -2.2511 190 190 190 255 
1.06996 -0.992261 -2.17842 190 190 190 255 
1.06996 -1.16406 -2.09166 190 190 190 255 
1.06127 -1.16117 -2.08648 190 190 190 255 
1.06996 -1.3278 -1.99174 190 190 190 255 
1.06127 -1.62152 -1.75282 190 190 190 255 
1.06996 -1.62555 -1.75718 190 190 190 255 
1.06996 -1.75733 -1.62538 190 190 190 255 
1.06127 -1.75298 -1.62135 190 190 190 255 
1.06996 -1.87667 -1.486 190 190 190 255 
1.06996 -1.98311 -1.34066 190 190 190 255 
1.06996 -2.07645 -1.19098 190 190 190 255 
1.06127 -1.9782 -1.33733 190 190 190 255 
1.06127 -2.07131 -1.18802 190 190 190 255 
1.06996 -2.22425 -0.88477 190 190 190 255 
1.06127 -2.21873 -0.882577 190 190 190 255 
1.06996 -2.32278 -0.578609 190 190 190 255 
1.06127 -2.31702 -0.577175 190 190 190 255 
1.06127 -2.37126 -0.28081 190 190 190 255 
1.06237 -2.38863 1.42693e-008 190 190 190 255 
1.85418 -0.0882133 -0.500282 190 190 190 255 
0.127022 -0.164947 -0.480475 190 190 190 255 
1.85418 -0.254 -0.439941 190 190 190 255 
0.127022 -0.31202 -0.400883 190 190 190 255 
1.85418 -0.326536 -0.38915 190 190 190 255 
0.127022 -0.373748 -0.344059 190 190 190 255 
0.127022 -0.425281 -0.27785 190 190 190 255 
0.127022 -0.438585 -0.253266 190 190 190 255 
1.85418 -0.439941 -0.254 190 190 190 255 
0.127022 -0.492455 -0.124707 190 190 190 255 
0.127022 -0.506265 1.42693e-008 190 190 190 255 
0.127022 -0.506265 0.0419505 190 190 190 255 
1.85418 -0.477364 0.173747 190 190 190 255 
0.127022 -0.465213 0.204061 190 190 190 255 
0.127022 -0.438585 0.253266 190 190 190 255 
1.85418 -0.389151 0.326536 190 190 190 255 
0.127022 -0.388052 0.325681 190 190 190 255 
0.127022 -0.31202 0.400883 190 190 190 255 
0.127022 -0.241781 0.446772 190 190 190 255 
1.85418 -0.173746 0.477364 190 190 190 255 
1.85418 -0.0882133 0.500282 190 190 190 255 
0.127015 -9.15923e-010 0.508005 190 190 190 255 
0.127022 0.0836141 0.501071 190 190 190 255 
1.85418 0.0882133 0.500282 190 190 190 255 
0.127022 0.173471 0.476737 190 190 190 255 
1.85418 0.326536 0.38915 190 190 190 255 
0.127022 0.325724 0.388268 190 190 190 255 
0.127022 0.425281 0.27785 190 190 190 255 
1.85418 0.439941 0.254 190 190 190 255 
0.127022 0.465213 0.204061 190 190 190 255 
1.85418 0.477364 0.173747 190 190 190 255 
0.127022 0.492455 0.124707 190 190 190 255 
0.127022 0.498592 0.0879308 190 190 190 255 
0.127022 0.506265 0.0419505 190 190 190 255 
0.127022 0.506265 -0.0419505 190 190 190 255 
1.85418 0.500282 -0.088213 190 190 190 255 
0.127022 0.492455 -0.124707 190 190 190 255 
0.127022 0.475804 -0.173211 190 190 190 255 
1.85418 0.477364 -0.173747 190 190 190 255 
0.127022 0.465213 -0.204061 190 190 190 255 
0.127022 0.438585 -0.253266 190 190 190 255 
0.127022 0.388052 -0.325681 190 190 190 255 
1.85418 0.389151 -0.326536 190 190 190 255 
0.127022 0.373748 -0.344059 190 190 190 255 
1.85418 0.326536 -0.38915 190 190 190 255 
0.127022 0.31202 -0.400883 190 190 190 255 
0.127022 0.241781 -0.446773 190 190 190 255 
1.85418 0.173746 -0.477364 190 190 190 255 
0.127022 0.164947 -0.480475 190 190 190 255 
1.85418 1.24424e-016 -0.508 190 190 190 255 
0.7112 0.131445 2.06548 190 190 190 255 
0.652113 0.135432 2.0779 190 190 190 255 
0.7112 0.135432 2.07273 190 190 190 255 
0.653256 0.14062 2.08439 190 190 190 255 
0.7112 0.14683 2.08497 190 190 190 255 
0.393717 0.1778 2.40972 190 190 190 255 
0.3937 0.1778 2.413 190 190 190 255 
0.394896 0.170113 2.3794 190 190 190 255 
0.396842 0.169035 2.36761 190 190 190 255 
0.395305 0.169887 2.37692 190 190 190 255 
0.391229 0.162148 2.413 190 190 190 255 
0.401966 0.166196 2.33657 190 190 190 255 
0.398455 0.168141 2.35784 190 190 190 255 
0.423444 0.162261 2.27494 190 190 190 255 
0.463484 0.154095 2.20514 190 190 190 255 
0.431154 0.154095 2.25131 190 190 190 255 
0.443577 0.160292 2.23643 190 190 190 255 
0.439069 0.160733 2.24505 190 190 190 255 
0.472608 0.158536 2.19781 190 190 190 255 
0.465722 0.158953 2.20697 190 190 190 255 
0.550063 0.155926 2.13388 190 190 190 255 
0.549515 0.154095 2.13295 190 190 190 255 
0.503342 0.154095 2.16528 190 190 190 255 
0.508566 0.157086 2.16287 190 190 190 255 
0.480038 0.158236 2.19059 190 190 190 255 
0.6009 0.155038 2.11002 190 190 190 255 
0.655121 0.1537 2.09505 190 190 190 255 
0.655959 0.169882 2.72629 190 190 190 255 
0.630706 0.1778 2.71888 190 190 190 255 
0.579669 0.1778 2.70066 190 190 190 255 
0.55245 0.1778 2.68796 190 190 190 255 
0.55214 0.169882 2.6885 190 190 190 255 
0.53249 0.1778 2.67399 190 190 190 255 
0.455088 0.1778 2.59867 190 190 190 255 
0.506716 0.169882 2.65669 190 190 190 255 
0.467981 0.1778 2.61709 190 190 190 255 
0.490553 0.1778 2.63966 190 190 190 255 
0.407519 0.1778 2.5017 190 190 190 255 
0.412848 0.1778 2.52159 190 190 190 255 
0.393079 0.169882 2.413 190 190 190 255 
0.396811 0.1778 2.44856 190 190 190 255 
0.684104 0.1778 2.72813 190 190 190 255 
0.397912 0.169882 2.46824 190 190 190 255 
0.412264 0.169882 2.5218 190 190 190 255 
0.435699 0.169882 2.57206 190 190 190 255 
0.434097 0.162148 2.57299 190 190 190 255 
0.467505 0.169882 2.61748 190 190 190 255 
0.551214 0.162148 2.6901 190 190 190 255 
0.602396 0.169882 2.71194 190 190 190 255 
0.601763 0.162148 2.71367 190 190 190 255 
0.7112 0.162148 2.73297 190 190 190 255 
0.410525 0.162148 2.30356 190 190 190 255 
0.39609 0.162148 2.35744 190 190 190 255 
0.38783 0.154095 2.413 190 190 190 255 
0.39609 0.162148 2.46856 190 190 190 255 
0.410525 0.162148 2.52244 190 190 190 255 
0.431154 0.154095 2.57469 190 190 190 255 
0.466088 0.162148 2.61867 190 190 190 255 
0.503342 0.154095 2.66072 190 190 190 255 
0.505526 0.162148 2.65811 190 190 190 255 
0.655638 0.162148 2.72811 190 190 190 255 
0.655047 0.154095 2.73146 190 190 190 255 
0.681785 0.154464 2.0915 190 190 190 255 
0.600601 0.154095 2.10913 190 190 190 255 
0.547184 0.14683 2.12892 190 190 190 255 
0.427116 0.14683 2.24898 190 190 190 255 
0.407332 0.154095 2.3024 190 190 190 255 
0.392743 0.154095 2.35685 190 190 190 255 
0.392743 0.154095 2.46915 190 190 190 255 
0.407332 0.154095 2.5236 190 190 190 255 
0.427116 0.14683 2.57702 190 190 190 255 
0.463484 0.154095 2.62086 190 190 190 255 
0.500345 0.14683 2.66429 190 190 190 255 
0.549515 0.154095 2.69305 190 190 190 255 
0.600601 0.154095 2.71687 190 190 190 255 
0.654238 0.14683 2.73605 190 190 190 255 
0.68673 0.154443 2.09075 190 190 190 255 
0.7112 0.154112 2.0896 190 190 190 255 
0.684142 0.154095 2.09076 190 190 190 255 
0.654238 0.14683 2.08995 190 190 190 255 
0.599006 0.14683 2.10475 190 190 190 255 
0.597073 0.14062 2.09944 190 190 190 255 
0.500345 0.14683 2.16171 190 190 190 255 
0.496712 0.14062 2.15738 190 190 190 255 
0.459913 0.14683 2.20214 190 190 190 255 
0.40295 0.14683 2.30081 190 190 190 255 
0.388151 0.14683 2.35604 190 190 190 255 
0.383168 0.14683 2.413 190 190 190 255 
0.377516 0.14062 2.413 190 190 190 255 
0.388151 0.14683 2.46996 190 190 190 255 
0.382585 0.14062 2.47094 190 190 190 255 
0.40295 0.14683 2.52519 190 190 190 255 
0.459913 0.14683 2.62386 190 190 190 255 
0.547184 0.14683 2.69708 190 190 190 255 
0.599006 0.14683 2.72125 190 190 190 255 
0.653256 0.14062 2.74161 190 190 190 255 
0.7112 0.14062 2.74668 190 190 190 255 
0.544358 0.14062 2.12402 190 190 190 255 
0.541065 0.135432 2.11832 190 190 190 255 
0.492478 0.135432 2.15234 190 190 190 255 
0.455583 0.14062 2.19851 190 190 190 255 
0.422221 0.14062 2.24616 190 190 190 255 
0.39145 0.135432 2.29662 190 190 190 255 
0.39764 0.14062 2.29887 190 190 190 255 
0.382585 0.14062 2.35506 190 190 190 255 
0.370929 0.135432 2.413 190 190 190 255 
0.376099 0.135432 2.47209 190 190 190 255 
0.39764 0.14062 2.52713 190 190 190 255 
0.422221 0.14062 2.57984 190 190 190 255 
0.455583 0.14062 2.62749 190 190 190 255 
0.496712 0.14062 2.66862 190 190 190 255 
0.544358 0.14062 2.70198 190 190 190 255 
0.597073 0.14062 2.72656 190 190 190 255 
0.7112 0.135432 2.75327 190 190 190 255 
0.59482 0.135432 2.09325 190 190 190 255 
0.650854 0.131445 2.07076 190 190 190 255 
0.537441 0.131445 2.11204 190 190 190 255 
0.450537 0.135432 2.19428 190 190 190 255 
0.416517 0.135432 2.24286 190 190 190 255 
0.410241 0.131445 2.23924 190 190 190 255 
0.376099 0.135432 2.35391 190 190 190 255 
0.368962 0.131445 2.35265 190 190 190 255 
0.368962 0.131445 2.47335 190 190 190 255 
0.39145 0.135432 2.52938 190 190 190 255 
0.416517 0.135432 2.58314 190 190 190 255 
0.410241 0.131445 2.58676 190 190 190 255 
0.450537 0.135432 2.63172 190 190 190 255 
0.492478 0.135432 2.67366 190 190 190 255 
0.541065 0.135432 2.70768 190 190 190 255 
0.48782 0.131445 2.67921 190 190 190 255 
0.59482 0.135432 2.73275 190 190 190 255 
0.592342 0.131445 2.73956 190 190 190 255 
0.652113 0.135432 2.7481 190 190 190 255 
0.7112 0.131445 2.76052 190 190 190 255 
0.592342 0.131445 2.08644 190 190 190 255 
0.48782 0.131445 2.14679 190 190 190 255 
0.444986 0.131445 2.18962 190 190 190 255 
0.439094 0.128716 2.18468 190 190 190 255 
0.38464 0.131445 2.29414 190 190 190 255 
0.40358 0.128716 2.23539 190 190 190 255 
0.377412 0.128716 2.29151 190 190 190 255 
0.363682 0.131445 2.413 190 190 190 255 
0.38464 0.131445 2.53186 190 190 190 255 
0.377412 0.128716 2.53449 190 190 190 255 
0.439094 0.128716 2.64132 190 190 190 255 
0.444986 0.131445 2.63638 190 190 190 255 
0.533595 0.128716 2.72062 190 190 190 255 
0.537441 0.131445 2.71396 190 190 190 255 
0.589711 0.128716 2.74679 190 190 190 255 
0.650854 0.131445 2.75524 190 190 190 255 
0.649518 0.128716 2.76281 190 190 190 255 
0.7112 0.127264 2.77613 190 190 190 255 
0.648143 0.127264 2.77061 190 190 190 255 
0.587002 0.127264 2.75423 190 190 190 255 
0.477783 0.127264 2.69117 190 190 190 255 
0.482876 0.128716 2.68511 190 190 190 255 
0.40358 0.128716 2.59061 190 190 190 255 
0.369968 0.127264 2.5372 190 190 190 255 
0.353585 0.127264 2.47606 190 190 190 255 
0.361387 0.128716 2.47468 190 190 190 255 
0.348068 0.127264 2.413 190 190 190 255 
0.35599 0.128716 2.413 190 190 190 255 
0.361387 0.128716 2.35132 190 190 190 255 
0.369968 0.127264 2.2888 190 190 190 255 
0.396719 0.127264 2.23143 190 190 190 255 
0.433025 0.127264 2.17958 190 190 190 255 
0.477783 0.127264 2.13483 190 190 190 255 
0.529634 0.127264 2.09852 190 190 190 255 
0.482876 0.128716 2.14089 190 190 190 255 
0.533595 0.128716 2.10538 190 190 190 255 
0.587002 0.127264 2.07177 190 190 190 255 
0.589711 0.128716 2.07921 190 190 190 255 
0.648143 0.127264 2.05539 190 190 190 255 
0.649518 0.128716 2.06319 190 190 190 255 
0.7112 0.128716 2.05779 190 190 190 255 
0.585234 0.127 2.06691 190 190 190 255 
0.52705 0.127 2.09404 190 190 190 255 
0.474461 0.127 2.13087 190 190 190 255 
0.348495 0.127 2.34905 190 190 190 255 
0.3429 0.127 2.413 190 190 190 255 
0.353585 0.127264 2.34994 190 190 190 255 
0.365111 0.127 2.53897 190 190 190 255 
0.396719 0.127264 2.59457 190 190 190 255 
0.429066 0.127 2.64974 190 190 190 255 
0.433025 0.127264 2.64642 190 190 190 255 
0.52705 0.127 2.73196 190 190 190 255 
0.529634 0.127264 2.72748 190 190 190 255 
0.585234 0.127 2.75909 190 190 190 255 
0.7112 0.128716 2.76821 190 190 190 255 
0.7112 0.14683 2.74103 190 190 190 255 
0.74061 0.154473 2.09193 190 190 190 255 
0.756955 0.1545 2.09312 190 190 190 255 
0.770762 0.154594 2.09624 190 190 190 255 
0.871925 0.155961 2.13461 190 190 190 255 
0.848785 0.155439 2.12117 190 190 190 255 
0.872885 0.154095 2.13295 190 190 190 255 
0.821799 0.154095 2.10913 190 190 190 255 
0.919058 0.154095 2.16528 190 190 190 255 
0.917463 0.15726 2.16706 190 190 190 255 
0.956718 0.158953 2.20701 190 190 190 255 
0.930147 0.15768 2.17737 190 190 190 255 
0.917538 0.157263 2.16712 190 190 190 255 
0.96373 0.159289 2.21483 190 190 190 255 
0.983228 0.160737 2.24519 190 190 190 255 
0.988275 0.161111 2.25305 190 190 190 255 
1.01061 0.163745 2.30153 190 190 190 255 
0.99875 0.162264 2.27463 190 190 190 255 
1.02442 0.168044 2.35774 190 190 190 255 
1.02347 0.16716 2.34968 190 190 190 255 
1.01165 0.164022 2.30543 190 190 190 255 
1.01121 0.163905 2.30378 190 190 190 255 
1.02932 0.169882 2.413 190 190 190 255 
1.02558 0.169122 2.36757 190 190 190 255 
1.02449 0.169882 2.46824 190 190 190 255 
1.02559 0.1778 2.44856 190 190 190 255 
1.01488 0.1778 2.5017 190 190 190 255 
0.986701 0.169882 2.57206 190 190 190 255 
0.954895 0.169882 2.61748 190 190 190 255 
0.954419 0.1778 2.61709 190 190 190 255 
0.915684 0.169882 2.65669 190 190 190 255 
0.86995 0.1778 2.68796 190 190 190 255 
0.88991 0.1778 2.67399 190 190 190 255 
0.766441 0.169882 2.72629 190 190 190 255 
0.819791 0.1778 2.71135 190 190 190 255 
1.02631 0.162148 2.35744 190 190 190 255 
1.03117 0.162148 2.413 190 190 190 255 
1.02631 0.162148 2.46856 190 190 190 255 
1.01014 0.169882 2.5218 190 190 190 255 
1.01187 0.162148 2.52244 190 190 190 255 
0.988303 0.162148 2.57299 190 190 190 255 
0.956312 0.162148 2.61867 190 190 190 255 
0.916874 0.162148 2.65811 190 190 190 255 
0.820637 0.162148 2.71367 190 190 190 255 
0.87026 0.169882 2.6885 190 190 190 255 
0.820004 0.169882 2.71194 190 190 190 255 
0.766762 0.162148 2.72811 190 190 190 255 
0.738296 0.1778 2.72813 190 190 190 255 
1.01187 0.162148 2.30356 190 190 190 255 
1.01507 0.154095 2.3024 190 190 190 255 
1.02966 0.154095 2.35685 190 190 190 255 
0.991246 0.154095 2.57469 190 190 190 255 
0.919058 0.154095 2.66072 190 190 190 255 
0.871186 0.162148 2.6901 190 190 190 255 
0.767353 0.154095 2.73146 190 190 190 255 
0.7112 0.169882 2.73112 190 190 190 255 
0.767247 0.153762 2.09499 190 190 190 255 
0.7112 0.154095 2.73637 190 190 190 255 
0.823394 0.14683 2.72125 190 190 190 255 
0.821799 0.154095 2.71687 190 190 190 255 
0.875216 0.14683 2.69708 190 190 190 255 
0.872885 0.154095 2.69305 190 190 190 255 
0.958916 0.154095 2.62086 190 190 190 255 
0.962487 0.14683 2.62386 190 190 190 255 
1.01507 0.154095 2.5236 190 190 190 255 
1.01945 0.14683 2.52519 190 190 190 255 
1.02966 0.154095 2.46915 190 190 190 255 
1.03457 0.154095 2.413 190 190 190 255 
1.01945 0.14683 2.30081 190 190 190 255 
0.995284 0.14683 2.24898 190 190 190 255 
0.991246 0.154095 2.25131 190 190 190 255 
0.958916 0.154095 2.20514 190 190 190 255 
0.922055 0.14683 2.16171 190 190 190 255 
0.875216 0.14683 2.12892 190 190 190 255 
0.823394 0.14683 2.10475 190 190 190 255 
0.768162 0.14683 2.08995 190 190 190 255 
0.7112 0.14062 2.07932 190 190 190 255 
0.768162 0.14683 2.73605 190 190 190 255 
0.825327 0.14062 2.72656 190 190 190 255 
0.878042 0.14062 2.70198 190 190 190 255 
0.922055 0.14683 2.66429 190 190 190 255 
0.995284 0.14683 2.57702 190 190 190 255 
1.00018 0.14062 2.57984 190 190 190 255 
1.03425 0.14683 2.46996 190 190 190 255 
1.03923 0.14683 2.413 190 190 190 255 
1.03425 0.14683 2.35604 190 190 190 255 
1.03981 0.14062 2.35506 190 190 190 255 
0.966817 0.14062 2.19851 190 190 190 255 
0.962487 0.14683 2.20214 190 190 190 255 
0.925688 0.14062 2.15738 190 190 190 255 
0.769144 0.14062 2.74161 190 190 190 255 
0.827579 0.135432 2.73275 190 190 190 255 
0.925688 0.14062 2.66862 190 190 190 255 
0.881335 0.135432 2.70768 190 190 190 255 
0.966817 0.14062 2.62749 190 190 190 255 
1.00588 0.135432 2.58314 190 190 190 255 
1.02476 0.14062 2.52713 190 190 190 255 
1.03981 0.14062 2.47094 190 190 190 255 
1.04488 0.14062 2.413 190 190 190 255 
1.05147 0.135432 2.413 190 190 190 255 
1.02476 0.14062 2.29887 190 190 190 255 
1.03095 0.135432 2.29662 190 190 190 255 
1.00588 0.135432 2.24286 190 190 190 255 
1.00018 0.14062 2.24616 190 190 190 255 
0.929922 0.135432 2.15234 190 190 190 255 
0.878042 0.14062 2.12402 190 190 190 255 
0.825327 0.14062 2.09944 190 190 190 255 
0.827579 0.135432 2.09325 190 190 190 255 
0.769144 0.14062 2.08439 190 190 190 255 
0.770287 0.135432 2.7481 190 190 190 255 
0.771546 0.131445 2.75524 190 190 190 255 
0.929922 0.135432 2.67366 190 190 190 255 
0.884959 0.131445 2.71396 190 190 190 255 
0.93458 0.131445 2.67921 190 190 190 255 
0.971863 0.135432 2.63172 190 190 190 255 
1.03095 0.135432 2.52938 190 190 190 255 
1.03776 0.131445 2.53186 190 190 190 255 
1.0463 0.135432 2.47209 190 190 190 255 
1.05344 0.131445 2.47335 190 190 190 255 
1.0463 0.135432 2.35391 190 190 190 255 
1.03776 0.131445 2.29414 190 190 190 255 
1.01216 0.131445 2.23924 190 190 190 255 
0.971863 0.135432 2.19428 190 190 190 255 
0.93458 0.131445 2.14679 190 190 190 255 
0.881335 0.135432 2.11832 190 190 190 255 
0.830058 0.131445 2.08644 190 190 190 255 
0.770287 0.135432 2.0779 190 190 190 255 
0.830058 0.131445 2.73956 190 190 190 255 
0.888805 0.128716 2.72062 190 190 190 255 
0.977414 0.131445 2.63638 190 190 190 255 
0.939524 0.128716 2.68511 190 190 190 255 
0.983306 0.128716 2.64132 190 190 190 255 
1.01216 0.131445 2.58676 190 190 190 255 
1.01882 0.128716 2.59061 190 190 190 255 
1.04499 0.128716 2.53449 190 190 190 255 
1.05872 0.131445 2.413 190 190 190 255 
1.05344 0.131445 2.35265 190 190 190 255 
1.06101 0.128716 2.35132 190 190 190 255 
1.04499 0.128716 2.29151 190 190 190 255 
0.983306 0.128716 2.18468 190 190 190 255 
0.977414 0.131445 2.18962 190 190 190 255 
0.884959 0.131445 2.11204 190 190 190 255 
0.832689 0.128716 2.07921 190 190 190 255 
0.771546 0.131445 2.07076 190 190 190 255 
0.772882 0.128716 2.06319 190 190 190 255 
0.7112 0.127264 2.04987 190 190 190 255 
0.944617 0.127264 2.13483 190 190 190 255 
0.888805 0.128716 2.10538 190 190 190 255 
0.939524 0.128716 2.14089 190 190 190 255 
1.01882 0.128716 2.23539 190 190 190 255 
1.05243 0.127264 2.2888 190 190 190 255 
1.06881 0.127264 2.34994 190 190 190 255 
1.06641 0.128716 2.413 190 190 190 255 
1.06881 0.127264 2.47606 190 190 190 255 
1.06101 0.128716 2.47468 190 190 190 255 
1.02568 0.127264 2.59457 190 190 190 255 
0.892766 0.127264 2.72748 190 190 190 255 
0.835398 0.127264 2.75423 190 190 190 255 
0.832689 0.128716 2.74679 190 190 190 255 
0.772882 0.128716 2.76281 190 190 190 255 
0.7112 0.127 2.7813 190 190 190 255 
0.775155 0.127 2.7757 190 190 190 255 
0.774257 0.127264 2.77061 190 190 190 255 
0.837166 0.127 2.75909 190 190 190 255 
0.89535 0.127 2.73196 190 190 190 255 
0.947939 0.127 2.69513 190 190 190 255 
0.944617 0.127264 2.69117 190 190 190 255 
0.989375 0.127264 2.64642 190 190 190 255 
1.05243 0.127264 2.5372 190 190 190 255 
1.0795 0.127 2.413 190 190 190 255 
1.0739 0.127 2.34905 190 190 190 255 
1.07433 0.127264 2.413 190 190 190 255 
1.05729 0.127 2.28703 190 190 190 255 
1.03016 0.127 2.22885 190 190 190 255 
1.02568 0.127264 2.23143 190 190 190 255 
0.989375 0.127264 2.17958 190 190 190 255 
0.89535 0.127 2.09404 190 190 190 255 
0.892766 0.127264 2.09852 190 190 190 255 
0.835398 0.127264 2.07177 190 190 190 255 
0.837166 0.127 2.06691 190 190 190 255 
0.774257 0.127264 2.05539 190 190 190 255 
0.474461 0.127 2.69513 190 190 190 255 
0.392243 0.127 2.59715 190 190 190 255 
0.233836 0.127 2.58675 190 190 190 255 
0.348495 0.127 2.47695 190 190 190 255 
0.2032 0.127 2.413 190 190 190 255 
0.365111 0.127 2.28703 190 190 190 255 
0.392243 0.127 2.22885 190 190 190 255 
0.271259 0.127 2.159 190 190 190 255 
0.429066 0.127 2.17626 190 190 190 255 
0.384664 0.127 2.02385 190 190 190 255 
0.4572 0.127 1.97306 190 190 190 255 
0.647245 0.127 2.0503 190 190 190 255 
0.622987 0.127 1.91272 190 190 190 255 
0.7112 0.127 2.0447 190 190 190 255 
0.7112 0.127 1.905 190 190 190 255 
0.775155 0.127 2.0503 190 190 190 255 
0.884946 0.127 1.93564 190 190 190 255 
0.947939 0.127 2.13087 190 190 190 255 
0.993334 0.127 2.17626 190 190 190 255 
1.18856 0.127 2.23925 190 190 190 255 
1.21148 0.127 2.32479 190 190 190 255 
1.2192 0.127 2.413 190 190 190 255 
1.0739 0.127 2.47695 190 190 190 255 
1.18856 0.127 2.58675 190 190 190 255 
1.05729 0.127 2.53897 190 190 190 255 
1.03016 0.127 2.59715 190 190 190 255 
0.993334 0.127 2.64974 190 190 190 255 
1.10035 0.127 2.73954 190 190 190 255 
0.9652 0.127 2.85294 190 190 190 255 
0.647245 0.127 2.7757 190 190 190 255 
0.4572 0.127 2.85294 190 190 190 255 
0.7747 -0.889 3.95401 190 190 190 255 
-1.65011 -0.889 4.33083 190 190 190 255 
0.591859 -0.889 4.02056 190 190 190 255 
-1.55706 -0.889 4.23528 190 190 190 255 
0.5842 -0.889 4.064 190 190 190 255 
-1.05361 -0.889 3.81 190 190 190 255 
0.613912 -0.889 3.98237 190 190 190 255 
0.6477 -0.889 3.95401 190 190 190 255 
0.667763 -0.889 3.94466 190 190 190 255 
0.7112 -0.889 4.191 190 190 190 255 
0.689147 -0.889 4.18907 190 190 190 255 
0.667763 -0.889 4.18334 190 190 190 255 
2.16397 -0.889 4.33083 190 190 190 255 
0.7747 -0.889 4.17398 190 190 190 255 
0.754637 -0.889 4.18334 190 190 190 255 
0.808488 -0.889 4.14563 190 190 190 255 
0.821185 -0.889 4.0005 190 190 190 255 
0.830541 -0.889 4.02056 190 190 190 255 
0.8382 -0.889 4.064 190 190 190 255 
1.13717 -2.413 -7.43631e-006 190 190 190 255 
1.1811 -2.39053 -0.32857 190 190 190 255 
1.13717 -2.38859 -0.34233 190 190 190 255 
1.13717 -2.33333 -0.581383 190 190 190 255 
1.1811 -2.32352 -0.65102 190 190 190 255 
1.13717 -2.29649 -0.740751 190 190 190 255 
1.13717 -2.23449 -0.888683 190 190 190 255 
1.1811 -2.13345 -1.11532 190 190 190 255 
1.13717 -2.16907 -1.04477 190 190 190 255 
1.13717 -2.13843 -1.1179 190 190 190 255 
1.1811 -2.06171 -1.25376 190 190 190 255 
1.13717 -2.08795 -1.19725 190 190 190 255 
1.13717 -1.91895 -1.46294 190 190 190 255 
1.13717 -1.88927 -1.49569 190 190 190 255 
1.13717 -1.64437 -1.76596 190 190 190 255 
1.1811 -1.647 -1.76351 190 190 190 255 
1.1811 -1.64421 -1.76578 190 190 190 255 
1.1811 -1.39153 -1.97135 190 190 190 255 
1.13717 -1.33752 -2.00653 190 190 190 255 
1.13717 -1.32255 -2.01827 190 190 190 255 
1.1811 -1.11014 -2.14247 190 190 190 255 
1.13717 -0.998749 -2.19317 190 190 190 255 
1.13717 -0.962758 -2.21262 190 190 190 255 
1.1811 -0.808064 -2.27368 190 190 190 255 
1.13717 -0.817979 -2.26149 190 190 190 255 
1.13717 -0.63476 -2.32334 190 190 190 255 
1.13717 -0.575312 -2.34341 190 190 190 255 
1.13717 -0.171343 -2.40691 190 190 190 255 
1.1811 -0.171282 -2.40647 190 190 190 255 
1.13717 -0.0731799 -2.40556 190 190 190 255 
1.1811 0.164669 -2.40737 190 190 190 255 
1.13717 0.237547 -2.40128 190 190 190 255 
1.13717 0.292395 -2.3911 190 190 190 255 
1.1811 0.490939 -2.36253 190 190 190 255 
1.13717 0.638135 -2.32696 190 190 190 255 
1.1811 0.638104 -2.3213 190 190 190 255 
1.13717 0.639614 -2.32668 190 190 190 255 
1.13717 0.797027 -2.26867 190 190 190 255 
1.1811 1.02145 -2.18099 190 190 190 255 
1.13717 1.02331 -2.18527 190 190 190 255 
1.13717 1.09549 -2.14367 190 190 190 255 
1.1811 1.37705 -1.98015 190 190 190 255 
1.13717 1.37762 -1.98109 190 190 190 255 
1.13717 1.58072 -1.81262 190 190 190 255 
1.1811 1.647 -1.76351 190 190 190 255 
1.1811 1.68983 -1.71765 190 190 190 255 
1.13717 1.69236 -1.72002 190 190 190 255 
1.13717 1.9585 -1.40955 190 190 190 255 
1.1811 2.06171 -1.25376 190 190 190 255 
1.13717 2.14179 -1.10308 190 190 190 255 
1.13717 2.1684 -1.0586 190 190 190 255 
1.1811 2.21323 -0.961342 190 190 190 255 
1.13717 2.21059 -0.949597 190 190 190 255 
1.1811 2.3144 -0.67667 190 190 190 255 
1.13717 2.31601 -0.677242 190 190 190 255 
1.1811 2.32352 -0.65102 190 190 190 255 
1.13717 2.32766 -0.619685 190 190 190 255 
1.13717 2.36363 -0.44191 190 190 190 255 
1.1811 2.39053 -0.32857 190 190 190 255 
1.13717 2.39711 -0.276436 190 190 190 255 
1.1811 2.39411 -0.27623 190 190 190 255 
1.13717 2.39758 -0.260703 190 190 190 255 
1.1811 2.413 1.42693e-008 190 190 190 255 
1.13717 2.40321 -0.0731833 190 190 190 255 
1.1811 2.40937 0.132308 190 190 190 255 
1.1811 2.40005 0.1986 190 190 190 255 
1.13717 2.40937 0.132308 190 190 190 255 
1.13717 2.35792 0.498191 190 190 190 255 
1.1811 2.33037 0.606262 190 190 190 255 
1.13717 2.35243 0.537254 190 190 190 255 
1.1811 2.26516 0.810278 190 190 190 255 
1.13717 2.30547 0.684169 190 190 190 255 
1.1811 2.22793 0.926768 190 190 190 255 
1.13717 2.22793 0.926768 190 190 190 255 
1.13717 2.16689 1.04428 190 190 190 255 
1.1811 2.08243 1.2069 190 190 190 255 
1.1811 2.03944 1.28967 190 190 190 255 
1.13717 2.03944 1.28967 190 190 190 255 
1.1811 1.82667 1.5703 190 190 190 255 
1.13717 1.86183 1.52392 190 190 190 255 
1.13717 1.79238 1.61553 190 190 190 255 
1.13717 1.74131 1.66333 190 190 190 255 
1.1811 1.50864 1.88114 190 190 190 255 
1.13717 1.49385 1.89499 190 190 190 255 
1.1811 1.3268 2.00509 190 190 190 255 
1.13717 1.18957 2.09554 190 190 190 255 
1.1811 1.15241 2.12003 190 190 190 255 
1.13717 0.777875 2.28418 190 190 190 255 
1.1811 0.948321 2.20948 190 190 190 255 
1.13717 1.15241 2.12003 190 190 190 255 
1.13717 0.381 2.38273 190 190 190 255 
1.1811 0.381 2.38273 190 190 190 255 
1.1811 0.556181 2.33923 190 190 190 255 
1.85418 0.500282 0.088213 190 190 190 255 
1.9812 0.62538 0.110271 190 190 190 255 
1.9812 0.596731 0.217192 190 190 190 255 
1.85418 0.389151 0.326536 190 190 190 255 
1.9812 0.54995 0.317514 190 190 190 255 
1.85418 0.254 0.439941 190 190 190 255 
1.9812 0.317514 0.549951 190 190 190 255 
1.85418 0.173746 0.477364 190 190 190 255 
1.9812 0.217192 0.596731 190 190 190 255 
1.9812 0.110271 0.62538 190 190 190 255 
1.85418 3.1106e-017 0.508 190 190 190 255 
1.9812 6.1018e-017 0.635028 190 190 190 255 
1.9812 -0.110271 0.62538 190 190 190 255 
1.85418 -0.254 0.439941 190 190 190 255 
1.85418 -0.326536 0.38915 190 190 190 255 
1.9812 -0.48646 0.408188 190 190 190 255 
1.85418 -0.439941 0.254 190 190 190 255 
1.85418 -0.500282 0.088213 190 190 190 255 
1.85418 -0.508 1.42693e-008 190 190 190 255 
1.85418 -0.500282 -0.088213 190 190 190 255 
1.9812 -0.62538 -0.110271 190 190 190 255 
1.85418 -0.477364 -0.173747 190 190 190 255 
1.85418 -0.389151 -0.326536 190 190 190 255 
1.9812 -0.408188 -0.48646 190 190 190 255 
1.9812 -0.317514 -0.549951 190 190 190 255 
1.85418 -0.173746 -0.477364 190 190 190 255 
1.85418 -7.04992e-017 -0.508 190 190 190 255 
1.9812 -1.15238e-016 -0.635028 190 190 190 255 
1.9812 0.110271 -0.62538 190 190 190 255 
1.85418 0.0882133 -0.500282 190 190 190 255 
1.85418 0.254 -0.439941 190 190 190 255 
1.85418 0.439941 -0.254 190 190 190 255 
1.9812 0.54995 -0.317514 190 190 190 255 
1.9812 0.62538 -0.110271 190 190 190 255 
1.85418 0.508 1.42693e-008 190 190 190 255 
2.16436 -0.31112 18.5556 190 190 190 255 
-2.04592 0.0850722 18.3561 190 190 190 255 
0.996593 -0.60208 -2.19271 190 190 190 255 
0.999148 7.31985e-010 -2.28055 190 190 190 255 
0.891983 -0.274121 -2.13446 190 190 190 255 
0.94438 -1.89051 1.12028 190 190 190 255 
0.789354 -2.07525 0.354256 190 190 190 255 
0.47802 -1.44241 1.65787 190 190 190 255 
1.01547 -1.70037 -1.57308 190 190 190 255 
0.996593 -1.71903 -1.48843 190 190 190 255 
1.016 -2.29096 0.391078 190 190 190 255 
0.995649 -1.17805 1.94457 190 190 190 255 
0.924847 -1.02873 1.92088 190 190 190 255 
0.7112 -0.928183 1.87872 190 190 190 255 
0.672689 -0.93061 1.88014 190 190 190 255 
0.67168 -0.930817 1.88025 190 190 190 255 
0.671667 -1.02362 1.83131 190 190 190 255 
0.633075 -0.938711 1.88457 190 190 190 255 
0.400672 -2.31208 0.402372 190 190 190 255 
0.405162 -2.31598 0.167922 190 190 190 255 
0.406476 -2.32154 0.029332 190 190 190 255 
0.406932 -2.32228 1.42693e-008 190 190 190 255 
0.406933 -2.31731 -0.0601401 190 190 190 255 
0.399045 -2.30599 0.488772 190 190 190 255 
0.39651 -2.28864 0.618924 190 190 190 255 
0.396522 -2.29655 0.622716 190 190 190 255 
0.397225 -2.29918 0.585385 190 190 190 255 
0.398262 -2.30306 0.530339 190 190 190 255 
0.3937 -2.25766 0.841878 190 190 190 255 
0.39651 -2.22139 0.828468 190 190 190 255 
0.4064 -1.5255 1.75336 190 190 190 255 
0.39735 -1.38241 1.9278 190 190 190 255 
0.394574 -1.41988 1.92183 190 190 190 255 
0.415779 -1.22537 1.94488 190 190 190 255 
0.425807 -1.23719 1.90784 190 190 190 255 
0.422849 -1.19024 1.94553 190 190 190 255 
0.443042 -1.1241 1.941 190 190 190 255 
0.440301 -1.13308 1.94161 190 190 190 255 
0.439865 -1.22318 1.88624 190 190 190 255 
0.4572 -1.20924 1.86474 190 190 190 255 
0.472953 -1.06371 1.93012 190 190 190 255 
0.497021 -1.02842 1.92101 190 190 190 255 
0.493041 -1.03283 1.92244 190 190 190 255 
0.525251 -0.99794 1.91097 190 190 190 255 
0.590989 -0.953896 1.89231 190 190 190 255 
0.554198 -0.974704 1.90181 190 190 190 255 
0.530676 -0.993585 1.90925 190 190 190 255 
0.596287 -0.951936 1.89131 190 190 190 255 
0.630741 -0.939188 1.88483 190 190 190 255 
0.633046 -1.02718 1.83768 190 190 190 255 
0.789354 -1.02718 1.83768 190 190 190 255 
0.803245 -0.942752 1.88671 190 190 190 255 
0.82596 -0.952367 1.89148 190 190 190 255 
0.860612 -1.16047 1.78952 190 190 190 255 
0.896722 -0.998258 1.91095 190 190 190 255 
0.891983 -1.17088 1.80558 190 190 190 255 
0.864647 -0.97319 1.90104 190 190 190 255 
0.919967 -1.18274 1.82386 190 190 190 255 
0.908507 -1.00865 1.91484 190 190 190 255 
0.96524 -1.09148 1.93608 190 190 190 255 
0.94402 -1.05471 1.92801 190 190 190 255 
0.94438 -1.19565 1.84377 190 190 190 255 
0.939232 -1.04642 1.92619 190 190 190 255 
0.982535 -1.22318 1.88624 190 190 190 255 
0.981992 -1.1333 1.94158 190 190 190 255 
0.969725 -1.10268 1.93755 190 190 190 255 
0.996593 -1.23719 1.90784 190 190 190 255 
0.998834 -1.19032 1.94502 190 190 190 255 
1.01287 -1.26098 1.94337 190 190 190 255 
1.00762 -1.22436 1.9462 190 190 190 255 
1.016 -1.3955 1.8585 190 190 190 255 
1.02669 -1.4313 1.91764 190 190 190 255 
1.02589 -1.42357 1.89589 190 190 190 255 
1.02228 -1.33345 1.93664 190 190 190 255 
1.0287 -2.25647 0.841301 190 190 190 255 
1.01547 -2.32228 1.42693e-008 190 190 190 255 
0.996593 -2.2731 -0.0592265 190 190 190 255 
1.01547 -2.31894 -0.060345 190 190 190 255 
1.01547 -2.30804 -0.256831 190 190 190 255 
1.01547 -2.25708 -0.516724 190 190 190 255 
1.01547 -2.23411 -0.63386 190 190 190 255 
0.996593 -2.0727 -0.935096 190 190 190 255 
1.01547 -2.00733 -1.15126 190 190 190 255 
1.01547 -2.09726 -0.997256 190 190 190 255 
1.01547 -2.11362 -0.953798 190 190 190 255 
1.01547 -2.15059 -0.855627 190 190 190 255 
1.01547 -1.89926 -1.33635 190 190 190 255 
0.996593 -1.85233 -1.31885 190 190 190 255 
0.996593 -1.97106 -1.13376 190 190 190 255 
1.01547 -1.81488 -1.43679 190 190 190 255 
1.01547 -1.89095 -1.34624 190 190 190 255 
1.01547 -1.64387 -1.64033 190 190 190 255 
1.01547 -1.60505 -1.67332 190 190 190 255 
1.01547 -1.28571 -1.92824 190 190 190 255 
0.996593 -1.41972 -1.7762 190 190 190 255 
1.01547 -1.43373 -1.81888 190 190 190 255 
0.996593 -1.25924 -1.89336 190 190 190 255 
1.01547 -1.12663 -2.0248 190 190 190 255 
1.01547 -0.613516 -2.23377 190 190 190 255 
1.00765 -0.608815 -2.21724 190 190 190 255 
1.01547 -0.610885 -2.23442 190 190 190 255 
1.01547 4.93082e-009 -2.32229 190 190 190 255 
1.01123 3.84168e-009 -2.31146 190 190 190 255 
1.00663 2.65855e-009 -2.2997 190 190 190 255 
1.01547 -0.0699515 -2.31648 190 190 190 255 
1.01547 -0.25025 -2.30152 190 190 190 255 
0.406935 4.93081e-009 -2.32229 190 190 190 255 
0.414967 9.6302e-010 -2.29938 190 190 190 255 
0.406935 -0.0699657 -2.31658 190 190 190 255 
0.406935 -0.611015 -2.23486 190 190 190 255 
0.406935 -0.431244 -2.27833 190 190 190 255 
0.414754 -0.608815 -2.21724 190 190 190 255 
0.406935 -0.613648 -2.23422 190 190 190 255 
0.425807 -0.929477 -2.07523 190 190 190 255 
0.406935 -1.03692 -2.07794 190 190 190 255 
0.406935 -0.960835 -2.10896 190 190 190 255 
0.406935 -0.947264 -2.1145 190 190 190 255 
0.406935 -1.28598 -1.92864 190 190 190 255 
0.425807 -1.09505 -1.99283 190 190 190 255 
0.406935 -1.11565 -2.03074 190 190 190 255 
0.425807 -1.25924 -1.89336 190 190 190 255 
0.406935 -1.34392 -1.89391 190 190 190 255 
0.406935 -1.57605 -1.70353 190 190 190 255 
0.425807 -1.41972 -1.7762 190 190 190 255 
0.425807 -1.57389 -1.64114 190 190 190 255 
0.406935 -1.84072 -1.4159 190 190 190 255 
0.425807 -1.85233 -1.31885 190 190 190 255 
0.406935 -1.81889 -1.44005 190 190 190 255 
0.425807 -1.71903 -1.48843 190 190 190 255 
0.406935 -2.00946 -1.15559 190 190 190 255 
0.406935 -1.88731 -1.34403 190 190 190 255 
0.425807 -1.97106 -1.13376 190 190 190 255 
0.406935 -2.01102 -1.15319 190 190 190 255 
0.406935 -2.15194 -0.855775 190 190 190 255 
0.4064 -2.24351 0.606719 190 190 190 255 
0.393694 -1.57894 1.81504 190 190 190 255 
0.671667 -2.09726 -0.0546444 190 190 190 255 
0.633046 -2.10456 -0.0548344 190 190 190 255 
0.596181 -2.08688 0.35624 190 190 190 255 
0.561788 -2.10244 0.358897 190 190 190 255 
0.530417 -2.01633 0.75199 190 190 190 255 
0.502433 -2.03675 0.759605 190 190 190 255 
0.47802 -1.98129 0.950565 190 190 190 255 
0.47802 -1.89051 1.12028 190 190 190 255 
0.4572 -1.80934 1.29065 190 190 190 255 
0.439865 -1.8302 1.30554 190 190 190 255 
0.439865 -1.71773 1.45034 190 190 190 255 
0.4064 -1.65289 1.63383 190 190 190 255 
0.7112 -2.09479 -0.0545801 190 190 190 255 
0.633046 -2.09978 0.151902 190 190 190 255 
0.561788 -2.05889 0.556793 190 190 190 255 
0.502433 -1.95989 0.940301 190 190 190 255 
0.502433 -1.8701 1.10819 190 190 190 255 
0.47802 -1.789 1.27615 190 190 190 255 
0.439865 -1.59886 1.58042 190 190 190 255 
0.425807 -1.61717 1.59852 190 190 190 255 
0.39651 -1.42357 1.89589 190 190 190 255 
0.397829 -1.37594 1.92883 190 190 190 255 
0.670527 -0.931053 1.88038 190 190 190 255 
0.7112 -1.02241 1.82915 190 190 190 255 
0.7112 -1.14014 1.75818 190 190 190 255 
0.671667 -1.14149 1.76025 190 190 190 255 
0.7112 -1.25824 1.6757 190 190 190 255 
0.439865 -1.47563 1.69605 190 190 190 255 
0.4572 -1.69815 1.43381 190 190 190 255 
0.47802 -1.67906 1.41769 190 190 190 255 
0.530417 -1.85135 1.09708 190 190 190 255 
0.530417 -1.94025 0.930874 190 190 190 255 
0.561788 -1.9984 0.745301 190 190 190 255 
0.596181 -1.9836 0.739785 190 190 190 255 
0.596181 -2.04365 0.552672 190 190 190 255 
0.633046 -2.07525 0.354256 190 190 190 255 
0.671667 -2.06806 0.353027 190 190 190 255 
0.671667 -2.0925 0.151375 190 190 190 255 
0.750733 -2.0925 0.151375 190 190 190 255 
0.750733 -2.09726 -0.0546444 190 190 190 255 
0.750733 -2.06806 0.353027 190 190 190 255 
0.7112 -2.09004 0.151197 190 190 190 255 
0.7112 -2.06562 0.352612 190 190 190 255 
0.671667 -2.02522 0.547687 190 190 190 255 
0.633046 -2.03227 0.549592 190 190 190 255 
0.596181 -1.90875 0.915765 190 190 190 255 
0.561788 -1.92299 0.922593 190 190 190 255 
0.530417 -1.75194 1.24971 190 190 190 255 
0.502433 -1.76968 1.26237 190 190 190 255 
0.502433 -1.66093 1.40238 190 190 190 255 
0.47802 -1.56286 1.54484 190 190 190 255 
0.4572 -1.58063 1.56241 190 190 190 255 
0.561788 -1.83488 1.08732 190 190 190 255 
0.596181 -1.8213 1.07927 190 190 190 255 
0.633046 -1.89812 0.910662 190 190 190 255 
0.633046 -1.97255 0.735663 190 190 190 255 
0.750733 -2.02522 0.547687 190 190 190 255 
0.789354 -2.03227 0.549592 190 190 190 255 
0.826219 -2.04365 0.552672 190 190 190 255 
0.826219 -2.08688 0.35624 190 190 190 255 
0.860612 -2.05889 0.556793 190 190 190 255 
0.860612 -1.9984 0.745301 190 190 190 255 
0.826219 -1.9836 0.739785 190 190 190 255 
0.789354 -1.97255 0.735663 190 190 190 255 
0.750733 -1.96571 0.733112 190 190 190 255 
0.7112 -2.02284 0.547042 190 190 190 255 
0.671667 -1.96571 0.733112 190 190 190 255 
0.7112 -1.9634 0.732249 190 190 190 255 
0.633046 -1.81115 1.07326 190 190 190 255 
0.561788 -1.73636 1.23859 190 190 190 255 
0.596181 -1.72351 1.22943 190 190 190 255 
0.561788 -1.62965 1.37597 190 190 190 255 
0.530417 -1.64428 1.38832 190 190 190 255 
0.530417 -1.53049 1.51284 190 190 190 255 
0.502433 -1.42684 1.63997 190 190 190 255 
0.502433 -1.54599 1.52816 190 190 190 255 
0.530417 -1.41253 1.62352 190 190 190 255 
0.596181 -1.61759 1.36579 190 190 190 255 
0.671667 -1.89154 0.907505 190 190 190 255 
0.789354 -1.89812 0.910662 190 190 190 255 
0.860612 -1.92299 0.922593 190 190 190 255 
0.919967 -1.95989 0.940301 190 190 190 255 
0.919967 -1.8701 1.10819 190 190 190 255 
0.891983 -1.94025 0.930874 190 190 190 255 
0.826219 -1.90875 0.915765 190 190 190 255 
0.750733 -1.89154 0.907505 190 190 190 255 
0.7112 -1.88931 0.906437 190 190 190 255 
0.671667 -1.80488 1.06954 190 190 190 255 
0.633046 -1.7139 1.22258 190 190 190 255 
0.633046 -1.60857 1.35818 190 190 190 255 
0.596181 -1.50565 1.48829 190 190 190 255 
0.561788 -1.51687 1.49938 190 190 190 255 
0.561788 -1.39997 1.60908 190 190 190 255 
0.671667 -1.70796 1.21834 190 190 190 255 
0.7112 -1.70595 1.2169 190 190 190 255 
0.7112 -1.80275 1.06828 190 190 190 255 
0.750733 -1.70796 1.21834 190 190 190 255 
0.750733 -1.80488 1.06954 190 190 190 255 
0.826219 -1.72351 1.22943 190 190 190 255 
0.789354 -1.81115 1.07326 190 190 190 255 
0.826219 -1.8213 1.07927 190 190 190 255 
0.891983 -1.75194 1.24971 190 190 190 255 
0.860612 -1.83488 1.08732 190 190 190 255 
0.891983 -1.85135 1.09708 190 190 190 255 
0.919967 -1.76968 1.26237 190 190 190 255 
0.94438 -1.789 1.27615 190 190 190 255 
0.919967 -1.66093 1.40238 190 190 190 255 
0.891983 -1.64428 1.38832 190 190 190 255 
0.860612 -1.73636 1.23859 190 190 190 255 
0.826219 -1.61759 1.36579 190 190 190 255 
0.789354 -1.60857 1.35818 190 190 190 255 
0.789354 -1.7139 1.22258 190 190 190 255 
0.750733 -1.603 1.35347 190 190 190 255 
0.671667 -1.603 1.35347 190 190 190 255 
0.671667 -1.49207 1.47486 190 190 190 255 
0.633046 -1.49726 1.47999 190 190 190 255 
0.596181 -1.38961 1.59717 190 190 190 255 
0.561788 -1.16047 1.78952 190 190 190 255 
0.530417 -1.17088 1.80558 190 190 190 255 
0.502433 -1.18274 1.82386 190 190 190 255 
0.4572 -1.45881 1.67672 190 190 190 255 
0.47802 -1.19565 1.84377 190 190 190 255 
0.425807 -1.49253 1.71547 190 190 190 255 
0.414754 -1.50923 1.73466 190 190 190 255 
0.4064 -1.3955 1.8585 190 190 190 255 
0.414754 -1.25103 1.92918 190 190 190 255 
0.405236 -1.28493 1.94255 190 190 190 255 
0.789354 -1.2641 1.68351 190 190 190 255 
0.826219 -1.38961 1.59717 190 190 190 255 
0.789354 -1.38186 1.58827 190 190 190 255 
0.750733 -1.25972 1.67767 190 190 190 255 
0.750733 -1.14149 1.76025 190 190 190 255 
0.750733 -1.02362 1.83131 190 190 190 255 
0.720002 -0.928306 1.8788 190 190 190 255 
0.596181 -1.27119 1.69294 190 190 190 255 
0.596181 -1.15188 1.77627 190 190 190 255 
0.633046 -1.38186 1.58827 190 190 190 255 
0.7112 -1.49031 1.47313 190 190 190 255 
0.7112 -1.60111 1.35187 190 190 190 255 
0.789354 -1.49726 1.47999 190 190 190 255 
0.826219 -1.50565 1.48829 190 190 190 255 
0.860612 -1.62965 1.37597 190 190 190 255 
0.891983 -1.53049 1.51284 190 190 190 255 
0.94438 -1.56286 1.54484 190 190 190 255 
0.9652 -1.58063 1.56241 190 190 190 255 
0.94438 -1.67906 1.41769 190 190 190 255 
0.9652 -1.69815 1.43381 190 190 190 255 
0.982535 -1.59886 1.58042 190 190 190 255 
0.982535 -1.71773 1.45034 190 190 190 255 
0.7112 -2.07908 -0.261815 190 190 190 255 
0.750733 -2.08153 -0.262124 190 190 190 255 
0.789354 -2.09978 0.151902 190 190 190 255 
0.789354 -2.10456 -0.0548344 190 190 190 255 
0.826219 -2.11155 0.152754 190 190 190 255 
0.891983 -2.01633 0.75199 190 190 190 255 
0.891983 -2.07737 0.561791 190 190 190 255 
0.919967 -2.03675 0.759605 190 190 190 255 
0.94438 -1.98129 0.950565 190 190 190 255 
0.9652 -1.91201 1.13302 190 190 190 255 
0.9652 -1.80934 1.29065 190 190 190 255 
0.982535 -1.8302 1.30554 190 190 190 255 
1.016 -1.65289 1.63383 190 190 190 255 
1.02589 -1.93012 1.37681 190 190 190 255 
1.00765 -1.25103 1.92918 190 190 190 255 
0.9652 -1.20924 1.86474 190 190 190 255 
0.891983 -1.41253 1.62352 190 190 190 255 
0.860612 -1.39997 1.60908 190 190 190 255 
0.826219 -1.27119 1.69294 190 190 190 255 
0.826219 -1.15188 1.77627 190 190 190 255 
0.789354 -1.14546 1.76638 190 190 190 255 
0.761068 -0.932317 1.88107 190 190 190 255 
1.00765 -1.50923 1.73466 190 190 190 255 
1.02589 -1.55619 1.78864 190 190 190 255 
1.0287 -1.83871 1.55241 190 190 190 255 
1.02589 -1.68614 1.6667 190 190 190 255 
0.633046 -1.14546 1.76638 190 190 190 255 
0.633046 -1.2641 1.68351 190 190 190 255 
0.671667 -1.25972 1.67767 190 190 190 255 
0.671667 -1.37707 1.58277 190 190 190 255 
0.7112 -1.37545 1.5809 190 190 190 255 
0.750733 -1.37707 1.58277 190 190 190 255 
0.750733 -1.49207 1.47486 190 190 190 255 
0.860612 -1.51687 1.49938 190 190 190 255 
0.919967 -1.42684 1.63997 190 190 190 255 
0.919967 -1.54599 1.52816 190 190 190 255 
0.94438 -1.44241 1.65787 190 190 190 255 
0.9652 -1.45881 1.67672 190 190 190 255 
0.982535 -1.47563 1.69605 190 190 190 255 
0.996593 -1.61717 1.59852 190 190 190 255 
0.996593 -1.49253 1.71547 190 190 190 255 
1.016 -1.5255 1.75336 190 190 190 255 
0.711167 0 -2.09608 190 190 190 255 
0.7112 -0.130539 -2.09143 190 190 190 255 
0.750733 -0.130693 -2.0939 190 190 190 255 
0.754948 0 -2.09853 190 190 190 255 
0.825843 0 -2.11801 190 190 190 255 
0.789354 -0.131147 -2.10118 190 190 190 255 
0.826219 -0.269671 -2.09982 190 190 190 255 
0.860269 0 -2.13342 190 190 190 255 
0.919374 0 -2.17449 190 190 190 255 
0.7112 -0.704601 -1.97349 190 190 190 255 
0.7112 -1.00915 -1.8365 190 190 190 255 
0.750733 -1.01034 -1.83867 190 190 190 255 
0.7112 -1.30835 -1.63687 190 190 190 255 
0.7112 -1.45043 -1.5124 190 190 190 255 
0.750733 -1.30989 -1.6388 190 190 190 255 
0.750733 -1.45214 -1.51419 190 190 190 255 
0.7112 -1.58419 -1.37167 190 190 190 255 
0.7112 -1.81644 -1.04483 190 190 190 255 
0.7112 -1.91011 -0.861743 190 190 190 255 
0.7112 -1.98604 -0.6684 190 190 190 255 
0.750733 -1.98838 -0.669189 190 190 190 255 
0.7112 -2.0427 -0.467447 190 190 190 255 
0.750733 -2.04511 -0.467998 190 190 190 255 
0.789354 -2.08877 -0.263036 190 190 190 255 
0.826219 -2.11635 -0.0551417 190 190 190 255 
0.860612 -2.10244 0.358897 190 190 190 255 
0.891983 -2.12131 0.362118 190 190 190 255 
0.919967 -2.09841 0.567479 190 190 190 255 
0.9652 -2.00381 0.961372 190 190 190 255 
0.982535 -1.93405 1.14608 190 190 190 255 
0.996593 -1.7374 1.46695 190 190 190 255 
1.016 -1.77578 1.49935 190 190 190 255 
1.02589 -1.8115 1.52951 190 190 190 255 
1.0287 -1.94072 1.43394 190 190 190 255 
0.826219 -0.560561 -2.0415 190 190 190 255 
0.789354 -0.860559 -1.92135 190 190 190 255 
0.789354 -1.16587 -1.75297 190 190 190 255 
0.826219 -1.01953 -1.8554 190 190 190 255 
0.826219 -1.1724 -1.76279 190 190 190 255 
0.789354 -1.31445 -1.6445 190 190 190 255 
0.826219 -1.32181 -1.65372 190 190 190 255 
0.826219 -1.60049 -1.38579 190 190 190 255 
0.789354 -1.9953 -0.671516 190 190 190 255 
0.826219 -2.00648 -0.67528 190 190 190 255 
0.789354 -2.05222 -0.469626 190 190 190 255 
0.826219 -2.10048 -0.264511 190 190 190 255 
0.891983 -2.15126 -0.0560516 190 190 190 255 
0.860612 -2.13213 -0.0555534 190 190 190 255 
0.891983 -2.14639 0.155274 190 190 190 255 
0.9652 -2.14543 0.580196 190 190 190 255 
0.982535 -2.02692 0.972456 190 190 190 255 
1.0287 -2.13459 1.12522 190 190 190 255 
0.750733 -0.555505 -2.02309 190 190 190 255 
0.750733 -0.705432 -1.97582 190 190 190 255 
0.750733 -0.857576 -1.91469 190 190 190 255 
0.789354 -0.707886 -1.98269 190 190 190 255 
0.750733 -1.16183 -1.74689 190 190 190 255 
0.789354 -1.01385 -1.84506 190 190 190 255 
0.789354 -1.45719 -1.51945 190 190 190 255 
0.750733 -1.58605 -1.37329 190 190 190 255 
0.789354 -1.59157 -1.37806 190 190 190 255 
0.789354 -1.71499 -1.22106 190 190 190 255 
0.750733 -1.70904 -1.21682 190 190 190 255 
0.750733 -1.81858 -1.04606 190 190 190 255 
0.789354 -1.82491 -1.0497 190 190 190 255 
0.750733 -1.91236 -0.86276 190 190 190 255 
0.789354 -1.91901 -0.865761 190 190 190 255 
0.860612 -2.12729 0.153893 190 190 190 255 
0.919967 -2.14279 0.365785 190 190 190 255 
0.94438 -2.05898 0.767897 190 190 190 255 
0.94438 -2.12131 0.573674 190 190 190 255 
0.9652 -2.08239 0.776627 190 190 190 255 
0.996593 -1.9562 1.15921 190 190 190 255 
0.996593 -1.85116 1.32049 190 190 190 255 
1.016 -1.99941 1.18482 190 190 190 255 
1.016 -1.89205 1.34966 190 190 190 255 
1.02589 -2.03964 1.20865 190 190 190 255 
1.0287 -2.07073 1.2269 190 190 190 255 
0.860612 -0.271682 -2.11548 190 190 190 255 
0.891983 -0.569809 -2.07519 190 190 190 255 
0.860612 -0.717161 -2.00867 190 190 190 255 
0.860612 -1.02714 -1.86924 190 190 190 255 
0.891983 -1.03635 -1.88601 190 190 190 255 
0.860612 -1.18115 -1.77594 190 190 190 255 
0.860612 -1.33167 -1.66605 190 190 190 255 
0.860612 -1.47629 -1.53936 190 190 190 255 
0.891983 -1.34362 -1.681 190 190 190 255 
0.891983 -1.6269 -1.40865 190 190 190 255 
0.860612 -1.84882 -1.06345 190 190 190 255 
0.891983 -1.86541 -1.07299 190 190 190 255 
0.860612 -1.94416 -0.877105 190 190 190 255 
0.860612 -2.02144 -0.680314 190 190 190 255 
0.891983 -2.03959 -0.68642 190 190 190 255 
0.9652 -2.21671 0.160361 190 190 190 255 
0.982535 -2.17017 0.586886 190 190 190 255 
0.996593 -2.19502 0.593606 190 190 190 255 
0.996593 -2.13052 0.794578 190 190 190 255 
1.016 -2.17759 0.81213 190 190 190 255 
1.016 -2.24351 0.606719 190 190 190 255 
1.02589 -2.28864 0.618924 190 190 190 255 
1.0258 -2.29627 0.622882 190 190 190 255 
0.917388 0 -2.17282 190 190 190 255 
0.919967 -0.57558 -2.0962 190 190 190 255 
0.919967 -0.730925 -2.04722 190 190 190 255 
0.94438 -0.898266 -2.00554 190 190 190 255 
0.94438 -1.21696 -1.82978 190 190 190 255 
0.919967 -1.50462 -1.56891 190 190 190 255 
0.919967 -1.64337 -1.42291 190 190 190 255 
0.919967 -1.7708 -1.2608 190 190 190 255 
0.94438 -1.79013 -1.27456 190 190 190 255 
0.919967 -1.8843 -1.08386 190 190 190 255 
0.919967 -2.06024 -0.693372 190 190 190 255 
0.94438 -2.08273 -0.70094 190 190 190 255 
0.94438 -2.14214 -0.490203 190 190 190 255 
0.94438 -2.1803 -0.274561 190 190 190 255 
0.9652 -2.22175 -0.0578882 190 190 190 255 
0.982535 -2.24227 0.162209 190 190 190 255 
0.996593 -2.26794 0.164067 190 190 190 255 
0.996593 -2.24145 0.382626 190 190 190 255 
1.01714 -2.31641 0.167914 190 190 190 255 
0.861764 0 -2.13432 190 190 190 255 
0.890718 0 -2.15165 190 190 190 255 
0.891983 -0.723597 -2.02669 190 190 190 255 
0.891983 -0.879659 -1.964 190 190 190 255 
0.919967 -0.888567 -1.98389 190 190 190 255 
0.919967 -1.04685 -1.90511 190 190 190 255 
0.891983 -1.19175 -1.79188 190 190 190 255 
0.919967 -1.20381 -1.81002 190 190 190 255 
0.919967 -1.35723 -1.69802 190 190 190 255 
0.891983 -1.48954 -1.55318 190 190 190 255 
0.891983 -1.75305 -1.24816 190 190 190 255 
0.891983 -1.96161 -0.884976 190 190 190 255 
0.919967 -1.98147 -0.893938 190 190 190 255 
0.891983 -2.09777 -0.480049 190 190 190 255 
0.919967 -2.11901 -0.484911 190 190 190 255 
0.919967 -2.15675 -0.271597 190 190 190 255 
0.94438 -2.19677 -0.0572372 190 190 190 255 
0.982535 -2.21607 0.378294 190 190 190 255 
1.02138 -2.31192 0.394902 190 190 190 255 
0.7112 -0.554851 -2.02071 190 190 190 255 
0.789354 -0.410522 -2.06486 190 190 190 255 
0.789354 -0.557437 -2.03013 190 190 190 255 
0.826219 -0.412822 -2.07643 190 190 190 255 
0.860612 -0.564741 -2.05673 190 190 190 255 
0.826219 -0.711853 -1.9938 190 190 190 255 
0.826219 -0.865381 -1.93212 190 190 190 255 
0.860612 -0.871834 -1.94653 190 190 190 255 
0.826219 -1.46536 -1.52797 190 190 190 255 
0.860612 -1.61242 -1.39612 190 190 190 255 
0.826219 -1.7246 -1.2279 190 190 190 255 
0.860612 -1.73746 -1.23706 190 190 190 255 
0.826219 -1.83514 -1.05558 190 190 190 255 
0.826219 -1.92977 -0.870612 190 190 190 255 
0.826219 -2.06372 -0.472258 190 190 190 255 
0.860612 -2.11614 -0.266483 190 190 190 255 
0.860612 -2.07911 -0.475779 190 190 190 255 
0.891983 -2.13513 -0.268875 190 190 190 255 
0.919967 -2.17305 -0.0566197 190 190 190 255 
0.919967 -2.16812 0.156846 190 190 190 255 
0.94438 -2.19179 0.158558 190 190 190 255 
0.94438 -2.16618 0.369778 190 190 190 255 
0.9652 -2.19081 0.373982 190 190 190 255 
0.982535 -2.1064 0.785582 190 190 190 255 
0.996593 -2.05013 0.983593 190 190 190 255 
1.016 -2.09542 1.00532 190 190 190 255 
1.02589 -2.22139 0.828468 190 190 190 255 
1.02589 -2.13757 1.02554 190 190 190 255 
0.981557 0 -2.24871 190 190 190 255 
0.982969 0 -2.25106 190 190 190 255 
0.996593 -0.289645 -2.25535 190 190 190 255 
1.00765 -0.292885 -2.28058 190 190 190 255 
0.996593 -0.764577 -2.14147 190 190 190 255 
0.94438 -0.279919 -2.17962 190 190 190 255 
0.9652 -0.588478 -2.14318 190 190 190 255 
0.982535 -0.755921 -2.11723 190 190 190 255 
0.982535 -0.918954 -2.05173 190 190 190 255 
0.982535 -1.08265 -1.97026 190 190 190 255 
0.9652 -1.23079 -1.85058 190 190 190 255 
0.9652 -1.6802 -1.4548 190 190 190 255 
0.9652 -1.92653 -1.10815 190 190 190 255 
0.982535 -1.83136 -1.30391 190 190 190 255 
0.982535 -1.94874 -1.12092 190 190 190 255 
0.982535 -2.04923 -0.924509 190 190 190 255 
0.996593 -2.25605 -0.284102 190 190 190 255 
0.982535 -2.23051 -0.280885 190 190 190 255 
0.964572 0 -2.22242 190 190 190 255 
0.9652 -0.283102 -2.2044 190 190 190 255 
0.982535 -0.595263 -2.16789 190 190 190 255 
0.982535 -0.286366 -2.22981 190 190 190 255 
0.996593 -0.929477 -2.07523 190 190 190 255 
0.996593 -1.09505 -1.99283 190 190 190 255 
0.982535 -1.24498 -1.87192 190 190 190 255 
0.982535 -1.40364 -1.75609 190 190 190 255 
0.982535 -1.55608 -1.62256 190 190 190 255 
0.996593 -1.57389 -1.64114 190 190 190 255 
0.982535 -1.69957 -1.47157 190 190 190 255 
0.982535 -2.1307 -0.717083 190 190 190 255 
0.996593 -2.1551 -0.725295 190 190 190 255 
0.982535 -2.19148 -0.501493 190 190 190 255 
0.996593 -2.21657 -0.507236 190 190 190 255 
0.919967 -0.276897 -2.15608 190 190 190 255 
0.94438 -0.581863 -2.11908 190 190 190 255 
0.94438 -0.738904 -2.06957 190 190 190 255 
0.9652 -0.747304 -2.09309 190 190 190 255 
0.9652 -0.908479 -2.02834 190 190 190 255 
0.94438 -1.05828 -1.92591 190 190 190 255 
0.9652 -1.07031 -1.94781 190 190 190 255 
0.94438 -1.37204 -1.71656 190 190 190 255 
0.94438 -1.52104 -1.58603 190 190 190 255 
0.9652 -1.38764 -1.73608 190 190 190 255 
0.94438 -1.66131 -1.43845 190 190 190 255 
0.9652 -1.53834 -1.60406 190 190 190 255 
0.9652 -1.81048 -1.28905 190 190 190 255 
0.94438 -1.90487 -1.09569 190 190 190 255 
0.94438 -2.0031 -0.903697 190 190 190 255 
0.9652 -2.02587 -0.91397 190 190 190 255 
0.9652 -2.10641 -0.70891 190 190 190 255 
0.9652 -2.1665 -0.495777 190 190 190 255 
0.9652 -2.20508 -0.277683 190 190 190 255 
0.982535 -2.24736 -0.058556 190 190 190 255 
1.01594 -2.32154 0.0320114 190 190 190 255 
1.02089 -2.31364 0.369899 190 190 190 255 
0.406935 -0.250287 -2.30186 190 190 190 255 
0.414754 -0.292885 -2.28058 190 190 190 255 
0.425807 -0.764577 -2.14147 190 190 190 255 
0.425807 -0.289645 -2.25535 190 190 190 255 
0.471034 0 -2.20533 190 190 190 255 
0.45833 0 -2.22274 190 190 190 255 
0.458052 0 -2.22312 190 190 190 255 
0.502856 0 -2.17422 190 190 190 255 
0.478512 0 -2.19802 190 190 190 255 
0.532078 0 -2.15217 190 190 190 255 
0.671789 0 -2.09907 190 190 190 255 
0.601634 0 -2.115 190 190 190 255 
0.633046 -0.131147 -2.10118 190 190 190 255 
0.596371 0 -2.11747 190 190 190 255 
0.561788 -0.271682 -2.11548 190 190 190 255 
0.590566 0 -2.12019 190 190 190 255 
0.562108 0 -2.13354 190 190 190 255 
0.633046 -0.268169 -2.08812 190 190 190 255 
0.596181 -0.269671 -2.09982 190 190 190 255 
0.649485 0 -2.10156 190 190 190 255 
0.671667 -0.130693 -2.0939 190 190 190 255 
0.406935 -2.29066 -0.381946 190 190 190 255 
0.425807 -2.21657 -0.507236 190 190 190 255 
0.425807 -2.1551 -0.725295 190 190 190 255 
0.439865 -2.1307 -0.717083 190 190 190 255 
0.425807 -2.0727 -0.935096 190 190 190 255 
0.439865 -2.04923 -0.924509 190 190 190 255 
0.439865 -1.94874 -1.12092 190 190 190 255 
0.439865 -1.83136 -1.30391 190 190 190 255 
0.439865 -1.24498 -1.87192 190 190 190 255 
0.425807 -0.60208 -2.19271 190 190 190 255 
0.40079 -2.31227 0.39481 190 190 190 255 
0.400838 -2.31235 0.391723 190 190 190 255 
0.425807 -2.2731 -0.0592265 190 190 190 255 
0.439865 -2.23051 -0.280885 190 190 190 255 
0.4572 -2.20508 -0.277683 190 190 190 255 
0.4572 -2.1665 -0.495777 190 190 190 255 
0.47802 -2.14214 -0.490203 190 190 190 255 
0.4572 -2.10641 -0.70891 190 190 190 255 
0.47802 -2.08273 -0.70094 190 190 190 255 
0.47802 -2.0031 -0.903697 190 190 190 255 
0.47802 -1.90487 -1.09569 190 190 190 255 
0.4572 -1.92653 -1.10815 190 190 190 255 
0.47802 -1.79013 -1.27456 190 190 190 255 
0.47802 -1.52104 -1.58603 190 190 190 255 
0.4572 -1.53834 -1.60406 190 190 190 255 
0.4572 -1.38764 -1.73608 190 190 190 255 
0.4572 -1.07031 -1.94781 190 190 190 255 
0.4572 -0.908479 -2.02834 190 190 190 255 
0.47802 -0.898266 -2.00554 190 190 190 255 
0.47802 -0.738904 -2.06957 190 190 190 255 
0.4572 -0.588478 -2.14318 190 190 190 255 
0.3937 -2.17523 1.04364 190 190 190 255 
0.4064 -2.17759 0.81213 190 190 190 255 
0.439865 -2.21607 0.378294 190 190 190 255 
0.439865 -2.24227 0.162209 190 190 190 255 
0.47802 -2.19677 -0.0572372 190 190 190 255 
0.502433 -2.15675 -0.271597 190 190 190 255 
0.530417 -2.03959 -0.68642 190 190 190 255 
0.502433 -2.06024 -0.693372 190 190 190 255 
0.502433 -1.98147 -0.893938 190 190 190 255 
0.530417 -1.75305 -1.24816 190 190 190 255 
0.530417 -1.34362 -1.681 190 190 190 255 
0.530417 -1.19175 -1.79188 190 190 190 255 
0.502433 -1.04685 -1.90511 190 190 190 255 
0.502433 -0.888567 -1.98389 190 190 190 255 
0.502433 -0.730925 -2.04722 190 190 190 255 
0.530417 -0.879659 -1.964 190 190 190 255 
0.530417 -0.723597 -2.02669 190 190 190 255 
0.530417 -0.274121 -2.13446 190 190 190 255 
0.4064 -2.29096 0.391078 190 190 190 255 
0.425807 -2.24145 0.382626 190 190 190 255 
0.425807 -2.26794 0.164067 190 190 190 255 
0.439865 -2.24736 -0.058556 190 190 190 255 
0.4572 -2.22175 -0.0578882 190 190 190 255 
0.47802 -2.1803 -0.274561 190 190 190 255 
0.502433 -2.11901 -0.484911 190 190 190 255 
0.502433 -1.8843 -1.08386 190 190 190 255 
0.502433 -1.7708 -1.2608 190 190 190 255 
0.47802 -1.66131 -1.43845 190 190 190 255 
0.502433 -1.64337 -1.42291 190 190 190 255 
0.47802 -1.37204 -1.71656 190 190 190 255 
0.502433 -1.50462 -1.56891 190 190 190 255 
0.47802 -1.21696 -1.82978 190 190 190 255 
0.502433 -1.35723 -1.69802 190 190 190 255 
0.502433 -1.20381 -1.81002 190 190 190 255 
0.47802 -1.05828 -1.92591 190 190 190 255 
0.47802 -0.581863 -2.11908 190 190 190 255 
0.502433 -0.57558 -2.0962 190 190 190 255 
0.502433 -0.276897 -2.15608 190 190 190 255 
0.47802 -0.279919 -2.17962 190 190 190 255 
0.480152 0 -2.19642 190 190 190 255 
0.3937 -1.99092 1.36338 190 190 190 255 
0.4064 -1.99941 1.18482 190 190 190 255 
0.4064 -2.09542 1.00532 190 190 190 255 
0.425807 -2.05013 0.983593 190 190 190 255 
0.439865 -2.1064 0.785582 190 190 190 255 
0.4572 -2.19081 0.373982 190 190 190 255 
0.47802 -2.16618 0.369778 190 190 190 255 
0.47802 -2.19179 0.158558 190 190 190 255 
0.502433 -2.16812 0.156846 190 190 190 255 
0.561788 -2.07911 -0.475779 190 190 190 255 
0.561788 -2.02144 -0.680314 190 190 190 255 
0.596181 -1.92977 -0.870612 190 190 190 255 
0.561788 -1.94416 -0.877105 190 190 190 255 
0.596181 -1.7246 -1.2279 190 190 190 255 
0.596181 -1.60049 -1.38579 190 190 190 255 
0.561788 -1.61242 -1.39612 190 190 190 255 
0.561788 -1.47629 -1.53936 190 190 190 255 
0.596181 -1.32181 -1.65372 190 190 190 255 
0.596181 -1.1724 -1.76279 190 190 190 255 
0.596181 -1.01953 -1.8554 190 190 190 255 
0.561788 -0.871834 -1.94653 190 190 190 255 
0.596181 -0.865381 -1.93212 190 190 190 255 
0.561788 -0.717161 -2.00867 190 190 190 255 
0.596181 -0.711853 -1.9938 190 190 190 255 
0.561788 -0.564741 -2.05673 190 190 190 255 
0.633046 -0.410522 -2.06486 190 190 190 255 
0.596181 -0.412822 -2.07643 190 190 190 255 
0.671667 -0.267239 -2.08088 190 190 190 255 
0.681855 0 -2.09794 190 190 190 255 
0.702736 0 -2.09561 190 190 190 255 
0.39651 -1.68614 1.6667 190 190 190 255 
0.39651 -1.8115 1.52951 190 190 190 255 
0.439865 -2.02692 0.972456 190 190 190 255 
0.4572 -2.00381 0.961372 190 190 190 255 
0.47802 -2.05898 0.767897 190 190 190 255 
0.47802 -2.12131 0.573674 190 190 190 255 
0.530417 -2.14639 0.155274 190 190 190 255 
0.633046 -1.91901 -0.865761 190 190 190 255 
0.671667 -1.98838 -0.669189 190 190 190 255 
0.671667 -1.81858 -1.04606 190 190 190 255 
0.633046 -1.71499 -1.22106 190 190 190 255 
0.633046 -1.59157 -1.37806 190 190 190 255 
0.671667 -1.70904 -1.21682 190 190 190 255 
0.671667 -1.58605 -1.37329 190 190 190 255 
0.633046 -1.45719 -1.51945 190 190 190 255 
0.671667 -1.45214 -1.51419 190 190 190 255 
0.633046 -0.707886 -1.98269 190 190 190 255 
0.633046 -0.557437 -2.03013 190 190 190 255 
0.671667 -0.555505 -2.02309 190 190 190 255 
0.671667 -0.409099 -2.0577 190 190 190 255 
0.3937 -1.83906 1.55298 190 190 190 255 
0.39651 -1.93012 1.37681 190 190 190 255 
0.4064 -1.89205 1.34966 190 190 190 255 
0.425807 -1.9562 1.15921 190 190 190 255 
0.4572 -2.08239 0.776627 190 190 190 255 
0.4572 -2.14543 0.580196 190 190 190 255 
0.502433 -2.14279 0.365785 190 190 190 255 
0.561788 -2.13213 -0.0555534 190 190 190 255 
0.530417 -2.15126 -0.0560516 190 190 190 255 
0.561788 -2.11614 -0.266483 190 190 190 255 
0.596181 -2.10048 -0.264511 190 190 190 255 
0.596181 -2.06372 -0.472258 190 190 190 255 
0.596181 -2.00648 -0.67528 190 190 190 255 
0.633046 -2.05222 -0.469626 190 190 190 255 
0.633046 -1.9953 -0.671516 190 190 190 255 
0.596181 -1.83514 -1.05558 190 190 190 255 
0.633046 -1.82491 -1.0497 190 190 190 255 
0.596181 -1.46536 -1.52797 190 190 190 255 
0.633046 -1.31445 -1.6445 190 190 190 255 
0.633046 -1.16587 -1.75297 190 190 190 255 
0.633046 -1.01385 -1.84506 190 190 190 255 
0.633046 -0.860559 -1.92135 190 190 190 255 
0.596181 -0.560561 -2.0415 190 190 190 255 
0.7112 -0.266924 -2.07843 190 190 190 255 
0.3937 -2.17294 1.04923 190 190 190 255 
0.39651 -2.03964 1.20865 190 190 190 255 
0.39651 -2.13757 1.02554 190 190 190 255 
0.425807 -2.13052 0.794578 190 190 190 255 
0.425807 -2.19502 0.593606 190 190 190 255 
0.439865 -2.17017 0.586886 190 190 190 255 
0.4572 -2.21671 0.160361 190 190 190 255 
0.502433 -2.17305 -0.0566197 190 190 190 255 
0.530417 -2.13513 -0.268875 190 190 190 255 
0.530417 -2.09777 -0.480049 190 190 190 255 
0.530417 -1.96161 -0.884976 190 190 190 255 
0.530417 -1.86541 -1.07299 190 190 190 255 
0.561788 -1.84882 -1.06345 190 190 190 255 
0.530417 -1.6269 -1.40865 190 190 190 255 
0.561788 -1.73746 -1.23706 190 190 190 255 
0.530417 -1.48954 -1.55318 190 190 190 255 
0.561788 -1.33167 -1.66605 190 190 190 255 
0.561788 -1.18115 -1.77594 190 190 190 255 
0.530417 -1.03635 -1.88601 190 190 190 255 
0.561788 -1.02714 -1.86924 190 190 190 255 
0.530417 -0.569809 -2.07519 190 190 190 255 
0.560532 0 -2.13428 190 190 190 255 
0.406934 -2.29972 -0.272567 190 190 190 255 
0.425807 -2.25605 -0.284102 190 190 190 255 
0.439865 -2.19148 -0.501493 190 190 190 255 
0.4572 -2.02587 -0.91397 190 190 190 255 
0.4572 -1.81048 -1.28905 190 190 190 255 
0.4572 -1.6802 -1.4548 190 190 190 255 
0.439865 -1.69957 -1.47157 190 190 190 255 
0.439865 -1.55608 -1.62256 190 190 190 255 
0.439865 -1.40364 -1.75609 190 190 190 255 
0.4572 -1.23079 -1.85058 190 190 190 255 
0.439865 -1.08265 -1.97026 190 190 190 255 
0.439865 -0.918954 -2.05173 190 190 190 255 
0.439865 -0.755921 -2.11723 190 190 190 255 
0.4572 -0.747304 -2.09309 190 190 190 255 
0.439865 -0.595263 -2.16789 190 190 190 255 
0.439865 -0.286366 -2.22981 190 190 190 255 
0.4572 -0.283102 -2.2044 190 190 190 255 
0.39651 -1.55619 1.78864 190 190 190 255 
0.4064 -1.77578 1.49935 190 190 190 255 
0.425807 -1.7374 1.46695 190 190 190 255 
0.425807 -1.85116 1.32049 190 190 190 255 
0.4572 -1.91201 1.13302 190 190 190 255 
0.439865 -1.93405 1.14608 190 190 190 255 
0.502433 -2.09841 0.567479 190 190 190 255 
0.530417 -2.07737 0.561791 190 190 190 255 
0.530417 -2.12131 0.362118 190 190 190 255 
0.561788 -2.12729 0.153893 190 190 190 255 
0.596181 -2.11635 -0.0551417 190 190 190 255 
0.596181 -2.11155 0.152754 190 190 190 255 
0.633046 -2.08877 -0.263036 190 190 190 255 
0.671667 -2.08153 -0.262124 190 190 190 255 
0.671667 -2.04511 -0.467998 190 190 190 255 
0.671667 -1.91236 -0.86276 190 190 190 255 
0.7112 -1.70703 -1.21539 190 190 190 255 
0.671667 -1.30989 -1.6388 190 190 190 255 
0.671667 -1.16183 -1.74689 190 190 190 255 
0.7112 -1.16046 -1.74484 190 190 190 255 
0.671667 -1.01034 -1.83867 190 190 190 255 
0.671667 -0.857576 -1.91469 190 190 190 255 
0.7112 -0.856566 -1.91244 190 190 190 255 
0.671667 -0.705432 -1.97582 190 190 190 255 
0.7112 -0.408617 -2.05527 190 190 190 255 
0.750733 -0.409099 -2.0577 190 190 190 255 
0.750733 -0.267239 -2.08088 190 190 190 255 
0.789354 -0.268169 -2.08812 190 190 190 255 
0.8016 0.867795 1.9218 190 190 190 255 
0.406935 0.768567 -2.18783 190 190 190 255 
0.410467 1.72205 -1.54147 190 190 190 255 
0.410467 2.01888 -1.12503 190 190 190 255 
1.01547 0.862419 2.14986 190 190 190 255 
1.01547 1.9023 1.32367 190 190 190 255 
1.01547 1.96519 1.22448 190 190 190 255 
1.01547 0.281935 -2.30245 190 190 190 255 
1.01547 0.107451 -2.31472 190 190 190 255 
1.01547 0.450068 -2.2724 190 190 190 255 
1.01193 0.470082 -2.26288 190 190 190 255 
1.01547 0.471067 -2.26786 190 190 190 255 
1.01547 0.613612 -2.23703 190 190 190 255 
1.01547 0.645305 -2.23018 190 190 190 255 
1.01547 0.767835 -2.18557 190 190 190 255 
1.01547 0.653942 -2.22831 190 190 190 255 
1.01547 0.97346 -2.10841 190 190 190 255 
1.01547 1.00693 -2.08963 190 190 190 255 
1.01547 1.05435 -2.06302 190 190 190 255 
1.01193 1.00344 -2.08199 190 190 190 255 
1.01193 1.18819 -1.98237 190 190 190 255 
1.01547 1.30878 -1.91836 190 190 190 255 
1.01547 1.29222 -1.92955 190 190 190 255 
1.01547 1.19083 -1.98644 190 190 190 255 
1.01193 1.37202 -1.85988 190 190 190 255 
1.01547 1.52323 -1.74668 190 190 190 255 
1.01547 1.55726 -1.71944 190 190 190 255 
1.01547 1.71601 -1.55438 190 190 190 255 
1.01547 1.58544 -1.69688 190 190 190 255 
1.01193 1.55136 -1.71315 190 190 190 255 
1.01193 1.87949 -1.34503 190 190 190 255 
1.01547 1.72528 -1.54426 190 190 190 255 
1.01193 2.01888 -1.12503 190 190 190 255 
1.01547 1.88375 -1.34832 190 190 190 255 
1.01547 1.82872 -1.43136 190 190 190 255 
1.01547 2.12751 -0.913482 190 190 190 255 
1.01547 2.03085 -1.12634 190 190 190 255 
1.01547 1.89807 -1.32671 190 190 190 255 
1.01547 2.23677 -0.595195 190 190 190 255 
1.01547 2.19209 -0.760112 190 190 190 255 
1.01547 2.1846 -0.787749 190 190 190 255 
1.01193 2.22501 -0.625236 190 190 190 255 
1.01193 2.28395 -0.353763 190 190 190 255 
1.01547 2.3009 -0.250153 190 190 190 255 
1.01193 2.30997 -0.0750329 190 190 190 255 
1.01547 2.3219 -0.0421638 190 190 190 255 
1.01193 2.18805 0.744317 190 190 190 255 
1.01193 2.26081 0.479931 190 190 190 255 
1.01547 2.26483 0.478127 190 190 190 255 
1.01547 2.08648 1.00608 190 190 190 255 
1.01193 1.81638 1.42911 190 190 190 255 
1.01547 1.82255 1.43376 190 190 190 255 
1.01547 1.54948 1.72159 190 190 190 255 
1.01193 1.65621 1.612 190 190 190 255 
1.01547 1.6626 1.61839 190 190 190 255 
1.01547 1.31293 1.91033 190 190 190 255 
1.01547 1.1329 2.02237 190 190 190 255 
1.01193 1.12971 2.01627 190 190 190 255 
1.01547 1.14411 2.0154 190 190 190 255 
1.01193 0.605335 2.23051 190 190 190 255 
1.02001 0.16624 2.33671 190 190 190 255 
1.01963 0.381 2.31144 190 190 190 255 
1.02641 0.1699 2.37466 190 190 190 255 
1.02828 0.171643 2.39054 190 190 190 255 
1.02664 0.381 2.34617 190 190 190 255 
1.02854 0.172955 2.3978 190 190 190 255 
1.02865 0.173525 2.40096 190 190 190 255 
1.02869 0.176743 2.40855 190 190 190 255 
1.02755 0.381 2.37367 190 190 190 255 
1.0287 0.175578 2.40679 190 190 190 255 
1.02869 0.174464 2.40435 190 190 190 255 
0.991352 0.16134 2.25784 190 190 190 255 
0.998877 0.16228 2.27492 190 190 190 255 
0.942132 0.158254 2.19074 190 190 190 255 
0.942816 0.41934 2.15542 190 190 190 255 
0.891627 0.156406 2.14606 190 190 190 255 
0.770935 0.401262 2.0625 190 190 190 255 
0.804938 0.154827 2.10396 190 190 190 255 
0.821318 0.155056 2.11039 190 190 190 255 
0.831879 0.155203 2.11454 190 190 190 255 
0.861738 0.155731 2.1287 190 190 190 255 
0.767165 0.15457 2.09543 190 190 190 255 
0.740665 0.400441 2.05828 190 190 190 255 
0.7112 0.400179 2.05693 190 190 190 255 
0.7112 0.154424 2.0898 190 190 190 255 
0.651559 0.154586 2.09609 190 190 190 255 
0.560522 0.155724 2.12855 190 190 190 255 
0.531458 0.410831 2.11168 190 190 190 255 
0.438451 0.429775 2.20906 190 190 190 255 
0.423459 0.162259 2.27491 190 190 190 255 
0.411895 0.163988 2.30402 190 190 190 255 
0.418072 0.162786 2.28522 190 190 190 255 
0.411361 0.164092 2.30565 190 190 190 255 
0.406935 0.381 2.29082 190 190 190 255 
0.402736 0.165769 2.33191 190 190 190 255 
0.396316 0.381 2.34153 190 190 190 255 
0.396267 0.381 2.34275 190 190 190 255 
0.395029 0.381 2.37368 190 190 190 255 
0.393705 0.17661 2.40833 190 190 190 255 
0.3937 0.175542 2.40661 190 190 190 255 
0.393715 0.174268 2.40361 190 190 190 255 
0.393806 0.173025 2.39858 190 190 190 255 
0.39385 0.172907 2.39781 190 190 190 255 
0.410467 0.605335 2.23051 190 190 190 255 
0.406935 0.689578 2.21754 190 190 190 255 
0.410467 0.775724 2.17712 190 190 190 255 
0.406935 0.777611 2.1829 190 190 190 255 
0.406935 1.00668 2.09275 190 190 190 255 
0.406935 1.13199 2.0205 190 190 190 255 
0.406935 1.31473 1.91339 190 190 190 255 
0.406935 1.14343 2.0139 190 190 190 255 
0.406935 1.41778 1.83109 190 190 190 255 
0.410467 1.48564 1.77044 190 190 190 255 
0.406935 1.489 1.77421 190 190 190 255 
0.406935 1.58311 1.69905 190 190 190 255 
0.406935 1.79635 1.4699 190 190 190 255 
0.406935 1.96682 1.22531 190 190 190 255 
0.406935 1.82349 1.43487 190 190 190 255 
0.410467 1.81638 1.42911 190 190 190 255 
0.406935 1.80837 1.45699 190 190 190 255 
0.406935 2.09033 0.994707 190 190 190 255 
0.406935 2.08533 1.00528 190 190 190 255 
0.410467 2.08695 0.99308 190 190 190 255 
0.410467 1.96154 1.22227 190 190 190 255 
0.410467 2.18805 0.744317 190 190 190 255 
0.406935 2.21903 0.658744 190 190 190 255 
0.406935 2.17149 0.823202 190 190 190 255 
0.406935 2.29561 0.295523 190 190 190 255 
0.406935 2.30636 0.20508 190 190 190 255 
0.406935 2.31741 0.112077 190 190 190 255 
0.406935 2.27597 -0.425455 190 190 190 255 
0.406935 2.31331 -0.0750292 190 190 190 255 
0.406935 2.31353 -0.0703214 190 190 190 255 
0.406935 2.32077 0.0838395 190 190 190 255 
0.406935 2.13819 -0.88514 190 190 190 255 
0.406935 2.07785 -1.03709 190 190 190 255 
0.410467 1.55136 -1.71315 190 190 190 255 
0.406935 1.63741 -1.64679 190 190 190 255 
0.406935 1.37795 -1.86804 190 190 190 255 
0.406935 1.36743 -1.877 190 190 190 255 
0.406935 1.00726 -2.08958 190 190 190 255 
0.410467 0.642352 -2.22013 190 190 190 255 
0.406935 0.107276 -2.31339 190 190 190 255 
0.410788 3.02764e-009 -2.3113 190 190 190 255 
0.410467 0.30513 -2.29096 190 190 190 255 
0.440151 0 -2.24766 190 190 190 255 
0.438451 0.297115 -2.23078 190 190 190 255 
0.7112 2.07081 -0.320748 190 190 190 255 
0.681735 2.01868 -0.567257 190 190 190 255 
0.6208 1.94834 -0.806432 190 190 190 255 
0.6208 1.84196 -1.02643 190 190 190 255 
0.531458 1.6029 -1.43482 190 190 190 255 
0.560252 1.58979 -1.42308 190 190 190 255 
0.531458 1.44402 -1.59462 190 190 190 255 
0.457483 0.964767 -2.00176 190 190 190 255 
0.457483 1.1424 -1.90598 190 190 190 255 
0.422737 0.633783 -2.19051 190 190 190 255 
0.681735 1.93747 -0.80193 190 190 190 255 
0.651465 1.94144 -0.803575 190 190 190 255 
0.651465 1.83543 -1.0228 190 190 190 255 
0.6208 1.71478 -1.22715 190 190 190 255 
0.590219 1.72357 -1.23344 190 190 190 255 
0.590219 1.57919 -1.41359 190 190 190 255 
0.560252 1.43221 -1.58157 190 190 190 255 
0.531458 1.27709 -1.73119 190 190 190 255 
0.504395 1.28945 -1.74794 190 190 190 255 
0.479584 1.12888 -1.88343 190 190 190 255 
0.438451 0.625479 -2.16181 190 190 190 255 
0.438451 0.799158 -2.1038 190 190 190 255 
0.422737 0.46381 -2.23269 190 190 190 255 
0.410467 0.470082 -2.26288 190 190 190 255 
0.406935 0.306174 -2.29688 190 190 190 255 
0.681735 1.83167 -1.0207 190 190 190 255 
0.651465 1.7087 -1.2228 190 190 190 255 
0.6208 1.57113 -1.40638 190 190 190 255 
0.590219 1.42266 -1.57103 190 190 190 255 
0.560252 1.26664 -1.71703 190 190 190 255 
0.504395 0.943044 -1.95669 190 190 190 255 
0.504395 1.11668 -1.86306 190 190 190 255 
0.479584 0.953353 -1.97808 190 190 190 255 
0.457483 0.78909 -2.0773 190 190 190 255 
0.416916 0 -2.29382 190 190 190 255 
0.7112 1.83048 -1.02004 190 190 190 255 
0.651465 1.56556 -1.4014 190 190 190 255 
0.6208 1.4154 -1.56301 190 190 190 255 
0.590219 1.2582 -1.70558 190 190 190 255 
0.531458 1.10598 -1.84521 190 190 190 255 
0.531458 0.934008 -1.93794 190 190 190 255 
0.479584 0.779754 -2.05272 190 190 190 255 
0.479584 0.610293 -2.10932 190 190 190 255 
0.457483 0.617599 -2.13457 190 190 190 255 
0.457483 0.451967 -2.17567 190 190 190 255 
0.438451 0.457733 -2.20343 190 190 190 255 
0.422737 0.301059 -2.26039 190 190 190 255 
0.426725 0 -2.27433 190 190 190 255 
0.423502 0 -2.28074 190 190 190 255 
0.681735 1.70521 -1.2203 190 190 190 255 
0.7112 1.70409 -1.2195 190 190 190 255 
0.651465 1.41039 -1.55747 190 190 190 255 
0.590219 1.08962 -1.81792 190 190 190 255 
0.560252 1.09693 -1.83012 190 190 190 255 
0.560252 0.926367 -1.92209 190 190 190 255 
0.531458 0.763932 -2.01107 190 190 190 255 
0.504395 0.771322 -2.03053 190 190 190 255 
0.504395 0.603693 -2.08651 190 190 190 255 
0.457483 0.293371 -2.20267 190 190 190 255 
0.531039 0 -2.15289 190 190 190 255 
0.681735 1.24479 -1.68741 190 190 190 255 
0.7112 1.24398 -1.68631 190 190 190 255 
0.681735 1.07801 -1.79855 190 190 190 255 
0.651465 1.08022 -1.80223 190 190 190 255 
0.651465 0.912253 -1.8928 190 190 190 255 
0.6208 0.915497 -1.89954 190 190 190 255 
0.6208 0.748791 -1.97121 190 190 190 255 
0.531458 0.437557 -2.10631 190 190 190 255 
0.7112 1.0773 -1.79737 190 190 190 255 
0.681735 0.910386 -1.88893 190 190 190 255 
0.651465 0.746138 -1.96423 190 190 190 255 
0.590219 0.589064 -2.03595 190 190 190 255 
0.560252 0.433977 -2.08908 190 190 190 255 
0.590219 0.431084 -2.07515 190 190 190 255 
0.560252 0.281695 -2.115 190 190 190 255 
0.531458 0.284018 -2.13245 190 190 190 255 
0.552199 0 -2.13818 190 190 190 255 
0.633282 0 -2.10611 190 190 190 255 
0.681735 0.426491 -2.05304 190 190 190 255 
0.6208 0.278389 -2.09018 190 190 190 255 
0.7112 0.744125 -1.95893 190 190 190 255 
0.681735 0.744611 -1.96021 190 190 190 255 
0.681735 0.582787 -2.01426 190 190 190 255 
0.651465 0.583982 -2.01839 190 190 190 255 
0.651465 0.427366 -2.05725 190 190 190 255 
0.621054 0 -2.10955 190 190 190 255 
0.7112 0.909791 -1.8877 190 190 190 255 
0.6208 0.586059 -2.02556 190 190 190 255 
0.6208 0.428885 -2.06456 190 190 190 255 
0.590219 0.279817 -2.1009 190 190 190 255 
0.7112 1.40658 -1.55327 190 190 190 255 
0.681735 1.4075 -1.55429 190 190 190 255 
0.6208 1.08406 -1.80864 190 190 190 255 
0.590219 0.752631 -1.98132 190 190 190 255 
0.560252 0.757682 -1.99462 190 190 190 255 
0.560252 0.593017 -2.04961 190 190 190 255 
0.504395 0.286766 -2.15308 190 190 190 255 
0.509019 0 -2.1682 190 190 190 255 
0.504708 0 -2.17241 190 190 190 255 
0.479584 0.289901 -2.17661 190 190 190 255 
0.681735 1.56236 -1.39853 190 190 190 255 
0.651465 1.24735 -1.69087 190 190 190 255 
0.6208 1.25178 -1.69688 190 190 190 255 
0.590219 0.920191 -1.90927 190 190 190 255 
0.531458 0.597908 -2.06652 190 190 190 255 
0.504395 0.44179 -2.12669 190 190 190 255 
0.479584 0.44662 -2.14994 190 190 190 255 
0.770935 0.277403 -2.08278 190 190 190 255 
0.740665 0.426491 -2.05304 190 190 190 255 
0.804112 0 -2.1094 190 190 190 255 
0.851543 0 -2.1282 190 190 190 255 
0.862148 0.281695 -2.115 190 190 190 255 
0.832181 0.279817 -2.1009 190 190 190 255 
0.831814 0 -2.12038 190 190 190 255 
0.996304 0 -2.27328 190 190 190 255 
0.983949 0.297115 -2.23078 190 190 190 255 
1.01193 0.30513 -2.29096 190 190 190 255 
1.01547 2.31183 0.111828 190 190 190 255 
1.01193 2.30209 0.204902 190 190 190 255 
0.999663 2.19532 -0.616894 190 190 190 255 
1.01193 2.13549 -0.883894 190 190 190 255 
0.999663 1.99195 -1.11002 190 190 190 255 
0.999663 1.85442 -1.32708 190 190 190 255 
1.01193 1.72205 -1.54147 190 190 190 255 
0.999663 1.35372 -1.83506 190 190 190 255 
0.999663 1.17233 -1.95592 190 190 190 255 
1.01193 0.820717 -2.16056 190 190 190 255 
1.01193 0.642352 -2.22013 190 190 190 255 
0.942202 0 -2.19636 190 190 190 255 
0.933958 0 -2.18676 190 190 190 255 
0.770935 0.86472 1.91499 190 190 190 255 
0.8016 1.0307 1.83957 190 190 190 255 
0.770935 1.02705 1.83305 190 190 190 255 
0.832181 0.711371 1.99651 190 190 190 255 
0.862148 0.716146 2.0099 190 190 190 255 
0.770935 0.705235 1.97928 190 190 190 255 
0.740665 1.02495 1.8293 190 190 190 255 
0.740665 1.18753 1.72819 190 190 190 255 
0.770935 1.18997 1.73173 190 190 190 255 
0.740665 1.34788 1.60627 190 190 190 255 
0.8016 1.1942 1.73789 190 190 190 255 
0.832181 1.03599 1.849 190 190 190 255 
0.832181 0.872244 1.93165 190 190 190 255 
0.890942 0.722052 2.02648 190 190 190 255 
0.7112 0.703331 1.97394 190 190 190 255 
0.7112 0.862387 1.90982 190 190 190 255 
0.740665 0.703791 1.97523 190 190 190 255 
0.740665 0.86295 1.91107 190 190 190 255 
0.7112 1.02428 1.82811 190 190 190 255 
0.7112 1.347 1.60522 190 190 190 255 
0.7112 1.50165 1.46157 190 190 190 255 
0.740665 1.50263 1.46252 190 190 190 255 
0.7112 1.77848 1.1082 190 190 190 255 
0.740665 1.64795 1.29659 190 190 190 255 
0.770935 1.35064 1.60956 190 190 190 255 
0.8016 1.35544 1.61528 190 190 190 255 
0.862148 0.878098 1.94461 190 190 190 255 
0.890942 0.885341 1.96065 190 190 190 255 
0.7112 1.89219 0.900403 190 190 190 255 
0.740665 1.77965 1.10893 190 190 190 255 
0.770935 1.50571 1.46552 190 190 190 255 
0.832181 1.36239 1.62356 190 190 190 255 
0.832181 1.20032 1.7468 190 190 190 255 
0.890942 1.05154 1.87676 190 190 190 255 
0.862148 1.04294 1.86141 190 190 190 255 
0.740665 1.89343 0.900991 190 190 190 255 
0.770935 1.65132 1.29925 190 190 190 255 
0.770935 1.7833 1.1112 190 190 190 255 
0.832181 1.51881 1.47827 190 190 190 255 
0.8016 1.51107 1.47073 190 190 190 255 
0.862148 1.37154 1.63446 190 190 190 255 
0.862148 1.20838 1.75852 190 190 190 255 
0.918005 1.06172 1.89492 190 190 190 255 
0.918005 0.893906 1.97962 190 190 190 255 
0.942816 0.737008 2.06846 190 190 190 255 
1.01547 0.583637 2.2396 190 190 190 255 
1.01248 0.441035 2.26788 190 190 190 255 
0.999663 0.597259 2.20075 190 190 190 255 
0.999663 0.435481 2.23838 190 190 190 255 
0.983949 0.589434 2.17191 190 190 190 255 
0.983949 0.429775 2.20906 190 190 190 255 
0.964917 0.424361 2.18123 190 190 190 255 
0.942816 0.575123 2.11918 190 190 190 255 
0.918005 0.414806 2.13211 190 190 190 255 
0.890942 0.563452 2.07618 190 190 190 255 
0.890942 0.410831 2.11168 190 190 190 255 
0.862148 0.558843 2.05919 190 190 190 255 
0.862148 0.40747 2.09441 190 190 190 255 
0.832181 0.555117 2.04546 190 190 190 255 
0.832181 0.404754 2.08045 190 190 190 255 
0.8016 0.402689 2.06983 190 190 190 255 
0.740665 0.549202 2.02367 190 190 190 255 
0.770935 1.89731 0.902839 190 190 190 255 
0.8016 1.6572 1.30387 190 190 190 255 
0.8016 1.78964 1.11515 190 190 190 255 
0.862148 1.52901 1.48819 190 190 190 255 
0.890942 1.38285 1.64794 190 190 190 255 
0.890942 1.21834 1.77303 190 190 190 255 
0.918005 1.23013 1.79018 190 190 190 255 
0.942816 1.07332 1.91564 190 190 190 255 
0.964917 0.914498 2.02522 190 190 190 255 
0.942816 0.903679 2.00126 190 190 190 255 
0.964917 0.745831 2.09322 190 190 190 255 
0.7112 2.04982 0.435143 190 190 190 255 
0.740665 1.98515 0.675296 190 190 190 255 
0.8016 1.90406 0.906049 190 190 190 255 
0.832181 1.79881 1.12087 190 190 190 255 
0.832181 1.66569 1.31055 190 190 190 255 
0.918005 1.39623 1.66389 190 190 190 255 
0.942816 1.24358 1.80975 190 190 190 255 
0.964917 1.08617 1.93857 190 190 190 255 
0.740665 2.08861 0.185901 190 190 190 255 
0.740665 2.05116 0.435427 190 190 190 255 
0.770935 1.98923 0.676681 190 190 190 255 
0.832181 1.91382 0.910696 190 190 190 255 
0.862148 1.81089 1.1284 190 190 190 255 
0.862148 1.67687 1.31935 190 190 190 255 
0.918005 1.55653 1.51499 190 190 190 255 
0.890942 1.54162 1.50047 190 190 190 255 
0.964917 1.25847 1.83142 190 190 190 255 
0.983949 0.926166 2.05106 190 190 190 255 
1.01547 0.778695 2.18581 190 190 190 255 
1.01193 0.951151 2.10639 190 190 190 255 
0.999663 0.938461 2.07829 190 190 190 255 
0.983949 1.27452 1.85479 190 190 190 255 
0.983949 1.10003 1.96331 190 190 190 255 
0.942816 1.41149 1.68208 190 190 190 255 
0.964917 1.42839 1.70221 190 190 190 255 
0.918005 1.70706 1.3431 190 190 190 255 
0.890942 1.6907 1.33023 190 190 190 255 
0.862148 1.92667 0.916807 190 190 190 255 
0.832181 2.00653 0.682569 190 190 190 255 
0.8016 1.9963 0.679088 190 190 190 255 
0.770935 2.0929 0.186283 190 190 190 255 
0.770935 2.05537 0.43632 190 190 190 255 
0.740665 2.09576 -0.068075 190 190 190 255 
0.7112 2.01736 -0.566887 190 190 190 255 
0.740665 2.01868 -0.567257 190 190 190 255 
0.7112 1.9362 -0.801407 190 190 190 255 
0.7112 1.56134 -1.39762 190 190 190 255 
0.740665 1.4075 -1.55429 190 190 190 255 
0.740665 1.24479 -1.68741 190 190 190 255 
0.740665 1.07801 -1.79855 190 190 190 255 
0.740665 0.910386 -1.88893 190 190 190 255 
0.7112 0.582406 -2.01294 190 190 190 255 
0.681735 0.276835 -2.07852 190 190 190 255 
0.651465 0.277403 -2.08278 190 190 190 255 
0.770935 0.550328 2.02782 190 190 190 255 
0.8016 0.552285 2.03503 190 190 190 255 
0.8016 0.707742 1.98632 190 190 190 255 
0.918005 0.568903 2.09626 190 190 190 255 
0.918005 0.729038 2.04609 190 190 190 255 
0.964917 0.582008 2.14455 190 190 190 255 
0.983949 0.755347 2.11993 190 190 190 255 
0.999663 0.765375 2.14807 190 190 190 255 
1.01193 0.775724 2.17712 190 190 190 255 
0.999663 1.29144 1.87941 190 190 190 255 
1.01193 1.30891 1.90482 190 190 190 255 
0.999663 1.46582 1.74682 190 190 190 255 
0.983949 1.6127 1.56966 190 190 190 255 
0.964917 1.74638 1.37404 190 190 190 255 
0.942816 1.72572 1.35778 190 190 190 255 
0.918005 1.84349 1.14871 190 190 190 255 
0.918005 1.96135 0.933312 190 190 190 255 
0.890942 1.94256 0.924369 190 190 190 255 
0.890942 2.03666 0.692818 190 190 190 255 
0.862148 2.08717 0.44307 190 190 190 255 
0.862148 2.02 0.68715 190 190 190 255 
0.8016 2.10034 0.186945 190 190 190 255 
0.832181 2.11111 0.187904 190 190 190 255 
0.8016 2.08379 -0.32276 190 190 190 255 
0.8016 1.94834 -0.806432 190 190 190 255 
0.770935 1.94144 -0.803575 190 190 190 255 
0.8016 1.84196 -1.02643 190 190 190 255 
0.770935 1.83543 -1.0228 190 190 190 255 
0.770935 1.7087 -1.2228 190 190 190 255 
0.770935 1.56556 -1.4014 190 190 190 255 
0.770935 1.41039 -1.55747 190 190 190 255 
0.8016 1.25178 -1.69688 190 190 190 255 
0.8016 1.08406 -1.80864 190 190 190 255 
0.8016 0.915497 -1.89954 190 190 190 255 
0.8016 0.748791 -1.97121 190 190 190 255 
0.8016 0.586059 -2.02556 190 190 190 255 
0.8016 0.428885 -2.06456 190 190 190 255 
0.770935 0.427366 -2.05725 190 190 190 255 
0.8016 0.278389 -2.09018 190 190 190 255 
0.999663 1.63411 1.5905 190 190 190 255 
0.983949 1.76866 1.39157 190 190 190 255 
0.964917 1.88595 1.17517 190 190 190 255 
0.942816 1.86364 1.16127 190 190 190 255 
0.918005 2.05637 0.699521 190 190 190 255 
0.890942 2.10438 0.446725 190 190 190 255 
0.862148 2.12528 0.189165 190 190 190 255 
0.832181 2.11834 -0.068808 190 190 190 255 
0.8016 2.10753 -0.0684569 190 190 190 255 
0.8016 2.03002 -0.570442 190 190 190 255 
0.832181 1.95833 -0.810567 190 190 190 255 
0.8016 1.71478 -1.22715 190 190 190 255 
0.8016 1.57113 -1.40638 190 190 190 255 
0.8016 1.4154 -1.56301 190 190 190 255 
0.832181 1.2582 -1.70558 190 190 190 255 
0.832181 1.08962 -1.81792 190 190 190 255 
0.832181 0.589064 -2.03595 190 190 190 255 
0.832181 0.431084 -2.07515 190 190 190 255 
1.01193 1.48564 1.77044 190 190 190 255 
0.999663 1.79215 1.41004 190 190 190 255 
0.964917 2.00653 0.954811 190 190 190 255 
0.942816 1.98279 0.943515 190 190 190 255 
0.862148 2.13255 -0.0692699 190 190 190 255 
0.832181 2.09448 -0.324415 190 190 190 255 
0.862148 2.10853 -0.326592 190 190 190 255 
0.862148 2.05412 -0.577215 190 190 190 255 
0.832181 2.04042 -0.573367 190 190 190 255 
0.832181 1.8514 -1.0317 190 190 190 255 
0.862148 1.73514 -1.24172 190 190 190 255 
0.832181 1.72357 -1.23344 190 190 190 255 
0.832181 1.57919 -1.41359 190 190 190 255 
0.832181 1.42266 -1.57103 190 190 190 255 
0.862148 1.26664 -1.71703 190 190 190 255 
0.832181 0.920191 -1.90927 190 190 190 255 
0.862148 0.926367 -1.92209 190 190 190 255 
0.832181 0.752631 -1.98132 190 190 190 255 
1.01547 1.7934 1.46741 190 190 190 255 
0.983949 1.91001 1.19016 190 190 190 255 
0.983949 2.03213 0.966993 190 190 190 255 
0.942816 2.07885 0.707168 190 190 190 255 
0.918005 2.12474 0.451047 190 190 190 255 
0.890942 2.14281 0.190726 190 190 190 255 
0.890942 2.07106 -0.581976 190 190 190 255 
0.862148 1.97147 -0.816007 190 190 190 255 
0.890942 1.98774 -0.822738 190 190 190 255 
0.890942 1.8792 -1.04719 190 190 190 255 
0.890942 1.74945 -1.25196 190 190 190 255 
0.862148 1.86383 -1.03862 190 190 190 255 
0.890942 1.6029 -1.43482 190 190 190 255 
0.862148 1.58979 -1.42308 190 190 190 255 
0.862148 1.43221 -1.58157 190 190 190 255 
0.890942 1.10598 -1.84521 190 190 190 255 
0.890942 0.934008 -1.93794 190 190 190 255 
0.862148 1.09693 -1.83012 190 190 190 255 
0.862148 0.757682 -1.99462 190 190 190 255 
0.890942 0.597908 -2.06652 190 190 190 255 
0.890942 0.437557 -2.10631 190 190 190 255 
0.862148 0.593017 -2.04961 190 190 190 255 
0.862148 0.433977 -2.08908 190 190 190 255 
0.890942 0.284018 -2.13245 190 190 190 255 
1.01193 1.96154 1.22227 190 190 190 255 
1.01193 2.08695 0.99308 190 190 190 255 
0.999663 2.05911 0.979831 190 190 190 255 
0.983949 2.20142 0.467324 190 190 190 255 
0.942816 2.18719 0.194675 190 190 190 255 
0.964917 2.21337 0.197006 190 190 190 255 
0.942816 2.19468 -0.0712881 190 190 190 255 
0.918005 2.17094 -0.0705169 190 190 190 255 
0.918005 2.00697 -0.830698 190 190 190 255 
0.942816 1.91812 -1.06888 190 190 190 255 
0.918005 1.76638 -1.26408 190 190 190 255 
0.942816 1.6361 -1.46454 190 190 190 255 
0.918005 1.11668 -1.86306 190 190 190 255 
0.942816 0.953353 -1.97808 190 190 190 255 
0.942816 0.779754 -2.05272 190 190 190 255 
0.942816 0.610293 -2.10932 190 190 190 255 
0.918005 0.44179 -2.12669 190 190 190 255 
0.942816 0.44662 -2.14994 190 190 190 255 
0.918005 0.286766 -2.15308 190 190 190 255 
1.01547 2.22171 0.659755 190 190 190 255 
0.964917 2.22095 -0.0721412 190 190 190 255 
0.983949 2.24929 -0.0730622 190 190 190 255 
0.964917 2.19594 -0.34013 190 190 190 255 
0.983949 2.16656 -0.608812 190 190 190 255 
0.964917 2.13927 -0.601142 190 190 190 255 
0.983949 1.96585 -1.09548 190 190 190 255 
0.964917 2.0532 -0.849833 190 190 190 255 
0.964917 1.94109 -1.08167 190 190 190 255 
0.983949 1.67681 -1.50098 190 190 190 255 
0.964917 1.65569 -1.48207 190 190 190 255 
0.964917 1.49158 -1.64713 190 190 190 255 
0.983949 1.33598 -1.81102 190 190 190 255 
0.983949 1.15697 -1.9303 190 190 190 255 
0.964917 1.1424 -1.90598 190 190 190 255 
0.983949 0.977076 -2.0273 190 190 190 255 
0.983949 0.799158 -2.1038 190 190 190 255 
0.964917 0.78909 -2.0773 190 190 190 255 
0.983949 0.625479 -2.16181 190 190 190 255 
0.964917 0.617599 -2.13457 190 190 190 255 
0.983949 0.457733 -2.20343 190 190 190 255 
0.96857 0 -2.22708 190 190 190 255 
1.01547 2.09106 0.995328 190 190 190 255 
0.999663 2.15886 0.734387 190 190 190 255 
0.999663 2.23064 0.473528 190 190 190 255 
0.983949 2.24161 0.19952 190 190 190 255 
0.942816 2.16996 -0.336106 190 190 190 255 
0.942816 2.11396 -0.59403 190 190 190 255 
0.942816 2.02891 -0.839779 190 190 190 255 
0.942816 1.78569 -1.27789 190 190 190 255 
0.964917 1.80707 -1.29319 190 190 190 255 
0.942816 1.47393 -1.62764 190 190 190 255 
0.942816 1.30354 -1.76705 190 190 190 255 
0.964917 1.31915 -1.78821 190 190 190 255 
0.942816 1.12888 -1.88343 190 190 190 255 
0.964917 0.964767 -2.00176 190 190 190 255 
0.964917 0.451967 -2.17567 190 190 190 255 
0.964917 0.293371 -2.20267 190 190 190 255 
0.942816 0.289901 -2.17661 190 190 190 255 
0.943697 0 -2.1981 190 190 190 255 
1.01547 2.29978 0.296206 190 190 190 255 
0.999663 2.27137 0.202169 190 190 190 255 
0.999663 2.27915 -0.0740317 190 190 190 255 
0.999663 2.25348 -0.349043 190 190 190 255 
0.983949 2.22396 -0.34447 190 190 190 255 
0.999663 2.107 -0.872102 190 190 190 255 
0.983949 2.07939 -0.860675 190 190 190 255 
0.983949 1.83012 -1.30969 190 190 190 255 
0.999663 1.69907 -1.52091 190 190 190 255 
0.983949 1.51061 -1.66815 190 190 190 255 
0.999663 1.53066 -1.69029 190 190 190 255 
0.999663 0.990048 -2.05422 190 190 190 255 
0.999663 0.809767 -2.13173 190 190 190 255 
0.999663 0.633783 -2.19051 190 190 190 255 
0.999663 0.46381 -2.23269 190 190 190 255 
0.999663 0.301059 -2.26039 190 190 190 255 
0.999663 1.93537 1.20596 190 190 190 255 
0.983949 2.13058 0.724765 190 190 190 255 
0.964917 2.10374 0.715634 190 190 190 255 
0.942816 2.14797 0.455977 190 190 190 255 
0.964917 2.17369 0.461437 190 190 190 255 
0.918005 2.16354 0.192571 190 190 190 255 
0.890942 2.15014 -0.0698417 190 190 190 255 
0.918005 2.14649 -0.332472 190 190 190 255 
0.890942 2.12593 -0.329286 190 190 190 255 
0.918005 2.0911 -0.587607 190 190 190 255 
0.918005 1.89738 -1.05732 190 190 190 255 
0.918005 1.61841 -1.4487 190 190 190 255 
0.918005 1.45799 -1.61004 190 190 190 255 
0.890942 1.44402 -1.59462 190 190 190 255 
0.918005 1.28945 -1.74794 190 190 190 255 
0.890942 1.27709 -1.73119 190 190 190 255 
0.918005 0.943044 -1.95669 190 190 190 255 
0.918005 0.771322 -2.03053 190 190 190 255 
0.918005 0.603693 -2.08651 190 190 190 255 
0.890942 0.763932 -2.01107 190 190 190 255 
0.8959 0 -2.15475 190 190 190 255 
0.406935 2.30505 -0.250769 190 190 190 255 
0.410467 2.30997 -0.0750329 190 190 190 255 
0.422737 2.27915 -0.0740317 190 190 190 255 
0.410467 2.30209 0.204902 190 190 190 255 
0.422737 2.27137 0.202169 190 190 190 255 
0.410467 2.26081 0.479931 190 190 190 255 
0.422737 2.23064 0.473528 190 190 190 255 
0.410467 1.65621 1.612 190 190 190 255 
0.422737 1.46582 1.74682 190 190 190 255 
0.422737 1.29144 1.87941 190 190 190 255 
0.410467 1.30891 1.90482 190 190 190 255 
0.410467 1.12971 2.01627 190 190 190 255 
0.410467 0.951151 2.10639 190 190 190 255 
0.410467 0.441369 2.26865 190 190 190 255 
0.422737 0.435481 2.23838 190 190 190 255 
0.410467 2.13549 -0.883894 190 190 190 255 
0.406935 2.18852 -0.758431 190 190 190 255 
0.422737 2.25348 -0.349043 190 190 190 255 
0.438451 2.24929 -0.0730622 190 190 190 255 
0.457483 2.21337 0.197006 190 190 190 255 
0.438451 2.24161 0.19952 190 190 190 255 
0.438451 2.20142 0.467324 190 190 190 255 
0.457483 2.17369 0.461437 190 190 190 255 
0.438451 2.03213 0.966993 190 190 190 255 
0.438451 1.91001 1.19016 190 190 190 255 
0.457483 1.74638 1.37404 190 190 190 255 
0.457483 1.59239 1.54988 190 190 190 255 
0.438451 1.44662 1.72393 190 190 190 255 
0.457483 1.25847 1.83142 190 190 190 255 
0.438451 1.10003 1.96331 190 190 190 255 
0.457483 1.08617 1.93857 190 190 190 255 
0.438451 0.926166 2.05106 190 190 190 255 
0.457483 0.914498 2.02522 190 190 190 255 
0.438451 0.589434 2.17191 190 190 190 255 
0.458219 0.159407 2.21695 190 190 190 255 
0.410467 2.22501 -0.625236 190 190 190 255 
0.410467 2.28395 -0.353763 190 190 190 255 
0.422737 2.15886 0.734387 190 190 190 255 
0.438451 2.13058 0.724765 190 190 190 255 
0.422737 2.05911 0.979831 190 190 190 255 
0.422737 1.93537 1.20596 190 190 190 255 
0.422737 1.79215 1.41004 190 190 190 255 
0.438451 1.76866 1.39157 190 190 190 255 
0.422737 1.63411 1.5905 190 190 190 255 
0.438451 1.6127 1.56966 190 190 190 255 
0.422737 1.11464 1.98937 190 190 190 255 
0.438451 1.27452 1.85479 190 190 190 255 
0.422737 0.938461 2.07829 190 190 190 255 
0.422737 0.765375 2.14807 190 190 190 255 
0.438451 0.755347 2.11993 190 190 190 255 
0.422737 0.597259 2.20075 190 190 190 255 
0.434742 0.161156 2.25333 190 190 190 255 
0.410467 1.87949 -1.34503 190 190 190 255 
0.406935 1.89993 -1.32813 190 190 190 255 
0.438451 2.16656 -0.608812 190 190 190 255 
0.438451 2.07939 -0.860675 190 190 190 255 
0.457483 2.19594 -0.34013 190 190 190 255 
0.479584 2.16996 -0.336106 190 190 190 255 
0.479584 2.18719 0.194675 190 190 190 255 
0.479584 2.07885 0.707168 190 190 190 255 
0.504395 2.05637 0.699521 190 190 190 255 
0.479584 1.98279 0.943515 190 190 190 255 
0.504395 1.55653 1.51499 190 190 190 255 
0.479584 1.57355 1.53155 190 190 190 255 
0.479584 1.41149 1.68208 190 190 190 255 
0.504395 1.39623 1.66389 190 190 190 255 
0.504395 1.23013 1.79018 190 190 190 255 
0.479584 1.07332 1.91564 190 190 190 255 
0.504395 1.06172 1.89492 190 190 190 255 
0.504395 0.893906 1.97962 190 190 190 255 
0.479584 0.737008 2.06846 190 190 190 255 
0.504395 0.729038 2.04609 190 190 190 255 
0.479584 0.41934 2.15542 190 190 190 255 
0.504395 0.568903 2.09626 190 190 190 255 
0.504395 0.414806 2.13211 190 190 190 255 
0.422737 1.69907 -1.52091 190 190 190 255 
0.438451 1.83012 -1.30969 190 190 190 255 
0.438451 1.96585 -1.09548 190 190 190 255 
0.457483 1.94109 -1.08167 190 190 190 255 
0.457483 2.0532 -0.849833 190 190 190 255 
0.479584 2.02891 -0.839779 190 190 190 255 
0.504395 2.0911 -0.587607 190 190 190 255 
0.531458 2.12593 -0.329286 190 190 190 255 
0.531458 2.14281 0.190726 190 190 190 255 
0.560252 2.12528 0.189165 190 190 190 255 
0.560252 2.02 0.68715 190 190 190 255 
0.531458 2.03666 0.692818 190 190 190 255 
0.531458 1.94256 0.924369 190 190 190 255 
0.531458 1.82582 1.1377 190 190 190 255 
0.560252 1.81089 1.1284 190 190 190 255 
0.531458 1.54162 1.50047 190 190 190 255 
0.560252 1.52901 1.48819 190 190 190 255 
0.560252 1.37154 1.63446 190 190 190 255 
0.531458 1.21834 1.77303 190 190 190 255 
0.560252 1.20838 1.75852 190 190 190 255 
0.531458 0.885341 1.96065 190 190 190 255 
0.531458 0.722052 2.02648 190 190 190 255 
0.560252 0.40747 2.09441 190 190 190 255 
0.551295 0.155891 2.13302 190 190 190 255 
0.422737 1.85442 -1.32708 190 190 190 255 
0.422737 1.99195 -1.11002 190 190 190 255 
0.457483 2.13927 -0.601142 190 190 190 255 
0.479584 2.11396 -0.59403 190 190 190 255 
0.504395 2.14649 -0.332472 190 190 190 255 
0.504395 2.17094 -0.0705169 190 190 190 255 
0.531458 2.15014 -0.0698417 190 190 190 255 
0.504395 2.16354 0.192571 190 190 190 255 
0.504395 2.12474 0.451047 190 190 190 255 
0.531458 2.10438 0.446725 190 190 190 255 
0.504395 1.96135 0.933312 190 190 190 255 
0.504395 1.84349 1.14871 190 190 190 255 
0.504395 1.70706 1.3431 190 190 190 255 
0.531458 1.6907 1.33023 190 190 190 255 
0.531458 1.38285 1.64794 190 190 190 255 
0.531458 1.05154 1.87676 190 190 190 255 
0.531458 0.563452 2.07618 190 190 190 255 
0.532066 0.156429 2.14645 190 190 190 255 
0.410467 1.18819 -1.98237 190 190 190 255 
0.410467 1.37202 -1.85988 190 190 190 255 
0.422737 1.35372 -1.83506 190 190 190 255 
0.438451 1.51061 -1.66815 190 190 190 255 
0.479584 1.91812 -1.06888 190 190 190 255 
0.560252 2.05412 -0.577215 190 190 190 255 
0.590219 2.09448 -0.324415 190 190 190 255 
0.560252 2.10853 -0.326592 190 190 190 255 
0.6208 2.10753 -0.0684569 190 190 190 255 
0.590219 2.11111 0.187904 190 190 190 255 
0.590219 2.07325 0.440116 190 190 190 255 
0.590219 2.00653 0.682569 190 190 190 255 
0.6208 1.9963 0.679088 190 190 190 255 
0.6208 1.78964 1.11515 190 190 190 255 
0.590219 1.66569 1.31055 190 190 190 255 
0.6208 1.51107 1.47073 190 190 190 255 
0.590219 1.20032 1.7468 190 190 190 255 
0.6208 1.0307 1.83957 190 190 190 255 
0.6208 0.867795 1.9218 190 190 190 255 
0.6208 0.707742 1.98632 190 190 190 255 
0.590219 0.555117 2.04546 190 190 190 255 
0.6208 0.402689 2.06983 190 190 190 255 
0.590219 0.404754 2.08045 190 190 190 255 
0.621059 0.154831 2.10379 190 190 190 255 
0.406935 0.822478 -2.16564 190 190 190 255 
0.410467 0.820717 -2.16056 190 190 190 255 
0.422737 0.990048 -2.05422 190 190 190 255 
0.422737 1.17233 -1.95592 190 190 190 255 
0.438451 1.15697 -1.9303 190 190 190 255 
0.457483 1.49158 -1.64713 190 190 190 255 
0.457483 1.31915 -1.78821 190 190 190 255 
0.479584 1.6361 -1.46454 190 190 190 255 
0.479584 1.47393 -1.62764 190 190 190 255 
0.504395 1.61841 -1.4487 190 190 190 255 
0.531458 1.74945 -1.25196 190 190 190 255 
0.560252 1.86383 -1.03862 190 190 190 255 
0.560252 1.97147 -0.816007 190 190 190 255 
0.590219 1.95833 -0.810567 190 190 190 255 
0.590219 2.04042 -0.573367 190 190 190 255 
0.6208 2.08379 -0.32276 190 190 190 255 
0.651465 2.0929 0.186283 190 190 190 255 
0.681735 1.89343 0.900991 190 190 190 255 
0.681735 1.77965 1.10893 190 190 190 255 
0.681735 1.64795 1.29659 190 190 190 255 
0.651465 1.65132 1.29925 190 190 190 255 
0.651465 1.50571 1.46552 190 190 190 255 
0.681735 0.703791 1.97523 190 190 190 255 
0.651465 0.401262 2.0625 190 190 190 255 
0.681735 0.400441 2.05828 190 190 190 255 
0.655205 0.154572 2.09554 190 190 190 255 
0.406935 1.04321 -2.07478 190 190 190 255 
0.410467 1.00344 -2.08199 190 190 190 255 
0.438451 1.33598 -1.81102 190 190 190 255 
0.457483 1.65569 -1.48207 190 190 190 255 
0.479584 1.78569 -1.27789 190 190 190 255 
0.504395 1.76638 -1.26408 190 190 190 255 
0.531458 1.8792 -1.04719 190 190 190 255 
0.504395 1.89738 -1.05732 190 190 190 255 
0.531458 1.98774 -0.822738 190 190 190 255 
0.651465 2.10006 -0.0682147 190 190 190 255 
0.6208 2.10034 0.186945 190 190 190 255 
0.651465 2.05537 0.43632 190 190 190 255 
0.6208 2.06268 0.437872 190 190 190 255 
0.651465 1.98923 0.676681 190 190 190 255 
0.6208 1.90406 0.906049 190 190 190 255 
0.651465 1.89731 0.902839 190 190 190 255 
0.651465 1.7833 1.1112 190 190 190 255 
0.6208 1.6572 1.30387 190 190 190 255 
0.6208 1.35544 1.61528 190 190 190 255 
0.651465 1.35064 1.60956 190 190 190 255 
0.6208 1.1942 1.73789 190 190 190 255 
0.651465 1.18997 1.73173 190 190 190 255 
0.651465 1.02705 1.83305 190 190 190 255 
0.651465 0.86472 1.91499 190 190 190 255 
0.651465 0.705235 1.97928 190 190 190 255 
0.6208 0.552285 2.03503 190 190 190 255 
0.651465 0.550328 2.02782 190 190 190 255 
0.640589 0.154631 2.09776 190 190 190 255 
0.422737 1.53066 -1.69029 190 190 190 255 
0.438451 1.67681 -1.50098 190 190 190 255 
0.457483 1.80707 -1.29319 190 190 190 255 
0.504395 2.00697 -0.830698 190 190 190 255 
0.531458 2.07106 -0.581976 190 190 190 255 
0.560252 2.13255 -0.0692699 190 190 190 255 
0.590219 2.11834 -0.068808 190 190 190 255 
0.560252 2.08717 0.44307 190 190 190 255 
0.560252 1.92667 0.916807 190 190 190 255 
0.590219 1.91382 0.910696 190 190 190 255 
0.590219 1.79881 1.12087 190 190 190 255 
0.560252 1.67687 1.31935 190 190 190 255 
0.590219 1.51881 1.47827 190 190 190 255 
0.590219 1.36239 1.62356 190 190 190 255 
0.590219 1.03599 1.849 190 190 190 255 
0.560252 1.04294 1.86141 190 190 190 255 
0.590219 0.872244 1.93165 190 190 190 255 
0.560252 0.878098 1.94461 190 190 190 255 
0.560252 0.716146 2.0099 190 190 190 255 
0.590219 0.711371 1.99651 190 190 190 255 
0.560252 0.558843 2.05919 190 190 190 255 
0.595006 0.155098 2.11184 190 190 190 255 
0.422737 2.107 -0.872102 190 190 190 255 
0.422737 2.19532 -0.616894 190 190 190 255 
0.438451 2.22396 -0.34447 190 190 190 255 
0.479584 2.19468 -0.0712881 190 190 190 255 
0.457483 2.22095 -0.0721412 190 190 190 255 
0.479584 2.14797 0.455977 190 190 190 255 
0.457483 2.10374 0.715634 190 190 190 255 
0.457483 2.00653 0.954811 190 190 190 255 
0.479584 1.86364 1.16127 190 190 190 255 
0.457483 1.88595 1.17517 190 190 190 255 
0.479584 1.72572 1.35778 190 190 190 255 
0.457483 1.42839 1.70221 190 190 190 255 
0.479584 1.24358 1.80975 190 190 190 255 
0.479584 0.903679 2.00126 190 190 190 255 
0.457483 0.745831 2.09322 190 190 190 255 
0.457483 0.582008 2.14455 190 190 190 255 
0.479584 0.575123 2.11918 190 190 190 255 
0.457483 0.424361 2.18123 190 190 190 255 
0.789171 0 -2.1061 190 190 190 255 
0.770746 0 -2.10202 190 190 190 255 
0.740665 0.276835 -2.07852 190 190 190 255 
0.740617 0 -2.09773 190 190 190 255 
1.01547 0.953282 2.11084 190 190 190 255 
1.01547 1.0742 2.05891 190 190 190 255 
0.999663 1.11464 1.98937 190 190 190 255 
0.983949 1.44662 1.72393 190 190 190 255 
0.964917 1.59239 1.54988 190 190 190 255 
0.942816 1.57355 1.53155 190 190 190 255 
0.890942 1.82582 1.1377 190 190 190 255 
0.8016 2.06268 0.437872 190 190 190 255 
0.832181 2.07325 0.440116 190 190 190 255 
0.770935 2.10006 -0.0682147 190 190 190 255 
0.770935 2.07641 -0.321616 190 190 190 255 
0.740665 2.07216 -0.320958 190 190 190 255 
0.770935 2.02282 -0.568421 190 190 190 255 
0.740665 1.93747 -0.80193 190 190 190 255 
0.740665 1.83167 -1.0207 190 190 190 255 
0.740665 1.70521 -1.2203 190 190 190 255 
0.740665 1.56236 -1.39853 190 190 190 255 
0.770935 1.24735 -1.69087 190 190 190 255 
0.770935 1.08022 -1.80223 190 190 190 255 
0.770935 0.912253 -1.8928 190 190 190 255 
0.770935 0.746138 -1.96423 190 190 190 255 
0.770935 0.583982 -2.01839 190 190 190 255 
0.740665 0.744611 -1.96021 190 190 190 255 
0.740665 0.582787 -2.01426 190 190 190 255 
0.7112 0.426212 -2.0517 190 190 190 255 
0.7112 0.276654 -2.07716 190 190 190 255 
0.422737 0.809767 -2.13173 190 190 190 255 
0.438451 0.977076 -2.0273 190 190 190 255 
0.479584 1.30354 -1.76705 190 190 190 255 
0.504395 1.45799 -1.61004 190 190 190 255 
0.560252 1.73514 -1.24172 190 190 190 255 
0.590219 1.8514 -1.0317 190 190 190 255 
0.651465 2.02282 -0.568421 190 190 190 255 
0.6208 2.03002 -0.570442 190 190 190 255 
0.651465 2.07641 -0.321616 190 190 190 255 
0.681735 2.07216 -0.320958 190 190 190 255 
0.681735 2.09576 -0.068075 190 190 190 255 
0.7112 2.0944 -0.0680303 190 190 190 255 
0.681735 2.08861 0.185901 190 190 190 255 
0.7112 2.08725 0.18578 190 190 190 255 
0.681735 2.05116 0.435427 190 190 190 255 
0.681735 1.98515 0.675296 190 190 190 255 
0.7112 1.98386 0.674855 190 190 190 255 
0.7112 1.64687 1.29574 190 190 190 255 
0.681735 1.50263 1.46252 190 190 190 255 
0.681735 1.34788 1.60627 190 190 190 255 
0.681735 1.18753 1.72819 190 190 190 255 
0.7112 1.18675 1.72706 190 190 190 255 
0.681735 1.02495 1.8293 190 190 190 255 
0.681735 0.86295 1.91107 190 190 190 255 
0.7112 0.548844 2.02235 190 190 190 255 
0.681735 0.549202 2.02367 190 190 190 255 
0.127015 -1.5664e-009 -0.508005 190 190 190 255 
0.127022 0.0836141 -0.501071 190 190 190 255 
-8.40257e-016 0.104522 -0.626367 190 190 190 255 
0.127022 0.0881239 -0.499929 190 190 190 255 
-8.40257e-016 0.206193 -0.60062 190 190 190 255 
-8.40257e-016 0.30224 -0.558491 190 190 190 255 
0.127022 0.173471 -0.476737 190 190 190 255 
0.127022 0.253473 -0.439134 190 190 190 255 
-8.40257e-016 0.390042 -0.501126 190 190 190 255 
0.127022 0.325724 -0.388268 190 190 190 255 
-8.40257e-016 0.467205 -0.430093 190 190 190 255 
0.127022 0.425281 -0.27785 190 190 190 255 
-8.40257e-016 0.531624 -0.347327 190 190 190 255 
-8.40257e-016 0.581542 -0.255087 190 190 190 255 
0.127022 0.498592 -0.0879308 190 190 190 255 
-8.40257e-016 0.615596 -0.15589 190 190 190 255 
0.127022 0.506265 1.42693e-008 190 190 190 255 
-8.40257e-016 0.632859 -0.05244 190 190 190 255 
-8.40257e-016 0.632859 0.05244 190 190 190 255 
-8.40257e-016 0.615596 0.15589 190 190 190 255 
0.127022 0.475804 0.173211 190 190 190 255 
-8.40257e-016 0.581542 0.255087 190 190 190 255 
-8.40257e-016 0.531624 0.347327 190 190 190 255 
0.127022 0.438585 0.253266 190 190 190 255 
0.127022 0.388052 0.325681 190 190 190 255 
0.127022 0.373748 0.344059 190 190 190 255 
-8.40257e-016 0.467205 0.430093 190 190 190 255 
-8.40257e-016 0.390042 0.501126 190 190 190 255 
0.127022 0.31202 0.400883 190 190 190 255 
0.127022 0.253473 0.439134 190 190 190 255 
0.127022 0.241781 0.446772 190 190 190 255 
-8.40257e-016 0.30224 0.558491 190 190 190 255 
-8.40257e-016 0.206193 0.60062 190 190 190 255 
0.127022 0.164947 0.480475 190 190 190 255 
0.127022 0.0881239 0.499929 190 190 190 255 
-8.40257e-016 0.104522 0.626367 190 190 190 255 
0.127022 -0.0836141 0.501071 190 190 190 255 
0 -0.206193 0.60062 190 190 190 255 
0.127022 -0.0881239 0.499929 190 190 190 255 
0.127022 -0.164947 0.480475 190 190 190 255 
0.127022 -0.173471 0.476737 190 190 190 255 
0.127022 -0.253473 0.439134 190 190 190 255 
0 -0.390042 0.501126 190 190 190 255 
0.127022 -0.325724 0.388268 190 190 190 255 
0.127022 -0.373748 0.344059 190 190 190 255 
0 -0.531624 0.347327 190 190 190 255 
0.127022 -0.425281 0.27785 190 190 190 255 
0.127022 -0.475804 0.173211 190 190 190 255 
0.127022 -0.492455 0.124707 190 190 190 255 
0 -0.615596 0.15589 190 190 190 255 
0.127022 -0.498592 0.0879308 190 190 190 255 
0 -0.632859 0.05244 190 190 190 255 
0.127022 -0.506265 -0.0419505 190 190 190 255 
0.127022 -0.498592 -0.0879308 190 190 190 255 
0.127022 -0.475804 -0.173211 190 190 190 255 
0.127022 -0.465213 -0.204061 190 190 190 255 
0.127022 -0.388052 -0.325681 190 190 190 255 
0 -0.531624 -0.347327 190 190 190 255 
0.127022 -0.325724 -0.388268 190 190 190 255 
0 -0.390042 -0.501126 190 190 190 255 
0.127022 -0.253473 -0.439134 190 190 190 255 
0.127022 -0.241781 -0.446773 190 190 190 255 
0.127022 -0.173471 -0.476737 190 190 190 255 
0.127022 -0.0881239 -0.499929 190 190 190 255 
0.127022 -0.0836141 -0.501071 190 190 190 255 
1.02868 0.1778 2.40972 190 190 190 255 
1.0287 0.1778 2.413 190 190 190 255 
0.398524 0.1778 2.46813 190 190 190 255 
0.406428 0.381 2.502 190 190 190 255 
0.436237 0.1778 2.57175 190 190 190 255 
0.427137 0.1778 2.55223 190 190 190 255 
0.507115 0.1778 2.65622 190 190 190 255 
0.602609 0.1778 2.71135 190 190 190 255 
0.579162 0.381 2.70174 190 190 190 255 
0.738401 0.381 2.72933 190 190 190 255 
0.7112 0.1778 2.7305 190 190 190 255 
0.656067 0.1778 2.72568 190 190 190 255 
0.792006 0.381 2.72004 190 190 190 255 
0.791694 0.1778 2.71888 190 190 190 255 
0.766333 0.1778 2.72568 190 190 190 255 
0.843238 0.381 2.70174 190 190 190 255 
0.842731 0.1778 2.70066 190 190 190 255 
0.915285 0.1778 2.65622 190 190 190 255 
0.932681 0.381 2.64049 190 190 190 255 
0.931847 0.1778 2.63966 190 190 190 255 
0.967312 0.1778 2.59867 190 190 190 255 
1.00955 0.1778 2.52159 190 190 190 255 
0.995263 0.1778 2.55223 190 190 190 255 
0.986163 0.1778 2.57175 190 190 190 255 
1.02388 0.1778 2.46813 190 190 190 255 
0.806655 -2.286 2.91195 190 190 190 255 
1.10035 0.127 2.08646 190 190 190 255 
1.08785 -1.36453 2.07216 190 190 190 255 
1.00874 -1.00226 2.00122 190 190 190 255 
1.03774 0.127 2.02385 190 190 190 255 
1.03761 -1.07111 2.02407 190 190 190 255 
0.9652 0.127 1.97306 190 190 190 255 
0.897422 -0.872508 1.94037 190 190 190 255 
0.965063 -0.936607 1.97338 190 190 190 255 
0.968098 -0.940048 1.97505 190 190 190 255 
0.895733 -0.871541 1.93979 190 190 190 255 
0.761647 -0.819302 1.90752 190 190 190 255 
0.799413 0.127 1.91272 190 190 190 255 
0.667629 -0.818392 1.90688 190 190 190 255 
0.759968 -0.819165 1.90742 190 190 190 255 
0.580943 -0.84178 1.92199 190 190 190 255 
0.537454 0.127 1.93564 190 190 190 255 
0.614839 -0.830141 1.91456 190 190 190 255 
0.623001 -0.827338 1.91277 190 190 190 255 
0.624088 -0.826965 1.91253 190 190 190 255 
0.52672 -0.871777 1.93992 190 190 190 255 
0.510915 -0.882772 1.94615 190 190 190 255 
0.400448 -1.03003 2.01119 190 190 190 255 
0.398269 -1.03418 2.01275 190 190 190 255 
0.454913 -0.940612 1.97502 190 190 190 255 
0.330205 -1.47593 2.07699 190 190 190 255 
0.330983 -1.42292 2.07613 190 190 190 255 
0.354561 -1.19134 2.05155 190 190 190 255 
0.366873 -1.1266 2.03948 190 190 190 255 
0.382115 -1.08173 2.02651 190 190 190 255 
0.210918 0.127 2.50121 190 190 190 255 
0.210918 -2.286 2.50121 190 190 190 255 
0.243929 -2.286 2.60839 190 190 190 255 
0.233836 -2.286 2.58675 190 190 190 255 
0.223435 -2.286 2.54793 190 190 190 255 
0.322049 0.127 2.73954 190 190 190 255 
0.305972 -2.286 2.71658 190 190 190 255 
0.271259 0.127 2.667 190 190 190 255 
0.271259 -2.286 2.667 190 190 190 255 
0.384664 0.127 2.80215 190 190 190 255 
0.4572 -2.286 2.85294 190 190 190 255 
0.537454 0.127 2.89036 190 190 190 255 
0.55314 -2.286 2.89457 190 190 190 255 
0.622987 0.127 2.91328 190 190 190 255 
0.622987 -2.286 2.91328 190 190 190 255 
0.799413 0.127 2.91328 190 190 190 255 
0.799413 -2.286 2.91328 190 190 190 255 
0.7112 0.127 2.921 190 190 190 255 
0.884946 0.127 2.89036 190 190 190 255 
0.884946 -2.286 2.89036 190 190 190 255 
0.922956 -2.286 2.87264 190 190 190 255 
0.9652 -2.286 2.85294 190 190 190 255 
1.03774 0.127 2.80215 190 190 190 255 
1.02598 -2.286 2.81038 190 190 190 255 
1.07384 -2.286 2.76605 190 190 190 255 
1.03774 -2.286 2.80215 190 190 190 255 
1.10035 -2.286 2.73954 190 190 190 255 
1.15114 0.127 2.667 190 190 190 255 
1.17953 -2.286 2.60612 190 190 190 255 
1.11609 -2.286 2.71706 190 190 190 255 
1.21148 -2.286 2.50121 190 190 190 255 
1.21148 0.127 2.50121 190 190 190 255 
1.19932 -2.286 2.5466 190 190 190 255 
1.20516 -2.286 2.30119 190 190 190 255 
1.2147 -2.286 2.36162 190 190 190 255 
1.2192 -2.286 2.413 190 190 190 255 
1.21286 -2.286 2.48543 190 190 190 255 
1.15114 -2.286 2.159 190 190 190 255 
1.15114 0.127 2.159 190 190 190 255 
1.19097 -2.286 2.24823 190 190 190 255 
1.10035 -2.286 2.08646 190 190 190 255 
0.291488 -2.286 2.13011 190 190 190 255 
0.322049 0.127 2.08646 190 190 190 255 
0.233836 0.127 2.23925 190 190 190 255 
0.271259 -2.286 2.159 190 190 190 255 
0.219648 -2.286 2.2922 190 190 190 255 
0.210918 0.127 2.32479 190 190 190 255 
1.20736 -0.254 2.98176 190 190 190 255 
1.20736 0.381 2.98176 190 190 190 255 
1.38602 -0.254 2.88483 190 190 190 255 
1.38602 0.381 2.88483 190 190 190 255 
1.79492 -0.254 2.43998 190 190 190 255 
1.79492 0.381 2.43998 190 190 190 255 
1.87649 0.381 2.25381 190 190 190 255 
1.92633 -0.254 2.05676 190 190 190 255 
1.92633 0.381 2.05676 190 190 190 255 
2.0743 -0.889 3.81 190 190 190 255 
-0.230984 -0.432752 3.2625 190 190 190 255 
-0.077653 -0.285554 3.08586 190 190 190 255 
0.487954 -0.254 3.048 190 190 190 255 
1.9431 -0.254 3.048 190 190 190 255 
1.45695 0.381 2.22422 190 190 190 255 
1.47124 0.381 2.21537 190 190 190 255 
1.71299 1.83815 0.951035 190 190 190 255 
1.71299 1.80556 1.00306 190 190 190 255 
1.45719 1.9529 1.13152 190 190 190 255 
1.71299 1.78586 1.03452 190 190 190 255 
1.71299 1.65806 1.23858 190 190 190 255 
1.71299 1.68461 1.19619 190 190 190 255 
1.71299 1.71947 1.14053 190 190 190 255 
1.71299 1.9451 0.69534 190 190 190 255 
1.45719 2.12523 0.759974 190 190 190 255 
1.71299 1.99007 0.547978 190 190 190 255 
1.71299 1.9968 0.519854 190 190 190 255 
1.45719 2.04805 0.948491 190 190 190 255 
1.71299 1.94109 0.704927 190 190 190 255 
1.71299 1.63035 1.27326 190 190 190 255 
1.45719 1.84041 1.30655 190 190 190 255 
1.1811 2.37152 0.401507 190 190 190 255 
1.45719 2.18425 0.568515 190 190 190 255 
1.1811 2.35243 0.537254 190 190 190 255 
1.1811 2.18409 1.01118 190 190 190 255 
1.1811 0.755003 2.28986 190 190 190 255 
1.1811 0.777875 2.28418 190 190 190 255 
1.45719 1.2455 1.88226 190 190 190 255 
1.1811 1.49385 1.89499 190 190 190 255 
1.45719 1.0707 1.9869 190 190 190 255 
1.1811 1.1444 2.12354 190 190 190 255 
1.71299 0.713336 1.94278 190 190 190 255 
1.71299 0.646724 1.96111 190 190 190 255 
1.45719 0.706625 2.14356 190 190 190 255 
1.45719 0.522159 2.19579 190 190 190 255 
1.71299 0.477229 2.00775 190 190 190 255 
1.65286 0.381 2.08338 190 190 190 255 
1.71299 1.3052 1.60348 190 190 190 255 
1.71299 1.32663 1.58849 190 190 190 255 
1.71299 1.29313 1.61193 190 190 190 255 
1.45719 1.41217 1.76066 190 190 190 255 
1.71299 1.13815 1.72035 190 190 190 255 
1.71299 1.06511 1.77145 190 190 190 255 
1.71299 1.03748 1.79078 190 190 190 255 
1.45719 0.890253 2.07403 190 190 190 255 
1.71299 0.81691 1.89421 190 190 190 255 
1.71299 2.04496 0.318424 190 190 190 255 
1.45719 2.22539 0.376562 190 190 190 255 
1.71299 2.05217 0.225198 190 190 190 255 
1.45719 2.24931 0.186382 190 190 190 255 
1.45659 2.25599 1.42693e-008 190 190 190 255 
1.4786 2.24306 1.42693e-008 190 190 190 255 
1.71299 2.06479 0.0621565 190 190 190 255 
1.1811 1.96162 1.39231 190 190 190 255 
1.45719 1.71169 1.47115 190 190 190 255 
1.1811 1.79238 1.61553 190 190 190 255 
1.1811 1.67096 1.72919 190 190 190 255 
1.71299 1.52608 1.39123 190 190 190 255 
1.45719 1.5683 1.62314 190 190 190 255 
1.71299 1.56918 1.34861 190 190 190 255 
1.24041 -2.36086 -0.324492 190 190 190 255 
1.24041 -1.37426 -1.94688 190 190 190 255 
1.71299 -1.60541 -1.3061 190 190 190 255 
1.71299 -1.89826 -0.824532 190 190 190 255 
1.71299 -2.05032 -0.281811 190 190 190 255 
1.71299 -1.1561 -1.71354 190 190 190 255 
1.71299 -1.28634 -1.61527 190 190 190 255 
1.71299 -1.41261 -1.51254 190 190 190 255 
1.4786 -1.531 -1.63931 190 190 190 255 
1.71299 -0.717212 -1.93962 190 190 190 255 
1.4786 -1.03195 -1.99158 190 190 190 255 
1.4786 -0.751154 -2.11354 190 190 190 255 
1.71299 -0.559951 -1.9874 190 190 190 255 
1.71299 -0.421073 -2.02631 190 190 190 255 
1.71299 -0.40193 -2.02894 190 190 190 255 
1.71299 -0.0822919 -2.06478 190 190 190 255 
1.71299 -0.141235 -2.06478 190 190 190 255 
1.4786 0.751154 -2.11354 190 190 190 255 
1.71299 0.918225 -1.8523 190 190 190 255 
1.71299 0.662638 -1.95863 190 190 190 255 
1.71299 1.41261 -1.51254 190 190 190 255 
1.4786 1.531 -1.63931 190 190 190 255 
1.71299 1.33644 -1.57451 190 190 190 255 
1.71299 1.1935 -1.6908 190 190 190 255 
1.71299 1.60541 -1.3061 190 190 190 255 
1.71299 1.67545 -1.20688 190 190 190 255 
1.4786 1.91651 -1.16546 190 190 190 255 
1.71299 1.76831 -1.07533 190 190 190 255 
1.71299 1.94006 -0.706925 190 190 190 255 
1.71299 1.89826 -0.824532 190 190 190 255 
1.4786 2.22216 -0.305429 190 190 190 255 
1.71299 2.02302 -0.41323 190 190 190 255 
1.4786 2.15988 -0.60517 190 190 190 255 
1.71299 1.99285 -0.558372 190 190 190 255 
1.4786 -2.05736 -0.893636 190 190 190 255 
1.71299 -1.92094 -0.760717 190 190 190 255 
1.24041 -2.29468 -0.642939 190 190 190 255 
1.71299 -1.79493 -1.02396 190 190 190 255 
1.24041 -2.18576 -0.949411 190 190 190 255 
1.4786 -0.456363 -2.19614 190 190 190 255 
1.24041 -0.162625 -2.3775 190 190 190 255 
1.4786 -0.153072 -2.23783 190 190 190 255 
1.24041 0.162625 -2.3775 190 190 190 255 
1.24041 1.09636 -2.11588 190 190 190 255 
1.4786 1.03195 -1.99158 190 190 190 255 
1.4786 1.29353 -1.83251 190 190 190 255 
1.24041 2.29468 -0.642939 190 190 190 255 
1.4786 2.05736 -0.893636 190 190 190 255 
1.24041 2.36086 -0.324492 190 190 190 255 
1.71299 -2.05302 -0.2424 190 190 190 255 
1.4786 -2.22216 -0.305429 190 190 190 255 
1.4786 -2.24306 1.42693e-008 190 190 190 255 
1.1811 -2.3877 -0.342146 190 190 190 255 
1.4786 -2.15988 -0.60517 190 190 190 255 
1.71299 -1.99285 -0.558372 190 190 190 255 
1.1811 -2.29217 -0.739218 190 190 190 255 
1.1811 -2.21323 -0.961342 190 190 190 255 
1.24041 -2.03613 -1.2382 190 190 190 255 
1.4786 -1.91651 -1.16546 190 190 190 255 
1.71299 -1.62511 -1.27819 190 190 190 255 
1.1811 -1.91569 -1.46063 190 190 190 255 
1.1811 -1.87179 -1.52282 190 190 190 255 
1.24041 -1.84856 -1.50392 190 190 190 255 
1.71299 -1.52125 -1.39621 190 190 190 255 
1.4786 -1.73996 -1.41557 190 190 190 255 
1.24041 -1.62656 -1.74162 190 190 190 255 
1.4786 -1.29353 -1.83251 190 190 190 255 
1.24041 -1.09636 -2.11588 190 190 190 255 
1.1811 -1.32034 -2.01464 190 190 190 255 
1.1811 -0.960517 -2.20746 190 190 190 255 
1.24041 -0.798036 -2.24546 190 190 190 255 
1.24041 -0.484846 -2.33321 190 190 190 255 
1.1811 -0.164669 -2.40737 190 190 190 255 
1.1811 -0.490939 -2.36253 190 190 190 255 
1.1811 -0.574137 -2.33922 190 190 190 255 
1.1811 0.237018 -2.39743 190 190 190 255 
1.24041 0.484846 -2.33321 190 190 190 255 
1.4786 0.153072 -2.23783 190 190 190 255 
1.4786 0.456363 -2.19614 190 190 190 255 
1.71299 0.379656 -2.03201 190 190 190 255 
1.71299 0.421073 -2.02631 190 190 190 255 
1.24041 0.798036 -2.24546 190 190 190 255 
1.1811 0.808064 -2.27368 190 190 190 255 
1.1811 1.39153 -1.97135 190 190 190 255 
1.24041 1.37426 -1.94688 190 190 190 255 
1.1811 1.11014 -2.14247 190 190 190 255 
1.24041 1.84856 -1.50392 190 190 190 255 
1.24041 1.62656 -1.74162 190 190 190 255 
1.4786 1.73996 -1.41557 190 190 190 255 
1.1811 1.87179 -1.52282 190 190 190 255 
1.24041 2.03613 -1.2382 190 190 190 255 
1.1811 1.95399 -1.40636 190 190 190 255 
1.24041 2.18576 -0.949411 190 190 190 255 
1.1811 2.16401 -1.05633 190 190 190 255 
1.71299 2.06282 -0.0992035 190 190 190 255 
1.71299 2.0519 -0.258737 190 190 190 255 
1.24041 2.38305 1.42693e-008 190 190 190 255 
1.9812 0.408188 -0.48646 190 190 190 255 
1.9812 0.734706 -0.875588 190 190 190 255 
1.9812 0.875589 -0.734706 190 190 190 255 
1.9812 0.48646 -0.408188 190 190 190 255 
1.9812 0.989867 -0.5715 190 190 190 255 
1.9812 0.596731 -0.217193 190 190 190 255 
1.9812 1.07407 -0.390929 190 190 190 255 
1.9812 0.635028 1.42693e-008 190 190 190 255 
1.9812 1.12564 0.19848 190 190 190 255 
1.9812 1.07407 0.390929 190 190 190 255 
1.9812 0.48646 0.408188 190 190 190 255 
1.9812 0.408188 0.48646 190 190 190 255 
1.9812 0.734706 0.875589 190 190 190 255 
1.9812 0.390929 1.07407 190 190 190 255 
1.9812 0 0.635028 190 190 190 255 
1.9812 -2.1684e-016 1.143 190 190 190 255 
1.9812 -0.19848 1.12564 190 190 190 255 
1.9812 -0.217192 0.596731 190 190 190 255 
1.9812 -0.390929 1.07407 190 190 190 255 
1.9812 -0.317514 0.549951 190 190 190 255 
1.9812 -0.5715 0.989867 190 190 190 255 
1.9812 -0.734706 0.875589 190 190 190 255 
1.9812 -0.408188 0.48646 190 190 190 255 
1.9812 -0.875589 0.734706 190 190 190 255 
1.9812 -0.54995 0.317514 190 190 190 255 
1.9812 -0.596731 0.217192 190 190 190 255 
1.9812 -0.62538 0.110271 190 190 190 255 
1.9812 -1.07407 0.390929 190 190 190 255 
1.9812 -1.12564 0.19848 190 190 190 255 
1.9812 -0.635028 1.42693e-008 190 190 190 255 
1.9812 -1.143 1.42693e-008 190 190 190 255 
1.9812 -1.12564 -0.19848 190 190 190 255 
1.9812 -0.596731 -0.217193 190 190 190 255 
1.9812 -0.54995 -0.317514 190 190 190 255 
1.9812 -1.07407 -0.390929 190 190 190 255 
1.9812 -0.48646 -0.408188 190 190 190 255 
1.9812 -0.875589 -0.734706 190 190 190 255 
1.9812 -0.734706 -0.875588 190 190 190 255 
1.9812 -0.5715 -0.989867 190 190 190 255 
1.9812 -0.217192 -0.596731 190 190 190 255 
1.9812 -0.110271 -0.62538 190 190 190 255 
1.9812 -1.73472e-015 -0.635028 190 190 190 255 
1.9812 0.217192 -0.596731 190 190 190 255 
1.9812 0.317514 -0.549951 190 190 190 255 
1.9812 0.390929 -1.07407 190 190 190 255 
-2.16838 -0.32958 18.5669 190 190 190 255 
2.16678 -0.320533 18.5608 190 190 190 255 
-2.16678 -0.320557 18.5608 190 190 190 255 
-2.16797 -0.352999 18.5895 190 190 190 255 
-2.16609 -0.359419 18.5982 190 190 190 255 
-2.1597 -0.369929 18.6171 190 190 190 255 
2.16331 -0.365117 18.6075 190 190 190 255 
-2.15514 -0.373995 18.6274 190 190 190 255 
2.1597 -0.369929 18.6171 190 190 190 255 
2.14992 -0.37706 18.6376 190 190 190 255 
2.13875 -0.38036 18.6563 190 190 190 255 
-2.14992 -0.37706 18.6376 190 190 190 255 
-2.14373 -0.379313 18.6484 190 190 190 255 
2.08233 -0.369231 18.7224 190 190 190 255 
-2.08233 -0.369231 18.7224 190 190 190 255 
2.10269 -0.376633 18.702 190 190 190 255 
2.12107 -0.380462 18.6807 190 190 190 255 
-2.13694 -0.380606 18.659 190 190 190 255 
-2.04997 -0.351973 18.7491 190 190 190 255 
2.03805 -0.344667 18.7579 190 190 190 255 
2.06056 -0.358471 18.7412 190 190 190 255 
-2.06056 -0.358471 18.7412 190 190 190 255 
2.01553 -0.328221 18.7721 190 190 190 255 
-1.99537 -0.31112 18.7824 190 190 190 255 
2.52089 -0.329476 6.57914 190 190 190 255 
2.52464 -0.33787 6.57237 190 190 190 255 
0.991427 -0.337955 6.57229 190 190 190 255 
0.98547 -0.345659 6.56491 190 190 190 255 
2.52792 -0.345659 6.56491 190 190 190 255 
0.977626 -0.35332 6.55543 190 190 190 255 
2.5307 -0.352786 6.55681 190 190 190 255 
0.971603 -0.359202 6.54814 190 190 190 255 
0.955452 -0.369716 6.52933 190 190 190 255 
2.5347 -0.364859 6.53896 190 190 190 255 
2.53589 -0.369716 6.52933 190 190 190 255 
2.53652 -0.373739 6.51933 190 190 190 255 
0.937271 -0.376898 6.50902 190 190 190 255 
0.917399 -0.380542 6.48777 190 190 190 255 
2.53508 -0.380542 6.48777 190 190 190 255 
0.896273 -0.380542 6.46622 190 190 190 255 
2.52872 -0.379172 6.45553 190 190 190 255 
0.874432 -0.376898 6.44498 190 190 190 255 
2.52557 -0.376898 6.44498 190 190 190 255 
2.52195 -0.373739 6.43467 190 190 190 255 
0.852521 -0.369716 6.42467 190 190 190 255 
2.51787 -0.369716 6.42467 190 190 190 255 
0.831278 -0.359202 6.40586 190 190 190 255 
0.794068 -0.329476 6.37486 190 190 190 255 
2.48572 -0.329476 6.37486 190 190 190 255 
2.47302 -0.31112 6.36357 190 190 190 255 
-0.882555 -0.37816 6.45029 190 190 190 255 
-0.99494 -0.332669 6.5767 190 190 190 255 
-0.999669 -0.324405 6.5827 190 190 190 255 
-2.58667 -0.315443 6.58812 190 190 190 255 
-0.983605 -0.3478 6.56262 190 190 190 255 
-2.6008 -0.344745 6.56585 190 190 190 255 
-2.61136 -0.37387 6.51895 190 190 190 255 
-0.954357 -0.370273 6.52808 190 190 190 255 
-0.962166 -0.365374 6.53715 190 190 190 255 
-0.906959 -0.381 6.477 190 190 190 255 
-2.60785 -0.380551 6.46751 190 190 190 255 
-2.61028 -0.380869 6.48278 190 190 190 255 
-0.917441 -0.379604 6.48806 190 190 190 255 
-2.61161 -0.378917 6.49991 190 190 190 255 
-2.6028 -0.377151 6.44714 190 190 190 255 
-2.58764 -0.361141 6.40927 190 190 190 255 
-0.860802 -0.370788 6.42751 190 190 190 255 
-0.879575 -0.37715 6.44717 190 190 190 255 
-2.586 -0.359228 6.40589 190 190 190 255 
-0.833501 -0.356036 6.40138 190 190 190 255 
-2.57645 -0.347133 6.39066 190 190 190 255 
-0.804515 -0.333501 6.37903 190 190 190 255 
-0.779766 -0.31112 6.36357 190 190 190 255 
-2.55103 -0.31112 6.36357 190 190 190 255 
1.2694 -0.345659 7.32691 190 190 190 255 
1.26877 -0.359202 7.31014 190 190 190 255 
1.2678 -0.369716 7.29133 190 190 190 255 
2.62413 -0.373739 7.28133 190 190 190 255 
2.62578 -0.376898 7.27102 190 190 190 255 
2.62696 -0.379172 7.26047 190 190 190 255 
2.62768 -0.380542 7.24978 190 190 190 255 
2.62792 -0.381 7.239 190 190 190 255 
1.2625 -0.380542 7.22822 190 190 190 255 
2.62768 -0.380542 7.22822 190 190 190 255 
1.26001 -0.376898 7.20698 190 190 190 255 
2.62578 -0.376898 7.20698 190 190 190 255 
2.62413 -0.373739 7.19667 190 190 190 255 
2.62203 -0.369716 7.18667 190 190 190 255 
1.25445 -0.359202 7.16786 190 190 190 255 
2.60947 -0.345659 7.15109 190 190 190 255 
1.25152 -0.344606 7.15017 190 190 190 255 
2.59144 -0.31112 7.12557 190 190 190 255 
1.24703 -0.31112 7.12557 190 190 190 255 
2.60102 -0.329476 7.89886 190 190 190 255 
1.27 -0.345659 7.91309 190 190 190 255 
1.27 -0.359202 7.92985 190 190 190 255 
2.61654 -0.359202 7.92985 190 190 190 255 
1.27 -0.369716 7.94867 190 190 190 255 
1.27 -0.376898 7.96899 190 190 190 255 
1.27 -0.380542 7.99023 190 190 190 255 
2.62696 -0.379172 7.97953 190 190 190 255 
1.27 -0.380542 8.01178 190 190 190 255 
2.62578 -0.376898 8.03302 190 190 190 255 
2.62413 -0.373739 8.04333 190 190 190 255 
1.27 -0.369716 8.05333 190 190 190 255 
2.61949 -0.364859 8.06296 190 190 190 255 
1.27 -0.329476 8.10314 190 190 190 255 
2.60102 -0.329476 8.10314 190 190 190 255 
2.59144 -0.31112 8.64957 190 190 190 255 
2.60102 -0.329476 8.66086 190 190 190 255 
2.60947 -0.345659 8.67509 190 190 190 255 
1.27 -0.359202 8.69186 190 190 190 255 
2.62203 -0.369716 8.71067 190 190 190 255 
1.27 -0.376898 8.73098 190 190 190 255 
1.27 -0.380542 8.75222 190 190 190 255 
2.62768 -0.380542 8.75222 190 190 190 255 
1.27 -0.380542 8.77378 190 190 190 255 
1.27 -0.376898 8.79501 190 190 190 255 
2.62413 -0.373739 8.80533 190 190 190 255 
2.61949 -0.364859 8.82496 190 190 190 255 
1.27 -0.369716 8.81533 190 190 190 255 
1.27 -0.359202 8.83414 190 190 190 255 
1.27 -0.345659 8.85091 190 190 190 255 
1.27 -0.329476 9.42286 190 190 190 255 
2.60102 -0.329476 9.42286 190 190 190 255 
2.60947 -0.345659 9.43709 190 190 190 255 
1.27 -0.359202 9.45385 190 190 190 255 
2.61654 -0.359202 9.45385 190 190 190 255 
2.62413 -0.373739 9.48267 190 190 190 255 
2.62578 -0.376898 9.49298 190 190 190 255 
2.62696 -0.379172 9.50353 190 190 190 255 
1.27 -0.380542 9.51423 190 190 190 255 
2.62768 -0.380542 9.53578 190 190 190 255 
2.62413 -0.373739 9.56733 190 190 190 255 
1.27 -0.376898 9.55702 190 190 190 255 
2.62203 -0.369716 9.57733 190 190 190 255 
1.27 -0.345659 9.61291 190 190 190 255 
2.60947 -0.345659 9.61291 190 190 190 255 
2.59144 -0.31112 10.1736 190 190 190 255 
2.60102 -0.329476 10.1849 190 190 190 255 
2.60947 -0.345659 10.1991 190 190 190 255 
1.27 -0.359202 10.2159 190 190 190 255 
2.61654 -0.359202 10.2159 190 190 190 255 
2.61949 -0.364859 10.225 190 190 190 255 
2.62203 -0.369716 10.2347 190 190 190 255 
2.62413 -0.373739 10.2447 190 190 190 255 
2.62578 -0.376898 10.255 190 190 190 255 
2.62768 -0.380542 10.2762 190 190 190 255 
2.62696 -0.379172 10.3085 190 190 190 255 
1.27 -0.376898 10.319 190 190 190 255 
2.62413 -0.373739 10.3293 190 190 190 255 
2.62203 -0.369716 10.3393 190 190 190 255 
1.27 -0.369716 10.3393 190 190 190 255 
2.61949 -0.364859 10.349 190 190 190 255 
1.27 -0.359202 10.3581 190 190 190 255 
1.27 -0.329476 10.3891 190 190 190 255 
1.27 -0.329476 10.9469 190 190 190 255 
2.60102 -0.329476 10.9469 190 190 190 255 
2.60947 -0.345659 10.9611 190 190 190 255 
1.27 -0.359202 10.9779 190 190 190 255 
2.61654 -0.359202 10.9779 190 190 190 255 
2.61949 -0.364859 10.987 190 190 190 255 
1.27 -0.369716 10.9967 190 190 190 255 
2.62413 -0.373739 11.0067 190 190 190 255 
2.62578 -0.376898 11.017 190 190 190 255 
2.62696 -0.379172 11.0275 190 190 190 255 
1.27 -0.376898 11.017 190 190 190 255 
1.27 -0.380542 11.0382 190 190 190 255 
2.62768 -0.380542 11.0382 190 190 190 255 
1.27 -0.380542 11.0598 190 190 190 255 
2.62768 -0.380542 11.0598 190 190 190 255 
2.62203 -0.369716 11.1013 190 190 190 255 
2.61949 -0.364859 11.111 190 190 190 255 
1.27 -0.359202 11.1201 190 190 190 255 
2.61654 -0.359202 11.1201 190 190 190 255 
1.27 -0.345659 11.1369 190 190 190 255 
1.27 -0.31112 11.1624 190 190 190 255 
2.60102 -0.329476 11.7089 190 190 190 255 
1.27 -0.345659 11.7231 190 190 190 255 
1.27 -0.359202 11.7399 190 190 190 255 
1.27 -0.369716 11.7587 190 190 190 255 
1.27 -0.376898 11.779 190 190 190 255 
2.62578 -0.376898 11.779 190 190 190 255 
2.62696 -0.379172 11.7895 190 190 190 255 
2.62768 -0.380542 11.8002 190 190 190 255 
1.27 -0.380542 11.8002 190 190 190 255 
1.27 -0.380542 11.8218 190 190 190 255 
2.62696 -0.379172 11.8325 190 190 190 255 
1.27 -0.376898 11.843 190 190 190 255 
2.62413 -0.373739 11.8533 190 190 190 255 
2.62203 -0.369716 11.8633 190 190 190 255 
1.27 -0.369716 11.8633 190 190 190 255 
2.61654 -0.359202 11.8821 190 190 190 255 
1.27 -0.359202 11.8821 190 190 190 255 
1.27 -0.345659 11.8989 190 190 190 255 
2.60947 -0.345659 11.8989 190 190 190 255 
2.60102 -0.329476 11.9131 190 190 190 255 
2.59144 -0.31112 11.9244 190 190 190 255 
1.27 -0.329476 12.4709 190 190 190 255 
2.61654 -0.359202 12.5019 190 190 190 255 
2.61949 -0.364859 12.511 190 190 190 255 
1.27 -0.369716 12.5207 190 190 190 255 
2.62203 -0.369716 12.5207 190 190 190 255 
2.62413 -0.373739 12.5307 190 190 190 255 
1.27 -0.376898 12.541 190 190 190 255 
1.27 -0.380542 12.5622 190 190 190 255 
2.62792 -0.381 12.573 190 190 190 255 
1.27 -0.380542 12.5838 190 190 190 255 
2.62768 -0.380542 12.5838 190 190 190 255 
2.62696 -0.379172 12.5945 190 190 190 255 
2.62413 -0.373739 12.6153 190 190 190 255 
1.27 -0.369716 12.6253 190 190 190 255 
1.27 -0.359202 12.6441 190 190 190 255 
2.61654 -0.359202 12.6441 190 190 190 255 
2.60947 -0.345659 12.6609 190 190 190 255 
1.27 -0.345659 12.6609 190 190 190 255 
1.27 -0.329476 12.6751 190 190 190 255 
2.60102 -0.329476 13.2329 190 190 190 255 
1.27 -0.345659 13.2471 190 190 190 255 
1.27 -0.359202 13.2639 190 190 190 255 
2.61654 -0.359202 13.2639 190 190 190 255 
2.61949 -0.364859 13.273 190 190 190 255 
2.62413 -0.373739 13.2927 190 190 190 255 
1.27 -0.369716 13.2827 190 190 190 255 
1.27 -0.376898 13.303 190 190 190 255 
2.62578 -0.376898 13.303 190 190 190 255 
2.62696 -0.379172 13.3135 190 190 190 255 
2.62696 -0.379172 13.3565 190 190 190 255 
1.27 -0.380542 13.3458 190 190 190 255 
1.27 -0.376898 13.367 190 190 190 255 
1.27 -0.369716 13.3873 190 190 190 255 
1.27 -0.359202 13.4061 190 190 190 255 
2.61654 -0.359202 13.4061 190 190 190 255 
2.60102 -0.329476 13.4371 190 190 190 255 
1.27 -0.329476 13.9949 190 190 190 255 
2.60102 -0.329476 13.9949 190 190 190 255 
1.27 -0.359202 14.0259 190 190 190 255 
2.61949 -0.364859 14.035 190 190 190 255 
2.62203 -0.369716 14.0447 190 190 190 255 
2.62413 -0.373739 14.0547 190 190 190 255 
1.27 -0.369716 14.0447 190 190 190 255 
2.62578 -0.376898 14.065 190 190 190 255 
2.62696 -0.379172 14.0755 190 190 190 255 
1.27 -0.380542 14.0862 190 190 190 255 
2.62696 -0.379172 14.1185 190 190 190 255 
1.27 -0.380542 14.1078 190 190 190 255 
1.27 -0.376898 14.129 190 190 190 255 
2.61949 -0.364859 14.159 190 190 190 255 
1.27 -0.359202 14.1681 190 190 190 255 
1.27 -0.345659 14.1849 190 190 190 255 
1.27 -0.31112 14.2104 190 190 190 255 
2.59144 -0.31112 14.7456 190 190 190 255 
1.27 -0.31112 14.7456 190 190 190 255 
1.27 -0.329476 14.7569 190 190 190 255 
1.27 -0.345659 14.7711 190 190 190 255 
2.60947 -0.345659 14.7711 190 190 190 255 
2.61654 -0.359202 14.7879 190 190 190 255 
1.27 -0.359202 14.7879 190 190 190 255 
2.61949 -0.364859 14.797 190 190 190 255 
2.62203 -0.369716 14.8067 190 190 190 255 
2.62413 -0.373739 14.8167 190 190 190 255 
1.27 -0.376898 14.827 190 190 190 255 
2.62696 -0.379172 14.8375 190 190 190 255 
1.27 -0.380542 14.8482 190 190 190 255 
1.27 -0.380542 14.8698 190 190 190 255 
2.62578 -0.376898 14.891 190 190 190 255 
1.27 -0.376898 14.891 190 190 190 255 
2.62413 -0.373739 14.9013 190 190 190 255 
2.62203 -0.369716 14.9113 190 190 190 255 
2.61949 -0.364859 14.921 190 190 190 255 
1.27 -0.369716 14.9113 190 190 190 255 
1.27 -0.359202 14.9301 190 190 190 255 
1.27 -0.345659 14.9469 190 190 190 255 
2.60947 -0.345659 14.9469 190 190 190 255 
2.59144 -0.31112 15.5076 190 190 190 255 
1.27 -0.31112 15.5076 190 190 190 255 
2.60102 -0.329476 15.5189 190 190 190 255 
1.27 -0.345659 15.5331 190 190 190 255 
1.27 -0.359202 15.5499 190 190 190 255 
2.61949 -0.364859 15.559 190 190 190 255 
2.62203 -0.369716 15.5687 190 190 190 255 
2.62413 -0.373739 15.5787 190 190 190 255 
1.27 -0.376898 15.589 190 190 190 255 
2.62578 -0.376898 15.589 190 190 190 255 
2.62792 -0.381 15.621 190 190 190 255 
2.62768 -0.380542 15.6318 190 190 190 255 
2.62578 -0.376898 15.653 190 190 190 255 
1.27 -0.376898 15.653 190 190 190 255 
1.27 -0.369716 15.6733 190 190 190 255 
2.62203 -0.369716 15.6733 190 190 190 255 
2.61949 -0.364859 15.683 190 190 190 255 
1.27 -0.359202 15.6921 190 190 190 255 
1.27 -0.329476 16.2809 190 190 190 255 
1.27 -0.345659 16.2951 190 190 190 255 
1.27 -0.359202 16.3119 190 190 190 255 
1.27 -0.369716 16.3307 190 190 190 255 
2.62696 -0.379172 16.3615 190 190 190 255 
2.62792 -0.381 16.383 190 190 190 255 
2.62578 -0.376898 16.415 190 190 190 255 
1.27 -0.376898 16.415 190 190 190 255 
2.62413 -0.373739 16.4253 190 190 190 255 
1.27 -0.369716 16.4353 190 190 190 255 
2.61949 -0.364859 16.445 190 190 190 255 
1.27 -0.359202 16.4541 190 190 190 255 
2.61654 -0.359202 16.4541 190 190 190 255 
2.60947 -0.345659 16.4709 190 190 190 255 
1.27 -0.345659 16.4709 190 190 190 255 
1.27 -0.31112 16.4964 190 190 190 255 
2.60102 -0.329476 16.4851 190 190 190 255 
-2.59144 -0.31112 16.4964 190 190 190 255 
-2.61654 -0.359202 16.4541 190 190 190 255 
-1.27 -0.359202 16.4541 190 190 190 255 
-1.27 -0.369716 16.4353 190 190 190 255 
-2.62413 -0.373739 16.4253 190 190 190 255 
-1.27 -0.376898 16.415 190 190 190 255 
-2.62578 -0.376898 16.415 190 190 190 255 
-1.27 -0.380542 16.3938 190 190 190 255 
-2.62792 -0.381 16.383 190 190 190 255 
-1.27 -0.380542 16.3722 190 190 190 255 
-1.27 -0.369716 16.3307 190 190 190 255 
-2.61949 -0.364859 16.321 190 190 190 255 
-1.27 -0.329476 16.2809 190 190 190 255 
-2.60102 -0.329476 16.2809 190 190 190 255 
-1.27 -0.31112 16.2696 190 190 190 255 
-1.27 -0.329476 15.7231 190 190 190 255 
-2.59144 -0.31112 15.7344 190 190 190 255 
-2.60102 -0.329476 15.7231 190 190 190 255 
-2.60947 -0.345659 15.7089 190 190 190 255 
-1.27 -0.369716 15.6733 190 190 190 255 
-2.62578 -0.376898 15.653 190 190 190 255 
-2.62696 -0.379172 15.6425 190 190 190 255 
-1.27 -0.376898 15.653 190 190 190 255 
-1.27 -0.380542 15.6318 190 190 190 255 
-2.62768 -0.380542 15.6318 190 190 190 255 
-1.27 -0.380542 15.6102 190 190 190 255 
-2.62792 -0.381 15.621 190 190 190 255 
-1.27 -0.376898 15.589 190 190 190 255 
-1.27 -0.369716 15.5687 190 190 190 255 
-2.61949 -0.364859 15.559 190 190 190 255 
-1.27 -0.359202 15.5499 190 190 190 255 
-1.27 -0.345659 15.5331 190 190 190 255 
-1.27 -0.329476 15.5189 190 190 190 255 
-2.60947 -0.345659 15.5331 190 190 190 255 
-2.60102 -0.329476 15.5189 190 190 190 255 
-1.27 -0.329476 14.9611 190 190 190 255 
-1.27 -0.345659 14.9469 190 190 190 255 
-1.27 -0.359202 14.9301 190 190 190 255 
-2.61949 -0.364859 14.921 190 190 190 255 
-2.62413 -0.373739 14.9013 190 190 190 255 
-2.62578 -0.376898 14.891 190 190 190 255 
-1.27 -0.380542 14.8698 190 190 190 255 
-2.62696 -0.379172 14.8805 190 190 190 255 
-2.62768 -0.380542 14.8698 190 190 190 255 
-2.62792 -0.381 14.859 190 190 190 255 
-1.27 -0.380542 14.8482 190 190 190 255 
-2.62768 -0.380542 14.8482 190 190 190 255 
-2.62696 -0.379172 14.8375 190 190 190 255 
-2.61949 -0.364859 14.797 190 190 190 255 
-1.27 -0.359202 14.7879 190 190 190 255 
-2.61654 -0.359202 14.7879 190 190 190 255 
-1.27 -0.329476 14.7569 190 190 190 255 
-1.27 -0.345659 14.1849 190 190 190 255 
-2.60102 -0.329476 14.1991 190 190 190 255 
-2.60947 -0.345659 14.1849 190 190 190 255 
-1.27 -0.359202 14.1681 190 190 190 255 
-2.61949 -0.364859 14.159 190 190 190 255 
-1.27 -0.369716 14.1493 190 190 190 255 
-1.27 -0.380542 14.1078 190 190 190 255 
-2.62768 -0.380542 14.1078 190 190 190 255 
-1.27 -0.380542 14.0862 190 190 190 255 
-2.62696 -0.379172 14.0755 190 190 190 255 
-2.62578 -0.376898 14.065 190 190 190 255 
-2.62413 -0.373739 14.0547 190 190 190 255 
-2.61949 -0.364859 14.035 190 190 190 255 
-1.27 -0.369716 14.0447 190 190 190 255 
-2.61654 -0.359202 14.0259 190 190 190 255 
-1.27 -0.31112 13.9836 190 190 190 255 
-2.59144 -0.31112 13.9836 190 190 190 255 
-1.27 -0.329476 13.4371 190 190 190 255 
-2.60102 -0.329476 13.4371 190 190 190 255 
-2.60947 -0.345659 13.4229 190 190 190 255 
-2.61949 -0.364859 13.397 190 190 190 255 
-2.62203 -0.369716 13.3873 190 190 190 255 
-1.27 -0.369716 13.3873 190 190 190 255 
-2.62413 -0.373739 13.3773 190 190 190 255 
-1.27 -0.376898 13.367 190 190 190 255 
-2.62578 -0.376898 13.367 190 190 190 255 
-2.62696 -0.379172 13.3565 190 190 190 255 
-1.27 -0.380542 13.3242 190 190 190 255 
-2.62768 -0.380542 13.3242 190 190 190 255 
-2.62696 -0.379172 13.3135 190 190 190 255 
-1.27 -0.359202 13.2639 190 190 190 255 
-1.27 -0.345659 13.2471 190 190 190 255 
-1.27 -0.329476 13.2329 190 190 190 255 
-2.60947 -0.345659 13.2471 190 190 190 255 
-2.60102 -0.329476 13.2329 190 190 190 255 
-2.59144 -0.31112 12.6864 190 190 190 255 
-1.27 -0.31112 12.6864 190 190 190 255 
-1.27 -0.329476 12.6751 190 190 190 255 
-2.60102 -0.329476 12.6751 190 190 190 255 
-1.27 -0.359202 12.6441 190 190 190 255 
-2.61654 -0.359202 12.6441 190 190 190 255 
-2.61949 -0.364859 12.635 190 190 190 255 
-2.62578 -0.376898 12.605 190 190 190 255 
-1.27 -0.376898 12.605 190 190 190 255 
-2.62768 -0.380542 12.5838 190 190 190 255 
-2.62792 -0.381 12.573 190 190 190 255 
-2.62768 -0.380542 12.5622 190 190 190 255 
-2.62696 -0.379172 12.5515 190 190 190 255 
-2.62578 -0.376898 12.541 190 190 190 255 
-2.61654 -0.359202 12.5019 190 190 190 255 
-1.27 -0.329476 12.4709 190 190 190 255 
-1.27 -0.329476 11.9131 190 190 190 255 
-2.60102 -0.329476 11.9131 190 190 190 255 
-1.27 -0.359202 11.8821 190 190 190 255 
-2.62203 -0.369716 11.8633 190 190 190 255 
-2.62578 -0.376898 11.843 190 190 190 255 
-1.27 -0.376898 11.843 190 190 190 255 
-2.62696 -0.379172 11.8325 190 190 190 255 
-2.62768 -0.380542 11.8218 190 190 190 255 
-2.62792 -0.381 11.811 190 190 190 255 
-2.62696 -0.379172 11.7895 190 190 190 255 
-2.62203 -0.369716 11.7587 190 190 190 255 
-1.27 -0.359202 11.7399 190 190 190 255 
-2.61654 -0.359202 11.7399 190 190 190 255 
-2.60947 -0.345659 11.7231 190 190 190 255 
-1.27 -0.31112 11.6976 190 190 190 255 
-2.59144 -0.31112 11.1624 190 190 190 255 
-1.27 -0.345659 11.1369 190 190 190 255 
-2.60947 -0.345659 11.1369 190 190 190 255 
-1.27 -0.359202 11.1201 190 190 190 255 
-2.61949 -0.364859 11.111 190 190 190 255 
-2.62203 -0.369716 11.1013 190 190 190 255 
-2.62413 -0.373739 11.0913 190 190 190 255 
-1.27 -0.369716 11.1013 190 190 190 255 
-1.27 -0.376898 11.081 190 190 190 255 
-2.62696 -0.379172 11.0705 190 190 190 255 
-1.27 -0.380542 11.0598 190 190 190 255 
-2.62792 -0.381 11.049 190 190 190 255 
-1.27 -0.376898 11.017 190 190 190 255 
-1.27 -0.369716 10.9967 190 190 190 255 
-2.62413 -0.373739 11.0067 190 190 190 255 
-1.27 -0.359202 10.9779 190 190 190 255 
-2.61949 -0.364859 10.987 190 190 190 255 
-2.61654 -0.359202 10.9779 190 190 190 255 
-2.60102 -0.329476 10.9469 190 190 190 255 
-2.59144 -0.31112 10.9356 190 190 190 255 
-2.59144 -0.31112 10.4004 190 190 190 255 
-2.60102 -0.329476 10.3891 190 190 190 255 
-1.27 -0.345659 10.3749 190 190 190 255 
-2.60947 -0.345659 10.3749 190 190 190 255 
-1.27 -0.359202 10.3581 190 190 190 255 
-2.61654 -0.359202 10.3581 190 190 190 255 
-2.61949 -0.364859 10.349 190 190 190 255 
-2.62203 -0.369716 10.3393 190 190 190 255 
-2.62413 -0.373739 10.3293 190 190 190 255 
-1.27 -0.376898 10.319 190 190 190 255 
-1.27 -0.380542 10.2978 190 190 190 255 
-2.62792 -0.381 10.287 190 190 190 255 
-1.27 -0.380542 10.2762 190 190 190 255 
-2.62768 -0.380542 10.2762 190 190 190 255 
-2.62696 -0.379172 10.2655 190 190 190 255 
-2.62203 -0.369716 10.2347 190 190 190 255 
-1.27 -0.359202 10.2159 190 190 190 255 
-1.27 -0.329476 10.1849 190 190 190 255 
-1.27 -0.31112 10.1736 190 190 190 255 
-1.27 -0.345659 9.61291 190 190 190 255 
-2.61654 -0.359202 9.59614 190 190 190 255 
-1.27 -0.359202 9.59614 190 190 190 255 
-2.61949 -0.364859 9.58696 190 190 190 255 
-1.27 -0.369716 9.57733 190 190 190 255 
-1.27 -0.376898 9.55702 190 190 190 255 
-2.62578 -0.376898 9.55702 190 190 190 255 
-1.27 -0.380542 9.53578 190 190 190 255 
-2.62696 -0.379172 9.50353 190 190 190 255 
-1.27 -0.376898 9.49298 190 190 190 255 
-2.62578 -0.376898 9.49298 190 190 190 255 
-2.62413 -0.373739 9.48267 190 190 190 255 
-1.27 -0.329476 9.42286 190 190 190 255 
-1.27 -0.31112 9.41157 190 190 190 255 
-2.59144 -0.31112 8.87643 190 190 190 255 
-2.60102 -0.329476 8.86514 190 190 190 255 
-1.27 -0.345659 8.85091 190 190 190 255 
-2.61949 -0.364859 8.82496 190 190 190 255 
-2.62203 -0.369716 8.81533 190 190 190 255 
-1.27 -0.369716 8.81533 190 190 190 255 
-2.62413 -0.373739 8.80533 190 190 190 255 
-2.62578 -0.376898 8.79501 190 190 190 255 
-1.27 -0.380542 8.77378 190 190 190 255 
-2.62768 -0.380542 8.77378 190 190 190 255 
-2.62792 -0.381 8.763 190 190 190 255 
-2.62696 -0.379172 8.74153 190 190 190 255 
-1.27 -0.380542 8.75222 190 190 190 255 
-1.27 -0.376898 8.73098 190 190 190 255 
-2.62578 -0.376898 8.73098 190 190 190 255 
-2.62413 -0.373739 8.72067 190 190 190 255 
-2.62203 -0.369716 8.71067 190 190 190 255 
-1.27 -0.369716 8.71067 190 190 190 255 
-2.61949 -0.364859 8.70104 190 190 190 255 
-1.27 -0.359202 8.69186 190 190 190 255 
-2.61654 -0.359202 8.69186 190 190 190 255 
-1.27 -0.329476 8.66086 190 190 190 255 
-2.60102 -0.329476 8.66086 190 190 190 255 
-1.27 -0.345659 8.08891 190 190 190 255 
-2.60947 -0.345659 8.08891 190 190 190 255 
-1.27 -0.359202 8.07214 190 190 190 255 
-2.61654 -0.359202 8.07214 190 190 190 255 
-2.61949 -0.364859 8.06296 190 190 190 255 
-2.62203 -0.369716 8.05333 190 190 190 255 
-1.27 -0.369716 8.05333 190 190 190 255 
-2.62413 -0.373739 8.04333 190 190 190 255 
-2.62578 -0.376898 8.03302 190 190 190 255 
-1.27 -0.376898 8.03302 190 190 190 255 
-2.62696 -0.379172 8.02247 190 190 190 255 
-1.27 -0.380542 8.01178 190 190 190 255 
-1.27 -0.380542 7.99023 190 190 190 255 
-2.62578 -0.376898 7.96899 190 190 190 255 
-2.62413 -0.373739 7.95867 190 190 190 255 
-1.27 -0.376898 7.96899 190 190 190 255 
-2.62203 -0.369716 7.94867 190 190 190 255 
-2.61949 -0.364859 7.93904 190 190 190 255 
-1.27 -0.369716 7.94867 190 190 190 255 
-2.61654 -0.359202 7.92985 190 190 190 255 
-1.27 -0.345659 7.91309 190 190 190 255 
-2.60947 -0.345659 7.91309 190 190 190 255 
-1.27 -0.329476 7.89886 190 190 190 255 
-2.60102 -0.329476 7.13686 190 190 190 255 
-1.24916 -0.329476 7.13686 190 190 190 255 
-1.25168 -0.345659 7.15109 190 190 190 255 
-2.61949 -0.364859 7.17704 190 190 190 255 
-2.62203 -0.369716 7.18667 190 190 190 255 
-1.25727 -0.369716 7.18667 190 190 190 255 
-2.62578 -0.376898 7.20698 190 190 190 255 
-1.26001 -0.376898 7.20698 190 190 190 255 
-2.62696 -0.379172 7.21753 190 190 190 255 
-2.62792 -0.381 7.239 190 190 190 255 
-1.26467 -0.380542 7.24978 190 190 190 255 
-2.62696 -0.379172 7.26047 190 190 190 255 
-2.62203 -0.369716 7.29133 190 190 190 255 
-1.2678 -0.369716 7.29133 190 190 190 255 
-2.61949 -0.364859 7.30096 190 190 190 255 
-1.26877 -0.359202 7.31014 190 190 190 255 
-1.26976 -0.329476 7.34114 190 190 190 255 
0.285229 2.32766 -0.619685 190 190 190 255 
0.285229 2.40321 -0.0731833 190 190 190 255 
0.285229 1.47644 1.90647 190 190 190 255 
0.352437 1.85254 1.51598 190 190 190 255 
0.304835 -1.76747 -1.6348 190 190 190 255 
0.285229 -1.88927 -1.49569 190 190 190 255 
0.304494 -1.88872 -1.49546 190 190 190 255 
0.399989 0.590138 2.26477 190 190 190 255 
0.406935 0.442687 2.27617 190 190 190 255 
0.399759 0.381 2.30906 190 190 190 255 
0.401676 0.381 2.30542 190 190 190 255 
0.363806 0.381 2.35515 190 190 190 255 
0.369044 0.381 2.35024 190 190 190 255 
0.352234 0.381 2.36292 190 190 190 255 
0.345263 0.381 2.36745 190 190 190 255 
0.33372 0.381 2.37258 190 190 190 255 
0.326866 0.381 2.37562 190 190 190 255 
0.324193 0.6069 2.3291 190 190 190 255 
0.314394 0.607589 2.33174 190 190 190 255 
0.304572 0.608071 2.3336 190 190 190 255 
0.296047 0.607222 2.33019 190 190 190 255 
0.399989 1.53809 -1.76402 190 190 190 255 
0.406935 0.719601 -2.20798 190 190 190 255 
0.399989 0.775863 -2.20805 190 190 190 255 
0.406935 1.30691 -1.91393 190 190 190 255 
0.399989 1.31958 -1.93292 190 190 190 255 
0.399989 1.06526 -2.08391 190 190 190 255 
0.406935 1.18988 -1.98531 190 190 190 255 
0.406935 1.05638 -2.06675 190 190 190 255 
0.406935 0.450291 -2.27397 190 190 190 255 
0.406935 0.382712 -2.29053 190 190 190 255 
0.399989 0.284322 -2.32306 190 190 190 255 
0.406935 0.28161 -2.29892 190 190 190 255 
0.399989 -0.617062 -2.25759 190 190 190 255 
0.406935 -0.712053 -2.21043 190 190 190 255 
0.399989 -0.795889 -2.20092 190 190 190 255 
0.399989 -0.435437 -2.29954 190 190 190 255 
0.406935 -0.376587 -2.29155 190 190 190 255 
0.399989 0.108648 -2.33788 190 190 190 255 
0.399989 -0.0708935 -2.33932 190 190 190 255 
0.399989 -0.252802 -2.32671 190 190 190 255 
0.406935 -0.295388 -2.29818 190 190 190 255 
0.399989 0.618957 -2.25707 190 190 190 255 
0.406935 0.644366 -2.22642 190 190 190 255 
0.406935 0.61283 -2.23415 190 190 190 255 
0.406935 0.471144 -2.26886 190 190 190 255 
0.406935 -0.779212 -2.18304 190 190 190 255 
0.406935 -0.787934 -2.17948 190 190 190 255 
0.399989 -1.13811 -2.04504 190 190 190 255 
0.399989 -0.970142 -2.12986 190 190 190 255 
0.399989 -1.2982 -1.94734 190 190 190 255 
0.406935 -1.12637 -2.02432 190 190 190 255 
0.406935 -1.28381 -1.92994 190 190 190 255 
0.406935 -1.60639 -1.67517 190 190 190 255 
0.399989 -1.71816 -1.58915 190 190 190 255 
0.399989 -1.83484 -1.45287 190 190 190 255 
0.406935 -1.75062 -1.51559 190 190 190 255 
0.406935 -1.69957 -1.57207 190 190 190 255 
0.406935 -1.43448 -1.81963 190 190 190 255 
0.406935 -1.44648 -1.8098 190 190 190 255 
0.406935 -1.59423 -1.68862 190 190 190 255 
0.399989 -2.10867 -1.01537 190 190 190 255 
0.406935 -2.0866 -1.005 190 190 190 255 
0.406935 -2.10983 -0.951942 190 190 190 255 
0.406935 -2.25665 -0.516234 190 190 190 255 
0.399989 -2.17466 -0.865048 190 190 190 255 
0.406935 -2.19634 -0.7544 190 190 190 255 
0.399989 -2.271 -0.56571 190 190 190 255 
0.406935 -2.19987 -0.740456 190 190 190 255 
0.406935 -2.24572 -0.559383 190 190 190 255 
0.406935 -1.91795 -1.29677 190 190 190 255 
0.406935 -2.04395 -1.1024 190 190 190 255 
0.406934 -2.2983 -0.289671 190 190 190 255 
0.402884 -2.33304 1.42693e-008 190 190 190 255 
0.399883 -2.34034 1.42693e-008 190 190 190 255 
0.389933 0.458198 -2.31293 190 190 190 255 
0.376861 0.288396 -2.35635 190 190 190 255 
0.389933 0.623579 -2.27392 190 190 190 255 
0.390795 -2.3566 1.42693e-008 190 190 190 255 
0.389933 -2.1909 -0.871507 190 190 190 255 
0.383758 -2.19857 -0.874558 190 190 190 255 
0.389933 -2.28796 -0.569935 190 190 190 255 
0.383758 -2.34971 -0.278259 190 190 190 255 
0.389933 -2.34151 -0.277287 190 190 190 255 
0.384517 -2.36452 1.42693e-008 190 190 190 255 
0.383439 -2.36588 1.42693e-008 190 190 190 255 
0.376861 -0.807293 -2.23245 190 190 190 255 
0.376861 -0.984043 -2.16038 190 190 190 255 
0.389933 -0.977386 -2.14576 190 190 190 255 
0.389933 -1.14661 -2.06031 190 190 190 255 
0.376861 -1.46977 -1.86423 190 190 190 255 
0.389933 -1.45983 -1.85162 190 190 190 255 
0.376861 -1.61209 -1.74263 190 190 190 255 
0.376861 -1.86113 -1.47369 190 190 190 255 
0.389933 -1.84854 -1.46372 190 190 190 255 
0.389933 -1.95338 -1.32056 190 190 190 255 
0.376861 -1.96669 -1.32955 190 190 190 255 
0.376861 -2.05926 -1.18111 190 190 190 255 
0.376861 -1.74278 -1.61192 190 190 190 255 
0.369295 -1.47426 -1.86993 190 190 190 255 
0.369295 -1.32083 -1.98128 190 190 190 255 
0.376861 -1.31681 -1.97524 190 190 190 255 
0.376861 -1.15442 -2.07434 190 190 190 255 
0.369295 -1.15795 -2.08068 190 190 190 255 
0.369295 -0.987052 -2.16698 190 190 190 255 
0.369295 -0.809762 -2.23928 190 190 190 255 
0.369295 -0.627818 -2.29694 190 190 190 255 
0.376861 -0.625904 -2.28994 190 190 190 255 
0.369295 -0.443028 -2.33962 190 190 190 255 
0.376861 -0.441677 -2.33249 190 190 190 255 
0.369295 -0.257209 -2.36726 190 190 190 255 
0.376861 -0.256424 -2.36005 190 190 190 255 
0.369295 -2.21257 -0.880126 190 190 190 255 
0.376861 -2.30354 -0.573817 190 190 190 255 
0.376861 -2.35746 -0.279176 190 190 190 255 
0.369295 -2.36467 -0.28003 190 190 190 255 
0.378082 -2.37264 1.42693e-008 190 190 190 255 
0.376861 -2.13888 -1.02992 190 190 190 255 
0.376861 -2.20582 -0.877443 190 190 190 255 
0.383758 -2.29597 -0.571931 190 190 190 255 
0.389933 0.286445 -2.34041 190 190 190 255 
0.376861 0.110204 -2.37138 190 190 190 255 
0.376861 -0.0719094 -2.37285 190 190 190 255 
0.361126 -0.0723301 -2.38673 190 190 190 255 
0.361126 -0.257925 -2.37386 190 190 190 255 
0.361126 -0.629566 -2.30334 190 190 190 255 
0.361126 -0.989801 -2.17302 190 190 190 255 
0.361126 -1.16117 -2.08648 190 190 190 255 
0.361126 -1.32451 -1.9868 190 190 190 255 
0.361126 -1.47837 -1.87514 190 190 190 255 
0.369295 -1.61702 -1.74795 190 190 190 255 
0.399989 -2.32416 -0.275232 190 190 190 255 
0.399989 -2.03017 -1.16443 190 190 190 255 
0.389933 -2.12441 -1.02296 190 190 190 255 
0.399989 -1.9389 -1.31077 190 190 190 255 
0.343318 0.291433 -2.38117 190 190 190 255 
0.324193 0.46772 -2.36099 190 190 190 255 
0.333869 0.467028 -2.3575 190 190 190 255 
0.333869 0.635597 -2.31775 190 190 190 255 
0.343318 0.634439 -2.31352 190 190 190 255 
0.352437 0.63307 -2.30853 190 190 190 255 
0.361126 0.464018 -2.34231 190 190 190 255 
0.285229 1.37762 -1.98109 190 190 190 255 
0.295918 1.58267 -1.81502 190 190 190 255 
0.314394 1.3586 -1.99008 190 190 190 255 
0.314394 1.58357 -1.81618 190 190 190 255 
0.324193 1.58177 -1.81412 190 190 190 255 
0.333869 1.57943 -1.81144 190 190 190 255 
0.343318 1.35258 -1.98127 190 190 190 255 
0.352437 1.57315 -1.80424 190 190 190 255 
0.361126 1.08685 -2.12614 190 190 190 255 
0.352437 1.08955 -2.13142 190 190 190 255 
0.361126 0.791586 -2.2528 190 190 190 255 
0.333869 0.796721 -2.26741 190 190 190 255 
0.324193 0.797901 -2.27077 190 190 190 255 
0.304572 1.09763 -2.14724 190 190 190 255 
0.30451 0.799131 -2.27429 190 190 190 255 
0.285229 0.639614 -2.32668 190 190 190 255 
0.295408 1.09637 -2.14506 190 190 190 255 
0.294843 1.35935 -1.99105 190 190 190 255 
0.304572 1.35968 -1.99166 190 190 190 255 
0.314394 1.09676 -2.14553 190 190 190 255 
0.324193 1.09552 -2.1431 190 190 190 255 
0.324193 1.35706 -1.98782 190 190 190 255 
0.333869 1.0939 -2.13993 190 190 190 255 
0.333869 1.35505 -1.98488 190 190 190 255 
0.343318 1.0919 -2.13603 190 190 190 255 
0.352437 1.34967 -1.97699 190 190 190 255 
0.324193 0.636538 -2.32118 190 190 190 255 
0.30454 -0.634999 -2.32355 190 190 190 255 
0.285229 -0.575312 -2.34341 190 190 190 255 
0.304738 -0.448059 -2.36582 190 190 190 255 
0.285229 -0.44778 -2.36346 190 190 190 255 
0.304646 -0.0730301 -2.40712 190 190 190 255 
0.285229 -0.0731799 -2.40556 190 190 190 255 
0.304732 0.111862 -2.40532 190 190 190 255 
0.285229 0.111916 -2.40301 190 190 190 255 
0.304866 0.467494 -2.35956 190 190 190 255 
0.30437 0.637162 -2.32337 190 190 190 255 
0.285229 0.467359 -2.35864 190 190 190 255 
0.285229 0.638135 -2.32696 190 190 190 255 
0.352437 0.290804 -2.37603 190 190 190 255 
0.352437 0.111125 -2.39118 190 190 190 255 
0.361126 0.110849 -2.38525 190 190 190 255 
0.361126 -0.444262 -2.34613 190 190 190 255 
0.361126 -0.812017 -2.24552 190 190 190 255 
0.352437 -0.814035 -2.2511 190 190 190 255 
0.352437 -0.992261 -2.17842 190 190 190 255 
0.361126 -1.62152 -1.75282 190 190 190 255 
0.352437 -1.62555 -1.75718 190 190 190 255 
0.361126 -1.75298 -1.62135 190 190 190 255 
0.352437 -1.75733 -1.62538 190 190 190 255 
0.361126 -1.87202 -1.48231 190 190 190 255 
0.361126 -1.9782 -1.33733 190 190 190 255 
0.352437 -1.98311 -1.34066 190 190 190 255 
0.361126 -2.07131 -1.18802 190 190 190 255 
0.361126 -2.1514 -1.03595 190 190 190 255 
0.352437 -2.15675 -1.03852 190 190 190 255 
0.352437 -2.22425 -0.88477 190 190 190 255 
0.352437 -2.37715 -0.281507 190 190 190 255 
0.343318 -0.0726667 -2.39784 190 190 190 255 
0.352437 -0.0725099 -2.39266 190 190 190 255 
0.352437 -0.258566 -2.37975 190 190 190 255 
0.343318 -0.259125 -2.3849 190 190 190 255 
0.352437 -0.445365 -2.35196 190 190 190 255 
0.352437 -0.63113 -2.30906 190 190 190 255 
0.343318 -0.632495 -2.31405 190 190 190 255 
0.343318 -0.994407 -2.18313 190 190 190 255 
0.352437 -1.16406 -2.09166 190 190 190 255 
0.343318 -1.16658 -2.09619 190 190 190 255 
0.352437 -1.3278 -1.99174 190 190 190 255 
0.352437 -1.48204 -1.87979 190 190 190 255 
0.343318 -1.48525 -1.88386 190 190 190 255 
0.343318 -1.76113 -1.6289 190 190 190 255 
0.352437 -1.87667 -1.486 190 190 190 255 
0.343318 -1.88073 -1.48921 190 190 190 255 
0.343318 -1.9874 -1.34356 190 190 190 255 
0.352437 -2.07645 -1.19098 190 190 190 255 
0.352437 -2.32278 -0.578609 190 190 190 255 
0.343318 -2.3278 -0.57986 190 190 190 255 
0.343318 -2.38229 -0.282116 190 190 190 255 
0.343318 0.111365 -2.39635 190 190 190 255 
0.333869 -0.0727994 -2.40221 190 190 190 255 
0.333869 -0.259598 -2.38926 190 190 190 255 
0.343318 -0.446329 -2.35705 190 190 190 255 
0.333869 -0.63365 -2.31828 190 190 190 255 
0.333869 -0.817285 -2.26008 190 190 190 255 
0.343318 -0.815795 -2.25596 190 190 190 255 
0.333869 -1.16871 -2.10001 190 190 190 255 
0.343318 -1.33067 -1.99605 190 190 190 255 
0.343318 -1.62907 -1.76098 190 190 190 255 
0.333869 -1.63204 -1.76419 190 190 190 255 
0.333869 -1.76435 -1.63187 190 190 190 255 
0.333869 -1.88416 -1.49193 190 190 190 255 
0.333869 -1.99103 -1.34601 190 190 190 255 
0.343318 -2.08094 -1.19355 190 190 190 255 
0.343318 -2.16141 -1.04077 190 190 190 255 
0.333869 -2.16536 -1.04267 190 190 190 255 
0.343318 -2.22906 -0.886684 190 190 190 255 
0.314394 -1.76897 -1.63614 190 190 190 255 
0.324193 -1.76696 -1.63429 190 190 190 255 
0.314394 -1.49186 -1.89224 190 190 190 255 
0.324193 -1.49016 -1.89009 190 190 190 255 
0.324193 -1.33508 -2.00265 190 190 190 255 
0.324193 -1.17044 -2.10312 190 190 190 255 
0.324193 -0.997697 -2.19035 190 190 190 255 
0.314394 -0.819424 -2.266 190 190 190 255 
0.314394 -0.635308 -2.32435 190 190 190 255 
0.314394 -0.448314 -2.36753 190 190 190 255 
0.324193 -0.447806 -2.36485 190 190 190 255 
0.324193 -0.259983 -2.39279 190 190 190 255 
0.314394 -0.0729899 -2.4085 190 190 190 255 
0.314394 0.11186 -2.40701 190 190 190 255 
0.285229 -1.32255 -2.01827 190 190 190 255 
0.304829 -1.17082 -2.10375 190 190 190 255 
0.285229 -1.16938 -2.10101 190 190 190 255 
0.285229 -1.64437 -1.76596 190 190 190 255 
0.304473 -1.63658 -1.76909 190 190 190 255 
0.285229 -1.63821 -1.77079 190 190 190 255 
0.285229 -1.48861 -1.88808 190 190 190 255 
0.304578 -2.08752 -1.19719 190 190 190 255 
0.324193 -1.99398 -1.348 190 190 190 255 
0.304769 -1.99293 -1.34743 190 190 190 255 
0.314394 -2.33815 -0.582439 190 190 190 255 
0.324193 -2.39017 -0.283049 190 190 190 255 
0.314394 -2.39289 -0.283371 190 190 190 255 
0.326032 -2.40627 1.42693e-008 190 190 190 255 
0.285229 -2.33333 -0.581383 190 190 190 255 
0.294821 -2.3411 -0.583172 190 190 190 255 
0.285229 -2.39279 -0.283523 190 190 190 255 
0.294821 -2.3959 -0.283727 190 190 190 255 
0.285229 -2.38859 -0.34233 190 190 190 255 
0.324193 -2.16856 -1.04421 190 190 190 255 
0.324193 -2.23643 -0.889618 190 190 190 255 
0.304512 -2.16866 -1.0444 190 190 190 255 
0.314394 -2.23897 -0.890628 190 190 190 255 
0.305455 -2.2388 -0.887848 190 190 190 255 
0.304572 -2.34001 -0.582902 190 190 190 255 
0.285229 -2.23449 -0.888683 190 190 190 255 
0.296019 -2.2397 -0.885056 190 190 190 255 
0.356172 -2.39086 1.42693e-008 190 190 190 255 
0.352222 -2.39343 1.42693e-008 190 190 190 255 
0.345586 -2.39774 1.42693e-008 190 190 190 255 
0.333698 -2.40292 1.42693e-008 190 190 190 255 
0.324193 0.111734 -2.40428 190 190 190 255 
0.333869 0.111568 -2.40073 190 190 190 255 
0.324193 -0.0729072 -2.40577 190 190 190 255 
0.333869 -0.447143 -2.36135 190 190 190 255 
0.324193 -0.634588 -2.32171 190 190 190 255 
0.324193 -0.818495 -2.26343 190 190 190 255 
0.333869 -0.996222 -2.18711 190 190 190 255 
0.333869 -1.3331 -1.99969 190 190 190 255 
0.333869 -1.48796 -1.8873 190 190 190 255 
0.324193 -1.63446 -1.76681 190 190 190 255 
0.324193 -1.88695 -1.49414 190 190 190 255 
0.333869 -2.08474 -1.19573 190 190 190 255 
0.324193 -2.08783 -1.1975 190 190 190 255 
0.333869 -2.23313 -0.888303 190 190 190 255 
0.324193 -2.3355 -0.581779 190 190 190 255 
0.333869 -2.33205 -0.580919 190 190 190 255 
0.333869 -2.38664 -0.282631 190 190 190 255 
0.285229 -0.998749 -2.19317 190 190 190 255 
0.304489 -0.998591 -2.19249 190 190 190 255 
0.285229 -0.63476 -2.32334 190 190 190 255 
0.352437 1.96501 1.36705 190 190 190 255 
0.361126 2.06159 1.20481 190 190 190 255 
0.352437 2.15631 1.03943 190 190 190 255 
0.361126 2.28911 0.679488 190 190 190 255 
0.352437 2.29479 0.681177 190 190 190 255 
0.352437 2.3421 0.494637 190 190 190 255 
0.361126 2.36829 0.304801 190 190 190 255 
0.352437 2.39096 0.11579 190 190 190 255 
0.352437 2.39265 -0.0728574 190 190 190 255 
0.343318 1.96926 1.37001 190 190 190 255 
0.352437 2.06671 1.2078 190 190 190 255 
0.343318 2.16097 1.04168 190 190 190 255 
0.352437 2.23264 0.863356 190 190 190 255 
0.343318 2.29976 0.68265 190 190 190 255 
0.352437 2.37418 0.305559 190 190 190 255 
0.343318 2.37931 0.30622 190 190 190 255 
0.333869 1.97285 1.37251 190 190 190 255 
0.333869 2.07496 1.21263 190 190 190 255 
0.343318 2.07118 1.21042 190 190 190 255 
0.333869 2.16492 1.04358 190 190 190 255 
0.343318 2.23747 0.865223 190 190 190 255 
0.333869 2.24156 0.866802 190 190 190 255 
0.333869 2.30396 0.683896 190 190 190 255 
0.343318 2.34716 0.495707 190 190 190 255 
0.333869 2.38366 0.306779 190 190 190 255 
0.343318 2.39613 0.116041 190 190 190 255 
0.333869 2.4005 0.116252 190 190 190 255 
0.343318 2.39783 -0.0730147 190 190 190 255 
0.324193 1.97283 -1.37876 190 190 190 255 
0.333869 1.78119 -1.61347 190 190 190 255 
0.343318 1.77794 -1.61053 190 190 190 255 
0.343318 1.96632 -1.37422 190 190 190 255 
0.361126 1.95722 -1.36785 190 190 190 255 
0.333869 1.96991 -1.37672 190 190 190 255 
0.352437 1.96208 -1.37125 190 190 190 255 
0.352437 2.12799 -1.09625 190 190 190 255 
0.324193 1.97577 1.37454 190 190 190 255 
0.324193 2.30737 0.68491 190 190 190 255 
0.333869 2.35145 0.496612 190 190 190 255 
0.352437 1.18193 2.08162 190 190 190 255 
0.343318 1.18448 2.08612 190 190 190 255 
0.333869 1.18664 2.08993 190 190 190 255 
0.324193 1.1884 2.09302 190 190 190 255 
0.314394 0.897261 2.23632 190 190 190 255 
0.305082 1.18762 2.09628 190 190 190 255 
0.285229 0.606392 2.32676 190 190 190 255 
0.352437 0.891361 2.22161 190 190 190 255 
0.352437 0.603593 2.31641 190 190 190 255 
0.343318 0.604899 2.32142 190 190 190 255 
0.343318 0.893289 2.22642 190 190 190 255 
0.333869 0.606003 2.32566 190 190 190 255 
0.333869 0.894919 2.23048 190 190 190 255 
0.324193 0.896245 2.23378 190 190 190 255 
0.304572 0.897974 2.23809 190 190 190 255 
0.285229 0.777875 2.28418 190 190 190 255 
0.285229 1.74131 1.66333 190 190 190 255 
0.304747 2.16902 1.04549 190 190 190 255 
0.304605 2.07931 1.21527 190 190 190 255 
0.285229 2.07828 1.21489 190 190 190 255 
0.285229 1.97549 1.37401 190 190 190 255 
0.30467 1.97685 1.37519 190 190 190 255 
0.285229 1.79238 1.61553 190 190 190 255 
0.352437 2.19952 -0.944563 190 190 190 255 
0.361126 2.12271 -1.09353 190 190 190 255 
0.343318 2.20428 -0.946607 190 190 190 255 
0.343318 2.13259 -1.09862 190 190 190 255 
0.333869 2.13648 -1.10062 190 190 190 255 
0.324193 2.21157 -0.949739 190 190 190 255 
0.324193 2.13965 -1.10225 190 190 190 255 
0.294932 1.97561 -1.38081 190 190 190 255 
0.304572 1.78727 -1.61898 190 190 190 255 
0.295087 2.14026 -1.10796 190 190 190 255 
0.30443 2.32626 -0.619153 190 190 190 255 
0.285229 2.31601 -0.677242 190 190 190 255 
0.285229 2.27321 -0.787809 190 190 190 255 
0.3047 2.27328 -0.787966 190 190 190 255 
0.285229 2.38483 0.30683 190 190 190 255 
0.285229 2.35243 0.537254 190 190 190 255 
0.285229 2.30547 0.684169 190 190 190 255 
0.406935 0.954457 2.1133 190 190 190 255 
0.406935 0.584446 2.24251 190 190 190 255 
0.406935 0.607262 2.23709 190 190 190 255 
0.399989 0.871491 2.17209 190 190 190 255 
0.406935 0.862473 2.1495 190 190 190 255 
0.389933 0.594545 2.28169 190 190 190 255 
0.389933 0.877999 2.18831 190 190 190 255 
0.389933 1.16421 2.05041 190 190 190 255 
0.406935 1.28485 1.93235 190 190 190 255 
0.406935 1.67492 1.60039 190 190 190 255 
0.399989 1.69219 1.61678 190 190 190 255 
0.406935 1.66028 1.61613 190 190 190 255 
0.406935 2.00395 1.17102 190 190 190 255 
0.406935 2.01354 1.15702 190 190 190 255 
0.406935 1.90052 1.32226 190 190 190 255 
0.406935 2.16492 0.837076 190 190 190 255 
0.406935 2.19367 0.746477 190 190 190 255 
0.376861 1.17214 2.06438 190 190 190 255 
0.383758 0.596627 2.28968 190 190 190 255 
0.383411 0.381 2.33498 190 190 190 255 
0.361126 0.602097 2.31067 190 190 190 255 
0.369295 0.886682 2.20995 190 190 190 255 
0.361126 0.889152 2.21611 190 190 190 255 
0.361126 1.179 2.07646 190 190 190 255 
0.333869 1.3306 2.00136 190 190 190 255 
0.304884 1.33178 2.00312 190 190 190 255 
0.314394 1.18975 2.0954 190 190 190 255 
0.295014 1.18575 2.09846 190 190 190 255 
0.294821 0.89839 2.23913 190 190 190 255 
0.285229 1.15241 2.12003 190 190 190 255 
0.285229 0.895522 2.23262 190 190 190 255 
0.392136 0.381 2.32353 190 190 190 255 
0.383758 0.881073 2.19597 190 190 190 255 
0.383758 1.16828 2.05759 190 190 190 255 
0.389933 1.30544 1.96352 190 190 190 255 
0.361126 1.46195 1.88797 190 190 190 255 
0.361126 1.59729 1.77493 190 190 190 255 
0.352437 1.46558 1.89266 190 190 190 255 
0.352437 1.60126 1.77934 190 190 190 255 
0.343318 1.60472 1.78319 190 190 190 255 
0.333869 1.60765 1.78645 190 190 190 255 
0.304833 1.60911 1.78819 190 190 190 255 
0.304558 1.7416 1.66388 190 190 190 255 
0.304701 1.86352 1.52508 190 190 190 255 
0.314394 2.08039 1.2158 190 190 190 255 
0.314394 2.17058 1.04631 190 190 190 255 
0.304534 2.24664 0.868862 190 190 190 255 
0.314394 2.30999 0.685686 190 190 190 255 
0.304797 2.30816 0.685094 190 190 190 255 
0.304486 2.35721 0.497904 190 190 190 255 
0.304831 2.38792 0.307299 190 190 190 255 
0.314394 2.40849 -0.0733398 190 190 190 255 
0.304468 2.40697 0.116603 190 190 190 255 
0.304847 2.40646 -0.0732764 190 190 190 255 
0.406935 1.3069 1.91964 190 190 190 255 
0.399989 1.43291 1.85047 190 190 190 255 
0.389933 1.44361 1.86429 190 190 190 255 
0.389933 1.57725 1.75267 190 190 190 255 
0.376861 1.588 1.76461 190 190 190 255 
0.352437 1.73077 1.65364 190 190 190 255 
0.343318 1.73451 1.65722 190 190 190 255 
0.343318 1.85654 1.51926 190 190 190 255 
0.333869 1.85993 1.52203 190 190 190 255 
0.399989 1.15558 2.03522 190 190 190 255 
0.399989 1.29576 1.94897 190 190 190 255 
0.376861 1.45344 1.87698 190 190 190 255 
0.361126 1.72648 1.64954 190 190 190 255 
0.333869 1.73768 1.66024 190 190 190 255 
0.324193 1.74025 1.6627 190 190 190 255 
0.324193 1.61003 1.78909 190 190 190 255 
0.314394 1.74223 1.66459 190 190 190 255 
0.324193 1.86269 1.52429 190 190 190 255 
0.314394 1.8648 1.52601 190 190 190 255 
0.314394 1.97802 1.3761 190 190 190 255 
0.324193 2.07803 1.21442 190 190 190 255 
0.324193 2.16812 1.04513 190 190 190 255 
0.324193 2.24488 0.868086 190 190 190 255 
0.314394 2.24742 0.869071 190 190 190 255 
0.314394 2.3576 0.497911 190 190 190 255 
0.324193 2.35493 0.497347 190 190 190 255 
0.314394 2.38989 0.307581 190 190 190 255 
0.324193 2.38719 0.307233 190 190 190 255 
0.324193 2.40406 0.116425 190 190 190 255 
0.324193 2.40576 -0.0732569 190 190 190 255 
0.314394 2.40679 0.116557 190 190 190 255 
0.304347 1.47461 1.90424 190 190 190 255 
0.324193 1.33257 2.00432 190 190 190 255 
0.324193 1.47361 1.90303 190 190 190 255 
0.333869 1.47143 1.90021 190 190 190 255 
0.343318 1.46875 1.89675 190 190 190 255 
0.343318 1.32817 1.99771 190 190 190 255 
0.352437 1.32531 1.9934 190 190 190 255 
0.376861 1.31433 1.97689 190 190 190 255 
0.361126 1.32202 1.98846 190 190 190 255 
0.369295 1.17572 2.07069 190 190 190 255 
0.376861 0.883979 2.20321 190 190 190 255 
0.369295 0.600425 2.30425 190 190 190 255 
0.376861 0.598595 2.29723 190 190 190 255 
0.406935 2.27019 0.481809 190 190 190 255 
0.406935 2.27086 0.479491 190 190 190 255 
0.406935 2.27575 0.462593 190 190 190 255 
0.399989 2.28989 0.483611 190 190 190 255 
0.406935 2.23931 -0.596157 190 190 190 255 
0.406935 2.29118 -0.354657 190 190 190 255 
0.399989 2.33931 -0.0712331 190 190 190 255 
0.399989 2.33766 0.113209 190 190 190 255 
0.389933 2.35512 0.114054 190 190 190 255 
0.399989 2.32125 0.298748 190 190 190 255 
0.399989 2.24364 0.665992 190 190 190 255 
0.389933 2.19918 0.850414 190 190 190 255 
0.399989 2.18288 0.84411 190 190 190 255 
0.399989 2.10824 1.01626 190 190 190 255 
0.389933 2.12398 1.02385 190 190 190 255 
0.399989 2.02064 1.18088 190 190 190 255 
0.399989 1.9212 1.33658 190 190 190 255 
0.399989 1.81124 1.48219 190 190 190 255 
0.406935 2.23256 -0.627565 190 190 190 255 
0.406935 2.22322 -0.67104 190 190 190 255 
0.406935 2.12689 -0.913599 190 190 190 255 
0.406935 1.72543 -1.54466 190 190 190 255 
0.406935 1.87033 -1.37654 190 190 190 255 
0.406935 2.06244 -1.06229 190 190 190 255 
0.406935 2.02291 -1.12696 190 190 190 255 
0.406935 1.88643 -1.35021 190 190 190 255 
0.406935 1.71647 -1.55506 190 190 190 255 
0.406935 1.55507 -1.717 190 190 190 255 
0.406935 1.52187 -1.74531 190 190 190 255 
0.304819 2.36656 -0.442538 190 190 190 255 
0.314394 2.36854 -0.442955 190 190 190 255 
0.324193 2.32593 -0.618958 190 190 190 255 
0.333869 2.32249 -0.618042 190 190 190 255 
0.333869 2.36236 -0.441798 190 190 190 255 
0.352437 2.31325 -0.615585 190 190 190 255 
0.352437 2.35297 -0.440042 190 190 190 255 
0.361126 2.34713 -0.438951 190 190 190 255 
0.389933 2.34407 -0.254786 190 190 190 255 
0.376861 2.36003 -0.256521 190 190 190 255 
0.389933 2.35678 -0.0717658 190 190 190 255 
0.376861 2.37284 -0.0722539 190 190 190 255 
0.376861 2.37116 0.114831 190 190 190 255 
0.389933 2.33859 0.300978 190 190 190 255 
0.389933 2.30699 0.487222 190 190 190 255 
0.376861 2.35452 0.303028 190 190 190 255 
0.389933 2.26039 0.670966 190 190 190 255 
0.376861 2.21415 0.856206 190 190 190 255 
0.376861 2.13845 1.03082 190 190 190 255 
0.389933 2.03573 1.1897 190 190 190 255 
0.389933 1.93555 1.34656 190 190 190 255 
0.376861 2.0496 1.1978 190 190 190 255 
0.389933 1.82477 1.49325 190 190 190 255 
0.406935 1.55175 1.72409 190 190 190 255 
0.399989 1.56556 1.73968 190 190 190 255 
0.369295 1.95469 1.35988 190 190 190 255 
0.376861 1.94873 1.35573 190 190 190 255 
0.369295 2.14499 1.03398 190 190 190 255 
0.376861 2.27579 0.675536 190 190 190 255 
0.369295 2.28275 0.677601 190 190 190 255 
0.376861 2.3227 0.490541 190 190 190 255 
0.369295 2.3298 0.492041 190 190 190 255 
0.369295 2.37841 0.115182 190 190 190 255 
0.333869 2.38924 -0.259696 190 190 190 255 
0.343318 2.35805 -0.440993 190 190 190 255 
0.324193 2.39278 -0.26008 190 190 190 255 
0.324193 2.36586 -0.442453 190 190 190 255 
0.304467 2.39569 -0.260421 190 190 190 255 
0.406935 2.30269 -0.301057 190 190 190 255 
0.376861 2.2941 -0.610487 190 190 190 255 
0.361126 2.19407 -0.942223 190 190 190 255 
0.352437 2.2617 -0.784088 190 190 190 255 
0.333869 2.2083 -0.948335 190 190 190 255 
0.314394 2.14207 -1.1035 190 190 190 255 
0.304572 2.14377 -1.10438 190 190 190 255 
0.304572 1.97664 -1.38142 190 190 190 255 
0.314394 1.97507 -1.38033 190 190 190 255 
0.314394 1.78585 -1.6177 190 190 190 255 
0.314394 -1.88909 -1.49583 190 190 190 255 
0.314394 -1.63631 -1.76881 190 190 190 255 
0.304847 -1.4906 -1.89064 190 190 190 255 
0.304467 -1.33661 -2.00503 190 190 190 255 
0.314394 -1.33659 -2.00492 190 190 190 255 
0.314394 -1.17176 -2.10551 190 190 190 255 
0.314394 -0.998829 -2.19284 190 190 190 255 
0.304794 -0.818822 -2.26419 190 190 190 255 
0.304621 -0.260046 -2.39425 190 190 190 255 
0.314394 -0.260278 -2.39551 190 190 190 255 
0.30442 0.292358 -2.38961 190 190 190 255 
0.324193 0.292397 -2.38905 190 190 190 255 
0.333869 0.291965 -2.38552 190 190 190 255 
0.343318 0.466177 -2.35321 190 190 190 255 
0.361126 0.290083 -2.37014 190 190 190 255 
0.352437 0.465171 -2.34813 190 190 190 255 
0.376861 0.461319 -2.32868 190 190 190 255 
0.376861 0.627827 -2.28941 190 190 190 255 
0.389933 0.781657 -2.22454 190 190 190 255 
0.389933 1.07321 -2.09947 190 190 190 255 
0.383758 1.33409 -1.95417 190 190 190 255 
0.383758 1.75363 -1.58851 190 190 190 255 
0.389933 1.54957 -1.77719 190 190 190 255 
0.389933 1.74751 -1.58297 190 190 190 255 
0.383758 1.93943 -1.35542 190 190 190 255 
0.389933 2.09609 -1.07981 190 190 190 255 
0.383758 2.10343 -1.08359 190 190 190 255 
0.376861 2.11036 -1.08717 190 190 190 255 
0.369295 2.11682 -1.09049 190 190 190 255 
0.369295 1.95178 -1.36405 190 190 190 255 
0.376861 1.94583 -1.35989 190 190 190 255 
0.376861 1.75941 -1.59375 190 190 190 255 
0.369295 1.76479 -1.59862 190 190 190 255 
0.376861 1.33849 -1.96062 190 190 190 255 
0.369295 1.34258 -1.96661 190 190 190 255 
0.369295 1.08383 -2.12024 190 190 190 255 
0.383758 1.555 -1.78341 190 190 190 255 
0.376861 1.56013 -1.7893 190 190 190 255 
0.376861 1.08052 -2.11377 190 190 190 255 
0.383758 1.07697 -2.10682 190 190 190 255 
0.383758 0.784394 -2.23233 190 190 190 255 
0.376861 0.786981 -2.23969 190 190 190 255 
0.399989 2.3267 -0.252897 190 190 190 255 
0.389933 2.31769 -0.433445 190 190 190 255 
0.376861 2.33348 -0.436397 190 190 190 255 
0.361126 2.30752 -0.614059 190 190 190 255 
0.361126 2.2561 -0.782145 190 190 190 255 
0.343318 2.31826 -0.616916 190 190 190 255 
0.343318 2.26659 -0.785784 190 190 190 255 
0.333869 2.27073 -0.787218 190 190 190 255 
0.324193 2.27409 -0.788384 190 190 190 255 
0.285229 2.21059 -0.949597 190 190 190 255 
0.304686 2.21099 -0.949617 190 190 190 255 
0.389933 -1.73099 -1.60102 190 190 190 255 
0.399989 -1.58931 -1.71801 190 190 190 255 
0.399989 -1.44901 -1.83789 190 190 190 255 
0.389933 -1.60118 -1.73084 190 190 190 255 
0.389933 -1.3079 -1.96188 190 190 190 255 
0.389933 -0.801832 -2.21735 190 190 190 255 
0.389933 -0.621669 -2.27445 190 190 190 255 
0.389933 -0.438689 -2.31671 190 190 190 255 
0.389933 -0.25469 -2.34408 190 190 190 255 
0.389933 -0.0714229 -2.35679 190 190 190 255 
0.389933 0.109459 -2.35533 190 190 190 255 
0.399989 0.454802 -2.29578 190 190 190 255 
0.389933 1.32943 -1.94735 190 190 190 255 
0.399989 1.73456 -1.57123 190 190 190 255 
0.399989 1.91834 -1.34068 190 190 190 255 
0.399989 2.08055 -1.07181 190 190 190 255 
0.389933 1.93267 -1.35069 190 190 190 255 
0.399989 2.15049 -0.923508 190 190 190 255 
0.389933 2.16655 -0.930404 190 190 190 255 
0.399989 2.21128 -0.76661 190 190 190 255 
0.399989 2.26169 -0.601863 190 190 190 255 
0.389933 1.70482 1.62885 190 190 190 255 
0.376861 1.71644 1.63994 190 190 190 255 
0.376861 1.83719 1.50342 190 190 190 255 
0.361126 1.84794 1.51222 190 190 190 255 
0.361126 1.96014 1.36366 190 190 190 255 
0.369295 2.05586 1.20146 190 190 190 255 
0.361126 2.15096 1.03686 190 190 190 255 
0.369295 2.22093 0.858824 190 190 190 255 
0.361126 2.22711 0.861215 190 190 190 255 
0.361126 2.33629 0.493411 190 190 190 255 
0.369295 2.36172 0.303955 190 190 190 255 
0.361126 2.38503 0.115504 190 190 190 255 
0.361126 2.38672 -0.0726767 190 190 190 255 
0.369295 2.38009 -0.0724755 190 190 190 255 
0.361126 2.37385 -0.258022 190 190 190 255 
0.352437 2.37974 -0.258663 190 190 190 255 
0.333869 2.4022 -0.0731489 190 190 190 255 
0.343318 2.38489 -0.259222 190 190 190 255 
0.314394 2.3955 -0.260375 190 190 190 255 
0.304572 -2.39478 -0.283596 190 190 190 255 
0.389933 -2.04533 -1.17312 190 190 190 255 
0.361126 -2.21873 -0.882577 190 190 190 255 
0.369295 -2.31059 -0.575572 190 190 190 255 
0.361126 -2.31702 -0.577175 190 190 190 255 
0.361126 -2.37126 -0.28081 190 190 190 255 
0.285229 1.78246 -1.61492 190 190 190 255 
0.285229 1.9585 -1.40955 190 190 190 255 
0.285229 1.97562 -1.38094 190 190 190 255 
0.285229 2.14179 -1.10308 190 190 190 255 
0.361126 1.56925 -1.79977 190 190 190 255 
0.352437 1.7741 -1.60706 190 190 190 255 
0.343318 1.57656 -1.80814 190 190 190 255 
0.324193 1.78383 -1.61586 190 190 190 255 
0.304572 1.58482 -1.81762 190 190 190 255 
0.295899 1.78469 -1.61677 190 190 190 255 
0.285229 1.69236 -1.72002 190 190 190 255 
0.399989 2.30051 -0.430232 190 190 190 255 
0.389933 2.27858 -0.606357 190 190 190 255 
0.389933 2.2278 -0.772335 190 190 190 255 
0.376861 2.1813 -0.936741 190 190 190 255 
0.376861 2.24297 -0.777595 190 190 190 255 
0.361126 1.76971 -1.60308 190 190 190 255 
0.369295 1.5649 -1.79477 190 190 190 255 
0.361126 1.34632 -1.97209 190 190 190 255 
0.369295 0.789388 -2.24654 190 190 190 255 
0.361126 0.6315 -2.30281 190 190 190 255 
0.352437 0.793553 -2.2584 190 190 190 255 
0.343318 0.795269 -2.26328 190 190 190 255 
0.314394 0.798806 -2.27335 190 190 190 255 
0.294821 0.799811 -2.27621 190 190 190 255 
0.285229 1.09549 -2.14367 190 190 190 255 
0 -1.12564 -0.19848 190 190 190 255 
0 -0.632859 -0.05244 190 190 190 255 
0 -0.615596 -0.15589 190 190 190 255 
0 -1.07407 -0.390929 190 190 190 255 
0 -0.581542 -0.255087 190 190 190 255 
0 -0.734706 -0.875588 190 190 190 255 
0 -0.467205 -0.430093 190 190 190 255 
0 -0.30224 -0.558491 190 190 190 255 
0 -0.206193 -0.60062 190 190 190 255 
0 -0.19848 -1.12564 190 190 190 255 
0 0 -1.143 190 190 190 255 
0 -0.104522 -0.626367 190 190 190 255 
6.98846e-006 1.90067e-011 -0.635007 190 190 190 255 
0 0.104522 -0.626367 190 190 190 255 
0 0.206193 -0.60062 190 190 190 255 
0 0.30224 -0.558491 190 190 190 255 
0 0.875589 -0.734706 190 190 190 255 
0 0.390042 -0.501126 190 190 190 255 
0 0.989867 -0.5715 190 190 190 255 
0 0.467205 -0.430093 190 190 190 255 
0 0.531624 -0.347327 190 190 190 255 
0 0.581542 -0.255087 190 190 190 255 
0 0.615596 -0.15589 190 190 190 255 
0 0.632859 -0.05244 190 190 190 255 
0 1.12564 0.19848 190 190 190 255 
0 0.632859 0.05244 190 190 190 255 
0 0.615596 0.15589 190 190 190 255 
0 0.581542 0.255087 190 190 190 255 
0 0.875589 0.734706 190 190 190 255 
0 0.531624 0.347327 190 190 190 255 
0 0.467205 0.430093 190 190 190 255 
0 0.734706 0.875589 190 190 190 255 
0 0.390042 0.501126 190 190 190 255 
0 0.30224 0.558491 190 190 190 255 
0 0.5715 0.989867 190 190 190 255 
0 0.390929 1.07407 190 190 190 255 
0 0.206193 0.60062 190 190 190 255 
0 -2.1684e-016 1.143 190 190 190 255 
0 0.104522 0.626367 190 190 190 255 
0 -0.19848 1.12564 190 190 190 255 
6.98846e-006 1.30243e-010 0.635007 190 190 190 255 
0 -0.390929 1.07407 190 190 190 255 
0 -0.104522 0.626367 190 190 190 255 
0 -0.30224 0.558491 190 190 190 255 
0 -0.5715 0.989867 190 190 190 255 
0 -0.875589 0.734706 190 190 190 255 
0 -0.989867 0.5715 190 190 190 255 
0 -0.467205 0.430093 190 190 190 255 
0 -1.07407 0.390929 190 190 190 255 
0 -0.581542 0.255087 190 190 190 255 
0 -1.143 1.42693e-008 190 190 190 255 
1.92402 0.381 1.69256 190 190 190 255 
1.9431 0.381 1.8542 190 190 190 255 
1.93673 0.381 1.61486 190 190 190 255 
1.93486 0.381 1.63871 190 190 190 255 
1.83659 0.381 1.89452 190 190 190 255 
1.82158 0.381 1.91397 190 190 190 255 
1.77313 0.381 1.97623 190 190 190 255 
1.01597 0.381 2.502 190 190 190 255 
0.890593 0.381 2.67496 190 190 190 255 
1.01521 0.381 3.048 190 190 190 255 
1.8973 0.381 1.77347 190 190 190 255 
1.89141 0.381 1.7913 190 190 190 255 
1.8447 0.381 1.88179 190 190 190 255 
0.996305 0.381 2.55272 190 190 190 255 
0.968267 0.381 2.59934 190 190 190 255 
0.378661 0.381 2.34122 190 190 190 255 
1.05859 0.381 2.35515 190 190 190 255 
1.71299 0.381 2.03423 190 190 190 255 
1.68385 0.381 2.6102 190 190 190 255 
1.32881 0.381 2.30362 190 190 190 255 
1.5463 0.381 2.75984 190 190 190 255 
1.02596 0.381 2.3428 190 190 190 255 
1.03899 0.381 2.33498 190 190 190 255 
1.02264 0.381 2.30906 190 190 190 255 
1.02072 0.381 2.30542 190 190 190 255 
0.294791 0.381 2.38197 190 190 190 255 
1.0981 0.381 2.37649 190 190 190 255 
1.02669 0.381 2.44866 190 190 190 255 
1.07714 0.381 2.36745 190 190 190 255 
1.02834 0.381 2.39796 190 190 190 255 
1.06047 0.381 2.35662 190 190 190 255 
0.402621 0.381 2.31142 190 190 190 255 
0.394056 0.381 2.39796 190 190 190 255 
0.395709 0.381 2.44866 190 190 190 255 
0.361934 0.381 2.35662 190 190 190 255 
0.324304 0.381 2.37649 190 190 190 255 
0.314305 0.381 2.37892 190 190 190 255 
0.305154 0.381 2.38114 190 190 190 255 
0.683999 0.381 2.72933 190 190 190 255 
0.393139 0.381 3.00621 190 190 190 255 
0.630394 0.381 2.72004 190 190 190 255 
0.531807 0.381 2.67496 190 190 190 255 
0.489719 0.381 2.64049 190 190 190 255 
0.108748 0.381 2.71319 190 190 190 255 
0.454133 0.381 2.59934 190 190 190 255 
0.426095 0.381 2.55272 190 190 190 255 
0.285229 0.381 2.38273 190 190 190 255 
0.487954 0.381 3.048 190 190 190 255 
0.402835 -1.1662 1.99311 190 190 190 255 
0.431682 -1.06814 1.97801 190 190 190 255 
0.436661 -1.07541 1.97039 190 190 190 255 
0.413704 -1.2371 1.94442 190 190 190 255 
0.537453 -0.864362 1.93571 190 190 190 255 
0.384896 -1.07355 2.02414 190 190 190 255 
0.334485 -1.36397 2.07227 190 190 190 255 
0.33893 -1.30607 2.06738 190 190 190 255 
0.3438 -1.24793 2.0621 190 190 190 255 
0.343119 -1.25151 2.06277 190 190 190 255 
0.371508 -1.13984 2.03485 190 190 190 255 
0.365256 -1.1351 2.04107 190 190 190 255 
0.383685 -1.08389 2.0245 190 190 190 255 
0.400925 -1.03068 2.01069 190 190 190 255 
0.414636 -1.00302 2.00102 190 190 190 255 
0.511764 -0.882111 1.94579 190 190 190 255 
0.569377 -0.847715 1.92561 190 190 190 255 
0.534034 -0.89157 1.93584 190 190 190 255 
0.538939 -0.863335 1.93513 190 190 190 255 
0.596475 -0.836447 1.91859 190 190 190 255 
0.662427 -0.819417 1.90755 190 190 190 255 
0.662451 -0.820232 1.90735 190 190 190 255 
0.7112 -0.817008 1.9049 190 190 190 255 
0.561996 -0.970294 1.89979 190 190 190 255 
0.522681 -1 1.91178 190 190 190 255 
0.502826 -1.02199 1.91892 190 190 190 255 
0.520002 -0.980239 1.92298 190 190 190 255 
0.465909 -1.04855 1.94528 190 190 190 255 
0.47858 -1.05506 1.92797 190 190 190 255 
0.490856 -1.01189 1.9345 190 190 190 255 
0.465836 -1.07465 1.93284 190 190 190 255 
0.445343 -1.08956 1.95426 190 190 190 255 
0.457761 -1.09217 1.93573 190 190 190 255 
0.45282 -1.10289 1.9375 190 190 190 255 
0.420825 -1.19687 1.94599 190 190 190 255 
0.419723 -1.18592 1.95487 190 190 190 255 
0.416224 -1.18116 1.96471 190 190 190 255 
0.426556 -1.1781 1.9447 190 190 190 255 
0.436549 -1.14537 1.94246 190 190 190 255 
0.407083 -1.2745 1.94296 190 190 190 255 
0.39426 -1.43982 1.91726 190 190 190 255 
0.38803 -1.37795 1.97348 190 190 190 255 
0.391046 -1.47592 1.94 190 190 190 255 
0.393177 -1.38041 1.95104 190 190 190 255 
0.393022 -1.47592 1.92727 190 190 190 255 
0.37339 -1.47592 2.00849 190 190 190 255 
0.380346 -1.47592 1.98744 190 190 190 255 
0.383 -1.47592 1.97941 190 190 190 255 
0.380787 -1.37535 1.99553 190 190 190 255 
0.386636 -1.47592 1.96841 190 190 190 255 
0.36732 -1.47592 2.01997 190 190 190 255 
0.351506 -1.42477 2.04953 190 190 190 255 
0.356403 -1.47593 2.04061 190 190 190 255 
0.343328 -1.47593 2.05962 190 190 190 255 
0.436474 -0.998781 1.9843 190 190 190 255 
0.458512 -0.947433 1.97213 190 190 190 255 
0.430317 -0.99021 1.98942 190 190 190 255 
0.430698 -0.972442 1.98951 190 190 190 255 
0.547724 -0.933944 1.9216 190 190 190 255 
0.483301 -0.994089 1.94723 190 190 190 255 
0.50568 -0.94119 1.94366 190 190 190 255 
0.496779 -0.920925 1.95139 190 190 190 255 
0.541349 -0.912978 1.92966 190 190 190 255 
0.575056 -0.868987 1.92249 190 190 190 255 
0.589559 -0.934022 1.90185 190 190 190 255 
0.58548 -0.912987 1.91063 190 190 190 255 
0.625881 -0.898114 1.90214 190 190 190 255 
0.66456 -0.843545 1.90596 190 190 190 255 
0.7112 -0.90802 1.88694 190 190 190 255 
0.669445 -0.911089 1.88922 190 190 190 255 
0.7112 -0.907121 1.88731 190 190 190 255 
0.7112 -0.88621 1.89443 190 190 190 255 
0.7112 -0.885385 1.89463 190 190 190 255 
0.592745 -0.953247 1.89198 190 190 190 255 
0.628611 -0.919657 1.89411 190 190 190 255 
0.668077 -0.889257 1.89681 190 190 190 255 
0.666443 -0.866651 1.90243 190 190 190 255 
0.7112 -0.863491 1.89982 190 190 190 255 
0.397433 -1.16103 2.0021 190 190 190 255 
0.420501 -1.0533 1.99225 190 190 190 255 
0.426291 -1.06076 1.98531 190 190 190 255 
0.409689 -1.10957 1.99525 190 190 190 255 
0.403782 -1.10321 2.00311 190 190 190 255 
0.45754 -0.93716 1.97344 190 190 190 255 
0.394963 -1.38158 1.93977 190 190 190 255 
0.397958 -1.33189 1.94739 190 190 190 255 
0.400022 -1.27963 1.96337 190 190 190 255 
0.402814 -1.28243 1.95259 190 190 190 255 
0.40098 -1.33341 1.93561 190 190 190 255 
0.404091 -1.2914 1.9423 190 190 190 255 
0.393313 -1.47592 1.91929 190 190 190 255 
0.395647 -1.32996 1.95847 190 190 190 255 
0.390867 -1.3792 1.96229 190 190 190 255 
0.3929 -1.2738 1.98462 190 190 190 255 
0.384669 -1.37666 1.98457 190 190 190 255 
0.376394 -1.37401 2.00631 190 190 190 255 
0.406735 -1.22988 1.96553 190 190 190 255 
0.396716 -1.27675 1.97406 190 190 190 255 
0.394147 -1.21807 1.99575 190 190 190 255 
0.388578 -1.27077 1.99502 190 190 190 255 
0.383757 -1.26769 2.00522 190 190 190 255 
0.412239 -1.17628 1.97438 190 190 190 255 
0.403035 -1.22604 1.97577 190 190 190 255 
0.398837 -1.2221 1.98586 190 190 190 255 
0.388975 -1.21398 2.00541 190 190 190 255 
0.391581 -1.15579 2.0108 190 190 190 255 
0.37845 -1.26457 2.0152 190 190 190 255 
0.420213 -1.12205 1.97858 190 190 190 255 
0.45762 -1.03245 1.95971 190 190 190 255 
0.513446 -0.961042 1.93413 190 190 190 255 
0.409471 -1.26101 1.94349 190 190 190 255 
0.409934 -1.23363 1.95516 190 190 190 255 
0.407774 -1.17129 1.98386 190 190 190 255 
0.428937 -1.13408 1.96085 190 190 190 255 
0.415171 -1.11586 1.98707 190 190 190 255 
0.447776 -1.01579 1.97278 190 190 190 255 
0.474351 -0.975685 1.95846 190 190 190 255 
0.464094 -0.956897 1.96802 190 190 190 255 
0.470488 -0.920139 1.96569 190 190 190 255 
0.488706 -0.903301 1.95689 190 190 190 255 
0.347267 -1.36707 2.05647 190 190 190 255 
0.360275 -1.36988 2.03729 190 190 190 255 
0.3715 -1.37265 2.01689 190 190 190 255 
0.370968 -1.31725 2.02246 190 190 190 255 
0.373828 -1.42726 2.00852 190 190 190 255 
0.363589 -1.42603 2.02958 190 190 190 255 
0.337766 -1.42351 2.06812 190 190 190 255 
0.33444 -1.36456 2.07232 190 190 190 255 
0.331225 -1.40644 2.07586 190 190 190 255 
0.363763 -1.19716 2.04115 190 190 190 255 
0.347497 -1.22849 2.05847 190 190 190 255 
0.359773 -1.25499 2.04342 190 190 190 255 
0.7112 -0.86279 1.89998 190 190 190 255 
0.7112 -0.853692 1.90214 190 190 190 255 
0.7112 -0.840382 1.90314 190 190 190 255 
0.553099 -0.954213 1.91177 190 190 190 255 
0.58063 -0.891221 1.91755 190 190 190 255 
0.618879 -0.853025 1.9123 190 190 190 255 
0.622626 -0.875813 1.90824 190 190 190 255 
0.407798 -1.03824 2.00496 190 190 190 255 
0.414331 -1.04579 1.9988 190 190 190 255 
0.385296 -1.1505 2.01917 190 190 190 255 
0.397465 -1.0968 2.01062 190 190 190 255 
0.377238 -1.20563 2.02392 190 190 190 255 
0.372672 -1.2614 2.02491 190 190 190 255 
0.358841 -1.31275 2.04202 190 190 190 255 
0.345236 -1.24854 2.06053 190 190 190 255 
0.345 -1.30821 2.06027 190 190 190 255 
0.393698 -1.71294 1.69284 190 190 190 255 
0.39369 -1.47592 1.90898 190 190 190 255 
0.3937 -2.07008 1.22677 190 190 190 255 
0.3937 -2.286 1.90898 190 190 190 255 
0.3937 -1.96207 1.3994 190 190 190 255 
0.3937 -1.76521 1.64517 190 190 190 255 
0.3937 -2.286 0.772511 190 190 190 255 
0.949195 -1.06368 1.92998 190 190 190 255 
0.891615 -0.993755 1.90927 190 190 190 255 
1.09014 -1.42309 2.0747 190 190 190 255 
1.08784 -1.36436 2.07215 190 190 190 255 
0.974127 -0.946884 1.97835 190 190 190 255 
0.958566 -0.956262 1.9682 190 190 190 255 
0.759911 -0.819793 1.90734 190 190 190 255 
0.717518 -0.815709 1.90504 190 190 190 255 
0.804853 -0.828739 1.91371 190 190 190 255 
0.85323 -0.847199 1.92531 190 190 190 255 
0.847384 -0.868365 1.92255 190 190 190 255 
0.888443 -0.890979 1.9359 190 190 190 255 
0.884797 -0.865277 1.93607 190 190 190 255 
0.937461 -0.90531 1.95824 190 190 190 255 
0.925766 -0.920375 1.95156 190 190 190 255 
0.996748 -0.983071 1.9933 190 190 190 255 
1.058 -1.14259 2.04209 190 190 190 255 
1.05124 -1.13945 2.03512 190 190 190 255 
1.05614 -1.13536 2.0404 190 190 190 255 
1.04295 -1.08384 2.0283 190 190 190 255 
1.07448 -1.22872 2.05802 190 190 190 255 
1.06844 -1.18338 2.05167 190 190 190 255 
1.06986 -1.25167 2.05241 190 190 190 255 
1.086 -1.47592 2.06884 190 190 190 255 
1.07909 -1.47592 2.05976 190 190 190 255 
1.07215 -1.47592 2.05063 190 190 190 255 
1.08247 -1.36557 2.06578 190 190 190 255 
1.06999 -1.47592 2.0478 190 190 190 255 
1.06869 -1.36837 2.0474 190 190 190 255 
1.06052 -1.47592 2.0307 190 190 190 255 
1.06242 -1.36976 2.03771 190 190 190 255 
1.05221 -1.47592 2.01571 190 190 190 255 
1.05005 -1.47592 2.00998 190 190 190 255 
1.05658 -1.37115 2.02771 190 190 190 255 
1.04882 -1.4272 2.00905 190 190 190 255 
1.04056 -1.42839 1.98727 190 190 190 255 
1.03924 -1.47592 1.98139 190 190 190 255 
1.03023 -1.43062 1.94229 190 190 190 255 
1.02707 -1.43987 1.91598 190 190 190 255 
1.0333 -1.47592 1.95442 190 190 190 255 
1.03135 -1.47592 1.94557 190 190 190 255 
1.03034 -1.47592 1.93166 190 190 190 255 
1.0287 -1.47592 1.90898 190 190 190 255 
1.08588 -1.31428 2.06998 190 190 190 255 
1.08449 -1.30383 2.06852 190 190 190 255 
1.07538 -1.36697 2.05677 190 190 190 255 
1.07708 -1.24822 2.06074 190 190 190 255 
1.06281 -1.25487 2.04374 190 190 190 255 
1.02063 -1.0306 2.01063 190 190 190 255 
1.00827 -1.04541 1.99907 190 190 190 255 
1.02529 -1.09645 2.0111 190 190 190 255 
1.00212 -1.05288 1.99257 190 190 190 255 
1.01308 -1.10916 1.99584 190 190 190 255 
0.996346 -1.0603 1.9857 190 190 190 255 
0.985989 -1.07487 1.97091 190 190 190 255 
1.03749 -1.15007 2.01957 190 190 190 255 
1.03374 -1.21359 2.00591 190 190 190 255 
1.02388 -1.22169 1.98652 190 190 190 255 
1.01595 -1.22946 1.96634 190 190 190 255 
1.00756 -1.22394 1.94623 190 190 190 255 
0.987789 -1.14778 1.94348 190 190 190 255 
1.01478 -1.03791 2.00517 190 190 190 255 
1.02536 -1.16056 2.00264 190 190 190 255 
1.00254 -1.12157 1.97929 190 190 190 255 
1.01501 -1.17079 1.98454 190 190 190 255 
1.00652 -1.18064 1.96553 190 190 190 255 
0.993788 -1.13355 1.96168 190 190 190 255 
1.04996 -1.26124 2.02536 190 190 190 255 
1.02974 -1.27357 1.98536 190 190 190 255 
1.05121 -1.37252 2.01744 190 190 190 255 
1.04191 -1.37521 1.99622 190 190 190 255 
1.03435 -1.42954 1.96492 190 190 190 255 
1.02447 -1.38217 1.92718 190 190 190 255 
1.02696 -1.32978 1.95942 190 190 190 255 
1.0517 -1.31715 2.023 190 190 190 255 
1.04146 -1.32153 2.00251 190 190 190 255 
1.03319 -1.32575 1.98122 190 190 190 255 
1.03463 -1.3778 1.97432 190 190 190 255 
1.02943 -1.38026 1.95201 190 190 190 255 
1.02415 -1.375 1.92857 190 190 190 255 
1.04417 -1.14477 2.02753 190 190 190 255 
1.05617 -1.25806 2.03471 190 190 190 255 
1.04546 -1.20527 2.02427 190 190 190 255 
1.03889 -1.2675 2.00582 190 190 190 255 
1.00942 -1.23687 1.94523 190 190 190 255 
1.01482 -1.27465 1.94232 190 190 190 255 
1.01629 -1.28493 1.94153 190 190 190 255 
1.02259 -1.27938 1.96426 190 190 190 255 
1.02184 -1.32365 1.93854 190 190 190 255 
0.750686 -0.931303 1.8805 190 190 190 255 
0.7112 -0.894388 1.8925 190 190 190 255 
0.754309 -0.888452 1.89704 190 190 190 255 
0.791409 -0.939824 1.88513 190 190 190 255 
0.793798 -0.918754 1.89447 190 190 190 255 
0.836986 -0.912149 1.91088 190 190 190 255 
0.796532 -0.897299 1.90238 190 190 190 255 
0.799782 -0.875105 1.90838 190 190 190 255 
0.803517 -0.852437 1.91236 190 190 190 255 
0.852379 -0.846712 1.92502 190 190 190 255 
0.751782 -0.93141 1.88056 190 190 190 255 
0.752941 -0.910192 1.88956 190 190 190 255 
0.789204 -0.939279 1.88483 190 190 190 255 
0.953294 -0.965645 1.9637 190 190 190 255 
0.986121 -0.998246 1.98444 190 190 190 255 
0.980317 -1.00674 1.97894 190 190 190 255 
0.939384 -0.993294 1.94766 190 190 190 255 
0.965031 -1.03175 1.96011 190 190 190 255 
0.881152 -0.912273 1.92982 190 190 190 255 
0.916885 -0.940533 1.94392 190 190 190 255 
0.874788 -0.933138 1.92187 190 190 190 255 
0.902554 -0.979408 1.92347 190 190 190 255 
0.877375 -0.9812 1.90457 190 190 190 255 
0.948331 -0.974964 1.95876 190 190 190 255 
0.909123 -0.96029 1.93451 190 190 190 255 
0.931813 -1.01103 1.93506 190 190 190 255 
0.91947 -1.02212 1.91889 190 190 190 255 
0.832905 -0.9331 1.90223 190 190 190 255 
0.829271 -0.953769 1.89217 190 190 190 255 
0.841828 -0.890484 1.9177 190 190 190 255 
0.869411 -0.953322 1.91217 190 190 190 255 
0.843074 -0.959611 1.89507 190 190 190 255 
0.860307 -0.970458 1.89984 190 190 190 255 
0.7112 -0.839795 1.90319 190 190 190 255 
0.7112 -0.816555 1.90493 190 190 190 255 
0.7112 -0.815671 1.905 190 190 190 255 
0.799381 -0.827544 1.91293 190 190 190 255 
0.803562 -0.828536 1.91347 190 190 190 255 
0.807593 -0.829775 1.91436 190 190 190 255 
0.757813 -0.842973 1.90601 190 190 190 255 
0.755938 -0.865955 1.90255 190 190 190 255 
1.01341 -1.01338 2.00491 190 190 190 255 
0.974857 -1.01517 1.97304 190 190 190 255 
0.956739 -1.04779 1.94583 190 190 190 255 
0.9773 -1.08895 1.95492 190 190 190 255 
1.0287 -2.17049 1.04159 190 190 190 255 
1.0287 -2.286 1.90898 190 190 190 255 
1.0287 -1.58065 1.8168 190 190 190 255 
1.0287 -1.70625 1.70625 190 190 190 255 
1.0287 -1.71535 1.69567 190 190 190 255 
1.0287 -1.96213 1.39984 190 190 190 255 
2.49765 -0.345659 6.38909 190 190 190 255 
2.40075 -0.356238 5.79034 190 190 190 255 
2.39885 -0.351347 5.79601 190 190 190 255 
2.39584 -0.343568 5.80504 190 190 190 255 
2.53137 -0.380542 6.46622 190 190 190 255 
2.39245 -0.335858 5.81157 190 190 190 255 
2.50847 -0.359202 6.40586 190 190 190 255 
2.38417 -0.317966 5.82428 190 190 190 255 
2.38088 -0.31112 5.82843 190 190 190 255 
2.20065 0.0936812 6.15903 190 190 190 255 
2.17902 0.120804 6.12566 190 190 190 255 
2.17151 0.11131 6.04977 190 190 190 255 
2.17051 0.114433 6.05457 190 190 190 255 
2.18715 0.11169 6.14186 190 190 190 255 
2.19035 0.107581 6.14649 190 190 190 255 
2.18145 0.118321 6.13132 190 190 190 255 
2.18191 0.087589 6.02946 190 190 190 255 
2.16947 0.117663 6.05955 190 190 190 255 
2.16888 0.120407 6.06541 190 190 190 255 
2.17467 0.124776 6.11394 190 190 190 255 
2.16849 0.124511 6.0771 190 190 190 255 
2.17354 0.125704 6.1105 190 190 190 255 
2.17142 0.126737 6.1017 190 190 190 255 
2.39728 -0.378933 5.69311 190 190 190 255 
2.40229 -0.381 5.715 190 190 190 255 
2.36419 -0.342794 5.6242 190 190 190 255 
2.37088 -0.351229 5.63408 190 190 190 255 
2.38142 -0.363898 5.652 190 190 190 255 
2.34182 -0.31112 5.60157 190 190 190 255 
2.24968 -0.31112 5.06643 190 190 190 255 
2.25792 -0.328231 5.05605 190 190 190 255 
2.35912 -0.335786 5.61853 190 190 190 255 
2.04588 0.122759 5.35907 190 190 190 255 
2.0377 0.119939 5.30196 190 190 190 255 
1.01521 -0.254 3.048 190 190 190 255 
1.87649 -0.254 2.25381 190 190 190 255 
1.68385 -0.254 2.6102 190 190 190 255 
1.5463 -0.254 2.75984 190 190 190 255 
1.71299 1.51112 -1.40707 190 190 190 255 
1.77323 1.47301 -1.3716 190 190 190 255 
1.91864 -1.75498 1.42693e-008 190 190 190 255 
1.9431 1.39172 -0.743248 190 190 190 255 
1.9431 1.56572 0.171719 190 190 190 255 
1.71299 1.82135 -0.972967 190 190 190 255 
1.77323 1.77532 -0.948313 190 190 190 255 
1.71299 2.05641 0.170431 190 190 190 255 
1.77323 1.94055 0.534154 190 190 190 255 
1.93818 0.736912 -1.48675 190 190 190 255 
1.77323 -1.37322 -1.4715 190 190 190 255 
1.71299 -0.241338 -2.05102 190 190 190 255 
1.89844 0.503415 1.74312 190 190 190 255 
1.86473 0.523302 1.81198 190 190 190 255 
1.86306 0.381 1.84621 190 190 190 255 
1.82271 0.54173 1.87579 190 190 190 255 
1.77466 0.381 1.97476 190 190 190 255 
1.71299 0.693067 -1.9501 190 190 190 255 
1.71299 0.952151 -1.83757 190 190 190 255 
1.77323 -0.698134 -1.88777 190 190 190 255 
1.71299 -0.693067 -1.9501 190 190 190 255 
1.77323 -0.391047 -1.97437 190 190 190 255 
1.77323 -0.545828 -1.9373 190 190 190 255 
1.77323 -0.235292 -1.99892 190 190 190 255 
1.77323 0.0733533 -2.01139 190 190 190 255 
1.71299 0.0754262 -2.06478 190 190 190 255 
1.71299 0.141235 -2.06478 190 190 190 255 
1.77323 0.644931 -1.9066 190 190 190 255 
1.71299 -1.01543 -1.79909 190 190 190 255 
1.71299 -1.1935 -1.6908 190 190 190 255 
1.71299 -1.76831 -1.07533 190 190 190 255 
1.77323 -1.58208 -1.24422 190 190 190 255 
1.71299 -0.952151 -1.83757 190 190 190 255 
1.71299 -0.868714 -1.87381 190 190 190 255 
1.77323 0.893841 -1.80336 190 190 190 255 
1.82271 0.867072 -1.74935 190 190 190 255 
1.77323 0.369545 -1.97851 190 190 190 255 
1.77323 -0.0800303 -2.01113 190 190 190 255 
1.82271 -0.821121 -1.77138 190 190 190 255 
1.82271 -0.677226 -1.83123 190 190 190 255 
1.77323 -0.846472 -1.82607 190 190 190 255 
1.86473 -0.220481 -1.8731 190 190 190 255 
1.86473 1.22042 -1.43794 190 190 190 255 
1.86473 1.04318 -1.57127 190 190 190 255 
1.82271 1.07991 -1.6266 190 190 190 255 
1.86473 0.604334 -1.78658 190 190 190 255 
1.82271 0.625616 -1.8495 190 190 190 255 
1.82271 0.358477 -1.91925 190 190 190 255 
1.86473 0.346283 -1.85397 190 190 190 255 
1.86473 0.0687359 -1.88477 190 190 190 255 
1.82271 0.0711565 -1.95115 190 190 190 255 
1.82271 -0.0776336 -1.9509 190 190 190 255 
1.82271 -0.228246 -1.93906 190 190 190 255 
1.77323 -1.48282 -1.36099 190 190 190 255 
1.82271 -1.43841 -1.32023 190 190 190 255 
1.82271 -0.379335 -1.91524 190 190 190 255 
1.82271 -0.529481 -1.87928 190 190 190 255 
1.86473 -0.511469 -1.81535 190 190 190 255 
1.86473 -0.654188 -1.76894 190 190 190 255 
1.89844 0.805746 -1.62562 190 190 190 255 
1.89844 1.00353 -1.51156 190 190 190 255 
1.86473 0.837576 -1.68984 190 190 190 255 
1.89844 1.17404 -1.3833 190 190 190 255 
1.89844 -0.891892 -1.58 190 190 190 255 
1.77323 -1.25388 -1.57443 190 190 190 255 
1.86473 -1.05475 -1.56352 190 190 190 255 
1.89844 -1.01467 -1.5041 190 190 190 255 
1.86473 -0.366431 -1.85009 190 190 190 255 
1.89844 -0.212102 -1.80191 190 190 190 255 
1.89844 -0.629327 -1.70171 190 190 190 255 
1.92313 1.1249 -1.3254 190 190 190 255 
1.92313 0.772023 -1.55759 190 190 190 255 
1.89844 0.581368 -1.71869 190 190 190 255 
1.89844 0.333123 -1.78351 190 190 190 255 
1.92313 0.319181 -1.70886 190 190 190 255 
1.89844 0.0661238 -1.81315 190 190 190 255 
1.92313 -0.203225 -1.7265 190 190 190 255 
1.89844 -0.492032 -1.74636 190 190 190 255 
1.92313 -0.471439 -1.67327 190 190 190 255 
1.89844 -0.763045 -1.6461 190 190 190 255 
1.86473 -0.793189 -1.71113 190 190 190 255 
1.93818 0.917801 -1.38243 190 190 190 255 
1.9431 -0.284879 -1.55454 190 190 190 255 
1.9431 0.231518 -1.56338 190 190 190 255 
1.9431 -0.0153744 -1.58035 190 190 190 255 
1.93818 -0.193983 -1.64798 190 190 190 255 
1.93818 0.304665 -1.63115 190 190 190 255 
1.9431 0.289257 -1.54969 190 190 190 255 
1.93818 -1.30432 -1.02577 190 190 190 255 
1.93818 -1.13213 -1.21316 190 190 190 255 
1.9431 -1.07475 -1.15175 190 190 190 255 
1.9431 -1.36885 -0.780949 190 190 190 255 
1.93818 -1.54282 -0.610868 190 190 190 255 
1.9431 -1.46687 -0.580945 190 190 190 255 
1.9431 -1.53219 -0.387487 190 190 190 255 
1.93818 -1.61052 -0.399594 190 190 190 255 
1.9431 -1.53339 -0.380496 190 190 190 255 
1.9431 -1.17988 -1.05149 190 190 190 255 
1.93818 -0.449998 -1.59717 190 190 190 255 
1.9431 -0.542882 -1.48426 190 190 190 255 
1.9431 -0.6624 -1.42897 190 190 190 255 
1.93818 -0.927986 -1.37561 190 190 190 255 
1.71299 0.979861 1.8178 190 190 190 255 
1.71299 0.572373 1.98157 190 190 190 255 
1.71299 0.813513 1.8958 190 190 190 255 
1.77323 1.48725 1.35615 190 190 190 255 
1.71299 1.87753 0.856883 190 190 190 255 
1.71299 1.87302 0.867654 190 190 190 255 
1.77323 1.67737 1.11242 190 190 190 255 
1.77323 1.58628 1.23886 190 190 190 255 
1.77323 1.03729 1.72484 190 190 190 255 
1.71299 2.03865 0.344826 190 190 190 255 
1.77323 1.97697 0.377705 190 190 190 255 
1.71299 2.02848 0.387339 190 190 190 255 
1.77323 1.972 -0.402825 190 190 190 255 
1.71299 1.96784 0.640977 190 190 190 255 
1.71299 1.57373 1.34411 190 190 190 255 
1.86473 1.6486 0.916088 190 190 190 255 
1.82271 1.70666 0.948348 190 190 190 255 
1.86473 1.84787 -0.377469 190 190 190 255 
1.77323 1.99692 -0.251723 190 190 190 255 
1.71299 2.05032 -0.281811 190 190 190 255 
1.89844 1.70531 0.619502 190 190 190 255 
1.89844 1.65065 0.753158 190 190 190 255 
1.86473 1.77268 0.643975 190 190 190 255 
1.86473 1.71585 0.782911 190 190 190 255 
1.77323 1.83112 0.835503 190 190 190 255 
1.77323 1.89176 0.687234 190 190 190 255 
1.86473 1.88385 -0.0906782 190 190 190 255 
1.82271 1.95019 -0.0938717 190 190 190 255 
1.77323 2.0104 -0.09677 190 190 190 255 
1.82271 1.95156 0.0589201 190 190 190 255 
1.77323 2.01181 0.060739 190 190 190 255 
1.71299 2.0696 1.42693e-008 190 190 190 255 
1.82271 1.91776 0.366393 190 190 190 255 
1.77323 2.00073 0.219394 190 190 190 255 
1.89844 0.71867 1.66595 190 190 190 255 
1.77323 0.797245 1.8481 190 190 190 255 
1.77323 0.558455 1.9337 190 190 190 255 
1.82271 0.773369 1.79275 190 190 190 255 
1.86473 0.74706 1.73176 190 190 190 255 
1.92313 0.688592 1.59623 190 190 190 255 
1.92313 0.482345 1.67016 190 190 190 255 
1.93818 0.657275 1.52363 190 190 190 255 
1.71299 1.43303 1.48326 190 190 190 255 
1.82271 1.44271 1.31553 190 190 190 255 
1.86473 1.19051 1.4628 190 190 190 255 
1.86473 1.39363 1.27078 190 190 190 255 
1.89844 1.34067 1.22249 190 190 190 255 
1.92313 1.28456 1.17132 190 190 190 255 
1.77323 1.63316 -1.17637 190 190 190 255 
1.82271 1.4289 -1.33052 190 190 190 255 
1.82271 1.58425 -1.14114 190 190 190 255 
1.92313 1.27226 -1.18467 190 190 190 255 
1.9431 0.995371 1.22281 190 190 190 255 
1.77323 1.75935 0.977627 190 190 190 255 
1.82271 1.77628 0.810482 190 190 190 255 
1.93818 1.38288 0.917112 190 190 190 255 
1.93818 1.04743 1.28699 190 190 190 255 
1.9431 1.04641 1.18438 190 190 190 255 
1.82271 1.53877 1.20176 190 190 190 255 
1.82271 1.62714 1.0791 190 190 190 255 
1.86473 1.57179 1.04239 190 190 190 255 
1.89844 1.51206 1.00278 190 190 190 255 
1.92313 1.44877 0.960809 190 190 190 255 
1.93818 1.22614 1.11805 190 190 190 255 
1.9431 1.22838 0.994396 190 190 190 255 
1.9431 1.31234 0.870268 190 190 190 255 
1.9431 0.437271 1.51472 190 190 190 255 
1.93818 0.460408 1.5942 190 190 190 255 
1.9431 0.630895 1.44904 190 190 190 255 
1.93818 0.855177 1.42202 190 190 190 255 
1.9431 0.848883 1.33309 190 190 190 255 
1.77323 1.27048 1.56107 190 190 190 255 
1.82271 1.00623 1.67319 190 190 190 255 
1.82271 1.23243 1.51432 190 190 190 255 
1.86473 0.971997 1.61627 190 190 190 255 
1.89844 0.935058 1.55484 190 190 190 255 
1.92313 0.895924 1.48977 190 190 190 255 
1.89844 1.14527 1.40721 190 190 190 255 
1.92313 1.09733 1.34832 190 190 190 255 
1.86473 1.8184 0.50053 190 190 190 255 
1.86473 1.85252 0.35393 190 190 190 255 
1.89844 1.74929 0.481509 190 190 190 255 
1.89844 1.78212 0.340479 190 190 190 255 
1.93818 1.59985 0.440374 190 190 190 255 
1.92313 1.72806 0.189493 190 190 190 255 
1.9431 1.55309 0.292649 190 190 190 255 
1.82271 1.93712 -0.244184 190 190 190 255 
1.89844 1.81225 -0.0872323 190 190 190 255 
1.92313 1.73641 -0.0835815 190 190 190 255 
1.92313 1.70324 -0.347926 190 190 190 255 
1.82271 1.94081 0.212823 190 190 190 255 
1.86473 1.87479 0.205583 190 190 190 255 
1.86473 1.88517 0.0569159 190 190 190 255 
1.89844 1.80354 0.19777 190 190 190 255 
1.93818 1.64947 0.180875 190 190 190 255 
1.93818 1.65744 -0.0797799 190 190 190 255 
1.82271 1.72215 -0.919912 190 190 190 255 
1.82271 1.83447 -0.668411 190 190 190 255 
1.89844 1.60035 -0.854849 190 190 190 255 
1.89844 1.70472 -0.621135 190 190 190 255 
1.92313 1.53337 -0.819071 190 190 190 255 
1.93818 1.55909 -0.568073 190 190 190 255 
1.93818 1.46363 -0.78182 190 190 190 255 
1.9431 1.48082 -0.539399 190 190 190 255 
1.92313 1.41058 -1.01604 190 190 190 255 
1.89844 1.4722 -1.06043 190 190 190 255 
1.86473 1.53036 -1.10232 190 190 190 255 
1.86473 1.66357 -0.888619 190 190 190 255 
1.77323 1.8911 -0.689046 190 190 190 255 
1.82271 1.91294 -0.390762 190 190 190 255 
1.86473 1.77206 -0.645673 190 190 190 255 
1.89844 1.77764 -0.363124 190 190 190 255 
1.92313 1.63337 -0.595139 190 190 190 255 
1.93818 1.62578 -0.332102 190 190 190 255 
1.82271 1.83511 0.666653 190 190 190 255 
1.82271 1.88243 0.518157 190 190 190 255 
1.92313 1.58156 0.721636 190 190 190 255 
1.92313 1.67608 0.461357 190 190 190 255 
1.93818 1.50963 0.688816 190 190 190 255 
1.9431 1.43269 0.653731 190 190 190 255 
1.9431 1.49008 0.526691 190 190 190 255 
1.71299 -2.00546 -0.497715 190 190 190 255 
1.77323 -1.95349 -0.48469 190 190 190 255 
1.71299 -2.0696 1.42693e-008 190 190 190 255 
1.77274 -2.01233 1.42693e-008 190 190 190 255 
1.82271 -1.93899 -0.228828 190 190 190 255 
1.77323 -1.99885 -0.235892 190 190 190 255 
1.82271 -1.81533 -0.718766 190 190 190 255 
1.77323 -1.87137 -0.740956 190 190 190 255 
1.77323 -1.74831 -0.997224 190 190 190 255 
1.86303 -1.88505 1.42693e-008 190 190 190 255 
1.83186 -1.93946 1.42693e-008 190 190 190 255 
1.86473 -1.87303 -0.221043 190 190 190 255 
1.82271 -1.89499 -0.470174 190 190 190 255 
1.82271 -1.69595 -0.967358 190 190 190 255 
1.86473 -1.48249 -1.1659 190 190 190 255 
1.82271 -1.5347 -1.20695 190 190 190 255 
1.89661 -1.81367 1.42693e-008 190 190 190 255 
1.8827 -1.85072 1.42693e-008 190 190 190 255 
1.89844 -1.76096 -0.43692 190 190 190 255 
1.89844 -1.68693 -0.66793 190 190 190 255 
1.86473 -1.83052 -0.45418 190 190 190 255 
1.86473 -1.75358 -0.694315 190 190 190 255 
1.86473 -1.63826 -0.934451 190 190 190 255 
1.86473 -1.17495 -1.47533 190 190 190 255 
1.86473 -1.28678 -1.37888 190 190 190 255 
1.82271 -1.33209 -1.42743 190 190 190 255 
1.82271 -1.21633 -1.52728 190 190 190 255 
1.92313 -1.72644 -0.203744 190 190 190 255 
1.92313 -1.68726 -0.418633 190 190 190 255 
1.89844 -1.80185 -0.212643 190 190 190 255 
1.92313 -1.61633 -0.639975 190 190 190 255 
1.89844 -1.576 -0.89894 190 190 190 255 
1.89844 -1.42615 -1.12159 190 190 190 255 
1.89844 -1.23788 -1.32647 190 190 190 255 
1.86473 -0.927126 -1.64242 190 190 190 255 
1.82271 -1.09189 -1.61858 190 190 190 255 
1.77323 -1.1256 -1.66855 190 190 190 255 
1.82271 -0.959775 -1.70026 190 190 190 255 
1.77323 -0.989406 -1.75275 190 190 190 255 
1.92313 -1.51004 -0.861316 190 190 190 255 
1.93818 -1.44137 -0.822144 190 190 190 255 
1.92313 -1.36646 -1.07465 190 190 190 255 
1.92313 -1.18607 -1.27096 190 190 190 255 
1.92313 -0.972201 -1.44115 190 190 190 255 
1.92313 -0.73111 -1.5772 190 190 190 255 
1.93818 -0.697859 -1.50547 190 190 190 255 
1.93818 0.0604749 -1.65825 190 190 190 255 
1.92313 0.0633563 -1.73726 190 190 190 255 
1.92313 0.557036 -1.64676 190 190 190 255 
1.93818 0.531702 -1.57186 190 190 190 255 
1.92313 0.961531 -1.44829 190 190 190 255 
1.9431 -1.58043 1.42693e-008 190 190 190 255 
1.9431 -1.57346 -0.148166 190 190 190 255 
1.9431 -1.56714 -0.184814 190 190 190 255 
1.93818 -1.64792 -0.194477 190 190 190 255 
1.71299 1.14305 -1.72148 190 190 190 255 
1.77323 1.11325 -1.67682 190 190 190 255 
1.9431 1.28609 -0.918535 190 190 190 255 
1.93818 1.34643 -0.969835 190 190 190 255 
1.9431 1.28202 -0.923398 190 190 190 255 
1.77323 1.3024 -1.53454 190 190 190 255 
1.82271 1.2634 -1.48858 190 190 190 255 
1.86473 1.38029 -1.28526 190 190 190 255 
1.89844 1.32784 -1.23642 190 190 190 255 
1.93818 1.07374 -1.26512 190 190 190 255 
1.93818 1.2144 -1.13079 190 190 190 255 
1.9812 -0.19848 -1.12564 190 190 190 255 
1.9431 -0.19848 -1.12564 190 190 190 255 
1.9812 -0.390929 -1.07407 190 190 190 255 
1.9431 -0.734706 -0.875588 190 190 190 255 
1.9431 -0.875589 -0.734706 190 190 190 255 
1.9812 -0.989867 -0.5715 190 190 190 255 
1.9431 -1.143 1.42693e-008 190 190 190 255 
1.9431 -1.07407 0.390929 190 190 190 255 
1.9812 -0.989867 0.5715 190 190 190 255 
1.9431 -0.989867 0.5715 190 190 190 255 
1.9431 -0.875589 0.734706 190 190 190 255 
1.9431 -0.390929 1.07407 190 190 190 255 
1.9431 -0.19848 1.12564 190 190 190 255 
1.9812 -1.39977e-016 1.143 190 190 190 255 
1.9812 0.19848 1.12564 190 190 190 255 
1.9431 -1.39977e-016 1.143 190 190 190 255 
1.9431 0.19848 1.12564 190 190 190 255 
1.9431 0.390929 1.07407 190 190 190 255 
1.9812 0.5715 0.989867 190 190 190 255 
1.9812 0.875589 0.734706 190 190 190 255 
1.9431 0.875589 0.734706 190 190 190 255 
1.9812 0.989867 0.5715 190 190 190 255 
1.9812 1.143 1.42693e-008 190 190 190 255 
1.9431 1.143 1.42693e-008 190 190 190 255 
1.9812 1.12564 -0.19848 190 190 190 255 
1.9431 1.12564 -0.19848 190 190 190 255 
1.9431 1.07407 -0.390929 190 190 190 255 
1.9812 0.5715 -0.989867 190 190 190 255 
1.9431 0.734706 -0.875588 190 190 190 255 
1.9812 0.19848 -1.12564 190 190 190 255 
1.9431 0.19848 -1.12564 190 190 190 255 
1.9812 2.79954e-016 -1.143 190 190 190 255 
-1.49877 0.0850722 18.9819 190 190 190 255 
1.99537 -0.31112 18.7824 190 190 190 255 
1.74925 -0.100855 18.8883 190 190 190 255 
1.10312 -0.02066 6.7367 190 190 190 255 
1.19448 0.0628995 6.93722 190 190 190 255 
-1.13184 0.0850722 6.78994 190 190 190 255 
-2.38462 0.0850722 16.6959 190 190 190 255 
-1.27 -0.31112 15.7344 190 190 190 255 
-1.27 0.0850722 15.1719 190 190 190 255 
-1.27 -0.31112 14.2104 190 190 190 255 
-1.27 -0.31112 13.4484 190 190 190 255 
-2.38462 0.0850722 12.1239 190 190 190 255 
-1.27 0.0850722 12.1239 190 190 190 255 
-1.27 -0.31112 10.4004 190 190 190 255 
-2.59144 -0.31112 9.63843 190 190 190 255 
-1.27 -0.31112 8.11443 190 190 190 255 
-2.38462 0.0850722 8.31394 190 190 190 255 
-1.27 0.0850722 8.31394 190 190 190 255 
-2.59144 -0.31112 7.35243 190 190 190 255 
-1.27 0.0850722 7.55194 190 190 190 255 
-1.27 -0.284172 7.366 190 190 190 255 
2.38462 0.0850722 7.68806 190 190 190 255 
1.27 -0.31112 7.88757 190 190 190 255 
1.27 -0.31112 8.11443 190 190 190 255 
2.38462 0.0850722 8.45006 190 190 190 255 
2.59144 -0.31112 8.87643 190 190 190 255 
1.27 -0.31112 8.87643 190 190 190 255 
1.27 -0.31112 9.41157 190 190 190 255 
1.27 0.0850722 9.83794 190 190 190 255 
2.59144 -0.31112 9.63843 190 190 190 255 
1.27 -0.31112 9.63843 190 190 190 255 
1.27 -0.31112 10.1736 190 190 190 255 
2.38462 0.0850722 10.5999 190 190 190 255 
2.59144 -0.31112 10.4004 190 190 190 255 
1.27 -0.31112 10.4004 190 190 190 255 
2.59144 -0.31112 10.9356 190 190 190 255 
1.27 0.0850722 10.7361 190 190 190 255 
1.27 0.0850722 11.3619 190 190 190 255 
2.38462 0.0850722 12.1239 190 190 190 255 
2.59144 -0.31112 12.4596 190 190 190 255 
2.38462 0.0850722 12.2601 190 190 190 255 
1.27 -0.31112 12.4596 190 190 190 255 
2.59144 -0.31112 12.6864 190 190 190 255 
1.27 0.0850722 12.8859 190 190 190 255 
2.59144 -0.31112 13.2216 190 190 190 255 
2.59144 -0.31112 13.4484 190 190 190 255 
1.27 -0.31112 13.4484 190 190 190 255 
2.59144 -0.31112 13.9836 190 190 190 255 
1.27 0.0850722 14.5461 190 190 190 255 
2.38462 0.0850722 15.1719 190 190 190 255 
2.38462 0.0850722 15.3081 190 190 190 255 
1.27 0.0850722 16.0701 190 190 190 255 
1.27 0.0850722 16.6959 190 190 190 255 
2.59144 -0.31112 16.4964 190 190 190 255 
-2.59144 -0.31112 16.2696 190 190 190 255 
-2.38462 0.0850722 15.3081 190 190 190 255 
-2.38462 0.0850722 14.5461 190 190 190 255 
-1.27 0.0850722 14.5461 190 190 190 255 
-2.59144 -0.31112 13.2216 190 190 190 255 
-1.27 -0.31112 13.2216 190 190 190 255 
-1.27 0.0850722 11.4981 190 190 190 255 
-2.59144 -0.31112 10.1736 190 190 190 255 
-2.59144 -0.31112 9.41157 190 190 190 255 
-1.27 0.0850722 7.68806 190 190 190 255 
-2.59144 -0.31112 7.88757 190 190 190 255 
-1.27 -0.31112 7.88757 190 190 190 255 
-2.38462 0.0850722 6.92606 190 190 190 255 
-2.59144 -0.31112 7.12557 190 190 190 255 
0.0381 -2.38859 -0.34233 190 190 190 255 
0.0381 -2.29649 -0.740751 190 190 190 255 
0.285229 -2.08795 -1.19725 190 190 190 255 
0.0381 -2.13843 -1.1179 190 190 190 255 
0.285229 -2.13843 -1.1179 190 190 190 255 
0.285229 -2.16907 -1.04477 190 190 190 255 
0.285229 -2.29649 -0.740751 190 190 190 255 
0.285229 -1.99252 -1.34728 190 190 190 255 
0.0381 -1.91895 -1.46294 190 190 190 255 
0.285229 -1.91895 -1.46294 190 190 190 255 
0.285229 -1.76512 -1.6327 190 190 190 255 
0.285229 -1.33752 -2.00653 190 190 190 255 
0.285229 -0.962758 -2.21262 190 190 190 255 
0.0381 -0.962758 -2.21262 190 190 190 255 
0.0381 -1.32255 -2.01827 190 190 190 255 
0.285229 -0.817979 -2.26149 190 190 190 255 
0.285229 -0.171343 -2.40691 190 190 190 255 
0.285229 -0.259722 -2.39302 190 190 190 255 
0.0381 -0.575312 -2.34341 190 190 190 255 
0.0381 0.237547 -2.40128 190 190 190 255 
0.285229 0.237547 -2.40128 190 190 190 255 
0.0381 0.639614 -2.32668 190 190 190 255 
0.285229 0.292395 -2.3911 190 190 190 255 
0.285229 1.35968 -1.99143 190 190 190 255 
0.0381 1.02331 -2.18527 190 190 190 255 
0.285229 1.02331 -2.18527 190 190 190 255 
0.285229 0.797027 -2.26867 190 190 190 255 
0.285229 1.58072 -1.81262 190 190 190 255 
0.0381 1.69236 -1.72002 190 190 190 255 
0.285229 2.1684 -1.0586 190 190 190 255 
0.0381 1.9585 -1.40955 190 190 190 255 
0.285229 2.39758 -0.260703 190 190 190 255 
0.285229 2.39711 -0.276436 190 190 190 255 
0.285229 2.36363 -0.44191 190 190 190 255 
0.0381 2.39711 -0.276436 190 190 190 255 
0.0381 2.31601 -0.677242 190 190 190 255 
0.285229 2.40937 0.132308 190 190 190 255 
0.285229 2.4089 0.116759 190 190 190 255 
0.285229 2.35792 0.498191 190 190 190 255 
0.0381 2.40937 0.132308 190 190 190 255 
0.285229 2.24641 0.868958 190 190 190 255 
0.285229 2.03944 1.28967 190 190 190 255 
0.0381 2.22793 0.926768 190 190 190 255 
0.285229 2.16689 1.04428 190 190 190 255 
0.285229 2.22793 0.926768 190 190 190 255 
0.285229 1.86183 1.52392 190 190 190 255 
0.285229 1.49385 1.89499 190 190 190 255 
0.285229 1.60852 1.78765 190 190 190 255 
0.0381 1.79238 1.61553 190 190 190 255 
0.285229 1.79238 1.61553 190 190 190 255 
0.0381 1.15241 2.12003 190 190 190 255 
0.285229 1.18957 2.09554 190 190 190 255 
0.0381 1.49385 1.89499 190 190 190 255 
0.285229 1.33119 2.00219 190 190 190 255 
0.0381 -0.19848 -1.12564 190 190 190 255 
0 -0.390929 -1.07407 190 190 190 255 
0.0381 -0.390929 -1.07407 190 190 190 255 
0.0381 -0.5715 -0.989867 190 190 190 255 
0 -0.5715 -0.989867 190 190 190 255 
0.0381 -0.734706 -0.875588 190 190 190 255 
0 -0.875589 -0.734706 190 190 190 255 
0.0381 -0.989867 -0.5715 190 190 190 255 
0 -0.989867 -0.5715 190 190 190 255 
0.0381 -1.07407 -0.390929 190 190 190 255 
0.0381 -1.143 1.42693e-008 190 190 190 255 
0.0381 -1.07407 0.390929 190 190 190 255 
0 -1.12564 0.19848 190 190 190 255 
0.0381 -0.989867 0.5715 190 190 190 255 
0 -0.734706 0.875589 190 190 190 255 
0.0381 -0.5715 0.989867 190 190 190 255 
0.0381 -0.19848 1.12564 190 190 190 255 
0 -1.39977e-016 1.143 190 190 190 255 
0.0381 -1.39977e-016 1.143 190 190 190 255 
0 0.19848 1.12564 190 190 190 255 
0.0381 0.5715 0.989867 190 190 190 255 
0 0.989867 0.5715 190 190 190 255 
0.0381 1.07407 0.390929 190 190 190 255 
0 1.07407 0.390929 190 190 190 255 
0 1.143 1.42693e-008 190 190 190 255 
0 1.12564 -0.19848 190 190 190 255 
0 1.07407 -0.390929 190 190 190 255 
0.0381 1.07407 -0.390929 190 190 190 255 
0 0.734706 -0.875588 190 190 190 255 
0.0381 0.5715 -0.989867 190 190 190 255 
0.0381 0.390929 -1.07407 190 190 190 255 
0 0.5715 -0.989867 190 190 190 255 
0 0.390929 -1.07407 190 190 190 255 
0 0.19848 -1.12564 190 190 190 255 
0.0381 0.19848 -1.12564 190 190 190 255 
0.0381 2.79954e-016 -1.143 190 190 190 255 
0.0381 -0.254 2.413 190 190 190 255 
0.0381 0.381 2.413 190 190 190 255 
0.0460752 0.381 2.51631 190 190 190 255 
0.0460752 -0.254 2.51631 190 190 190 255 
0.0698119 -0.254 2.61717 190 190 190 255 
0.0698119 0.381 2.61717 190 190 190 255 
0.161959 -0.254 2.8021 190 190 190 255 
0.161959 0.381 2.8021 190 190 190 255 
0.228187 -0.254 2.88179 190 190 190 255 
0.228187 0.381 2.88179 190 190 190 255 
0.30586 0.381 2.95037 190 190 190 255 
0.347888 -2.286 2.05426 190 190 190 255 
0.348997 -1.47593 2.05211 190 190 190 255 
0.353416 -1.47593 2.04625 190 190 190 255 
0.391785 -2.286 1.94011 190 190 190 255 
0.386138 -2.286 1.96764 190 190 190 255 
0.390717 -1.47592 1.94212 190 190 190 255 
0.388936 -1.47592 1.95359 190 190 190 255 
0.384023 -1.47592 1.97632 190 190 190 255 
0.376664 -1.47592 1.99858 190 190 190 255 
0.369413 -2.286 2.01737 190 190 190 255 
0.36885 -1.47592 2.01707 190 190 190 255 
0.364086 -2.286 2.02667 190 190 190 255 
0.0392292 -2.413 1.26371 190 190 190 255 
0.114591 -2.40894 2.50146 190 190 190 255 
0.126455 -2.41029 2.56797 190 190 190 255 
0.0920232 -2.413 2.27213 190 190 190 255 
0.0882386 -2.35509 2.68601 190 190 190 255 
0.104566 -2.37346 2.68833 190 190 190 255 
0.0709796 -2.32747 2.68251 190 190 190 255 
0.054837 -2.413 1.76531 190 190 190 255 
0.0680939 -2.32285 2.68193 190 190 190 255 
0.0547808 -2.413 1.7635 190 190 190 255 
0.0463294 -2.26457 2.67456 190 190 190 255 
0.0477268 -2.413 1.5368 190 190 190 255 
0.0406733 -2.413 1.31012 190 190 190 255 
0.0410944 -2.24344 2.67189 190 190 190 255 
0.0404102 -2.23462 2.67077 190 190 190 255 
0.270247 -2.41297 0.67933 190 190 190 255 
0.294791 -2.41225 -2.7797e-006 190 190 190 255 
0.295574 -2.41236 0.193761 190 190 190 255 
0.275681 -2.413 0.387168 190 190 190 255 
0.27302 -2.413 0.495094 190 190 190 255 
0.273285 -2.413 0.484335 190 190 190 255 
0.274084 -2.413 0.451956 190 190 190 255 
0.271047 -2.413 0.581693 190 190 190 255 
0.282064 -2.41217 0.679544 190 190 190 255 
0.277029 -2.4121 0.772511 190 190 190 255 
0.288753 -2.41107 0.772511 190 190 190 255 
0.306204 -2.40699 0.679982 190 190 190 255 
0.310136 -2.40534 0.772511 190 190 190 255 
0.3302 -2.39598 0.772511 190 190 190 255 
0.348334 -2.38329 0.772511 190 190 190 255 
0.360752 -2.3723 0.680969 190 190 190 255 
0.363987 -2.36763 0.772511 190 190 190 255 
0.369173 -2.36221 0.681122 190 190 190 255 
0.372387 -2.35564 0.772511 190 190 190 255 
0.376685 -2.3495 0.772511 190 190 190 255 
0.386041 -2.32944 0.772511 190 190 190 255 
0.39177 -2.30805 0.772511 190 190 190 255 
0.393123 -2.30515 0.681556 190 190 190 255 
0.392699 -2.29744 0.772511 190 190 190 255 
0.395414 -2.29241 0.681506 190 190 190 255 
0.400653 -2.33896 1.42693e-008 190 190 190 255 
0.396993 -2.34167 0.196131 190 190 190 255 
0.369016 -2.38089 1.42693e-008 190 190 190 255 
0.375786 -2.37256 0.195635 190 190 190 255 
0.384029 -2.36275 0.195828 190 190 190 255 
0.39795 -2.3438 1.42693e-008 190 190 190 255 
0.332945 -2.40325 1.42693e-008 190 190 190 255 
0.333104 -2.40264 0.194638 190 190 190 255 
0.283073 -2.413 0.193468 190 190 190 255 
0.296914 -2.4114 0.387955 190 190 190 255 
0.333796 -2.3995 0.389294 190 190 190 255 
0.344945 -2.39679 0.194915 190 190 190 255 
0.34527 -2.39296 0.38971 190 190 190 255 
0.366446 -2.38161 0.195418 190 190 190 255 
0.365837 -2.37655 0.390457 190 190 190 255 
0.374628 -2.36696 0.390776 190 190 190 255 
0.391108 -2.3524 0.195994 190 190 190 255 
0.398035 -2.32372 0.391625 190 190 190 255 
0.29535 -2.41221 -2.7797e-006 190 190 190 255 
0.305061 -2.41144 1.42693e-008 190 190 190 255 
0.314285 -2.40917 1.42693e-008 190 190 190 255 
0.308211 -2.41045 0.194056 190 190 190 255 
0.32079 -2.40721 0.19435 190 190 190 255 
0.401695 -2.33076 0.196241 190 190 190 255 
0.404317 -2.31802 0.168094 190 190 190 255 
0.274107 -2.413 0.484367 190 190 190 255 
0.277205 -2.4128 0.581893 190 190 190 255 
0.356585 -2.38182 0.487344 190 190 190 255 
0.366038 -2.37269 0.487685 190 190 190 255 
0.367014 -2.36792 0.584612 190 190 190 255 
0.374882 -2.35756 0.584849 190 190 190 255 
0.381553 -2.34663 0.585051 190 190 190 255 
0.392393 -2.32987 0.488637 190 190 190 255 
0.395969 -2.31854 0.488766 190 190 190 255 
0.39119 -2.32383 0.585343 190 190 190 255 
0.394193 -2.31233 0.585434 190 190 190 255 
0.390784 -2.3168 0.681513 190 190 190 255 
0.387248 -2.32852 0.68145 190 190 190 255 
0.386989 -2.33532 0.585216 190 190 190 255 
0.382469 -2.34012 0.681363 190 190 190 255 
0.376435 -2.35142 0.681253 190 190 190 255 
0.35803 -2.37751 0.58434 190 190 190 255 
0.351282 -2.38152 0.680798 190 190 190 255 
0.348049 -2.38617 0.584038 190 190 190 255 
0.340908 -2.38969 0.680611 190 190 190 255 
0.337226 -2.39374 0.58371 190 190 190 255 
0.329807 -2.39671 0.680409 190 190 190 255 
0.318171 -2.40249 0.680198 190 190 190 255 
0.325743 -2.40011 0.583363 190 190 190 255 
0.313799 -2.40521 0.583001 190 190 190 255 
0.301597 -2.40901 0.582632 190 190 190 255 
0.294106 -2.4102 0.679762 190 190 190 255 
0.289337 -2.41152 0.582261 190 190 190 255 
0.269897 -2.413 0.632166 190 190 190 255 
0.356118 -2.38974 0.195176 190 190 190 255 
0.36274 -2.3866 1.42693e-008 190 190 190 255 
0.393982 -2.33489 0.391479 190 190 190 255 
0.38762 -2.34114 0.488465 190 190 190 255 
0.388737 -2.34594 0.391288 190 190 190 255 
0.381625 -2.35216 0.488248 190 190 190 255 
0.38228 -2.3567 0.391054 190 190 190 255 
0.374414 -2.36274 0.487988 190 190 190 255 
0.356006 -2.38527 0.3901 190 190 190 255 
0.346184 -2.38996 0.486969 190 190 190 255 
0.334997 -2.39698 0.486565 190 190 190 255 
0.323211 -2.40276 0.486139 190 190 190 255 
0.321775 -2.40478 0.388857 190 190 190 255 
0.311028 -2.40726 0.4857 190 190 190 255 
0.298653 -2.41044 0.485254 190 190 190 255 
0.309412 -2.40875 0.388409 190 190 190 255 
0.286285 -2.41233 0.484807 190 190 190 255 
0.284477 -2.41277 0.387504 190 190 190 255 
0.2667 -2.413 0.772511 190 190 190 255 
0.288753 -2.41107 0.772511 190 190 190 255 
0.300597 -2.4079 0.772511 190 190 190 255 
0.310137 -2.40534 0.772511 190 190 190 255 
0.313233 -2.4039 1.90898 190 190 190 255 
0.324104 -2.39883 0.772511 190 190 190 255 
0.3302 -2.39599 1.90898 190 190 190 255 
0.3302 -2.39599 0.772511 190 190 190 255 
0.335317 -2.3924 0.772511 190 190 190 255 
0.341295 -2.38822 1.90898 190 190 190 255 
0.391771 -2.30805 0.772511 190 190 190 255 
0.392726 -2.29714 1.90898 190 190 190 255 
0.386701 -2.32697 1.90898 190 190 190 255 
0.388291 -2.32104 0.772511 190 190 190 255 
0.386041 -2.32944 0.772511 190 190 190 255 
0.379007 -2.34452 0.772511 190 190 190 255 
0.376685 -2.3495 0.772511 190 190 190 255 
0.373065 -2.35467 1.90898 190 190 190 255 
0.363988 -2.36763 1.90898 190 190 190 255 
0.363988 -2.36763 0.772511 190 190 190 255 
0.353514 -2.37811 1.90898 190 190 190 255 
0.355715 -2.37591 0.772511 190 190 190 255 
0.348334 -2.38329 0.772511 190 190 190 255 
1.03135 -1.47592 1.94557 190 190 190 255 
1.0306 -2.286 1.93516 190 190 190 255 
1.03924 -1.47592 1.9814 190 190 190 255 
1.04592 -1.47592 1.99907 190 190 190 255 
1.05221 -1.47592 2.01571 190 190 190 255 
1.06613 -1.47592 2.04083 190 190 190 255 
1.06999 -1.47592 2.0478 190 190 190 255 
1.07441 -2.286 2.05362 190 190 190 255 
1.0922 -1.47592 2.07699 190 190 190 255 
1.0287 -2.286 0.772511 190 190 190 255 
1.0332 -2.31951 1.90898 190 190 190 255 
1.02926 -2.29795 1.90898 190 190 190 255 
1.02979 -2.30085 1.90898 190 190 190 255 
1.02936 -2.29892 0.772511 190 190 190 255 
1.0518 -2.35903 1.90898 190 190 190 255 
1.04978 -2.35607 0.772511 190 190 190 255 
1.03772 -2.33207 0.772511 190 190 190 255 
1.03981 -2.33795 0.772511 190 190 190 255 
1.04486 -2.34708 1.90898 190 190 190 255 
1.043 -2.34374 0.772511 190 190 190 255 
1.08697 -2.3924 1.90898 190 190 190 255 
1.05734 -2.36566 0.772511 190 190 190 255 
1.06275 -2.37254 0.772511 190 190 190 255 
1.08267 -2.3899 1.90898 190 190 190 255 
1.08671 -2.39208 0.772511 190 190 190 255 
1.10163 -2.40091 1.90898 190 190 190 255 
1.11657 -2.40682 0.772511 190 190 190 255 
1.12226 -2.40818 0.772511 190 190 190 255 
1.12954 -2.40984 1.90898 190 190 190 255 
1.13591 -2.41145 0.772511 190 190 190 255 
1.02385 -2.30317 0.522451 190 190 190 255 
1.14596 -2.413 0.422674 190 190 190 255 
1.1476 -2.413 0.481454 190 190 190 255 
1.13597 -2.41233 0.481911 190 190 190 255 
1.15299 -2.413 0.675268 190 190 190 255 
1.1557 -2.413 0.772511 190 190 190 255 
1.13907 -2.413 0.1073 190 190 190 255 
1.12653 -2.41234 0.192611 190 190 190 255 
1.02401 -2.32283 0.389314 190 190 190 255 
1.02127 -2.3123 0.389383 190 190 190 255 
1.02686 -2.29252 0.677494 190 190 190 255 
1.08879 -2.40243 0.19349 190 190 190 255 
1.10809 -2.40921 1.42693e-008 190 190 190 255 
1.12022 -2.41186 1.42693e-008 190 190 190 255 
1.12674 -2.4123 -2.7797e-006 190 190 190 255 
1.05536 -2.38111 0.194267 190 190 190 255 
1.0657 -2.38935 0.194026 190 190 190 255 
1.07019 -2.39338 1.42693e-008 190 190 190 255 
1.02799 -2.33406 0.38917 190 190 190 255 
1.02495 -2.34079 0.194973 190 190 190 255 
1.0396 -2.35604 0.388749 190 190 190 255 
1.03782 -2.36205 0.194674 190 190 190 255 
1.04722 -2.3664 0.388472 190 190 190 255 
1.06585 -2.3849 0.387797 190 190 190 255 
1.0769 -2.39649 0.193766 190 190 190 255 
1.10116 -2.40707 0.193202 190 190 190 255 
1.11381 -2.41038 0.192908 190 190 190 255 
1.11264 -2.40868 0.386101 190 190 190 255 
1.12522 -2.41137 0.385645 190 190 190 255 
1.13911 -2.413 0.192319 190 190 190 255 
1.13773 -2.41276 0.385191 190 190 190 255 
1.01793 -2.31836 0.168076 190 190 190 255 
1.01923 -2.33203 1.42693e-008 190 190 190 255 
1.02262 -2.34081 1.42693e-008 190 190 190 255 
1.02387 -2.34297 1.42693e-008 190 190 190 255 
1.03078 -2.3516 0.194838 190 190 190 255 
1.03733 -2.36379 1.42693e-008 190 190 190 255 
1.03901 -2.36583 1.42693e-008 190 190 190 255 
1.04603 -2.37196 0.194483 190 190 190 255 
1.04647 -2.37488 1.42693e-008 190 190 190 255 
1.06131 -2.37202 0.676953 190 190 190 255 
1.05199 -2.35887 0.772511 190 190 190 255 
1.04094 -2.33999 0.772511 190 190 190 255 
1.04562 -2.35096 0.677247 190 190 190 255 
1.03326 -2.31949 0.772511 190 190 190 255 
1.03487 -2.32791 0.677449 190 190 190 255 
1.03299 -2.31873 0.772511 190 190 190 255 
1.03106 -2.30819 0.772511 190 190 190 255 
1.0291 -2.30444 0.677557 190 190 190 255 
1.02923 -2.29643 0.772511 190 190 190 255 
1.02931 -2.29795 0.772511 190 190 190 255 
1.14529 -2.41218 0.772511 190 190 190 255 
1.14378 -2.41207 0.772511 190 190 190 255 
1.14044 -2.41219 0.67547 190 190 190 255 
1.10968 -2.40391 0.772511 190 190 190 255 
1.10177 -2.40058 0.772511 190 190 190 255 
1.09644 -2.39833 0.772511 190 190 190 255 
1.1041 -2.40247 0.676151 190 190 190 255 
1.09239 -2.39664 0.67637 190 190 190 255 
1.08286 -2.38961 0.772511 190 190 190 255 
1.07827 -2.38667 0.772511 190 190 190 255 
1.0661 -2.37559 0.772511 190 190 190 255 
1.04043 -2.34605 0.581607 190 190 190 255 
1.04707 -2.35706 0.581404 190 190 190 255 
1.04748 -2.36221 0.485111 190 190 190 255 
1.05585 -2.37225 0.484809 190 190 190 255 
1.06531 -2.38147 0.484467 190 190 190 255 
1.08697 -2.3968 0.483683 190 190 190 255 
1.08481 -2.39357 0.58025 190 190 190 255 
1.09635 -2.40001 0.579897 190 190 190 255 
1.11107 -2.40719 0.482812 190 190 190 255 
1.12064 -2.40899 0.579154 190 190 190 255 
1.13298 -2.41152 0.578777 190 190 190 255 
1.15029 -2.413 0.578234 190 190 190 255 
1.14519 -2.4128 0.578403 190 190 190 255 
1.15233 -2.41298 0.675246 190 190 190 255 
1.12832 -2.41022 0.675697 190 190 190 255 
1.11614 -2.40699 0.675925 190 190 190 255 
1.10836 -2.40516 0.57953 190 190 190 255 
1.08123 -2.38956 0.67658 190 190 190 255 
1.07081 -2.38131 0.676775 190 190 190 255 
1.07394 -2.38593 0.580583 190 190 190 255 
1.06393 -2.37719 0.580888 190 190 190 255 
1.05288 -2.36184 0.677111 190 190 190 255 
1.05494 -2.36751 0.581164 190 190 190 255 
1.03961 -2.33959 0.677359 190 190 190 255 
1.03503 -2.33466 0.581772 190 190 190 255 
1.03138 -2.31614 0.677514 190 190 190 255 
1.03088 -2.3231 0.581899 190 190 190 255 
1.02794 -2.31155 0.581989 190 190 190 255 
1.025 -2.29909 0.581916 190 190 190 255 
1.10001 -2.40744 1.42693e-008 190 190 190 255 
1.12352 -2.41041 0.482362 190 190 190 255 
1.09882 -2.40265 0.483255 190 190 190 255 
1.10021 -2.40465 0.386552 190 190 190 255 
1.07574 -2.3897 0.484089 190 190 190 255 
1.08813 -2.3993 0.38699 190 190 190 255 
1.07661 -2.39268 0.387407 190 190 190 255 
1.056 -2.37608 0.388154 190 190 190 255 
1.04029 -2.35153 0.485371 190 190 190 255 
1.03434 -2.34043 0.485587 190 190 190 255 
1.03318 -2.34519 0.388982 190 190 190 255 
1.02962 -2.32909 0.485757 190 190 190 255 
1.02611 -2.3177 0.485884 190 190 190 255 
1.02314 -2.30568 0.485854 190 190 190 255 
2.53611 -0.379172 6.49847 190 190 190 255 
2.5366 -0.376898 6.50902 190 190 190 255 
2.62792 -0.381 7.02544 190 190 190 255 
2.33776 0.0850722 6.92606 190 190 190 255 
2.51208 -0.31112 6.59043 190 190 190 255 
2.31432 0.0850722 6.78994 190 190 190 255 
2.53297 -0.359202 6.54814 190 190 190 255 
2.30938 0.0953327 6.79617 190 190 190 255 
2.30828 0.122759 6.88307 190 190 190 255 
2.30423 0.125974 6.87046 190 190 190 255 
2.30265 0.126763 6.864 190 190 190 255 
2.30334 0.109556 6.80948 190 190 190 255 
2.30194 0.113483 6.81467 190 190 190 255 
2.30139 0.126998 6.85749 190 190 190 255 
2.30046 0.126677 6.85099 190 190 190 255 
2.3001 0.119939 6.82596 190 190 190 255 
2.29986 0.125802 6.84454 190 190 190 255 
2.26576 -0.485735 4.92204 190 190 190 255 
2.27109 -0.381 4.953 190 190 190 255 
2.56556 -0.667965 6.66325 190 190 190 255 
2.20561 -1.30682 4.57266 190 190 190 255 
2.20004 -0.85345 4.54032 190 190 190 255 
2.23277 -0.747515 4.73041 190 190 190 255 
2.62806 -0.443508 7.02625 190 190 190 255 
2.59865 -0.557876 6.85544 190 190 190 255 
2.55586 -0.692554 6.60691 190 190 190 255 
2.53349 -0.381 6.477 190 190 190 255 
2.49914 -0.836337 6.27748 190 190 190 255 
2.48232 -0.86895 6.17978 190 190 190 255 
2.02778 -1.49013 3.53982 190 190 190 255 
2.16586 -1.35538 4.34181 190 190 190 255 
1.9431 -2.1684e-016 1.143 190 190 190 255 
1.9431 0.813259 1.35204 190 190 190 255 
1.9431 0.5715 0.989867 190 190 190 255 
1.9431 0.734706 0.875589 190 190 190 255 
1.9431 1.12564 0.19848 190 190 190 255 
1.9431 0.875589 -0.734706 190 190 190 255 
1.9431 1.15474 -1.07541 190 190 190 255 
1.9431 0.989867 -0.5715 190 190 190 255 
1.9431 -0.254 1.8542 190 190 190 255 
1.9431 0.381 1.53381 190 190 190 255 
1.9431 1.1642 1.06141 190 190 190 255 
1.9431 1.51928 0.418223 190 190 190 255 
1.9431 1.07407 0.390929 190 190 190 255 
1.9431 0.989867 0.5715 190 190 190 255 
1.9431 1.38014 0.770038 190 190 190 255 
1.9431 1.56486 -0.221288 190 190 190 255 
1.9431 1.5735 -0.075683 190 190 190 255 
1.9431 1.58005 0.0345055 190 190 190 255 
1.9431 1.54379 -0.31526 190 190 190 255 
1.9431 1.41304 -0.707867 190 190 190 255 
1.9431 1.50954 -0.468019 190 190 190 255 
1.9431 0.722349 -1.40569 190 190 190 255 
1.9431 0.5715 -0.989867 190 190 190 255 
1.9431 0.701232 -1.41453 190 190 190 255 
1.9431 -0.5715 -0.989867 190 190 190 255 
1.9431 -0.779687 -1.37471 190 190 190 255 
1.9431 -0.880843 -1.30577 190 190 190 255 
1.9431 -0.99438 -1.22839 190 190 190 255 
1.9431 0.872072 -1.31331 190 190 190 255 
1.9431 0.932307 -1.27615 190 190 190 255 
1.9431 1.01916 -1.2009 190 190 190 255 
1.9431 1.13023 -1.10468 190 190 190 255 
1.9431 0.506055 -1.49624 190 190 190 255 
1.9431 0.390929 -1.07407 190 190 190 255 
1.9431 0.494624 -1.50103 190 190 190 255 
1.9431 0.0573217 -1.57535 190 190 190 255 
1.9431 0 -1.143 190 190 190 255 
1.9431 -0.184237 -1.56418 190 190 190 255 
1.9431 -0.390929 -1.07407 190 190 190 255 
1.9431 -0.42712 -1.51579 190 190 190 255 
1.9431 -1.07407 -0.390929 190 190 190 255 
1.9431 -1.45349 -0.620584 190 190 190 255 
1.9431 -1.12564 -0.19848 190 190 190 255 
1.9431 -0.734706 0.875589 190 190 190 255 
1.9431 -0.5715 0.989867 190 190 190 255 
1.9431 -1.33251 -0.849794 190 190 190 255 
1.9431 -0.989867 -0.5715 190 190 190 255 
1.9431 -1.23845 -0.974087 190 190 190 255 
1.9431 -1.12564 0.19848 190 190 190 255 
-2.50384 -0.143308 16.9471 190 190 190 255 
-2.12224 0.0850722 18.2199 190 190 190 255 
-2.35311 -0.201136 18.0758 190 190 190 255 
1.33392 0.120357 19.0811 190 190 190 255 
-1.31164 0.0961481 19.1112 190 190 190 255 
1.31179 0.0850722 19.1181 190 190 190 255 
1.31164 0.0961481 19.1112 190 190 190 255 
-1.31308 0.101301 19.1071 190 190 190 255 
-1.31542 0.105903 19.1026 190 190 190 255 
1.31308 0.101293 19.1071 190 190 190 255 
-1.32296 0.114051 19.0925 190 190 190 255 
-1.32822 0.117556 19.0867 190 190 190 255 
-1.33392 0.120357 19.0811 190 190 190 255 
1.32823 0.11756 19.0867 190 190 190 255 
1.34788 0.124636 19.0688 190 190 190 255 
1.3645 0.126541 19.056 190 190 190 255 
-1.38268 0.126677 19.043 190 190 190 255 
1.42272 0.119939 19.018 190 190 190 255 
1.44322 0.113483 19.0067 190 190 190 255 
-1.42272 0.119939 19.018 190 190 190 255 
-1.44322 0.113483 19.0067 190 190 190 255 
1.46329 0.1052 18.9966 190 190 190 255 
1.49877 0.0850722 18.9819 190 190 190 255 
2.02426 -0.350294 17.022 190 190 190 255 
0.622254 -0.103239 18.1251 190 190 190 255 
1.19018 0.0907917 6.92286 190 190 190 255 
1.18882 0.0961481 6.91924 190 190 190 255 
2.3301 0.0961481 6.91924 190 190 190 255 
2.3229 0.105903 6.91063 190 190 190 255 
1.18555 0.105903 6.91063 190 190 190 255 
2.31638 0.114051 6.90049 190 190 190 255 
2.31073 0.120357 6.88912 190 190 190 255 
2.30611 0.124636 6.87683 190 190 190 255 
1.17201 0.124636 6.87683 190 190 190 255 
1.16089 0.126677 6.85099 190 190 190 255 
2.2996 0.12438 6.83819 190 190 190 255 
1.14946 0.119939 6.82596 190 190 190 255 
2.29968 0.122421 6.83198 190 190 190 255 
1.14409 0.113483 6.81467 190 190 190 255 
2.30085 0.116952 6.82018 190 190 190 255 
1.1392 0.1052 6.80464 190 190 190 255 
2.30506 0.1052 6.80464 190 190 190 255 
2.30708 0.100448 6.80019 190 190 190 255 
1.13184 0.0850722 6.78994 190 190 190 255 
-2.37884 0.0961481 6.91924 190 190 190 255 
-1.19137 0.0850725 6.92606 190 190 190 255 
-1.19018 0.0907876 6.92286 190 190 190 255 
-1.18882 0.0961481 6.91924 190 190 190 255 
-2.3695 0.114051 6.90049 190 190 190 255 
-1.18161 0.114051 6.90049 190 190 190 255 
-2.37375 0.105903 6.91063 190 190 190 255 
-1.18703 0.1015 6.91452 190 190 190 255 
-2.36493 0.122801 6.88295 190 190 190 255 
-2.3597 0.126584 6.851 190 190 190 255 
-1.16657 0.126763 6.864 190 190 190 255 
-2.36215 0.125768 6.87165 190 190 190 255 
-2.35952 0.126067 6.84611 190 190 190 255 
-2.35959 0.12652 6.84946 190 190 190 255 
-1.16089 0.126677 6.85099 190 190 190 255 
-1.14946 0.119939 6.82596 190 190 190 255 
-2.35979 0.124263 6.83822 190 190 190 255 
-2.3618 0.11802 6.82211 190 190 190 255 
-2.36374 0.113384 6.81473 190 190 190 255 
-2.3642 0.1123 6.81301 190 190 190 255 
-1.14409 0.113483 6.81467 190 190 190 255 
-2.36746 0.105196 6.80465 190 190 190 255 
-2.36748 0.105146 6.80459 190 190 190 255 
-1.13498 0.0953326 6.79617 190 190 190 255 
-2.3723 0.0953458 6.79618 190 190 190 255 
-2.38462 0.0850722 16.8321 190 190 190 255 
-2.37887 0.0960856 16.8253 190 190 190 255 
-1.27 0.105795 16.8167 190 190 190 255 
-2.37381 0.105795 16.8167 190 190 190 255 
-2.36501 0.122643 16.7894 190 190 190 255 
-1.27 0.113921 16.8067 190 190 190 255 
-1.27 0.124539 16.7832 190 190 190 255 
-2.36288 0.126725 16.7705 190 190 190 255 
-2.36274 0.127 16.764 190 190 190 255 
-2.36288 0.126725 16.7575 190 190 190 255 
-1.27 0.126725 16.7575 190 190 190 255 
-2.36331 0.125903 16.7511 190 190 190 255 
-2.36402 0.124539 16.7448 190 190 190 255 
-2.36501 0.122643 16.7386 190 190 190 255 
-1.27 0.12023 16.7326 190 190 190 255 
-2.36779 0.117315 16.7268 190 190 190 255 
-2.37381 0.105795 16.7113 190 190 190 255 
-1.27 0.0960856 16.7027 190 190 190 255 
-1.27 0.0850722 16.0701 190 190 190 255 
-1.27 0.0960856 16.0633 190 190 190 255 
-2.37381 0.105795 16.0547 190 190 190 255 
-2.36956 0.113921 16.0447 190 190 190 255 
-2.36402 0.124539 16.0212 190 190 190 255 
-1.27 0.113921 16.0447 190 190 190 255 
-2.36779 0.117315 16.0392 190 190 190 255 
-1.27 0.124539 16.0212 190 190 190 255 
-1.27 0.126725 16.0085 190 190 190 255 
-2.36274 0.127 16.002 190 190 190 255 
-2.36288 0.126725 15.9955 190 190 190 255 
-1.27 0.126725 15.9955 190 190 190 255 
-2.36501 0.122643 15.9766 190 190 190 255 
-1.27 0.124539 15.9828 190 190 190 255 
-2.36956 0.113921 15.9593 190 190 190 255 
-1.27 0.105795 15.9493 190 190 190 255 
-1.27 0.0960856 15.9407 190 190 190 255 
-2.37887 0.0960856 15.9407 190 190 190 255 
-1.27 0.0850722 15.9339 190 190 190 255 
-2.36402 0.124539 15.2592 190 190 190 255 
-1.27 0.124539 15.2592 190 190 190 255 
-2.37887 0.0960856 15.3013 190 190 190 255 
-1.27 0.105795 15.2927 190 190 190 255 
-1.27 0.113921 15.2827 190 190 190 255 
-1.27 0.12023 15.2714 190 190 190 255 
-2.36627 0.12023 15.2714 190 190 190 255 
-2.36779 0.117315 15.2772 190 190 190 255 
-2.36956 0.113921 15.2827 190 190 190 255 
-2.36274 0.127 15.24 190 190 190 255 
-1.27 0.126725 15.2465 190 190 190 255 
-1.27 0.126725 15.2335 190 190 190 255 
-2.36331 0.125903 15.2271 190 190 190 255 
-2.36501 0.122643 15.2146 190 190 190 255 
-1.27 0.12023 15.2086 190 190 190 255 
-2.36627 0.12023 15.2086 190 190 190 255 
-2.36779 0.117315 15.2028 190 190 190 255 
-2.37887 0.0960856 15.1787 190 190 190 255 
-1.27 0.0960856 15.1787 190 190 190 255 
-1.27 0.105795 14.5307 190 190 190 255 
-2.37887 0.0960856 14.5393 190 190 190 255 
-1.27 0.12023 14.5094 190 190 190 255 
-2.36627 0.12023 14.5094 190 190 190 255 
-2.36288 0.126725 14.4845 190 190 190 255 
-1.27 0.126725 14.4845 190 190 190 255 
-2.36274 0.127 14.478 190 190 190 255 
-2.36331 0.125903 14.4651 190 190 190 255 
-2.36956 0.113921 14.4353 190 190 190 255 
-1.27 0.105795 14.4253 190 190 190 255 
-2.37887 0.0960856 14.4167 190 190 190 255 
-1.27 0.0850722 13.7841 190 190 190 255 
-2.37887 0.0960856 13.7773 190 190 190 255 
-2.36402 0.124539 13.7352 190 190 190 255 
-1.27 0.113921 13.7587 190 190 190 255 
-2.36779 0.117315 13.7532 190 190 190 255 
-2.36288 0.126725 13.7225 190 190 190 255 
-2.36274 0.127 13.716 190 190 190 255 
-2.36288 0.126725 13.7095 190 190 190 255 
-1.27 0.126725 13.7095 190 190 190 255 
-2.36402 0.124539 13.6968 190 190 190 255 
-2.36501 0.122643 13.6906 190 190 190 255 
-2.36627 0.12023 13.6846 190 190 190 255 
-2.36956 0.113921 13.6733 190 190 190 255 
-2.37381 0.105795 13.6633 190 190 190 255 
-1.27 0.0960856 13.6547 190 190 190 255 
-1.27 0.0850722 13.6479 190 190 190 255 
-2.38462 0.0850722 13.6479 190 190 190 255 
-1.27 0.0960856 13.0153 190 190 190 255 
-2.37887 0.0960856 13.0153 190 190 190 255 
-2.37381 0.105795 13.0067 190 190 190 255 
-2.36956 0.113921 12.9967 190 190 190 255 
-1.27 0.124539 12.9732 190 190 190 255 
-2.36402 0.124539 12.9732 190 190 190 255 
-2.36501 0.122643 12.9794 190 190 190 255 
-1.27 0.12023 12.9854 190 190 190 255 
-1.27 0.113921 12.9967 190 190 190 255 
-1.27 0.126725 12.9475 190 190 190 255 
-2.36288 0.126725 12.9475 190 190 190 255 
-2.36402 0.124539 12.9348 190 190 190 255 
-2.36501 0.122643 12.9286 190 190 190 255 
-2.36627 0.12023 12.9226 190 190 190 255 
-1.27 0.12023 12.9226 190 190 190 255 
-1.27 0.105795 12.9013 190 190 190 255 
-2.37381 0.105795 12.9013 190 190 190 255 
-1.27 0.0850722 12.8859 190 190 190 255 
-2.37887 0.0960856 12.2533 190 190 190 255 
-1.27 0.105795 12.2447 190 190 190 255 
-1.27 0.113921 12.2347 190 190 190 255 
-2.36779 0.117315 12.2292 190 190 190 255 
-2.36956 0.113921 12.2347 190 190 190 255 
-1.27 0.124539 12.2112 190 190 190 255 
-1.27 0.126725 12.1985 190 190 190 255 
-1.27 0.126725 12.1855 190 190 190 255 
-2.36402 0.124539 12.1728 190 190 190 255 
-1.27 0.113921 12.1493 190 190 190 255 
-1.27 0.105795 12.1393 190 190 190 255 
-2.37381 0.105795 12.1393 190 190 190 255 
-1.27 0.0960856 12.1307 190 190 190 255 
-2.37887 0.0960856 12.1307 190 190 190 255 
-1.27 0.105795 11.4827 190 190 190 255 
-2.36956 0.113921 11.4727 190 190 190 255 
-1.27 0.124539 11.4492 190 190 190 255 
-2.36402 0.124539 11.4492 190 190 190 255 
-1.27 0.12023 11.4614 190 190 190 255 
-2.36274 0.127 11.43 190 190 190 255 
-2.36501 0.122643 11.4046 190 190 190 255 
-2.36627 0.12023 11.3986 190 190 190 255 
-1.27 0.12023 11.3986 190 190 190 255 
-2.36956 0.113921 11.3873 190 190 190 255 
-2.37381 0.105795 11.3773 190 190 190 255 
-2.37887 0.0960856 11.3687 190 190 190 255 
-1.27 0.0960856 11.3687 190 190 190 255 
-2.38462 0.0850722 10.7361 190 190 190 255 
-2.37887 0.0960856 10.7293 190 190 190 255 
-1.27 0.124539 10.6872 190 190 190 255 
-1.27 0.12023 10.6994 190 190 190 255 
-2.36779 0.117315 10.7052 190 190 190 255 
-2.36274 0.127 10.668 190 190 190 255 
-2.36288 0.126725 10.6615 190 190 190 255 
-2.36402 0.124539 10.6488 190 190 190 255 
-1.27 0.12023 10.6366 190 190 190 255 
-1.27 0.113921 10.6253 190 190 190 255 
-2.36956 0.113921 10.6253 190 190 190 255 
-1.27 0.105795 10.6153 190 190 190 255 
-2.37381 0.105795 10.6153 190 190 190 255 
-1.27 0.0850722 10.5999 190 190 190 255 
-2.38462 0.0850722 10.5999 190 190 190 255 
-1.27 0.124539 9.92521 190 190 190 255 
-1.27 0.0850722 9.97406 190 190 190 255 
-2.37887 0.0960856 9.96728 190 190 190 255 
-1.27 0.105795 9.95875 190 190 190 255 
-2.36956 0.113921 9.94869 190 190 190 255 
-1.27 0.126725 9.91247 190 190 190 255 
-2.36288 0.126725 9.89954 190 190 190 255 
-2.36331 0.125903 9.89312 190 190 190 255 
-1.27 0.126725 9.89954 190 190 190 255 
-2.36402 0.124539 9.88679 190 190 190 255 
-1.27 0.12023 9.8746 190 190 190 255 
-1.27 0.113921 9.86331 190 190 190 255 
-2.36956 0.113921 9.86331 190 190 190 255 
-1.27 0.105795 9.85326 190 190 190 255 
-2.37381 0.105795 9.85326 190 190 190 255 
-1.27 0.0960856 9.84472 190 190 190 255 
-2.37887 0.0960856 9.84472 190 190 190 255 
-1.27 0.124539 9.16321 190 190 190 255 
-2.37887 0.0960856 9.20528 190 190 190 255 
-2.37381 0.105795 9.19674 190 190 190 255 
-1.27 0.12023 9.1754 190 190 190 255 
-2.36501 0.122643 9.1694 190 190 190 255 
-2.36627 0.12023 9.1754 190 190 190 255 
-1.27 0.113921 9.18669 190 190 190 255 
-2.36779 0.117315 9.18118 190 190 190 255 
-2.36288 0.126725 9.15047 190 190 190 255 
-1.27 0.126725 9.15047 190 190 190 255 
-2.36274 0.127 9.144 190 190 190 255 
-2.36288 0.126725 9.13753 190 190 190 255 
-1.27 0.126725 9.13753 190 190 190 255 
-1.27 0.124539 9.12479 190 190 190 255 
-2.36331 0.125903 9.13112 190 190 190 255 
-2.36779 0.117315 9.10682 190 190 190 255 
-1.27 0.113921 9.10131 190 190 190 255 
-1.27 0.105795 9.09126 190 190 190 255 
-2.37887 0.0960856 8.44328 190 190 190 255 
-1.27 0.105795 8.43474 190 190 190 255 
-1.27 0.113921 8.42469 190 190 190 255 
-2.36956 0.113921 8.42469 190 190 190 255 
-2.36402 0.124539 8.40121 190 190 190 255 
-2.36627 0.12023 8.4134 190 190 190 255 
-1.27 0.124539 8.40121 190 190 190 255 
-2.36274 0.127 8.382 190 190 190 255 
-1.27 0.126725 8.37554 190 190 190 255 
-2.36288 0.126725 8.37554 190 190 190 255 
-1.27 0.124539 8.36279 190 190 190 255 
-2.36627 0.12023 8.3506 190 190 190 255 
-1.27 0.113921 8.33931 190 190 190 255 
-1.27 0.105795 8.32926 190 190 190 255 
-2.37381 0.105795 8.32926 190 190 190 255 
-1.27 0.124539 7.63921 190 190 190 255 
-1.27 0.0960856 7.68128 190 190 190 255 
-2.37381 0.105795 7.67274 190 190 190 255 
-2.36402 0.124539 7.63921 190 190 190 255 
-2.36501 0.122643 7.6454 190 190 190 255 
-2.36627 0.12023 7.6514 190 190 190 255 
-1.27 0.113921 7.66269 190 190 190 255 
-2.36779 0.117315 7.65718 190 190 190 255 
-2.36331 0.125903 7.63288 190 190 190 255 
-2.36288 0.126725 7.62647 190 190 190 255 
-1.27 0.126725 7.62647 190 190 190 255 
-2.36274 0.127 7.62 190 190 190 255 
-1.27 0.126725 7.61353 190 190 190 255 
-1.27 0.124539 7.60079 190 190 190 255 
-1.27 0.12023 7.5886 190 190 190 255 
-1.27 0.113921 7.57731 190 190 190 255 
-2.36956 0.113921 7.57731 190 190 190 255 
-2.37381 0.105795 7.56726 190 190 190 255 
-1.27 0.105795 7.56726 190 190 190 255 
-1.27 0.0960856 7.55872 190 190 190 255 
-2.37887 0.0960856 7.55872 190 190 190 255 
-2.38462 0.0850722 7.55194 190 190 190 255 
1.27 0.0960856 7.55872 190 190 190 255 
1.27 0.105795 7.56726 190 190 190 255 
2.37381 0.105795 7.56726 190 190 190 255 
1.27 0.113921 7.57731 190 190 190 255 
1.27 0.124539 7.60079 190 190 190 255 
2.36402 0.124539 7.60079 190 190 190 255 
1.27 0.12023 7.5886 190 190 190 255 
2.36501 0.122643 7.5946 190 190 190 255 
1.27 0.126725 7.61353 190 190 190 255 
1.27 0.124539 7.63921 190 190 190 255 
1.27 0.12023 7.6514 190 190 190 255 
2.36627 0.12023 7.6514 190 190 190 255 
1.27 0.113921 7.66269 190 190 190 255 
2.36956 0.113921 7.66269 190 190 190 255 
2.37381 0.105795 7.67274 190 190 190 255 
2.37887 0.0960856 7.68128 190 190 190 255 
1.27 0.0960856 7.68128 190 190 190 255 
1.27 0.0850722 7.68806 190 190 190 255 
1.27 0.126725 8.37554 190 190 190 255 
1.27 0.105795 8.32926 190 190 190 255 
2.37381 0.105795 8.32926 190 190 190 255 
1.27 0.113921 8.33931 190 190 190 255 
2.36956 0.113921 8.33931 190 190 190 255 
1.27 0.124539 8.36279 190 190 190 255 
2.36402 0.124539 8.36279 190 190 190 255 
1.27 0.12023 8.3506 190 190 190 255 
2.36627 0.12023 8.3506 190 190 190 255 
2.36274 0.127 8.382 190 190 190 255 
1.27 0.126725 8.38846 190 190 190 255 
2.36288 0.126725 8.38846 190 190 190 255 
1.27 0.124539 8.40121 190 190 190 255 
2.36501 0.122643 8.4074 190 190 190 255 
2.36627 0.12023 8.4134 190 190 190 255 
1.27 0.12023 8.4134 190 190 190 255 
2.36779 0.117315 8.41918 190 190 190 255 
1.27 0.113921 8.42469 190 190 190 255 
2.37381 0.105795 8.43474 190 190 190 255 
2.37887 0.0960856 8.44328 190 190 190 255 
1.27 0.0960856 8.44328 190 190 190 255 
1.27 0.0850722 8.45006 190 190 190 255 
2.36274 0.127 9.144 190 190 190 255 
2.36288 0.126725 9.13753 190 190 190 255 
1.27 0.126725 9.13753 190 190 190 255 
1.27 0.0960856 9.08272 190 190 190 255 
2.37887 0.0960856 9.08272 190 190 190 255 
1.27 0.113921 9.10131 190 190 190 255 
2.36956 0.113921 9.10131 190 190 190 255 
1.27 0.124539 9.12479 190 190 190 255 
1.27 0.126725 9.15047 190 190 190 255 
2.36402 0.124539 9.16321 190 190 190 255 
1.27 0.124539 9.16321 190 190 190 255 
1.27 0.12023 9.1754 190 190 190 255 
2.36627 0.12023 9.1754 190 190 190 255 
2.36779 0.117315 9.18118 190 190 190 255 
2.36956 0.113921 9.18669 190 190 190 255 
2.37887 0.0960856 9.20528 190 190 190 255 
2.38462 0.0850722 9.83794 190 190 190 255 
1.27 0.0960856 9.84472 190 190 190 255 
2.37381 0.105795 9.85326 190 190 190 255 
1.27 0.12023 9.8746 190 190 190 255 
2.36627 0.12023 9.8746 190 190 190 255 
2.36956 0.113921 9.86331 190 190 190 255 
2.36402 0.124539 9.88679 190 190 190 255 
1.27 0.126725 9.91247 190 190 190 255 
1.27 0.124539 9.92521 190 190 190 255 
2.36501 0.122643 9.9314 190 190 190 255 
1.27 0.12023 9.9374 190 190 190 255 
1.27 0.113921 9.94869 190 190 190 255 
1.27 0.105795 9.95875 190 190 190 255 
1.27 0.0960856 9.96728 190 190 190 255 
2.37381 0.105795 9.95875 190 190 190 255 
2.37887 0.0960856 9.96728 190 190 190 255 
1.27 0.0850722 9.97406 190 190 190 255 
2.37887 0.0960856 10.6067 190 190 190 255 
1.27 0.105795 10.6153 190 190 190 255 
2.36956 0.113921 10.6253 190 190 190 255 
1.27 0.113921 10.6253 190 190 190 255 
2.36331 0.125903 10.6551 190 190 190 255 
1.27 0.124539 10.6488 190 190 190 255 
2.36402 0.124539 10.6488 190 190 190 255 
1.27 0.12023 10.6366 190 190 190 255 
2.36501 0.122643 10.6426 190 190 190 255 
2.36274 0.127 10.668 190 190 190 255 
1.27 0.126725 10.6615 190 190 190 255 
1.27 0.126725 10.6745 190 190 190 255 
2.36331 0.125903 10.6809 190 190 190 255 
2.36501 0.122643 10.6934 190 190 190 255 
1.27 0.12023 10.6994 190 190 190 255 
2.36956 0.113921 10.7107 190 190 190 255 
1.27 0.105795 10.7207 190 190 190 255 
2.37381 0.105795 10.7207 190 190 190 255 
1.27 0.0960856 10.7293 190 190 190 255 
2.37887 0.0960856 11.3687 190 190 190 255 
1.27 0.105795 11.3773 190 190 190 255 
2.37381 0.105795 11.3773 190 190 190 255 
1.27 0.113921 11.3873 190 190 190 255 
2.36288 0.126725 11.4235 190 190 190 255 
2.36331 0.125903 11.4171 190 190 190 255 
1.27 0.124539 11.4108 190 190 190 255 
2.36402 0.124539 11.4108 190 190 190 255 
1.27 0.12023 11.3986 190 190 190 255 
2.36274 0.127 11.43 190 190 190 255 
2.36288 0.126725 11.4365 190 190 190 255 
1.27 0.126725 11.4365 190 190 190 255 
2.36331 0.125903 11.4429 190 190 190 255 
1.27 0.124539 11.4492 190 190 190 255 
2.36501 0.122643 11.4554 190 190 190 255 
1.27 0.12023 11.4614 190 190 190 255 
2.36956 0.113921 11.4727 190 190 190 255 
2.37381 0.105795 11.4827 190 190 190 255 
2.37887 0.0960856 11.4913 190 190 190 255 
1.27 0.0850722 11.4981 190 190 190 255 
2.38462 0.0850722 11.4981 190 190 190 255 
2.36288 0.126725 12.1855 190 190 190 255 
1.27 0.126725 12.1855 190 190 190 255 
1.27 0.0960856 12.1307 190 190 190 255 
2.37887 0.0960856 12.1307 190 190 190 255 
1.27 0.105795 12.1393 190 190 190 255 
2.37381 0.105795 12.1393 190 190 190 255 
2.36956 0.113921 12.1493 190 190 190 255 
1.27 0.124539 12.1728 190 190 190 255 
2.36402 0.124539 12.1728 190 190 190 255 
2.36501 0.122643 12.1666 190 190 190 255 
1.27 0.12023 12.1606 190 190 190 255 
2.36627 0.12023 12.1606 190 190 190 255 
2.36274 0.127 12.192 190 190 190 255 
2.36331 0.125903 12.2049 190 190 190 255 
1.27 0.126725 12.1985 190 190 190 255 
1.27 0.124539 12.2112 190 190 190 255 
2.36402 0.124539 12.2112 190 190 190 255 
2.36501 0.122643 12.2174 190 190 190 255 
1.27 0.113921 12.2347 190 190 190 255 
2.36956 0.113921 12.2347 190 190 190 255 
1.27 0.105795 12.2447 190 190 190 255 
2.37381 0.105795 12.2447 190 190 190 255 
1.27 0.0960856 12.2533 190 190 190 255 
1.27 0.126725 12.9475 190 190 190 255 
2.38462 0.0850722 12.8859 190 190 190 255 
2.37887 0.0960856 12.8927 190 190 190 255 
2.37381 0.105795 12.9013 190 190 190 255 
2.36627 0.12023 12.9226 190 190 190 255 
1.27 0.113921 12.9113 190 190 190 255 
2.36288 0.126725 12.9475 190 190 190 255 
2.36331 0.125903 12.9411 190 190 190 255 
2.36402 0.124539 12.9348 190 190 190 255 
1.27 0.124539 12.9348 190 190 190 255 
1.27 0.12023 12.9226 190 190 190 255 
2.36288 0.126725 12.9605 190 190 190 255 
1.27 0.126725 12.9605 190 190 190 255 
2.36331 0.125903 12.9669 190 190 190 255 
2.36402 0.124539 12.9732 190 190 190 255 
1.27 0.124539 12.9732 190 190 190 255 
2.36501 0.122643 12.9794 190 190 190 255 
1.27 0.12023 12.9854 190 190 190 255 
2.36627 0.12023 12.9854 190 190 190 255 
1.27 0.113921 12.9967 190 190 190 255 
1.27 0.105795 13.0067 190 190 190 255 
2.37381 0.105795 13.0067 190 190 190 255 
1.27 0.0960856 13.0153 190 190 190 255 
2.37887 0.0960856 13.0153 190 190 190 255 
2.36288 0.126725 13.7095 190 190 190 255 
2.38462 0.0850722 13.6479 190 190 190 255 
2.37887 0.0960856 13.6547 190 190 190 255 
1.27 0.0960856 13.6547 190 190 190 255 
1.27 0.105795 13.6633 190 190 190 255 
1.27 0.124539 13.6968 190 190 190 255 
2.36331 0.125903 13.7031 190 190 190 255 
2.36402 0.124539 13.6968 190 190 190 255 
2.36501 0.122643 13.6906 190 190 190 255 
1.27 0.12023 13.6846 190 190 190 255 
2.36627 0.12023 13.6846 190 190 190 255 
1.27 0.126725 13.7095 190 190 190 255 
2.36288 0.126725 13.7225 190 190 190 255 
2.36331 0.125903 13.7289 190 190 190 255 
1.27 0.126725 13.7225 190 190 190 255 
1.27 0.124539 13.7352 190 190 190 255 
2.36402 0.124539 13.7352 190 190 190 255 
2.36501 0.122643 13.7414 190 190 190 255 
1.27 0.12023 13.7474 190 190 190 255 
2.36627 0.12023 13.7474 190 190 190 255 
2.36779 0.117315 13.7532 190 190 190 255 
2.36956 0.113921 13.7587 190 190 190 255 
2.37381 0.105795 13.7687 190 190 190 255 
1.27 0.0850722 13.7841 190 190 190 255 
2.37887 0.0960856 13.7773 190 190 190 255 
2.37381 0.105795 14.4253 190 190 190 255 
1.27 0.105795 14.4253 190 190 190 255 
1.27 0.113921 14.4353 190 190 190 255 
1.27 0.12023 14.4466 190 190 190 255 
2.36501 0.122643 14.4526 190 190 190 255 
2.36274 0.127 14.478 190 190 190 255 
2.36288 0.126725 14.4845 190 190 190 255 
1.27 0.126725 14.4845 190 190 190 255 
2.36331 0.125903 14.4909 190 190 190 255 
2.36402 0.124539 14.4972 190 190 190 255 
2.36501 0.122643 14.5034 190 190 190 255 
1.27 0.12023 14.5094 190 190 190 255 
2.36956 0.113921 14.5207 190 190 190 255 
2.37381 0.105795 14.5307 190 190 190 255 
1.27 0.105795 14.5307 190 190 190 255 
2.37887 0.0960856 14.5393 190 190 190 255 
2.36274 0.127 15.24 190 190 190 255 
1.27 0.0850722 15.1719 190 190 190 255 
2.37887 0.0960856 15.1787 190 190 190 255 
1.27 0.126725 15.2335 190 190 190 255 
2.36288 0.126725 15.2335 190 190 190 255 
2.36331 0.125903 15.2271 190 190 190 255 
2.36402 0.124539 15.2208 190 190 190 255 
1.27 0.124539 15.2208 190 190 190 255 
1.27 0.12023 15.2086 190 190 190 255 
2.36627 0.12023 15.2086 190 190 190 255 
2.36331 0.125903 15.2529 190 190 190 255 
2.36402 0.124539 15.2592 190 190 190 255 
2.36779 0.117315 15.2772 190 190 190 255 
1.27 0.113921 15.2827 190 190 190 255 
2.36956 0.113921 15.2827 190 190 190 255 
2.37381 0.105795 15.2927 190 190 190 255 
2.37887 0.0960856 15.3013 190 190 190 255 
2.36274 0.127 16.002 190 190 190 255 
1.27 0.105795 15.9493 190 190 190 255 
2.37381 0.105795 15.9493 190 190 190 255 
1.27 0.113921 15.9593 190 190 190 255 
2.36956 0.113921 15.9593 190 190 190 255 
1.27 0.126725 15.9955 190 190 190 255 
2.36288 0.126725 15.9955 190 190 190 255 
2.36331 0.125903 15.9891 190 190 190 255 
2.36402 0.124539 15.9828 190 190 190 255 
1.27 0.124539 15.9828 190 190 190 255 
2.36501 0.122643 15.9766 190 190 190 255 
2.36627 0.12023 15.9706 190 190 190 255 
2.36288 0.126725 16.0085 190 190 190 255 
2.36331 0.125903 16.0149 190 190 190 255 
1.27 0.126725 16.0085 190 190 190 255 
1.27 0.124539 16.0212 190 190 190 255 
1.27 0.12023 16.0334 190 190 190 255 
2.36627 0.12023 16.0334 190 190 190 255 
2.36779 0.117315 16.0392 190 190 190 255 
1.27 0.113921 16.0447 190 190 190 255 
2.36956 0.113921 16.0447 190 190 190 255 
2.37887 0.0960856 16.0633 190 190 190 255 
2.36274 0.127 16.764 190 190 190 255 
1.27 0.0960856 16.7027 190 190 190 255 
1.27 0.105795 16.7113 190 190 190 255 
2.36956 0.113921 16.7213 190 190 190 255 
1.27 0.113921 16.7213 190 190 190 255 
2.36779 0.117315 16.7268 190 190 190 255 
2.36288 0.126725 16.7575 190 190 190 255 
2.36331 0.125903 16.7511 190 190 190 255 
1.27 0.12023 16.7326 190 190 190 255 
2.36501 0.122643 16.7386 190 190 190 255 
1.27 0.12023 16.7954 190 190 190 255 
2.36956 0.113921 16.8067 190 190 190 255 
1.27 0.113921 16.8067 190 190 190 255 
1.27 0.105795 16.8167 190 190 190 255 
2.37381 0.105795 16.8167 190 190 190 255 
2.37887 0.0960856 16.8253 190 190 190 255 
-2.60102 -0.329476 7.34114 190 190 190 255 
-2.60102 -0.329476 7.89886 190 190 190 255 
-2.62696 -0.379172 7.97953 190 190 190 255 
-2.60102 -0.329476 9.42286 190 190 190 255 
-2.36772 0.117447 6.89494 190 190 190 255 
-2.3662 0.120357 6.88912 190 190 190 255 
-2.62203 -0.369716 9.47267 190 190 190 255 
-2.61949 -0.364859 9.46304 190 190 190 255 
-2.61654 -0.359202 9.45385 190 190 190 255 
-2.60947 -0.345659 9.43709 190 190 190 255 
-2.60947 -0.345659 11.8989 190 190 190 255 
-2.60102 -0.329476 8.10314 190 190 190 255 
-2.59144 -0.31112 8.64957 190 190 190 255 
-2.65102 -0.425258 6.83708 190 190 190 255 
-2.38462 0.0850722 7.68806 190 190 190 255 
-2.38462 0.0850722 9.21206 190 190 190 255 
-2.38462 0.0850722 9.07594 190 190 190 255 
-2.62578 -0.376898 13.303 190 190 190 255 
-2.60947 -0.345659 12.6609 190 190 190 255 
-2.62413 -0.373739 13.2927 190 190 190 255 
-2.62203 -0.369716 13.2827 190 190 190 255 
-2.60102 -0.329476 12.4709 190 190 190 255 
-2.59144 -0.31112 12.4596 190 190 190 255 
-2.62413 -0.373739 11.8533 190 190 190 255 
-2.60947 -0.345659 16.4709 190 190 190 255 
-2.38462 0.0850722 8.45006 190 190 190 255 
-2.59144 -0.31112 8.11443 190 190 190 255 
-2.60947 -0.345659 8.67509 190 190 190 255 
-2.61949 -0.364859 13.273 190 190 190 255 
-2.61654 -0.359202 13.2639 190 190 190 255 
-2.38462 0.0850722 12.8859 190 190 190 255 
-2.60102 -0.329476 16.4851 190 190 190 255 
-2.61654 -0.359202 13.4061 190 190 190 255 
-2.36779 0.117315 7.58282 190 190 190 255 
-2.37887 0.0960856 7.68128 190 190 190 255 
-2.37381 0.105795 9.09126 190 190 190 255 
-2.37887 0.0960856 9.08272 190 190 190 255 
-2.60102 -0.329476 14.9611 190 190 190 255 
-2.59144 -0.31112 11.9244 190 190 190 255 
-2.61654 -0.359202 11.8821 190 190 190 255 
-2.60947 -0.345659 12.4851 190 190 190 255 
-2.61949 -0.364859 11.873 190 190 190 255 
-2.36956 0.113921 9.10131 190 190 190 255 
-2.37887 0.0960856 16.7027 190 190 190 255 
-2.62696 -0.379172 15.5995 190 190 190 255 
-2.62578 -0.376898 15.589 190 190 190 255 
-2.60947 -0.345659 14.9469 190 190 190 255 
-2.62413 -0.373739 15.5787 190 190 190 255 
-2.62203 -0.369716 15.5687 190 190 190 255 
-2.61654 -0.359202 15.5499 190 190 190 255 
-2.60947 -0.345659 14.0091 190 190 190 255 
-2.60102 -0.329476 13.9949 190 190 190 255 
-2.36956 0.113921 8.33931 190 190 190 255 
-2.37887 0.0960856 8.32072 190 190 190 255 
-2.36956 0.113921 12.9113 190 190 190 255 
-2.38462 0.0850722 13.0221 190 190 190 255 
-2.37887 0.0960856 12.8927 190 190 190 255 
-2.36956 0.113921 16.7213 190 190 190 255 
-2.65228 -0.427645 16.9419 190 190 190 255 
-2.62696 -0.379172 16.4045 190 190 190 255 
-2.62768 -0.380542 16.3938 190 190 190 255 
-2.38462 0.0850722 15.9339 190 190 190 255 
-2.60102 -0.329476 11.1511 190 190 190 255 
-2.60102 -0.329476 11.7089 190 190 190 255 
-2.59144 -0.31112 11.6976 190 190 190 255 
-2.60947 -0.345659 9.61291 190 190 190 255 
-2.37381 0.105795 8.43474 190 190 190 255 
-2.36779 0.117315 12.9168 190 190 190 255 
-2.62696 -0.379172 16.3615 190 190 190 255 
-2.62578 -0.376898 16.351 190 190 190 255 
-2.62413 -0.373739 16.3407 190 190 190 255 
-2.62203 -0.369716 16.3307 190 190 190 255 
-2.61654 -0.359202 16.3119 190 190 190 255 
-2.60947 -0.345659 16.2951 190 190 190 255 
-2.59144 -0.31112 14.9724 190 190 190 255 
-2.59144 -0.31112 15.5076 190 190 190 255 
-2.62578 -0.376898 11.779 190 190 190 255 
-2.62413 -0.373739 11.7687 190 190 190 255 
-2.61949 -0.364859 11.749 190 190 190 255 
-2.60947 -0.345659 10.9611 190 190 190 255 
-2.61654 -0.359202 14.1681 190 190 190 255 
-2.62696 -0.379172 11.0275 190 190 190 255 
-2.62578 -0.376898 11.017 190 190 190 255 
-2.62203 -0.369716 10.9967 190 190 190 255 
-2.60102 -0.329476 9.62714 190 190 190 255 
-2.60102 -0.329476 10.1849 190 190 190 255 
-2.62413 -0.373739 9.56733 190 190 190 255 
-2.38462 0.0850722 13.7841 190 190 190 255 
-2.59144 -0.31112 13.4484 190 190 190 255 
-2.36956 0.113921 12.1493 190 190 190 255 
-2.38462 0.0850722 12.2601 190 190 190 255 
-2.36779 0.117315 12.1548 190 190 190 255 
-2.37381 0.105795 12.2447 190 190 190 255 
-2.61949 -0.364859 16.445 190 190 190 255 
-2.62203 -0.369716 16.4353 190 190 190 255 
-2.37381 0.105795 15.9493 190 190 190 255 
-2.38462 0.0850722 11.4981 190 190 190 255 
-2.38462 0.0850722 11.3619 190 190 190 255 
-2.60102 -0.329476 14.7569 190 190 190 255 
-2.59144 -0.31112 14.7456 190 190 190 255 
-2.62578 -0.376898 14.129 190 190 190 255 
-2.38462 0.0850722 16.0701 190 190 190 255 
-2.36779 0.117315 15.9648 190 190 190 255 
-2.37887 0.0960856 16.0633 190 190 190 255 
-2.36956 0.113921 15.1973 190 190 190 255 
-2.37381 0.105795 15.1873 190 190 190 255 
-2.38462 0.0850722 15.1719 190 190 190 255 
-2.36956 0.113921 7.66269 190 190 190 255 
-2.36627 0.12023 7.5886 190 190 190 255 
-2.36501 0.122643 7.5946 190 190 190 255 
-2.36402 0.124539 7.60079 190 190 190 255 
-2.36331 0.125903 7.60712 190 190 190 255 
-2.36288 0.126725 7.61353 190 190 190 255 
-2.38462 0.0850722 9.83794 190 190 190 255 
-2.60947 -0.345659 10.1991 190 190 190 255 
-2.62203 -0.369716 9.57733 190 190 190 255 
-2.37887 0.0960856 13.6547 190 190 190 255 
-2.36956 0.113921 9.18669 190 190 190 255 
-2.36627 0.12023 9.1126 190 190 190 255 
-2.36501 0.122643 9.1186 190 190 190 255 
-2.36402 0.124539 9.12479 190 190 190 255 
-2.36402 0.124539 9.16321 190 190 190 255 
-2.36331 0.125903 9.15688 190 190 190 255 
-2.59144 -0.31112 14.2104 190 190 190 255 
-2.62203 -0.369716 14.1493 190 190 190 255 
-2.60947 -0.345659 14.7711 190 190 190 255 
-2.62413 -0.373739 14.1393 190 190 190 255 
-2.36779 0.117315 13.6788 190 190 190 255 
-2.37381 0.105795 13.7687 190 190 190 255 
-2.36956 0.113921 16.8067 190 190 190 255 
-2.36779 0.117315 16.8012 190 190 190 255 
-2.36627 0.12023 16.7326 190 190 190 255 
-2.36627 0.12023 16.7954 190 190 190 255 
-2.36402 0.124539 16.7832 190 190 190 255 
-2.36331 0.125903 16.7769 190 190 190 255 
-2.37887 0.0960856 11.4913 190 190 190 255 
-2.37381 0.105795 11.4827 190 190 190 255 
-2.37887 0.0960856 10.6067 190 190 190 255 
-2.36779 0.117315 8.34482 190 190 190 255 
-2.36779 0.117315 8.41918 190 190 190 255 
-2.36501 0.122643 8.3566 190 190 190 255 
-2.36501 0.122643 8.4074 190 190 190 255 
-2.36402 0.124539 8.36279 190 190 190 255 
-2.36331 0.125903 8.36912 190 190 190 255 
-2.36331 0.125903 8.39488 190 190 190 255 
-2.36288 0.126725 8.38846 190 190 190 255 
-2.36779 0.117315 12.9912 190 190 190 255 
-2.36627 0.12023 12.9854 190 190 190 255 
-2.36331 0.125903 12.9411 190 190 190 255 
-2.36331 0.125903 12.9669 190 190 190 255 
-2.36288 0.126725 12.9605 190 190 190 255 
-2.36274 0.127 12.954 190 190 190 255 
-2.36779 0.117315 10.6308 190 190 190 255 
-2.62768 -0.380542 7.22822 190 190 190 255 
-2.62768 -0.380542 8.01178 190 190 190 255 
-2.62768 -0.380542 7.24978 190 190 190 255 
-2.62792 -0.381 8.001 190 190 190 255 
-2.37381 0.105795 14.4253 190 190 190 255 
-2.38462 0.0850722 14.4099 190 190 190 255 
-2.38462 0.0850722 9.97406 190 190 190 255 
-2.36627 0.12023 12.2234 190 190 190 255 
-2.36627 0.12023 12.1606 190 190 190 255 
-2.36501 0.122643 12.1666 190 190 190 255 
-2.36501 0.122643 12.2174 190 190 190 255 
-2.36402 0.124539 12.2112 190 190 190 255 
-2.36331 0.125903 12.1791 190 190 190 255 
-2.36331 0.125903 12.2049 190 190 190 255 
-2.36288 0.126725 12.1855 190 190 190 255 
-2.36288 0.126725 12.1985 190 190 190 255 
-2.36274 0.127 12.192 190 190 190 255 
-2.62413 -0.373739 7.28133 190 190 190 255 
-2.62578 -0.376898 7.27102 190 190 190 255 
-2.36779 0.117315 14.4408 190 190 190 255 
-2.36627 0.12023 16.0334 190 190 190 255 
-2.36627 0.12023 15.9706 190 190 190 255 
-2.36501 0.122643 16.0274 190 190 190 255 
-2.36402 0.124539 15.9828 190 190 190 255 
-2.36331 0.125903 15.9891 190 190 190 255 
-2.36331 0.125903 16.0149 190 190 190 255 
-2.36288 0.126725 16.0085 190 190 190 255 
-2.62768 -0.380542 15.6102 190 190 190 255 
-2.61654 -0.359202 14.9301 190 190 190 255 
-2.62413 -0.373739 7.19667 190 190 190 255 
-2.37381 0.105795 15.2927 190 190 190 255 
-2.36501 0.122643 15.2654 190 190 190 255 
-2.36402 0.124539 15.2208 190 190 190 255 
-2.36288 0.126725 15.2335 190 190 190 255 
-2.36331 0.125903 15.2529 190 190 190 255 
-2.36288 0.126725 15.2465 190 190 190 255 
-2.62768 -0.380542 7.99023 190 190 190 255 
-2.60947 -0.345659 7.32691 190 190 190 255 
-2.61654 -0.359202 7.31014 190 190 190 255 
-2.61654 -0.359202 7.16786 190 190 190 255 
-2.60947 -0.345659 7.15109 190 190 190 255 
-2.36956 0.113921 13.7587 190 190 190 255 
-2.36627 0.12023 13.7474 190 190 190 255 
-2.36501 0.122643 13.7414 190 190 190 255 
-2.36331 0.125903 13.7031 190 190 190 255 
-2.36331 0.125903 13.7289 190 190 190 255 
-2.36779 0.117315 11.3928 190 190 190 255 
-2.36779 0.117315 11.4672 190 190 190 255 
-2.36627 0.12023 11.4614 190 190 190 255 
-2.36501 0.122643 11.4554 190 190 190 255 
-2.36402 0.124539 11.4108 190 190 190 255 
-2.36331 0.125903 11.4171 190 190 190 255 
-2.36331 0.125903 11.4429 190 190 190 255 
-2.36288 0.126725 11.4235 190 190 190 255 
-2.36288 0.126725 11.4365 190 190 190 255 
-2.37381 0.105795 10.7207 190 190 190 255 
-2.36956 0.113921 10.7107 190 190 190 255 
-2.36627 0.12023 10.6366 190 190 190 255 
-2.36627 0.12023 10.6994 190 190 190 255 
-2.36501 0.122643 10.6934 190 190 190 255 
-2.36501 0.122643 10.6426 190 190 190 255 
-2.36402 0.124539 10.6872 190 190 190 255 
-2.36331 0.125903 10.6551 190 190 190 255 
-2.36331 0.125903 10.6809 190 190 190 255 
-2.36288 0.126725 10.6745 190 190 190 255 
-2.62203 -0.369716 15.6733 190 190 190 255 
-2.62413 -0.373739 15.6633 190 190 190 255 
-2.62768 -0.380542 16.3722 190 190 190 255 
-2.61654 -0.359202 15.6921 190 190 190 255 
-2.61949 -0.364859 15.683 190 190 190 255 
-2.37381 0.105795 9.95875 190 190 190 255 
-2.36779 0.117315 9.86882 190 190 190 255 
-2.36627 0.12023 9.8746 190 190 190 255 
-2.36779 0.117315 9.94318 190 190 190 255 
-2.36627 0.12023 9.9374 190 190 190 255 
-2.36501 0.122643 9.8806 190 190 190 255 
-2.36501 0.122643 9.9314 190 190 190 255 
-2.36402 0.124539 9.92521 190 190 190 255 
-2.36331 0.125903 9.91888 190 190 190 255 
-2.36288 0.126725 9.91247 190 190 190 255 
-2.36274 0.127 9.906 190 190 190 255 
-2.37381 0.105795 14.5307 190 190 190 255 
-2.36956 0.113921 14.5207 190 190 190 255 
-2.36627 0.12023 14.4466 190 190 190 255 
-2.36779 0.117315 14.5152 190 190 190 255 
-2.36501 0.122643 14.4526 190 190 190 255 
-2.36402 0.124539 14.4588 190 190 190 255 
-2.36501 0.122643 14.5034 190 190 190 255 
-2.36402 0.124539 14.4972 190 190 190 255 
-2.36331 0.125903 14.4909 190 190 190 255 
-2.36288 0.126725 14.4715 190 190 190 255 
-2.62696 -0.379172 12.5945 190 190 190 255 
-2.62578 -0.376898 14.827 190 190 190 255 
-2.62413 -0.373739 14.8167 190 190 190 255 
-2.62203 -0.369716 14.9113 190 190 190 255 
-2.62203 -0.369716 14.0447 190 190 190 255 
-2.62696 -0.379172 14.1185 190 190 190 255 
-2.62792 -0.381 14.097 190 190 190 255 
-2.62203 -0.369716 14.8067 190 190 190 255 
-2.62792 -0.381 9.525 190 190 190 255 
-2.62696 -0.379172 8.78447 190 190 190 255 
-2.62768 -0.380542 8.75222 190 190 190 255 
-2.62768 -0.380542 14.0862 190 190 190 255 
-2.62768 -0.380542 13.3458 190 190 190 255 
-2.62578 -0.376898 11.081 190 190 190 255 
-2.62578 -0.376898 10.255 190 190 190 255 
-2.62413 -0.373739 10.2447 190 190 190 255 
-2.62413 -0.373739 12.5307 190 190 190 255 
-2.60947 -0.345659 8.85091 190 190 190 255 
-2.62768 -0.380542 9.51423 190 190 190 255 
-2.61654 -0.359202 8.83414 190 190 190 255 
-2.62696 -0.379172 9.54647 190 190 190 255 
-2.62768 -0.380542 9.53578 190 190 190 255 
-2.61654 -0.359202 10.2159 190 190 190 255 
-2.61949 -0.364859 10.225 190 190 190 255 
-2.62768 -0.380542 11.8002 190 190 190 255 
-2.61654 -0.359202 11.1201 190 190 190 255 
-2.62578 -0.376898 10.319 190 190 190 255 
-2.62696 -0.379172 10.3085 190 190 190 255 
-2.62768 -0.380542 10.2978 190 190 190 255 
-2.61949 -0.364859 12.511 190 190 190 255 
-2.62203 -0.369716 12.5207 190 190 190 255 
-2.62768 -0.380542 11.0382 190 190 190 255 
-2.65229 -0.427692 6.87934 190 190 190 255 
-2.62768 -0.380542 11.0598 190 190 190 255 
-2.62203 -0.369716 12.6253 190 190 190 255 
-2.62792 -0.381 13.335 190 190 190 255 
-2.62413 -0.373739 12.6153 190 190 190 255 
0.0381 -0.390929 1.07407 190 190 190 255 
0.0381 0 1.143 190 190 190 255 
0.0381 0.734706 -0.875588 190 190 190 255 
0.0381 0.875589 -0.734706 190 190 190 255 
0.0381 2.1684 -1.0586 190 190 190 255 
0.0381 0.989867 -0.5715 190 190 190 255 
0.0381 1.12564 -0.19848 190 190 190 255 
0.0381 1.143 1.42693e-008 190 190 190 255 
0.0381 2.35243 0.537254 190 190 190 255 
0.0381 1.12564 0.19848 190 190 190 255 
0.0381 0.989867 0.5715 190 190 190 255 
0.0381 2.03944 1.28967 190 190 190 255 
0.0381 0.875589 0.734706 190 190 190 255 
0.0381 0.734706 0.875589 190 190 190 255 
0.0381 0.777875 2.28418 190 190 190 255 
0.0381 0.390929 1.07407 190 190 190 255 
0.0381 0.19848 1.12564 190 190 190 255 
0.0381 0.381 2.38273 190 190 190 255 
0.0381 -0.734706 0.875589 190 190 190 255 
0.0381 -0.875589 0.734706 190 190 190 255 
0.0381 1.37762 -1.98109 190 190 190 255 
0.0381 -0.171343 -2.40691 190 190 190 255 
0.0381 -1.64437 -1.76596 190 190 190 255 
0.0381 -0.875589 -0.734706 190 190 190 255 
0.0381 -1.12564 -0.19848 190 190 190 255 
0.0381 -1.12564 0.19848 190 190 190 255 
-1.73175 -1.90813 4.42272 190 190 190 255 
-1.78834 -1.89557 4.49551 190 190 190 255 
-1.74061 -1.98669 4.47144 190 190 190 255 
-2.65045 -0.424166 6.81811 190 190 190 255 
-2.63841 -0.50079 6.76413 190 190 190 255 
-2.57275 -0.773643 6.3356 190 190 190 255 
-2.6207 -0.590194 6.60292 190 190 190 255 
-2.61793 -0.599538 6.60867 190 190 190 255 
-2.62435 -0.574818 6.64744 190 190 190 255 
-2.57076 -0.780229 6.32408 190 190 190 255 
-2.52759 -0.908715 6.09748 190 190 190 255 
-2.47495 -1.03889 5.87334 190 190 190 255 
-2.46698 -1.06367 5.89091 190 190 190 255 
-2.43411 -1.13695 5.79371 190 190 190 255 
-2.41323 -1.17858 5.69875 190 190 190 255 
-2.42691 -1.15097 5.77432 190 190 190 255 
-2.33708 -1.32454 5.53471 190 190 190 255 
-2.23864 -1.48524 5.32443 190 190 190 255 
-2.24315 -1.47788 5.33405 190 190 190 255 
-2.18599 -1.56109 5.20855 190 190 190 255 
-2.12284 -1.64653 5.12184 190 190 190 255 
-2.08069 -1.69669 5.05664 190 190 190 255 
-1.99083 -1.80394 4.92788 190 190 190 255 
-1.97062 -1.82462 4.90245 190 190 190 255 
-1.93294 -1.8632 4.85502 190 190 190 255 
-1.85011 -1.94799 4.75078 190 190 190 255 
-1.75749 -2.03079 4.61978 190 190 190 255 
-1.74559 -2.03988 4.6365 190 190 190 255 
-1.69873 -2.08058 4.57603 190 190 190 255 
-1.71308 -2.06588 4.55282 190 190 190 255 
-1.71171 -2.06729 4.55504 190 190 190 255 
-1.70843 -2.07065 4.56035 190 190 190 255 
-1.73992 -1.94853 4.44458 190 190 190 255 
-1.88936 -1.75177 4.61302 190 190 190 255 
-1.72528 -1.88701 4.41323 190 190 190 255 
-1.77391 -1.84693 4.47244 190 190 190 255 
-2.06602 -1.57641 4.87061 190 190 190 255 
-2.03472 -1.61175 4.81845 190 190 190 255 
-1.89601 -1.77264 4.62326 190 190 190 255 
-1.89288 -1.74888 4.6173 190 190 190 255 
-2.16274 -1.46721 5.03177 190 190 190 255 
-2.19764 -1.4211 5.10145 190 190 190 255 
-2.20454 -1.44141 5.11256 190 190 190 255 
-2.28568 -1.33014 5.28192 190 190 190 255 
-2.35256 -1.19934 5.44394 190 190 190 255 
-2.35705 -1.21951 5.45585 190 190 190 255 
-2.41803 -1.08239 5.63487 190 190 190 255 
-2.59638 -0.644816 6.39137 190 190 190 255 
-2.5786 -0.727786 6.29199 190 190 190 255 
-2.57559 -0.707274 6.28053 190 190 190 255 
-2.55521 -0.768492 6.1719 190 190 190 255 
-1.72091 -2.05284 4.5365 190 190 190 255 
-1.88033 -1.91516 4.73995 190 190 190 255 
-1.86624 -1.93247 4.76342 190 190 190 255 
-1.73065 -2.03282 4.51347 190 190 190 255 
-1.8988 -1.87341 4.69518 190 190 190 255 
-1.89123 -1.89534 4.71708 190 190 190 255 
-2.00105 -1.77262 4.84323 190 190 190 255 
-1.99256 -1.79431 4.86503 190 190 190 255 
-2.10461 -1.65705 5.01319 190 190 190 255 
-2.26213 -1.4469 5.3746 190 190 190 255 
-1.77062 -2.01325 4.59593 190 190 190 255 
-1.78062 -1.99316 4.57287 190 190 190 255 
-1.98069 -1.81391 4.8876 190 190 190 255 
-2.09499 -1.67854 5.03472 190 190 190 255 
-1.7909 -1.94709 4.53072 190 190 190 255 
-1.73976 -1.9934 4.47702 190 190 190 255 
-1.78739 -1.97094 4.55101 190 190 190 255 
-2.00609 -1.74933 4.8226 190 190 190 255 
-2.20405 -1.51673 5.16716 190 190 190 255 
-2.19681 -1.5397 5.1875 190 190 190 255 
-2.27373 -1.42839 5.35635 190 190 190 255 
-2.35031 -1.2951 5.50965 190 190 190 255 
-2.3408 -1.31814 5.52892 190 190 190 255 
-2.37094 -1.25983 5.62375 190 190 190 255 
-2.34083 -1.31841 5.54273 190 190 190 255 
-1.90392 -1.8249 4.65563 190 190 190 255 
-1.90302 -1.84987 4.67466 190 190 190 255 
-2.1133 -1.6095 4.9731 190 190 190 255 
-2.1107 -1.63397 4.99261 190 190 190 255 
-2.2869 -1.3811 5.31719 190 190 190 255 
-2.28211 -1.40544 5.33645 190 190 190 255 
-2.35621 -1.27066 5.49083 190 190 190 255 
-2.42025 -1.15397 5.68055 190 190 190 255 
-2.48025 -1.02804 5.95269 190 190 190 255 
-2.46338 -1.06787 5.89455 190 190 190 255 
-1.7912 -1.92179 4.51211 190 190 190 255 
-2.00774 -1.72464 4.80326 190 190 190 255 
-2.11243 -1.58414 4.95501 190 190 190 255 
-2.20788 -1.46715 5.12939 190 190 190 255 
-2.20774 -1.49239 5.14768 190 190 190 255 
-2.28807 -1.35587 5.29893 190 190 190 255 
-2.42355 -1.12846 5.66295 190 190 190 255 
-1.7335 -1.91386 4.42529 190 190 190 255 
-1.78242 -1.86883 4.48112 190 190 190 255 
-1.90155 -1.79902 4.63843 190 190 190 255 
-2.006 -1.69904 4.78557 190 190 190 255 
-2.00099 -1.67295 4.76973 190 190 190 255 
-2.10818 -1.55828 4.93858 190 190 190 255 
-2.42319 -1.10245 5.64622 190 190 190 255 
-2.35844 -1.24533 5.47282 190 190 190 255 
-2.47972 -0.987018 5.83975 190 190 190 255 
-2.47919 -1.01321 5.8562 190 190 190 255 
-2.53404 -0.856519 6.06468 190 190 190 255 
-2.53268 -0.88287 6.08082 190 190 190 255 
-2.57655 -0.754262 6.30785 190 190 190 255 
-2.62349 -0.563628 6.58732 190 190 190 255 
-2.36341 0.124421 6.87678 190 190 190 255 
-2.36096 0.12657 6.86398 190 190 190 255 
-2.36036 0.126969 6.86016 190 190 190 255 
-2.35986 0.123758 6.83601 190 190 190 255 
-2.36105 0.120013 6.82613 190 190 190 255 
-2.36108 0.119934 6.82597 190 190 190 255 
-2.3723 0.095332 6.79617 190 190 190 255 
-2.53584 -0.204608 6.69909 190 190 190 255 
-2.58657 -0.315238 6.58826 190 190 190 255 
-2.62781 -0.380791 6.61227 190 190 190 255 
-2.58446 -0.31112 6.59043 190 190 190 255 
-2.37761 0.0850722 6.78994 190 190 190 255 
-2.59493 -0.332103 6.57714 190 190 190 255 
-2.59518 -0.332638 6.57667 190 190 190 255 
-2.60201 -0.347604 6.56245 190 190 190 255 
-2.60599 -0.357016 6.55127 190 190 190 255 
-2.60713 -0.360187 6.54611 190 190 190 255 
-2.60953 -0.36685 6.53526 190 190 190 255 
-2.61035 -0.369991 6.52796 190 190 190 255 
-2.61151 -0.374748 6.51636 190 190 190 255 
-2.61156 -0.376745 6.50848 190 190 190 255 
-2.6107 -0.380257 6.48814 190 190 190 255 
-2.25761 0.115137 6.13665 190 190 190 255 
-2.25181 0.120934 6.12572 190 190 190 255 
-2.25137 0.121369 6.12487 190 190 190 255 
-2.24061 0.126865 6.09097 190 190 190 255 
-2.2391 0.125575 6.08095 190 190 190 255 
-2.24837 0.106284 6.07148 190 190 190 255 
-2.23956 0.114526 6.05451 190 190 190 255 
-2.24519 0.0975501 6.0356 190 190 190 255 
-2.24905 0.0887228 6.02982 190 190 190 255 
-2.5369 -0.38101 6.07877 190 190 190 255 
-2.43602 -0.31112 5.82843 190 190 190 255 
-2.43912 -0.318094 5.82449 190 190 190 255 
-2.44075 -0.321781 5.8224 190 190 190 255 
-2.44641 -0.336075 5.81182 190 190 190 255 
-2.44675 -0.336946 5.81117 190 190 190 255 
-2.45412 -0.369424 5.76797 190 190 190 255 
-2.45355 -0.373188 5.75811 190 190 190 255 
-2.45321 -0.375387 5.75234 190 190 190 255 
-2.45086 -0.378945 5.7369 190 190 190 255 
-2.60664 -0.380041 6.46142 190 190 190 255 
-2.60151 -0.376181 6.44235 190 190 190 255 
-2.59603 -0.370671 6.42756 190 190 190 255 
-2.59444 -0.369064 6.42325 190 190 190 255 
-2.57775 -0.348788 6.39274 190 190 190 255 
-2.56669 -0.33383 6.37852 190 190 190 255 
-2.56495 -0.331454 6.37635 190 190 190 255 
-2.55483 -0.316682 6.36707 190 190 190 255 
-2.5572 -0.381029 6.17166 190 190 190 255 
-2.27876 0.0884257 6.162 190 190 190 255 
-2.26461 0.107162 6.14734 190 190 190 255 
-2.0458 0.0850722 5.40206 190 190 190 255 
-2.03411 0.0978889 5.39391 190 190 190 255 
-2.02583 0.105668 5.38639 190 190 190 255 
-2.02222 0.109056 5.38312 190 190 190 255 
-2.02598 0.104922 5.38566 190 190 190 255 
-2.01614 0.113793 5.37631 190 190 190 255 
-2.01191 0.117085 5.37159 190 190 190 255 
-2.05928 0.0688305 5.41024 190 190 190 255 
-1.99203 0.126604 5.34176 190 190 190 255 
-1.97731 0.119802 5.30203 190 190 190 255 
-1.97658 0.118135 5.29833 190 190 190 255 
-1.97583 0.11346 5.29069 190 190 190 255 
-1.97632 0.104224 5.27966 190 190 190 255 
-1.97786 0.0969871 5.27339 190 190 190 255 
-1.97814 0.0959716 5.27263 190 190 190 255 
-1.97835 0.0953066 5.27221 190 190 190 255 
-2.28029 -0.381087 5.27312 190 190 190 255 
-2.14 -0.323833 5.05908 190 190 190 255 
-2.14104 -0.328091 5.05586 190 190 190 255 
-2.1432 -0.336906 5.04921 190 190 190 255 
-2.24443 -0.381014 5.19026 190 190 190 255 
-2.13982 -0.370742 5.003 190 190 190 255 
-2.12735 -0.379751 4.97077 190 190 190 255 
-2.11791 -0.381112 4.95298 190 190 190 255 
-2.3629 -0.381214 5.46794 190 190 190 255 
-2.20901 -0.111522 5.50106 190 190 190 255 
-2.35054 -0.381232 5.43542 190 190 190 255 
-2.29514 -0.381118 5.30743 190 190 190 255 
-2.44548 -0.380787 5.71502 190 190 190 255 
-2.43766 -0.37885 5.69309 190 190 190 255 
-2.43676 -0.378627 5.69056 190 190 190 255 
-2.42776 -0.373298 5.67184 190 190 190 255 
-2.37651 -0.381176 5.50863 190 190 190 255 
-2.38299 -0.330287 5.61346 190 190 190 255 
-2.37292 -0.317918 5.60579 190 190 190 255 
-0.0549248 -0.254 3.048 190 190 190 255 
0.393139 -0.254 3.00621 190 190 190 255 
0.30586 -0.254 2.95037 190 190 190 255 
0.108748 -0.254 2.71319 190 190 190 255 
0.0381 -0.254 2.667 190 190 190 255 
0.252137 -2.413 1.96797 190 190 190 255 
0.347591 -2.29718 2.05406 190 190 190 255 
0.377147 -2.29718 1.99778 190 190 190 255 
0.240455 -2.413 1.98632 190 190 190 255 
0.256054 -2.41212 1.99018 190 190 190 255 
0.269329 -2.40914 1.99945 190 190 190 255 
0.258163 -2.40869 2.01346 190 190 190 255 
0.26985 -2.4039 2.02377 190 190 190 255 
0.286471 -2.39235 2.03842 190 190 190 255 
0.278061 -2.39879 2.03101 190 190 190 255 
0.296176 -2.38329 2.04698 190 190 190 255 
0.290896 -2.38822 2.04233 190 190 190 255 
0.301765 -2.37583 2.05191 190 190 190 255 
0.317439 -2.3495 2.06573 190 190 190 255 
0.314724 -2.35467 2.06334 190 190 190 255 
0.314256 -2.35556 2.06293 190 190 190 255 
0.320369 -2.34112 2.06832 190 190 190 255 
0.324456 -2.32944 2.07192 190 190 190 255 
0.326155 -2.32098 2.07342 190 190 190 255 
0.329451 -2.29742 2.07633 190 190 190 255 
0.329469 -2.29714 2.07634 190 190 190 255 
0.3302 -2.286 2.07699 190 190 190 255 
0.391771 -2.30805 1.90898 190 190 190 255 
0.385391 -2.32702 1.93618 190 190 190 255 
0.386041 -2.32944 1.90898 190 190 190 255 
0.380592 -2.34112 1.90898 190 190 190 255 
0.376685 -2.3495 1.90898 190 190 190 255 
0.371969 -2.3549 1.9347 190 190 190 255 
0.348334 -2.38329 1.90898 190 190 190 255 
0.326862 -2.39722 1.9297 190 190 190 255 
0.312286 -2.40413 1.92809 190 190 190 255 
0.310137 -2.40534 1.90898 190 190 190 255 
0.297651 -2.40869 1.90898 190 190 190 255 
0.288753 -2.41107 1.90898 190 190 190 255 
0.280723 -2.41212 1.92459 190 190 190 255 
0.281548 -2.4117 1.90898 190 190 190 255 
0.265603 -2.413 1.92293 190 190 190 255 
0.389435 -2.31224 1.93663 190 190 190 255 
0.374465 -2.34132 1.96484 190 190 190 255 
0.367042 -2.3549 1.96307 190 190 190 255 
0.379553 -2.34132 1.93554 190 190 190 255 
0.362717 -2.36752 1.93367 190 190 190 255 
0.352517 -2.37841 1.93254 190 190 190 255 
0.336077 -2.38859 1.95571 190 190 190 255 
0.340333 -2.38859 1.93119 190 190 190 255 
0.308625 -2.40413 1.94917 190 190 190 255 
0.29348 -2.40914 1.94557 190 190 190 255 
0.277732 -2.41212 1.94182 190 190 190 255 
0.296813 -2.40914 1.92638 190 190 190 255 
0.391982 -2.286 1.93692 190 190 190 255 
0.391668 -2.29718 1.93688 190 190 190 255 
0.386323 -2.29718 1.96766 190 190 190 255 
0.383677 -2.286 1.97963 190 190 190 255 
0.371232 -2.32702 1.99557 190 190 190 255 
0.384138 -2.31224 1.96714 190 190 190 255 
0.380179 -2.32702 1.9662 190 190 190 255 
0.358584 -2.3549 1.99084 190 190 190 255 
0.349865 -2.36752 1.98758 190 190 190 255 
0.357986 -2.36752 1.96092 190 190 190 255 
0.348002 -2.37841 1.95854 190 190 190 255 
0.32877 -2.38859 1.97969 190 190 190 255 
0.316076 -2.39722 1.97494 190 190 190 255 
0.322892 -2.39722 1.95257 190 190 190 255 
0.30234 -2.40413 1.96981 190 190 190 255 
0.272596 -2.41212 1.95868 190 190 190 255 
0.260163 -2.413 1.94914 190 190 190 255 
0.262812 -2.413 1.93827 190 190 190 255 
0.37686 -2.286 1.99767 190 190 190 255 
0.375043 -2.31224 1.99699 190 190 190 255 
0.358599 -2.32702 2.02382 190 190 190 255 
0.365731 -2.34132 1.99351 190 190 190 255 
0.346641 -2.3549 2.01754 190 190 190 255 
0.338398 -2.36752 2.01322 190 190 190 255 
0.32931 -2.37841 2.00845 190 190 190 255 
0.340252 -2.37841 1.98398 190 190 190 255 
0.318455 -2.38859 2.00276 190 190 190 255 
0.306453 -2.39722 1.99646 190 190 190 255 
0.293466 -2.40413 1.98965 190 190 190 255 
0.287759 -2.40914 1.96435 190 190 190 255 
0.27968 -2.40914 1.98242 190 190 190 255 
0.265346 -2.41212 1.9749 190 190 190 255 
0.364192 -2.29718 2.02675 190 190 190 255 
0.349354 -2.286 2.05238 190 190 190 255 
0.362203 -2.31224 2.02571 190 190 190 255 
0.345749 -2.31224 2.05277 190 190 190 255 
0.342412 -2.32702 2.05045 190 190 190 255 
0.353398 -2.34132 2.02109 190 190 190 255 
0.337595 -2.34132 2.04709 190 190 190 255 
0.331338 -2.3549 2.04272 190 190 190 255 
0.323704 -2.36752 2.03739 190 190 190 255 
0.315289 -2.37841 2.03152 190 190 190 255 
0.305236 -2.38859 2.0245 190 190 190 255 
0.294121 -2.39722 2.01675 190 190 190 255 
0.282095 -2.40413 2.00835 190 190 190 255 
0.243583 -2.413 1.98149 190 190 190 255 
0.251746 -2.413 1.96889 190 190 190 255 
0.0692807 -2.413 1.97771 190 190 190 255 
0.126741 -2.413 2.1646 190 190 190 255 
0.118012 -2.413 2.19067 190 190 190 255 
0.0854169 -2.413 2.18661 190 190 190 255 
0.285229 -2.413 -5.57367e-006 190 190 190 255 
0.0381 -2.413 1.42693e-008 190 190 190 255 
0.283448 -2.413 0.0722064 190 190 190 255 
0.0381 -2.413 1.08683 190 190 190 255 
0.2667 -2.413 1.90898 190 190 190 255 
0.268823 -2.413 0.679314 190 190 190 255 
0.265151 -2.413 1.92868 190 190 190 255 
0.0593069 -2.413 1.8486 190 190 190 255 
1.03896 -2.31707 1.9652 190 190 190 255 
1.03595 -2.31707 1.95003 190 190 190 255 
1.0339 -2.31707 1.9348 190 190 190 255 
1.16921 -2.41251 1.98781 190 190 190 255 
1.17001 -2.413 1.96776 190 190 190 255 
1.0748 -2.30088 2.05337 190 190 190 255 
1.09354 -2.3072 2.07581 190 190 190 255 
1.08137 -2.33264 2.04881 190 190 190 255 
1.07725 -2.31707 2.05167 190 190 190 255 
1.09912 -2.33261 2.07089 190 190 190 255 
1.12031 -2.37554 2.0522 190 190 190 255 
1.11284 -2.36494 2.05879 190 190 190 255 
1.09412 -2.36086 2.03995 190 190 190 255 
1.108 -2.35525 2.06305 190 190 190 255 
1.12377 -2.38044 2.04915 190 190 190 255 
1.11143 -2.38338 2.02793 190 190 190 255 
1.12758 -2.3843 2.04578 190 190 190 255 
1.1218 -2.39269 2.02073 190 190 190 255 
1.13648 -2.39329 2.03794 190 190 190 255 
1.13295 -2.40032 2.01298 190 190 190 255 
1.14469 -2.40619 2.00483 190 190 190 255 
1.15678 -2.40578 2.02004 190 190 190 255 
1.18132 -2.41289 1.99131 190 190 190 255 
1.17651 -2.41189 1.99776 190 190 190 255 
1.15684 -2.41026 1.99639 190 190 190 255 
1.09292 -2.29737 2.07636 190 190 190 255 
1.14375 -2.41244 1.90898 190 190 190 255 
1.13028 -2.41026 1.9248 190 190 190 255 
1.12219 -2.4085 1.90898 190 190 190 255 
1.11483 -2.40578 1.90898 190 190 190 255 
1.10135 -2.40032 1.9278 190 190 190 255 
1.08785 -2.39269 1.9292 190 190 190 255 
1.07448 -2.38302 1.90898 190 190 190 255 
1.07529 -2.38338 1.93051 190 190 190 255 
1.06446 -2.37312 1.93163 190 190 190 255 
1.05433 -2.36086 1.93268 190 190 190 255 
1.0659 -2.3758 1.90898 190 190 190 255 
1.05324 -2.36075 1.90898 190 190 190 255 
1.04575 -2.34731 1.93357 190 190 190 255 
1.04079 -2.34007 1.90898 190 190 190 255 
1.03799 -2.33249 1.90898 190 190 190 255 
1.14452 -2.41247 1.90898 190 190 190 255 
1.14526 -2.41251 1.92325 190 190 190 255 
1.1567 -2.413 1.92207 190 190 190 255 
1.15728 -2.413 1.92955 190 190 190 255 
1.13338 -2.41026 1.94342 190 190 190 255 
1.11897 -2.40619 1.94675 190 190 190 255 
1.11557 -2.40619 1.92633 190 190 190 255 
1.09181 -2.39269 1.95301 190 190 190 255 
1.03888 -2.33264 1.93428 190 190 190 255 
1.16205 -2.413 1.9492 190 190 190 255 
1.1592 -2.413 1.93747 190 190 190 255 
1.15294 -2.41251 1.95649 190 190 190 255 
1.14805 -2.41251 1.94004 190 190 190 255 
1.12492 -2.40619 1.96675 190 190 190 255 
1.11149 -2.40032 1.97166 190 190 190 255 
1.10504 -2.40032 1.94996 190 190 190 255 
1.08688 -2.38338 1.98067 190 190 190 255 
1.07951 -2.38338 1.95585 190 190 190 255 
1.0671 -2.36086 1.98791 190 190 190 255 
1.0689 -2.37312 1.95829 190 190 190 255 
1.05898 -2.36086 1.96058 190 190 190 255 
1.05899 -2.34731 1.99088 190 190 190 255 
1.05057 -2.34731 1.96252 190 190 190 255 
1.04384 -2.33264 1.96407 190 190 190 255 
1.04291 -2.31707 1.98021 190 190 190 255 
1.03093 -2.30088 1.93511 190 190 190 255 
1.03301 -2.30088 1.95052 190 190 190 255 
1.04005 -2.30088 1.98106 190 190 190 255 
1.0478 -2.31707 1.99497 190 190 190 255 
1.07098 -2.34731 2.01819 190 190 190 255 
1.05825 -2.33264 2.00751 190 190 190 255 
1.05092 -2.30088 2.01072 190 190 190 255 
1.16351 -2.413 1.95261 190 190 190 255 
1.14651 -2.41026 1.97923 190 190 190 255 
1.1388 -2.41026 1.96166 190 190 190 255 
1.13337 -2.40619 1.98601 190 190 190 255 
1.12066 -2.40032 1.99256 190 190 190 255 
1.09874 -2.39269 1.97633 190 190 190 255 
1.0877 -2.37312 2.00957 190 190 190 255 
1.07666 -2.37312 1.98441 190 190 190 255 
1.05251 -2.33264 1.99325 190 190 190 255 
1.05365 -2.31707 2.00952 190 190 190 255 
1.045 -2.30088 1.996 190 190 190 255 
1.05774 -2.30088 2.02502 190 190 190 255 
1.05744 -2.286 2.02515 190 190 190 255 
1.05221 -2.286 2.01571 190 190 190 255 
1.04479 -2.286 1.99607 190 190 190 255 
1.03605 -2.30088 1.96587 190 190 190 255 
1.03924 -2.286 1.9814 190 190 190 255 
1.03583 -2.286 1.96593 190 190 190 255 
1.03135 -2.286 1.94557 190 190 190 255 
1.10404 -2.3473 2.06655 190 190 190 255 
1.08704 -2.34731 2.04487 190 190 190 255 
1.07268 -2.33264 2.03539 190 190 190 255 
1.06839 -2.31707 2.03798 190 190 190 255 
1.06999 -2.286 2.0478 190 190 190 255 
1.06583 -2.30088 2.03952 190 190 190 255 
1.15989 -2.41251 1.97233 190 190 190 255 
1.1086 -2.39269 1.99879 190 190 190 255 
1.09738 -2.38338 2.00458 190 190 190 255 
1.10249 -2.37312 2.03414 190 190 190 255 
1.07865 -2.36086 2.01423 190 190 190 255 
1.06485 -2.33264 2.02135 190 190 190 255 
1.06039 -2.31707 2.02365 190 190 190 255 
1.06552 -2.286 2.03973 190 190 190 255 
1.17707 -2.41293 1.98246 190 190 190 255 
1.1811 -2.413 1.42693e-008 190 190 190 255 
1.15106 -2.413 0.605918 190 190 190 255 
1.14491 -2.413 0.38491 190 190 190 255 
1.1424 -2.413 0.294833 190 190 190 255 
1.1557 -2.413 1.90898 190 190 190 255 
2.60947 -0.345659 10.3749 190 190 190 255 
2.59144 -0.31112 7.35243 190 190 190 255 
2.59144 -0.31112 7.88757 190 190 190 255 
2.62203 -0.369716 7.94867 190 190 190 255 
2.62413 -0.373739 7.95867 190 190 190 255 
2.62578 -0.376898 7.96899 190 190 190 255 
2.59144 -0.31112 9.41157 190 190 190 255 
2.60102 -0.329476 7.34114 190 190 190 255 
2.60947 -0.345659 7.91309 190 190 190 255 
2.60947 -0.345659 7.32691 190 190 190 255 
2.61949 -0.364859 7.93904 190 190 190 255 
2.61949 -0.364859 9.46304 190 190 190 255 
2.62203 -0.369716 9.47267 190 190 190 255 
2.60102 -0.329476 11.1511 190 190 190 255 
2.59144 -0.31112 11.1624 190 190 190 255 
2.60102 -0.329476 10.3891 190 190 190 255 
2.60102 -0.329476 8.86514 190 190 190 255 
2.60947 -0.345659 8.85091 190 190 190 255 
2.59144 -0.31112 11.6976 190 190 190 255 
2.61949 -0.364859 11.749 190 190 190 255 
2.62203 -0.369716 11.7587 190 190 190 255 
2.62413 -0.373739 11.7687 190 190 190 255 
2.62203 -0.369716 10.9967 190 190 190 255 
2.38462 0.0850722 7.55194 190 190 190 255 
2.37887 0.0960856 7.55872 190 190 190 255 
2.36956 0.113921 7.57731 190 190 190 255 
2.62413 -0.373739 8.72067 190 190 190 255 
2.62578 -0.376898 8.73098 190 190 190 255 
2.62203 -0.369716 13.2827 190 190 190 255 
2.60947 -0.345659 11.7231 190 190 190 255 
2.61654 -0.359202 11.7399 190 190 190 255 
2.59144 -0.31112 14.9724 190 190 190 255 
2.60947 -0.345659 13.2471 190 190 190 255 
2.60102 -0.329476 12.6751 190 190 190 255 
2.38462 0.0850722 9.07594 190 190 190 255 
2.37381 0.105795 9.09126 190 190 190 255 
2.38462 0.0850722 9.21206 190 190 190 255 
2.59144 -0.31112 8.11443 190 190 190 255 
2.60102 -0.329476 14.9611 190 190 190 255 
2.60947 -0.345659 15.5331 190 190 190 255 
2.61654 -0.359202 15.5499 190 190 190 255 
2.38462 0.0850722 10.7361 190 190 190 255 
2.37381 0.105795 10.6153 190 190 190 255 
2.36779 0.117315 10.6308 190 190 190 255 
2.37887 0.0960856 10.7293 190 190 190 255 
2.62578 -0.376898 14.827 190 190 190 255 
2.60102 -0.329476 9.62714 190 190 190 255 
2.61654 -0.359202 8.69186 190 190 190 255 
2.61949 -0.364859 8.70104 190 190 190 255 
2.38462 0.0850722 11.3619 190 190 190 255 
2.36956 0.113921 11.3873 190 190 190 255 
2.62578 -0.376898 11.843 190 190 190 255 
2.60102 -0.329476 16.2809 190 190 190 255 
2.36956 0.113921 12.9113 190 190 190 255 
2.38462 0.0850722 13.0221 190 190 190 255 
2.61949 -0.364859 11.873 190 190 190 255 
2.60102 -0.329476 14.7569 190 190 190 255 
2.60102 -0.329476 14.1991 190 190 190 255 
2.59144 -0.31112 14.2104 190 190 190 255 
2.38462 0.0850722 14.5461 190 190 190 255 
2.60947 -0.345659 13.4229 190 190 190 255 
2.60947 -0.345659 14.0091 190 190 190 255 
2.61654 -0.359202 14.0259 190 190 190 255 
2.37381 0.105795 15.1873 190 190 190 255 
2.36956 0.113921 15.1973 190 190 190 255 
2.36779 0.117315 15.2028 190 190 190 255 
2.60102 -0.329476 12.4709 190 190 190 255 
2.60947 -0.345659 14.1849 190 190 190 255 
2.38462 0.0850722 8.31394 190 190 190 255 
2.37887 0.0960856 8.32072 190 190 190 255 
2.62696 -0.379172 15.6425 190 190 190 255 
2.62413 -0.373739 15.6633 190 190 190 255 
2.60947 -0.345659 16.2951 190 190 190 255 
2.61654 -0.359202 15.6921 190 190 190 255 
2.60947 -0.345659 15.7089 190 190 190 255 
2.38462 0.0850722 9.97406 190 190 190 255 
2.37887 0.0960856 9.84472 190 190 190 255 
2.36274 0.127 7.62 190 190 190 255 
2.36288 0.126725 7.62647 190 190 190 255 
2.36331 0.125903 7.63288 190 190 190 255 
2.36288 0.126725 7.61353 190 190 190 255 
2.36331 0.125903 7.60712 190 190 190 255 
2.36402 0.124539 7.63921 190 190 190 255 
2.36501 0.122643 7.6454 190 190 190 255 
2.36627 0.12023 7.5886 190 190 190 255 
2.36779 0.117315 7.65718 190 190 190 255 
2.36779 0.117315 7.58282 190 190 190 255 
2.60102 -0.329476 15.7231 190 190 190 255 
2.59144 -0.31112 16.2696 190 190 190 255 
2.38462 0.0850722 16.6959 190 190 190 255 
2.38462 0.0850722 16.8321 190 190 190 255 
2.37887 0.0960856 16.7027 190 190 190 255 
2.37381 0.105795 16.7113 190 190 190 255 
2.37381 0.105795 13.6633 190 190 190 255 
2.38462 0.0850722 13.7841 190 190 190 255 
2.36956 0.113921 13.6733 190 190 190 255 
2.38462 0.0850722 14.4099 190 190 190 255 
2.37887 0.0960856 14.4167 190 190 190 255 
2.36956 0.113921 14.4353 190 190 190 255 
2.36779 0.117315 14.4408 190 190 190 255 
2.36288 0.126725 9.15047 190 190 190 255 
2.36331 0.125903 9.15688 190 190 190 255 
2.36331 0.125903 9.13112 190 190 190 255 
2.36402 0.124539 9.12479 190 190 190 255 
2.36501 0.122643 9.1694 190 190 190 255 
2.36501 0.122643 9.1186 190 190 190 255 
2.36627 0.12023 9.1126 190 190 190 255 
2.36779 0.117315 9.10682 190 190 190 255 
2.37381 0.105795 9.19674 190 190 190 255 
2.36779 0.117315 12.1548 190 190 190 255 
2.37887 0.0960856 12.2533 190 190 190 255 
2.36288 0.126725 10.6745 190 190 190 255 
2.36288 0.126725 10.6615 190 190 190 255 
2.36402 0.124539 10.6872 190 190 190 255 
2.36627 0.12023 10.6994 190 190 190 255 
2.36627 0.12023 10.6366 190 190 190 255 
2.36779 0.117315 10.7052 190 190 190 255 
2.36402 0.124539 11.4492 190 190 190 255 
2.36501 0.122643 11.4046 190 190 190 255 
2.36627 0.12023 11.3986 190 190 190 255 
2.36627 0.12023 11.4614 190 190 190 255 
2.36779 0.117315 11.4672 190 190 190 255 
2.36779 0.117315 11.3928 190 190 190 255 
2.59144 -0.31112 15.7344 190 190 190 255 
2.38462 0.0850722 15.9339 190 190 190 255 
2.37887 0.0960856 15.9407 190 190 190 255 
2.38462 0.0850722 16.0701 190 190 190 255 
2.37381 0.105795 16.0547 190 190 190 255 
2.36274 0.127 12.954 190 190 190 255 
2.36501 0.122643 12.9286 190 190 190 255 
2.36779 0.117315 12.9168 190 190 190 255 
2.36779 0.117315 12.9912 190 190 190 255 
2.36956 0.113921 12.9967 190 190 190 255 
2.36288 0.126725 15.2465 190 190 190 255 
2.36501 0.122643 15.2654 190 190 190 255 
2.36501 0.122643 15.2146 190 190 190 255 
2.36627 0.12023 15.2714 190 190 190 255 
2.36288 0.126725 8.37554 190 190 190 255 
2.36331 0.125903 8.36912 190 190 190 255 
2.36331 0.125903 8.39488 190 190 190 255 
2.36402 0.124539 8.40121 190 190 190 255 
2.36501 0.122643 8.3566 190 190 190 255 
2.36779 0.117315 8.34482 190 190 190 255 
2.36956 0.113921 8.42469 190 190 190 255 
2.36274 0.127 9.906 190 190 190 255 
2.36288 0.126725 9.89954 190 190 190 255 
2.36288 0.126725 9.91247 190 190 190 255 
2.36331 0.125903 9.91888 190 190 190 255 
2.36331 0.125903 9.89312 190 190 190 255 
2.36402 0.124539 9.92521 190 190 190 255 
2.36501 0.122643 9.8806 190 190 190 255 
2.36627 0.12023 9.9374 190 190 190 255 
2.36779 0.117315 9.86882 190 190 190 255 
2.36779 0.117315 9.94318 190 190 190 255 
2.36956 0.113921 9.94869 190 190 190 255 
2.36288 0.126725 16.7705 190 190 190 255 
2.36331 0.125903 16.7769 190 190 190 255 
2.36402 0.124539 16.7832 190 190 190 255 
2.36501 0.122643 16.7894 190 190 190 255 
2.36402 0.124539 16.7448 190 190 190 255 
2.36627 0.12023 16.7326 190 190 190 255 
2.36627 0.12023 16.7954 190 190 190 255 
2.36779 0.117315 16.8012 190 190 190 255 
2.36274 0.127 13.716 190 190 190 255 
2.36779 0.117315 13.6788 190 190 190 255 
2.36288 0.126725 14.4715 190 190 190 255 
2.36331 0.125903 14.4651 190 190 190 255 
2.36402 0.124539 14.4588 190 190 190 255 
2.36627 0.12023 14.4466 190 190 190 255 
2.36627 0.12023 14.5094 190 190 190 255 
2.36779 0.117315 14.5152 190 190 190 255 
2.36288 0.126725 12.1985 190 190 190 255 
2.36331 0.125903 12.1791 190 190 190 255 
2.36627 0.12023 12.2234 190 190 190 255 
2.36779 0.117315 12.2292 190 190 190 255 
2.36402 0.124539 16.0212 190 190 190 255 
2.36501 0.122643 16.0274 190 190 190 255 
2.36779 0.117315 15.9648 190 190 190 255 
2.62696 -0.379172 7.21753 190 190 190 255 
2.65211 -0.427345 7.24538 190 190 190 255 
2.62696 -0.379172 8.78447 190 190 190 255 
2.62578 -0.376898 8.79501 190 190 190 255 
2.62203 -0.369716 8.81533 190 190 190 255 
2.62413 -0.373739 16.3407 190 190 190 255 
2.62578 -0.376898 16.351 190 190 190 255 
2.62578 -0.376898 12.605 190 190 190 255 
2.54713 -0.226236 7.08282 190 190 190 255 
2.60102 -0.329476 7.13686 190 190 190 255 
2.64072 -0.40553 7.10506 190 190 190 255 
2.61654 -0.359202 7.16786 190 190 190 255 
2.64731 -0.41815 7.1557 190 190 190 255 
2.61949 -0.364859 7.17704 190 190 190 255 
2.62578 -0.376898 9.55702 190 190 190 255 
2.61654 -0.359202 8.83414 190 190 190 255 
2.62768 -0.380542 9.51423 190 190 190 255 
2.62792 -0.381 9.525 190 190 190 255 
2.62413 -0.373739 13.3773 190 190 190 255 
2.62768 -0.380542 13.3242 190 190 190 255 
2.62792 -0.381 13.335 190 190 190 255 
2.61949 -0.364859 12.635 190 190 190 255 
2.62203 -0.369716 12.6253 190 190 190 255 
2.62768 -0.380542 12.5622 190 190 190 255 
2.62578 -0.376898 10.319 190 190 190 255 
2.62696 -0.379172 10.2655 190 190 190 255 
2.61654 -0.359202 9.59614 190 190 190 255 
2.61949 -0.364859 9.58696 190 190 190 255 
2.61654 -0.359202 16.3119 190 190 190 255 
2.61949 -0.364859 16.321 190 190 190 255 
2.62203 -0.369716 16.3307 190 190 190 255 
2.62696 -0.379172 16.4045 190 190 190 255 
2.62203 -0.369716 16.4353 190 190 190 255 
2.62768 -0.380542 14.0862 190 190 190 255 
2.62792 -0.381 14.097 190 190 190 255 
2.61949 -0.364859 13.397 190 190 190 255 
2.62203 -0.369716 13.3873 190 190 190 255 
2.62696 -0.379172 11.0705 190 190 190 255 
2.62578 -0.376898 11.081 190 190 190 255 
2.62792 -0.381 11.811 190 190 190 255 
2.62413 -0.373739 11.0913 190 190 190 255 
2.61654 -0.359202 10.3581 190 190 190 255 
2.62792 -0.381 11.049 190 190 190 255 
2.62768 -0.380542 13.3458 190 190 190 255 
2.62578 -0.376898 13.367 190 190 190 255 
2.62578 -0.376898 14.129 190 190 190 255 
2.62413 -0.373739 14.1393 190 190 190 255 
2.62203 -0.369716 14.1493 190 190 190 255 
2.62696 -0.379172 15.5995 190 190 190 255 
2.62768 -0.380542 15.6102 190 190 190 255 
2.61654 -0.359202 14.9301 190 190 190 255 
2.60947 -0.345659 11.1369 190 190 190 255 
2.62768 -0.380542 14.8482 190 190 190 255 
2.61654 -0.359202 14.1681 190 190 190 255 
2.62792 -0.381 8.763 190 190 190 255 
2.62203 -0.369716 8.05333 190 190 190 255 
2.62768 -0.380542 14.1078 190 190 190 255 
2.62696 -0.379172 14.8805 190 190 190 255 
2.62768 -0.380542 14.8698 190 190 190 255 
2.62792 -0.381 14.859 190 190 190 255 
2.62696 -0.379172 8.74153 190 190 190 255 
2.60947 -0.345659 8.08891 190 190 190 255 
2.61654 -0.359202 8.07214 190 190 190 255 
2.62768 -0.380542 16.3722 190 190 190 255 
2.62768 -0.380542 16.3938 190 190 190 255 
2.62768 -0.380542 7.99023 190 190 190 255 
2.62792 -0.381 8.001 190 190 190 255 
2.61654 -0.359202 7.31014 190 190 190 255 
2.62768 -0.380542 11.8218 190 190 190 255 
2.60947 -0.345659 12.4851 190 190 190 255 
2.62203 -0.369716 7.29133 190 190 190 255 
2.62768 -0.380542 10.2978 190 190 190 255 
2.62792 -0.381 10.287 190 190 190 255 
2.62696 -0.379172 9.54647 190 190 190 255 
2.62768 -0.380542 8.01178 190 190 190 255 
2.62696 -0.379172 8.02247 190 190 190 255 
2.61949 -0.364859 7.30096 190 190 190 255 
2.6523 -0.427708 7.26831 190 190 190 255 
2.62768 -0.380542 8.77378 190 190 190 255 
2.62578 -0.376898 12.541 190 190 190 255 
2.62696 -0.379172 12.5515 190 190 190 255 
2.39833 -1.05166 5.69359 190 190 190 255 
2.0237 -1.58957 3.55661 190 190 190 255 
2.64903 -0.430915 7.18858 190 190 190 255 
2.6269 -0.561028 7.15573 190 190 190 255 
1.76717 -2.0186 3.09411 190 190 190 255 
2.01212 -1.77471 4.20059 190 190 190 255 
1.95231 -1.84299 4.16352 190 190 190 255 
2.03479 -1.75419 4.52933 190 190 190 255 
2.17219 -1.57879 5.13888 190 190 190 255 
2.14238 -1.62104 5.00665 190 190 190 255 
2.33435 -1.3298 5.85814 190 190 190 255 
2.36621 -1.27006 5.99943 190 190 190 255 
2.47999 -1.03175 6.50408 190 190 190 255 
2.40499 -1.19734 6.17143 190 190 190 255 
2.5646 -0.800269 6.87938 190 190 190 255 
2.59102 -0.707122 6.94693 190 190 190 255 
2.60227 -0.667687 7.04641 190 190 190 255 
2.64378 -0.474162 7.23053 190 190 190 255 
2.6495 -0.422343 7.19659 190 190 190 255 
2.64858 -0.42059 7.17949 190 190 190 255 
1.9431 -1.57276 3.048 190 190 190 255 
1.93837 -1.65464 3.05391 190 190 190 255 
1.93932 -1.64959 3.05347 190 190 190 255 
2.0098 -1.66497 3.57116 190 190 190 255 
1.88189 -1.85028 3.07251 190 190 190 255 
1.888 -1.83915 3.07121 190 190 190 255 
1.89593 -1.81675 3.06895 190 190 190 255 
1.95396 -1.80866 3.60393 190 190 190 255 
1.91245 -1.87458 3.62171 190 190 190 255 
1.83124 -1.93897 3.08305 190 190 190 255 
1.86243 -1.93498 3.64006 190 190 190 255 
1.7682 -2.01763 3.09395 190 190 190 255 
1.77192 -2.01413 3.09339 190 190 190 255 
2.46958 -1.03204 6.2416 190 190 190 255 
2.48733 -1.01449 6.49581 190 190 190 255 
2.50784 -0.945643 6.46382 190 190 190 255 
2.51671 -0.938823 6.66695 190 190 190 255 
2.52383 -0.920802 6.69854 190 190 190 255 
2.12609 -1.39419 4.11079 190 190 190 255 
2.12652 -1.41724 4.11489 190 190 190 255 
2.12228 -1.49078 4.12919 190 190 190 255 
2.08565 -1.63904 4.16288 190 190 190 255 
2.05337 -1.70903 4.18136 190 190 190 255 
2.62997 -0.46041 7.03895 190 190 190 255 
2.61244 -0.511974 6.93557 190 190 190 255 
2.60033 -0.577349 6.86681 190 190 190 255 
2.5571 -0.711658 6.61573 190 190 190 255 
2.51942 -0.78492 6.39529 190 190 190 255 
2.52061 -0.80572 6.40377 190 190 190 255 
2.48332 -0.88992 6.18717 190 190 190 255 
2.51889 -0.87494 6.43268 190 190 190 255 
2.556 -0.779272 6.64825 190 190 190 255 
2.63793 -0.400189 7.08362 190 190 190 255 
2.63145 -0.541312 7.17593 190 190 190 255 
2.63115 -0.519865 7.08471 190 190 190 255 
2.6223 -0.580301 7.13269 190 190 190 255 
2.60032 -0.641548 6.90566 190 190 190 255 
2.54559 -0.848336 6.68307 190 190 190 255 
2.48112 -0.960225 6.21331 190 190 190 255 
2.44859 -1.10196 6.27083 190 190 190 255 
2.38305 -1.19674 5.73902 190 190 190 255 
2.39537 -1.12343 5.71527 190 190 190 255 
2.39767 -1.03306 5.68818 190 190 190 255 
2.33023 -1.33645 5.78934 190 190 190 255 
2.3613 -1.26813 5.76383 190 190 190 255 
2.26847 -1.37217 5.07354 190 190 190 255 
2.28146 -1.29782 5.05371 190 190 190 255 
2.28509 -1.22502 5.03587 190 190 190 255 
2.39334 -1.04145 5.66303 190 190 190 255 
2.17297 -1.57757 5.13846 190 190 190 255 
2.09297 -1.68273 4.67019 190 190 190 255 
2.13398 -1.61733 4.64953 190 190 190 255 
2.21436 -1.51386 5.11638 190 190 190 255 
2.166 -1.54764 4.62954 190 190 190 255 
2.24606 -1.44457 5.09453 190 190 190 255 
2.18874 -1.47481 4.61048 190 190 190 255 
2.20208 -1.40001 4.59264 190 190 190 255 
2.20604 -1.32679 4.57674 190 190 190 255 
2.25867 -1.242 4.88086 190 190 190 255 
2.28449 -1.20355 5.03082 190 190 190 255 
1.9865 -1.73839 3.587 190 190 190 255 
2.10867 -1.56589 4.14541 190 190 190 255 
2.02822 -1.51575 3.54393 190 190 190 255 
1.9431 -1.58043 3.04827 190 190 190 255 
1.94251 -1.59118 3.04908 190 190 190 255 
1.81864 -1.95493 3.08525 190 190 190 255 
1.82187 -1.95176 1.42693e-008 190 190 190 255 
1.76743 -2.01888 1.42693e-008 190 190 190 255 
1.71299 -2.0696 3.10227 190 190 190 255 
1.86132 -1.88776 3.0769 190 190 190 255 
1.8377 -1.93078 3.08193 190 190 190 255 
1.93628 -1.66584 3.05487 190 190 190 255 
1.92163 -1.74414 3.06164 190 190 190 255 
1.91789 -1.75472 3.0627 190 190 190 255 
1.93874 -1.65471 1.42693e-008 190 190 190 255 
1.93782 -1.65928 1.42693e-008 190 190 190 255 
1.922 -1.73819 1.42693e-008 190 190 190 255 
-2.63168 -0.376806 17.1137 190 190 190 255 
-1.2664 -0.37706 17.1136 190 190 190 255 
-2.63014 -0.373923 17.1032 190 190 190 255 
-2.6253 -0.365034 17.0834 190 190 190 255 
-1.26876 -0.359419 17.0742 190 190 190 255 
-2.62223 -0.359419 17.0742 190 190 190 255 
-2.61478 -0.345838 17.0573 190 190 190 255 
-1.26976 -0.32958 17.0429 190 190 190 255 
-1.26993 -0.31112 17.0316 190 190 190 255 
-2.63364 -0.380606 17.135 190 190 190 255 
-2.6324 -0.378992 17.1675 190 190 190 255 
-1.25988 -0.376633 17.178 190 190 190 255 
-2.629 -0.373365 17.1884 190 190 190 255 
-2.62656 -0.369231 17.1984 190 190 190 255 
-1.25151 -0.344667 17.2339 190 190 190 255 
-2.62031 -0.358471 17.2172 190 190 190 255 
-1.24899 -0.328221 17.2481 190 190 190 255 
-2.5202 -0.345838 17.8193 190 190 190 255 
-0.991338 -0.338081 17.8118 190 190 190 255 
-0.996809 -0.32958 17.8049 190 190 190 255 
-2.51212 -0.320562 17.7988 190 190 190 255 
-1.00151 -0.320731 17.7989 190 190 190 255 
-1.00568 -0.31112 17.7936 190 190 190 255 
-0.977625 -0.353308 17.8286 190 190 190 255 
-2.5218 -0.352978 17.8274 190 190 190 255 
-2.52283 -0.359419 17.8362 190 190 190 255 
-0.955038 -0.369929 17.8551 190 190 190 255 
-2.52325 -0.365069 17.8454 190 190 190 255 
-2.52091 -0.37706 17.8756 190 190 190 255 
-0.936698 -0.37706 17.8756 190 190 190 255 
-2.5189 -0.379306 17.8863 190 190 190 255 
-2.51633 -0.380606 17.897 190 190 190 255 
-0.895366 -0.380462 17.9187 190 190 190 255 
-2.50945 -0.380462 17.9187 190 190 190 255 
-2.50516 -0.378985 17.9295 190 190 190 255 
-0.873376 -0.376633 17.94 190 190 190 255 
-0.85135 -0.369231 17.9604 190 190 190 255 
-0.822734 -0.353853 17.9855 190 190 190 255 
-2.47722 -0.358471 17.9792 190 190 190 255 
-2.47407 -0.355253 17.9831 190 190 190 255 
-0.779766 -0.311121 18.0204 190 190 190 255 
-1.37855 -0.281288 19.3025 190 190 190 255 
1.24723 -0.312843 17.2574 190 190 190 255 
2.60316 -0.328221 17.2481 190 190 190 255 
1.25151 -0.344667 17.2339 190 190 190 255 
2.61463 -0.350767 17.1497 190 190 190 255 
1.26241 -0.380462 17.1567 190 190 190 255 
1.25988 -0.376633 17.178 190 190 190 255 
2.60736 -0.336473 17.212 190 190 190 255 
1.25428 -0.358471 17.2172 190 190 190 255 
2.62479 -0.370759 17.0624 190 190 190 255 
1.26939 -0.345838 17.0573 190 190 190 255 
1.26876 -0.359419 17.0742 190 190 190 255 
2.62325 -0.367729 17.0756 190 190 190 255 
1.26778 -0.369929 17.0931 190 190 190 255 
2.62141 -0.364104 17.0914 190 190 190 255 
2.61931 -0.359989 17.1094 190 190 190 255 
1.26976 -0.32958 17.0429 190 190 190 255 
2.51211 -0.320532 17.7988 190 190 190 255 
1.00568 -0.311121 17.7936 190 190 190 255 
1.00153 -0.320695 17.7989 190 190 190 255 
0.996809 -0.32958 17.8049 190 190 190 255 
2.51804 -0.337986 17.8117 190 190 190 255 
0.985318 -0.345838 17.8193 190 190 190 255 
0.962163 -0.365333 17.8468 190 190 190 255 
2.52325 -0.365069 17.8454 190 190 190 255 
2.52283 -0.359419 17.8362 190 190 190 255 
0.936697 -0.37706 17.8756 190 190 190 255 
0.916657 -0.380606 17.897 190 190 190 255 
2.51633 -0.380606 17.897 190 190 190 255 
2.52091 -0.37706 17.8756 190 190 190 255 
0.955038 -0.369929 17.8551 190 190 190 255 
2.52308 -0.369929 17.8551 190 190 190 255 
2.50045 -0.376633 17.94 190 190 190 255 
2.50518 -0.378995 17.9295 190 190 190 255 
2.50945 -0.380462 17.9187 190 190 190 255 
2.4896 -0.369231 17.9604 190 190 190 255 
0.830042 -0.358471 17.9792 190 190 190 255 
0.895366 -0.380462 17.9187 190 190 190 255 
0.81028 -0.344667 17.9959 190 190 190 255 
0.804324 -0.339024 18.0008 190 190 190 255 
2.4495 -0.328221 18.0101 190 190 190 255 
-1.25445 -0.359202 7.16786 190 190 190 255 
-1.2625 -0.380542 7.22822 190 190 190 255 
-1.25145 -1.83463 7.14974 190 190 190 255 
-1.26644 -0.376898 7.27102 190 190 190 255 
-1.2694 -0.345659 7.32691 190 190 190 255 
-1.26983 -0.321683 7.34593 190 190 190 255 
-1.26993 -0.31112 7.35243 190 190 190 255 
-1.24556 -1.83707 7.12706 190 190 190 255 
-1.24723 -0.31282 7.12662 190 190 190 255 
-1.18494 -1.85982 6.91546 190 190 190 255 
-1.24703 -0.31112 7.12557 190 190 190 255 
-1.17201 0.124636 6.87683 190 190 190 255 
-1.16111 0.0932862 6.85149 190 190 190 255 
-1.17707 0.120357 6.88912 190 190 190 255 
-1.18555 0.105903 6.91063 190 190 190 255 
-1.15513 0.12438 6.83819 190 190 190 255 
-1.1392 0.1052 6.80464 190 190 190 255 
-1.17302 -1.86272 6.8888 190 190 190 255 
-1.09107 -0.061727 6.71602 190 190 190 255 
-0.99602 -1.89681 6.57807 190 190 190 255 
-0.970021 -0.360446 6.54627 190 190 190 255 
-1.08871 -1.88141 6.71758 190 190 190 255 
-1.00391 -0.315454 6.58814 190 190 190 255 
-1.00568 -0.31112 6.59043 190 190 190 255 
-0.842033 -0.360749 6.4095 190 190 190 255 
-0.859261 -0.370265 6.4259 190 190 190 255 
-0.898342 -0.379997 6.46757 190 190 190 255 
-0.805174 -1.91803 6.38845 190 190 190 255 
-0.936843 -0.37702 6.50855 190 190 190 255 
-0.802118 -1.91829 6.38611 190 190 190 255 
-0.806464 -0.335264 6.38025 190 190 190 255 
-0.811564 -0.339876 6.38344 190 190 190 255 
-0.823271 -0.3485 6.39301 190 190 190 255 
-0.727052 -0.234082 6.3247 190 190 190 255 
-0.680389 -1.92865 6.29431 190 190 190 255 
-0.686667 -1.92827 6.29764 190 190 190 255 
-0.785727 -0.316511 6.36729 190 190 190 255 
-0.525081 -0.00563224 6.20963 190 190 190 255 
-0.381363 0.0984353 6.15475 190 190 190 255 
-0.40388 0.088436 6.16197 190 190 190 255 
-0.421211 0.0763532 6.16844 190 190 190 255 
-0.410164 0.0850722 6.16406 190 190 190 255 
-0.304144 -1.94705 6.13296 190 190 190 255 
-0.0929696 0.126518 6.1017 190 190 190 255 
-0.0981891 -1.95085 6.09981 190 190 190 255 
-0.162001 0.126122 6.10637 190 190 190 255 
-0.207591 0.123735 6.11456 190 190 190 255 
-0.269846 0.120475 6.12574 190 190 190 255 
0.199927 0.123807 6.1138 190 190 190 255 
0.0981963 -1.95085 6.09981 190 190 190 255 
0.138378 0.126423 6.10356 190 190 190 255 
0.10236 0.126564 6.10172 190 190 190 255 
0.0119155 0.126916 6.09711 190 190 190 255 
-0.00923021 0.126998 6.09603 190 190 190 255 
0.304933 -1.94702 6.13315 190 190 190 255 
0.272136 0.120738 6.12581 190 190 190 255 
0.231139 0.12248 6.11899 190 190 190 255 
0.503615 -1.93936 6.20012 190 190 190 255 
0.811512 -0.345659 6.38909 190 190 190 255 
0.641454 -1.93099 6.27374 190 190 190 255 
0.786649 -0.320761 6.36896 190 190 190 255 
0.779766 -0.31112 6.36357 190 190 190 255 
0.513355 -1.93877 6.20533 190 190 190 255 
0.642514 -0.128757 6.2717 190 190 190 255 
0.563086 -0.0412135 6.22765 190 190 190 255 
0.975969 -1.89917 6.55697 190 190 190 255 
0.779752 -1.92022 6.36906 190 190 190 255 
0.822692 -0.353319 6.39857 190 190 190 255 
0.92323 -1.9055 6.50023 190 190 190 255 
0.897144 -1.90864 6.47216 190 190 190 255 
0.85566 -1.91362 6.42753 190 190 190 255 
0.820974 -1.91664 6.40081 190 190 190 255 
1.00154 -0.320676 6.58509 190 190 190 255 
0.99687 -0.329476 6.57914 190 190 190 255 
1.10164 -1.8792 6.73768 190 190 190 255 
1.00568 -0.31112 6.59043 190 190 190 255 
1.16359 0.0850722 6.85713 190 190 190 255 
1.15513 0.12438 6.83819 190 190 190 255 
1.13498 0.0953327 6.79617 190 190 190 255 
1.17707 0.120357 6.88912 190 190 190 255 
1.16657 0.126763 6.864 190 190 190 255 
1.18161 0.114051 6.90049 190 190 190 255 
1.19137 0.0850722 6.92606 190 190 190 255 
1.22478 -1.84565 7.04708 190 190 190 255 
1.20029 -1.85595 6.95104 190 190 190 255 
1.24916 -0.329476 7.13686 190 190 190 255 
1.19428 -1.85743 6.93744 190 190 190 255 
1.17632 -1.86185 6.8968 190 190 190 255 
1.26976 -0.329476 7.34114 190 190 190 255 
1.26993 -0.31112 7.35243 190 190 190 255 
1.26999 -1.8118 7.366 190 190 190 255 
1.26644 -0.376898 7.27102 190 190 190 255 
1.26467 -0.380542 7.24978 190 190 190 255 
1.25727 -0.369716 7.18667 190 190 190 255 
1.25168 -0.345659 7.15109 190 190 190 255 
-1.27 -0.359202 15.6921 190 190 190 255 
-1.27 -0.380542 13.3458 190 190 190 255 
-1.27 -1.81179 7.36602 190 190 190 255 
-1.27 -0.329476 14.1991 190 190 190 255 
-1.27 -0.359202 13.4061 190 190 190 255 
-1.27 -0.345659 13.4229 190 190 190 255 
-1.27 -1.33818 13.7967 190 190 190 255 
-1.27 -0.345659 14.0091 190 190 190 255 
-1.27 -0.359202 14.0259 190 190 190 255 
-1.27 -0.376898 14.827 190 190 190 255 
-1.27 -0.359202 7.92985 190 190 190 255 
-1.27 -0.376898 11.779 190 190 190 255 
-1.27 -0.380542 11.8002 190 190 190 255 
-1.27 -0.380542 11.8218 190 190 190 255 
-1.27 -0.369716 11.8633 190 190 190 255 
-1.27 -0.376898 14.065 190 190 190 255 
-1.27 -0.369716 14.8067 190 190 190 255 
-1.27 -0.345659 8.67509 190 190 190 255 
-1.27 -0.31112 8.64957 190 190 190 255 
-1.27 -1.59566 9.85137 190 190 190 255 
-1.27 -0.369716 12.5207 190 190 190 255 
-1.27 -0.345659 16.4709 190 190 190 255 
-1.27 -0.329476 16.4851 190 190 190 255 
-1.27 -0.31112 16.4964 190 190 190 255 
-1.27 0.0850722 16.6959 190 190 190 255 
-1.27 -1.67012 8.97181 190 190 190 255 
-1.27 -0.376898 8.79501 190 190 190 255 
-1.27 -0.359202 8.83414 190 190 190 255 
-1.27 -0.329476 8.86514 190 190 190 255 
-1.27 -0.345659 9.43709 190 190 190 255 
-1.27 -0.359202 9.45385 190 190 190 255 
-1.27 -0.369716 9.47267 190 190 190 255 
-1.27 -0.380542 9.51423 190 190 190 255 
-1.27 -0.345659 10.1991 190 190 190 255 
-1.27 -0.329476 9.62714 190 190 190 255 
-1.27 -0.369716 10.2347 190 190 190 255 
-1.27 -0.376898 10.255 190 190 190 255 
-1.27 -0.380542 11.0382 190 190 190 255 
-1.27 -0.369716 13.2827 190 190 190 255 
-1.27 -0.376898 13.303 190 190 190 255 
-1.26999 -1.20088 17.018 190 190 190 255 
-1.27 -0.345659 10.9611 190 190 190 255 
-1.27 -0.345659 11.8989 190 190 190 255 
-1.27 -1.43204 12.1873 190 190 190 255 
-1.27 -0.345659 12.4851 190 190 190 255 
-1.27 -0.359202 12.5019 190 190 190 255 
-1.27 -0.329476 13.9949 190 190 190 255 
-1.27 -1.26797 15.2242 190 190 190 255 
-1.27 -0.376898 14.129 190 190 190 255 
-1.27 -0.345659 14.7711 190 190 190 255 
-1.27 -0.376898 14.891 190 190 190 255 
-1.27 -0.369716 14.9113 190 190 190 255 
-1.27 -0.345659 16.2951 190 190 190 255 
-1.27 -0.345659 15.7089 190 190 190 255 
-1.27 -0.359202 16.3119 190 190 190 255 
-1.27 -0.376898 16.351 190 190 190 255 
-1.27 0.0850722 10.7361 190 190 190 255 
-1.27 -0.376898 12.541 190 190 190 255 
-1.27 -0.380542 12.5622 190 190 190 255 
-1.27 -0.380542 12.5838 190 190 190 255 
-1.27 -0.31112 14.7456 190 190 190 255 
-1.27 0.0850722 14.4099 190 190 190 255 
-1.27 0.0850722 16.8321 190 190 190 255 
-1.27 0.0960856 16.8253 190 190 190 255 
-1.27 0.105795 7.67274 190 190 190 255 
-1.27 -0.369716 10.3393 190 190 190 255 
-1.27 -1.54268 10.579 190 190 190 255 
-1.27 -0.329476 11.1511 190 190 190 255 
-1.27 -0.329476 11.7089 190 190 190 255 
-1.27 -0.31112 11.1624 190 190 190 255 
-1.27 -0.369716 12.6253 190 190 190 255 
-1.27 -0.345659 12.6609 190 190 190 255 
-1.27 -0.329476 8.10314 190 190 190 255 
-1.27 0.0960856 8.32072 190 190 190 255 
-1.27 -0.31112 9.63843 190 190 190 255 
-1.27 -0.329476 10.9469 190 190 190 255 
-1.27 -0.329476 10.3891 190 190 190 255 
-1.27 -0.31112 10.9356 190 190 190 255 
-1.27 -0.31112 14.9724 190 190 190 255 
-1.27 -0.31112 15.5076 190 190 190 255 
-1.27 0.0850722 15.3081 190 190 190 255 
-1.27 0.0960856 15.3013 190 190 190 255 
-1.27 -0.31112 8.87643 190 190 190 255 
-1.27 0.0850722 9.07594 190 190 190 255 
-1.27 0.0850722 9.21206 190 190 190 255 
-1.27 -0.369716 11.7587 190 190 190 255 
-1.27 -0.345659 11.7231 190 190 190 255 
-1.27 -0.31112 11.9244 190 190 190 255 
-1.27 -0.31112 12.4596 190 190 190 255 
-1.27 0.0850722 12.2601 190 190 190 255 
-1.27 0.0960856 13.7773 190 190 190 255 
-1.27 0.113921 16.7213 190 190 190 255 
-1.27 0.105795 16.7113 190 190 190 255 
-1.27 0.12023 7.6514 190 190 190 255 
-1.27 0.0960856 14.5393 190 190 190 255 
-1.27 0.0960856 14.4167 190 190 190 255 
-1.27 0.0850722 11.3619 190 190 190 255 
-1.27 0.0960856 11.4913 190 190 190 255 
-1.27 0.0850722 13.0221 190 190 190 255 
-1.27 0.126725 16.7705 190 190 190 255 
-1.27 0.124539 16.7448 190 190 190 255 
-1.27 0.12023 16.7954 190 190 190 255 
-1.27 0.0850722 9.83794 190 190 190 255 
-1.27 0.0960856 8.44328 190 190 190 255 
-1.27 0.0850722 8.45006 190 190 190 255 
-1.27 0.12023 9.1126 190 190 190 255 
-1.27 0.0960856 12.2533 190 190 190 255 
-1.27 0.105795 13.7687 190 190 190 255 
-1.27 0.105795 13.6633 190 190 190 255 
-1.27 0.126725 13.7225 190 190 190 255 
-1.27 0.124539 13.7352 190 190 190 255 
-1.27 0.113921 13.6733 190 190 190 255 
-1.27 0.12023 13.6846 190 190 190 255 
-1.27 0.124539 13.6968 190 190 190 255 
-1.27 0.12023 13.7474 190 190 190 255 
-1.27 0.113921 14.4353 190 190 190 255 
-1.27 0.113921 14.5207 190 190 190 255 
-1.27 0.0960856 9.20528 190 190 190 255 
-1.27 0.0960856 9.08272 190 190 190 255 
-1.27 0.0960856 10.7293 190 190 190 255 
-1.27 0.0960856 10.6067 190 190 190 255 
-1.27 0.105795 10.7207 190 190 190 255 
-1.27 0.12023 15.9706 190 190 190 255 
-1.27 0.113921 15.9593 190 190 190 255 
-1.27 0.105795 16.0547 190 190 190 255 
-1.27 0.12023 16.0334 190 190 190 255 
-1.27 0.12023 8.4134 190 190 190 255 
-1.27 0.12023 8.3506 190 190 190 255 
-1.27 0.126725 8.38846 190 190 190 255 
-1.27 0.105795 9.19674 190 190 190 255 
-1.27 0.113921 11.3873 190 190 190 255 
-1.27 0.105795 11.3773 190 190 190 255 
-1.27 0.126725 11.4365 190 190 190 255 
-1.27 0.126725 11.4235 190 190 190 255 
-1.27 0.113921 11.4727 190 190 190 255 
-1.27 0.124539 11.4108 190 190 190 255 
-1.27 0.12023 12.2234 190 190 190 255 
-1.27 0.113921 12.9113 190 190 190 255 
-1.27 0.124539 14.4588 190 190 190 255 
-1.27 0.126725 14.4715 190 190 190 255 
-1.27 0.12023 14.4466 190 190 190 255 
-1.27 0.124539 14.4972 190 190 190 255 
-1.27 0.113921 15.1973 190 190 190 255 
-1.27 0.124539 15.2208 190 190 190 255 
-1.27 0.113921 9.94869 190 190 190 255 
-1.27 0.0960856 9.96728 190 190 190 255 
-1.27 0.12023 9.9374 190 190 190 255 
-1.27 0.124539 9.88679 190 190 190 255 
-1.27 0.126725 10.6615 190 190 190 255 
-1.27 0.124539 10.6488 190 190 190 255 
-1.27 0.126725 10.6745 190 190 190 255 
-1.27 0.12023 12.1606 190 190 190 255 
-1.27 0.124539 12.1728 190 190 190 255 
-1.27 0.0960856 12.8927 190 190 190 255 
-1.27 0.105795 13.0067 190 190 190 255 
-1.27 0.105795 15.1873 190 190 190 255 
-1.27 0.113921 10.7107 190 190 190 255 
-1.27 0.124539 12.9348 190 190 190 255 
-1.27 0.126725 12.9605 190 190 190 255 
1.24899 -0.328221 17.2481 190 190 190 255 
1.25712 -0.369231 17.1984 190 190 190 255 
1.25254 -1.19378 17.2279 190 190 190 255 
1.25904 -1.19643 17.1497 190 190 190 255 
1.2646 -0.380606 17.135 190 190 190 255 
1.2664 -0.37706 17.1136 190 190 190 255 
1.26834 -1.20021 17.0379 190 190 190 255 
1.26983 -0.321671 17.0381 190 190 190 255 
1.26993 -0.31112 17.0316 190 190 190 255 
1.24517 -1.19285 17.2569 190 190 190 255 
1.2007 -1.18722 17.4318 190 190 190 255 
1.19137 0.0850728 17.4579 190 190 190 255 
1.24703 -0.31112 17.2584 190 190 190 255 
1.12619 -1.18204 17.601 190 190 190 255 
1.14989 0.120357 17.5571 190 190 190 255 
1.18458 -1.1861 17.4684 190 190 190 255 
1.18583 0.1052 17.4726 190 190 190 255 
1.18703 0.101524 17.4695 190 190 190 255 
1.00082 -1.17621 17.7998 190 190 190 255 
0.971332 -0.359419 17.8362 190 190 190 255 
1.04318 -1.17809 17.7352 190 190 190 255 
1.08841 -1.18011 17.6662 190 190 190 255 
0.991292 -0.338146 17.8119 190 190 190 255 
1.09107 -0.061727 17.668 190 190 190 255 
0.959589 -1.17497 17.8445 190 190 190 255 
0.85135 -0.369231 17.9604 190 190 190 255 
0.801943 -1.17075 17.9977 190 190 190 255 
0.873376 -0.376633 17.94 190 190 190 255 
0.870086 -1.17227 17.9414 190 190 190 255 
0.792924 -0.328221 18.0101 190 190 190 255 
0.779766 -0.31112 18.0204 190 190 190 255 
0.747219 -1.16962 18.0402 190 190 190 255 
0.620286 -1.16748 18.1215 190 190 190 255 
0.614516 -1.1674 18.1246 190 190 190 255 
0.523805 -0.00427754 18.1749 190 190 190 255 
0.421401 0.0773405 18.216 190 190 190 255 
0.472969 -1.16562 18.1939 190 190 190 255 
0.420018 -1.16516 18.212 190 190 190 255 
0.410164 0.0850722 18.2199 190 190 190 255 
0.323576 -1.16434 18.2448 190 190 190 255 
0.391448 0.0953326 18.2262 190 190 190 255 
0.28345 0.119939 18.256 190 190 190 255 
0.207473 0.123347 18.2686 190 190 190 255 
0.133221 0.126677 18.281 190 190 190 255 
0.101472 -1.16337 18.2839 190 190 190 255 
0.0113381 -1.16337 18.2839 190 190 190 255 
-0.0119693 -1.16337 18.2839 190 190 190 255 
-0.101479 -1.16337 18.2839 190 190 190 255 
-0.309006 -1.16421 18.2498 190 190 190 255 
-0.301789 -1.16418 18.251 190 190 190 255 
-0.328901 0.113483 18.2447 190 190 190 255 
-0.276169 0.118931 18.2564 190 190 190 255 
-0.231357 0.123562 18.2664 190 190 190 255 
-0.410164 0.0850722 18.2199 190 190 190 255 
-0.443326 0.058278 18.2064 190 190 190 255 
-0.545518 -0.0242913 18.1649 190 190 190 255 
-0.507943 -1.16592 18.182 190 190 190 255 
-0.792924 -0.328221 18.0101 190 190 190 255 
-0.641348 -1.16777 18.1101 190 190 190 255 
-0.81028 -0.344667 17.9959 190 190 190 255 
-0.729253 -1.16924 18.0541 190 190 190 255 
-0.594501 -1.16712 18.1353 190 190 190 255 
-0.643011 -0.12692 18.1132 190 190 190 255 
-0.971332 -0.359419 17.8362 190 190 190 255 
-0.916657 -0.380606 17.897 190 190 190 255 
-0.936184 -1.17426 17.8698 190 190 190 255 
-0.83028 -0.357908 17.9789 190 190 190 255 
-0.985318 -0.345838 17.8193 190 190 190 255 
-1.03511 -1.17774 17.7475 190 190 190 255 
-1.13346 0.0907857 17.5909 190 190 190 255 
-1.11639 -1.18135 17.6234 190 190 190 255 
-1.14989 0.120357 17.5571 190 190 190 255 
-1.16702 0.0954874 17.519 190 190 190 255 
-1.14449 0.114051 17.5685 190 190 190 255 
-1.19137 0.0850722 17.4579 190 190 190 255 
-1.18905 0.0953326 17.4642 190 190 190 255 
-1.18387 -1.18605 17.4699 190 190 190 255 
-1.19415 -1.18677 17.4465 190 190 190 255 
-1.19448 0.0628995 17.4468 190 190 190 255 
-1.27 -0.284172 17.018 190 190 190 255 
-1.26939 -0.345838 17.0573 190 190 190 255 
-1.26778 -0.369929 17.0931 190 190 190 255 
-1.2646 -0.380606 17.135 190 190 190 255 
-1.20098 -1.18725 17.431 190 190 190 255 
-1.25152 -0.344746 17.2338 190 190 190 255 
-1.251 -1.1936 17.2337 190 190 190 255 
-1.25428 -0.358471 17.2172 190 190 190 255 
-1.25265 -1.19381 17.2272 190 190 190 255 
-1.26241 -0.380462 17.1567 190 190 190 255 
-1.25712 -0.369231 17.1984 190 190 190 255 
1.27 -1.3962 12.7336 190 190 190 255 
1.27 -0.380542 13.3242 190 190 190 255 
1.27 -1.2628 15.4071 190 190 190 255 
1.27 -1.29984 14.5252 190 190 190 255 
1.27 -0.376898 12.605 190 190 190 255 
1.27 -0.329476 9.62714 190 190 190 255 
1.27 -0.359202 9.59614 190 190 190 255 
1.27 -0.369716 9.57733 190 190 190 255 
1.27 -0.380542 9.53578 190 190 190 255 
1.27 -0.376898 9.49298 190 190 190 255 
1.27 -0.369716 8.71067 190 190 190 255 
1.27 -0.345659 8.08891 190 190 190 255 
1.27 -0.345659 8.67509 190 190 190 255 
1.27 -0.329476 8.66086 190 190 190 255 
1.27 -0.329476 14.1991 190 190 190 255 
1.27 0.0850722 14.4099 190 190 190 255 
1.27 -0.369716 14.1493 190 190 190 255 
1.27 -0.329476 13.4371 190 190 190 255 
1.27 -0.31112 13.9836 190 190 190 255 
1.27 -0.31112 12.6864 190 190 190 255 
1.27 -0.31112 13.2216 190 190 190 255 
1.27 -0.329476 13.2329 190 190 190 255 
1.27 -0.380542 15.6102 190 190 190 255 
1.27 -0.376898 14.065 190 190 190 255 
1.27 -0.345659 13.4229 190 190 190 255 
1.27 -0.345659 14.0091 190 190 190 255 
1.27 -0.329476 11.1511 190 190 190 255 
1.27 -0.329476 7.89886 190 190 190 255 
1.27 -0.284172 7.366 190 190 190 255 
1.27 -0.329476 16.4851 190 190 190 255 
1.27 -1.22454 16.3182 190 190 190 255 
1.27 -0.380542 15.6318 190 190 190 255 
1.27 0.0850722 13.6479 190 190 190 255 
1.27 -0.380542 10.2978 190 190 190 255 
1.27 -0.380542 10.2762 190 190 190 255 
1.27 -0.329476 8.86514 190 190 190 255 
1.27 -0.345659 9.43709 190 190 190 255 
1.27 -0.369716 9.47267 190 190 190 255 
1.27 -0.359202 8.07214 190 190 190 255 
1.27 -0.376898 8.03302 190 190 190 255 
1.27 -0.345659 15.7089 190 190 190 255 
1.27 -0.369716 14.8067 190 190 190 255 
1.27 -0.359202 12.5019 190 190 190 255 
1.27 -1.43204 12.1873 190 190 190 255 
1.27 -0.380542 16.3722 190 190 190 255 
1.27 -0.376898 16.351 190 190 190 255 
1.27 0.0960856 13.7773 190 190 190 255 
1.27 -0.31112 10.9356 190 190 190 255 
1.27 -0.345659 10.3749 190 190 190 255 
1.27 -0.345659 10.9611 190 190 190 255 
1.27 -1.20088 17.018 190 190 190 255 
1.27 -0.284172 17.018 190 190 190 255 
1.27 0.0850722 16.8321 190 190 190 255 
1.27 0.0960856 16.8253 190 190 190 255 
1.27 -0.329476 15.7231 190 190 190 255 
1.27 -0.31112 16.2696 190 190 190 255 
1.27 -0.31112 15.7344 190 190 190 255 
1.27 -0.369716 15.5687 190 190 190 255 
1.27 -0.329476 15.5189 190 190 190 255 
1.27 -0.329476 14.9611 190 190 190 255 
1.27 0.0960856 11.3687 190 190 190 255 
1.27 0.0960856 11.4913 190 190 190 255 
1.27 -1.51364 10.9432 190 190 190 255 
1.27 -0.376898 10.255 190 190 190 255 
1.27 -0.369716 10.2347 190 190 190 255 
1.27 -0.345659 10.1991 190 190 190 255 
1.27 -0.329476 10.1849 190 190 190 255 
1.27 -0.31112 8.64957 190 190 190 255 
1.27 0.0850722 8.31394 190 190 190 255 
1.27 0.0960856 8.32072 190 190 190 255 
1.27 0.105795 8.43474 190 190 190 255 
1.27 0.0850722 7.55194 190 190 190 255 
1.27 -0.380542 16.3938 190 190 190 255 
1.27 0.0960856 14.5393 190 190 190 255 
1.27 -0.345659 12.4851 190 190 190 255 
1.27 -0.369716 11.1013 190 190 190 255 
1.27 -0.376898 11.081 190 190 190 255 
1.27 0.0850722 9.07594 190 190 190 255 
1.27 0.0850722 9.21206 190 190 190 255 
1.27 0.0960856 9.20528 190 190 190 255 
1.27 0.105795 9.19674 190 190 190 255 
1.27 0.0960856 15.3013 190 190 190 255 
1.27 0.124539 14.4588 190 190 190 255 
1.27 0.0850722 13.0221 190 190 190 255 
1.27 -0.329476 11.7089 190 190 190 255 
1.27 -0.31112 11.6976 190 190 190 255 
1.27 0.0960856 14.4167 190 190 190 255 
1.27 0.0850722 12.2601 190 190 190 255 
1.27 0.0850722 12.1239 190 190 190 255 
1.27 -0.31112 11.9244 190 190 190 255 
1.27 -0.329476 11.9131 190 190 190 255 
1.27 -0.31112 14.9724 190 190 190 255 
1.27 0.0850722 15.3081 190 190 190 255 
1.27 0.105795 13.7687 190 190 190 255 
1.27 0.0850722 10.5999 190 190 190 255 
1.27 0.0960856 10.6067 190 190 190 255 
1.27 0.113921 9.18669 190 190 190 255 
1.27 0.12023 9.1126 190 190 190 255 
1.27 0.113921 13.6733 190 190 190 255 
1.27 0.113921 13.7587 190 190 190 255 
1.27 0.105795 9.09126 190 190 190 255 
1.27 0.105795 7.67274 190 190 190 255 
1.27 0.126725 7.62647 190 190 190 255 
1.27 0.124539 16.7832 190 190 190 255 
1.27 0.124539 16.7448 190 190 190 255 
1.27 0.126725 16.7705 190 190 190 255 
1.27 0.126725 16.7575 190 190 190 255 
1.27 0.0850722 15.9339 190 190 190 255 
1.27 0.0960856 15.9407 190 190 190 255 
1.27 0.0960856 16.0633 190 190 190 255 
1.27 0.105795 16.0547 190 190 190 255 
1.27 0.113921 14.5207 190 190 190 255 
1.27 0.126725 14.4715 190 190 190 255 
1.27 0.124539 14.4972 190 190 190 255 
1.27 0.105795 12.9013 190 190 190 255 
1.27 0.0960856 12.8927 190 190 190 255 
1.27 0.105795 9.85326 190 190 190 255 
1.27 0.113921 9.86331 190 190 190 255 
1.27 0.126725 9.89954 190 190 190 255 
1.27 0.124539 9.88679 190 190 190 255 
1.27 0.12023 15.9706 190 190 190 255 
1.27 0.113921 10.7107 190 190 190 255 
1.27 0.124539 10.6872 190 190 190 255 
1.27 0.105795 11.4827 190 190 190 255 
1.27 0.113921 11.4727 190 190 190 255 
1.27 0.126725 11.4235 190 190 190 255 
1.27 0.12023 12.2234 190 190 190 255 
1.27 0.113921 12.1493 190 190 190 255 
1.27 0.105795 15.2927 190 190 190 255 
1.27 0.105795 15.1873 190 190 190 255 
1.27 0.0960856 15.1787 190 190 190 255 
1.27 0.124539 15.2592 190 190 190 255 
1.27 0.126725 15.2465 190 190 190 255 
1.27 0.12023 15.2714 190 190 190 255 
1.27 0.113921 15.1973 190 190 190 255 
-2.61637 -0.588051 16.9421 190 190 190 255 
-2.57244 -0.774543 6.33423 190 190 190 255 
-2.57028 -0.780888 6.32457 190 190 190 255 
-2.5218 -0.923369 6.10758 190 190 190 255 
-2.42697 -1.15106 12.8948 190 190 190 255 
-2.51043 -0.956771 6.05671 190 190 190 255 
-2.5804 -0.744158 6.38184 190 190 190 255 
-2.58136 -0.74441 16.9423 190 190 190 255 
-2.50066 -0.98199 15.4505 190 190 190 255 
-2.5683 -0.784768 16.9423 190 190 190 255 
-2.40403 -1.19547 5.71277 190 190 190 255 
-2.35448 -1.29385 11.1749 190 190 190 255 
-2.41538 -1.17624 12.5515 190 190 190 255 
-1.98356 -1.81047 6.54158 190 190 190 255 
-2.17821 -1.56941 5.2187 190 190 190 255 
-2.08538 -1.69119 5.0668 190 190 190 255 
-2.07963 -1.69806 5.05835 190 190 190 255 
-2.01369 -1.77808 6.78581 190 190 190 255 
-2.01926 -1.77209 6.83097 190 190 190 255 
-2.1154 -1.65609 7.75985 190 190 190 255 
-2.20859 -1.52709 5.27186 190 190 190 255 
-2.13268 -1.63259 7.96243 190 190 190 255 
-1.93374 -1.86405 6.1377 190 190 190 255 
-1.91429 -1.88496 5.98005 190 190 190 255 
-1.86321 -1.93457 4.76727 190 190 190 255 
-1.76845 -2.0217 5.00877 190 190 190 255 
-1.89439 -1.90266 4.80651 190 190 190 255 
-1.7901 -2.00324 5.13525 190 190 190 255 
-1.82011 -1.97465 5.33941 190 190 190 255 
-1.31432 -2.25134 4.35283 190 190 190 255 
-1.36683 -2.24348 4.38469 190 190 190 255 
-1.59801 -2.15184 4.49766 190 190 190 255 
-1.6497 -2.11567 4.55256 190 190 190 255 
-1.69532 -2.08407 4.58154 190 190 190 255 
-1.59484 -2.15367 4.5177 190 190 190 255 
-1.49622 -2.20162 4.45849 190 190 190 255 
-1.45702 -2.21578 4.43585 190 190 190 255 
-1.32121 -2.24992 4.3603 190 190 190 255 
-1.31204 -2.25121 4.35539 190 190 190 255 
-1.27255 -2.26082 4.29103 190 190 190 255 
-1.33107 -2.25236 4.33496 190 190 190 255 
-1.34804 -2.24855 4.31588 190 190 190 255 
-1.31091 -2.24884 4.247 190 190 190 255 
-1.35019 -2.22138 4.20017 190 190 190 255 
-1.41122 -2.20505 4.2389 190 190 190 255 
-1.38344 -2.17408 4.15774 190 190 190 255 
-1.37281 -2.19325 4.17177 190 190 190 255 
-1.45807 -2.09776 4.16655 190 190 190 255 
-1.41331 -2.07589 4.11318 190 190 190 255 
-1.46155 -2.07293 4.15776 190 190 190 255 
-1.4129 -2.07944 4.11404 190 190 190 255 
-1.4161 -2.05181 4.1073 190 190 190 255 
-1.41579 -2.05452 4.10796 190 190 190 255 
-1.41612 -2.02572 4.10426 190 190 190 255 
-1.46291 -2.02356 4.14624 190 190 190 255 
-1.46062 -1.99949 4.14379 190 190 190 255 
-1.56421 -1.9966 4.2437 190 190 190 255 
-1.65448 -1.95603 4.33684 190 190 190 255 
-1.73114 -1.90615 4.42183 190 190 190 255 
-1.5255 -2.17343 4.3506 190 190 190 255 
-1.39678 -2.22018 4.25756 190 190 190 255 
-1.51176 -2.18818 4.37008 190 190 190 255 
-1.49664 -2.2002 4.38991 190 190 190 255 
-1.38122 -2.23252 4.27685 190 190 190 255 
-1.36486 -2.24197 4.29641 190 190 190 255 
-1.46355 -2.21582 4.42919 190 190 190 255 
-1.48045 -2.20941 4.40973 190 190 190 255 
-1.42425 -2.18733 4.22125 190 190 190 255 
-1.6535 -2.07023 4.40059 190 190 190 255 
-1.5616 -2.09259 4.28323 190 190 190 255 
-1.55573 -2.11534 4.29787 190 190 190 255 
-1.39457 -2.14983 4.14256 190 190 190 255 
-1.39369 -2.15218 4.14381 190 190 190 255 
-1.56528 -2.06889 4.27041 190 190 190 255 
-1.66032 -2.02556 4.3696 190 190 190 255 
-1.72193 -2.05114 4.53438 190 190 190 255 
-1.72793 -2.04113 4.52186 190 190 190 255 
-1.64658 -2.09076 4.41838 190 190 190 255 
-1.73041 -2.03355 4.5142 190 190 190 255 
-1.4356 -2.16733 4.20494 190 190 190 255 
-1.44509 -2.14543 4.19025 190 190 190 255 
-1.54768 -2.13668 4.31416 190 190 190 255 
-1.74081 -1.97189 4.46061 190 190 190 255 
-1.73608 -1.92782 4.43306 190 190 190 255 
-1.46311 -2.04807 4.15101 190 190 190 255 
-1.66036 -2.0023 4.35677 190 190 190 255 
-1.7404 -1.96118 4.45326 190 190 190 255 
-1.56643 -2.02048 4.25065 190 190 190 255 
-1.56684 -2.04471 4.25954 190 190 190 255 
-1.65834 -1.979 4.34585 190 190 190 255 
-1.7374 -1.9349 4.437 190 190 190 255 
-1.73734 -2.01247 4.4929 190 190 190 255 
-1.4526 -2.12208 4.17741 190 190 190 255 
-1.65807 -2.04835 4.38425 190 190 190 255 
-1.7412 -1.9821 4.46762 190 190 190 255 
-1.61285 -2.14028 4.47735 190 190 190 255 
-1.35884 -2.2108 4.18933 190 190 190 255 
-1.53755 -2.15617 4.33185 190 190 190 255 
-1.62607 -2.1261 4.45711 190 190 190 255 
-1.63739 -2.1095 4.43733 190 190 190 255 
-1.1906 -2.02878 3.9134 190 190 190 255 
-1.07753 -2.03795 3.83056 190 190 190 255 
-1.19073 -0.889 3.91322 190 190 190 255 
-1.55665 -1.97488 4.23568 190 190 190 255 
-1.52768 -1.98638 4.20645 190 190 190 255 
-1.55999 -1.97356 4.23906 190 190 190 255 
-1.60526 -1.95407 4.28393 190 190 190 255 
-1.63282 -1.94466 4.31256 190 190 190 255 
-1.64899 -1.93458 4.33017 190 190 190 255 
-2.0285 -0.671663 4.80897 190 190 190 255 
-2.02715 -0.674228 4.80689 190 190 190 255 
-1.93981 -0.784052 4.6805 190 190 190 255 
-1.90906 -0.807484 4.63926 190 190 190 255 
-1.8028 -1.82312 4.50761 190 190 190 255 
-1.74341 -0.879533 4.4343 190 190 190 255 
-1.72944 -0.882997 4.41794 190 190 190 255 
-1.80469 -0.86434 4.50607 190 190 190 255 
-1.99321 -1.65188 4.75958 190 190 190 255 
-1.83137 -0.851537 4.53959 190 190 190 255 
-1.8851 -0.825748 4.60711 190 190 190 255 
-2.10046 -1.53752 4.928 190 190 190 255 
-2.04848 -0.633795 4.83973 190 190 190 255 
-2.06747 -0.589941 4.86969 190 190 190 255 
-2.0985 -0.490357 4.9202 190 190 190 255 
-2.28102 -1.30996 5.26981 190 190 190 255 
-2.27664 -1.31674 5.25915 190 190 190 255 
-2.4357 -1.04958 5.68891 190 190 190 255 
-2.36748 -1.17628 5.48023 190 190 190 255 
-2.28207 -1.30833 5.27237 190 190 190 255 
-2.4576 -1.0089 5.75591 190 190 190 255 
-2.43667 -0.381008 5.6885 190 190 190 255 
-2.47576 -0.966772 5.82816 190 190 190 255 
-2.53469 -0.83014 6.0625 190 190 190 255 
-2.50797 -0.380985 5.94636 190 190 190 255 
-2.64862 -0.420657 6.79593 190 190 190 255 
-2.62019 -0.542664 6.57573 190 190 190 255 
-2.60944 -0.381 6.477 190 190 190 255 
-2.60862 -0.380877 6.47142 190 190 190 255 
-2.55852 -0.38103 6.1777 190 190 190 255 
-0.762545 -0.727133 3.61576 190 190 190 255 
-0.762126 -2.06199 3.61654 190 190 190 255 
-0.735195 -0.711923 3.59751 190 190 190 255 
-0.703907 -2.06623 3.57926 190 190 190 255 
-0.421899 -2.08791 3.40392 190 190 190 255 
-0.420762 -0.552003 3.4056 190 190 190 255 
-0.184648 -2.11481 3.21556 190 190 190 255 
-0.206677 -2.11098 3.24003 190 190 190 255 
-0.151044 -0.366018 3.18242 190 190 190 255 
-0.0793619 -2.13573 3.08475 190 190 190 255 
-0.0251878 -0.254 2.98835 190 190 190 255 
0.0144896 -0.254 2.87157 190 190 190 255 
-0.0270372 -2.15194 2.9875 190 190 190 255 
0.0262726 -2.18148 2.81065 190 190 190 255 
0.0349591 -0.254 2.74477 190 190 190 255 
0.038096 -2.20476 2.66697 190 190 190 255 
0.0377083 -2.20044 2.69426 190 190 190 255 
0.0358154 -2.1973 2.71352 190 190 190 255 
0.0327699 -2.19225 2.74452 190 190 190 255 
0.729495 -2.286 2.9194 190 190 190 255 
0.788076 -2.286 2.91427 190 190 190 255 
0.815526 -2.38427 2.95832 190 190 190 255 
0.185837 -2.413 2.05893 190 190 190 255 
0.733831 -2.41257 3.0372 190 190 190 255 
0.734085 -2.413 3.04611 190 190 190 255 
0.7112 -2.413 3.048 190 190 190 255 
0.815604 -2.413 3.03936 190 190 190 255 
0.805816 -2.41257 3.0304 190 190 190 255 
0.807338 -2.413 3.04004 190 190 190 255 
0.172513 -2.413 2.07682 190 190 190 255 
0.148448 -2.413 2.12297 190 190 190 255 
0.126302 -2.41257 2.19384 190 190 190 255 
0.0952001 -2.413 2.25881 190 190 190 255 
0.104648 -2.41257 2.26389 190 190 190 255 
0.10328 -2.41028 2.39572 190 190 190 255 
0.0982531 -2.4115 2.34053 190 190 190 255 
0.10246 -2.41105 2.34221 190 190 190 255 
0.104058 -2.41009 2.40428 190 190 190 255 
0.110334 -2.40834 2.42133 190 190 190 255 
0.105599 -2.40972 2.42119 190 190 190 255 
0.107539 -2.40925 2.44249 190 190 190 255 
0.116361 -2.40834 2.4983 190 190 190 255 
0.11425 -2.40895 2.49861 190 190 190 255 
0.127308 -2.41038 2.57276 190 190 190 255 
0.143501 -2.41222 2.66354 190 190 190 255 
0.145827 -2.41105 2.64949 190 190 190 255 
0.141542 -2.412 2.65256 190 190 190 255 
0.153077 -2.413 2.71586 190 190 190 255 
0.1687 -2.41257 2.72257 190 190 190 255 
0.211268 -2.41257 2.78744 190 190 190 255 
0.255114 -2.413 2.85198 190 190 190 255 
0.210137 -2.413 2.80299 190 190 190 255 
0.317405 -2.41257 2.89783 190 190 190 255 
0.379072 -2.41257 2.94199 190 190 190 255 
0.513855 -2.413 3.01467 190 190 190 255 
0.445118 -2.41257 2.9781 190 190 190 255 
0.813686 -2.3756 2.9487 190 190 190 255 
0.81426 -2.37896 2.9517 190 190 190 255 
0.815616 -2.38464 2.95879 190 190 190 255 
0.823963 -2.40794 3.00242 190 190 190 255 
0.824377 -2.40872 3.00458 190 190 190 255 
0.819718 -2.39885 2.98023 190 190 190 255 
0.820762 -2.4019 2.98569 190 190 190 255 
0.806947 -2.30579 2.91348 190 190 190 255 
0.807816 -2.32513 2.91802 190 190 190 255 
0.806823 -2.29743 2.91283 190 190 190 255 
0.611333 -2.286 2.91016 190 190 190 255 
0.610995 -2.29746 2.91155 190 190 190 255 
0.67048 -2.286 2.91744 190 190 190 255 
0.7112 -2.286 2.921 190 190 190 255 
0.729625 -2.29746 2.92118 190 190 190 255 
0.537454 -2.286 2.89036 190 190 190 255 
0.552678 -2.29746 2.89618 190 190 190 255 
0.494573 -2.29746 2.87307 190 190 190 255 
0.495609 -2.286 2.87085 190 190 190 255 
0.44182 -2.286 2.84217 190 190 190 255 
0.220687 -2.41105 2.78039 190 190 190 255 
0.261144 -2.41257 2.84611 190 190 190 255 
0.324824 -2.41105 2.8887 190 190 190 255 
0.38533 -2.41105 2.93202 190 190 190 255 
0.516488 -2.41257 3.00649 190 190 190 255 
0.590437 -2.41105 3.01383 190 190 190 255 
0.588118 -2.41257 3.02536 190 190 190 255 
0.660927 -2.41257 3.03558 190 190 190 255 
0.733405 -2.41105 3.02544 190 190 190 255 
0.826369 -2.41066 3.015 190 190 190 255 
0.304187 -2.29746 2.71785 190 190 190 255 
0.322049 -2.286 2.73954 190 190 190 255 
0.344793 -2.29746 2.76561 190 190 190 255 
0.346467 -2.286 2.76395 190 190 190 255 
0.384664 -2.286 2.80215 190 190 190 255 
0.391292 -2.286 2.80679 190 190 190 255 
0.127732 -2.41043 2.57513 190 190 190 255 
0.189273 -2.40834 2.71083 190 190 190 255 
0.178921 -2.41105 2.71674 190 190 190 255 
0.332338 -2.40834 2.87945 190 190 190 255 
0.269623 -2.41105 2.83795 190 190 190 255 
0.455208 -2.40834 2.95667 190 190 190 255 
0.450131 -2.41105 2.96745 190 190 190 255 
0.520157 -2.41105 2.9953 190 190 190 255 
0.662833 -2.40834 3.01197 190 190 190 255 
0.661874 -2.41105 3.02385 190 190 190 255 
0.732973 -2.40834 3.01353 190 190 190 255 
0.802228 -2.40834 3.00699 190 190 190 255 
0.804033 -2.41105 3.01877 190 190 190 255 
0.82619 -2.41049 3.01406 190 190 190 255 
0.24207 -2.29746 2.60923 190 190 190 255 
0.2032 -2.286 2.413 190 190 190 255 
0.202731 -2.29746 2.42005 190 190 190 255 
0.203812 -2.286 2.41999 190 190 190 255 
0.207831 -2.29746 2.48518 190 190 190 255 
0.2095 -2.286 2.48501 190 190 190 255 
0.210918 -2.286 2.50121 190 190 190 255 
0.20832 -2.286 2.35447 190 190 190 255 
0.206086 -2.29746 2.35426 190 190 190 255 
0.217384 -2.29746 2.29161 190 190 190 255 
0.210918 -2.286 2.32479 190 190 190 255 
0.233836 -2.286 2.23925 190 190 190 255 
0.259185 -2.29746 2.18003 190 190 190 255 
0.79695 -2.39267 2.97255 190 190 190 255 
0.798656 -2.39916 2.98368 190 190 190 255 
0.732119 -2.39916 2.98997 190 190 190 255 
0.531222 -2.39916 2.96158 190 190 190 255 
0.470052 -2.39267 2.92515 190 190 190 255 
0.295199 -2.39916 2.81334 190 190 190 255 
0.249097 -2.39916 2.75911 190 190 190 255 
0.219537 -2.39267 2.69356 190 190 190 255 
0.188968 -2.39267 2.63145 190 190 190 255 
0.154746 -2.39916 2.56691 190 190 190 255 
0.165606 -2.39267 2.56391 190 190 190 255 
0.133908 -2.39916 2.42101 190 190 190 255 
0.14891 -2.39267 2.34761 190 190 190 255 
0.137717 -2.39916 2.34631 190 190 190 255 
0.161487 -2.39267 2.27787 190 190 190 255 
0.198004 -2.39916 2.1485 190 190 190 255 
0.208019 -2.39267 2.15366 190 190 190 255 
0.732542 -2.40439 3.00164 190 190 190 255 
0.663791 -2.40439 3.00012 190 190 190 255 
0.592786 -2.40834 3.00214 190 190 190 255 
0.523872 -2.40834 2.98398 190 190 190 255 
0.391667 -2.40834 2.92193 190 190 190 255 
0.397992 -2.40439 2.91185 190 190 190 255 
0.27821 -2.40834 2.82969 190 190 190 255 
0.286781 -2.40439 2.82144 190 190 190 255 
0.230226 -2.40834 2.77324 190 190 190 255 
0.199604 -2.40439 2.70493 190 190 190 255 
0.156822 -2.40834 2.64489 190 190 190 255 
0.167796 -2.40439 2.6403 190 190 190 255 
0.132023 -2.40834 2.5732 190 190 190 255 
0.128136 -2.40439 2.49661 190 190 190 255 
0.122228 -2.40439 2.42117 190 190 190 255 
0.127649 -2.40834 2.26955 190 190 190 255 
0.148482 -2.40834 2.20215 190 190 190 255 
0.159621 -2.40439 2.20632 190 190 190 255 
0.177046 -2.40834 2.1377 190 190 190 255 
0.18762 -2.40439 2.14315 190 190 190 255 
0.114298 -2.40834 2.34359 190 190 190 255 
0.116076 -2.41105 2.2667 190 190 190 255 
0.137322 -2.41105 2.19797 190 190 190 255 
0.166453 -2.41105 2.13224 190 190 190 255 
0.203036 -2.41105 2.07044 190 190 190 255 
0.212919 -2.40834 2.07711 190 190 190 255 
0.261037 -2.286 2.18092 190 190 190 255 
0.271259 -2.286 2.159 190 190 190 255 
0.729932 -2.33296 2.92966 190 190 190 255 
0.669159 -2.3446 2.93363 190 190 190 255 
0.669588 -2.33296 2.92832 190 190 190 255 
0.608274 -2.3446 2.92508 190 190 190 255 
0.609323 -2.33296 2.91986 190 190 190 255 
0.548374 -2.3446 2.9093 190 190 190 255 
0.381892 -2.3446 2.81844 190 190 190 255 
0.33868 -2.33296 2.7715 190 190 190 255 
0.334844 -2.3446 2.77519 190 190 190 255 
0.293135 -2.3446 2.72612 190 190 190 255 
0.257539 -2.3446 2.67187 190 190 190 255 
0.188925 -2.3446 2.42024 190 190 190 255 
0.209146 -2.33296 2.28958 190 190 190 255 
0.222084 -2.3446 2.22973 190 190 190 255 
0.227069 -2.33296 2.2316 190 190 190 255 
0.246912 -2.3446 2.17371 190 190 190 255 
0.666495 -2.38498 2.96662 190 190 190 255 
0.603693 -2.37618 2.94787 190 190 190 255 
0.541127 -2.37618 2.93139 190 190 190 255 
0.538056 -2.38498 2.94075 190 190 190 255 
0.47459 -2.38498 2.91551 190 190 190 255 
0.4211 -2.37618 2.87505 190 190 190 255 
0.361024 -2.38498 2.84413 190 190 190 255 
0.228791 -2.38498 2.68828 190 190 190 255 
0.198797 -2.38498 2.62734 190 190 190 255 
0.185372 -2.37618 2.55844 190 190 190 255 
0.175875 -2.38498 2.56107 190 190 190 255 
0.1614 -2.38498 2.49184 190 190 190 255 
0.155829 -2.38498 2.4207 190 190 190 255 
0.16568 -2.37618 2.42057 190 190 190 255 
0.16928 -2.37618 2.34998 190 190 190 255 
0.21749 -2.38498 2.15855 190 190 190 255 
0.200315 -2.37618 2.22157 190 190 190 255 
0.226248 -2.37618 2.16306 190 190 190 255 
0.258816 -2.37618 2.10804 190 190 190 255 
0.30006 -2.37811 2.05041 190 190 190 255 
0.282575 -2.39599 2.03499 190 190 190 255 
0.795336 -2.38498 2.96202 190 190 190 255 
0.73171 -2.39267 2.97871 190 190 190 255 
0.731324 -2.38498 2.96806 190 190 190 255 
0.665638 -2.39267 2.97724 190 190 190 255 
0.599652 -2.39267 2.96798 190 190 190 255 
0.534734 -2.39267 2.95087 190 190 190 255 
0.601752 -2.38498 2.95753 190 190 190 255 
0.410195 -2.39267 2.89242 190 190 190 255 
0.415861 -2.38498 2.8834 190 190 190 255 
0.354307 -2.39267 2.8524 190 190 190 255 
0.303318 -2.39267 2.80553 190 190 190 255 
0.258115 -2.39267 2.75235 190 190 190 255 
0.310995 -2.38498 2.79814 190 190 190 255 
0.266643 -2.38498 2.74597 190 190 190 255 
0.150853 -2.39267 2.49336 190 190 190 255 
0.145175 -2.39267 2.42085 190 190 190 255 
0.159493 -2.38498 2.34885 190 190 190 255 
0.171833 -2.38498 2.28041 190 190 190 255 
0.181112 -2.39267 2.21437 190 190 190 255 
0.191089 -2.38498 2.21811 190 190 190 255 
0.241811 -2.39267 2.09658 190 190 190 255 
0.250646 -2.38498 2.10254 190 190 190 255 
0.296176 -2.38329 2.04698 190 190 190 255 
0.23495 -2.413 1.99299 190 190 190 255 
0.193278 -2.41257 2.06387 190 190 190 255 
0.242711 -2.41209 1.99983 190 190 190 255 
0.097314 -2.41172 2.33022 190 190 190 255 
0.0945782 -2.413 2.26142 190 190 190 255 
0.155992 -2.41257 2.12685 190 190 190 255 
0.246086 -2.4117 2.00281 190 190 190 255 
0.25149 -2.41107 2.00757 190 190 190 255 
0.260414 -2.40788 2.01544 190 190 190 255 
0.267527 -2.40534 2.02172 190 190 190 255 
0.800426 -2.40439 2.99523 190 190 190 255 
0.664731 -2.39916 2.98847 190 190 190 255 
0.597432 -2.39916 2.97903 190 190 190 255 
0.59513 -2.40439 2.99048 190 190 190 255 
0.52758 -2.40439 2.97268 190 190 190 255 
0.465252 -2.39916 2.93534 190 190 190 255 
0.460275 -2.40439 2.94591 190 190 190 255 
0.404204 -2.39916 2.90196 190 190 190 255 
0.339838 -2.40439 2.87021 190 190 190 255 
0.347203 -2.39916 2.86115 190 190 190 255 
0.239747 -2.40439 2.76611 190 190 190 255 
0.20975 -2.39916 2.69914 190 190 190 255 
0.178573 -2.39916 2.6358 190 190 190 255 
0.143487 -2.40439 2.57003 190 190 190 255 
0.139699 -2.39916 2.49496 190 190 190 255 
0.126114 -2.40439 2.34496 190 190 190 255 
0.139201 -2.40439 2.27239 190 190 190 255 
0.150544 -2.39916 2.27518 190 190 190 255 
0.17056 -2.39916 2.21042 190 190 190 255 
0.232468 -2.39916 2.09028 190 190 190 255 
0.222782 -2.40439 2.08375 190 190 190 255 
0.322049 -2.286 2.08646 190 190 190 255 
0.289541 -2.29746 2.12876 190 190 190 255 
0.788476 -2.30921 2.91725 190 190 190 255 
0.67014 -2.30921 2.92148 190 190 190 255 
0.610122 -2.3211 2.91589 190 190 190 255 
0.610675 -2.30921 2.91314 190 190 190 255 
0.493882 -2.30921 2.87454 190 190 190 255 
0.438447 -2.3211 2.84742 190 190 190 255 
0.30289 -2.30921 2.71882 190 190 190 255 
0.268123 -2.30921 2.66583 190 190 190 255 
0.265684 -2.3211 2.66722 190 190 190 255 
0.240575 -2.30921 2.60986 190 190 190 255 
0.219522 -2.30921 2.549 190 190 190 255 
0.204475 -2.30921 2.35408 190 190 190 255 
0.230866 -2.3211 2.23302 190 190 190 255 
0.21581 -2.30921 2.29122 190 190 190 255 
0.288197 -2.30921 2.12785 190 190 190 255 
0.285868 -2.3211 2.12628 190 190 190 255 
0.328753 -2.30805 2.07571 190 190 190 255 
0.729684 -2.30921 2.9228 190 190 190 255 
0.78823 -2.29746 2.91565 190 190 190 255 
0.670271 -2.29746 2.91987 190 190 190 255 
0.552173 -2.30921 2.89772 190 190 190 255 
0.440803 -2.29746 2.84367 190 190 190 255 
0.439941 -2.30921 2.84504 190 190 190 255 
0.389575 -2.30921 2.80898 190 190 190 255 
0.390597 -2.29746 2.80772 190 190 190 255 
0.343625 -2.30921 2.76674 190 190 190 255 
0.269531 -2.29746 2.66503 190 190 190 255 
0.221084 -2.29746 2.54856 190 190 190 255 
0.206227 -2.30921 2.48541 190 190 190 255 
0.20111 -2.30921 2.42007 190 190 190 255 
0.233495 -2.30921 2.234 190 190 190 255 
0.235013 -2.29746 2.23457 190 190 190 255 
0.257744 -2.30921 2.17929 190 190 190 255 
0.215921 -2.35581 2.22742 190 190 190 255 
0.190029 -2.3664 2.28488 190 190 190 255 
0.182345 -2.35581 2.42033 190 190 190 255 
0.18765 -2.35581 2.48808 190 190 190 255 
0.174564 -2.3664 2.42044 190 190 190 255 
0.201434 -2.35581 2.554 190 190 190 255 
0.223261 -2.35581 2.6171 190 190 190 255 
0.216083 -2.3664 2.6201 190 190 190 255 
0.251823 -2.35581 2.67513 190 190 190 255 
0.28164 -2.3664 2.73473 190 190 190 255 
0.324496 -2.3664 2.78515 190 190 190 255 
0.543897 -2.3664 2.92294 190 190 190 255 
0.606977 -2.35581 2.93154 190 190 190 255 
0.668003 -2.3664 2.94795 190 190 190 255 
0.730645 -2.3664 2.94933 190 190 190 255 
0.730363 -2.35581 2.94156 190 190 190 255 
0.317439 -2.3495 2.06573 190 190 190 255 
0.272635 -2.35581 2.11736 190 190 190 255 
0.278092 -2.3446 2.12104 190 190 190 255 
0.241062 -2.35581 2.17069 190 190 190 255 
0.197585 -2.35581 2.28674 190 190 190 255 
0.203975 -2.3446 2.28831 190 190 190 255 
0.192371 -2.3446 2.35267 190 190 190 255 
0.185834 -2.35581 2.35191 190 190 190 255 
0.194164 -2.3446 2.48714 190 190 190 255 
0.207777 -2.3446 2.55224 190 190 190 255 
0.229332 -2.3446 2.61456 190 190 190 255 
0.287868 -2.35581 2.73007 190 190 190 255 
0.330102 -2.35581 2.77975 190 190 190 255 
0.377743 -2.35581 2.82355 190 190 190 255 
0.433461 -2.3446 2.85536 190 190 190 255 
0.488691 -2.3446 2.88556 190 190 190 255 
0.429961 -2.35581 2.86094 190 190 190 255 
0.485887 -2.35581 2.89151 190 190 190 255 
0.546322 -2.35581 2.91555 190 190 190 255 
0.66863 -2.35581 2.94019 190 190 190 255 
0.730125 -2.3446 2.93498 190 190 190 255 
0.319208 -2.34444 2.0673 190 190 190 255 
0.282507 -2.33296 2.12402 190 190 190 255 
0.324951 -2.32697 2.07236 190 190 190 255 
0.789515 -2.33296 2.92404 190 190 190 255 
0.788901 -2.3211 2.92003 190 190 190 255 
0.729785 -2.3211 2.92561 190 190 190 255 
0.669914 -2.3211 2.92428 190 190 190 255 
0.550034 -2.33296 2.90424 190 190 190 255 
0.490959 -2.33296 2.88074 190 190 190 255 
0.551297 -2.3211 2.90039 190 190 190 255 
0.492686 -2.3211 2.87708 190 190 190 255 
0.436292 -2.33296 2.85085 190 190 190 255 
0.387805 -2.3211 2.81116 190 190 190 255 
0.385249 -2.33296 2.81431 190 190 190 255 
0.341601 -2.3211 2.76869 190 190 190 255 
0.300642 -2.3211 2.7205 190 190 190 255 
0.297397 -2.33296 2.72293 190 190 190 255 
0.262163 -2.33296 2.66923 190 190 190 255 
0.234244 -2.33296 2.61251 190 190 190 255 
0.237984 -2.3211 2.61094 190 190 190 255 
0.212908 -2.33296 2.55082 190 190 190 255 
0.216816 -2.3211 2.54974 190 190 190 255 
0.199434 -2.33296 2.48639 190 190 190 255 
0.203447 -2.3211 2.48581 190 190 190 255 
0.194248 -2.33296 2.42017 190 190 190 255 
0.198302 -2.3211 2.42011 190 190 190 255 
0.197659 -2.33296 2.35328 190 190 190 255 
0.201686 -2.3211 2.35375 190 190 190 255 
0.213083 -2.3211 2.29055 190 190 190 255 
0.255248 -2.3211 2.178 190 190 190 255 
0.251644 -2.33296 2.17615 190 190 190 255 
0.808423 -2.33279 2.92119 190 190 190 255 
0.809413 -2.34527 2.92637 190 190 190 255 
0.810617 -2.35525 2.93266 190 190 190 255 
0.790322 -2.3446 2.9293 190 190 190 255 
0.791318 -2.35581 2.9358 190 190 190 255 
0.792497 -2.3664 2.94349 190 190 190 255 
0.810655 -2.35556 2.93286 190 190 190 255 
0.793843 -2.37618 2.95228 190 190 190 255 
0.730967 -2.37618 2.95821 190 190 190 255 
0.667288 -2.37618 2.9568 190 190 190 255 
0.605444 -2.3664 2.93916 190 190 190 255 
0.482573 -2.3664 2.89855 190 190 190 255 
0.478788 -2.37618 2.90659 190 190 190 255 
0.425824 -2.3664 2.86753 190 190 190 255 
0.367236 -2.37618 2.83648 190 190 190 255 
0.372837 -2.3664 2.82959 190 190 190 255 
0.318094 -2.37618 2.79131 190 190 190 255 
0.274529 -2.37618 2.74006 190 190 190 255 
0.237348 -2.37618 2.68339 190 190 190 255 
0.245065 -2.3664 2.67899 190 190 190 255 
0.207886 -2.37618 2.62353 190 190 190 255 
0.171153 -2.37618 2.49045 190 190 190 255 
0.193935 -2.3664 2.55607 190 190 190 255 
0.179947 -2.3664 2.48918 190 190 190 255 
0.178105 -2.3664 2.35101 190 190 190 255 
0.181401 -2.37618 2.28276 190 190 190 255 
0.208635 -2.3664 2.22469 190 190 190 255 
0.234145 -2.3664 2.16713 190 190 190 255 
0.266183 -2.3664 2.11301 190 190 190 255 
0.307916 -2.36763 2.05734 190 190 190 255 
0.807625 -2.32088 2.91702 190 190 190 255 
0.869771 -2.32095 2.90077 190 190 190 255 
0.900375 -2.41088 2.99491 190 190 190 255 
0.819593 -2.39848 2.97958 190 190 190 255 
1.14113 -2.4081 2.8316 190 190 190 255 
1.23328 -2.34433 2.42362 190 190 190 255 
1.23979 -2.3555 2.42376 190 190 190 255 
1.21609 -2.30911 2.48584 190 190 190 255 
1.13806 -2.286 2.14031 190 190 190 255 
1.18541 -2.41088 2.02464 190 190 190 255 
1.22405 -2.39146 2.17825 190 190 190 255 
1.18379 -2.40532 2.7689 190 190 190 255 
1.18162 -2.40408 2.76619 190 190 190 255 
1.13267 -2.40408 2.82336 190 190 190 255 
1.17236 -2.39881 2.75924 190 190 190 255 
1.1936 -2.3846 2.68734 190 190 190 255 
1.22004 -2.39333 2.66339 190 190 190 255 
1.25 -2.37803 2.49084 190 190 190 255 
1.24873 -2.37617 2.49063 190 190 190 255 
1.24246 -2.38198 2.55857 190 190 190 255 
1.25424 -2.3758 2.41704 190 190 190 255 
1.25207 -2.37695 2.33574 190 190 190 255 
1.25265 -2.37664 2.35764 190 190 190 255 
1.21086 -2.3846 2.17151 190 190 190 255 
1.19713 -2.39881 2.10249 190 190 190 255 
1.20418 -2.40145 2.1005 190 190 190 255 
1.19441 -2.40637 2.06226 190 190 190 255 
1.18465 -2.41088 2.02537 190 190 190 255 
1.18599 -2.4106 2.02933 190 190 190 255 
1.16133 -2.40774 2.01603 190 190 190 255 
1.16581 -2.40968 2.01208 190 190 190 255 
1.16935 -2.41041 2.00733 190 190 190 255 
1.1831 -2.41202 2.00574 190 190 190 255 
1.17672 -2.41194 1.99747 190 190 190 255 
1.14609 -2.39997 2.02946 190 190 190 255 
1.15063 -2.40313 2.02546 190 190 190 255 
1.16636 -2.40408 2.04035 190 190 190 255 
1.12644 -2.38314 2.04679 190 190 190 255 
1.1406 -2.3846 2.06144 190 190 190 255 
1.12028 -2.3555 2.07807 190 190 190 255 
1.104 -2.34723 2.06658 190 190 190 255 
1.11524 -2.34433 2.0822 190 190 190 255 
1.09751 -2.3278 2.07231 190 190 190 255 
1.09617 -2.32085 2.07349 190 190 190 255 
1.09542 -2.31696 2.07415 190 190 190 255 
1.10386 -2.286 2.09147 190 190 190 255 
1.09314 -2.30085 2.07616 190 190 190 255 
1.0922 -2.286 2.07699 190 190 190 255 
1.1574 -2.39881 2.04769 190 190 190 255 
1.17549 -2.4081 2.03287 190 190 190 255 
1.11117 -2.33275 2.08554 190 190 190 255 
1.14678 -2.33275 2.13466 190 190 190 255 
1.10806 -2.32095 2.08808 190 190 190 255 
1.10591 -2.30911 2.08984 190 190 190 255 
1.10466 -2.29741 2.09086 190 190 190 255 
1.22036 -2.3923 2.16692 190 190 190 255 
1.18772 -2.3923 2.1085 190 190 190 255 
1.14876 -2.3923 2.05476 190 190 190 255 
1.14386 -2.39842 2.03143 190 190 190 255 
1.1632 -2.36605 2.12417 190 190 190 255 
1.19415 -2.36605 2.17958 190 190 190 255 
1.15671 -2.3555 2.12832 190 190 190 255 
1.15122 -2.34433 2.13183 190 190 190 255 
1.17661 -2.33275 2.18806 190 190 190 255 
1.1434 -2.32095 2.13683 190 190 190 255 
1.14105 -2.30911 2.13832 190 190 190 255 
1.17049 -2.30911 2.19102 190 190 190 255 
1.1397 -2.29741 2.13919 190 190 190 255 
1.16687 -2.286 2.19274 190 190 190 255 
1.13305 -2.3758 2.06762 190 190 190 255 
1.17883 -2.3846 2.11418 190 190 190 255 
1.23506 -2.3848 2.2329 190 190 190 255 
1.22685 -2.3758 2.23596 190 190 190 255 
1.18722 -2.3555 2.18293 190 190 190 255 
1.18136 -2.34433 2.18577 190 190 190 255 
1.20509 -2.34433 2.24343 190 190 190 255 
1.173 -2.32095 2.18981 190 190 190 255 
1.19368 -2.30911 2.24735 190 190 190 255 
1.16904 -2.29741 2.19172 190 190 190 255 
1.19216 -2.29741 2.24787 190 190 190 255 
1.18856 -2.286 2.23925 190 190 190 255 
1.21853 -2.36605 2.23882 190 190 190 255 
1.21125 -2.3555 2.24132 190 190 190 255 
1.22684 -2.3555 2.29622 190 190 190 255 
1.2001 -2.33275 2.24514 190 190 190 255 
1.19631 -2.32095 2.24645 190 190 190 255 
1.21143 -2.32095 2.29971 190 190 190 255 
1.20872 -2.30911 2.30032 190 190 190 255 
1.20715 -2.29741 2.30068 190 190 190 255 
1.23717 -2.3555 2.35935 190 190 190 255 
1.22049 -2.34433 2.29766 190 190 190 255 
1.21535 -2.33275 2.29882 190 190 190 255 
1.21869 -2.30911 2.36124 190 190 190 255 
1.21148 -2.286 2.32479 190 190 190 255 
1.2183 -2.286 2.42326 190 190 190 255 
1.22801 -2.33275 2.42352 190 190 190 255 
1.23761 -2.3845 2.58635 190 190 190 255 
1.22422 -2.3846 2.62462 190 190 190 255 
1.22639 -2.39026 2.63861 190 190 190 255 
1.11786 -2.29741 2.71831 190 190 190 255 
1.15114 -2.286 2.667 190 190 190 255 
1.18129 -2.29741 2.60691 190 190 190 255 
1.18856 -2.286 2.58675 190 190 190 255 
1.20168 -2.29741 2.54723 190 190 190 255 
1.2145 -2.29741 2.48561 190 190 190 255 
1.10035 -2.286 2.73954 190 190 190 255 
0.975841 -2.286 2.84549 190 190 190 255 
1.0269 -2.29741 2.81165 190 190 190 255 
1.22121 -2.30911 2.42338 190 190 190 255 
1.21885 -2.32095 2.48623 190 190 190 255 
1.20591 -2.32095 2.54839 190 190 190 255 
1.20323 -2.30911 2.54766 190 190 190 255 
1.18535 -2.32095 2.60858 190 190 190 255 
1.15705 -2.32095 2.66656 190 190 190 255 
1.12137 -2.32095 2.72095 190 190 190 255 
1.07669 -2.30911 2.76886 190 190 190 255 
1.0279 -2.30911 2.81291 190 190 190 255 
0.882772 -2.3846 2.94076 190 190 190 255 
0.889486 -2.39881 2.96142 190 190 190 255 
0.886034 -2.3923 2.9508 190 190 190 255 
0.947833 -2.3923 2.92661 190 190 190 255 
0.817356 -2.39193 2.96788 190 190 190 255 
0.943417 -2.3846 2.91703 190 190 190 255 
0.821903 -2.40405 2.99165 190 190 190 255 
0.896716 -2.4081 2.98366 190 190 190 255 
0.957351 -2.40408 2.94728 190 190 190 255 
0.952505 -2.39881 2.93676 190 190 190 255 
1.10882 -2.3846 2.80013 190 190 190 255 
0.8281 -2.41235 3.02405 190 190 190 255 
1.02445 -2.4081 2.9248 190 190 190 255 
1.0764 -2.40408 2.87416 190 190 190 255 
1.06921 -2.39881 2.86508 190 190 190 255 
1.16343 -2.3923 2.75253 190 190 190 255 
1.15499 -2.3846 2.7462 190 190 190 255 
1.18512 -2.3758 2.68252 190 190 190 255 
0.96229 -2.4081 2.958 190 190 190 255 
1.01829 -2.40408 2.91473 190 190 190 255 
1.01224 -2.39881 2.90485 190 190 190 255 
1.06228 -2.3923 2.85633 190 190 190 255 
1.11638 -2.3923 2.8075 190 190 190 255 
0.893067 -2.40408 2.97243 190 190 190 255 
1.00642 -2.3923 2.89533 190 190 190 255 
1.00091 -2.3846 2.88633 190 190 190 255 
1.05573 -2.3846 2.84805 190 190 190 255 
0.976664 -2.29741 2.84672 190 190 190 255 
0.923985 -2.29741 2.87485 190 190 190 255 
0.868414 -2.29741 2.8966 190 190 190 255 
0.867962 -2.286 2.89505 190 190 190 255 
0.868911 -2.30911 2.89813 190 190 190 255 
1.18278 -2.30911 2.60752 190 190 190 255 
1.15323 -2.29741 2.66439 190 190 190 255 
1.15463 -2.30911 2.66518 190 190 190 255 
1.11914 -2.30911 2.71928 190 190 190 255 
1.07554 -2.29741 2.76774 190 190 190 255 
0.977503 -2.30911 2.84809 190 190 190 255 
0.924658 -2.30911 2.87631 190 190 190 255 
0.806823 -2.29738 2.91283 190 190 190 255 
1.22282 -2.33275 2.48681 190 190 190 255 
1.21487 -2.34433 2.55084 190 190 190 255 
1.19393 -2.34433 2.61213 190 190 190 255 
1.16512 -2.34433 2.67114 190 190 190 255 
1.16054 -2.33275 2.66854 190 190 190 255 
1.12458 -2.33275 2.72336 190 190 190 255 
1.08156 -2.33275 2.7736 190 190 190 255 
1.03539 -2.34433 2.82237 190 190 190 255 
1.03212 -2.33275 2.81824 190 190 190 255 
0.871012 -2.33275 2.90459 190 190 190 255 
1.20707 -2.36605 2.61755 190 190 190 255 
1.19995 -2.3555 2.61461 190 190 190 255 
1.17078 -2.3555 2.67437 190 190 190 255 
1.09553 -2.36605 2.7872 190 190 190 255 
1.09001 -2.3555 2.78182 190 190 190 255 
1.04421 -2.36605 2.83351 190 190 190 255 
0.991224 -2.36605 2.87051 190 190 190 255 
0.987203 -2.3555 2.86394 190 190 190 255 
0.935655 -2.36605 2.90018 190 190 190 255 
0.932433 -2.3555 2.89319 190 190 190 255 
0.874656 -2.3555 2.9158 190 190 190 255 
1.22804 -2.34433 2.48756 190 190 190 255 
1.23448 -2.3555 2.48849 190 190 190 255 
1.22115 -2.3555 2.55256 190 190 190 255 
1.134 -2.3555 2.73044 190 190 190 255 
1.12879 -2.34433 2.72653 190 190 190 255 
1.08534 -2.34433 2.77728 190 190 190 255 
1.03943 -2.3555 2.82747 190 190 190 255 
0.983803 -2.34433 2.85839 190 190 190 255 
0.929707 -2.34433 2.88727 190 190 190 255 
0.872642 -2.34433 2.90961 190 190 190 255 
1.224 -2.32095 2.42343 190 190 190 255 
1.20978 -2.33275 2.54945 190 190 190 255 
1.18906 -2.33275 2.61012 190 190 190 255 
1.07869 -2.32095 2.7708 190 190 190 255 
1.02962 -2.32095 2.81509 190 190 190 255 
0.981051 -2.33275 2.85389 190 190 190 255 
0.978955 -2.32095 2.85047 190 190 190 255 
0.927502 -2.33275 2.88249 190 190 190 255 
0.925822 -2.32095 2.87884 190 190 190 255 
0.808407 -2.33258 2.92111 190 190 190 255 
1.21961 -2.29741 2.42335 190 190 190 255 
1.21709 -2.29741 2.3614 190 190 190 255 
1.22145 -2.32095 2.36095 190 190 190 255 
1.22545 -2.33275 2.36055 190 190 190 255 
1.23069 -2.34433 2.36001 190 190 190 255 
1.24483 -2.36605 2.35857 190 190 190 255 
1.24749 -2.36605 2.42391 190 190 190 255 
1.23435 -2.36605 2.29452 190 190 190 255 
1.24293 -2.3758 2.29257 190 190 190 255 
1.20207 -2.3758 2.17576 190 190 190 255 
1.17061 -2.3758 2.11944 190 190 190 255 
1.12624 -2.36605 2.07319 190 190 190 255 
1.11839 -2.37281 2.0539 190 190 190 255 
1.14961 -2.41088 2.83985 190 190 190 255 
1.09834 -2.41249 2.90186 190 190 190 255 
1.03674 -2.41249 2.94487 190 190 190 255 
1.17578 -2.40796 2.79221 190 190 190 255 
1.09108 -2.41088 2.89269 190 190 190 255 
1.03063 -2.41088 2.93489 190 190 190 255 
0.972138 -2.41249 2.97937 190 190 190 255 
1.20277 -2.3923 2.69256 190 190 190 255 
1.12438 -2.39881 2.81528 190 190 190 255 
1.08373 -2.4081 2.88341 190 190 190 255 
0.967243 -2.41088 2.96874 190 190 190 255 
0.903992 -2.41249 3.00604 190 190 190 255 
0.931217 -2.413 3.00865 190 190 190 255 
0.828375 -2.41242 3.02548 190 190 190 255 
0.828568 -2.41247 3.02649 190 190 190 255 
1.24211 -2.36605 2.48959 190 190 190 255 
1.22858 -2.36605 2.5546 190 190 190 255 
1.23706 -2.3758 2.55692 190 190 190 255 
1.2152 -2.3758 2.6209 190 190 190 255 
1.14719 -2.3758 2.74034 190 190 190 255 
1.17747 -2.36605 2.67817 190 190 190 255 
1.14016 -2.36605 2.73506 190 190 190 255 
1.10183 -2.3758 2.79333 190 190 190 255 
1.04967 -2.3758 2.84041 190 190 190 255 
0.995815 -2.3758 2.87801 190 190 190 255 
0.939335 -2.3758 2.90817 190 190 190 255 
0.879756 -2.3758 2.93149 190 190 190 255 
0.877037 -2.36605 2.92312 190 190 190 255 
0.811605 -2.36344 2.93782 190 190 190 255 
1.2291 -2.3889 2.62671 190 190 190 255 
1.36207 -2.31567 3.08694 190 190 190 255 
1.24133 -2.38258 2.56871 190 190 190 255 
1.42099 -2.27874 3.31871 190 190 190 255 
1.25428 -2.37578 2.45229 190 190 190 255 
1.25501 -2.3754 2.4458 190 190 190 255 
1.42024 -2.27736 1.42693e-008 190 190 190 255 
1.25443 -2.3757 2.42414 190 190 190 255 
1.24513 -2.38057 2.29187 190 190 190 255 
1.23757 -2.38452 2.244 190 190 190 255 
1.23577 -2.38545 2.23264 190 190 190 255 
1.23331 -2.38674 2.21708 190 190 190 255 
1.24041 -2.38305 1.42693e-008 190 190 190 255 
1.22766 -2.38965 2.19236 190 190 190 255 
1.22089 -2.39305 2.16589 190 190 190 255 
1.21408 -2.39648 2.13924 190 190 190 255 
1.18567 -2.41076 2.02673 190 190 190 255 
1.20315 -2.40197 2.09648 190 190 190 255 
1.20543 -2.40094 2.09905 190 190 190 255 
1.20455 -2.40138 2.09183 190 190 190 255 
1.74006 -2.04689 4.8333 190 190 190 255 
1.51617 -2.21696 3.70994 190 190 190 255 
1.44361 -2.26456 3.4077 190 190 190 255 
1.74656 -2.0412 3.25115 190 190 190 255 
1.83614 -1.95878 3.64833 190 190 190 255 
1.89944 -1.89992 3.929 190 190 190 255 
1.75674 -2.03259 3.29629 190 190 190 255 
1.96124 -1.83605 6.34263 190 190 190 255 
1.96477 -1.82958 4.21875 190 190 190 255 
1.74647 -2.0411 4.87377 190 190 190 255 
1.76783 -2.02183 5.00856 190 190 190 255 
2.03226 -1.75692 4.51809 190 190 190 255 
2.03155 -1.75628 6.96068 190 190 190 255 
2.01274 -1.77762 6.79531 190 190 190 255 
2.06883 -1.71207 4.68034 190 190 190 255 
2.17749 -1.57127 5.16239 190 190 190 255 
2.24581 -1.47441 5.46547 190 190 190 255 
2.06813 -1.71476 7.28227 190 190 190 255 
2.27147 -1.43251 5.57926 190 190 190 255 
2.32029 -1.35276 5.79579 190 190 190 255 
2.46067 -1.07668 6.41839 190 190 190 255 
2.31563 -1.36214 10.4518 190 190 190 255 
2.30138 -1.38506 10.2276 190 190 190 255 
2.43121 -1.14051 6.28774 190 190 190 255 
2.27178 -1.43271 9.76167 190 190 190 255 
2.47153 -1.05314 6.46658 190 190 190 255 
2.52762 -0.909585 6.71537 190 190 190 255 
2.58363 -0.733312 6.96373 190 190 190 255 
2.52811 -0.908982 16.9423 190 190 190 255 
2.50592 -0.968471 15.7037 190 190 190 255 
2.47761 -1.03828 14.509 190 190 190 255 
2.47258 -1.05068 14.2968 190 190 190 255 
2.59413 -0.696335 7.01031 190 190 190 255 
2.62203 -0.582117 7.13411 190 190 190 255 
2.59468 -0.69657 16.9423 190 190 190 255 
2.63039 -0.381772 17.0143 190 190 190 255 
-1.24703 -0.311121 17.2584 190 190 190 255 
-2.59369 -0.31112 17.2584 190 190 190 255 
-2.36647 0.0850722 17.4579 190 190 190 255 
-1.13184 0.0850728 17.5941 190 190 190 255 
-1.10312 -0.0206599 17.6473 190 190 190 255 
-2.50844 -0.31112 17.7936 190 190 190 255 
1.38464 -0.315918 19.3201 190 190 190 255 
1.38398 -0.31112 19.3176 190 190 190 255 
-1.38398 -0.31112 19.3176 190 190 190 255 
-1.38403 -0.329476 19.3289 190 190 190 255 
1.38487 -0.320586 19.3229 190 190 190 255 
-1.38292 -0.333884 19.3323 190 190 190 255 
-1.38047 -0.340035 19.3376 190 190 190 255 
1.38291 -0.333897 19.3323 190 190 190 255 
1.38137 -0.338081 19.3358 190 190 190 255 
-1.37716 -0.345659 19.3431 190 190 190 255 
1.37085 -0.35306 19.3515 190 190 190 255 
-1.36337 -0.359202 19.3599 190 190 190 255 
-1.35347 -0.36508 19.3694 190 190 190 255 
-1.19548 -0.375129 19.4626 190 190 190 255 
1.31548 -0.376898 19.399 190 190 190 255 
1.0948 -0.357687 19.5011 190 190 190 255 
1.14853 -0.369716 19.4833 190 190 190 255 
1.19548 -0.375129 19.4626 190 190 190 255 
-0.985758 -0.329104 19.5326 190 190 190 255 
-3.2754e-010 -0.31112 19.5444 190 190 190 255 
0.986013 -0.328389 19.5317 190 190 190 255 
-1.00554 -0.335597 19.5283 190 190 190 255 
1.04107 -0.345659 19.5189 190 190 190 255 
-1.04013 -0.34385 19.5174 190 190 190 255 
1.13184 0.0850722 17.5941 190 190 190 255 
2.50844 -0.31112 17.7936 190 190 190 255 
1.11148 -1.87755 6.75261 190 190 190 255 
0.651491 -1.93038 6.2791 190 190 190 255 
0.365976 -1.94467 6.15373 190 190 190 255 
0.0602787 -1.95085 6.09981 190 190 190 255 
-0.502056 -1.93944 6.19945 190 190 190 255 
-0.542773 -1.93698 6.22111 190 190 190 255 
-1.10747 -1.8783 6.74581 190 190 190 255 
-1.37396 -1.93572 7.3778 190 190 190 255 
-1.01248 -2.03251 6.41997 190 190 190 255 
1.3449 -1.97174 7.02813 190 190 190 255 
1.37654 -1.95512 7.1985 190 190 190 255 
1.38471 -1.95553 7.19751 190 190 190 255 
1.35118 -1.9721 7.02657 190 190 190 255 
1.23209 -2.0023 6.7201 190 190 190 255 
1.03463 -2.03045 6.4401 190 190 190 255 
1.12878 -2.01858 6.55757 190 190 190 255 
0.836267 -2.04851 6.26318 190 190 190 255 
0.712425 -2.05554 6.19007 190 190 190 255 
0.774948 -2.05328 6.21666 190 190 190 255 
0.71684 -2.05677 6.1829 190 190 190 255 
0.564152 -2.06494 6.10382 190 190 190 255 
0.236199 -2.07524 6.00485 190 190 190 255 
0.134561 -2.07693 5.98866 190 190 190 255 
0.0662184 -2.07717 5.98628 190 190 190 255 
-0.0366275 -2.07755 5.9827 190 190 190 255 
-0.103567 -2.07594 5.99502 190 190 190 255 
-0.104024 -2.07693 5.98859 190 190 190 255 
-0.271971 -2.0735 6.01827 190 190 190 255 
-0.273268 -2.07452 6.01172 190 190 190 255 
-0.374852 -2.07226 6.03339 190 190 190 255 
-0.438579 -2.06997 6.05541 190 190 190 255 
-0.436332 -2.06889 6.06218 190 190 190 255 
-0.597486 -2.06336 6.11908 190 190 190 255 
-0.690506 -2.05865 6.16461 190 190 190 255 
-1.08151 -2.02494 6.49447 190 190 190 255 
-1.12284 -2.01908 6.5523 190 190 190 255 
-1.18178 -2.01094 6.63368 190 190 190 255 
-1.2166 -2.00461 6.69719 190 190 190 255 
-1.26416 -1.99596 6.78393 190 190 190 255 
-1.29157 -1.98916 6.85288 190 190 190 255 
-1.34685 -1.97302 7.01736 190 190 190 255 
-1.34245 -1.97268 7.01852 190 190 190 255 
-1.37525 -1.95612 7.1882 190 190 190 255 
-1.29108 -1.88074 7.37256 190 190 190 255 
-1.29133 -1.88113 7.3726 190 190 190 255 
-1.27154 -1.8315 7.36788 190 190 190 255 
-1.27515 -1.84653 7.36931 190 190 190 255 
-1.27479 -1.84928 7.34555 190 190 190 255 
-1.27617 -1.85075 7.36971 190 190 190 255 
-1.27931 -1.85817 7.37042 190 190 190 255 
-1.27888 -1.8611 7.3466 190 190 190 255 
-1.28423 -1.87269 7.3476 190 190 190 255 
-1.28466 -1.87079 7.37162 190 190 190 255 
-1.36426 -1.93395 7.37763 190 190 190 255 
-1.36296 -1.93609 7.35218 190 190 190 255 
-1.38407 -1.93757 7.37797 190 190 190 255 
-1.38661 -1.94029 7.35214 190 190 190 255 
-1.3961 -1.94071 7.35201 190 190 190 255 
-1.38664 -1.9377 7.37799 190 190 190 255 
-1.33885 -1.92378 7.37666 190 190 190 255 
-1.33959 -1.92418 7.3767 190 190 190 255 
-1.34503 -1.92716 7.37698 190 190 190 255 
-1.32691 -1.91724 7.37604 190 190 190 255 
-1.35121 -1.92935 7.37719 190 190 190 255 
-1.36211 -1.93319 7.37756 190 190 190 255 
-1.26049 -1.85326 7.19413 190 190 190 255 
-1.24201 -1.90508 7.03884 190 190 190 255 
-1.24866 -1.91624 7.03815 190 190 190 255 
-1.25644 -1.92679 7.0371 190 190 190 255 
-1.28759 -1.91023 7.19588 190 190 190 255 
-1.26527 -1.93652 7.03568 190 190 190 255 
-1.04985 -1.97313 6.6014 190 190 190 255 
-1.1293 -1.94797 6.74046 190 190 190 255 
-1.12307 -1.93679 6.74284 190 190 190 255 
-1.11792 -1.92519 6.74457 190 190 190 255 
-1.11387 -1.91337 6.74566 190 190 190 255 
-1.02851 -1.92796 6.61255 190 190 190 255 
-1.02567 -1.91609 6.61344 190 190 190 255 
-1.10899 -1.88978 6.74604 190 190 190 255 
-1.04306 -1.96258 6.60533 190 190 190 255 
-0.940885 -1.97602 6.48206 190 190 190 255 
-1.03721 -1.9514 6.60851 190 190 190 255 
-1.03236 -1.93979 6.61091 190 190 190 255 
-1.28872 -1.9889 6.85404 190 190 190 255 
-1.27778 -1.98739 6.85834 190 190 190 255 
-1.21518 -2.00444 6.698 190 190 190 255 
-1.20487 -2.00293 6.70363 190 190 190 255 
-1.00462 -2.03104 6.4273 190 190 190 255 
-0.838918 -2.04859 6.26236 190 190 190 255 
-0.742699 -2.05358 6.20895 190 190 190 255 
-0.808251 -1.92979 6.38573 190 190 190 255 
-0.682891 -1.95193 6.29268 190 190 190 255 
-0.809875 -1.94153 6.38496 190 190 190 255 
-0.812263 -1.95342 6.38327 190 190 190 255 
-0.69109 -1.9873 6.28341 190 190 190 255 
-0.815443 -1.96526 6.38063 190 190 190 255 
-0.695146 -1.99849 6.27818 190 190 190 255 
-0.829659 -1.99864 6.36678 190 190 190 255 
0.900732 -1.92034 6.46996 190 190 190 255 
0.784897 -1.94379 6.36485 190 190 190 255 
0.912937 -1.96741 6.46259 190 190 190 255 
0.918178 -1.9786 6.45851 190 190 190 255 
0.804131 -2.00091 6.34612 190 190 190 255 
0.92916 -1.929 6.49708 190 190 190 255 
0.902481 -1.93208 6.46941 190 190 190 255 
0.905082 -1.94396 6.46803 190 190 190 255 
0.935382 -1.95271 6.49366 190 190 190 255 
0.908565 -1.9558 6.46576 190 190 190 255 
0.939864 -1.96432 6.49063 190 190 190 255 
0.945241 -1.97551 6.48673 190 190 190 255 
0.951462 -1.98607 6.48197 190 190 190 255 
0.924238 -1.98916 6.45355 190 190 190 255 
0.931035 -1.99891 6.44777 190 190 190 255 
1.2176 -1.95185 6.88907 190 190 190 255 
1.209 -1.94212 6.89154 190 190 190 255 
1.14046 -1.95775 6.74457 190 190 190 255 
1.13319 -1.9472 6.74753 190 190 190 255 
1.12694 -1.93603 6.74987 190 190 190 255 
1.20141 -1.93157 6.89353 190 190 190 255 
1.18955 -1.90881 6.89602 190 190 190 255 
1.11476 -1.90074 6.75308 190 190 190 255 
1.18537 -1.89699 6.89652 190 190 190 255 
1.2676 -1.93557 7.04473 190 190 190 255 
1.25097 -1.9153 7.04708 190 190 190 255 
1.1949 -1.92041 6.89503 190 190 190 255 
1.28883 -1.90923 7.20553 190 190 190 255 
1.25998 -1.84055 7.20267 190 190 190 255 
1.26174 -1.85226 7.20357 190 190 190 255 
1.26468 -1.86412 7.20433 190 190 190 255 
1.28111 -1.86353 7.37093 190 190 190 255 
1.29906 -1.89166 7.3736 190 190 190 255 
1.29872 -1.89123 7.37356 190 190 190 255 
1.29107 -1.88157 7.37264 190 190 190 255 
1.28469 -1.87002 7.37154 190 190 190 255 
1.26886 -1.87594 7.20492 190 190 190 255 
1.28451 -1.86969 7.37151 190 190 190 255 
1.36488 -1.95361 7.19988 190 190 190 255 
-1.37486 -1.93878 7.35221 190 190 190 255 
-1.36359 -1.95461 7.18966 190 190 190 255 
-1.33107 -1.97117 7.02143 190 190 190 255 
-1.35177 -1.95192 7.19103 190 190 190 255 
-1.26667 -1.9847 6.8626 190 190 190 255 
-1.1133 -2.01757 6.55917 190 190 190 255 
-0.880296 -2.04313 6.30985 190 190 190 255 
-0.594136 -2.06221 6.1261 190 190 190 255 
-0.432505 -2.06619 6.07345 190 190 190 255 
-0.269584 -2.0708 6.02993 190 190 190 255 
0.0658768 -2.07618 5.99269 190 190 190 255 
0.0652985 -2.07348 6.00457 190 190 190 255 
0.235032 -2.07422 6.01135 190 190 190 255 
0.232969 -2.07152 6.02307 190 190 190 255 
0.401095 -2.07007 6.05091 190 190 190 255 
0.397576 -2.06737 6.06228 190 190 190 255 
0.560997 -2.06381 6.11075 190 190 190 255 
0.706184 -2.05285 6.20021 190 190 190 255 
0.980444 -2.03363 6.40208 190 190 190 255 
1.00926 -2.03053 6.43229 190 190 190 255 
1.10801 -2.01425 6.57218 190 190 190 255 
1.19846 -1.99948 6.71672 190 190 190 255 
1.28123 -1.98651 6.86711 190 190 190 255 
1.27008 -1.98383 6.87129 190 190 190 255 
1.32191 -1.96754 7.0337 190 190 190 255 
1.35787 -1.93208 7.37745 190 190 190 255 
1.38666 -1.95451 7.20798 190 190 190 255 
1.397 -1.93823 7.37804 190 190 190 255 
0.859148 -2.04673 6.28053 190 190 190 255 
0.853253 -2.0454 6.28787 190 190 190 255 
0.988025 -2.03507 6.39473 190 190 190 255 
1.0179 -2.03204 6.42433 190 190 190 255 
1.12734 -2.01845 6.55854 190 190 190 255 
1.21934 -2.00368 6.70561 190 190 190 255 
1.11776 -2.01694 6.56536 190 190 190 255 
1.20899 -2.00217 6.71118 190 190 190 255 
1.29219 -1.98802 6.86288 190 190 190 255 
1.3335 -1.97023 7.03095 190 190 190 255 
1.35042 -1.92895 7.37715 190 190 190 255 
-1.35107 -1.93216 7.35203 190 190 190 255 
-1.33994 -1.948 7.19229 190 190 190 255 
-1.29653 -1.95937 7.02953 190 190 190 255 
-1.24453 -1.97558 6.8707 190 190 190 255 
-1.18383 -1.99631 6.71475 190 190 190 255 
-0.987011 -2.02442 6.4433 190 190 190 255 
-0.97827 -2.01921 6.45105 190 190 190 255 
-0.583678 -2.05557 6.14746 190 190 190 255 
-0.428644 -2.06225 6.08469 190 190 190 255 
-0.42481 -2.05704 6.09572 190 190 190 255 
-0.100829 -2.06408 6.03037 190 190 190 255 
-0.101741 -2.0693 6.01874 190 190 190 255 
0.0647149 -2.06954 6.01644 190 190 190 255 
0.0641349 -2.06433 6.0281 190 190 190 255 
0.394027 -2.06343 6.07362 190 190 190 255 
0.693658 -2.0437 6.22016 190 190 190 255 
0.699896 -2.04891 6.21029 190 190 190 255 
0.963254 -2.027 6.41853 190 190 190 255 
0.991568 -2.0239 6.4482 190 190 190 255 
1.09821 -2.01032 6.57891 190 190 190 255 
1.18789 -1.99555 6.72216 190 190 190 255 
1.08852 -2.00512 6.58544 190 190 190 255 
1.33774 -1.92362 7.37665 190 190 190 255 
1.22705 -1.96061 6.88617 190 190 190 255 
1.23721 -1.96826 6.88287 190 190 190 255 
1.15766 -1.97625 6.73693 190 190 190 255 
1.16731 -1.9839 6.73236 190 190 190 255 
1.0791 -1.99866 6.59164 190 190 190 255 
0.966081 -2.00459 6.47014 190 190 190 255 
0.974243 -2.01225 6.46326 190 190 190 255 
0.946407 -2.01534 6.43413 190 190 190 255 
0.823555 -2.0271 6.32397 190 190 190 255 
0.536785 -2.03782 6.16279 190 190 190 255 
0.541391 -2.04549 6.15318 190 190 190 255 
0.387058 -2.05175 6.09548 190 190 190 255 
-0.0999378 -2.05761 6.0416 190 190 190 255 
-0.260203 -2.04749 6.07444 190 190 190 255 
-0.262445 -2.05517 6.06402 190 190 190 255 
-0.417475 -2.04289 6.11638 190 190 190 255 
-0.568505 -2.03622 6.17745 190 190 190 255 
-0.716802 -2.03527 6.24785 190 190 190 255 
-0.710732 -2.02761 6.25662 190 190 190 255 
-0.961636 -2.0051 6.46537 190 190 190 255 
-1.06584 -1.99164 6.59149 190 190 190 255 
-0.969763 -2.01276 6.45845 190 190 190 255 
-1.07479 -1.99929 6.58567 190 190 190 255 
-1.1537 -1.97701 6.7297 190 190 190 255 
-1.22374 -1.96148 6.87777 190 190 190 255 
-1.27501 -1.94527 7.03392 190 190 190 255 
-1.31707 -1.93636 7.19433 190 190 190 255 
-1.33939 -1.92697 7.35175 190 190 190 255 
-1.32831 -1.94281 7.1934 190 190 190 255 
-1.32811 -1.92053 7.35135 190 190 190 255 
-1.28549 -1.95292 7.03186 190 190 190 255 
-1.23387 -1.96913 6.8744 190 190 190 255 
-1.17343 -1.99111 6.72006 190 190 190 255 
-1.16332 -1.98466 6.72507 190 190 190 255 
-1.08417 -2.00575 6.57941 190 190 190 255 
-0.857159 -2.0313 6.33673 190 190 190 255 
-0.849672 -2.02483 6.34516 190 190 190 255 
-0.723141 -2.04174 6.23853 190 190 190 255 
-0.57338 -2.04389 6.16797 190 190 190 255 
-0.578466 -2.05036 6.15791 190 190 190 255 
-0.421066 -2.05057 6.10635 190 190 190 255 
-0.264783 -2.06164 6.053 190 190 190 255 
0.0635682 -2.05785 6.03936 190 190 190 255 
0.228819 -2.06237 6.04626 190 190 190 255 
0.226799 -2.05589 6.05734 190 190 190 255 
0.390501 -2.05822 6.08476 190 190 190 255 
0.546196 -2.05196 6.14298 190 190 190 255 
0.687572 -2.03723 6.22965 190 190 190 255 
0.830817 -2.03357 6.31535 190 190 190 255 
0.954718 -2.0218 6.42651 190 190 190 255 
0.982789 -2.0187 6.4559 190 190 190 255 
1.17745 -1.99035 6.72741 190 190 190 255 
1.24789 -1.97471 6.87924 190 190 190 255 
1.28784 -1.95198 7.04106 190 190 190 255 
1.2989 -1.95842 7.03881 190 190 190 255 
1.32957 -1.94181 7.20335 190 190 190 255 
1.31832 -1.93536 7.2042 190 190 190 255 
-1.3195 -1.96848 7.02426 190 190 190 255 
-1.30793 -1.96456 7.02698 190 190 190 255 
-1.19437 -2.00024 6.70924 190 190 190 255 
-1.25552 -1.98077 6.86674 190 190 190 255 
-1.10359 -2.01488 6.56605 190 190 190 255 
-1.09383 -2.01095 6.57283 190 190 190 255 
-0.995839 -2.02835 6.43534 190 190 190 255 
-0.872594 -2.04043 6.31892 190 190 190 255 
-0.864842 -2.0365 6.32793 190 190 190 255 
-0.729641 -2.04695 6.22883 190 190 190 255 
-0.736194 -2.05088 6.21891 190 190 190 255 
-0.588928 -2.05951 6.1368 190 190 190 255 
-0.267176 -2.06685 6.04157 190 190 190 255 
-0.102658 -2.07324 6.00689 190 190 190 255 
0.230887 -2.06758 6.03477 190 190 190 255 
0.556078 -2.06111 6.12159 190 190 190 255 
0.551119 -2.05717 6.13239 190 190 190 255 
0.845785 -2.04271 6.29714 190 190 190 255 
0.838268 -2.03877 6.30635 190 190 190 255 
0.971874 -2.03094 6.41035 190 190 190 255 
1.00044 -2.02784 6.44028 190 190 190 255 
1.25891 -1.9799 6.87536 190 190 190 255 
1.31032 -1.96362 7.03634 190 190 190 255 
1.35304 -1.95092 7.20117 190 190 190 255 
1.34121 -1.947 7.20233 190 190 190 255 
-1.26798 -1.81428 7.34245 190 190 190 255 
-1.27089 -1.8232 7.3671 190 190 190 255 
-1.27195 -1.83743 7.34447 190 190 190 255 
-1.27031 -1.82571 7.34338 190 190 190 255 
-1.26829 -1.8139 7.34607 190 190 190 255 
-1.29866 -1.8944 7.3494 190 190 190 255 
-1.30741 -1.901 7.37449 190 190 190 255 
-1.31045 -1.90433 7.37481 190 190 190 255 
-1.26343 -1.86512 7.19486 190 190 190 255 
-1.26761 -1.87694 7.19543 190 190 190 255 
-1.27305 -1.88853 7.19579 190 190 190 255 
-1.27973 -1.89969 7.19595 190 190 190 255 
-1.29085 -1.88386 7.34854 190 190 190 255 
-1.29653 -1.91996 7.19558 190 190 190 255 
-1.19831 -1.85656 6.94535 190 190 190 255 
-1.22249 -1.84659 7.03833 190 190 190 255 
-1.22749 -1.85809 7.03815 190 190 190 255 
-1.25872 -1.84155 7.19324 190 190 190 255 
-1.25512 -1.83012 7.19248 190 190 190 255 
-1.17721 -1.87428 6.8881 190 190 190 255 
-1.17912 -1.886 6.88848 190 190 190 255 
-1.18214 -1.89786 6.88842 190 190 190 255 
-1.22935 -1.86981 7.0388 190 190 190 255 
-1.23236 -1.88167 7.03915 190 190 190 255 
-1.18631 -1.90969 6.88789 190 190 190 255 
-1.23657 -1.89349 7.03917 190 190 190 255 
-1.11232 -1.87749 6.75311 190 190 190 255 
-1.11091 -1.9015 6.74613 190 190 190 255 
-1.19165 -1.92128 6.88686 190 190 190 255 
-1.19815 -1.93245 6.88532 190 190 190 255 
-1.13655 -1.95851 6.73746 190 190 190 255 
-1.20573 -1.94299 6.88328 190 190 190 255 
-1.14472 -1.96825 6.73385 190 190 190 255 
-0.924864 -1.92951 6.49251 190 190 190 255 
-0.923088 -1.91777 6.493 190 190 190 255 
-0.918967 -1.90601 6.49567 190 190 190 255 
-0.959815 -1.90114 6.53935 190 190 190 255 
-1.0238 -1.90436 6.61364 190 190 190 255 
-1.02042 -1.89276 6.61479 190 190 190 255 
-0.852945 -1.9139 6.42506 190 190 190 255 
-0.927512 -1.94138 6.49121 190 190 190 255 
-0.931065 -1.95322 6.48905 190 190 190 255 
-0.81942 -1.97688 6.37699 190 190 190 255 
-0.824174 -1.98808 6.37236 190 190 190 255 
-0.935529 -1.96483 6.486 190 190 190 255 
-0.947079 -1.98658 6.47727 190 190 190 255 
-0.954032 -1.99633 6.47168 190 190 190 255 
-0.681471 -1.94017 6.29371 190 190 190 255 
-0.699816 -2.00907 6.27191 190 190 190 255 
-0.563928 -2.02743 6.18619 190 190 190 255 
-0.552686 -1.99589 6.20663 190 190 190 255 
-0.687687 -1.97567 6.28757 190 190 190 255 
-0.684955 -1.96382 6.29065 190 190 190 255 
-0.549933 -1.98425 6.21123 190 190 190 255 
-0.620397 -1.93228 6.2624 190 190 190 255 
-0.559725 -2.01767 6.19405 190 190 190 255 
-0.555961 -2.00709 6.20089 190 190 190 255 
-0.40822 -2.01375 6.14128 190 190 190 255 
-0.403757 -1.9909 6.15238 190 190 190 255 
-0.547715 -1.97239 6.21468 190 190 190 255 
-0.546031 -1.9605 6.217 190 190 190 255 
-0.544862 -1.94874 6.21825 190 190 190 255 
-0.398078 -1.94344 6.16452 190 190 190 255 
-0.420079 -1.94259 6.17191 190 190 190 255 
-0.248359 -1.94808 6.12398 190 190 190 255 
-0.249238 -1.95994 6.12017 190 190 190 255 
-0.249793 -1.97171 6.11862 190 190 190 255 
-0.399977 -1.95537 6.16009 190 190 190 255 
-0.250583 -1.98361 6.1159 190 190 190 255 
-0.400854 -1.96714 6.15866 190 190 190 255 
-0.40211 -1.97904 6.15611 190 190 190 255 
-0.251618 -1.99548 6.11196 190 190 190 255 
-0.252898 -2.00712 6.10678 190 190 190 255 
-0.405798 -2.00254 6.14743 190 190 190 255 
-0.254415 -2.01834 6.10036 190 190 190 255 
-0.411 -2.02433 6.134 190 190 190 255 
-0.258094 -2.03869 6.08407 190 190 190 255 
-0.256155 -2.02892 6.09276 190 190 190 255 
-0.0982788 -2.04113 6.06206 190 190 190 255 
-0.0968752 -2.02077 6.07868 190 190 190 255 
-0.0958072 -1.99791 6.09057 190 190 190 255 
-0.0951087 -1.97413 6.09742 190 190 190 255 
-0.20717 -1.94884 6.11735 190 190 190 255 
-0.0948958 -1.96236 6.09904 190 190 190 255 
0.0119693 -1.95085 6.09981 190 190 190 255 
0.0603602 -1.96261 6.09692 190 190 190 255 
0.0604957 -1.97438 6.09529 190 190 190 255 
-0.0954115 -1.98604 6.09462 190 190 190 255 
0.0609402 -1.99816 6.08842 190 190 190 255 
0.0612512 -2.0098 6.0831 190 190 190 255 
-0.096296 -2.00956 6.08525 190 190 190 255 
-0.0975391 -2.03136 6.07092 190 190 190 255 
0.0620421 -2.0316 6.06873 190 190 190 255 
0.0616198 -2.02102 6.07651 190 190 190 255 
0.22136 -2.02965 6.08625 190 190 190 255 
0.219856 -2.01906 6.0939 190 190 190 255 
0.0606885 -1.98628 6.09248 190 190 190 255 
0.217437 -1.99621 6.10559 190 190 190 255 
0.216541 -1.98434 6.10956 190 190 190 255 
0.230794 -1.9484 6.12119 190 190 190 255 
0.214402 -1.9487 6.11855 190 190 190 255 
0.367649 -1.95654 6.14984 190 190 190 255 
0.368458 -1.96831 6.14839 190 190 190 255 
0.215376 -1.96066 6.11387 190 190 190 255 
0.215857 -1.97243 6.1123 190 190 190 255 
0.369615 -1.98021 6.14579 190 190 190 255 
0.371133 -1.99208 6.142 190 190 190 255 
0.218544 -2.00785 6.10037 190 190 190 255 
0.377799 -2.02551 6.12341 190 190 190 255 
0.514419 -1.95033 6.20428 190 190 190 255 
0.442737 -1.94171 6.1796 190 190 190 255 
0.515528 -1.96209 6.20299 190 190 190 255 
0.373011 -2.00372 6.137 190 190 190 255 
0.524927 -2.00869 6.18658 190 190 190 255 
0.375241 -2.01493 6.13078 190 190 190 255 
0.653613 -1.94212 6.27651 190 190 190 255 
0.656973 -1.96577 6.27334 190 190 190 255 
0.517124 -1.97399 6.20062 190 190 190 255 
0.519224 -1.98585 6.1971 190 190 190 255 
0.52183 -1.99748 6.19242 190 190 190 255 
0.662875 -1.98925 6.26591 190 190 190 255 
0.528486 -2.01927 6.17963 190 190 190 255 
0.532459 -2.02903 6.17166 190 190 190 255 
0.810096 -2.01066 6.33949 190 190 190 255 
0.671261 -2.01102 6.25417 190 190 190 255 
0.798804 -1.99034 6.35184 190 190 190 255 
0.666774 -2.00045 6.26056 190 190 190 255 
0.794184 -1.97915 6.3566 190 190 190 255 
0.659602 -1.97762 6.27017 190 190 190 255 
0.790318 -1.96753 6.36036 190 190 190 255 
0.787224 -1.95568 6.3631 190 190 190 255 
0.654984 -1.95388 6.27543 190 190 190 255 
0.688886 -1.92811 6.29908 190 190 190 255 
1.02441 -1.89212 6.62053 190 190 190 255 
0.78331 -1.93205 6.36568 190 190 190 255 
1.06172 -1.98224 6.60263 190 190 190 255 
1.05406 -1.9725 6.60722 190 190 190 255 
1.04139 -1.95077 6.61426 190 190 190 255 
1.03652 -1.93916 6.61663 190 190 190 255 
1.03266 -1.92733 6.61825 190 190 190 255 
0.931817 -1.94087 6.4958 190 190 190 255 
0.927378 -1.91726 6.49756 190 190 190 255 
1.02794 -1.90373 6.61931 190 190 190 255 
0.998489 -1.89646 6.5812 190 190 190 255 
1.02982 -1.91546 6.61912 190 190 190 255 
1.11772 -1.91261 6.75262 190 190 190 255 
1.12178 -1.92443 6.75156 190 190 190 255 
1.04726 -1.96195 6.61111 190 190 190 255 
1.23165 -1.86887 7.04758 190 190 190 255 
1.18235 -1.88513 6.89655 190 190 190 255 
1.18045 -1.87341 6.89616 190 190 190 255 
1.11284 -1.88902 6.75296 190 190 190 255 
1.11486 -1.87699 6.75773 190 190 190 255 
1.25632 -1.82912 7.20191 190 190 190 255 
1.25247 -1.83399 7.15574 190 190 190 255 
1.25108 -1.83458 7.15029 190 190 190 255 
1.2298 -1.85715 7.04692 190 190 190 255 
1.23466 -1.88073 7.04795 190 190 190 255 
1.23888 -1.89255 7.04801 190 190 190 255 
1.27429 -1.88753 7.20533 190 190 190 255 
1.24432 -1.90414 7.04772 190 190 190 255 
1.28097 -1.89869 7.20554 190 190 190 255 
1.25876 -1.92584 7.04608 190 190 190 255 
1.27057 -1.82315 7.36708 190 190 190 255 
1.31957 -1.91202 7.37554 190 190 190 255 
-1.30757 -1.90413 7.35016 190 190 190 255 
-1.31744 -1.91288 7.35081 190 190 190 255 
-1.30641 -1.92872 7.19506 190 190 190 255 
-1.2143 -1.95273 6.88075 190 190 190 255 
-1.05748 -1.98287 6.59676 190 190 190 255 
-0.842513 -2.01717 6.35307 190 190 190 255 
-0.835804 -2.00839 6.36032 190 190 190 255 
-0.705038 -2.01882 6.26469 190 190 190 255 
-0.414101 -2.0341 6.12565 190 190 190 255 
-0.0990829 -2.04993 6.05223 190 190 190 255 
0.0630243 -2.05017 6.05 190 190 190 255 
0.22486 -2.04821 6.06782 190 190 190 255 
0.0625127 -2.04138 6.05985 190 190 190 255 
0.383755 -2.04407 6.10562 190 190 190 255 
0.223037 -2.03942 6.07751 190 190 190 255 
0.380652 -2.03528 6.11498 190 190 190 255 
0.676278 -2.02078 6.2468 190 190 190 255 
0.681745 -2.02956 6.23858 190 190 190 255 
0.816607 -2.01944 6.33207 190 190 190 255 
0.938467 -2.00768 6.44126 190 190 190 255 
0.958444 -1.99582 6.47641 190 190 190 255 
1.07012 -1.99101 6.59741 190 190 190 255 
1.14866 -1.96749 6.74102 190 190 190 255 
1.27735 -1.94433 7.04304 190 190 190 255 
1.29777 -1.91896 7.2053 190 190 190 255 
1.30765 -1.92772 7.20485 190 190 190 255 
-1.27051 -1.55154 10.5796 190 190 190 255 
-1.3072 -1.75698 8.97915 190 190 190 255 
-1.27 -1.46536 11.6408 190 190 190 255 
-1.27 -1.26113 15.4071 190 190 190 255 
-1.27088 -1.82313 7.36709 190 190 190 255 
-1.27 -1.74703 8.0632 190 190 190 255 
-1.27212 -1.69052 8.97353 190 190 190 255 
-1.3196 -1.30153 17.0212 190 190 190 255 
-1.3275 -1.36637 15.4115 190 190 190 255 
-1.32775 -1.30675 17.0213 190 190 190 255 
-1.33867 -1.37288 15.4118 190 190 190 255 
-1.32994 -1.30816 17.0214 190 190 190 255 
-1.27057 -1.21229 17.0184 190 190 190 255 
-1.27212 -1.28326 15.408 190 190 190 255 
-1.28419 -1.31845 15.4095 190 190 190 255 
-1.28451 -1.25901 17.0198 190 190 190 255 
-1.2907 -1.3296 15.41 190 190 190 255 
-1.38437 -1.46584 13.8034 190 190 190 255 
-1.37389 -1.4612 13.8032 190 190 190 255 
-1.36205 -1.38216 15.4122 190 190 190 255 
-1.35025 -1.37815 15.412 190 190 190 255 
-1.36205 -1.45842 13.803 190 190 190 255 
-1.35025 -1.45441 13.8028 190 190 190 255 
-1.3072 -1.34989 15.4108 190 190 190 255 
-1.27892 -1.30688 15.409 190 190 190 255 
-1.27892 -1.38317 13.7991 190 190 190 255 
-1.27212 -1.35957 13.7978 190 190 190 255 
-1.27051 -1.27157 15.4075 190 190 190 255 
-1.2725 -1.22391 17.0187 190 190 190 255 
-1.27258 -1.22433 17.0187 190 190 190 255 
-1.27504 -1.23576 17.0191 190 190 190 255 
-1.2749 -1.29508 15.4085 190 190 190 255 
-1.27526 -1.23639 17.0191 190 190 190 255 
-1.37389 -1.6647 10.588 190 190 190 255 
-1.36205 -1.55167 12.1949 190 190 190 255 
-1.36205 -1.66192 10.5878 190 190 190 255 
-1.35025 -1.54767 12.1946 190 190 190 255 
-1.33867 -1.54241 12.1943 190 190 190 255 
-1.35025 -1.65792 10.5875 190 190 190 255 
-1.3275 -1.53591 12.1939 190 190 190 255 
-1.3072 -1.51944 12.1928 190 190 190 255 
-1.31695 -1.63849 10.5861 190 190 190 255 
-1.3072 -1.62972 10.5854 190 190 190 255 
-1.2984 -1.61999 10.5847 190 190 190 255 
-1.2907 -1.49918 12.1915 190 190 190 255 
-1.2907 -1.60946 10.5839 190 190 190 255 
-1.28419 -1.48803 12.1908 190 190 190 255 
-1.28419 -1.59833 10.5831 190 190 190 255 
-1.27892 -1.47648 12.1901 190 190 190 255 
-1.27892 -1.58678 10.5822 190 190 190 255 
-1.27212 -1.45288 12.1886 190 190 190 255 
-1.2749 -1.57501 10.5814 190 190 190 255 
-1.31721 -1.90963 7.37531 190 190 190 255 
-1.31695 -1.76574 8.97989 190 190 190 255 
-1.31776 -1.91006 7.37535 190 190 190 255 
-1.33867 -1.77991 8.98109 190 190 190 255 
-1.35025 -1.78516 8.98154 190 190 190 255 
-1.37495 -1.93591 7.37782 190 190 190 255 
-1.37389 -1.79193 8.98211 190 190 190 255 
-1.38559 -1.93765 7.37798 190 190 190 255 
-1.397 -1.79586 8.98245 190 190 190 255 
-1.27943 -1.85845 7.37044 190 190 190 255 
-1.29632 -1.88887 7.37334 190 190 190 255 
-1.28419 -1.72562 8.9765 190 190 190 255 
-1.37389 -1.38494 15.4123 190 190 190 255 
-1.38426 -1.38974 15.4125 190 190 190 255 
-1.397 -1.34755 16.4323 190 190 190 255 
-1.38562 -1.32693 17.022 190 190 190 255 
-1.29981 -1.28202 17.0206 190 190 190 255 
-1.2984 -1.34015 15.4104 190 190 190 255 
-1.31695 -1.35868 15.4112 190 190 190 255 
-1.38473 -1.55852 12.1953 190 190 190 255 
-1.37389 -1.55445 12.195 190 190 190 255 
-1.33867 -1.44915 13.8025 190 190 190 255 
-1.3275 -1.44264 13.8022 190 190 190 255 
-1.31695 -1.43495 13.8018 190 190 190 255 
-1.31695 -1.52822 12.1934 190 190 190 255 
-1.3072 -1.42617 13.8013 190 190 190 255 
-1.2984 -1.50971 12.1922 190 190 190 255 
-1.2984 -1.41643 13.8008 190 190 190 255 
-1.2907 -1.40589 13.8003 190 190 190 255 
-1.28419 -1.39474 13.7997 190 190 190 255 
-1.2749 -1.4647 12.1894 190 190 190 255 
-1.2749 -1.37139 13.7984 190 190 190 255 
-1.27051 -1.34789 13.7972 190 190 190 255 
-1.27 -1.35614 13.4317 190 190 190 255 
-1.27051 -1.44121 12.1879 190 190 190 255 
-1.397 -1.67632 10.5888 190 190 190 255 
-1.384 -1.66983 10.5884 190 190 190 255 
-1.38559 -1.79353 8.98224 190 190 190 255 
-1.36205 -1.78916 8.98187 190 190 190 255 
-1.33867 -1.65266 10.5871 190 190 190 255 
-1.3275 -1.64617 10.5866 190 190 190 255 
-1.3275 -1.77342 8.98054 190 190 190 255 
-1.2984 -1.74726 8.97833 190 190 190 255 
-1.2907 -1.73674 8.97744 190 190 190 255 
-1.27892 -1.71408 8.97553 190 190 190 255 
-1.2749 -1.70232 8.97453 190 190 190 255 
-1.27212 -1.5632 10.5805 190 190 190 255 
-1.27051 -1.67887 8.97255 190 190 190 255 
-0.230761 -1.16389 18.2627 190 190 190 255 
0.168218 -1.16364 18.273 190 190 190 255 
0.473883 -1.17717 18.1968 190 190 190 255 
1.31721 -1.29911 17.0211 190 190 190 255 
1.31904 -1.30055 17.0211 190 190 190 255 
1.33885 -1.31331 17.0215 190 190 190 255 
1.37747 -1.32595 17.0219 190 190 190 255 
-1.38719 -1.32283 17.1834 190 190 190 255 
-1.35649 -1.31772 17.3541 190 190 190 255 
-1.22497 -1.30835 17.6735 190 190 190 255 
-1.14199 -1.30461 17.826 190 190 190 255 
-1.03473 -1.30116 17.9598 190 190 190 255 
-1.13414 -1.30439 17.8205 190 190 190 255 
-1.03319 -1.30112 17.9613 190 190 190 255 
-0.798348 -1.29593 18.1551 190 190 190 255 
-0.655391 -1.29402 18.2528 190 190 190 255 
-0.77496 -1.29566 18.1834 190 190 190 255 
-0.803148 -1.29617 18.162 190 190 190 255 
-0.911664 -1.29817 18.0797 190 190 190 255 
-0.468298 -1.29206 18.3371 190 190 190 255 
-0.49413 -1.29211 18.3165 190 190 190 255 
0.0125172 -1.29027 18.4164 190 190 190 255 
-0.133598 -1.29038 18.4115 190 190 190 255 
-0.160665 -1.29048 18.4072 190 190 190 255 
-0.32959 -1.29093 18.3677 190 190 190 255 
-0.303441 -1.29098 18.3845 190 190 190 255 
0.356119 -1.2913 18.3705 190 190 190 255 
0.0380203 -1.29025 18.4173 190 190 190 255 
0.539191 -1.29269 18.3097 190 190 190 255 
0.377071 -1.2914 18.366 190 190 190 255 
0.353699 -1.29107 18.3616 190 190 190 255 
0.957626 -1.29922 18.0372 190 190 190 255 
0.837072 -1.29671 18.1395 190 190 190 255 
0.824061 -1.29651 18.1481 190 190 190 255 
0.818561 -1.29628 18.1406 190 190 190 255 
0.693333 -1.29446 18.2338 190 190 190 255 
1.08424 -1.30263 17.9022 190 190 190 255 
1.04256 -1.30148 17.9475 190 190 190 255 
0.967909 -1.29943 18.0285 190 190 190 255 
1.30238 -1.31315 17.5018 190 190 190 255 
1.26616 -1.31038 17.6118 190 190 190 255 
1.2386 -1.309 17.6625 190 190 190 255 
1.38141 -1.32309 17.1663 190 190 190 255 
1.35845 -1.31822 17.3378 190 190 190 255 
1.29187 -1.27134 17.0202 190 190 190 255 
1.27154 -1.22067 17.0186 190 190 190 255 
1.26523 -1.21989 17.151 190 190 190 255 
1.27616 -1.23999 17.0192 190 190 190 255 
1.27217 -1.24396 17.1524 190 190 190 255 
1.27759 -1.25574 17.1534 190 190 190 255 
1.36211 -1.32276 17.0218 190 190 190 255 
1.35751 -1.3193 17.1637 190 190 190 255 
1.38418 -1.32717 17.022 190 190 190 255 
1.397 -1.32782 17.022 190 190 190 255 
1.39394 -1.32491 17.1153 190 190 190 255 
1.38933 -1.32743 17.022 190 190 190 255 
1.32696 -1.30678 17.0213 190 190 190 255 
1.34547 -1.31552 17.1623 190 190 190 255 
1.3533 -1.31965 17.0217 190 190 190 255 
1.23894 -1.21476 17.307 190 190 190 255 
1.26361 -1.20798 17.1504 190 190 190 255 
1.26806 -1.23195 17.1516 190 190 190 255 
1.25093 -1.25061 17.3108 190 190 190 255 
1.28429 -1.26708 17.1544 190 190 190 255 
1.26519 -1.27262 17.3148 190 190 190 255 
1.29223 -1.27775 17.1556 190 190 190 255 
1.27402 -1.28245 17.3171 190 190 190 255 
1.12956 -1.20552 17.6033 190 190 190 255 
1.13199 -1.21758 17.6049 190 190 190 255 
1.13557 -1.2296 17.6071 190 190 190 255 
1.19983 -1.23401 17.4618 190 190 190 255 
1.1403 -1.24138 17.6098 190 190 190 255 
1.20487 -1.24579 17.4639 190 190 190 255 
1.14619 -1.25271 17.6132 190 190 190 255 
1.21112 -1.25713 17.4666 190 190 190 255 
1.16119 -1.27322 17.6215 190 190 190 255 
1.22702 -1.27764 17.473 190 190 190 255 
1.04686 -1.18961 17.7379 190 190 190 255 
0.952759 -1.21005 17.8654 190 190 190 255 
0.959677 -1.23385 17.8722 190 190 190 255 
1.05798 -1.23738 17.7469 190 190 190 255 
0.970452 -1.25587 17.8823 190 190 190 255 
1.06343 -1.24872 17.7509 190 190 190 255 
1.0699 -1.2594 17.7556 190 190 190 255 
-0.452672 -1.17696 18.2052 190 190 190 255 
-0.598603 -1.2026 18.1438 190 190 190 255 
-0.453175 -1.18887 18.2067 190 190 190 255 
-0.600446 -1.21462 18.1476 190 190 190 255 
-0.455508 -1.21295 18.2134 190 190 190 255 
-0.457372 -1.22474 18.2186 190 190 190 255 
-0.60598 -1.23774 18.1585 190 190 190 255 
-0.942661 -1.20974 17.8766 190 190 190 255 
-0.945596 -1.22176 17.8796 190 190 190 255 
-0.949503 -1.23354 17.8835 190 190 190 255 
-0.863521 -1.2312 17.9693 190 190 190 255 
-0.867939 -1.24254 17.9744 190 190 190 255 
-1.23396 -1.20238 17.3207 190 190 190 255 
-1.18827 -1.20952 17.4724 190 190 190 255 
-1.24219 -1.23836 17.3237 190 190 190 255 
-1.20588 -1.2567 17.4805 190 190 190 255 
-1.22171 -1.27721 17.4871 190 190 190 255 
1.32898 -1.31417 17.3309 190 190 190 255 
1.29121 -1.31186 17.4977 190 190 190 255 
1.27987 -1.30936 17.4934 190 190 190 255 
1.22187 -1.30745 17.6538 190 190 190 255 
1.12359 -1.30095 17.7936 190 190 190 255 
1.0191 -1.29743 17.9266 190 190 190 255 
0.94313 -1.2977 18.0219 190 190 190 255 
0.934854 -1.2952 18.013 190 190 190 255 
0.804418 -1.29249 18.1212 190 190 190 255 
0.66157 -1.29027 18.2123 190 190 190 255 
0.667425 -1.29277 18.2229 190 190 190 255 
0.51285 -1.29103 18.2964 190 190 190 255 
0.508351 -1.28853 18.2851 190 190 190 255 
0.350664 -1.28979 18.35 190 190 190 255 
0.182744 -1.28903 18.3832 190 190 190 255 
-0.489891 -1.29082 18.3053 190 190 190 255 
-0.645796 -1.29249 18.2346 190 190 190 255 
-1.00829 -1.29712 17.9386 190 190 190 255 
-1.21446 -1.30706 17.6679 190 190 190 255 
-1.28561 -1.31143 17.5124 190 190 190 255 
-1.32525 -1.3137 17.3463 190 190 190 255 
-1.35572 -1.3188 17.1796 190 190 190 255 
1.36955 -1.3218 17.165 190 190 190 255 
1.34076 -1.31667 17.3337 190 190 190 255 
1.35236 -1.31795 17.3364 190 190 190 255 
1.23244 -1.30873 17.6594 190 190 190 255 
1.13354 -1.30345 17.8005 190 190 190 255 
1.14335 -1.30474 17.8073 190 190 190 255 
1.03702 -1.30122 17.9426 190 190 190 255 
1.02812 -1.29993 17.9346 190 190 190 255 
0.951292 -1.29899 18.0306 190 190 190 255 
0.673201 -1.29405 18.2333 190 190 190 255 
0.811538 -1.29499 18.131 190 190 190 255 
0.517288 -1.29232 18.3074 190 190 190 255 
0.184325 -1.29031 18.3951 190 190 190 255 
0.0123783 -1.29004 18.4073 190 190 190 255 
0.0122721 -1.28875 18.3954 190 190 190 255 
-0.159675 -1.29024 18.3981 190 190 190 255 
-0.158305 -1.28896 18.3863 190 190 190 255 
-0.326762 -1.28965 18.3561 190 190 190 255 
-0.651385 -1.29377 18.2452 190 190 190 255 
-0.791499 -1.29464 18.1453 190 190 190 255 
-0.933053 -1.29857 18.0474 190 190 190 255 
-0.925048 -1.29728 18.0386 190 190 190 255 
-1.02602 -1.30091 17.9548 190 190 190 255 
-1.01721 -1.29962 17.9467 190 190 190 255 
-1.12441 -1.30311 17.8136 190 190 190 255 
-1.29674 -1.31272 17.5167 190 190 190 255 
-1.34857 -1.31749 17.3521 190 190 190 255 
-1.337 -1.3162 17.3492 190 190 190 255 
-1.37958 -1.32259 17.1824 190 190 190 255 
-1.36774 -1.3213 17.181 190 190 190 255 
-1.3089 -1.29181 17.0209 190 190 190 255 
-1.30739 -1.29043 17.0208 190 190 190 255 
-1.30407 -1.28742 17.0207 190 190 190 255 
-1.29872 -1.28064 17.0205 190 190 190 255 
-1.29111 -1.27098 17.0202 190 190 190 255 
-1.26197 -1.20749 17.1653 190 190 190 255 
-1.26359 -1.2194 17.1658 190 190 190 255 
-1.2743 -1.2337 17.019 190 190 190 255 
-1.28508 -1.26005 17.0199 190 190 190 255 
-1.27592 -1.25525 17.1683 190 190 190 255 
-1.28114 -1.2529 17.0196 190 190 190 255 
1.3451 -1.31674 17.0217 190 190 190 255 
1.26853 -1.30558 17.4891 190 190 190 255 
1.10388 -1.29208 17.7798 190 190 190 255 
1.01008 -1.29365 17.9185 190 190 190 255 
0.926588 -1.29142 18.0042 190 190 190 255 
0.790323 -1.28362 18.1017 190 190 190 255 
0.649981 -1.2814 18.1912 190 190 190 255 
0.50386 -1.28475 18.2739 190 190 190 255 
0.499449 -1.27966 18.2628 190 190 190 255 
0.341502 -1.27842 18.315 190 190 190 255 
0.179541 -1.28275 18.3592 190 190 190 255 
0.012057 -1.28247 18.3711 190 190 190 255 
-0.155531 -1.28268 18.3622 190 190 190 255 
-0.321035 -1.28337 18.3326 190 190 190 255 
-0.481303 -1.28454 18.2827 190 190 190 255 
-0.47709 -1.27945 18.2715 190 190 190 255 
-0.628918 -1.28112 18.2027 190 190 190 255 
-0.908824 -1.291 18.0206 190 190 190 255 
-0.900859 -1.28591 18.0117 190 190 190 255 
-0.999369 -1.29334 17.9303 190 190 190 255 
-1.10468 -1.29683 17.7995 190 190 190 255 
-1.18266 -1.29569 17.6507 190 190 190 255 
-1.26303 -1.30516 17.5036 190 190 190 255 
-1.30195 -1.30483 17.3403 190 190 190 255 
-1.34369 -1.31503 17.178 190 190 190 255 
-1.33186 -1.30994 17.1765 190 190 190 255 
-1.35042 -1.31851 17.0217 190 190 190 255 
-1.32042 -1.30354 17.175 190 190 190 255 
1.31132 -1.29639 17.1581 190 190 190 255 
1.23643 -1.28644 17.4767 190 190 190 255 
1.24661 -1.29409 17.4807 190 190 190 255 
1.17008 -1.28203 17.6264 190 190 190 255 
1.08554 -1.27804 17.7669 190 190 190 255 
0.992686 -1.28216 17.9027 190 190 190 255 
0.777226 -1.26957 18.0834 190 190 190 255 
0.644445 -1.275 18.1811 190 190 190 255 
0.639217 -1.26735 18.1715 190 190 190 255 
0.495196 -1.27326 18.2521 190 190 190 255 
0.491181 -1.26561 18.2419 190 190 190 255 
0.338595 -1.27202 18.3039 190 190 190 255 
0.176455 -1.27126 18.336 190 190 190 255 
-0.152858 -1.27119 18.3389 190 190 190 255 
0.0117538 -1.26333 18.3367 190 190 190 255 
-0.315516 -1.27188 18.3097 190 190 190 255 
-0.312958 -1.26422 18.2991 190 190 190 255 
-0.469192 -1.2654 18.2505 190 190 190 255 
-0.76424 -1.27687 18.1062 190 190 190 255 
-0.893178 -1.27952 18.0031 190 190 190 255 
-1.17255 -1.28929 17.6451 190 190 190 255 
-1.16299 -1.28164 17.6398 190 190 190 255 
-1.23108 -1.28602 17.4909 190 190 190 255 
-1.29079 -1.29844 17.3374 190 190 190 255 
1.33362 -1.31043 17.1609 190 190 190 255 
1.32216 -1.30404 17.1595 190 190 190 255 
1.30561 -1.3053 17.3252 190 190 190 255 
1.29441 -1.2989 17.3224 190 190 190 255 
1.25738 -1.30049 17.4849 190 190 190 255 
1.1797 -1.28968 17.6315 190 190 190 255 
1.18988 -1.29608 17.637 190 190 190 255 
1.09445 -1.28569 17.7732 190 190 190 255 
1.00123 -1.28856 17.9105 190 190 190 255 
0.918467 -1.28633 17.9954 190 190 190 255 
0.910635 -1.27994 17.987 190 190 190 255 
0.783588 -1.27722 18.0923 190 190 190 255 
0.177969 -1.27765 18.3474 190 190 190 255 
0.0118498 -1.27098 18.3477 190 190 190 255 
0.0119515 -1.27738 18.3592 190 190 190 255 
-0.15417 -1.27758 18.3504 190 190 190 255 
-0.318225 -1.27828 18.321 190 190 190 255 
-0.473028 -1.27305 18.2607 190 190 190 255 
-0.623562 -1.27472 18.1924 190 190 190 255 
-0.770809 -1.28327 18.1156 190 190 190 255 
-0.990607 -1.28825 17.9222 190 190 190 255 
-0.982155 -1.28185 17.9144 190 190 190 255 
-1.09499 -1.29174 17.7926 190 190 190 255 
-1.08564 -1.28534 17.7858 190 190 190 255 
-1.25193 -1.30007 17.4993 190 190 190 255 
-1.24121 -1.29367 17.495 190 190 190 255 
-1.33775 -1.31317 17.0215 190 190 190 255 
-1.38935 -1.32722 17.022 190 190 190 255 
-1.3772 -1.32627 17.022 190 190 190 255 
-1.36537 -1.32344 17.0219 190 190 190 255 
1.3172 -1.31039 17.328 190 190 190 255 
1.20042 -1.30117 17.6426 190 190 190 255 
1.21114 -1.30495 17.6482 190 190 190 255 
1.11365 -1.29718 17.7867 190 190 190 255 
0.797307 -1.28871 18.1113 190 190 190 255 
0.655724 -1.28649 18.2017 190 190 190 255 
0.347589 -1.28729 18.3383 190 190 190 255 
0.344518 -1.28351 18.3266 190 190 190 255 
0.181141 -1.28653 18.3712 190 190 190 255 
0.0121645 -1.28625 18.3832 190 190 190 255 
-0.156917 -1.28646 18.3743 190 190 190 255 
-0.323896 -1.28715 18.3443 190 190 190 255 
-0.485594 -1.28832 18.294 190 190 190 255 
-0.640131 -1.28999 18.2239 190 190 190 255 
-0.634474 -1.28621 18.2132 190 190 190 255 
-0.784555 -1.29214 18.1354 190 190 190 255 
-0.77762 -1.28836 18.1254 190 190 190 255 
-0.916931 -1.29478 18.0296 190 190 190 255 
-1.11454 -1.30061 17.8066 190 190 190 255 
-1.20379 -1.30456 17.6622 190 190 190 255 
-1.19314 -1.30078 17.6564 190 190 190 255 
-1.27432 -1.30893 17.5081 190 190 190 255 
-1.3135 -1.30993 17.3433 190 190 190 255 
-1.36212 -1.32266 17.0218 190 190 190 255 
-1.35787 -1.32165 17.0218 190 190 190 255 
1.27088 -1.21226 17.0183 190 190 190 255 
1.30128 -1.28758 17.1568 190 190 190 255 
1.31048 -1.29381 17.0209 190 190 190 255 
1.23298 -1.19131 17.3048 190 190 190 255 
1.2374 -1.20285 17.3063 190 190 190 255 
1.19342 -1.20994 17.4587 190 190 190 255 
1.19602 -1.222 17.46 190 190 190 255 
1.24168 -1.22681 17.308 190 190 190 255 
1.24567 -1.23883 17.3093 190 190 190 255 
1.21853 -1.26781 17.4696 190 190 190 255 
1.25745 -1.26194 17.3127 190 190 190 255 
1.12821 -1.19361 17.6023 190 190 190 255 
1.11603 -1.18133 17.6241 190 190 190 255 
1.19197 -1.19803 17.4578 190 190 190 255 
1.18979 -1.18646 17.4566 190 190 190 255 
1.04809 -1.20152 17.7391 190 190 190 255 
1.05032 -1.21358 17.741 190 190 190 255 
1.05361 -1.2256 17.7435 190 190 190 255 
1.07731 -1.26923 17.761 190 190 190 255 
1.15319 -1.26339 17.6171 190 190 190 255 
0.9464 -1.17457 17.8587 190 190 190 255 
0.949656 -1.18608 17.862 190 190 190 255 
0.896403 -1.26347 17.9714 190 190 190 255 
0.890258 -1.25364 17.9647 190 190 190 255 
0.9646 -1.24519 17.8768 190 190 190 255 
0.884898 -1.24296 17.9587 190 190 190 255 
0.880392 -1.23163 17.9537 190 190 190 255 
0.955728 -1.22207 17.8683 190 190 190 255 
0.950752 -1.198 17.8633 190 190 190 255 
0.858817 -1.17193 17.9536 190 190 190 255 
0.749761 -1.18113 18.0437 190 190 190 255 
0.871237 -1.18385 17.9428 190 190 190 255 
0.872232 -1.19577 17.9441 190 190 190 255 
0.750607 -1.19305 18.0452 190 190 190 255 
0.874064 -1.20782 17.9464 190 190 190 255 
0.754499 -1.21713 18.0511 190 190 190 255 
0.876777 -1.21984 17.9495 190 190 190 255 
0.766073 -1.25093 18.0677 190 190 190 255 
0.634391 -1.25854 18.1626 190 190 190 255 
0.761469 -1.24025 18.0612 190 190 190 255 
0.7576 -1.22891 18.0556 190 190 190 255 
0.752174 -1.20511 18.0476 190 190 190 255 
0.618646 -1.20288 18.1329 190 190 190 255 
0.617363 -1.19082 18.1304 190 190 190 255 
0.692649 -1.16849 18.0825 190 190 190 255 
0.616673 -1.17891 18.1288 190 190 190 255 
0.507568 -1.16591 18.1822 190 190 190 255 
0.47441 -1.18908 18.1984 190 190 190 255 
0.620552 -1.2149 18.1367 190 190 190 255 
0.478805 -1.22495 18.2102 190 190 190 255 
0.623096 -1.22668 18.1415 190 190 190 255 
0.626272 -1.23802 18.1475 190 190 190 255 
0.630054 -1.2487 18.1546 190 190 190 255 
0.484145 -1.24697 18.224 190 190 190 255 
0.333318 -1.25555 18.2835 190 190 190 255 
0.331042 -1.24572 18.2747 190 190 190 255 
0.481242 -1.23628 18.2165 190 190 190 255 
0.327394 -1.2237 18.2603 190 190 190 255 
0.476853 -1.21316 18.2051 190 190 190 255 
0.475392 -1.20114 18.2012 190 190 190 255 
0.325063 -1.19989 18.251 190 190 190 255 
0.324394 -1.18784 18.2481 190 190 190 255 
0.207143 -1.1638 18.2666 190 190 190 255 
0.324035 -1.17592 18.2465 190 190 190 255 
0.308696 -1.16421 18.2499 190 190 190 255 
0.169057 -1.18707 18.2789 190 190 190 255 
0.169925 -1.21115 18.2859 190 190 190 255 
0.326061 -1.21192 18.255 190 190 190 255 
0.171486 -1.23428 18.2981 190 190 190 255 
0.329059 -1.23504 18.2669 190 190 190 255 
0.172519 -1.24496 18.306 190 190 190 255 
0.170619 -1.22294 18.2914 190 190 190 255 
0.0115162 -1.234 18.3095 190 190 190 255 
0.169406 -1.19913 18.2818 190 190 190 255 
0.0113765 -1.19886 18.293 190 190 190 255 
0.0113531 -1.1868 18.2901 190 190 190 255 
0.168871 -1.17516 18.2773 190 190 190 255 
0.0113406 -1.17488 18.2885 190 190 190 255 
-0.145782 -1.16355 18.2767 190 190 190 255 
-0.146751 -1.19906 18.2846 190 190 190 255 
0.0114114 -1.21088 18.2972 190 190 190 255 
0.011458 -1.22266 18.3027 190 190 190 255 
0.0115856 -1.24468 18.3175 190 190 190 255 
0.0116652 -1.25452 18.3266 190 190 190 255 
-0.149449 -1.24489 18.3089 190 190 190 255 
-0.310599 -1.25541 18.2893 190 190 190 255 
-0.308478 -1.24558 18.2804 190 190 190 255 
-0.148554 -1.23421 18.3009 190 190 190 255 
-0.30663 -1.2349 18.2726 190 190 190 255 
-0.305079 -1.22356 18.266 190 190 190 255 
-0.147802 -1.22287 18.2942 190 190 190 255 
-0.303837 -1.21178 18.2607 190 190 190 255 
-0.147201 -1.21108 18.2888 190 190 190 255 
-0.302908 -1.19975 18.2566 190 190 190 255 
-0.14645 -1.187 18.2817 190 190 190 255 
-0.302284 -1.1877 18.2538 190 190 190 255 
-0.146288 -1.17509 18.2801 190 190 190 255 
-0.30195 -1.17578 18.2521 190 190 190 255 
-0.465653 -1.25659 18.241 190 190 190 255 
-0.462472 -1.24676 18.2324 190 190 190 255 
-0.4597 -1.23607 18.2249 190 190 190 255 
-0.454112 -1.20093 18.2095 190 190 190 255 
-0.442668 -1.16536 18.2043 190 190 190 255 
-0.820842 -1.17114 17.983 190 190 190 255 
-0.6929 -1.16849 18.0823 190 190 190 255 
-0.451428 -1.16543 18.2013 190 190 190 255 
-0.75231 -1.26041 18.0888 190 190 190 255 
-0.609638 -1.24842 18.1657 190 190 190 255 
-0.747161 -1.25058 18.0813 190 190 190 255 
-0.742671 -1.2399 18.0746 190 190 190 255 
-0.602907 -1.2264 18.1525 190 190 190 255 
-0.738899 -1.22856 18.069 190 190 190 255 
-0.73361 -1.20476 18.0609 190 190 190 255 
-0.597362 -1.19054 18.1412 190 190 190 255 
-0.596695 -1.17863 18.1397 190 190 190 255 
-0.731258 -1.18078 18.057 190 190 190 255 
-0.879221 -1.26305 17.9873 190 190 190 255 
-0.873195 -1.25322 17.9804 190 190 190 255 
-0.735876 -1.21678 18.0644 190 190 190 255 
-0.859977 -1.21942 17.9651 190 190 190 255 
-0.857318 -1.2074 17.9618 190 190 190 255 
-0.732083 -1.1927 18.0585 190 190 190 255 
-0.855523 -1.19534 17.9596 190 190 190 255 
-1.03844 -1.18926 17.75 190 190 190 255 
-1.00107 -1.17622 17.7995 190 190 190 255 
-0.854548 -1.18343 17.9582 190 190 190 255 
-0.858917 -1.17193 17.9535 190 190 190 255 
-0.854027 -1.17183 17.9573 190 190 190 255 
-0.96016 -1.25556 17.8937 190 190 190 255 
-0.954372 -1.24488 17.8882 190 190 190 255 
-1.04947 -1.23703 17.7591 190 190 190 255 
-0.940676 -1.19768 17.8745 190 190 190 255 
-1.03966 -1.20118 17.7512 190 190 190 255 
-0.939594 -1.18577 17.8732 190 190 190 255 
-0.975797 -1.17546 17.8269 190 190 190 255 
-1.12139 -1.19322 17.6153 190 190 190 255 
-1.10148 -1.18069 17.6462 190 190 190 255 
-1.04187 -1.21323 17.7531 190 190 190 255 
-1.04514 -1.22525 17.7557 190 190 190 255 
-1.1334 -1.24099 17.623 190 190 190 255 
-1.05487 -1.24837 17.7632 190 190 190 255 
-1.06129 -1.25905 17.768 190 190 190 255 
-1.06863 -1.26888 17.7734 190 190 190 255 
-1.12034 -1.18163 17.6145 190 190 190 255 
-1.12273 -1.20513 17.6163 190 190 190 255 
-1.19086 -1.22157 17.4737 190 190 190 255 
-1.12514 -1.21719 17.6179 190 190 190 255 
-1.19465 -1.23359 17.4755 190 190 190 255 
-1.12869 -1.22921 17.6201 190 190 190 255 
-1.19966 -1.24537 17.4778 190 190 190 255 
-1.13925 -1.25232 17.6264 190 190 190 255 
-1.21326 -1.26738 17.4836 190 190 190 255 
-1.1462 -1.263 17.6304 190 190 190 255 
-1.22933 -1.19085 17.3192 190 190 190 255 
-1.18683 -1.19761 17.4715 190 190 190 255 
-1.29053 -1.27726 17.1707 190 190 190 255 
-1.26165 -1.27215 17.3295 190 190 190 255 
-1.28261 -1.26658 17.1695 190 190 190 255 
-1.25394 -1.26147 17.3273 190 190 190 255 
-1.24744 -1.25014 17.3254 190 190 190 255 
-1.27052 -1.24347 17.1673 190 190 190 255 
-1.23822 -1.22634 17.3224 190 190 190 255 
-1.26641 -1.23145 17.1665 190 190 190 255 
-1.23549 -1.21429 17.3214 190 190 190 255 
-1.27066 -1.21392 17.0184 190 190 190 255 
-1.27058 -1.21249 17.0184 190 190 190 255 
-1.25784 -1.19593 17.1645 190 190 190 255 
1.28382 -1.29125 17.3197 190 190 190 255 
0.984613 -1.27451 17.8953 190 190 190 255 
0.903235 -1.27228 17.9789 190 190 190 255 
0.977158 -1.2657 17.8885 190 190 190 255 
0.771353 -1.26076 18.0752 190 190 190 255 
0.487475 -1.2568 18.2325 190 190 190 255 
0.33585 -1.26436 18.2933 190 190 190 255 
0.175025 -1.2636 18.3251 190 190 190 255 
0.173705 -1.25479 18.3151 190 190 190 255 
-0.151619 -1.26353 18.328 190 190 190 255 
-0.150476 -1.25472 18.318 190 190 190 255 
-0.618503 -1.26707 18.1828 190 190 190 255 
-0.613835 -1.25826 18.1738 190 190 190 255 
-0.758036 -1.26922 18.0972 190 190 190 255 
-0.885921 -1.27186 17.9949 190 190 190 255 
-0.974169 -1.2742 17.9069 190 190 190 255 
-0.966794 -1.26539 17.9 190 190 190 255 
-1.0768 -1.27769 17.7794 190 190 190 255 
-1.15416 -1.27283 17.6349 190 190 190 255 
-1.28022 -1.29079 17.3346 190 190 190 255 
-1.27045 -1.28198 17.3319 190 190 190 255 
-1.30959 -1.29589 17.1735 190 190 190 255 
-1.29957 -1.28709 17.1721 190 190 190 255 
1.27 -1.65218 9.15397 190 190 190 255 
1.27 -1.66845 8.97167 190 190 190 255 
1.27 -1.54185 10.5789 190 190 190 255 
1.2984 -1.34015 15.4104 190 190 190 255 
1.30741 -1.29045 17.0208 190 190 190 255 
1.2709 -1.21246 17.0184 190 190 190 255 
1.29634 -1.2783 17.0204 190 190 190 255 
1.2907 -1.3296 15.41 190 190 190 255 
1.29108 -1.2701 17.0202 190 190 190 255 
1.27515 -1.23575 17.0191 190 190 190 255 
1.28467 -1.26013 17.0199 190 190 190 255 
1.27967 -1.24829 17.0195 190 190 190 255 
1.27892 -1.30688 15.409 190 190 190 255 
1.2749 -1.29508 15.4085 190 190 190 255 
1.27931 -1.24744 17.0195 190 190 190 255 
1.397 -1.34755 16.4323 190 190 190 255 
1.38559 -1.32724 17.022 190 190 190 255 
1.36435 -1.32356 17.0219 190 190 190 255 
1.37396 -1.32531 17.0219 190 190 190 255 
1.27051 -1.27157 15.4075 190 190 190 255 
1.27212 -1.28326 15.408 190 190 190 255 
1.27212 -1.35957 13.7978 190 190 190 255 
1.27892 -1.38317 13.7991 190 190 190 255 
1.28419 -1.31845 15.4095 190 190 190 255 
1.2907 -1.40589 13.8003 190 190 190 255 
1.2984 -1.41643 13.8008 190 190 190 255 
1.3072 -1.42617 13.8013 190 190 190 255 
1.3072 -1.34989 15.4108 190 190 190 255 
1.3275 -1.36637 15.4115 190 190 190 255 
1.33867 -1.37288 15.4118 190 190 190 255 
1.33867 -1.44915 13.8025 190 190 190 255 
1.35025 -1.45441 13.8028 190 190 190 255 
1.35025 -1.37815 15.412 190 190 190 255 
1.37389 -1.38494 15.4123 190 190 190 255 
1.37389 -1.4612 13.8032 190 190 190 255 
1.36205 -1.38216 15.4122 190 190 190 255 
1.38425 -1.38975 15.4125 190 190 190 255 
1.397 -1.47132 13.8037 190 190 190 255 
1.27212 -1.45288 12.1886 190 190 190 255 
1.2749 -1.4647 12.1894 190 190 190 255 
1.27212 -1.5632 10.5805 190 190 190 255 
1.2749 -1.57501 10.5814 190 190 190 255 
1.27892 -1.58678 10.5822 190 190 190 255 
1.28419 -1.59833 10.5831 190 190 190 255 
1.2907 -1.60946 10.5839 190 190 190 255 
1.2984 -1.61999 10.5847 190 190 190 255 
1.3072 -1.51944 12.1928 190 190 190 255 
1.31695 -1.52822 12.1934 190 190 190 255 
1.3275 -1.53591 12.1939 190 190 190 255 
1.3275 -1.64617 10.5866 190 190 190 255 
1.35025 -1.54767 12.1946 190 190 190 255 
1.33867 -1.65266 10.5871 190 190 190 255 
1.35025 -1.65792 10.5875 190 190 190 255 
1.36205 -1.66192 10.5878 190 190 190 255 
1.37389 -1.55445 12.195 190 190 190 255 
1.37389 -1.6647 10.588 190 190 190 255 
1.38473 -1.55852 12.1953 190 190 190 255 
1.2984 -1.74726 8.97833 190 190 190 255 
1.2725 -1.83473 7.36818 190 190 190 255 
1.27253 -1.83487 7.3682 190 190 190 255 
1.27212 -1.69052 8.97353 190 190 190 255 
1.27428 -1.84439 7.3691 190 190 190 255 
1.2749 -1.70232 8.97453 190 190 190 255 
1.27504 -1.84654 7.36931 190 190 190 255 
1.27892 -1.71408 8.97553 190 190 190 255 
1.27051 -1.67887 8.97255 190 190 190 255 
1.27057 -1.82322 7.36709 190 190 190 255 
1.27065 -1.82467 7.36723 190 190 190 255 
1.397 -1.56299 12.1956 190 190 190 255 
1.38666 -1.93742 7.37796 190 190 190 255 
1.38562 -1.93734 7.37795 190 190 190 255 
1.397 -1.79586 8.98245 190 190 190 255 
1.38559 -1.79353 8.98224 190 190 190 255 
1.37721 -1.93668 7.37789 190 190 190 255 
1.36212 -1.93309 7.37755 190 190 190 255 
1.35125 -1.9293 7.37719 190 190 190 255 
1.30404 -1.89796 7.3742 190 190 190 255 
1.30739 -1.90099 7.37449 190 190 190 255 
1.32775 -1.91724 7.37604 190 190 190 255 
1.3284 -1.91766 7.37608 190 190 190 255 
1.31695 -1.35868 15.4112 190 190 190 255 
1.27 -1.33902 13.7967 190 190 190 255 
1.27051 -1.34789 13.7972 190 190 190 255 
1.27051 -1.44121 12.1879 190 190 190 255 
1.2749 -1.37139 13.7984 190 190 190 255 
1.28419 -1.39474 13.7997 190 190 190 255 
1.27892 -1.47648 12.1901 190 190 190 255 
1.28419 -1.48803 12.1908 190 190 190 255 
1.2907 -1.49918 12.1915 190 190 190 255 
1.2984 -1.50971 12.1922 190 190 190 255 
1.31695 -1.43495 13.8018 190 190 190 255 
1.3275 -1.44264 13.8022 190 190 190 255 
1.33867 -1.54241 12.1943 190 190 190 255 
1.36205 -1.45842 13.803 190 190 190 255 
1.36205 -1.55167 12.1949 190 190 190 255 
1.38437 -1.46584 13.8034 190 190 190 255 
1.397 -1.51499 12.8763 190 190 190 255 
1.27051 -1.55154 10.5796 190 190 190 255 
1.28419 -1.72562 8.9765 190 190 190 255 
1.2907 -1.73674 8.97744 190 190 190 255 
1.3072 -1.62972 10.5854 190 190 190 255 
1.3072 -1.75698 8.97915 190 190 190 255 
1.31695 -1.63849 10.5861 190 190 190 255 
1.31695 -1.76574 8.97989 190 190 190 255 
1.3275 -1.77342 8.98054 190 190 190 255 
1.33867 -1.77991 8.98109 190 190 190 255 
1.35025 -1.78516 8.98154 190 190 190 255 
1.36205 -1.78916 8.98187 190 190 190 255 
1.37389 -1.79193 8.98211 190 190 190 255 
1.38401 -1.66982 10.5884 190 190 190 255 
-2.40642 -1.11175 16.9545 190 190 190 255 
-1.24625 -2.26051 4.32022 190 190 190 255 
-1.40365 -2.23217 4.40558 190 190 190 255 
-1.46776 -2.1351 5.3981 190 190 190 255 
-1.3307 -2.24858 4.36537 190 190 190 255 
-1.26381 -2.24686 4.43866 190 190 190 255 
-1.48584 -2.20666 4.45226 190 190 190 255 
-1.48433 -2.2074 4.45135 190 190 190 255 
-1.64085 -2.1218 4.54693 190 190 190 255 
-1.6875 -2.06867 5.3651 190 190 190 255 
-1.58599 -2.15797 4.51238 190 190 190 255 
-1.81 -1.98506 5.34166 190 190 190 255 
-2.22565 -1.50368 9.0912 190 190 190 255 
-2.21135 -1.52561 8.88488 190 190 190 255 
-2.20549 -1.52421 9.61804 190 190 190 255 
-2.20969 -1.52787 8.86542 190 190 190 255 
-2.25468 -1.46056 9.61042 190 190 190 255 
-2.28817 -1.40779 9.99315 190 190 190 255 
-2.33642 -1.321 11.4961 190 190 190 255 
-2.45083 -1.09928 13.6008 190 190 190 255 
-2.45943 -1.04292 16.9498 190 190 190 255 
-2.48473 -1.01531 15.915 190 190 190 255 
-2.49821 -0.978882 16.9459 190 190 190 255 
-2.50915 -0.959398 15.9125 190 190 190 255 
-2.49847 -0.978454 16.9459 190 190 190 255 
-2.41062 -1.10685 16.9542 190 190 190 255 
-2.44373 -1.08561 15.9183 190 190 190 255 
-2.29524 -1.21376 16.963 190 190 190 255 
-2.28189 -1.25068 15.9271 190 190 190 255 
-2.15636 -1.28577 16.9722 190 190 190 255 
-2.15936 -1.28455 16.972 190 190 190 255 
-1.94922 -1.46774 13.6327 190 190 190 255 
-1.90664 -1.39132 15.3118 190 190 190 255 
-2.46366 -1.07142 13.9807 190 190 190 255 
-2.44038 -1.12237 13.6023 190 190 190 255 
-2.39938 -1.19259 13.6071 190 190 190 255 
-2.40137 -1.20328 12.235 190 190 190 255 
-2.36848 -1.26681 11.4913 190 190 190 255 
-1.85095 -1.51685 12.8764 190 190 190 255 
-1.83278 -1.55521 12.2166 190 190 190 255 
-1.80497 -1.73397 9.65534 190 190 190 255 
-1.88642 -1.5954 11.531 190 190 190 255 
-1.80785 -1.60156 11.5342 190 190 190 255 
-2.39449 -1.14959 15.9215 190 190 190 255 
-2.35015 -1.25649 13.6117 190 190 190 255 
-2.2872 -1.38479 11.5022 190 190 190 255 
-2.26155 -1.44861 9.60917 190 190 190 255 
-1.71838 -1.7536 9.46991 190 190 190 255 
-1.70965 -1.766 9.32522 190 190 190 255 
-2.2937 -1.31317 13.6161 190 190 190 255 
-2.1491 -1.58063 9.62544 190 190 190 255 
-2.05005 -1.7219 7.97627 190 190 190 255 
-2.10638 -1.66566 7.96723 190 190 190 255 
-1.59266 -2.00991 6.59727 190 190 190 255 
-1.55739 -1.96749 7.07389 190 190 190 255 
-1.63868 -1.86676 8.14944 190 190 190 255 
-2.06932 -1.34738 15.934 190 190 190 255 
-1.99349 -1.36128 15.9356 190 190 190 255 
-2.02504 -1.45391 13.6301 190 190 190 255 
-1.7063 -1.87435 8.01403 190 190 190 255 
-1.54308 -2.12218 5.38786 190 190 190 255 
-1.41396 -2.22901 4.41142 190 190 190 255 
-1.96221 -1.58167 11.5273 190 190 190 255 
-2.03629 -1.55866 11.5231 190 190 190 255 
-1.95475 -1.69751 9.64475 190 190 190 255 
-1.88071 -1.72038 9.65037 190 190 190 255 
-1.78195 -1.86093 8.00755 190 190 190 255 
-1.85591 -1.83825 8.00035 190 190 190 255 
-1.66818 -1.99672 6.58905 190 190 190 255 
-1.74202 -1.97426 6.58004 190 190 190 255 
-1.56499 -2.16818 4.49978 190 190 190 255 
-2.14344 -1.3242 15.932 190 190 190 255 
-2.2147 -1.29186 15.9297 190 190 190 255 
-2.09915 -1.43079 13.6271 190 190 190 255 
-2.1704 -1.39852 13.6237 190 190 190 255 
-2.10751 -1.5265 11.5183 190 190 190 255 
-2.02592 -1.66549 9.63854 190 190 190 255 
-1.61672 -2.09999 5.37681 190 190 190 255 
-1.57536 -2.16314 4.506 190 190 190 255 
-1.92701 -1.80642 7.99251 190 190 190 255 
-1.99403 -1.76576 7.98415 190 190 190 255 
-1.8799 -1.90223 6.5602 190 190 190 255 
-1.81299 -1.94266 6.57038 190 190 190 255 
-1.75423 -2.0285 5.35292 190 190 190 255 
-2.30038 -1.21065 16.9627 190 190 190 255 
-2.23757 -1.35743 13.6198 190 190 190 255 
-2.33803 -1.20635 15.9246 190 190 190 255 
-2.17466 -1.48551 11.5131 190 190 190 255 
-2.23077 -1.44135 11.5081 190 190 190 255 
-2.09302 -1.62465 9.63184 190 190 190 255 
-1.93582 -1.85856 6.55071 190 190 190 255 
-0.734382 -2.06401 3.59877 190 190 190 255 
0.0587163 -2.30261 2.67937 190 190 190 255 
0.211905 -2.413 3.03659 190 190 190 255 
0.21568 -2.413 3.0402 190 190 190 255 
0.231284 -2.413 3.04763 190 190 190 255 
-1.25638 -2.06675 3.97049 190 190 190 255 
-1.41612 -2.02983 4.10474 190 190 190 255 
-1.25416 -2.09208 3.97617 190 190 190 255 
-1.41159 -2.09081 4.11682 190 190 190 255 
-1.40913 -2.10117 4.12074 190 190 190 255 
-1.4084 -2.10428 4.12192 190 190 190 255 
-1.40275 -2.12819 4.13097 190 190 190 255 
-1.24424 -2.14225 3.99421 190 190 190 255 
-1.23644 -2.16613 4.00657 190 190 190 255 
-1.38964 -2.16289 4.14955 190 190 190 255 
-1.37258 -2.19365 4.17206 190 190 190 255 
-1.38446 -2.17224 4.15639 190 190 190 255 
-1.35792 -2.21192 4.19047 190 190 190 255 
-1.37137 -2.19547 4.17363 190 190 190 255 
-1.34405 -2.22643 4.20758 190 190 190 255 
-1.34319 -2.22714 4.20861 190 190 190 255 
-1.31148 -2.24856 4.24634 190 190 190 255 
-1.29469 -2.25584 4.26584 190 190 190 255 
-1.27741 -2.25973 4.2855 190 190 190 255 
-1.27767 -2.25967 4.2852 190 190 190 255 
-1.26096 -2.26068 4.30389 190 190 190 255 
-0.927272 -2.29028 4.06476 190 190 190 255 
-1.26084 -2.26068 4.30402 190 190 190 255 
-1.02293 -2.28215 4.13394 190 190 190 255 
-0.941729 -2.29159 4.0452 190 190 190 255 
-0.781151 -2.30269 3.95909 190 190 190 255 
-0.23608 -2.34335 3.61786 190 190 190 255 
-0.305169 -2.34002 3.63754 190 190 190 255 
-0.29432 -2.33902 3.65405 190 190 190 255 
-0.583826 -2.31976 3.80697 190 190 190 255 
-0.571614 -2.31837 3.82685 190 190 190 255 
0.0665589 -2.37924 3.31413 190 190 190 255 
-0.0176016 -2.36754 3.41005 190 190 190 255 
0.0183171 -2.36921 3.40423 190 190 190 255 
-0.111631 -2.35472 3.52365 190 190 190 255 
0.185271 -2.39814 3.16809 190 190 190 255 
0.136122 -2.39176 3.2121 190 190 190 255 
0.209418 -2.40518 3.11121 190 190 190 255 
0.226694 -2.413 3.04656 190 190 190 255 
0.216498 -2.413 3.04098 190 190 190 255 
0.221182 -2.413 3.04417 190 190 190 255 
0.22576 -2.413 3.04624 190 190 190 255 
0.200614 -2.413 3.01797 190 190 190 255 
0.207014 -2.413 3.03014 190 190 190 255 
0.186978 -2.413 2.95638 190 190 190 255 
0.182091 -2.41107 2.97845 190 190 190 255 
0.144995 -2.39811 3.08281 190 190 190 255 
0.191136 -2.413 2.98167 190 190 190 255 
0.163653 -2.413 2.79034 190 190 190 255 
0.146193 -2.41072 2.69301 190 190 190 255 
0.148804 -2.41283 2.69328 190 190 190 255 
0.157495 -2.413 2.74698 190 190 190 255 
0.144797 -2.40437 2.74495 190 190 190 255 
0.116281 -2.38663 2.69 190 190 190 255 
0.124186 -2.393 2.69079 190 190 190 255 
0.104168 -2.37301 2.68828 190 190 190 255 
0.0656699 -2.31897 2.68144 190 190 190 255 
0.0494246 -2.27706 2.67614 190 190 190 255 
0.0516225 -2.28593 2.67726 190 190 190 255 
0.0551823 -2.2943 2.67832 190 190 190 255 
0.0430195 -2.25121 2.67287 190 190 190 255 
0.0397172 -2.22568 2.66963 190 190 190 255 
0.0378524 -2.21981 2.71652 190 190 190 255 
0.0118597 -2.17146 2.87084 190 190 190 255 
0.0253726 -2.17998 2.81981 190 190 190 255 
0.0292046 -2.18634 2.78081 190 190 190 255 
0.00485477 -2.16704 2.8973 190 190 190 255 
0.00732868 -2.17158 2.89851 190 190 190 255 
-0.00771181 -2.15911 2.94476 190 190 190 255 
-0.0223082 -2.16115 2.98206 190 190 190 255 
-0.023818 -2.15313 2.98038 190 190 190 255 
-0.0639391 -2.15094 3.06418 190 190 190 255 
-0.0647183 -2.13945 3.06224 190 190 190 255 
-0.051989 -2.14268 3.04268 190 190 190 255 
-0.111932 -2.12746 3.1348 190 190 190 255 
-0.11721 -2.12654 3.14066 190 190 190 255 
-0.153126 -2.1203 3.18055 190 190 190 255 
-0.183797 -2.13188 3.21835 190 190 190 255 
-0.232033 -2.10789 3.26126 190 190 190 255 
-0.273414 -2.10285 3.2959 190 190 190 255 
-0.323237 -2.09678 3.33761 190 190 190 255 
-0.680766 -2.06791 3.56444 190 190 190 255 
-0.489822 -2.08181 3.44957 190 190 190 255 
-0.432506 -2.08696 3.41105 190 190 190 255 
-0.704963 -2.08785 3.58012 190 190 190 255 
-0.947219 -2.04852 3.73509 190 190 190 255 
-1.41613 -2.00818 4.10222 190 190 190 255 
-1.25507 -2.02294 3.96695 190 190 190 255 
0.0844606 -2.34535 2.7346 190 190 190 255 
0.102331 -2.36728 2.73823 190 190 190 255 
0.0914463 -2.35411 2.84286 190 190 190 255 
0.0702229 -2.34223 2.93779 190 190 190 255 
0.053018 -2.32079 2.93019 190 190 190 255 
0.0214309 -2.3097 3.01911 190 190 190 255 
-0.079634 -2.28858 3.18967 190 190 190 255 
-0.13695 -2.29929 3.28466 190 190 190 255 
-0.242394 -2.26844 3.35373 190 190 190 255 
-0.406128 -2.25409 3.47169 190 190 190 255 
-0.670817 -2.25424 3.65608 190 190 190 255 
-0.680157 -2.23398 3.6383 190 190 190 255 
-1.05143 -2.2045 3.88562 190 190 190 255 
0.0569895 -2.29683 2.72715 190 190 190 255 
0.0587844 -2.30899 2.83188 190 190 190 255 
0.00743786 -2.28669 3.01029 190 190 190 255 
-0.0916772 -2.26596 3.17756 190 190 190 255 
-0.101425 -2.24191 3.16706 190 190 190 255 
-0.160653 -2.25628 3.25618 190 190 190 255 
-0.252072 -2.2461 3.33922 190 190 190 255 
-0.421177 -2.20811 3.44299 190 190 190 255 
-0.694516 -2.18803 3.60922 190 190 190 255 
-1.06778 -2.15834 3.85795 190 190 190 255 
0.0847365 -2.34949 2.6853 190 190 190 255 
0.0692782 -2.3217 2.73088 190 190 190 255 
0.0737872 -2.33243 2.83726 190 190 190 255 
0.0384011 -2.29756 2.92311 190 190 190 255 
-0.0360785 -2.27604 3.09604 190 190 190 255 
-0.0229724 -2.29885 3.1066 190 190 190 255 
-0.149765 -2.27875 3.26959 190 190 190 255 
-0.414445 -2.23185 3.45621 190 190 190 255 
-0.688093 -2.21176 3.62261 190 190 190 255 
-1.06046 -2.18216 3.8707 190 190 190 255 
0.0413464 -2.24541 2.71991 190 190 190 255 
0.0115095 -2.22203 2.90599 190 190 190 255 
0.0176127 -2.24769 2.91094 190 190 190 255 
-0.0124632 -2.23711 2.99566 190 190 190 255 
-0.0183058 -2.21155 2.99 190 190 190 255 
-0.0601904 -2.20128 3.07259 190 190 190 255 
-0.108805 -2.21694 3.15828 190 190 190 255 
-0.176137 -2.20747 3.23505 190 190 190 255 
-0.429746 -2.15812 3.42379 190 190 190 255 
-0.426274 -2.18337 3.43217 190 190 190 255 
-0.702693 -2.13804 3.58983 190 190 190 255 
-1.07332 -2.13353 3.8475 190 190 190 255 
0.0262096 -2.18272 2.81079 190 190 190 255 
-0.0215261 -2.18609 2.98548 190 190 190 255 
-0.116605 -2.16616 3.14603 190 190 190 255 
-0.117278 -2.14124 3.14246 190 190 190 255 
-0.183189 -2.15679 3.22197 190 190 190 255 
-0.272643 -2.12196 3.29911 190 190 190 255 
-0.431661 -2.13283 3.4178 190 190 190 255 
-0.432125 -2.10793 3.4141 190 190 190 255 
-1.07917 -2.08292 3.83359 190 190 190 255 
0.0311829 -2.23308 2.81787 190 190 190 255 
0.0277302 -2.20752 2.81411 190 190 190 255 
0.00814564 -2.19653 2.90185 190 190 190 255 
-0.0632066 -2.17587 3.06768 190 190 190 255 
-0.113834 -2.19153 3.15128 190 190 190 255 
-0.180683 -2.18213 3.22751 190 190 190 255 
-0.269875 -2.17218 3.30856 190 190 190 255 
-0.272103 -2.14687 3.30278 190 190 190 255 
-0.704519 -2.11276 3.58381 190 190 190 255 
0.0476856 -2.27123 2.72347 190 190 190 255 
0.046641 -2.28429 2.8268 190 190 190 255 
0.0374472 -2.25882 2.82212 190 190 190 255 
0.02657 -2.27303 2.91666 190 190 190 255 
-0.00388816 -2.26233 3.00244 190 190 190 255 
-0.0466866 -2.25184 3.08679 190 190 190 255 
-0.0547181 -2.22676 3.07896 190 190 190 255 
-0.169465 -2.23236 3.24462 190 190 190 255 
-0.259905 -2.22228 3.32678 190 190 190 255 
-0.265835 -2.19747 3.31655 190 190 190 255 
-0.699379 -2.16329 3.59828 190 190 190 255 
-1.29427 -2.25594 4.26632 190 190 190 255 
-0.956567 -2.29053 4.02488 190 190 190 255 
-0.610082 -2.31535 3.76325 190 190 190 255 
-0.596857 -2.31888 3.78543 190 190 190 255 
-0.0354787 -2.36625 3.39235 190 190 190 255 
-0.0536242 -2.3623 3.37407 190 190 190 255 
0.0267125 -2.3735 3.28252 190 190 190 255 
0.0467841 -2.3777 3.2986 190 190 190 255 
0.168316 -2.40297 3.09337 190 190 190 255 
0.191292 -2.40517 3.10346 190 190 190 255 
0.114602 -2.38991 3.19915 190 190 190 255 
-0.124922 -2.35569 3.50762 190 190 190 255 
-0.140812 -2.35461 3.4881 190 190 190 255 
-0.318825 -2.33912 3.61639 190 190 190 255 
-1.32568 -2.24153 4.22974 190 190 190 255 
-0.360077 -2.31982 3.55053 190 190 190 255 
-0.346523 -2.32918 3.57253 190 190 190 255 
-0.188811 -2.33477 3.42714 190 190 190 255 
-0.0894801 -2.34578 3.33688 190 190 190 255 
-0.071737 -2.35552 3.35548 190 190 190 255 
-0.0129496 -2.35646 3.24968 190 190 190 255 
0.00667701 -2.36645 3.26612 190 190 190 255 
0.121716 -2.39041 3.07192 190 190 190 255 
0.157774 -2.40302 2.97048 190 190 190 255 
-0.203936 -2.32227 3.40717 190 190 190 255 
-0.122431 -2.31751 3.30112 190 190 190 255 
-0.0493986 -2.32773 3.2179 190 190 190 255 
-0.0317728 -2.34352 3.2335 190 190 190 255 
0.0099313 -2.33846 3.13092 190 190 190 255 
0.0565613 -2.34984 3.03908 190 190 190 255 
0.0897148 -2.36146 2.94578 190 190 190 255 
0.111107 -2.37814 2.95399 190 190 190 255 
0.111453 -2.37363 2.84856 190 190 190 255 
0.126483 -2.39485 2.69103 190 190 190 255 
0.156859 -2.40484 2.85987 190 190 190 255 
0.13341 -2.39062 2.85427 190 190 190 255 
0.133953 -2.39204 2.96228 190 190 190 255 
0.0989114 -2.37977 3.06087 190 190 190 255 
0.0770407 -2.36621 3.04985 190 190 190 255 
0.0291126 -2.35452 3.14424 190 190 190 255 
0.049597 -2.36775 3.15798 190 190 190 255 
-0.106497 -2.33308 3.31865 190 190 190 255 
-0.636217 -2.29965 3.7184 190 190 190 255 
-0.373076 -2.30748 3.52902 190 190 190 255 
-0.64862 -2.28733 3.69653 190 190 190 255 
-1.01551 -2.25828 3.94083 190 190 190 255 
-1.00139 -2.27077 3.96153 190 190 190 255 
0.0927593 -2.3854 3.18568 190 190 190 255 
0.0709557 -2.37805 3.17188 190 190 190 255 
-0.156941 -2.35088 3.46797 190 190 190 255 
-0.17304 -2.34431 3.44753 190 190 190 255 
-0.332686 -2.33557 3.59461 190 190 190 255 
-0.971628 -2.28683 4.00393 190 190 190 255 
-0.623284 -2.30898 3.74078 190 190 190 255 
-0.986662 -2.28028 3.9827 190 190 190 255 
-1.29851 -2.25499 4.2615 190 190 190 255 
-1.19608 -2.02834 3.91741 190 190 190 255 
-1.25691 -2.04182 3.96693 190 190 190 255 
-1.07967 -2.058 3.82998 190 190 190 255 
-1.07709 -2.10824 3.83939 190 190 190 255 
-1.25014 -2.1174 3.98406 190 190 190 255 
-1.22681 -2.18853 4.02102 190 190 190 255 
-1.21548 -2.20899 4.03733 190 190 190 255 
-1.04079 -2.22488 3.9025 190 190 190 255 
-1.02874 -2.24292 3.92102 190 190 190 255 
-0.660234 -2.27213 3.67561 190 190 190 255 
-0.396339 -2.27436 3.48921 190 190 190 255 
-0.385248 -2.29226 3.50844 190 190 190 255 
-0.231004 -2.28884 3.3701 190 190 190 255 
-0.218099 -2.30689 3.38803 190 190 190 255 
-0.0654585 -2.30931 3.20319 190 190 190 255 
-0.00754591 -2.31979 3.11829 190 190 190 255 
0.0379014 -2.33089 3.02877 190 190 190 255 
0.122577 -2.38707 2.7417 190 190 190 255 
0.203707 -2.413 2.79318 190 190 190 255 
0.160492 -2.413 2.72718 190 190 190 255 
0.178399 -2.413 2.90418 190 190 190 255 
0.361685 -2.413 2.94312 190 190 190 255 
0.374018 -2.413 2.94994 190 190 190 255 
0.441004 -2.413 2.98693 190 190 190 255 
0.44958 -2.413 2.99167 190 190 190 255 
0.545235 -2.413 3.02589 190 190 190 255 
0.58639 -2.413 3.03391 190 190 190 255 
0.636238 -2.413 3.04363 190 190 190 255 
0.23625 -2.413 3.048 190 190 190 255 
0.660144 -2.413 3.04502 190 190 190 255 
0.176716 -2.413 2.88964 190 190 190 255 
0.173719 -2.413 2.86373 190 190 190 255 
0.172155 -2.413 2.85022 190 190 190 255 
0.312052 -2.413 2.90436 190 190 190 255 
0.198567 -2.413 3.012 190 190 190 255 
0.193867 -2.413 2.99829 190 190 190 255 
0.280808 -2.413 2.87997 190 190 190 255 
0.830522 -2.413 3.0367 190 190 190 255 
1.11654 -2.413 2.958 190 190 190 255 
1.01507 -2.413 3.048 190 190 190 255 
1.11285 -2.413 2.90487 190 190 190 255 
0.907095 -2.413 3.01537 190 190 190 255 
0.975904 -2.413 2.98759 190 190 190 255 
1.03921 -2.413 3.04419 190 190 190 255 
1.03131 -2.413 2.96149 190 190 190 255 
1.10506 -2.413 2.91028 190 190 190 255 
1.04222 -2.413 2.95391 190 190 190 255 
1.09563 -2.413 2.99647 190 190 190 255 
1.98993 -1.36663 15.8036 190 190 190 255 
2.40134 -1.20316 12.2416 190 190 190 255 
2.48274 -1.0205 15.7824 190 190 190 255 
2.50728 -0.964817 15.7798 190 190 190 255 
2.43041 -1.14484 12.9561 190 190 190 255 
2.46041 -1.07611 14.5111 190 190 190 255 
2.46088 -1.0768 13.9249 190 190 190 255 
2.37704 -1.2519 11.6444 190 190 190 255 
2.28474 -1.41208 10.2304 190 190 190 255 
2.24664 -1.47315 9.3661 190 190 190 255 
2.23612 -1.48827 9.23071 190 190 190 255 
2.22547 -1.50358 9.09353 190 190 190 255 
2.12499 -1.64096 8.24096 190 190 190 255 
2.15808 -1.59978 8.23512 190 190 190 255 
2.16208 -1.59467 8.27748 190 190 190 255 
1.94917 -1.84374 6.69877 190 190 190 255 
2.00065 -1.79134 6.68906 190 190 190 255 
1.61701 -2.14542 4.17266 190 190 190 255 
1.63895 -2.12786 4.29045 190 190 190 255 
1.82644 -1.96894 5.37841 190 190 190 255 
1.49048 -2.23518 3.59207 190 190 190 255 
1.20693 -2.39766 2.70153 190 190 190 255 
1.20836 -2.39719 2.69737 190 190 190 255 
1.20862 -2.39711 2.69663 190 190 190 255 
1.22753 -2.38971 2.63416 190 190 190 255 
1.24324 -2.38107 2.68703 190 190 190 255 
1.22224 -2.39227 2.65479 190 190 190 255 
1.23859 -2.38397 2.68847 190 190 190 255 
1.14359 -2.413 2.87804 190 190 190 255 
1.15422 -2.41141 2.8498 190 190 190 255 
1.15544 -2.41122 2.84655 190 190 190 255 
1.3253 -2.32361 3.43721 190 190 190 255 
1.16484 -2.40981 2.82157 190 190 190 255 
1.17463 -2.40834 2.79556 190 190 190 255 
1.3954 -2.29322 3.42022 190 190 190 255 
1.18345 -2.40543 2.76989 190 190 190 255 
1.19139 -2.4028 2.74678 190 190 190 255 
1.2524 -2.34485 3.45362 190 190 190 255 
1.08407 -2.413 3.01141 190 190 190 255 
1.13723 -2.413 2.90017 190 190 190 255 
1.13866 -2.413 2.89618 190 190 190 255 
1.10215 -2.35973 3.48397 190 190 190 255 
1.02746 -2.413 3.04703 190 190 190 255 
1.04255 -2.413 3.04302 190 190 190 255 
1.05532 -2.413 3.03689 190 190 190 255 
1.06666 -2.413 3.02905 190 190 190 255 
1.08077 -2.413 3.01568 190 190 190 255 
1.92362 -1.34763 16.4323 190 190 190 255 
1.92304 -1.34923 16.3851 190 190 190 255 
2.00538 -1.3232 16.9808 190 190 190 255 
2.01014 -1.32246 16.9805 190 190 190 255 
2.15988 -1.2857 16.972 190 190 190 255 
2.15527 -1.28716 16.9722 190 190 190 255 
2.0859 -1.30917 16.9764 190 190 190 255 
2.23018 -1.2518 16.9674 190 190 190 255 
2.22585 -1.254 16.9677 190 190 190 255 
2.16957 -1.28263 16.9714 190 190 190 255 
2.26612 -1.23353 16.965 190 190 190 255 
2.29701 -1.21075 16.9628 190 190 190 255 
2.35569 -1.16489 16.9585 190 190 190 255 
2.3925 -1.15477 15.7891 190 190 190 255 
2.33604 -1.21153 15.7922 190 190 190 255 
2.35122 -1.16949 16.9589 190 190 190 255 
2.49925 -0.972208 16.9456 190 190 190 255 
2.49655 -0.97813 16.9459 190 190 190 255 
2.45896 -1.0425 16.9498 190 190 190 255 
1.78331 -1.76482 9.27837 190 190 190 255 
1.85906 -1.75145 9.27311 190 190 190 255 
1.98322 -1.64986 10.2622 190 190 190 255 
1.93313 -1.72881 9.26717 190 190 190 255 
2.07155 -1.65639 9.25359 190 190 190 255 
2.12171 -1.57726 10.2504 190 190 190 255 
2.12895 -1.61147 9.24674 190 190 190 255 
2.17913 -1.53226 10.2443 190 190 190 255 
2.18533 -1.55509 9.23899 190 190 190 255 
2.2345 -1.49147 9.23103 190 190 190 255 
1.61249 -2.14789 4.29667 190 190 190 255 
1.32696 -2.2524 4.35144 190 190 190 255 
1.17785 -2.35681 3.46923 190 190 190 255 
1.24077 -2.26464 4.28449 190 190 190 255 
1.13133 -2.34189 3.63004 190 190 190 255 
1.39381 -2.13515 5.44664 190 190 190 255 
1.54593 -2.18756 4.31121 190 190 190 255 
1.69069 -2.06516 5.40453 190 190 190 255 
1.61982 -2.09631 5.41615 190 190 190 255 
1.47537 -2.21836 4.32531 190 190 190 255 
1.40199 -2.24002 4.33879 190 190 190 255 
1.85815 -1.94032 5.57849 190 190 190 255 
1.81463 -1.9808 5.38099 190 190 190 255 
1.75754 -2.02515 5.39243 190 190 190 255 
1.54613 -2.11831 5.4271 190 190 190 255 
1.60437 -1.99539 6.74447 190 190 190 255 
1.47078 -2.13105 5.43724 190 190 190 255 
1.44775 -2.08511 5.91047 190 190 190 255 
2.06864 -1.69723 8.2497 190 190 190 255 
2.01128 -1.74205 8.25749 190 190 190 255 
1.89192 -1.88835 6.70829 190 190 190 255 
1.82488 -1.92863 6.71825 190 190 190 255 
1.75382 -1.96007 6.72769 190 190 190 255 
1.67993 -1.98237 6.73647 190 190 190 255 
2.00436 -1.69702 9.26064 190 190 190 255 
1.94413 -1.78257 8.26553 190 190 190 255 
1.87295 -1.81424 8.27306 190 190 190 255 
1.79893 -1.83677 8.27996 190 190 190 255 
1.72323 -1.85003 8.28614 190 190 190 255 
1.91108 -1.54495 12.3087 190 190 190 255 
1.83416 -1.55124 12.3115 190 190 190 255 
1.81429 -1.59126 11.662 190 190 190 255 
2.23554 -1.47579 10.2375 190 190 190 255 
2.3135 -1.33389 12.283 190 190 190 255 
2.19961 -1.43563 12.2929 190 190 190 255 
2.05449 -1.61798 10.2565 190 190 190 255 
1.9869 -1.53137 12.3055 190 190 190 255 
1.90912 -1.6726 10.2673 190 190 190 255 
1.83334 -1.68605 10.2718 190 190 190 255 
1.89515 -1.4199 14.6746 190 190 190 255 
2.40257 -1.20069 12.2719 190 190 190 255 
2.36272 -1.27005 12.2774 190 190 190 255 
2.31372 -1.26701 14.5232 190 190 190 255 
2.25706 -1.3905 12.2883 190 190 190 255 
2.25625 -1.31223 14.5265 190 190 190 255 
2.13235 -1.47649 12.2975 190 190 190 255 
2.06104 -1.5085 12.3018 190 190 190 255 
2.11765 -1.38531 14.5328 190 190 190 255 
2.04348 -1.40827 14.5354 190 190 190 255 
1.96764 -1.42193 14.5376 190 190 190 255 
2.44174 -1.0908 15.7858 190 190 190 255 
2.41941 -1.14636 14.5153 190 190 190 255 
2.37017 -1.2103 14.5194 190 190 190 255 
2.27857 -1.25679 15.7948 190 190 190 255 
2.21128 -1.29779 15.7975 190 190 190 255 
2.18897 -1.3532 14.5298 190 190 190 255 
2.13995 -1.32994 15.7998 190 190 190 255 
2.06578 -1.35293 15.8019 190 190 190 255 
-2.3326 0.114051 17.5685 190 190 190 255 
-1.13528 0.0961481 17.5872 190 190 190 255 
-2.33364 0.110165 17.5738 190 190 190 255 
-1.13956 0.105903 17.5786 190 190 190 255 
-1.15557 0.124636 17.5448 190 190 190 255 
-2.33185 0.125975 17.5385 190 190 190 255 
-1.16134 0.126763 17.532 190 190 190 255 
-2.33259 0.126763 17.532 190 190 190 255 
-1.16701 0.126677 17.519 190 190 190 255 
-2.33361 0.126998 17.5255 190 190 190 255 
-2.33489 0.126677 17.519 190 190 190 255 
-1.17242 0.12438 17.5062 190 190 190 255 
-1.17744 0.119939 17.494 190 190 190 255 
-1.18194 0.113483 17.4827 190 190 190 255 
-2.3426 0.119939 17.494 190 190 190 255 
-2.34779 0.113483 17.4827 190 190 190 255 
-1.18583 0.1052 17.4726 190 190 190 255 
-2.35369 0.1052 17.4726 190 190 190 255 
-2.36015 0.0953326 17.4642 190 190 190 255 
-3.2754e-010 -0.31112 19.5444 190 190 190 255 
0.930961 -0.31112 19.5444 190 190 190 255 
-0.753705 -0.253176 19.5736 190 190 190 255 
-0.573691 -0.206791 19.597 190 190 190 255 
2.34297 0.0850722 17.5941 190 190 190 255 
2.34059 0.0907412 17.5909 190 190 190 255 
1.13346 0.0908011 17.5909 190 190 190 255 
2.33845 0.0961481 17.5872 190 190 190 255 
1.13528 0.0961481 17.5872 190 190 190 255 
1.13956 0.105903 17.5786 190 190 190 255 
2.33364 0.110188 17.5737 190 190 190 255 
2.3326 0.114051 17.5685 190 190 190 255 
1.14449 0.114051 17.5685 190 190 190 255 
2.33186 0.117427 17.563 190 190 190 255 
2.33141 0.120357 17.5571 190 190 190 255 
1.15557 0.124636 17.5448 190 190 190 255 
2.33141 0.124636 17.5448 190 190 190 255 
1.16134 0.126763 17.532 190 190 190 255 
2.33185 0.125975 17.5385 190 190 190 255 
2.33259 0.126763 17.532 190 190 190 255 
1.16701 0.126677 17.519 190 190 190 255 
2.33361 0.126998 17.5255 190 190 190 255 
1.17242 0.12438 17.5062 190 190 190 255 
1.17744 0.119939 17.494 190 190 190 255 
2.3426 0.119939 17.494 190 190 190 255 
2.34779 0.113483 17.4827 190 190 190 255 
1.18194 0.113483 17.4827 190 190 190 255 
2.35369 0.1052 17.4726 190 190 190 255 
1.18905 0.0953326 17.4642 190 190 190 255 
2.36647 0.0850722 17.4579 190 190 190 255 
-1.397 -1.32782 17.022 190 190 190 255 
-1.93232 -1.32289 17.1838 190 190 190 255 
-1.9334 -1.3193 17.3004 190 190 190 255 
-1.38666 -1.32256 17.192 190 190 190 255 
-1.91455 -1.31588 17.4199 190 190 190 255 
-1.35533 -1.31754 17.3603 190 190 190 255 
-1.88411 -1.31034 17.6132 190 190 190 255 
-1.30367 -1.31284 17.5236 190 190 190 255 
-1.79533 -1.30325 17.8794 190 190 190 255 
-1.23305 -1.30857 17.6778 190 190 190 255 
-1.78387 -1.30233 17.9138 190 190 190 255 
-1.6893 -1.29792 18.0922 190 190 190 255 
-1.23215 -1.30851 17.6798 190 190 190 255 
-1.56037 -1.29315 18.2922 190 190 190 255 
-1.44204 -1.28959 18.4469 190 190 190 255 
-1.41166 -1.28888 18.4793 190 190 190 255 
-0.938519 -1.29882 18.0535 190 190 190 255 
-1.23278 -1.2855 18.6386 190 190 190 255 
-1.1528 -1.28403 18.7082 190 190 190 255 
-0.626472 -1.29362 18.2696 190 190 190 255 
-0.829657 -1.2803 18.8963 190 190 190 255 
-0.497213 -1.29235 18.3247 190 190 190 255 
-0.606215 -1.27859 18.9871 190 190 190 255 
-0.331662 -1.29117 18.3764 190 190 190 255 
-0.582232 -1.2784 18.9968 190 190 190 255 
0.348369 -1.27738 19.0523 190 190 190 255 
0.185609 -1.29054 18.4042 190 190 190 255 
0.208946 -1.29059 18.4022 190 190 190 255 
0.581922 -1.27852 18.9907 190 190 190 255 
0.520805 -1.29255 18.3161 190 190 190 255 
0.97688 -1.28172 18.8233 190 190 190 255 
0.677767 -1.29428 18.2415 190 190 190 255 
1.02024 -1.28233 18.7931 190 190 190 255 
1.21806 -1.28512 18.6554 190 190 190 255 
1.39298 -1.28866 18.4908 190 190 190 255 
1.14927 -1.30501 17.8113 190 190 190 255 
1.18421 -1.30629 17.7625 190 190 190 255 
-1.92261 -1.34958 16.4324 190 190 190 255 
-1.91555 -1.36803 15.937 190 190 190 255 
-1.397 -1.39555 15.4128 190 190 190 255 
-1.397 -1.47132 13.8037 190 190 190 255 
-1.87468 -1.4668 13.7374 190 190 190 255 
-1.87185 -1.47276 13.6348 190 190 190 255 
-1.397 -1.51499 12.8763 190 190 190 255 
-1.397 -1.56299 12.1956 190 190 190 255 
-1.78003 -1.65331 10.7724 190 190 190 255 
-1.397 -1.76544 9.32517 190 190 190 255 
1.6219 -1.8886 7.90917 190 190 190 255 
1.64627 -1.85509 8.29167 190 190 190 255 
1.53254 -1.99578 6.78572 190 190 190 255 
1.35531 -1.97082 7.03965 190 190 190 255 
1.30364 -1.98683 6.87635 190 190 190 255 
1.29669 -1.98833 6.86117 190 190 190 255 
1.52923 -1.99927 6.75154 190 190 190 255 
1.22222 -2.00391 6.70411 190 190 190 255 
1.14191 -2.01693 6.57395 190 190 190 255 
1.01821 -2.03208 6.42412 190 190 190 255 
0.911571 -2.04265 6.3203 190 190 190 255 
1.43269 -2.09909 5.78091 190 190 190 255 
0.626548 -2.06218 6.13044 190 190 190 255 
0.468619 -2.06917 6.06307 190 190 190 255 
0.403185 -2.07114 6.04422 190 190 190 255 
0.30405 -2.07411 6.01565 190 190 190 255 
-0.207141 -2.07599 5.99761 190 190 190 255 
-1.43181 -2.09934 5.78094 190 190 190 255 
-0.536632 -2.06645 6.08929 190 190 190 255 
-0.747344 -2.05483 6.2017 190 190 190 255 
-0.834154 -2.049 6.25834 190 190 190 255 
-0.886451 -2.04449 6.30246 190 190 190 255 
-0.965019 -2.0377 6.36875 190 190 190 255 
-1.46709 -2.06576 6.09595 190 190 190 255 
-1.12304 -2.01914 6.55213 190 190 190 255 
-1.51409 -2.01461 6.60493 190 190 190 255 
-1.3275 -1.98025 6.94328 190 190 190 255 
-1.37088 -1.96404 7.10937 190 190 190 255 
-1.38128 -1.95652 7.18739 190 190 190 255 
-1.72737 -1.73899 9.65971 190 190 190 255 
-1.39361 -1.94761 7.27984 190 190 190 255 
-1.397 -1.93823 7.37804 190 190 190 255 
-1.62889 -1.8789 8.01984 190 190 190 255 
1.70003 -1.78114 9.13583 190 190 190 255 
1.70747 -1.76946 9.28291 190 190 190 255 
1.397 -1.76544 9.32517 190 190 190 255 
1.70961 -1.76611 9.32523 190 190 190 255 
1.397 -1.67632 10.5888 190 190 190 255 
1.75767 -1.69066 10.2756 190 190 190 255 
1.76342 -1.68164 10.3893 190 190 190 255 
1.85144 -1.51644 12.8764 190 190 190 255 
1.86261 -1.49397 13.2413 190 190 190 255 
1.89208 -1.4269 14.5393 190 190 190 255 
1.397 -1.39555 15.4128 190 190 190 255 
1.91358 -1.37319 15.805 190 190 190 255 
1.80078 -1.30338 17.873 190 190 190 255 
1.30858 -1.31341 17.504 190 190 190 255 
1.89427 -1.31156 17.5692 190 190 190 255 
1.329 -1.31487 17.4522 190 190 190 255 
1.91167 -1.31534 17.4388 190 190 190 255 
1.9362 -1.32066 17.2548 190 190 190 255 
1.37182 -1.31974 17.2858 190 190 190 255 
1.38726 -1.32335 17.1668 190 190 190 255 
-1.37042 -2.15778 5.23289 190 190 190 255 
-1.38999 -2.13914 5.40766 190 190 190 255 
-0.522156 -2.32207 3.79563 190 190 190 255 
-0.092367 -2.35648 3.50907 190 190 190 255 
1.34674 -2.17881 5.04198 190 190 190 255 
-0.0028875 -2.36677 3.42431 190 190 190 255 
1.25176 -2.25573 4.36306 190 190 190 255 
0.0822653 -2.37874 3.32617 190 190 190 255 
0.109234 -2.38276 3.29326 190 190 190 255 
0.152639 -2.39154 3.2218 190 190 190 255 
2.25974 -0.869633 18.294 190 190 190 255 
2.5367 -0.900575 17.1751 190 190 190 255 
2.53509 -0.899754 17.2026 190 190 190 255 
2.58739 -0.744208 17.1439 190 190 190 255 
2.52255 -0.893386 17.4156 190 190 190 255 
2.52511 -0.894683 17.3722 190 190 190 255 
2.54522 -0.732078 17.6043 190 190 190 255 
2.49387 -0.717309 17.8373 190 190 190 255 
2.43885 -0.881519 17.8369 190 190 190 255 
2.24473 -0.868825 18.326 190 190 190 255 
2.32814 -0.669639 18.2945 190 190 190 255 
2.00159 -0.859912 18.7016 190 190 190 255 
2.00312 -0.859952 18.6998 190 190 190 255 
2.03058 -0.860844 18.6613 190 190 190 255 
2.21426 -0.636885 18.5126 190 190 190 255 
2.12553 -0.863929 18.5284 190 190 190 255 
1.84498 -0.792668 18.9131 190 190 190 255 
1.81521 -0.85526 18.9121 190 190 190 255 
1.68733 -0.852599 19.0366 190 190 190 255 
1.62255 -0.851516 19.0891 190 190 190 255 
1.50762 -0.849595 19.1822 190 190 190 255 
1.51299 -0.650033 19.2497 190 190 190 255 
1.68538 -0.724099 19.0904 190 190 190 255 
1.33726 -0.847307 19.2962 190 190 190 255 
1.17264 -0.845479 19.3885 190 190 190 255 
1.2489 -0.732647 19.3895 190 190 190 255 
0.910678 -0.843105 19.5089 190 190 190 255 
1.05839 -0.844369 19.4448 190 190 190 255 
0.758009 -0.72374 19.5944 190 190 190 255 
0.984618 -0.755224 19.509 190 190 190 255 
0.910513 -0.843104 19.509 190 190 190 255 
0.688387 -0.427613 19.6854 190 190 190 255 
0.724778 -0.427613 19.6771 190 190 190 255 
0.645628 -0.495211 19.6861 190 190 190 255 
0.816118 -0.625981 19.6078 190 190 190 255 
0.730407 -0.427613 19.675 190 190 190 255 
1.14013 -0.489839 19.509 190 190 190 255 
1.4946 -0.427613 19.3144 190 190 190 255 
1.16337 -0.427613 19.5076 190 190 190 255 
1.92981 -0.55507 18.9131 190 190 190 255 
1.76288 -0.507054 19.0904 190 190 190 255 
1.77859 -0.427613 19.0853 190 190 190 255 
2.08096 -0.598543 18.7197 190 190 190 255 
2.11919 -0.427613 18.717 190 190 190 255 
2.47442 -0.427613 18.0651 190 190 190 255 
2.34258 -0.874087 18.1173 190 190 190 255 
2.42152 -0.696498 18.0684 190 190 190 255 
2.55673 -0.427613 17.8367 190 190 190 255 
2.60499 -0.427613 17.6026 190 190 190 255 
2.53555 -0.9017 17.1439 190 190 190 255 
2.58039 -0.742157 16.9423 190 190 190 255 
2.59468 -0.69657 16.9423 190 190 190 255 
2.57607 -0.740953 17.3723 190 190 190 255 
0.887156 -0.520438 19.6078 190 190 190 255 
1.07032 -0.62789 19.509 190 190 190 255 
1.10225 -0.844744 19.4257 190 190 190 255 
1.42036 -0.833231 19.2497 190 190 190 255 
1.33035 -0.571564 19.3895 190 190 190 255 
1.98653 -0.859521 18.7192 190 190 190 255 
1.98948 -0.85475 18.7197 190 190 190 255 
1.58256 -0.455189 19.2497 190 190 190 255 
-0.14976 -0.147233 19.627 190 190 190 255 
-2.33826 0.12438 17.5062 190 190 190 255 
-2.60316 -0.328221 17.2481 190 190 190 255 
-2.61242 -0.344667 17.2339 190 190 190 255 
-2.63096 -0.376633 17.178 190 190 190 255 
-2.62363 -0.364221 17.2081 190 190 190 255 
-2.63498 -0.427613 17.3958 190 190 190 255 
-2.65527 -0.427613 17.1547 190 190 190 255 
-2.63335 -0.380462 17.1567 190 190 190 255 
-2.63376 -0.380997 17.1458 190 190 190 255 
-2.65823 -0.427613 17.1196 190 190 190 255 
-2.51316 -0.380997 17.9079 190 190 190 255 
-2.4896 -0.369231 17.9604 190 190 190 255 
-2.50045 -0.376633 17.94 190 190 190 255 
-2.50975 -0.427613 17.9956 190 190 190 255 
-2.53744 -0.427613 17.8879 190 190 190 255 
-2.52229 -0.373938 17.8652 190 190 190 255 
-2.52308 -0.369929 17.8551 190 190 190 255 
-2.60095 -0.427613 17.6411 190 190 190 255 
-2.51802 -0.337944 17.8117 190 190 190 255 
-2.51535 -0.32958 17.8049 190 190 190 255 
-2.3357 0.126273 17.5155 190 190 190 255 
-2.33141 0.120357 17.5571 190 190 190 255 
-2.33126 0.122762 17.5511 190 190 190 255 
-2.33141 0.124636 17.5448 190 190 190 255 
-2.34297 0.0850722 17.5941 190 190 190 255 
-2.3406 0.0907235 17.5909 190 190 190 255 
-2.33845 0.0961481 17.5872 190 190 190 255 
-2.33657 0.101198 17.5832 190 190 190 255 
-2.33496 0.105903 17.5786 190 190 190 255 
-2.33967 0.105673 17.5547 190 190 190 255 
-2.33186 0.117443 17.5629 190 190 190 255 
-2.07634 0.122835 18.2639 190 190 190 255 
-2.08245 0.119939 18.256 190 190 190 255 
-2.0924 0.113483 18.2447 190 190 190 255 
-2.43618 -0.31112 18.0204 190 190 190 255 
-2.34163 -0.427613 18.3723 190 190 190 255 
-2.44921 -0.427613 18.1312 190 190 190 255 
-2.4495 -0.328221 18.0101 190 190 190 255 
-2.4637 -0.344667 17.9959 190 190 190 255 
-2.10269 -0.376633 18.702 190 190 190 255 
-2.12107 -0.380462 18.6807 190 190 190 255 
-2.16329 -0.365144 18.6076 190 190 190 255 
-2.19835 -0.427613 18.5974 190 190 190 255 
-2.32806 -0.427613 18.4027 190 190 190 255 
-2.16898 -0.345838 18.5813 190 190 190 255 
-2.16911 -0.338015 18.5738 190 190 190 255 
-2.16436 -0.31112 18.5556 190 190 190 255 
-2.04858 0.122778 18.313 190 190 190 255 
-2.06456 0.126677 18.281 190 190 190 255 
-2.07308 0.12438 18.2682 190 190 190 255 
-2.06165 0.103954 18.3101 190 190 190 255 
-2.04328 0.0961481 18.3492 190 190 190 255 
-2.04359 0.114051 18.3305 190 190 190 255 
-1.81626 -0.155408 18.8608 190 190 190 255 
-1.85625 -0.427613 19.0122 190 190 190 255 
-2.01553 -0.328221 18.7721 190 190 190 255 
-2.04175 -0.427613 18.8153 190 190 190 255 
-2.03805 -0.344667 18.7579 190 190 190 255 
-2.0809 -0.427613 18.7737 190 190 190 255 
-1.31885 0.110319 19.0976 190 190 190 255 
-1.31362 0.0954874 19.1103 190 190 190 255 
-1.34788 0.124636 19.0688 190 190 190 255 
-1.36433 0.126763 19.056 190 190 190 255 
-1.40235 0.12438 19.0302 190 190 190 255 
-1.4388 -0.427613 19.3525 190 190 190 255 
-1.46329 0.1052 18.9966 190 190 190 255 
-1.4824 0.0953326 18.9882 190 190 190 255 
-1.65356 -0.427613 19.1902 190 190 190 255 
-1.62889 -0.00796967 18.9351 190 190 190 255 
-1.14853 -0.369716 19.4833 190 190 190 255 
-1.09436 -0.356791 19.5004 190 190 190 255 
-1.02405 -0.427613 19.5727 190 190 190 255 
-1.24242 -0.380542 19.4418 190 190 190 255 
-1.28188 -0.380542 19.4202 190 190 190 255 
-1.31548 -0.376898 19.399 190 190 190 255 
-1.34275 -0.369716 19.3787 190 190 190 255 
-1.37089 -0.353024 19.3515 190 190 190 255 
-1.4196 -0.427613 19.367 190 190 190 255 
-1.38482 -0.322811 19.3243 190 190 190 255 
-1.38464 -0.315883 19.3201 190 190 190 255 
-1.31179 0.0850722 19.1181 190 190 190 255 
-1.31122 0.0907491 19.1149 190 190 190 255 
-0.930961 -0.31112 19.5444 190 190 190 255 
-0.900318 -0.427613 19.6125 190 190 190 255 
-0.688867 -0.427613 19.6806 190 190 190 255 
-0.685821 -0.427613 19.6816 190 190 190 255 
-0.544852 -0.427613 19.7172 190 190 190 255 
-0.363739 -0.168574 19.6162 190 190 190 255 
-0.352094 -0.427613 19.7451 190 190 190 255 
-0.264117 -0.427613 19.7578 190 190 190 255 
-0.183526 -0.427613 19.7695 190 190 190 255 
0.0622129 -0.143629 19.6288 190 190 190 255 
-0.123774 -0.427613 19.7723 190 190 190 255 
0.0516954 -0.427613 19.768 190 190 190 255 
0.217281 -0.427613 19.764 190 190 190 255 
0.271931 -0.15724 19.6219 190 190 190 255 
0.287183 -0.427613 19.7623 190 190 190 255 
0.574419 -0.427613 19.7112 190 190 190 255 
0.447863 -0.427613 19.7398 190 190 190 255 
0.486331 -0.188811 19.606 190 190 190 255 
1.12784 -0.365085 19.4902 190 190 190 255 
1.02486 -0.427613 19.5641 190 190 190 255 
0.925183 -0.427613 19.6017 190 190 190 255 
0.697698 -0.237398 19.5816 190 190 190 255 
1.31885 0.110315 19.0976 190 190 190 255 
1.31542 0.105903 19.1026 190 190 190 255 
1.31122 0.0907466 19.1149 190 190 190 255 
1.33663 0.105793 19.0885 190 190 190 255 
1.32296 0.114051 19.0925 190 190 190 255 
1.52708 -0.427613 19.2954 190 190 190 255 
1.38466 -0.325105 19.3258 190 190 190 255 
1.38403 -0.329476 19.3289 190 190 190 255 
1.34275 -0.369716 19.3787 190 190 190 255 
1.37716 -0.345659 19.3431 190 190 190 255 
1.37697 -0.427613 19.383 190 190 190 255 
1.36337 -0.359202 19.3599 190 190 190 255 
1.35351 -0.365059 19.3694 190 190 190 255 
1.28188 -0.380542 19.4202 190 190 190 255 
1.24242 -0.380542 19.4418 190 190 190 255 
1.14199 -0.427613 19.52 190 190 190 255 
1.36086 0.126514 19.0586 190 190 190 255 
1.38268 0.126677 19.043 190 190 190 255 
1.58629 -0.427613 19.246 190 190 190 255 
1.40235 0.12438 19.0302 190 190 190 255 
2.13694 -0.380606 18.659 190 190 190 255 
2.15879 -0.427613 18.6707 190 190 190 255 
1.95575 -0.427613 18.9083 190 190 190 255 
1.86922 -0.427613 19.0096 190 190 190 255 
1.4824 0.0953326 18.9882 190 190 190 255 
2.05104 0.124636 18.3068 190 190 190 255 
2.04647 0.120357 18.3191 190 190 190 255 
2.18024 0.0118777 18.1831 190 190 190 255 
2.11295 0.0953326 18.2262 190 190 190 255 
2.08519 0.0850722 18.2886 190 190 190 255 
2.08245 0.119939 18.256 190 190 190 255 
2.07308 0.12438 18.2682 190 190 190 255 
2.16911 -0.338006 18.5738 190 190 190 255 
2.16838 -0.32958 18.5669 190 190 190 255 
2.38398 -0.427613 18.2942 190 190 190 255 
2.16898 -0.345838 18.5813 190 190 190 255 
2.16796 -0.353053 18.5895 190 190 190 255 
2.25602 -0.427613 18.5081 190 190 190 255 
2.16609 -0.359419 18.5982 190 190 190 255 
2.15516 -0.373985 18.6274 190 190 190 255 
2.51891 -0.379294 17.8863 190 190 190 255 
2.51313 -0.380996 17.908 190 190 190 255 
2.47722 -0.358471 17.9792 190 190 190 255 
2.4637 -0.344667 17.9959 190 190 190 255 
2.04328 0.0961481 18.3492 190 190 190 255 
2.04592 0.0850722 18.3561 190 190 190 255 
2.43618 -0.31112 18.0204 190 190 190 255 
2.38764 -0.427613 18.2881 190 190 190 255 
2.51535 -0.32958 17.8049 190 190 190 255 
2.3557 0.0850722 17.5262 190 190 190 255 
2.33496 0.105903 17.5786 190 190 190 255 
2.33658 0.101164 17.5832 190 190 190 255 
2.33126 0.122762 17.5511 190 190 190 255 
2.36015 0.0953326 17.4642 190 190 190 255 
2.33826 0.12438 17.5062 190 190 190 255 
2.33646 0.125793 17.5125 190 190 190 255 
2.33489 0.126677 17.519 190 190 190 255 
2.63933 -0.427613 17.436 190 190 190 255 
2.5218 -0.352972 17.8274 190 190 190 255 
2.5202 -0.345838 17.8193 190 190 190 255 
2.52235 -0.373738 17.8647 190 190 190 255 
2.54933 -0.427613 17.8726 190 190 190 255 
2.61703 -0.3555 17.129 190 190 190 255 
2.61216 -0.345925 17.1708 190 190 190 255 
2.63321 -0.396218 17.1472 190 190 190 255 
2.63799 -0.420777 17.3731 190 190 190 255 
2.60972 -0.341114 17.1918 190 190 190 255 
2.60515 -0.332134 17.231 190 190 190 255 
2.42435 -0.01586 17.4071 190 190 190 255 
2.59369 -0.31112 17.2584 190 190 190 255 
2.07586 -1.31236 16.9769 190 190 190 255 
2.45531 -1.04785 16.9501 190 190 190 255 
2.46856 -1.03585 17.2053 190 190 190 255 
1.93509 -1.32228 17.2024 190 190 190 255 
1.9794 -1.32719 16.9822 190 190 190 255 
1.93049 -1.329 16.9848 190 190 190 255 
1.8629 -1.30882 17.6712 190 190 190 255 
1.78847 -1.30277 17.8976 190 190 190 255 
1.68128 -1.29743 18.1113 190 190 190 255 
1.54742 -1.29276 18.3092 190 190 190 255 
1.65789 -1.29626 18.158 190 190 190 255 
1.24083 -1.28545 18.6395 190 190 190 255 
1.26947 -1.27874 18.7192 190 190 190 255 
1.45464 -1.28227 18.5503 190 190 190 255 
1.46928 -1.29027 18.4162 190 190 190 255 
0.806561 -1.28017 18.904 190 190 190 255 
1.06442 -1.27586 18.864 190 190 190 255 
0.685555 -1.27906 18.9613 190 190 190 255 
0.60756 -1.27195 19.0725 190 190 190 255 
0.374991 -1.27744 19.0493 190 190 190 255 
0.362936 -1.27087 19.1328 190 190 190 255 
0.107806 -1.2769 19.079 190 190 190 255 
-0.26791 -1.27711 19.0672 190 190 190 255 
-0.133049 -1.27698 19.0747 190 190 190 255 
0.0540588 -1.27679 19.085 190 190 190 255 
-0.879875 -1.28069 18.8759 190 190 190 255 
-0.631932 -1.27209 19.0647 190 190 190 255 
-0.388531 -1.27095 19.128 190 190 190 255 
-0.371886 -1.27754 19.0439 190 190 190 255 
-0.865265 -1.2738 18.9719 190 190 190 255 
-1.03865 -1.28263 18.7783 190 190 190 255 
-1.28754 -1.27904 18.7045 190 190 190 255 
-1.39314 -1.28844 18.4991 190 190 190 255 
-1.87069 -1.30927 17.6534 190 190 190 255 
-1.95082 -1.3036 17.6748 190 190 190 255 
-1.76451 -1.29179 18.1338 190 190 190 255 
-1.63526 -1.2954 18.1942 190 190 190 255 
-2.01833 -1.31773 17.1845 190 190 190 255 
-2.01027 -1.32267 16.9806 190 190 190 255 
-1.99987 -1.31041 17.4316 190 190 190 255 
-2.00706 -1.32292 16.9807 190 190 190 255 
-1.93049 -1.329 16.9848 190 190 190 255 
-2.12253 -1.29955 16.9743 190 190 190 255 
-2.09408 -1.30338 17.185 190 190 190 255 
-2.08574 -1.30828 16.9764 190 190 190 255 
-2.0826 -1.30903 16.9766 190 190 190 255 
-2.23064 -1.25287 16.9675 190 190 190 255 
-2.22788 -1.25454 16.9677 190 190 190 255 
-2.37699 -1.14608 16.957 190 190 190 255 
-2.46897 -1.03657 17.1815 190 190 190 255 
-2.53625 -0.903148 17.0913 190 190 190 255 
-2.50926 -0.965768 17.1799 190 190 190 255 
-2.5343 -0.900515 17.1782 190 190 190 255 
-2.51175 -0.89126 17.4897 190 190 190 255 
-2.52221 -0.89399 17.3963 190 190 190 255 
-2.53121 -0.896339 17.3158 190 190 190 255 
-2.45046 -0.882634 17.7963 190 190 190 255 
-2.46127 -0.883608 17.7602 190 190 190 255 
-2.48532 -0.886927 17.642 190 190 190 255 
-2.35057 -0.874757 18.0926 190 190 190 255 
-2.32716 -0.940788 18.0849 190 190 190 255 
-2.42527 -0.948331 17.7914 190 190 190 255 
-2.42271 -0.880133 17.889 190 190 190 255 
-2.1935 -0.934111 18.3639 190 190 190 255 
-2.33409 -0.873687 18.1339 190 190 190 255 
-2.07386 -0.862191 18.6015 190 190 190 255 
-2.02597 -0.928306 18.6249 190 190 190 255 
-2.11347 -0.863461 18.5467 190 190 190 255 
-2.21705 -0.867599 18.3754 190 190 190 255 
-1.86541 -0.856279 18.862 190 190 190 255 
-1.82725 -0.923372 18.8633 190 190 190 255 
-1.61673 -0.851334 19.094 190 190 190 255 
-1.70897 -0.85295 19.0166 190 190 190 255 
-1.73778 -0.853535 18.9892 190 190 190 255 
-1.84699 -0.855883 18.8804 190 190 190 255 
-1.48671 -0.849247 19.1952 190 190 190 255 
-1.54553 -0.850086 19.1537 190 190 190 255 
-1.60032 -0.919276 19.0755 190 190 190 255 
-1.17714 -0.845414 19.3887 190 190 190 255 
-1.23881 -0.846117 19.3527 190 190 190 255 
-0.793615 -0.842418 19.5485 190 190 190 255 
-0.963297 -0.843533 19.488 190 190 190 255 
-0.484189 -0.840935 19.6299 190 190 190 255 
-0.482843 -0.910303 19.6034 190 190 190 255 
-0.488192 -0.840947 19.6293 190 190 190 255 
-0.619078 -0.841509 19.5983 190 190 190 255 
-0.635471 -0.841585 19.5941 190 190 190 255 
-0.172607 -0.909681 19.6442 190 190 190 255 
-0.355109 -0.840568 19.6502 190 190 190 255 
0.0912423 -0.840134 19.6732 190 190 190 255 
-0.0158895 -0.840084 19.6764 190 190 190 255 
-0.0424061 -0.840072 19.6772 190 190 190 255 
0.194272 -0.840181 19.6702 190 190 190 255 
0.140018 -0.90965 19.6462 190 190 190 255 
0.429451 -0.840683 19.6411 190 190 190 255 
0.402144 -0.840625 19.6445 190 190 190 255 
0.27867 -0.840361 19.6597 190 190 190 255 
0.661014 -0.841592 19.5902 190 190 190 255 
0.455942 -0.840787 19.6353 190 190 190 255 
0.755056 -0.91138 19.5342 190 190 190 255 
1.40877 -0.848267 19.2483 190 190 190 255 
1.31532 -0.847012 19.3108 190 190 190 255 
1.04726 -0.913193 19.4219 190 190 190 255 
1.11202 -0.844828 19.4215 190 190 190 255 
1.59391 -0.851037 19.1123 190 190 190 255 
1.45035 -0.848826 19.2205 190 190 190 255 
1.8081 -0.922973 18.8833 190 190 190 255 
1.85296 -0.856045 18.8754 190 190 190 255 
1.82732 -0.855512 18.9003 190 190 190 255 
2.20229 -0.867082 18.3981 190 190 190 255 
2.13505 -0.86432 18.5123 190 190 190 255 
2.42656 -0.880192 17.8852 190 190 190 255 
2.36111 -0.875382 18.0679 190 190 190 255 
2.34599 -0.874271 18.1101 190 190 190 255 
2.31742 -0.940202 18.1086 190 190 190 255 
2.18035 -0.933577 18.3872 190 190 190 255 
2.50724 -0.89056 17.5141 190 190 190 255 
2.49326 -0.887979 17.604 190 190 190 255 
2.48565 -0.886574 17.653 190 190 190 255 
2.41873 -0.947691 17.8155 190 190 190 255 
2.44302 -0.88197 17.8205 190 190 190 255 
2.50885 -0.965036 17.204 190 190 190 255 
2.41146 -1.10748 16.9541 190 190 190 255 
2.3468 -1.17404 16.9592 190 190 190 255 
2.29309 -1.21364 16.9631 190 190 190 255 
2.01799 -1.31714 17.2039 190 190 190 255 
1.99709 -1.30985 17.4511 190 190 190 255 
2.09374 -1.30277 17.2051 190 190 190 255 
1.94556 -1.30307 17.6941 190 190 190 255 
1.86413 -1.29689 17.9291 190 190 190 255 
1.75395 -1.29134 18.1525 190 190 190 255 
1.93408 -1.28181 17.9578 190 190 190 255 
1.61659 -1.28646 18.3608 190 190 190 255 
1.81975 -1.2761 18.1896 190 190 190 255 
1.10432 -1.26025 18.9281 190 190 190 255 
0.842653 -1.2736 18.9824 190 190 190 255 
0.112671 -1.27035 19.1624 190 190 190 255 
-0.138894 -1.27038 19.1608 190 190 190 255 
-0.144097 -1.25469 19.2361 190 190 190 255 
-0.897686 -1.25815 19.0401 190 190 190 255 
-1.08493 -1.2761 18.8512 190 190 190 255 
-1.47004 -1.28262 18.5342 190 190 190 255 
-1.62982 -1.28687 18.343 190 190 190 255 
-1.87196 -1.29737 17.91 190 190 190 255 
-1.9422 -1.28231 17.9381 190 190 190 255 
-2.03259 -1.32089 16.9794 190 190 190 255 
2.07204 -1.29521 17.4617 190 190 190 255 
2.14527 -1.27128 17.4718 190 190 190 255 
2.01858 -1.28819 17.7139 190 190 190 255 
2.00241 -1.25746 17.9856 190 190 190 255 
1.88403 -1.25159 18.2257 190 190 190 255 
1.67722 -1.27109 18.4059 190 190 190 255 
1.50918 -1.26679 18.6026 190 190 190 255 
1.56246 -1.24206 18.6534 190 190 190 255 
1.31706 -1.26318 18.7778 190 190 190 255 
1.14329 -1.23538 18.9905 190 190 190 255 
0.874226 -1.25795 19.051 190 190 190 255 
0.90507 -1.23305 19.1178 190 190 190 255 
0.630321 -1.25628 19.1445 190 190 190 255 
0.376531 -1.25518 19.2071 190 190 190 255 
0.652556 -1.23135 19.2146 190 190 190 255 
0.116891 -1.25466 19.2378 190 190 190 255 
-0.403084 -1.25527 19.2021 190 190 190 255 
-0.655605 -1.25642 19.1364 190 190 190 255 
-0.678733 -1.23149 19.2062 190 190 190 255 
-1.12559 -1.2605 18.9148 190 190 190 255 
-1.3358 -1.26349 18.7626 190 190 190 255 
-1.52516 -1.26715 18.5859 190 190 190 255 
-1.69095 -1.2715 18.3874 190 190 190 255 
-1.75067 -1.24687 18.4306 190 190 190 255 
-1.83071 -1.27656 18.1703 190 190 190 255 
-2.02403 -1.28874 17.6939 190 190 190 255 
-2.07493 -1.29579 17.4415 190 190 190 255 
-2.09556 -1.2646 17.7123 190 190 190 255 
-2.14826 -1.27189 17.4508 190 190 190 255 
-2.16809 -1.27974 17.1852 190 190 190 255 
2.16773 -1.27911 17.206 190 190 190 255 
2.23882 -1.24631 17.2066 190 190 190 255 
2.08991 -1.26404 17.733 190 190 190 255 
2.15843 -1.23077 17.7511 190 190 190 255 
2.06806 -1.224 18.0121 190 190 190 255 
1.73646 -1.24645 18.4497 190 190 190 255 
1.79336 -1.21271 18.4916 190 190 190 255 
1.36355 -1.23837 18.8349 190 190 190 255 
1.40821 -1.20446 18.8895 190 190 190 255 
0.389812 -1.23024 19.2795 190 190 190 255 
0.40257 -1.19621 19.3488 190 190 190 255 
0.121014 -1.22971 19.3113 190 190 190 255 
-0.149179 -1.22974 19.3095 190 190 190 255 
-0.417302 -1.23033 19.2743 190 190 190 255 
-0.43096 -1.1963 19.3435 190 190 190 255 
-0.929359 -1.23325 19.1065 190 190 190 255 
-1.16531 -1.23564 18.9768 190 190 190 255 
-1.38295 -1.23868 18.8191 190 190 190 255 
-1.42825 -1.20478 18.8732 190 190 190 255 
-1.57901 -1.24242 18.6361 190 190 190 255 
-1.63074 -1.20859 18.6842 190 190 190 255 
-1.80804 -1.21315 18.4718 190 190 190 255 
-1.89538 -1.25207 18.2057 190 190 190 255 
-2.01082 -1.25798 17.9652 190 190 190 255 
-2.21871 -1.23885 17.4595 190 190 190 255 
-2.21721 -1.26099 16.9684 190 190 190 255 
2.3058 -1.20468 17.2068 190 190 190 255 
2.21562 -1.23823 17.4812 190 190 190 255 
2.22299 -1.1887 17.7678 190 190 190 255 
1.94578 -1.21797 18.2602 190 190 190 255 
2.12991 -1.18176 18.0367 190 190 190 255 
1.61365 -1.20822 18.7021 190 190 190 255 
1.66188 -1.16562 18.7476 190 190 190 255 
1.45029 -1.16179 18.9408 190 190 190 255 
1.18072 -1.20142 19.0503 190 190 190 255 
0.9347 -1.19906 19.1818 190 190 190 255 
0.96262 -1.1563 19.2419 190 190 190 255 
0.673916 -1.19733 19.2818 190 190 190 255 
0.414592 -1.15342 19.414 190 190 190 255 
0.124974 -1.19568 19.3816 190 190 190 255 
0.128706 -1.15288 19.4478 190 190 190 255 
-0.154061 -1.1957 19.3798 190 190 190 255 
-0.158662 -1.15291 19.4459 190 190 190 255 
-0.70095 -1.19748 19.2732 190 190 190 255 
-0.959784 -1.19926 19.1701 190 190 190 255 
-0.721884 -1.1547 19.336 190 190 190 255 
-0.988454 -1.15651 19.2299 190 190 190 255 
-1.20347 -1.20168 19.0361 190 190 190 255 
-1.23942 -1.15896 19.0918 190 190 190 255 
-1.47093 -1.16211 18.924 190 190 190 255 
-1.8621 -1.17064 18.5105 190 190 190 255 
-1.9575 -1.21846 18.2395 190 190 190 255 
-2.13886 -1.1823 18.015 190 190 190 255 
-2.07675 -1.22453 17.991 190 190 190 255 
-2.22901 -1.18929 17.7457 190 190 190 255 
-2.16427 -1.23135 17.7297 190 190 190 255 
-2.28508 -1.19701 17.4674 190 190 190 255 
-2.23919 -1.24696 17.1851 190 190 190 255 
2.36407 -1.15786 17.2067 190 190 190 255 
2.2819 -1.19637 17.4898 190 190 190 255 
2.27916 -1.14148 17.7821 190 190 190 255 
2.00397 -1.17558 18.2924 190 190 190 255 
1.84697 -1.1702 18.5308 190 190 190 255 
1.216 -1.1587 19.1064 190 190 190 255 
1.24669 -1.11091 19.155 190 190 190 255 
0.694042 -1.15455 19.345 190 190 190 255 
0.711551 -1.10672 19.3997 190 190 190 255 
0.131952 -1.10503 19.5051 190 190 190 255 
-0.443829 -1.15351 19.4085 190 190 190 255 
-0.455025 -1.10567 19.4648 190 190 190 255 
-1.67948 -1.16599 18.7292 190 190 190 255 
-1.72189 -1.11832 18.7682 190 190 190 255 
-2.01604 -1.17608 18.271 190 190 190 255 
-2.06696 -1.12859 18.2982 190 190 190 255 
-2.1929 -1.13494 18.0356 190 190 190 255 
-2.28533 -1.14209 17.7595 190 190 190 255 
-2.30618 -1.20536 17.1847 190 190 190 255 
-2.36446 -1.15855 17.184 190 190 190 255 
-2.35043 -1.16847 16.959 190 190 190 255 
-2.35534 -1.16433 16.9586 190 190 190 255 
2.40697 -1.11211 16.9544 190 190 190 255 
2.33956 -1.14934 17.4969 190 190 190 255 
2.41996 -1.10043 17.2062 190 190 190 255 
2.39488 -1.09171 17.5034 190 190 190 255 
2.18372 -1.13438 18.0579 190 190 190 255 
2.23534 -1.07643 18.0779 190 190 190 255 
2.05458 -1.12808 18.3201 190 190 190 255 
1.89362 -1.12259 18.5647 190 190 190 255 
1.93836 -1.06442 18.5969 190 190 190 255 
1.70384 -1.11793 18.7871 190 190 190 255 
1.4869 -1.11405 18.9852 190 190 190 255 
1.74409 -1.05968 18.8246 190 190 190 255 
1.27612 -1.05256 19.2014 190 190 190 255 
0.986908 -1.10848 19.294 190 190 190 255 
0.42505 -1.10558 19.4704 190 190 190 255 
0.435082 -1.04717 19.5244 190 190 190 255 
-0.162664 -1.10506 19.5032 190 190 190 255 
-0.740096 -1.10687 19.3905 190 190 190 255 
-1.01339 -1.10869 19.2816 190 190 190 255 
-1.2707 -1.11118 19.14 190 190 190 255 
-1.03732 -1.05032 19.3311 190 190 190 255 
-1.30071 -1.05283 19.186 190 190 190 255 
-1.50806 -1.11437 18.9679 190 190 190 255 
-1.54368 -1.05607 19.0098 190 190 190 255 
-1.90912 -1.12305 18.5438 190 190 190 255 
-1.95423 -1.06488 18.5755 190 190 190 255 
-2.11581 -1.07052 18.324 190 190 190 255 
-2.33936 -1.0843 17.7723 190 190 190 255 
-2.39822 -1.09237 17.4799 190 190 190 255 
-2.34283 -1.14999 17.474 190 190 190 255 
2.42198 -1.09666 16.9532 190 190 190 255 
2.44297 -1.02695 17.5086 190 190 190 255 
2.33304 -1.08368 17.7955 190 190 190 255 
2.10314 -1.07 18.3464 190 190 190 255 
2.14536 -1.00486 18.3689 190 190 190 255 
1.97726 -0.999186 18.6245 190 190 190 255 
1.52202 -1.05574 19.0275 190 190 190 255 
1.55255 -0.990388 19.0639 190 190 190 255 
1.01021 -1.05011 19.3437 190 190 190 255 
1.03046 -0.984696 19.3866 190 190 190 255 
0.728347 -1.04832 19.4519 190 190 190 255 
0.135066 -1.04662 19.5599 190 190 190 255 
-0.166503 -1.04665 19.5579 190 190 190 255 
0.137774 -0.981179 19.6073 190 190 190 255 
-0.465764 -1.04726 19.5186 190 190 190 255 
-0.16984 -0.981209 19.6053 190 190 190 255 
-0.475102 -0.981827 19.5651 190 190 190 255 
-0.757566 -1.04847 19.4425 190 190 190 255 
-0.772754 -0.98305 19.4875 190 190 190 255 
-1.05812 -0.984911 19.3738 190 190 190 255 
-1.76256 -1.06007 18.8053 190 190 190 255 
-1.79793 -0.994777 18.8372 190 190 190 255 
-1.99345 -0.999655 18.6027 190 190 190 255 
-2.24473 -1.077 18.0551 190 190 190 255 
-2.15829 -1.00539 18.3461 190 190 190 255 
-2.38633 -1.0194 17.783 190 190 190 255 
-2.42036 -1.10113 17.1829 190 190 190 255 
-2.44503 -1.06671 16.9513 190 190 190 255 
-2.45607 -1.04846 16.9502 190 190 190 255 
2.4837 -1.00628 16.9474 190 190 190 255 
2.48284 -0.955997 17.5124 190 190 190 255 
2.37989 -1.01877 17.8067 190 190 190 255 
2.28021 -1.01139 18.0949 190 190 190 255 
2.00951 -0.927832 18.647 190 190 190 255 
1.77909 -0.994383 18.8569 190 190 190 255 
1.57786 -0.918936 19.0938 190 190 190 255 
1.32294 -0.915693 19.2743 190 190 190 255 
1.30172 -0.987176 19.2415 190 190 190 255 
0.74295 -0.982897 19.4971 190 190 190 255 
0.443804 -0.981735 19.571 190 190 190 255 
0.451035 -0.910211 19.6094 190 190 190 255 
-0.785347 -0.911534 19.5245 190 190 190 255 
-1.07536 -0.913409 19.4088 190 190 190 255 
-1.32679 -0.987452 19.2257 190 190 190 255 
-1.34842 -0.915972 19.2583 190 190 190 255 
-1.57464 -0.990725 19.0459 190 190 190 255 
-2.2898 -1.01197 18.0716 190 190 190 255 
-2.44638 -1.02763 17.4847 190 190 190 255 
-2.4863 -0.956689 17.4881 190 190 190 255 
-2.50082 -0.972935 16.9456 190 190 190 255 
-2.63255 -0.378434 17.1196 190 190 190 255 
-2.62797 -0.369929 17.0931 190 190 190 255 
-2.60591 -0.32958 17.0429 190 190 190 255 
-2.59591 -0.31112 17.0316 190 190 190 255 
-2.50618 -0.889807 17.5395 190 190 190 255 
-2.61294 -0.587276 17.3965 190 190 190 255 
-2.62084 -0.427613 17.5638 190 190 190 255 
-2.51714 -0.565744 17.8896 190 190 190 255 
-2.19264 -0.492812 18.6023 190 190 190 255 
-2.03833 -0.458129 18.8179 190 190 190 255 
-1.43675 -0.439024 19.3539 190 190 190 255 
-1.40363 -0.427613 19.3753 190 190 190 255 
-1.19934 -0.427613 19.4815 190 190 190 255 
-0.56594 -0.588071 19.6853 190 190 190 255 
-0.632059 -0.516349 19.6853 190 190 190 255 
-0.599703 -0.427613 19.7093 190 190 190 255 
-0.342987 -0.427613 19.7464 190 190 190 255 
-0.22491 -0.536638 19.7484 190 190 190 255 
-0.158489 -0.427613 19.7731 190 190 190 255 
-0.156267 -0.560487 19.7484 190 190 190 255 
-0.0686711 -0.427613 19.7709 190 190 190 255 
-0.010962 -0.58176 19.7484 190 190 190 255 
-0.00896691 -0.427613 19.7695 190 190 190 255 
0.062243 -0.578525 19.7484 190 190 190 255 
0.104037 -0.427613 19.7667 190 190 190 255 
0.123573 -0.56859 19.7484 190 190 190 255 
0.155172 -0.427613 19.7655 190 190 190 255 
0.250416 -0.52522 19.7484 190 190 190 255 
0.275187 -0.427613 19.7626 190 190 190 255 
0.389593 -0.427613 19.748 190 190 190 255 
0.370918 -0.448314 19.7484 190 190 190 255 
0.35778 -0.427613 19.7524 190 190 190 255 
0.311965 -0.491165 19.7484 190 190 190 255 
0.698608 -0.841812 19.5782 190 190 190 255 
0.762849 -0.842187 19.5577 190 190 190 255 
0.882797 -0.842889 19.5194 190 190 190 255 
0.537965 -0.841109 19.6172 190 190 190 255 
0.623551 -0.841445 19.5984 190 190 190 255 
0.669311 -0.80897 19.5988 190 190 190 255 
0.255087 -0.775272 19.6853 190 190 190 255 
0.173332 -0.797541 19.6853 190 190 190 255 
0.141561 -0.840157 19.6717 190 190 190 255 
0.182899 -0.840176 19.6705 190 190 190 255 
-0.0153761 -0.816014 19.6853 190 190 190 255 
-0.125714 -0.84017 19.672 190 190 190 255 
-0.174407 -0.840228 19.6689 190 190 190 255 
-0.235629 -0.8403 19.665 190 190 190 255 
-0.21919 -0.786175 19.6853 190 190 190 255 
-0.315473 -0.752723 19.6853 190 190 190 255 
-0.278532 -0.84035 19.6623 190 190 190 255 
-0.406132 -0.707935 19.6853 190 190 190 255 
-0.4895 -0.653074 19.6853 190 190 190 255 
-0.740963 -0.842072 19.5672 190 190 190 255 
-1.03752 -0.844186 19.4536 190 190 190 255 
-0.991178 -0.809725 19.4883 190 190 190 255 
-0.96255 -0.843528 19.4883 190 190 190 255 
-0.81508 -0.842559 19.5408 190 190 190 255 
-0.81312 -0.664263 19.5988 190 190 190 255 
-1.3293 -0.847148 19.2999 190 190 190 255 
-1.07855 -0.689071 19.4883 190 190 190 255 
-1.90371 -0.857284 18.8171 190 190 190 255 
-1.71452 -0.842567 19.0168 190 190 190 255 
-1.71757 -0.853101 19.0094 190 190 190 255 
-2.09106 -0.823428 18.6023 190 190 190 255 
-1.99798 -0.859758 18.7064 190 190 190 255 
-2.04695 -0.861328 18.6387 190 190 190 255 
-2.22732 -0.86801 18.3584 190 190 190 255 
-2.27869 -0.696291 18.3733 190 190 190 255 
-2.31414 -0.872392 18.1839 190 190 190 255 
-2.39519 -0.877654 17.9809 190 190 190 255 
-2.38494 -0.728757 18.1345 190 190 190 255 
-2.52585 -0.771814 17.6425 190 190 190 255 
-2.52808 -0.909041 16.9423 190 190 190 255 
-2.57465 -0.786727 17.1549 190 190 190 255 
-2.53482 -0.901222 17.1548 190 190 190 255 
-2.20256 -0.86702 18.3994 190 190 190 255 
-2.21849 -0.867657 18.373 190 190 190 255 
-1.5945 -0.627891 19.1962 190 190 190 255 
-1.77752 -0.69996 19.0168 190 190 190 255 
-1.63887 -0.500783 19.1962 190 190 190 255 
-1.53799 -0.755815 19.1962 190 190 190 255 
-1.34832 -0.662604 19.3539 190 190 190 255 
-1.77521 -0.427613 19.0982 190 190 190 255 
-1.94389 -0.765477 18.8179 190 190 190 255 
-1.82698 -0.558263 19.0168 190 190 190 255 
-1.99798 -0.610516 18.8179 190 190 190 255 
-2.14924 -0.656736 18.6023 190 190 190 255 
-2.32471 -0.522494 18.3733 190 190 190 255 
-2.4331 -0.546856 18.1345 190 190 190 255 
-2.46732 -0.753929 17.8896 190 190 190 255 
-2.57685 -0.579166 17.6425 190 190 190 255 
-2.56122 -0.782622 17.3965 190 190 190 255 
-2.62664 -0.590356 17.1549 190 190 190 255 
-1.08643 -0.844616 19.4308 190 190 190 255 
-0.884796 -0.565284 19.5988 190 190 190 255 
-1.38067 -0.847734 19.27 190 190 190 255 
-1.36321 -0.847535 19.2802 190 190 190 255 
-1.26601 -0.808838 19.3539 190 190 190 255 
-0.942318 -0.463083 19.5988 190 190 190 255 
-1.14867 -0.56449 19.4883 190 190 190 255 
-0.953153 -0.427613 19.5955 190 190 190 255 
-0.728059 -0.756531 19.5988 190 190 190 255 
-0.629578 -0.835571 19.5974 190 190 190 255 
-0.512055 -0.841015 19.6255 190 190 190 255 
0.742613 -0.709039 19.6037 190 190 190 255 
0.666533 -0.636396 19.6494 190 190 190 255 
0.589426 -0.562776 19.6813 190 190 190 255 
0.587622 -0.561053 19.682 190 190 190 255 
0.520273 -0.628834 19.6853 190 190 190 255 
0.437582 -0.688939 19.6853 190 190 190 255 
0.35125 -0.736708 19.6853 190 190 190 255 
0.181858 -0.552714 19.7484 190 190 190 255 
0.087306 -0.811476 19.6853 190 190 190 255 
-0.0853475 -0.57557 19.7484 190 190 190 255 
-0.119714 -0.807332 19.6853 190 190 190 255 
-0.289543 -0.504708 19.7484 190 190 190 255 
-0.447364 -0.427613 19.7313 190 190 190 255 
3 38 1 0 
3 0 1 2 
3 0 2 7839 
3 7836 3609 3 
3 3 3609 0 
3 3 0 7838 
3 7838 0 7839 
3 7815 7816 5 
3 6 4 5 
3 5 4 7812 
3 5 7812 7815 
3 3633 3632 5 
3 5 3632 7808 
3 5 7808 6 
3 7820 7818 39 
3 7 5196 54 
3 54 5196 55 
3 7055 8 7 
3 7 8 9 
3 7 9 5196 
3 7055 7054 8 
3 8 7054 11 
3 8 11 10 
3 10 11 13 
3 11 12 13 
3 13 12 14 
3 13 14 5191 
3 5191 14 5192 
3 14 15 5192 
3 5192 15 7053 
3 5192 7053 5197 
3 5197 7053 5198 
3 7053 16 5198 
3 5198 16 17 
3 5198 17 18 
3 18 17 5200 
3 17 19 5200 
3 5200 19 21 
3 5200 21 20 
3 7051 22 21 
3 21 22 23 
3 21 23 20 
3 7828 24 7818 
3 7818 24 7050 
3 7818 7050 39 
3 7051 24 22 
3 22 24 7828 
3 22 7828 25 
3 25 7828 7827 
3 25 7827 5202 
3 5202 7827 7826 
3 5202 7826 5201 
3 5201 7826 7825 
3 5201 7825 5199 
3 5199 7825 7823 
3 5199 7823 26 
3 26 7823 7831 
3 26 7831 5190 
3 5190 7831 7830 
3 5190 7830 5195 
3 5195 7830 27 
3 5195 27 30 
3 29 33 5194 
3 27 28 30 
3 30 28 29 
3 30 29 5193 
3 5193 29 5194 
3 32 31 37 
3 37 5189 32 
3 32 5189 34 
3 32 34 33 
3 33 34 35 
3 33 35 5194 
3 31 36 37 
3 37 36 38 
3 37 38 0 
3 7820 39 40 
3 40 39 41 
3 40 41 42 
3 43 7822 42 
3 42 7822 7821 
3 42 7821 40 
3 43 7049 7822 
3 7822 7049 7048 
3 7822 7048 44 
3 44 7048 46 
3 7048 45 46 
3 46 45 7047 
3 46 7047 47 
3 47 7047 49 
3 7047 48 49 
3 49 48 50 
3 49 50 7813 
3 7813 50 7076 
3 7813 7076 52 
3 51 7814 52 
3 52 7814 53 
3 52 53 7813 
3 51 7075 7814 
3 7814 7075 5 
3 7814 5 7816 
3 7057 54 5188 
3 5188 54 55 
3 56 7065 57 
3 56 57 58 
3 58 57 5204 
3 58 5204 7105 
3 7105 5204 59 
3 7105 59 7106 
3 59 5203 7106 
3 7106 5203 60 
3 7106 60 7107 
3 7107 60 61 
3 7107 61 7108 
3 7108 61 62 
3 62 61 63 
3 62 63 64 
3 64 63 5207 
3 64 5207 66 
3 66 5207 65 
3 66 65 67 
3 67 65 5206 
3 67 5206 68 
3 68 5206 5205 
3 68 5205 69 
3 69 5205 5211 
3 69 5211 7110 
3 7110 5211 70 
3 7110 70 7111 
3 70 71 7111 
3 7111 71 5208 
3 7111 5208 86 
3 72 73 74 
3 74 73 75 
3 74 75 7065 
3 7065 75 76 
3 7065 76 57 
3 77 78 7062 
3 7062 78 79 
3 7062 79 7063 
3 7063 79 72 
3 7063 72 7064 
3 7064 72 74 
3 77 80 78 
3 78 80 81 
3 78 81 5181 
3 5181 81 82 
3 5181 82 5182 
3 5182 82 5183 
3 82 83 5183 
3 5183 83 7061 
3 5183 7061 5185 
3 7061 7060 5185 
3 5185 7060 7059 
3 5185 7059 84 
3 84 7059 7058 
3 84 7058 5187 
3 5187 7058 7057 
3 5187 7057 5188 
3 88 7077 5208 
3 5208 7077 7084 
3 7084 7102 5208 
3 5208 7102 85 
3 5208 85 86 
3 106 103 87 
3 88 89 7077 
3 7077 89 91 
3 90 7079 89 
3 89 7079 7078 
3 89 7078 91 
3 92 95 96 
3 96 7083 92 
3 92 7083 7082 
3 92 7082 90 
3 90 7082 7080 
3 90 7080 7079 
3 97 93 95 
3 95 93 94 
3 95 94 96 
3 95 5212 97 
3 97 5212 100 
3 97 100 7085 
3 7085 100 98 
3 87 103 99 
3 100 101 98 
3 98 101 102 
3 98 102 105 
3 99 103 102 
3 102 103 104 
3 102 104 105 
3 106 87 107 
3 107 87 108 
3 107 108 110 
3 7086 109 110 
3 110 109 111 
3 110 111 107 
3 110 112 7086 
3 7086 112 5213 
3 7086 5213 7087 
3 7087 5213 7088 
3 118 113 115 
3 115 113 114 
3 115 114 121 
3 5213 116 7088 
3 7088 116 113 
3 7088 113 117 
3 117 113 118 
3 7092 7091 121 
3 7091 7090 121 
3 121 7090 7089 
3 121 7089 115 
3 119 120 124 
3 121 122 7092 
3 7092 122 119 
3 7092 119 123 
3 123 119 124 
3 144 124 5209 
3 5209 124 120 
3 125 131 135 
3 133 126 127 
3 127 126 129 
3 127 129 128 
3 128 129 130 
3 128 130 7099 
3 7099 130 6008 
3 7099 6008 7100 
3 135 131 7098 
3 7098 131 132 
3 7098 132 133 
3 133 132 134 
3 133 134 126 
3 125 135 136 
3 136 135 137 
3 136 137 138 
3 141 143 139 
3 139 143 136 
3 139 136 140 
3 140 136 138 
3 141 142 143 
3 143 142 7096 
3 143 7096 5210 
3 144 5209 7094 
3 7094 5209 5210 
3 7094 5210 7095 
3 7095 5210 7096 
3 145 169 150 
3 150 169 168 
3 150 168 146 
3 175 173 150 
3 150 173 172 
3 150 172 145 
3 148 178 150 
3 150 178 176 
3 150 176 175 
3 180 147 150 
3 150 147 179 
3 150 179 148 
3 149 184 150 
3 150 184 182 
3 150 182 180 
3 191 188 150 
3 150 188 187 
3 150 187 149 
3 195 194 150 
3 150 194 192 
3 150 192 191 
3 199 198 150 
3 150 198 197 
3 150 197 195 
3 205 202 150 
3 150 202 201 
3 150 201 199 
3 155 151 150 
3 150 151 152 
3 150 152 205 
3 153 209 150 
3 150 209 154 
3 150 154 155 
3 146 156 150 
3 150 156 211 
3 150 211 153 
3 157 1384 1373 
3 1373 8369 157 
3 157 8369 8368 
3 157 8368 6011 
3 8368 8370 6011 
3 6011 8370 8372 
3 6011 8372 158 
3 8372 8373 158 
3 158 8373 8366 
3 158 8366 6012 
3 6012 8366 8365 
3 8365 159 6012 
3 6012 159 160 
3 6012 160 161 
3 160 8364 161 
3 161 8364 8363 
3 161 8363 163 
3 163 8363 8375 
3 163 8375 8376 
3 8377 6007 162 
3 162 6007 163 
3 162 163 164 
3 164 163 8376 
3 7100 6008 165 
3 165 6008 6007 
3 165 6007 166 
3 166 6007 8377 
3 1390 168 167 
3 167 168 169 
3 167 169 170 
3 170 169 145 
3 170 145 171 
3 171 145 172 
3 171 172 1387 
3 1387 172 173 
3 1387 173 174 
3 174 173 175 
3 174 175 1385 
3 1385 175 176 
3 1385 176 1386 
3 1386 176 178 
3 1386 178 177 
3 177 178 148 
3 177 148 1381 
3 1381 148 179 
3 1381 179 1382 
3 1382 179 147 
3 1382 147 1383 
3 1383 147 180 
3 1383 180 181 
3 181 180 182 
3 181 182 183 
3 183 182 184 
3 183 184 185 
3 185 184 149 
3 185 149 186 
3 186 149 187 
3 186 187 189 
3 189 187 188 
3 189 188 190 
3 190 188 191 
3 190 191 1376 
3 1376 191 192 
3 1376 192 193 
3 193 192 194 
3 193 194 1374 
3 1374 194 195 
3 1374 195 196 
3 196 195 197 
3 196 197 1378 
3 1378 197 198 
3 1378 198 200 
3 200 198 199 
3 200 199 1379 
3 1379 199 201 
3 1379 201 1380 
3 1380 201 202 
3 1380 202 203 
3 203 202 205 
3 203 205 204 
3 204 205 152 
3 204 152 206 
3 206 152 151 
3 206 151 207 
3 207 151 155 
3 207 155 1372 
3 1372 155 154 
3 1372 154 208 
3 208 154 209 
3 208 209 210 
3 210 209 153 
3 210 153 1388 
3 1388 153 211 
3 1388 211 1389 
3 1389 211 156 
3 1389 156 212 
3 212 156 146 
3 212 146 1390 
3 1390 146 168 
3 243 1520 11118 
3 8071 8072 213 
3 218 11018 11017 
3 217 8082 6071 
3 11001 8079 11002 
3 11002 8079 214 
3 11002 214 215 
3 215 214 217 
3 215 217 216 
3 216 217 6071 
3 11018 218 11000 
3 11000 218 8081 
3 11000 8081 11001 
3 11001 8081 8080 
3 11001 8080 8079 
3 213 8072 227 
3 228 226 11017 
3 11017 226 219 
3 11017 219 218 
3 8071 213 220 
3 220 213 11104 
3 220 11104 8070 
3 8070 11104 11103 
3 8070 11103 221 
3 11103 222 221 
3 221 222 224 
3 221 224 223 
3 223 224 11101 
3 223 11101 8069 
3 8069 11101 225 
3 8069 225 8067 
3 8072 226 227 
3 227 226 228 
3 227 228 229 
3 229 228 11098 
3 228 230 11098 
3 11098 230 231 
3 11098 231 232 
3 232 231 11099 
3 231 11016 11099 
3 11099 11016 234 
3 11099 234 233 
3 233 234 235 
3 234 236 235 
3 235 236 11021 
3 235 11021 237 
3 237 11021 238 
3 11021 239 238 
3 238 239 241 
3 238 241 240 
3 240 241 11117 
3 11117 241 242 
3 11117 242 11020 
3 243 11118 11020 
3 11020 11118 244 
3 11020 244 11117 
3 245 1440 728 
3 681 680 783 
3 783 680 781 
3 683 246 677 
3 678 1476 247 
3 660 2339 248 
3 2334 2338 558 
3 632 655 634 
3 2352 2770 591 
3 249 2353 584 
3 250 614 616 
3 3129 2305 581 
3 659 251 557 
3 623 622 884 
3 642 253 883 
3 252 880 253 
3 663 878 880 
3 597 866 254 
3 255 876 877 
3 576 875 876 
3 256 872 875 
3 1609 1608 504 
3 496 507 505 
3 451 259 904 
3 2312 2313 462 
3 1617 1619 257 
3 449 1624 258 
3 431 2310 461 
3 452 455 259 
3 456 900 455 
3 458 899 900 
3 420 260 899 
3 896 897 436 
3 261 422 421 
3 262 263 435 
3 262 264 261 
3 858 892 264 
3 894 854 379 
3 353 852 292 
3 322 309 370 
3 370 309 372 
3 356 292 332 
3 284 265 266 
3 670 1481 267 
3 675 670 671 
3 697 4863 698 
3 820 819 268 
3 269 862 4865 
3 864 4867 862 
3 571 570 4859 
3 272 2623 271 
3 270 4861 271 
3 271 4861 4860 
3 271 4860 272 
3 733 739 273 
3 733 274 739 
3 739 274 1431 
3 739 1431 275 
3 1431 290 275 
3 275 290 277 
3 275 277 276 
3 276 277 278 
3 276 278 279 
3 280 1423 333 
3 266 265 281 
3 289 282 283 
3 283 282 1416 
3 283 1416 316 
3 266 1420 284 
3 284 1420 285 
3 284 285 286 
3 286 285 287 
3 286 287 289 
3 289 287 288 
3 289 288 282 
3 290 1428 277 
3 277 1428 291 
3 277 291 278 
3 278 291 1425 
3 278 1425 332 
3 332 292 278 
3 278 292 852 
3 278 852 279 
3 1416 1415 316 
3 316 1415 293 
3 316 293 294 
3 294 293 1412 
3 294 1412 297 
3 301 296 295 
3 295 296 312 
3 295 312 321 
3 1412 298 297 
3 297 298 300 
3 297 300 299 
3 299 300 1409 
3 299 1409 318 
3 318 1409 302 
3 318 302 301 
3 301 302 303 
3 301 303 296 
3 1399 1397 304 
3 304 1397 308 
3 304 308 328 
3 1391 305 306 
3 306 305 330 
3 306 330 307 
3 307 330 328 
3 307 328 1394 
3 1394 328 308 
3 1402 309 310 
3 310 309 322 
3 310 322 311 
3 311 322 321 
3 311 321 1404 
3 1404 321 312 
3 327 314 313 
3 313 314 329 
3 313 329 418 
3 418 329 331 
3 418 331 324 
3 1423 281 333 
3 333 281 265 
3 333 265 334 
3 334 265 284 
3 334 284 315 
3 315 284 286 
3 315 286 336 
3 336 286 289 
3 336 289 337 
3 337 289 283 
3 337 283 339 
3 339 283 316 
3 339 316 341 
3 341 316 294 
3 341 294 342 
3 342 294 297 
3 342 297 317 
3 317 297 299 
3 317 299 344 
3 344 299 318 
3 344 318 345 
3 345 318 301 
3 345 301 348 
3 348 301 295 
3 348 295 319 
3 319 295 321 
3 319 321 320 
3 320 321 322 
3 320 322 323 
3 323 322 370 
3 5897 324 325 
3 325 324 331 
3 325 331 5898 
3 5898 331 5899 
3 326 1399 327 
3 327 1399 304 
3 327 304 314 
3 314 304 328 
3 314 328 329 
3 329 328 330 
3 329 330 331 
3 331 330 305 
3 331 305 5899 
3 1425 280 332 
3 332 280 333 
3 332 333 356 
3 356 333 334 
3 356 334 357 
3 357 334 315 
3 357 315 335 
3 335 315 336 
3 335 336 360 
3 360 336 337 
3 360 337 338 
3 338 337 339 
3 338 339 363 
3 363 339 341 
3 363 341 340 
3 340 341 342 
3 340 342 364 
3 364 342 317 
3 364 317 343 
3 343 317 344 
3 343 344 346 
3 346 344 345 
3 346 345 347 
3 347 345 348 
3 347 348 368 
3 368 348 319 
3 368 319 349 
3 349 319 320 
3 349 320 350 
3 350 320 323 
3 351 851 352 
3 854 353 401 
3 853 893 891 
3 376 5976 354 
3 353 292 401 
3 401 292 356 
3 401 356 355 
3 355 356 357 
3 355 357 358 
3 358 357 335 
3 358 335 359 
3 359 335 360 
3 359 360 361 
3 361 360 338 
3 361 338 362 
3 362 338 363 
3 362 363 403 
3 403 363 340 
3 403 340 404 
3 404 340 364 
3 404 364 365 
3 365 364 343 
3 365 343 366 
3 366 343 346 
3 366 346 367 
3 367 346 347 
3 367 347 406 
3 406 347 368 
3 406 368 408 
3 408 368 349 
3 408 349 369 
3 369 349 350 
3 369 350 411 
3 411 350 323 
3 411 323 412 
3 412 323 370 
3 412 370 371 
3 371 370 372 
3 371 372 413 
3 413 372 374 
3 413 374 373 
3 373 374 375 
3 373 375 415 
3 415 375 376 
3 415 376 377 
3 377 376 354 
3 377 354 417 
3 894 379 378 
3 378 379 380 
3 378 380 895 
3 895 380 381 
3 895 381 382 
3 382 381 383 
3 382 383 898 
3 898 383 384 
3 898 384 385 
3 385 384 402 
3 385 402 386 
3 386 402 388 
3 386 388 387 
3 387 388 405 
3 387 405 901 
3 901 405 389 
3 901 389 902 
3 902 389 390 
3 902 390 903 
3 903 390 391 
3 903 391 905 
3 905 391 393 
3 905 393 392 
3 392 393 407 
3 392 407 907 
3 907 407 409 
3 907 409 908 
3 908 409 410 
3 908 410 910 
3 910 410 394 
3 910 394 911 
3 911 394 395 
3 911 395 912 
3 912 395 414 
3 912 414 396 
3 396 414 397 
3 396 397 915 
3 915 397 398 
3 915 398 917 
3 917 398 416 
3 917 416 399 
3 399 416 400 
3 399 400 5902 
3 854 401 379 
3 379 401 355 
3 379 355 380 
3 380 355 358 
3 380 358 381 
3 381 358 359 
3 381 359 383 
3 383 359 361 
3 383 361 384 
3 384 361 362 
3 384 362 402 
3 402 362 403 
3 402 403 388 
3 388 403 404 
3 388 404 405 
3 405 404 365 
3 405 365 389 
3 389 365 366 
3 389 366 390 
3 390 366 367 
3 390 367 391 
3 391 367 406 
3 391 406 393 
3 393 406 408 
3 393 408 407 
3 407 408 369 
3 407 369 409 
3 409 369 411 
3 409 411 410 
3 410 411 412 
3 410 412 394 
3 394 412 371 
3 394 371 395 
3 395 371 413 
3 395 413 414 
3 414 413 373 
3 414 373 397 
3 397 373 415 
3 397 415 398 
3 398 415 377 
3 398 377 416 
3 416 377 417 
3 416 417 400 
3 1402 326 309 
3 309 326 327 
3 309 327 372 
3 372 327 313 
3 372 313 374 
3 374 313 418 
3 374 418 375 
3 375 418 324 
3 375 324 376 
3 376 324 5897 
3 376 5897 5976 
3 263 262 434 
3 260 420 419 
3 419 420 459 
3 419 459 897 
3 442 421 440 
3 440 421 422 
3 440 422 896 
3 861 423 427 
3 427 423 466 
3 427 466 428 
3 428 466 464 
3 428 464 425 
3 425 464 424 
3 425 424 462 
3 2315 425 2316 
3 2316 425 462 
3 2316 462 2314 
3 2314 462 2313 
3 2315 426 425 
3 425 426 2317 
3 425 2317 428 
3 428 2317 2318 
3 2323 427 2324 
3 2324 427 428 
3 2324 428 2319 
3 2319 428 2318 
3 262 261 434 
3 434 261 421 
3 434 421 432 
3 432 421 442 
3 432 442 429 
3 429 2308 430 
3 430 431 429 
3 429 431 461 
3 429 461 432 
3 432 461 433 
3 432 433 434 
3 434 433 463 
3 434 463 263 
3 263 463 465 
3 263 465 435 
3 435 465 467 
3 439 1623 1620 
3 897 459 436 
3 436 459 437 
3 436 437 441 
3 441 437 439 
3 441 439 438 
3 438 439 1620 
3 438 1620 2309 
3 896 436 440 
3 440 436 441 
3 440 441 442 
3 442 441 438 
3 442 438 429 
3 429 438 2309 
3 429 2309 2308 
3 448 443 444 
3 900 456 458 
3 458 456 445 
3 458 445 446 
3 446 445 447 
3 446 447 460 
3 460 447 448 
3 460 448 258 
3 258 448 444 
3 258 444 449 
3 454 541 450 
3 450 541 542 
3 259 451 452 
3 452 451 539 
3 452 539 453 
3 453 539 540 
3 453 540 457 
3 457 540 541 
3 457 541 257 
3 257 541 454 
3 257 454 1617 
3 455 452 456 
3 456 452 453 
3 456 453 445 
3 445 453 457 
3 445 457 447 
3 447 457 257 
3 447 257 448 
3 448 257 1619 
3 448 1619 443 
3 899 458 420 
3 420 458 446 
3 420 446 459 
3 459 446 460 
3 459 460 437 
3 437 460 258 
3 437 258 439 
3 439 258 1624 
3 439 1624 1623 
3 2310 2312 461 
3 461 2312 462 
3 461 462 433 
3 433 462 424 
3 433 424 463 
3 463 424 464 
3 463 464 465 
3 465 464 466 
3 465 466 467 
3 467 466 423 
3 488 468 470 
3 492 484 468 
3 469 470 471 
3 914 473 472 
3 473 916 478 
3 919 920 525 
3 474 479 475 
3 475 479 476 
3 475 476 919 
3 919 476 918 
3 479 477 476 
3 476 477 478 
3 476 478 918 
3 918 478 916 
3 473 478 472 
3 472 478 477 
3 472 477 529 
3 529 477 479 
3 529 479 530 
3 530 479 474 
3 530 474 480 
3 909 512 481 
3 481 512 513 
3 481 513 482 
3 482 513 483 
3 482 483 522 
3 522 483 511 
3 484 492 485 
3 485 492 487 
3 485 487 486 
3 486 487 534 
3 486 534 537 
3 470 469 488 
3 488 469 506 
3 488 506 493 
3 493 506 490 
3 493 490 494 
3 489 1614 490 
3 490 1614 491 
3 490 491 494 
3 494 491 1612 
3 494 1612 495 
3 468 488 492 
3 492 488 493 
3 492 493 487 
3 487 493 494 
3 487 494 534 
3 534 494 495 
3 534 495 1616 
3 503 1527 496 
3 496 1527 1610 
3 496 1610 507 
3 507 1610 1611 
3 507 1611 508 
3 521 497 498 
3 498 497 1605 
3 1605 1609 498 
3 498 1609 504 
3 498 504 499 
3 499 504 500 
3 499 500 501 
3 501 500 502 
3 501 502 471 
3 1608 503 504 
3 504 503 496 
3 504 496 500 
3 500 496 505 
3 500 505 502 
3 471 502 469 
3 469 502 505 
3 469 505 506 
3 506 505 507 
3 506 507 490 
3 490 507 508 
3 490 508 489 
3 532 516 531 
3 531 516 518 
3 531 518 509 
3 509 518 520 
3 509 520 528 
3 1601 522 510 
3 510 522 511 
3 510 511 1602 
3 1602 511 1603 
3 512 913 513 
3 513 913 527 
3 513 527 483 
3 483 527 528 
3 483 528 511 
3 511 528 520 
3 511 520 1603 
3 1603 520 1604 
3 1598 518 514 
3 514 518 516 
3 514 516 515 
3 515 516 1597 
3 1598 517 518 
3 518 517 1599 
3 518 1599 520 
3 520 1599 519 
3 520 519 1604 
3 1601 521 522 
3 522 521 498 
3 522 498 482 
3 482 498 499 
3 482 499 481 
3 481 499 501 
3 481 501 909 
3 909 501 471 
3 909 471 906 
3 906 471 470 
3 906 470 523 
3 523 470 468 
3 523 468 524 
3 524 468 484 
3 524 484 904 
3 919 525 475 
3 475 525 526 
3 475 526 474 
3 474 526 5924 
3 474 5924 480 
3 480 5924 5922 
3 480 5922 5921 
3 913 914 527 
3 527 914 472 
3 527 472 528 
3 528 472 529 
3 528 529 509 
3 509 529 530 
3 509 530 531 
3 531 530 480 
3 531 480 532 
3 532 480 5921 
3 532 5921 855 
3 1616 533 534 
3 534 533 535 
3 534 535 537 
3 537 535 536 
3 537 536 538 
3 904 484 451 
3 451 484 485 
3 451 485 539 
3 539 485 486 
3 539 486 540 
3 540 486 537 
3 540 537 541 
3 541 537 538 
3 541 538 542 
3 596 587 543 
3 543 587 544 
3 543 544 598 
3 598 544 589 
3 598 589 546 
3 546 589 545 
3 546 545 4853 
3 872 256 871 
3 871 256 612 
3 871 612 547 
3 594 254 548 
3 548 254 866 
3 548 866 868 
3 592 594 549 
3 549 594 548 
3 549 548 574 
3 574 548 868 
3 574 868 547 
3 658 550 551 
3 551 550 552 
3 551 552 888 
3 565 554 553 
3 553 554 555 
3 553 555 567 
3 567 555 889 
3 567 889 568 
3 626 651 647 
3 556 650 628 
3 633 557 658 
3 658 557 251 
3 658 251 550 
3 558 657 559 
3 559 657 560 
3 559 560 561 
3 561 560 566 
3 561 566 562 
3 562 566 563 
3 562 563 564 
3 564 563 569 
3 564 569 892 
3 657 565 560 
3 560 565 553 
3 560 553 566 
3 566 553 567 
3 566 567 563 
3 563 567 568 
3 563 568 569 
3 4860 570 272 
3 272 570 571 
3 272 571 581 
3 581 571 618 
3 581 618 572 
3 572 618 617 
3 572 617 573 
3 547 612 574 
3 574 612 575 
3 574 575 549 
3 549 575 591 
3 549 591 592 
3 876 255 576 
3 576 255 605 
3 576 605 611 
3 611 605 601 
3 611 601 577 
3 577 601 578 
3 577 578 609 
3 878 663 606 
3 606 663 579 
3 606 579 604 
3 604 579 665 
3 604 665 603 
3 603 665 580 
3 603 580 602 
3 3129 581 3130 
3 3130 581 572 
3 3130 572 2357 
3 2305 2669 581 
3 581 2669 582 
3 581 582 272 
3 272 582 583 
3 272 583 2623 
3 2353 250 584 
3 584 250 616 
3 584 616 595 
3 595 616 585 
3 595 585 596 
3 596 585 586 
3 596 586 587 
3 587 586 619 
3 587 619 544 
3 544 619 588 
3 544 588 589 
3 589 588 590 
3 589 590 545 
3 591 2770 592 
3 592 2770 593 
3 592 593 2355 
3 2355 249 592 
3 592 249 584 
3 592 584 594 
3 594 584 595 
3 594 595 254 
3 254 595 596 
3 254 596 597 
3 597 596 543 
3 597 543 865 
3 865 543 598 
3 865 598 599 
3 599 598 546 
3 599 546 864 
3 864 546 4853 
3 864 4853 4867 
3 668 600 580 
3 580 600 2835 
3 580 2835 602 
3 602 2835 2350 
3 602 2350 607 
3 607 578 602 
3 602 578 601 
3 602 601 603 
3 603 601 605 
3 603 605 604 
3 604 605 255 
3 604 255 606 
3 606 255 877 
3 606 877 878 
3 607 608 578 
3 578 608 2307 
3 578 2307 609 
3 609 2307 2306 
3 609 2306 610 
3 875 576 256 
3 256 576 611 
3 256 611 612 
3 612 611 577 
3 612 577 575 
3 575 577 609 
3 575 609 591 
3 591 609 610 
3 591 610 2352 
3 615 2356 573 
3 573 2356 613 
3 573 613 572 
3 572 613 2359 
3 572 2359 2357 
3 614 615 616 
3 616 615 573 
3 616 573 585 
3 585 573 617 
3 585 617 586 
3 586 617 618 
3 586 618 619 
3 619 618 571 
3 619 571 588 
3 588 571 4859 
3 588 4859 590 
3 253 642 252 
3 252 642 620 
3 252 620 621 
3 621 620 639 
3 621 639 664 
3 664 639 661 
3 664 661 666 
3 622 623 624 
3 624 623 625 
3 624 625 641 
3 641 625 653 
3 641 653 640 
3 640 653 635 
3 640 635 637 
3 626 647 627 
3 627 647 645 
3 627 645 652 
3 556 628 629 
3 629 628 248 
3 629 248 646 
3 2337 630 631 
3 631 630 632 
3 631 632 633 
3 633 632 634 
3 633 634 557 
3 635 2565 636 
3 635 636 637 
3 637 636 2853 
3 637 2853 638 
3 638 661 637 
3 637 661 639 
3 637 639 640 
3 640 639 620 
3 640 620 641 
3 641 620 642 
3 641 642 624 
3 624 642 883 
3 624 883 622 
3 248 2339 646 
3 646 2339 643 
3 646 643 644 
3 644 645 646 
3 646 645 647 
3 646 647 629 
3 629 647 651 
3 629 651 556 
3 644 2344 645 
3 645 2344 648 
3 645 648 652 
3 652 648 649 
3 652 649 2346 
3 659 650 885 
3 885 650 556 
3 885 556 884 
3 884 556 651 
3 884 651 623 
3 623 651 626 
3 623 626 625 
3 625 626 627 
3 625 627 653 
3 653 627 652 
3 653 652 635 
3 635 652 2346 
3 635 2346 2565 
3 630 2336 632 
3 632 2336 654 
3 632 654 655 
3 655 654 2341 
3 655 2341 2340 
3 2328 2332 656 
3 656 2332 2335 
3 2338 2337 558 
3 558 2337 631 
3 558 631 657 
3 657 631 633 
3 657 633 565 
3 565 633 658 
3 565 658 554 
3 554 658 551 
3 554 551 555 
3 555 551 888 
3 555 888 889 
3 659 557 650 
3 650 557 634 
3 650 634 628 
3 628 634 655 
3 628 655 248 
3 248 655 2340 
3 248 2340 660 
3 638 2349 661 
3 661 2349 662 
3 661 662 666 
3 666 662 2813 
3 666 2813 667 
3 880 252 663 
3 663 252 621 
3 663 621 579 
3 579 621 664 
3 579 664 665 
3 665 664 666 
3 665 666 580 
3 580 666 667 
3 580 667 668 
3 892 858 564 
3 564 858 669 
3 564 669 562 
3 562 669 859 
3 562 859 561 
3 561 859 860 
3 561 860 559 
3 559 860 656 
3 559 656 558 
3 558 656 2335 
3 558 2335 2334 
3 670 267 671 
3 671 267 672 
3 671 672 676 
3 676 672 673 
3 676 673 674 
3 683 675 246 
3 246 675 671 
3 246 671 677 
3 677 671 676 
3 677 676 678 
3 678 676 674 
3 678 674 1476 
3 681 696 682 
3 682 696 679 
3 709 680 247 
3 247 680 681 
3 247 681 678 
3 678 681 682 
3 678 682 677 
3 677 682 679 
3 677 679 683 
3 689 684 686 
3 686 684 685 
3 686 685 687 
3 747 1472 748 
3 748 1472 688 
3 748 688 750 
3 750 688 1470 
3 750 1470 689 
3 689 1470 690 
3 689 690 684 
3 685 1465 687 
3 687 1465 691 
3 687 691 692 
3 692 691 693 
3 692 693 694 
3 783 784 681 
3 681 784 695 
3 681 695 696 
3 696 695 785 
3 696 785 679 
3 679 785 697 
3 679 697 683 
3 683 697 698 
3 683 698 675 
3 693 1462 694 
3 694 1462 699 
3 694 699 700 
3 700 699 1458 
3 700 1458 703 
3 1447 725 1448 
3 1448 725 757 
3 1448 757 708 
3 708 757 707 
3 1458 701 703 
3 703 701 702 
3 703 702 704 
3 704 702 705 
3 704 705 706 
3 706 705 1454 
3 706 1454 707 
3 707 1454 1452 
3 707 1452 708 
3 709 746 680 
3 680 746 710 
3 680 710 781 
3 781 710 749 
3 781 749 711 
3 711 749 712 
3 711 712 778 
3 778 712 751 
3 778 751 713 
3 713 751 752 
3 713 752 776 
3 776 752 753 
3 776 753 714 
3 714 753 754 
3 714 754 773 
3 773 754 715 
3 773 715 716 
3 716 715 717 
3 716 717 718 
3 718 717 755 
3 718 755 771 
3 771 755 756 
3 771 756 720 
3 720 756 719 
3 720 719 721 
3 721 719 722 
3 721 722 768 
3 768 722 723 
3 768 723 724 
3 724 723 766 
3 1447 726 725 
3 725 726 727 
3 725 727 765 
3 765 727 843 
3 1443 745 744 
3 245 728 743 
3 743 728 729 
3 743 729 730 
3 729 731 730 
3 730 731 732 
3 730 732 273 
3 273 732 1434 
3 273 1434 733 
3 841 1443 842 
3 842 1443 744 
3 842 744 735 
3 735 744 734 
3 735 734 736 
3 736 734 742 
3 736 742 846 
3 846 742 741 
3 846 741 737 
3 737 741 740 
3 737 740 848 
3 848 740 738 
3 848 738 850 
3 279 850 276 
3 276 850 738 
3 276 738 275 
3 275 738 740 
3 275 740 739 
3 739 740 741 
3 739 741 273 
3 273 741 742 
3 273 742 730 
3 730 742 734 
3 730 734 743 
3 743 734 744 
3 743 744 245 
3 245 744 745 
3 245 745 1440 
3 746 747 710 
3 710 747 748 
3 710 748 749 
3 749 748 750 
3 749 750 712 
3 712 750 689 
3 712 689 751 
3 751 689 686 
3 751 686 752 
3 752 686 687 
3 752 687 753 
3 753 687 692 
3 753 692 754 
3 754 692 694 
3 754 694 715 
3 715 694 700 
3 715 700 717 
3 717 700 703 
3 717 703 755 
3 755 703 704 
3 755 704 756 
3 756 704 706 
3 756 706 719 
3 719 706 707 
3 719 707 722 
3 722 707 757 
3 722 757 723 
3 723 757 725 
3 723 725 766 
3 766 725 765 
3 351 352 758 
3 758 352 759 
3 758 759 849 
3 849 759 760 
3 849 760 761 
3 761 760 839 
3 761 839 847 
3 847 839 762 
3 847 762 845 
3 845 762 763 
3 845 763 844 
3 844 763 764 
3 844 764 843 
3 843 764 837 
3 843 837 765 
3 765 837 836 
3 765 836 766 
3 766 836 767 
3 766 767 724 
3 724 767 834 
3 724 834 768 
3 768 834 833 
3 768 833 721 
3 721 833 769 
3 721 769 720 
3 720 769 770 
3 720 770 771 
3 771 770 832 
3 771 832 718 
3 718 832 772 
3 718 772 716 
3 716 772 774 
3 716 774 773 
3 773 774 775 
3 773 775 714 
3 714 775 777 
3 714 777 776 
3 776 777 828 
3 776 828 713 
3 713 828 779 
3 713 779 778 
3 778 779 780 
3 778 780 711 
3 711 780 782 
3 711 782 781 
3 781 782 825 
3 781 825 783 
3 783 825 824 
3 783 824 784 
3 784 824 823 
3 784 823 695 
3 695 823 821 
3 695 821 785 
3 785 821 820 
3 785 820 697 
3 697 820 268 
3 697 268 4863 
3 853 891 786 
3 786 891 890 
3 786 890 788 
3 788 890 787 
3 788 787 840 
3 840 787 789 
3 840 789 790 
3 790 789 792 
3 790 792 791 
3 791 792 887 
3 791 887 793 
3 793 887 795 
3 793 795 794 
3 794 795 886 
3 794 886 838 
3 838 886 796 
3 838 796 797 
3 797 796 798 
3 797 798 800 
3 800 798 799 
3 800 799 835 
3 835 799 801 
3 835 801 802 
3 802 801 882 
3 802 882 803 
3 803 882 881 
3 803 881 804 
3 804 881 879 
3 804 879 805 
3 805 879 806 
3 805 806 831 
3 831 806 807 
3 831 807 830 
3 830 807 874 
3 830 874 808 
3 808 874 873 
3 808 873 809 
3 809 873 810 
3 809 810 829 
3 829 810 870 
3 829 870 827 
3 827 870 869 
3 827 869 826 
3 826 869 867 
3 826 867 811 
3 811 867 813 
3 811 813 812 
3 812 813 814 
3 812 814 815 
3 815 814 816 
3 815 816 822 
3 822 816 863 
3 822 863 817 
3 817 863 269 
3 817 269 818 
3 818 269 4865 
3 818 4865 819 
3 819 820 818 
3 818 820 821 
3 818 821 817 
3 817 821 823 
3 817 823 822 
3 822 823 824 
3 822 824 815 
3 815 824 825 
3 815 825 812 
3 812 825 782 
3 812 782 811 
3 811 782 780 
3 811 780 826 
3 826 780 779 
3 826 779 827 
3 827 779 828 
3 827 828 829 
3 829 828 777 
3 829 777 809 
3 809 777 775 
3 809 775 808 
3 808 775 774 
3 808 774 830 
3 830 774 772 
3 830 772 831 
3 831 772 832 
3 831 832 805 
3 805 832 770 
3 805 770 804 
3 804 770 769 
3 804 769 803 
3 803 769 833 
3 803 833 802 
3 802 833 834 
3 802 834 835 
3 835 834 767 
3 835 767 800 
3 800 767 836 
3 800 836 797 
3 797 836 837 
3 797 837 838 
3 838 837 764 
3 838 764 794 
3 794 764 763 
3 794 763 793 
3 793 763 762 
3 793 762 791 
3 791 762 839 
3 791 839 790 
3 790 839 760 
3 790 760 840 
3 840 760 759 
3 840 759 788 
3 788 759 352 
3 788 352 786 
3 786 352 851 
3 786 851 853 
3 726 841 727 
3 727 841 842 
3 727 842 843 
3 843 842 735 
3 843 735 844 
3 844 735 736 
3 844 736 845 
3 845 736 846 
3 845 846 847 
3 847 846 737 
3 847 737 761 
3 761 737 848 
3 761 848 849 
3 849 848 850 
3 849 850 758 
3 758 850 279 
3 758 279 351 
3 351 279 852 
3 351 852 851 
3 851 852 353 
3 851 353 853 
3 853 353 854 
3 853 854 893 
3 893 854 894 
3 855 5919 532 
3 532 5919 5918 
3 532 5918 516 
3 516 5918 856 
3 516 856 5917 
3 1597 516 1596 
3 1596 516 5917 
3 1596 5917 1594 
3 2327 2329 861 
3 2323 2322 427 
3 427 2322 857 
3 427 857 861 
3 861 857 2326 
3 861 2326 2327 
3 264 262 858 
3 858 262 435 
3 858 435 669 
3 669 435 467 
3 669 467 859 
3 859 467 423 
3 859 423 860 
3 860 423 861 
3 860 861 656 
3 656 861 2329 
3 656 2329 2328 
3 862 269 864 
3 864 269 863 
3 864 863 599 
3 599 863 816 
3 599 816 865 
3 865 816 814 
3 865 814 597 
3 597 814 813 
3 597 813 866 
3 866 813 867 
3 866 867 868 
3 868 867 869 
3 868 869 547 
3 547 869 870 
3 547 870 871 
3 871 870 810 
3 871 810 872 
3 872 810 873 
3 872 873 875 
3 875 873 874 
3 875 874 876 
3 876 874 807 
3 876 807 877 
3 877 807 806 
3 877 806 878 
3 878 806 879 
3 878 879 880 
3 880 879 881 
3 880 881 253 
3 253 881 882 
3 253 882 883 
3 883 882 801 
3 883 801 622 
3 622 801 799 
3 622 799 884 
3 884 799 798 
3 884 798 885 
3 885 798 796 
3 885 796 659 
3 659 796 886 
3 659 886 251 
3 251 886 795 
3 251 795 550 
3 550 795 887 
3 550 887 552 
3 552 887 792 
3 552 792 888 
3 888 792 789 
3 888 789 889 
3 889 789 787 
3 889 787 568 
3 568 787 890 
3 568 890 569 
3 569 890 891 
3 569 891 892 
3 892 891 893 
3 892 893 264 
3 264 893 894 
3 264 894 261 
3 261 894 378 
3 261 378 422 
3 422 378 895 
3 422 895 896 
3 896 895 382 
3 896 382 897 
3 897 382 898 
3 897 898 419 
3 419 898 385 
3 419 385 260 
3 260 385 386 
3 260 386 899 
3 899 386 387 
3 899 387 900 
3 900 387 901 
3 900 901 455 
3 455 901 902 
3 455 902 259 
3 259 902 903 
3 259 903 904 
3 904 903 905 
3 904 905 524 
3 524 905 392 
3 524 392 523 
3 523 392 907 
3 523 907 906 
3 906 907 908 
3 906 908 909 
3 909 908 910 
3 909 910 512 
3 512 910 911 
3 512 911 913 
3 913 911 912 
3 913 912 914 
3 914 912 396 
3 914 396 473 
3 473 396 915 
3 473 915 916 
3 916 915 917 
3 916 917 918 
3 918 917 399 
3 918 399 919 
3 919 399 5902 
3 919 5902 920 
3 970 3181 921 
3 921 3181 3245 
3 3245 3244 921 
3 921 3244 922 
3 921 922 1509 
3 922 3243 1509 
3 1509 3243 3242 
3 1509 3242 923 
3 3242 3241 923 
3 923 3241 924 
3 923 924 925 
3 924 3239 925 
3 925 3239 926 
3 925 926 1506 
3 926 3237 1506 
3 1506 3237 927 
3 1506 927 929 
3 927 928 929 
3 929 928 3236 
3 929 3236 1505 
3 3236 3235 1505 
3 1505 3235 930 
3 1505 930 1503 
3 930 3234 1503 
3 1503 3234 3233 
3 1503 3233 1502 
3 3233 931 1502 
3 1502 931 932 
3 1502 932 1501 
3 932 3231 1501 
3 1501 3231 3229 
3 1501 3229 933 
3 3229 3228 933 
3 933 3228 934 
3 933 934 1500 
3 934 935 1500 
3 1500 935 3227 
3 1500 3227 936 
3 3227 937 936 
3 936 937 3225 
3 936 3225 1498 
3 3225 3224 1498 
3 1498 3224 938 
3 1498 938 1497 
3 938 3222 1497 
3 1497 3222 939 
3 1497 939 940 
3 939 3221 940 
3 940 3221 3220 
3 940 3220 941 
3 941 3220 3219 
3 941 3219 1494 
3 3219 3217 1494 
3 1494 3217 942 
3 1494 942 944 
3 944 942 943 
3 943 3215 944 
3 944 3215 3214 
3 944 3214 1491 
3 3214 945 1491 
3 1491 945 3211 
3 1491 3211 1489 
3 3211 3210 1489 
3 1489 3210 3209 
3 1489 3209 946 
3 3209 947 946 
3 946 947 3206 
3 946 3206 1487 
3 3206 3205 1487 
3 1487 3205 948 
3 1487 948 949 
3 948 3204 949 
3 949 3204 950 
3 949 950 951 
3 950 3201 951 
3 951 3201 952 
3 951 952 1484 
3 952 953 1484 
3 1484 953 954 
3 1484 954 1518 
3 954 3197 1518 
3 1518 3197 955 
3 1518 955 956 
3 955 3195 956 
3 956 3195 957 
3 956 957 959 
3 957 958 959 
3 959 958 960 
3 959 960 1515 
3 960 961 1515 
3 1515 961 3192 
3 1515 3192 963 
3 3192 962 963 
3 963 962 964 
3 963 964 965 
3 964 3190 965 
3 965 3190 966 
3 965 966 1514 
3 966 3188 1514 
3 1514 3188 967 
3 1514 967 968 
3 967 3187 968 
3 968 3187 969 
3 968 969 1513 
3 1513 969 3184 
3 1513 3184 970 
3 970 3184 3182 
3 970 3182 3181 
3 1143 1305 1145 
3 1086 971 973 
3 972 973 1236 
3 974 1236 975 
3 1033 3056 997 
3 2399 976 977 
3 2403 1010 978 
3 978 1010 980 
3 2403 2402 1010 
3 1010 2402 2401 
3 1010 2401 2400 
3 983 979 1023 
3 1023 979 980 
3 1023 980 981 
3 2391 2393 1022 
3 1022 2393 2395 
3 1022 2395 1023 
3 1023 2395 982 
3 1023 982 983 
3 2390 984 1022 
3 1022 984 2392 
3 1022 2392 2391 
3 988 2941 986 
3 986 2941 2390 
3 986 2390 1037 
3 985 990 2924 
3 985 2924 986 
3 986 2924 987 
3 986 987 988 
3 993 995 985 
3 985 995 989 
3 985 989 990 
3 2988 991 992 
3 992 991 3006 
3 992 3006 993 
3 993 3006 994 
3 993 994 995 
3 1034 996 3106 
3 1034 3106 992 
3 992 3106 2387 
3 992 2387 2988 
3 3056 2386 997 
3 997 2386 3084 
3 997 3084 1034 
3 1034 3084 3030 
3 1034 3030 996 
3 998 3257 1012 
3 3257 998 999 
3 999 998 1019 
3 999 1019 3253 
3 3253 1019 1000 
3 1000 1019 1002 
3 1000 1002 1001 
3 1005 3252 1002 
3 1002 3252 1003 
3 1002 1003 1001 
3 1017 1015 3250 
3 3250 1004 1017 
3 1017 1004 1006 
3 1017 1006 1005 
3 1005 1006 1007 
3 1005 1007 3252 
3 1014 1013 3248 
3 3248 1008 1014 
3 1014 1008 1009 
3 1014 1009 1015 
3 1015 1009 3251 
3 1015 3251 3250 
3 2400 2399 1010 
3 1010 2399 977 
3 1010 977 1013 
3 1013 977 1011 
3 1013 1011 3248 
3 1021 998 1215 
3 1215 998 1012 
3 1215 1012 3256 
3 980 1010 981 
3 981 1010 1013 
3 981 1013 1025 
3 1025 1013 1014 
3 1025 1014 1026 
3 1026 1014 1015 
3 1026 1015 1016 
3 1016 1015 1017 
3 1016 1017 1028 
3 1028 1017 1005 
3 1028 1005 1030 
3 1030 1005 1002 
3 1030 1002 1018 
3 1018 1002 1019 
3 1018 1019 1020 
3 1020 1019 998 
3 1020 998 1031 
3 1031 998 1021 
3 1031 1021 1217 
3 2390 1022 1037 
3 1037 1022 1023 
3 1037 1023 1038 
3 1038 1023 981 
3 1038 981 1024 
3 1024 981 1025 
3 1024 1025 1039 
3 1039 1025 1026 
3 1039 1026 1040 
3 1040 1026 1016 
3 1040 1016 1027 
3 1027 1016 1028 
3 1027 1028 1042 
3 1042 1028 1030 
3 1042 1030 1029 
3 1029 1030 1018 
3 1029 1018 1044 
3 1044 1018 1020 
3 1044 1020 1045 
3 1045 1020 1031 
3 1045 1031 1032 
3 1032 1031 1217 
3 1032 1217 1160 
3 1047 1033 1049 
3 1049 1033 997 
3 1049 997 1050 
3 1050 997 1034 
3 1050 1034 1051 
3 1051 1034 992 
3 1051 992 1035 
3 1035 992 993 
3 1035 993 1053 
3 1053 993 985 
3 1053 985 1055 
3 1055 985 986 
3 1055 986 1036 
3 1036 986 1037 
3 1036 1037 1056 
3 1056 1037 1038 
3 1056 1038 1057 
3 1057 1038 1024 
3 1057 1024 1058 
3 1058 1024 1039 
3 1058 1039 1060 
3 1060 1039 1040 
3 1060 1040 1062 
3 1062 1040 1027 
3 1062 1027 1041 
3 1041 1027 1042 
3 1041 1042 1063 
3 1063 1042 1029 
3 1063 1029 1043 
3 1043 1029 1044 
3 1043 1044 1064 
3 1064 1044 1045 
3 1064 1045 1065 
3 1065 1045 1032 
3 1065 1032 1046 
3 1046 1032 1160 
3 1046 1160 1067 
3 2385 1047 1048 
3 1048 1047 1049 
3 1048 1049 975 
3 975 1049 1050 
3 975 1050 974 
3 974 1050 1051 
3 974 1051 1052 
3 1052 1051 1035 
3 1052 1035 1068 
3 1068 1035 1053 
3 1068 1053 1054 
3 1054 1053 1055 
3 1054 1055 1071 
3 1071 1055 1036 
3 1071 1036 1072 
3 1072 1036 1056 
3 1072 1056 1074 
3 1074 1056 1057 
3 1074 1057 1075 
3 1075 1057 1058 
3 1075 1058 1059 
3 1059 1058 1060 
3 1059 1060 1061 
3 1061 1060 1062 
3 1061 1062 1078 
3 1078 1062 1041 
3 1078 1041 1079 
3 1079 1041 1063 
3 1079 1063 1080 
3 1080 1063 1043 
3 1080 1043 1081 
3 1081 1043 1064 
3 1081 1064 1082 
3 1082 1064 1065 
3 1082 1065 1083 
3 1083 1065 1046 
3 1083 1046 1066 
3 1066 1046 1067 
3 1066 1067 1084 
3 1236 974 972 
3 972 974 1052 
3 972 1052 1085 
3 1085 1052 1068 
3 1085 1068 1069 
3 1069 1068 1054 
3 1069 1054 1070 
3 1070 1054 1071 
3 1070 1071 1088 
3 1088 1071 1072 
3 1088 1072 1089 
3 1089 1072 1074 
3 1089 1074 1073 
3 1073 1074 1075 
3 1073 1075 1091 
3 1091 1075 1059 
3 1091 1059 1076 
3 1076 1059 1061 
3 1076 1061 1077 
3 1077 1061 1078 
3 1077 1078 1094 
3 1094 1078 1079 
3 1094 1079 1095 
3 1095 1079 1080 
3 1095 1080 1097 
3 1097 1080 1081 
3 1097 1081 1098 
3 1098 1081 1082 
3 1098 1082 1099 
3 1099 1082 1083 
3 1099 1083 1101 
3 1101 1083 1066 
3 1101 1066 1103 
3 1103 1066 1084 
3 1103 1084 1104 
3 973 972 1086 
3 1086 972 1085 
3 1086 1085 1105 
3 1105 1085 1069 
3 1105 1069 1087 
3 1087 1069 1070 
3 1087 1070 1106 
3 1106 1070 1088 
3 1106 1088 1107 
3 1107 1088 1089 
3 1107 1089 1090 
3 1090 1089 1073 
3 1090 1073 1109 
3 1109 1073 1091 
3 1109 1091 1092 
3 1092 1091 1076 
3 1092 1076 1112 
3 1112 1076 1077 
3 1112 1077 1093 
3 1093 1077 1094 
3 1093 1094 1113 
3 1113 1094 1095 
3 1113 1095 1096 
3 1096 1095 1097 
3 1096 1097 1116 
3 1116 1097 1098 
3 1116 1098 1100 
3 1100 1098 1099 
3 1100 1099 1118 
3 1118 1099 1101 
3 1118 1101 1102 
3 1102 1101 1103 
3 1102 1103 1120 
3 1120 1103 1104 
3 1120 1104 1159 
3 971 1086 1144 
3 1144 1086 1105 
3 1144 1105 1142 
3 1142 1105 1087 
3 1142 1087 1140 
3 1140 1087 1106 
3 1140 1106 1139 
3 1139 1106 1107 
3 1139 1107 1108 
3 1108 1107 1090 
3 1108 1090 1110 
3 1110 1090 1109 
3 1110 1109 1111 
3 1111 1109 1092 
3 1111 1092 1133 
3 1133 1092 1112 
3 1133 1112 1132 
3 1132 1112 1093 
3 1132 1093 1130 
3 1130 1093 1113 
3 1130 1113 1114 
3 1114 1113 1096 
3 1114 1096 1127 
3 1127 1096 1116 
3 1127 1116 1115 
3 1115 1116 1100 
3 1115 1100 1126 
3 1126 1100 1118 
3 1126 1118 1117 
3 1117 1118 1102 
3 1117 1102 1119 
3 1119 1102 1120 
3 1119 1120 1121 
3 1121 1120 1159 
3 1121 1159 1122 
3 1122 1123 1121 
3 1121 1123 1124 
3 1121 1124 1119 
3 1119 1124 1157 
3 1119 1157 1117 
3 1117 1157 1125 
3 1117 1125 1126 
3 1126 1125 1155 
3 1126 1155 1115 
3 1115 1155 1153 
3 1115 1153 1127 
3 1127 1153 1128 
3 1127 1128 1114 
3 1114 1128 1129 
3 1114 1129 1130 
3 1130 1129 1131 
3 1130 1131 1132 
3 1132 1131 1151 
3 1132 1151 1133 
3 1133 1151 1134 
3 1133 1134 1111 
3 1111 1134 1135 
3 1111 1135 1110 
3 1110 1135 1136 
3 1110 1136 1108 
3 1108 1136 1137 
3 1108 1137 1139 
3 1139 1137 1138 
3 1139 1138 1140 
3 1140 1138 1141 
3 1140 1141 1142 
3 1142 1141 1143 
3 1142 1143 1144 
3 1144 1143 1145 
3 1144 1145 971 
3 1354 1305 1352 
3 1352 1305 1143 
3 1352 1143 1146 
3 1146 1143 1141 
3 1146 1141 1147 
3 1147 1141 1138 
3 1147 1138 1148 
3 1148 1138 1137 
3 1148 1137 1349 
3 1349 1137 1136 
3 1349 1136 1347 
3 1347 1136 1135 
3 1347 1135 1346 
3 1346 1135 1134 
3 1346 1134 1149 
3 1149 1134 1151 
3 1149 1151 1150 
3 1150 1151 1131 
3 1150 1131 1344 
3 1344 1131 1129 
3 1344 1129 1152 
3 1152 1129 1128 
3 1152 1128 1342 
3 1342 1128 1153 
3 1342 1153 1154 
3 1154 1153 1155 
3 1154 1155 1341 
3 1341 1155 1125 
3 1341 1125 1156 
3 1156 1125 1157 
3 1156 1157 1158 
3 1158 1157 1124 
3 1158 1124 1370 
3 1370 1124 1123 
3 1370 1123 1320 
3 1320 1123 1122 
3 1322 1122 1159 
3 1270 1104 1084 
3 1269 1084 1067 
3 1250 1067 1160 
3 1237 1160 1217 
3 1214 1217 1021 
3 1173 1170 1231 
3 1161 1216 1162 
3 1162 1216 2382 
3 1167 2378 1216 
3 1216 2378 1163 
3 1216 1163 2382 
3 1166 1164 2381 
3 2381 1165 1166 
3 1166 1165 2380 
3 1166 2380 1167 
3 1167 2380 2379 
3 1167 2379 2378 
3 1164 1166 2376 
3 2376 1166 1168 
3 2376 1168 1169 
3 1170 2374 1231 
3 1231 2374 1171 
3 1231 1171 1168 
3 1168 1171 1172 
3 1168 1172 1169 
3 1173 1231 1174 
3 1174 1231 1230 
3 1174 1230 1175 
3 1208 1181 1176 
3 1176 2373 1208 
3 1208 2373 1177 
3 1208 1177 1230 
3 1230 1177 2372 
3 1230 2372 1175 
3 1178 1179 1195 
3 1195 1179 2361 
3 1195 2361 1208 
3 1208 2361 1180 
3 1208 1180 1181 
3 2368 2370 1182 
3 2368 1182 3246 
3 2370 2371 1182 
3 1182 2371 2367 
3 1182 2367 2366 
3 2366 2364 1182 
3 1182 2364 2363 
3 1182 2363 1195 
3 1195 2363 1183 
3 1195 1183 1178 
3 1184 1185 1182 
3 1182 1185 3247 
3 1182 3247 3246 
3 1198 1186 1184 
3 1184 1186 3270 
3 1184 3270 1185 
3 1187 3268 1198 
3 1198 3268 3267 
3 1198 3267 1186 
3 1188 3266 1187 
3 1187 3266 3269 
3 1187 3269 3268 
3 1190 3265 1188 
3 1188 3265 1189 
3 1188 1189 3266 
3 1204 1192 1190 
3 1190 1192 3263 
3 1190 3263 3265 
3 1205 3262 1204 
3 1204 3262 1191 
3 1204 1191 1192 
3 1207 3260 1193 
3 1193 3260 3259 
3 1193 3259 1205 
3 1205 3259 1194 
3 1205 1194 3262 
3 1195 1196 1182 
3 1182 1196 1197 
3 1182 1197 1184 
3 1184 1197 1199 
3 1184 1199 1198 
3 1198 1199 1200 
3 1198 1200 1187 
3 1187 1200 1201 
3 1187 1201 1188 
3 1188 1201 1202 
3 1188 1202 1190 
3 1190 1202 1213 
3 1190 1213 1204 
3 1204 1213 1203 
3 1204 1203 1205 
3 1205 1203 1206 
3 1205 1206 1193 
3 1193 1206 1215 
3 1193 1215 1207 
3 1207 1215 3256 
3 1230 1209 1208 
3 1208 1209 1210 
3 1208 1210 1195 
3 1195 1210 1227 
3 1195 1227 1196 
3 1196 1227 1226 
3 1196 1226 1197 
3 1197 1226 1224 
3 1197 1224 1199 
3 1199 1224 1211 
3 1199 1211 1200 
3 1200 1211 1222 
3 1200 1222 1201 
3 1201 1222 1212 
3 1201 1212 1202 
3 1202 1212 1221 
3 1202 1221 1213 
3 1213 1221 1219 
3 1213 1219 1203 
3 1203 1219 1214 
3 1203 1214 1206 
3 1206 1214 1021 
3 1206 1021 1215 
3 975 1216 1048 
3 1048 1216 1161 
3 1048 1161 2385 
3 1217 1214 1237 
3 1237 1214 1219 
3 1237 1219 1218 
3 1218 1219 1221 
3 1218 1221 1220 
3 1220 1221 1212 
3 1220 1212 1240 
3 1240 1212 1222 
3 1240 1222 1223 
3 1223 1222 1211 
3 1223 1211 1241 
3 1241 1211 1224 
3 1241 1224 1225 
3 1225 1224 1226 
3 1225 1226 1243 
3 1243 1226 1227 
3 1243 1227 1244 
3 1244 1227 1210 
3 1244 1210 1245 
3 1245 1210 1209 
3 1245 1209 1228 
3 1228 1209 1230 
3 1228 1230 1229 
3 1229 1230 1231 
3 1229 1231 1248 
3 1248 1231 1168 
3 1248 1168 1232 
3 1232 1168 1166 
3 1232 1166 1233 
3 1233 1166 1167 
3 1233 1167 1234 
3 1234 1167 1216 
3 1234 1216 1235 
3 1235 1216 975 
3 1235 975 1236 
3 1160 1237 1250 
3 1250 1237 1218 
3 1250 1218 1238 
3 1238 1218 1220 
3 1238 1220 1239 
3 1239 1220 1240 
3 1239 1240 1252 
3 1252 1240 1223 
3 1252 1223 1254 
3 1254 1223 1241 
3 1254 1241 1242 
3 1242 1241 1225 
3 1242 1225 1256 
3 1256 1225 1243 
3 1256 1243 1257 
3 1257 1243 1244 
3 1257 1244 1258 
3 1258 1244 1245 
3 1258 1245 1246 
3 1246 1245 1228 
3 1246 1228 1260 
3 1260 1228 1229 
3 1260 1229 1263 
3 1263 1229 1248 
3 1263 1248 1247 
3 1247 1248 1232 
3 1247 1232 1249 
3 1249 1232 1233 
3 1249 1233 1265 
3 1265 1233 1234 
3 1265 1234 1266 
3 1266 1234 1235 
3 1266 1235 1268 
3 1268 1235 1236 
3 1268 1236 973 
3 1067 1250 1269 
3 1269 1250 1238 
3 1269 1238 1251 
3 1251 1238 1239 
3 1251 1239 1253 
3 1253 1239 1252 
3 1253 1252 1271 
3 1271 1252 1254 
3 1271 1254 1274 
3 1274 1254 1242 
3 1274 1242 1255 
3 1255 1242 1256 
3 1255 1256 1275 
3 1275 1256 1257 
3 1275 1257 1277 
3 1277 1257 1258 
3 1277 1258 1259 
3 1259 1258 1246 
3 1259 1246 1279 
3 1279 1246 1260 
3 1279 1260 1261 
3 1261 1260 1263 
3 1261 1263 1262 
3 1262 1263 1247 
3 1262 1247 1282 
3 1282 1247 1249 
3 1282 1249 1264 
3 1264 1249 1265 
3 1264 1265 1284 
3 1284 1265 1266 
3 1284 1266 1267 
3 1267 1266 1268 
3 1267 1268 1286 
3 1286 1268 973 
3 1286 973 971 
3 1084 1269 1270 
3 1270 1269 1251 
3 1270 1251 1287 
3 1287 1251 1253 
3 1287 1253 1272 
3 1272 1253 1271 
3 1272 1271 1273 
3 1273 1271 1274 
3 1273 1274 1289 
3 1289 1274 1255 
3 1289 1255 1292 
3 1292 1255 1275 
3 1292 1275 1276 
3 1276 1275 1277 
3 1276 1277 1278 
3 1278 1277 1259 
3 1278 1259 1295 
3 1295 1259 1279 
3 1295 1279 1296 
3 1296 1279 1261 
3 1296 1261 1280 
3 1280 1261 1262 
3 1280 1262 1281 
3 1281 1262 1282 
3 1281 1282 1300 
3 1300 1282 1264 
3 1300 1264 1283 
3 1283 1264 1284 
3 1283 1284 1301 
3 1301 1284 1267 
3 1301 1267 1285 
3 1285 1267 1286 
3 1285 1286 1303 
3 1303 1286 971 
3 1303 971 1145 
3 1104 1270 1319 
3 1319 1270 1287 
3 1319 1287 1318 
3 1318 1287 1272 
3 1318 1272 1288 
3 1288 1272 1273 
3 1288 1273 1290 
3 1290 1273 1289 
3 1290 1289 1291 
3 1291 1289 1292 
3 1291 1292 1293 
3 1293 1292 1276 
3 1293 1276 1294 
3 1294 1276 1278 
3 1294 1278 1314 
3 1314 1278 1295 
3 1314 1295 1312 
3 1312 1295 1296 
3 1312 1296 1297 
3 1297 1296 1280 
3 1297 1280 1298 
3 1298 1280 1281 
3 1298 1281 1309 
3 1309 1281 1300 
3 1309 1300 1299 
3 1299 1300 1283 
3 1299 1283 1308 
3 1308 1283 1301 
3 1308 1301 1307 
3 1307 1301 1285 
3 1307 1285 1302 
3 1302 1285 1303 
3 1302 1303 1304 
3 1304 1303 1145 
3 1304 1145 1305 
3 1305 1340 1304 
3 1304 1340 1338 
3 1304 1338 1302 
3 1302 1338 1337 
3 1302 1337 1307 
3 1307 1337 1306 
3 1307 1306 1308 
3 1308 1306 1335 
3 1308 1335 1299 
3 1299 1335 1334 
3 1299 1334 1309 
3 1309 1334 1310 
3 1309 1310 1298 
3 1298 1310 1311 
3 1298 1311 1297 
3 1297 1311 1331 
3 1297 1331 1312 
3 1312 1331 1313 
3 1312 1313 1314 
3 1314 1313 1328 
3 1314 1328 1294 
3 1294 1328 1315 
3 1294 1315 1293 
3 1293 1315 1327 
3 1293 1327 1291 
3 1291 1327 1326 
3 1291 1326 1290 
3 1290 1326 1316 
3 1290 1316 1288 
3 1288 1316 1317 
3 1288 1317 1318 
3 1318 1317 1322 
3 1318 1322 1319 
3 1319 1322 1159 
3 1319 1159 1104 
3 1320 1122 1321 
3 1321 1122 1322 
3 1321 1322 1323 
3 1323 1322 1317 
3 1323 1317 1324 
3 1324 1317 1316 
3 1324 1316 1325 
3 1325 1316 1326 
3 1325 1326 1367 
3 1367 1326 1327 
3 1367 1327 1366 
3 1366 1327 1315 
3 1366 1315 1365 
3 1365 1315 1328 
3 1365 1328 1363 
3 1363 1328 1313 
3 1363 1313 1329 
3 1329 1313 1331 
3 1329 1331 1330 
3 1330 1331 1311 
3 1330 1311 1332 
3 1332 1311 1310 
3 1332 1310 1333 
3 1333 1310 1334 
3 1333 1334 1359 
3 1359 1334 1335 
3 1359 1335 1358 
3 1358 1335 1306 
3 1358 1306 1336 
3 1336 1306 1337 
3 1336 1337 1339 
3 1339 1337 1338 
3 1339 1338 1356 
3 1356 1338 1340 
3 1356 1340 1354 
3 1354 1340 1305 
3 1341 3310 1154 
3 1154 3310 3306 
3 1154 3306 1342 
3 1342 3306 3308 
3 1342 3308 1152 
3 1152 3308 1343 
3 1152 1343 1344 
3 1344 1343 3301 
3 1344 3301 1150 
3 1150 3301 1345 
3 1150 1345 1149 
3 1149 1345 3347 
3 1149 3347 1346 
3 1346 3347 3344 
3 1346 3344 1347 
3 1347 3344 1348 
3 1347 1348 1349 
3 1349 1348 3343 
3 1349 3343 1148 
3 1148 3343 1350 
3 1148 1350 1147 
3 1147 1350 1351 
3 1147 1351 1146 
3 1146 1351 3287 
3 1146 3287 1352 
3 1352 3287 1353 
3 1352 1353 1354 
3 1354 1353 1355 
3 1354 1355 1356 
3 1356 1355 3283 
3 1356 3283 1339 
3 1339 3283 1357 
3 1339 1357 1336 
3 1336 1357 3277 
3 1336 3277 1358 
3 1358 3277 3275 
3 1358 3275 1359 
3 1359 3275 3272 
3 1359 3272 1333 
3 1333 3272 3339 
3 1333 3339 1332 
3 1332 3339 1360 
3 1332 1360 1330 
3 1330 1360 1361 
3 1330 1361 1329 
3 1329 1361 1362 
3 1329 1362 1363 
3 1363 1362 3332 
3 1363 3332 1365 
3 1365 3332 1364 
3 1365 1364 1366 
3 1366 1364 3328 
3 1366 3328 1367 
3 1367 3328 1368 
3 1367 1368 1325 
3 1325 1368 3323 
3 1325 3323 1324 
3 1324 3323 1369 
3 1324 1369 1323 
3 1323 1369 3319 
3 1323 3319 1321 
3 1321 3319 3316 
3 1321 3316 1320 
3 1320 3316 3318 
3 1320 3318 1370 
3 1370 3318 3314 
3 1370 3314 1158 
3 1158 3314 3312 
3 1158 3312 1156 
3 1156 3312 1371 
3 1156 1371 1341 
3 1341 1371 3310 
3 207 1372 3357 
3 183 185 1373 
3 1373 185 186 
3 1376 193 1377 
3 193 1374 1377 
3 1377 1374 196 
3 1377 196 1378 
3 186 189 1373 
3 1373 189 190 
3 1373 190 1375 
3 1375 190 1376 
3 1375 1376 8356 
3 8356 1376 1377 
3 1378 200 1377 
3 1377 200 1379 
3 1377 1379 1380 
3 1380 203 1377 
3 1377 203 204 
3 1377 204 3357 
3 3357 204 206 
3 3357 206 207 
3 1382 1373 1381 
3 1381 1373 1384 
3 1382 1383 1373 
3 1373 1383 181 
3 1373 181 183 
3 167 170 1384 
3 1384 170 171 
3 1385 1386 1384 
3 1384 1386 177 
3 1384 177 1381 
3 1372 208 3357 
3 3357 208 210 
3 3357 210 1388 
3 171 1387 1384 
3 1384 1387 174 
3 1384 174 1385 
3 1388 1389 3357 
3 3357 1389 212 
3 3357 212 1384 
3 1384 212 1390 
3 1384 1390 167 
3 7332 1391 1392 
3 1392 1391 306 
3 1392 306 3470 
3 3470 306 1393 
3 3470 1393 1395 
3 1393 1394 1395 
3 1395 1394 1396 
3 1395 1396 3473 
3 3473 1396 3474 
3 1396 1397 3474 
3 3474 1397 1399 
3 3474 1399 1398 
3 1398 1399 1400 
3 1398 1400 1401 
3 1400 1402 1401 
3 1401 1402 310 
3 1401 310 3478 
3 3478 310 1403 
3 3478 1403 3479 
3 1403 1404 3479 
3 3479 1404 312 
3 3479 312 1406 
3 1406 312 1405 
3 1406 1405 1407 
3 1407 1405 303 
3 1407 303 1408 
3 303 302 1408 
3 1408 302 1409 
3 1408 1409 3486 
3 3486 1409 1410 
3 3486 1410 1411 
3 1410 298 1411 
3 1411 298 1412 
3 1411 1412 3487 
3 3487 1412 1413 
3 3487 1413 1414 
3 1414 1413 1415 
3 1414 1415 3492 
3 1415 1416 3492 
3 3492 1416 1417 
3 3492 1417 3491 
3 3491 1417 288 
3 3491 288 1419 
3 288 287 1419 
3 1419 287 1418 
3 1419 1418 3490 
3 3490 1418 1420 
3 3490 1420 1421 
3 1420 266 1421 
3 1421 266 1422 
3 1421 1422 3493 
3 3493 1422 1423 
3 3493 1423 1424 
3 1423 280 1424 
3 1424 280 1425 
3 1424 1425 1426 
3 1426 1425 1427 
3 1426 1427 3500 
3 3500 1427 1428 
3 3500 1428 1429 
3 1429 1428 1430 
3 1429 1430 3503 
3 3503 1430 1431 
3 3503 1431 1432 
3 1431 274 1432 
3 1432 274 1433 
3 1432 1433 3501 
3 3501 1433 1435 
3 1433 1434 1435 
3 1435 1434 1437 
3 1435 1437 1436 
3 1436 1437 3507 
3 1437 731 3507 
3 3507 731 1438 
3 3507 1438 3509 
3 3509 1438 728 
3 3509 728 1439 
3 1439 728 1440 
3 1439 1440 3511 
3 3511 1440 1441 
3 3511 1441 1442 
3 1442 1441 1443 
3 1442 1443 1444 
3 1443 841 1444 
3 1444 841 1445 
3 1444 1445 1446 
3 1446 1445 1447 
3 1446 1447 1449 
3 1447 1448 1449 
3 1449 1448 1450 
3 1449 1450 1451 
3 1451 1450 1452 
3 1451 1452 1453 
3 1453 1452 1454 
3 1453 1454 1455 
3 1454 705 1455 
3 1455 705 1457 
3 1455 1457 1456 
3 1456 1457 3379 
3 3379 1457 701 
3 3379 701 3381 
3 701 1458 3381 
3 3381 1458 1460 
3 3381 1460 1459 
3 1459 1460 1462 
3 1459 1462 1461 
3 1461 1462 693 
3 1461 693 1463 
3 1463 693 1464 
3 1463 1464 3382 
3 3382 1464 1465 
3 3382 1465 1466 
3 1466 1465 685 
3 1466 685 1467 
3 1467 685 1468 
3 1467 1468 3411 
3 3411 1468 690 
3 3411 690 1469 
3 1469 690 1470 
3 1469 1470 3413 
3 1470 1471 3413 
3 3413 1471 1472 
3 3413 1472 3414 
3 3414 1472 747 
3 3414 747 1473 
3 1473 747 1474 
3 1473 1474 3386 
3 3386 1474 709 
3 3386 709 1475 
3 1475 709 247 
3 1475 247 1477 
3 1477 247 1476 
3 1477 1476 1480 
3 1478 3384 673 
3 673 3384 1479 
3 673 1479 1480 
3 1480 1479 3388 
3 1480 3388 1477 
3 1481 1482 267 
3 267 1482 1483 
3 267 1483 1478 
3 1478 1483 3383 
3 1478 3383 3384 
3 1484 1485 951 
3 951 1485 1486 
3 951 1486 949 
3 949 1486 1488 
3 949 1488 1487 
3 1487 1488 3525 
3 1487 3525 946 
3 946 3525 3526 
3 946 3526 1489 
3 1489 3526 1490 
3 1489 1490 1491 
3 1491 1490 1492 
3 1491 1492 944 
3 944 1492 1493 
3 944 1493 1494 
3 1494 1493 1495 
3 1494 1495 941 
3 941 1495 1496 
3 941 1496 940 
3 940 1496 3532 
3 940 3532 1497 
3 1497 3532 3534 
3 1497 3534 1498 
3 1498 3534 3537 
3 1498 3537 936 
3 936 3537 1499 
3 936 1499 1500 
3 1500 1499 3539 
3 1500 3539 933 
3 933 3539 3540 
3 933 3540 1501 
3 1501 3540 3541 
3 1501 3541 1502 
3 1502 3541 3544 
3 1502 3544 1503 
3 1503 3544 1504 
3 1503 1504 1505 
3 1505 1504 3547 
3 1505 3547 929 
3 929 3547 3548 
3 929 3548 1506 
3 1506 3548 3550 
3 1506 3550 925 
3 925 3550 1507 
3 925 1507 923 
3 923 1507 1508 
3 923 1508 1509 
3 1509 1508 3554 
3 1509 3554 921 
3 921 3554 3555 
3 921 3555 1510 
3 1510 3555 1511 
3 1510 1511 1513 
3 1513 1511 1512 
3 1513 1512 968 
3 968 1512 3557 
3 968 3557 1514 
3 1514 3557 3558 
3 1514 3558 965 
3 965 3558 3515 
3 965 3515 963 
3 963 3515 3518 
3 963 3518 1515 
3 1515 3518 1516 
3 1515 1516 959 
3 959 1516 3520 
3 959 3520 956 
3 956 3520 1517 
3 956 1517 1518 
3 1518 1517 3522 
3 1518 3522 1484 
3 1484 3522 1485 
3 11118 1520 1519 
3 1519 1520 11015 
3 2034 2015 1521 
3 1522 1622 2016 
3 1967 2889 1523 
3 1803 1801 1814 
3 1822 1783 1821 
3 1524 1737 1736 
3 1809 1716 1715 
3 1714 1525 1806 
3 1694 1667 1804 
3 1745 1771 1747 
3 1728 1731 1729 
3 1705 1526 1775 
3 1673 1682 1777 
3 2160 5035 2235 
3 2256 4175 2257 
3 1651 1648 1650 
3 1527 503 1528 
3 5894 1984 1529 
3 5975 1946 1945 
3 1586 1530 1585 
3 1531 5155 1576 
3 5139 5129 1787 
3 1788 1532 1678 
3 1533 1534 1535 
3 1677 1536 1568 
3 1537 2099 2138 
3 2100 5784 1538 
3 1538 5784 1539 
3 1538 1539 2101 
3 2101 1539 1540 
3 2101 1540 1541 
3 1537 2138 1542 
3 5759 1544 1543 
3 1543 1544 1545 
3 1543 1545 1546 
3 2120 1547 1548 
3 1548 1547 5039 
3 1666 1549 2273 
3 2273 1549 1675 
3 2273 1675 5034 
3 1675 1676 1550 
3 1550 1551 1675 
3 1675 1551 4925 
3 1675 4925 5034 
3 4973 1779 4974 
3 4974 1779 1781 
3 1552 4888 1780 
3 1780 4888 4995 
3 1780 4995 4924 
3 1552 1780 4919 
3 4919 1780 1553 
3 4919 1553 1554 
3 1557 4923 1553 
3 1553 4923 4922 
3 1553 4922 1554 
3 4917 4918 1558 
3 1558 4918 1555 
3 1558 1555 1557 
3 1557 1555 1556 
3 1557 1556 4923 
3 4917 1558 4915 
3 4915 1558 1776 
3 4915 1776 1559 
3 4910 1560 1774 
3 1774 1560 1561 
3 1774 1561 1776 
3 1776 1561 4913 
3 1776 4913 1559 
3 4910 1774 4909 
3 4909 1774 1773 
3 4909 1773 1562 
3 1563 4908 1772 
3 1772 4908 1564 
3 1772 1564 1773 
3 1773 1564 1565 
3 1773 1565 1562 
3 1566 4958 1790 
3 1790 4958 1563 
3 1536 1567 1568 
3 1568 1567 1566 
3 1568 1566 1830 
3 1570 5132 1569 
3 1569 5132 5141 
3 1569 5141 1825 
3 1570 1569 1571 
3 1571 1569 1823 
3 1571 1823 5157 
3 5157 1823 5160 
3 5160 1823 1572 
3 5160 1572 5161 
3 1573 5041 1574 
3 1574 5041 5151 
3 1574 5151 1572 
3 1572 5151 1575 
3 1572 1575 5161 
3 1576 5155 1574 
3 1574 5155 1577 
3 1574 1577 1573 
3 1580 1819 1578 
3 1578 5040 1580 
3 1580 5040 1579 
3 1580 1579 1576 
3 1576 1579 1581 
3 1576 1581 1531 
3 1585 1530 1582 
3 1530 5100 1582 
3 1582 5100 1583 
3 1582 1583 1819 
3 1819 1583 1584 
3 1819 1584 1578 
3 1818 1588 1585 
3 1585 1588 5099 
3 1585 5099 1586 
3 1589 1818 1826 
3 1589 1587 1818 
3 1818 1587 5124 
3 1818 5124 1588 
3 5128 5126 1589 
3 1589 5126 5125 
3 1589 5125 1587 
3 5082 5078 1591 
3 1591 5078 1590 
3 1590 5112 1591 
3 1591 5112 5119 
3 1591 5119 1589 
3 1589 5119 1592 
3 1589 1592 5128 
3 5864 1593 5895 
3 5895 1593 2011 
3 5975 1945 5885 
3 5885 1945 1944 
3 5885 1944 5989 
3 2066 1595 1594 
3 1594 1595 1596 
3 2029 515 1597 
3 2045 1598 514 
3 2043 1599 2045 
3 2045 1599 517 
3 2045 517 1598 
3 1600 1604 2043 
3 2043 1604 519 
3 2043 519 1599 
3 510 1600 1601 
3 1601 1600 1607 
3 510 1602 1600 
3 1600 1602 1603 
3 1600 1603 1604 
3 1609 1605 1606 
3 1606 1605 497 
3 1606 497 1607 
3 1607 497 521 
3 1607 521 1601 
3 1528 503 1606 
3 1606 503 1608 
3 1606 1608 1609 
3 1527 1528 1610 
3 1610 1528 2040 
3 1610 2040 1611 
3 1613 489 2040 
3 2040 489 508 
3 2040 508 1611 
3 495 1612 1615 
3 1615 1612 491 
3 1615 491 1613 
3 1613 491 1614 
3 1613 1614 489 
3 495 1615 1616 
3 1616 1615 2036 
3 1616 2036 533 
3 2035 536 2036 
3 2036 536 535 
3 2036 535 533 
3 450 1618 454 
3 454 1618 1617 
3 449 444 2016 
3 2016 444 443 
3 2016 443 1618 
3 1618 443 1619 
3 1618 1619 1617 
3 1620 1623 1621 
3 1621 1623 1622 
3 1622 1623 2016 
3 2016 1623 1624 
3 2016 1624 449 
3 2069 4144 2068 
3 1625 2444 1627 
3 1627 2444 1626 
3 1627 1626 2068 
3 1630 1628 1629 
3 1630 1629 2069 
3 2069 1629 4140 
3 2069 4140 4144 
3 4149 4137 1630 
3 1630 4137 1631 
3 1630 1631 1628 
3 1635 4150 1632 
3 1632 4150 2070 
3 1637 1633 1632 
3 1632 1633 1634 
3 1632 1634 1635 
3 1636 4155 1639 
3 1639 4155 4154 
3 1639 4154 1637 
3 1637 4154 1638 
3 1637 1638 1633 
3 1642 4162 4161 
3 1642 4161 1639 
3 1639 4161 1640 
3 1639 1640 1636 
3 4162 1642 1641 
3 1641 1642 1643 
3 1641 1643 4163 
3 1647 4160 1643 
3 1643 4160 4156 
3 1643 4156 4163 
3 1649 1644 1645 
3 1645 1644 1646 
3 1645 1646 1647 
3 1647 1646 4159 
3 1647 4159 4160 
3 1650 1648 1645 
3 1645 1648 4173 
3 1645 4173 1649 
3 2093 4166 4165 
3 2093 4165 1650 
3 1650 4165 4174 
3 1650 4174 1651 
3 4166 2093 1652 
3 1652 2093 2091 
3 1652 2091 4169 
3 2089 4167 2090 
3 2090 4167 4172 
3 2090 4172 2091 
3 2091 4172 4171 
3 2091 4171 4169 
3 1546 1653 1543 
3 1543 1653 1548 
3 1543 1548 5759 
3 5759 1548 5039 
3 2210 5037 2211 
3 1654 5033 2190 
3 1655 2286 1804 
3 2286 1655 1656 
3 1656 1655 1668 
3 1656 1668 2284 
3 2284 1668 1657 
3 2284 1657 1658 
3 1658 1657 1669 
3 1658 1669 2280 
3 2280 1669 1659 
3 2280 1659 1660 
3 1660 1659 1670 
3 1660 1670 1661 
3 1661 1670 1662 
3 1661 1662 2277 
3 2277 1662 1663 
3 2277 1663 1664 
3 1664 1663 1665 
3 1664 1665 2275 
3 2275 1665 1674 
3 2275 1674 1666 
3 1804 1667 1655 
3 1655 1667 1692 
3 1655 1692 1668 
3 1668 1692 1690 
3 1668 1690 1657 
3 1657 1690 1689 
3 1657 1689 1669 
3 1669 1689 1687 
3 1669 1687 1659 
3 1659 1687 1686 
3 1659 1686 1670 
3 1670 1686 1671 
3 1670 1671 1662 
3 1662 1671 1672 
3 1662 1672 1663 
3 1663 1672 1683 
3 1663 1683 1665 
3 1665 1683 1673 
3 1665 1673 1674 
3 1674 1673 1777 
3 1674 1777 1666 
3 1666 1777 1778 
3 1666 1778 1549 
3 1549 1778 1779 
3 1549 1779 1675 
3 1675 1779 4973 
3 1675 4973 1676 
3 1534 1677 1535 
3 1535 1677 1568 
3 1535 1568 1680 
3 1680 1568 1830 
3 1680 1830 1832 
3 1532 1533 1678 
3 1678 1533 1535 
3 1678 1535 1679 
3 1679 1535 1680 
3 1679 1680 1681 
3 1681 1680 1832 
3 1681 1832 1834 
3 1682 1673 1706 
3 1706 1673 1683 
3 1706 1683 1684 
3 1684 1683 1672 
3 1684 1672 1703 
3 1703 1672 1671 
3 1703 1671 1685 
3 1685 1671 1686 
3 1685 1686 1701 
3 1701 1686 1687 
3 1701 1687 1688 
3 1688 1687 1689 
3 1688 1689 1699 
3 1699 1689 1690 
3 1699 1690 1691 
3 1691 1690 1692 
3 1691 1692 1696 
3 1696 1692 1667 
3 1696 1667 1693 
3 1693 1667 1694 
3 1693 1694 1806 
3 1806 1525 1693 
3 1693 1525 1695 
3 1693 1695 1696 
3 1696 1695 1697 
3 1696 1697 1691 
3 1691 1697 1698 
3 1691 1698 1699 
3 1699 1698 1710 
3 1699 1710 1688 
3 1688 1710 1700 
3 1688 1700 1701 
3 1701 1700 1707 
3 1701 1707 1685 
3 1685 1707 1702 
3 1685 1702 1703 
3 1703 1702 1704 
3 1703 1704 1684 
3 1684 1704 1705 
3 1684 1705 1706 
3 1706 1705 1775 
3 1706 1775 1682 
3 1526 1705 1730 
3 1730 1705 1704 
3 1730 1704 1727 
3 1727 1704 1702 
3 1727 1702 1724 
3 1724 1702 1707 
3 1724 1707 1708 
3 1708 1707 1700 
3 1708 1700 1709 
3 1709 1700 1710 
3 1709 1710 1721 
3 1721 1710 1698 
3 1721 1698 1720 
3 1720 1698 1697 
3 1720 1697 1711 
3 1711 1697 1695 
3 1711 1695 1712 
3 1712 1695 1525 
3 1712 1525 1713 
3 1713 1525 1714 
3 1713 1714 1715 
3 1715 1716 1713 
3 1713 1716 1717 
3 1713 1717 1712 
3 1712 1717 1718 
3 1712 1718 1711 
3 1711 1718 1719 
3 1711 1719 1720 
3 1720 1719 1722 
3 1720 1722 1721 
3 1721 1722 1733 
3 1721 1733 1709 
3 1709 1733 1723 
3 1709 1723 1708 
3 1708 1723 1725 
3 1708 1725 1724 
3 1724 1725 1726 
3 1724 1726 1727 
3 1727 1726 1728 
3 1727 1728 1730 
3 1730 1728 1729 
3 1730 1729 1526 
3 1731 1728 1746 
3 1746 1728 1726 
3 1746 1726 1732 
3 1732 1726 1725 
3 1732 1725 1743 
3 1743 1725 1723 
3 1743 1723 1742 
3 1742 1723 1733 
3 1742 1733 1741 
3 1741 1733 1722 
3 1741 1722 1740 
3 1740 1722 1719 
3 1740 1719 1734 
3 1734 1719 1718 
3 1734 1718 1739 
3 1739 1718 1717 
3 1739 1717 1735 
3 1735 1717 1716 
3 1735 1716 1738 
3 1738 1716 1809 
3 1738 1809 1736 
3 1736 1737 1738 
3 1738 1737 1758 
3 1738 1758 1735 
3 1735 1758 1757 
3 1735 1757 1739 
3 1739 1757 1755 
3 1739 1755 1734 
3 1734 1755 1754 
3 1734 1754 1740 
3 1740 1754 1752 
3 1740 1752 1741 
3 1741 1752 1750 
3 1741 1750 1742 
3 1742 1750 1748 
3 1742 1748 1743 
3 1743 1748 1744 
3 1743 1744 1732 
3 1732 1744 1745 
3 1732 1745 1746 
3 1746 1745 1747 
3 1746 1747 1731 
3 1771 1745 1770 
3 1770 1745 1744 
3 1770 1744 1768 
3 1768 1744 1748 
3 1768 1748 1749 
3 1749 1748 1750 
3 1749 1750 1751 
3 1751 1750 1752 
3 1751 1752 1766 
3 1766 1752 1754 
3 1766 1754 1753 
3 1753 1754 1755 
3 1753 1755 1763 
3 1763 1755 1757 
3 1763 1757 1756 
3 1756 1757 1758 
3 1756 1758 1759 
3 1759 1758 1737 
3 1759 1737 1760 
3 1760 1737 1524 
3 1760 1524 1814 
3 1814 1801 1760 
3 1760 1801 1800 
3 1760 1800 1759 
3 1759 1800 1761 
3 1759 1761 1756 
3 1756 1761 1762 
3 1756 1762 1763 
3 1763 1762 1796 
3 1763 1796 1753 
3 1753 1796 1764 
3 1753 1764 1766 
3 1766 1764 1765 
3 1766 1765 1751 
3 1751 1765 1767 
3 1751 1767 1749 
3 1749 1767 1793 
3 1749 1793 1768 
3 1768 1793 1769 
3 1768 1769 1770 
3 1770 1769 1791 
3 1770 1791 1771 
3 1771 1791 1789 
3 1771 1789 1747 
3 1747 1789 1772 
3 1747 1772 1731 
3 1731 1772 1773 
3 1731 1773 1729 
3 1729 1773 1774 
3 1729 1774 1526 
3 1526 1774 1776 
3 1526 1776 1775 
3 1775 1776 1558 
3 1775 1558 1682 
3 1682 1558 1557 
3 1682 1557 1777 
3 1777 1557 1553 
3 1777 1553 1778 
3 1778 1553 1780 
3 1778 1780 1779 
3 1779 1780 4924 
3 1779 4924 1781 
3 1784 1783 1782 
3 1782 1783 1822 
3 1782 1822 1824 
3 1835 1784 1785 
3 1785 1784 1782 
3 1785 1782 1786 
3 1786 1782 1824 
3 1786 1824 1787 
3 1834 1835 1681 
3 1681 1835 1785 
3 1681 1785 1679 
3 1679 1785 1786 
3 1679 1786 1678 
3 1678 1786 1787 
3 1678 1787 1788 
3 1788 1787 5129 
3 1563 1772 1790 
3 1790 1772 1789 
3 1790 1789 1831 
3 1831 1789 1791 
3 1831 1791 1833 
3 1833 1791 1769 
3 1833 1769 1792 
3 1792 1769 1793 
3 1792 1793 1836 
3 1836 1793 1767 
3 1836 1767 1794 
3 1794 1767 1765 
3 1794 1765 1795 
3 1795 1765 1764 
3 1795 1764 1837 
3 1837 1764 1796 
3 1837 1796 1797 
3 1797 1796 1762 
3 1797 1762 1839 
3 1839 1762 1761 
3 1839 1761 1798 
3 1798 1761 1800 
3 1798 1800 1799 
3 1799 1800 1801 
3 1799 1801 1802 
3 1802 1801 1803 
3 1802 1803 1843 
3 2286 1867 1804 
3 1804 1867 1805 
3 1804 1805 1694 
3 1694 1805 1807 
3 1694 1807 1806 
3 1806 1807 1808 
3 1806 1808 1714 
3 1714 1808 1871 
3 1714 1871 1715 
3 1715 1871 1810 
3 1715 1810 1809 
3 1809 1810 1811 
3 1809 1811 1736 
3 1736 1811 1812 
3 1736 1812 1524 
3 1524 1812 1813 
3 1524 1813 1814 
3 1814 1813 1815 
3 1814 1815 1803 
3 1803 1815 1876 
3 1803 1876 1843 
3 1843 1876 1877 
3 1843 1877 1816 
3 1816 1877 1878 
3 1816 1878 1829 
3 1817 5179 1879 
3 1826 1818 1844 
3 1844 1818 1585 
3 1844 1585 1842 
3 1842 1585 1582 
3 1842 1582 1841 
3 1841 1582 1819 
3 1841 1819 1840 
3 1840 1819 1580 
3 1840 1580 1838 
3 1838 1580 1576 
3 1838 1576 1820 
3 1820 1576 1574 
3 1820 1574 1821 
3 1821 1574 1572 
3 1821 1572 1822 
3 1822 1572 1823 
3 1822 1823 1824 
3 1824 1823 1569 
3 1824 1569 1787 
3 1787 1569 1825 
3 1787 1825 5139 
3 1826 1845 1589 
3 1589 1845 1827 
3 1589 1827 1591 
3 1591 1827 5176 
3 1591 5176 5082 
3 1878 1828 1829 
3 1829 1828 5178 
3 1829 5178 5177 
3 1566 1790 1830 
3 1830 1790 1831 
3 1830 1831 1832 
3 1832 1831 1833 
3 1832 1833 1834 
3 1834 1833 1792 
3 1834 1792 1835 
3 1835 1792 1836 
3 1835 1836 1784 
3 1784 1836 1794 
3 1784 1794 1783 
3 1783 1794 1795 
3 1783 1795 1821 
3 1821 1795 1837 
3 1821 1837 1820 
3 1820 1837 1797 
3 1820 1797 1838 
3 1838 1797 1839 
3 1838 1839 1840 
3 1840 1839 1798 
3 1840 1798 1841 
3 1841 1798 1799 
3 1841 1799 1842 
3 1842 1799 1802 
3 1842 1802 1844 
3 1844 1802 1843 
3 1844 1843 1826 
3 1826 1843 1816 
3 1826 1816 1845 
3 1845 1816 1829 
3 1845 1829 1827 
3 1827 1829 5177 
3 1827 5177 5176 
3 2012 5174 1897 
3 2189 1846 1847 
3 1847 1846 3128 
3 1848 1849 3126 
3 1850 1851 2557 
3 2557 1851 3125 
3 1924 1852 2561 
3 2561 2558 1924 
3 1924 2558 1853 
3 1924 1853 1966 
3 1854 2577 2018 
3 2018 2577 2576 
3 2018 2576 2852 
3 1985 1898 1855 
3 1855 1898 1899 
3 1855 1899 2295 
3 2295 1899 1900 
3 2295 1900 1856 
3 1856 1900 1857 
3 1856 1857 2292 
3 2292 1857 1902 
3 2292 1902 1858 
3 1858 1902 1860 
3 1858 1860 1859 
3 1859 1860 1861 
3 1859 1861 1862 
3 1862 1861 1905 
3 1862 1905 2289 
3 2289 1905 1908 
3 2289 1908 1863 
3 1863 1908 1909 
3 1863 1909 1864 
3 1864 1909 1911 
3 1864 1911 1865 
3 1865 1911 1866 
3 1865 1866 1867 
3 1867 1866 1868 
3 1867 1868 1805 
3 1805 1868 1869 
3 1805 1869 1807 
3 1807 1869 1870 
3 1807 1870 1808 
3 1808 1870 1913 
3 1808 1913 1871 
3 1871 1913 1872 
3 1871 1872 1810 
3 1810 1872 1873 
3 1810 1873 1811 
3 1811 1873 1915 
3 1811 1915 1812 
3 1812 1915 1874 
3 1812 1874 1813 
3 1813 1874 1875 
3 1813 1875 1815 
3 1815 1875 1919 
3 1815 1919 1876 
3 1876 1919 1921 
3 1876 1921 1877 
3 1877 1921 1817 
3 1877 1817 1878 
3 1878 1817 1879 
3 1878 1879 1828 
3 1987 1880 1901 
3 1901 1880 1990 
3 1901 1990 1881 
3 1881 1990 1991 
3 1881 1991 1903 
3 1903 1991 1883 
3 1903 1883 1882 
3 1882 1883 1884 
3 1882 1884 1885 
3 1885 1884 1886 
3 1885 1886 1904 
3 1904 1886 1993 
3 1904 1993 1906 
3 1906 1993 1887 
3 1906 1887 1907 
3 1907 1887 1995 
3 1907 1995 1910 
3 1910 1995 1997 
3 1910 1997 1912 
3 1912 1997 1998 
3 1912 1998 1888 
3 1888 1998 1889 
3 1888 1889 1890 
3 1890 1889 1999 
3 1890 1999 1891 
3 1891 1999 2000 
3 1891 2000 1893 
3 1893 2000 1892 
3 1893 1892 1894 
3 1894 1892 2004 
3 1894 2004 1914 
3 1914 2004 2006 
3 1914 2006 1916 
3 1916 2006 1895 
3 1916 1895 1917 
3 1917 1895 2008 
3 1917 2008 1896 
3 1896 2008 2009 
3 1896 2009 1918 
3 1918 2009 2010 
3 1918 2010 1920 
3 1920 2010 2012 
3 1920 2012 1922 
3 1922 2012 1897 
3 1922 1897 1923 
3 1898 1987 1899 
3 1899 1987 1901 
3 1899 1901 1900 
3 1900 1901 1881 
3 1900 1881 1857 
3 1857 1881 1903 
3 1857 1903 1902 
3 1902 1903 1882 
3 1902 1882 1860 
3 1860 1882 1885 
3 1860 1885 1861 
3 1861 1885 1904 
3 1861 1904 1905 
3 1905 1904 1906 
3 1905 1906 1908 
3 1908 1906 1907 
3 1908 1907 1909 
3 1909 1907 1910 
3 1909 1910 1911 
3 1911 1910 1912 
3 1911 1912 1866 
3 1866 1912 1888 
3 1866 1888 1868 
3 1868 1888 1890 
3 1868 1890 1869 
3 1869 1890 1891 
3 1869 1891 1870 
3 1870 1891 1893 
3 1870 1893 1913 
3 1913 1893 1894 
3 1913 1894 1872 
3 1872 1894 1914 
3 1872 1914 1873 
3 1873 1914 1916 
3 1873 1916 1915 
3 1915 1916 1917 
3 1915 1917 1874 
3 1874 1917 1896 
3 1874 1896 1875 
3 1875 1896 1918 
3 1875 1918 1919 
3 1919 1918 1920 
3 1919 1920 1921 
3 1921 1920 1922 
3 1921 1922 1817 
3 1817 1922 1923 
3 1817 1923 5179 
3 2298 2300 1986 
3 1986 2300 1852 
3 1986 1852 1988 
3 1988 1852 1924 
3 1988 1924 1989 
3 1989 1924 1925 
3 1989 1925 1926 
3 1926 1925 1968 
3 1926 1968 1992 
3 1992 1968 1969 
3 1992 1969 1927 
3 1927 1969 1928 
3 1927 1928 1929 
3 1929 1928 1972 
3 1929 1972 1930 
3 1930 1972 1932 
3 1930 1932 1931 
3 1931 1932 1975 
3 1931 1975 1994 
3 1994 1975 1933 
3 1994 1933 1996 
3 1996 1933 1976 
3 1996 1976 1934 
3 1934 1976 1935 
3 1934 1935 1936 
3 1936 1935 1977 
3 1936 1977 1937 
3 1937 1977 1938 
3 1937 1938 2001 
3 2001 1938 1979 
3 2001 1979 2002 
3 2002 1979 1981 
3 2002 1981 2003 
3 2003 1981 1982 
3 2003 1982 2005 
3 2005 1982 1939 
3 2005 1939 2007 
3 2007 1939 1983 
3 2007 1983 1940 
3 1940 1983 1941 
3 1940 1941 1942 
3 1942 1941 1944 
3 1942 1944 1943 
3 1943 1944 1945 
3 1943 1945 2011 
3 2011 1945 1946 
3 2011 1946 5895 
3 2889 1947 1523 
3 1523 1947 2046 
3 1523 2046 1948 
3 1948 2046 2047 
3 1948 2047 1949 
3 1949 2047 2048 
3 1949 2048 1970 
3 1970 2048 1950 
3 1970 1950 1971 
3 1971 1950 2051 
3 1971 2051 1973 
3 1973 2051 1951 
3 1973 1951 1974 
3 1974 1951 2053 
3 1974 2053 1952 
3 1952 2053 2054 
3 1952 2054 1953 
3 1953 2054 2056 
3 1953 2056 1954 
3 1954 2056 1955 
3 1954 1955 1956 
3 1956 1955 2059 
3 1956 2059 1978 
3 1978 2059 2060 
3 1978 2060 1957 
3 1957 2060 1958 
3 1957 1958 1980 
3 1980 1958 1959 
3 1980 1959 1960 
3 1960 1959 2064 
3 1960 2064 1961 
3 1961 2064 2065 
3 1961 2065 1962 
3 1962 2065 1963 
3 1962 1963 1964 
3 1964 1963 1965 
3 1964 1965 1529 
3 1966 1967 1924 
3 1924 1967 1523 
3 1924 1523 1925 
3 1925 1523 1948 
3 1925 1948 1968 
3 1968 1948 1949 
3 1968 1949 1969 
3 1969 1949 1970 
3 1969 1970 1928 
3 1928 1970 1971 
3 1928 1971 1972 
3 1972 1971 1973 
3 1972 1973 1932 
3 1932 1973 1974 
3 1932 1974 1975 
3 1975 1974 1952 
3 1975 1952 1933 
3 1933 1952 1953 
3 1933 1953 1976 
3 1976 1953 1954 
3 1976 1954 1935 
3 1935 1954 1956 
3 1935 1956 1977 
3 1977 1956 1978 
3 1977 1978 1938 
3 1938 1978 1957 
3 1938 1957 1979 
3 1979 1957 1980 
3 1979 1980 1981 
3 1981 1980 1960 
3 1981 1960 1982 
3 1982 1960 1961 
3 1982 1961 1939 
3 1939 1961 1962 
3 1939 1962 1983 
3 1983 1962 1964 
3 1983 1964 1941 
3 1941 1964 1529 
3 1941 1529 1944 
3 1944 1529 1984 
3 1944 1984 5989 
3 1985 2298 1898 
3 1898 2298 1986 
3 1898 1986 1987 
3 1987 1986 1988 
3 1987 1988 1880 
3 1880 1988 1989 
3 1880 1989 1990 
3 1990 1989 1926 
3 1990 1926 1991 
3 1991 1926 1992 
3 1991 1992 1883 
3 1883 1992 1927 
3 1883 1927 1884 
3 1884 1927 1929 
3 1884 1929 1886 
3 1886 1929 1930 
3 1886 1930 1993 
3 1993 1930 1931 
3 1993 1931 1887 
3 1887 1931 1994 
3 1887 1994 1995 
3 1995 1994 1996 
3 1995 1996 1997 
3 1997 1996 1934 
3 1997 1934 1998 
3 1998 1934 1936 
3 1998 1936 1889 
3 1889 1936 1937 
3 1889 1937 1999 
3 1999 1937 2001 
3 1999 2001 2000 
3 2000 2001 2002 
3 2000 2002 1892 
3 1892 2002 2003 
3 1892 2003 2004 
3 2004 2003 2005 
3 2004 2005 2006 
3 2006 2005 2007 
3 2006 2007 1895 
3 1895 2007 1940 
3 1895 1940 2008 
3 2008 1940 1942 
3 2008 1942 2009 
3 2009 1942 1943 
3 2009 1943 2010 
3 2010 1943 2011 
3 2010 2011 2012 
3 2012 2011 1593 
3 2012 1593 5174 
3 2834 2013 2034 
3 2034 2013 2014 
3 2034 2014 2015 
3 2015 2014 2562 
3 2015 2562 1522 
3 1522 2016 2015 
3 2015 2016 1618 
3 2015 1618 1521 
3 1521 1618 450 
3 1521 450 2017 
3 2017 450 542 
3 2017 542 2035 
3 2035 542 538 
3 2035 538 536 
3 2852 2031 2018 
3 2018 2031 2032 
3 2018 2032 2019 
3 2019 2032 2033 
3 2019 2033 2049 
3 2049 2033 2020 
3 2049 2020 2050 
3 2050 2020 2021 
3 2050 2021 2052 
3 2052 2021 2022 
3 2052 2022 2023 
3 2023 2022 2037 
3 2023 2037 2055 
3 2055 2037 2038 
3 2055 2038 2057 
3 2057 2038 2039 
3 2057 2039 2024 
3 2024 2039 2041 
3 2024 2041 2058 
3 2058 2041 2026 
3 2058 2026 2025 
3 2025 2026 2027 
3 2025 2027 2061 
3 2061 2027 2028 
3 2061 2028 2062 
3 2062 2028 2042 
3 2062 2042 2063 
3 2063 2042 2044 
3 2063 2044 2030 
3 2030 2044 2029 
3 2030 2029 1595 
3 1595 2029 1597 
3 1595 1597 1596 
3 2031 2834 2032 
3 2032 2834 2034 
3 2032 2034 2033 
3 2033 2034 1521 
3 2033 1521 2020 
3 2020 1521 2017 
3 2020 2017 2021 
3 2021 2017 2035 
3 2021 2035 2022 
3 2022 2035 2036 
3 2022 2036 2037 
3 2037 2036 1615 
3 2037 1615 2038 
3 2038 1615 1613 
3 2038 1613 2039 
3 2039 1613 2040 
3 2039 2040 2041 
3 2041 2040 1528 
3 2041 1528 2026 
3 2026 1528 1606 
3 2026 1606 2027 
3 2027 1606 1607 
3 2027 1607 2028 
3 2028 1607 1600 
3 2028 1600 2042 
3 2042 1600 2043 
3 2042 2043 2044 
3 2044 2043 2045 
3 2044 2045 2029 
3 2029 2045 514 
3 2029 514 515 
3 1947 1854 2046 
3 2046 1854 2018 
3 2046 2018 2047 
3 2047 2018 2019 
3 2047 2019 2048 
3 2048 2019 2049 
3 2048 2049 1950 
3 1950 2049 2050 
3 1950 2050 2051 
3 2051 2050 2052 
3 2051 2052 1951 
3 1951 2052 2023 
3 1951 2023 2053 
3 2053 2023 2055 
3 2053 2055 2054 
3 2054 2055 2057 
3 2054 2057 2056 
3 2056 2057 2024 
3 2056 2024 1955 
3 1955 2024 2058 
3 1955 2058 2059 
3 2059 2058 2025 
3 2059 2025 2060 
3 2060 2025 2061 
3 2060 2061 1958 
3 1958 2061 2062 
3 1958 2062 1959 
3 1959 2062 2063 
3 1959 2063 2064 
3 2064 2063 2030 
3 2064 2030 2065 
3 2065 2030 1595 
3 2065 1595 1963 
3 1963 1595 2066 
3 1963 2066 1965 
3 1965 2066 5916 
3 1965 5916 1529 
3 1529 5916 2067 
3 1529 2067 5894 
3 2068 1626 2069 
3 2069 1626 2482 
3 2069 2482 2496 
3 4150 4149 2070 
3 2070 4149 1630 
3 2070 1630 2098 
3 2098 1630 2069 
3 2098 2069 2071 
3 2071 2069 2496 
3 2071 2496 2495 
3 2072 2272 2073 
3 2073 2272 2074 
3 2545 2157 2546 
3 2546 2157 2075 
3 2158 2076 2159 
3 2507 2077 2137 
3 2137 2077 2524 
3 2137 2524 2255 
3 2088 2078 2188 
3 2079 2533 2080 
3 2080 2533 2525 
3 2080 2525 2087 
3 2079 2080 2081 
3 2081 2080 2086 
3 2081 2086 2083 
3 2083 2086 2082 
3 2083 2082 2084 
3 2184 2082 2186 
3 2186 2082 2086 
3 2186 2086 2085 
3 2085 2086 2080 
3 2085 2080 2088 
3 2088 2080 2087 
3 2088 2087 2078 
3 4175 2089 2257 
3 2257 2089 2090 
3 2257 2090 2258 
3 2258 2090 2091 
3 2258 2091 2092 
3 2092 2091 2093 
3 2092 2093 2094 
3 2094 2093 1650 
3 2094 1650 2095 
3 2095 1650 1645 
3 2095 1645 2096 
3 2096 1645 1647 
3 2096 1647 2262 
3 2262 1647 1643 
3 2262 1643 2263 
3 2263 1643 1642 
3 2263 1642 2264 
3 2264 1642 1639 
3 2264 1639 2097 
3 2097 1639 1637 
3 2097 1637 2266 
3 2266 1637 1632 
3 2266 1632 2267 
3 2267 1632 2070 
3 2267 2070 2268 
3 2268 2070 2098 
3 2268 2098 2270 
3 2270 2098 2071 
3 2270 2071 2271 
3 2271 2071 2495 
3 2271 2495 2446 
3 2099 2100 2138 
3 2138 2100 1538 
3 2138 1538 2140 
3 2140 1538 2101 
3 2140 2101 2141 
3 2141 2101 2102 
3 2141 2102 2103 
3 2103 2102 2104 
3 2103 2104 2105 
3 2105 2104 2106 
3 2105 2106 2107 
3 2107 2106 2259 
3 2107 2259 2108 
3 2108 2259 2110 
3 2108 2110 2109 
3 2109 2110 2260 
3 2109 2260 2111 
3 2111 2260 2261 
3 2111 2261 2147 
3 2147 2261 2113 
3 2147 2113 2112 
3 2112 2113 2114 
3 2112 2114 2149 
3 2149 2114 2265 
3 2149 2265 2151 
3 2151 2265 2115 
3 2151 2115 2154 
3 2154 2115 2116 
3 2154 2116 2117 
3 2117 2116 2269 
3 2117 2269 2118 
3 2118 2269 2119 
3 2118 2119 2155 
3 2155 2119 2272 
3 2155 2272 2158 
3 2158 2272 2072 
3 2158 2072 2076 
3 2234 2120 2236 
3 2236 2120 1548 
3 2236 1548 2121 
3 2121 1548 1653 
3 2121 1653 2238 
3 2238 1653 2139 
3 2238 2139 2122 
3 2122 2139 2123 
3 2122 2123 2240 
3 2240 2123 2142 
3 2240 2142 2124 
3 2124 2142 2143 
3 2124 2143 2125 
3 2125 2143 2144 
3 2125 2144 2243 
3 2243 2144 2127 
3 2243 2127 2126 
3 2126 2127 2128 
3 2126 2128 2244 
3 2244 2128 2145 
3 2244 2145 2245 
3 2245 2145 2146 
3 2245 2146 2129 
3 2129 2146 2148 
3 2129 2148 2247 
3 2247 2148 2150 
3 2247 2150 2249 
3 2249 2150 2152 
3 2249 2152 2130 
3 2130 2152 2153 
3 2130 2153 2131 
3 2131 2153 2132 
3 2131 2132 2252 
3 2252 2132 2133 
3 2252 2133 2135 
3 2135 2133 2134 
3 2135 2134 2136 
3 2136 2134 2156 
3 2136 2156 2254 
3 2254 2156 2157 
3 2254 2157 2137 
3 2137 2157 2545 
3 2137 2545 2507 
3 1546 1542 1653 
3 1653 1542 2138 
3 1653 2138 2139 
3 2139 2138 2140 
3 2139 2140 2123 
3 2123 2140 2141 
3 2123 2141 2142 
3 2142 2141 2103 
3 2142 2103 2143 
3 2143 2103 2105 
3 2143 2105 2144 
3 2144 2105 2107 
3 2144 2107 2127 
3 2127 2107 2108 
3 2127 2108 2128 
3 2128 2108 2109 
3 2128 2109 2145 
3 2145 2109 2111 
3 2145 2111 2146 
3 2146 2111 2147 
3 2146 2147 2148 
3 2148 2147 2112 
3 2148 2112 2150 
3 2150 2112 2149 
3 2150 2149 2152 
3 2152 2149 2151 
3 2152 2151 2153 
3 2153 2151 2154 
3 2153 2154 2132 
3 2132 2154 2117 
3 2132 2117 2133 
3 2133 2117 2118 
3 2133 2118 2134 
3 2134 2118 2155 
3 2134 2155 2156 
3 2156 2155 2158 
3 2156 2158 2157 
3 2157 2158 2159 
3 2157 2159 2075 
3 5037 2160 2211 
3 2211 2160 2235 
3 2211 2235 2161 
3 2161 2235 2162 
3 2161 2162 2163 
3 2163 2162 2237 
3 2163 2237 2164 
3 2164 2237 2239 
3 2164 2239 2215 
3 2215 2239 2165 
3 2215 2165 2166 
3 2166 2165 2167 
3 2166 2167 2168 
3 2168 2167 2241 
3 2168 2241 2218 
3 2218 2241 2242 
3 2218 2242 2219 
3 2219 2242 2169 
3 2219 2169 2221 
3 2221 2169 2170 
3 2221 2170 2222 
3 2222 2170 2172 
3 2222 2172 2171 
3 2171 2172 2246 
3 2171 2246 2225 
3 2225 2246 2248 
3 2225 2248 2173 
3 2173 2248 2175 
3 2173 2175 2174 
3 2174 2175 2176 
3 2174 2176 2227 
3 2227 2176 2250 
3 2227 2250 2177 
3 2177 2250 2251 
3 2177 2251 2178 
3 2178 2251 2253 
3 2178 2253 2179 
3 2179 2253 2180 
3 2179 2180 2181 
3 2181 2180 2182 
3 2181 2182 2183 
3 2183 2182 2184 
3 2183 2184 2232 
3 2232 2184 2186 
3 2232 2186 2185 
3 2185 2186 2085 
3 2185 2085 2187 
3 2187 2085 2088 
3 2187 2088 1847 
3 1847 2088 2188 
3 1847 2188 2189 
3 5033 5038 2190 
3 2190 5038 2191 
3 2190 2191 2274 
3 2274 2191 2212 
3 2274 2212 2276 
3 2276 2212 2213 
3 2276 2213 2278 
3 2278 2213 2192 
3 2278 2192 2193 
3 2193 2192 2214 
3 2193 2214 2194 
3 2194 2214 2195 
3 2194 2195 2279 
3 2279 2195 2216 
3 2279 2216 2281 
3 2281 2216 2196 
3 2281 2196 2282 
3 2282 2196 2217 
3 2282 2217 2283 
3 2283 2217 2220 
3 2283 2220 2285 
3 2285 2220 2223 
3 2285 2223 2287 
3 2287 2223 2224 
3 2287 2224 2198 
3 2198 2224 2197 
3 2198 2197 2288 
3 2288 2197 2226 
3 2288 2226 2199 
3 2199 2226 2200 
3 2199 2200 2202 
3 2202 2200 2201 
3 2202 2201 2203 
3 2203 2201 2204 
3 2203 2204 2205 
3 2205 2204 2228 
3 2205 2228 2290 
3 2290 2228 2229 
3 2290 2229 2291 
3 2291 2229 2230 
3 2291 2230 2293 
3 2293 2230 2231 
3 2293 2231 2294 
3 2294 2231 2206 
3 2294 2206 2296 
3 2296 2206 2207 
3 2296 2207 2208 
3 2208 2207 2209 
3 2208 2209 2297 
3 2297 2209 2233 
3 2297 2233 2299 
3 2299 2233 1848 
3 2299 1848 1851 
3 1851 1848 3126 
3 1851 3126 3125 
3 5038 2210 2191 
3 2191 2210 2211 
3 2191 2211 2212 
3 2212 2211 2161 
3 2212 2161 2213 
3 2213 2161 2163 
3 2213 2163 2192 
3 2192 2163 2164 
3 2192 2164 2214 
3 2214 2164 2215 
3 2214 2215 2195 
3 2195 2215 2166 
3 2195 2166 2216 
3 2216 2166 2168 
3 2216 2168 2196 
3 2196 2168 2218 
3 2196 2218 2217 
3 2217 2218 2219 
3 2217 2219 2220 
3 2220 2219 2221 
3 2220 2221 2223 
3 2223 2221 2222 
3 2223 2222 2224 
3 2224 2222 2171 
3 2224 2171 2197 
3 2197 2171 2225 
3 2197 2225 2226 
3 2226 2225 2173 
3 2226 2173 2200 
3 2200 2173 2174 
3 2200 2174 2201 
3 2201 2174 2227 
3 2201 2227 2204 
3 2204 2227 2177 
3 2204 2177 2228 
3 2228 2177 2178 
3 2228 2178 2229 
3 2229 2178 2179 
3 2229 2179 2230 
3 2230 2179 2181 
3 2230 2181 2231 
3 2231 2181 2183 
3 2231 2183 2206 
3 2206 2183 2232 
3 2206 2232 2207 
3 2207 2232 2185 
3 2207 2185 2209 
3 2209 2185 2187 
3 2209 2187 2233 
3 2233 2187 1847 
3 2233 1847 1848 
3 1848 1847 3128 
3 1848 3128 1849 
3 5035 2234 2235 
3 2235 2234 2236 
3 2235 2236 2162 
3 2162 2236 2121 
3 2162 2121 2237 
3 2237 2121 2238 
3 2237 2238 2239 
3 2239 2238 2122 
3 2239 2122 2165 
3 2165 2122 2240 
3 2165 2240 2167 
3 2167 2240 2124 
3 2167 2124 2241 
3 2241 2124 2125 
3 2241 2125 2242 
3 2242 2125 2243 
3 2242 2243 2169 
3 2169 2243 2126 
3 2169 2126 2170 
3 2170 2126 2244 
3 2170 2244 2172 
3 2172 2244 2245 
3 2172 2245 2246 
3 2246 2245 2129 
3 2246 2129 2248 
3 2248 2129 2247 
3 2248 2247 2175 
3 2175 2247 2249 
3 2175 2249 2176 
3 2176 2249 2130 
3 2176 2130 2250 
3 2250 2130 2131 
3 2250 2131 2251 
3 2251 2131 2252 
3 2251 2252 2253 
3 2253 2252 2135 
3 2253 2135 2180 
3 2180 2135 2136 
3 2180 2136 2182 
3 2182 2136 2254 
3 2182 2254 2184 
3 2184 2254 2137 
3 2184 2137 2082 
3 2082 2137 2255 
3 2082 2255 2084 
3 1541 2256 2101 
3 2101 2256 2257 
3 2101 2257 2102 
3 2102 2257 2258 
3 2102 2258 2104 
3 2104 2258 2092 
3 2104 2092 2106 
3 2106 2092 2094 
3 2106 2094 2259 
3 2259 2094 2095 
3 2259 2095 2110 
3 2110 2095 2096 
3 2110 2096 2260 
3 2260 2096 2262 
3 2260 2262 2261 
3 2261 2262 2263 
3 2261 2263 2113 
3 2113 2263 2264 
3 2113 2264 2114 
3 2114 2264 2097 
3 2114 2097 2265 
3 2265 2097 2266 
3 2265 2266 2115 
3 2115 2266 2267 
3 2115 2267 2116 
3 2116 2267 2268 
3 2116 2268 2269 
3 2269 2268 2270 
3 2269 2270 2119 
3 2119 2270 2271 
3 2119 2271 2272 
3 2272 2271 2446 
3 2272 2446 2074 
3 5034 1654 2273 
3 2273 1654 2190 
3 2273 2190 1666 
3 1666 2190 2274 
3 1666 2274 2275 
3 2275 2274 2276 
3 2275 2276 1664 
3 1664 2276 2278 
3 1664 2278 2277 
3 2277 2278 2193 
3 2277 2193 1661 
3 1661 2193 2194 
3 1661 2194 1660 
3 1660 2194 2279 
3 1660 2279 2280 
3 2280 2279 2281 
3 2280 2281 1658 
3 1658 2281 2282 
3 1658 2282 2284 
3 2284 2282 2283 
3 2284 2283 1656 
3 1656 2283 2285 
3 1656 2285 2286 
3 2286 2285 2287 
3 2286 2287 1867 
3 1867 2287 2198 
3 1867 2198 1865 
3 1865 2198 2288 
3 1865 2288 1864 
3 1864 2288 2199 
3 1864 2199 1863 
3 1863 2199 2202 
3 1863 2202 2289 
3 2289 2202 2203 
3 2289 2203 1862 
3 1862 2203 2205 
3 1862 2205 1859 
3 1859 2205 2290 
3 1859 2290 1858 
3 1858 2290 2291 
3 1858 2291 2292 
3 2292 2291 2293 
3 2292 2293 1856 
3 1856 2293 2294 
3 1856 2294 2295 
3 2295 2294 2296 
3 2295 2296 1855 
3 1855 2296 2208 
3 1855 2208 1985 
3 1985 2208 2297 
3 1985 2297 2298 
3 2298 2297 2299 
3 2298 2299 2300 
3 2300 2299 1851 
3 2300 1851 1852 
3 1852 1851 1850 
3 1852 1850 2561 
3 2301 2697 2581 
3 2556 3127 3154 
3 2072 2073 2506 
3 2524 2077 2523 
3 4135 2472 2445 
3 4132 4148 2471 
3 2302 3031 3032 
3 4610 4605 2303 
3 4606 4609 2942 
3 2943 4608 2304 
3 1181 1180 2624 
3 2305 3129 2670 
3 614 250 2752 
3 2306 2307 2794 
3 431 430 2564 
3 2564 430 2308 
3 2564 2308 2309 
3 431 2564 2310 
3 2310 2564 2311 
3 2310 2311 2312 
3 2312 2311 2313 
3 2313 2311 2575 
3 2313 2575 2314 
3 2574 426 2315 
3 2574 2315 2575 
3 2575 2315 2316 
3 2575 2316 2314 
3 426 2574 2317 
3 2317 2574 2320 
3 2317 2320 2318 
3 2318 2320 2319 
3 2319 2320 2321 
3 2319 2321 2324 
3 2325 857 2322 
3 2325 2322 2321 
3 2321 2322 2323 
3 2321 2323 2324 
3 857 2325 2326 
3 2326 2325 2330 
3 2326 2330 2327 
3 2571 2328 2330 
3 2330 2328 2329 
3 2330 2329 2327 
3 2331 2335 2571 
3 2571 2335 2332 
3 2571 2332 2328 
3 2333 2338 2331 
3 2331 2338 2334 
3 2331 2334 2335 
3 654 2336 2568 
3 2568 2336 630 
3 2568 630 2333 
3 2333 630 2337 
3 2333 2337 2338 
3 2339 660 2342 
3 2342 660 2340 
3 2342 2340 2568 
3 2568 2340 2341 
3 2568 2341 654 
3 644 643 2339 
3 2339 2342 644 
3 644 2342 2343 
3 644 2343 2344 
3 2344 2343 2345 
3 2344 2345 648 
3 2565 2346 2345 
3 2345 2346 649 
3 2345 649 648 
3 2853 636 2566 
3 600 668 2347 
3 2347 668 667 
3 2813 662 2348 
3 2348 662 2349 
3 2348 2349 638 
3 608 607 2795 
3 2795 607 2350 
3 2795 2350 2835 
3 2770 2352 2351 
3 2351 2352 610 
3 2353 249 2354 
3 2354 249 2355 
3 2354 2355 593 
3 613 2356 2705 
3 2705 2356 615 
3 3130 2357 2358 
3 2358 2357 2359 
3 2623 583 2360 
3 2360 583 582 
3 2624 271 2623 
3 271 2624 270 
3 270 2624 1180 
3 270 1180 2362 
3 1180 2361 2362 
3 2362 2361 1179 
3 2362 1179 4858 
3 1179 1178 4858 
3 4858 1178 1183 
3 4858 1183 2365 
3 1183 2363 2365 
3 2365 2363 2364 
3 2365 2364 2369 
3 2364 2366 2369 
3 2369 2366 2367 
3 2369 2367 2371 
3 3246 4866 2368 
3 2368 4866 2369 
3 2368 2369 2370 
3 2370 2369 2371 
3 1181 2624 1176 
3 1176 2624 2626 
3 1176 2626 2373 
3 1174 1175 2626 
3 1175 2372 2626 
3 2626 2372 1177 
3 2626 1177 2373 
3 2626 2628 1174 
3 1174 2628 2629 
3 1174 2629 1173 
3 1173 2629 1170 
3 1170 2629 2375 
3 1170 2375 2374 
3 1169 1172 2375 
3 2375 1172 1171 
3 2375 1171 2374 
3 2375 2631 1169 
3 1169 2631 2633 
3 1169 2633 2376 
3 2376 2633 1164 
3 1164 2633 2635 
3 1164 2635 2381 
3 2377 2378 2638 
3 2638 2378 2379 
3 2638 2379 2637 
3 2637 2379 2380 
3 2637 2380 2635 
3 2635 2380 1165 
3 2635 1165 2381 
3 1161 1162 2377 
3 1162 2382 2377 
3 2377 2382 1163 
3 2377 1163 2378 
3 2377 2383 1161 
3 1161 2383 2384 
3 1161 2384 2385 
3 3055 1033 1047 
3 3054 2386 3056 
3 3028 3030 3084 
3 2987 2387 3106 
3 991 2988 2388 
3 2962 995 994 
3 989 3124 990 
3 990 3124 2924 
3 2389 988 987 
3 2941 2904 2390 
3 2390 2904 984 
3 2903 2391 2392 
3 2903 4111 2394 
3 2391 2903 2393 
3 2393 2903 2394 
3 2393 2394 2395 
3 2395 2394 4868 
3 2395 4868 982 
3 982 4868 983 
3 983 4868 2396 
3 983 2396 979 
3 979 2396 2397 
3 979 2397 980 
3 980 2397 978 
3 978 2397 2398 
3 978 2398 2403 
3 4869 976 2398 
3 2398 976 2399 
3 2398 2399 2400 
3 2400 2401 2398 
3 2398 2401 2402 
3 2398 2402 2403 
3 4111 2903 4487 
3 4487 2903 2404 
3 4487 2404 4488 
3 4488 2404 2405 
3 2405 2404 2406 
3 2405 2406 2407 
3 2407 2406 4490 
3 4490 2406 2902 
3 4490 2902 4486 
3 4486 2902 2408 
3 2408 2902 2901 
3 2408 2901 2409 
3 2410 4540 2900 
3 2900 4540 4494 
3 2900 4494 2901 
3 2901 4494 2411 
3 2901 2411 2409 
3 2410 2900 2412 
3 2412 2900 2413 
3 2412 2413 2414 
3 2414 2413 4636 
3 4636 2413 2897 
3 4636 2897 2415 
3 2420 2416 2419 
3 2419 2416 4495 
3 2419 4495 2897 
3 2897 4495 4497 
3 2897 4497 2415 
3 4498 2417 2424 
3 2424 2417 4500 
3 2424 4500 2419 
3 2419 4500 2418 
3 2419 2418 2420 
3 2423 2421 2422 
3 2423 2422 2424 
3 2424 2422 4499 
3 2424 4499 4498 
3 2421 2423 4501 
3 4501 2423 2425 
3 4501 2425 2427 
3 4585 4584 2895 
3 2895 4584 2426 
3 2895 2426 2425 
3 2425 2426 4502 
3 2425 4502 2427 
3 2893 2429 2428 
3 2893 2428 2895 
3 2895 2428 4586 
3 2895 4586 4585 
3 2429 2893 2430 
3 2430 2893 2891 
3 2430 2891 2434 
3 2431 4589 2926 
3 2926 4589 4651 
3 2890 2432 2891 
3 2891 2432 2433 
3 2891 2433 2434 
3 2906 4603 2925 
3 2925 4603 4602 
3 2925 4602 4588 
3 2435 2905 4604 
3 4604 2905 4607 
3 4604 4607 2436 
3 4612 4611 2437 
3 2437 4611 2438 
3 2439 3008 2440 
3 2440 3008 4127 
3 3058 2441 3057 
3 4131 4130 3007 
3 4147 4146 2442 
3 2442 4146 4125 
3 4132 2471 4133 
3 4135 2445 2443 
3 1625 2443 2444 
3 2444 2443 2445 
3 2444 2445 1626 
3 1626 2445 2482 
3 2074 2446 2447 
3 2447 2446 2495 
3 3166 2448 3164 
3 3164 2448 2449 
3 3164 2449 3161 
3 3161 2449 2459 
3 3161 2459 2450 
3 2450 2459 2451 
3 2450 2451 3160 
3 3160 2451 2462 
3 3160 2462 3159 
3 3159 2462 2453 
3 3159 2453 2452 
3 2452 2453 2454 
3 2452 2454 3158 
3 3158 2454 2466 
3 3158 2466 3157 
3 3157 2466 2467 
3 3157 2467 2456 
3 2456 2467 2455 
3 2456 2455 3156 
3 3156 2455 2469 
3 3156 2469 3155 
3 3155 2469 2457 
3 3155 2457 2442 
3 2442 2457 2471 
3 2442 2471 4147 
3 4147 2471 4148 
3 2448 2684 2449 
3 2449 2684 2458 
3 2449 2458 2459 
3 2459 2458 2460 
3 2459 2460 2451 
3 2451 2460 2461 
3 2451 2461 2462 
3 2462 2461 2463 
3 2462 2463 2453 
3 2453 2463 2464 
3 2453 2464 2454 
3 2454 2464 2465 
3 2454 2465 2466 
3 2466 2465 2479 
3 2466 2479 2467 
3 2467 2479 2480 
3 2467 2480 2455 
3 2455 2480 2481 
3 2455 2481 2469 
3 2469 2481 2468 
3 2469 2468 2457 
3 2457 2468 2470 
3 2457 2470 2471 
3 2471 2470 2445 
3 2471 2445 4133 
3 4133 2445 2472 
3 2684 2686 2458 
3 2458 2686 2473 
3 2458 2473 2460 
3 2460 2473 2474 
3 2460 2474 2461 
3 2461 2474 2475 
3 2461 2475 2463 
3 2463 2475 2476 
3 2463 2476 2464 
3 2464 2476 2477 
3 2464 2477 2465 
3 2465 2477 2487 
3 2465 2487 2479 
3 2479 2487 2478 
3 2479 2478 2480 
3 2480 2478 2489 
3 2480 2489 2481 
3 2481 2489 2491 
3 2481 2491 2468 
3 2468 2491 2493 
3 2468 2493 2470 
3 2470 2493 2494 
3 2470 2494 2445 
3 2445 2494 2496 
3 2445 2496 2482 
3 2686 2483 2473 
3 2473 2483 2497 
3 2473 2497 2474 
3 2474 2497 2484 
3 2474 2484 2475 
3 2475 2484 2485 
3 2475 2485 2476 
3 2476 2485 2486 
3 2476 2486 2477 
3 2477 2486 2501 
3 2477 2501 2487 
3 2487 2501 2488 
3 2487 2488 2478 
3 2478 2488 2504 
3 2478 2504 2489 
3 2489 2504 2490 
3 2489 2490 2491 
3 2491 2490 2492 
3 2491 2492 2493 
3 2493 2492 2447 
3 2493 2447 2494 
3 2494 2447 2495 
3 2494 2495 2496 
3 2483 2498 2497 
3 2497 2498 2548 
3 2497 2548 2484 
3 2484 2548 2499 
3 2484 2499 2485 
3 2485 2499 2550 
3 2485 2550 2486 
3 2486 2550 2500 
3 2486 2500 2501 
3 2501 2500 2502 
3 2501 2502 2488 
3 2488 2502 2503 
3 2488 2503 2504 
3 2504 2503 2505 
3 2504 2505 2490 
3 2490 2505 2554 
3 2490 2554 2492 
3 2492 2554 2506 
3 2492 2506 2447 
3 2447 2506 2073 
3 2447 2073 2074 
3 2507 2545 2544 
3 2538 2509 2508 
3 2508 2509 2510 
3 2508 2510 2511 
3 2511 2510 2512 
3 2511 2512 2513 
3 2513 2512 2514 
3 2513 2514 2541 
3 2541 2514 2519 
3 2541 2519 2543 
3 2543 2519 2520 
3 2543 2520 2515 
3 2515 2520 2523 
3 2515 2523 2544 
3 2544 2523 2077 
3 2544 2077 2507 
3 2509 2516 2510 
3 2510 2516 2517 
3 2510 2517 2512 
3 2512 2517 2518 
3 2512 2518 2514 
3 2514 2518 2535 
3 2514 2535 2519 
3 2519 2535 2521 
3 2519 2521 2520 
3 2520 2521 2522 
3 2520 2522 2523 
3 2523 2522 2255 
3 2523 2255 2524 
3 2693 2188 2078 
3 2694 2087 2525 
3 2528 2692 2530 
3 2530 2692 2526 
3 2530 2526 2532 
3 2532 2526 2694 
3 2532 2694 2527 
3 2527 2694 2525 
3 2527 2525 2533 
3 2534 2528 2529 
3 2529 2528 2530 
3 2529 2530 2531 
3 2531 2530 2532 
3 2531 2532 2536 
3 2536 2532 2527 
3 2536 2527 2537 
3 2537 2527 2533 
3 2537 2533 2079 
3 2079 2081 2537 
3 2537 2081 2083 
3 2537 2083 2084 
3 2516 2534 2517 
3 2517 2534 2529 
3 2517 2529 2518 
3 2518 2529 2531 
3 2518 2531 2535 
3 2535 2531 2536 
3 2535 2536 2521 
3 2521 2536 2537 
3 2521 2537 2522 
3 2522 2537 2084 
3 2522 2084 2255 
3 2687 2538 2539 
3 2539 2538 2508 
3 2539 2508 2549 
3 2549 2508 2511 
3 2549 2511 2540 
3 2540 2511 2513 
3 2540 2513 2551 
3 2551 2513 2541 
3 2551 2541 2542 
3 2542 2541 2543 
3 2542 2543 2552 
3 2552 2543 2515 
3 2552 2515 2553 
3 2553 2515 2544 
3 2553 2544 2547 
3 2545 2546 2544 
3 2544 2546 2075 
3 2544 2075 2547 
3 2547 2075 2159 
3 2547 2159 2076 
3 2498 2687 2548 
3 2548 2687 2539 
3 2548 2539 2499 
3 2499 2539 2549 
3 2499 2549 2550 
3 2550 2549 2540 
3 2550 2540 2500 
3 2500 2540 2551 
3 2500 2551 2502 
3 2502 2551 2542 
3 2502 2542 2503 
3 2503 2542 2552 
3 2503 2552 2505 
3 2505 2552 2553 
3 2505 2553 2554 
3 2554 2553 2547 
3 2554 2547 2506 
3 2506 2547 2076 
3 2506 2076 2072 
3 2555 3127 2732 
3 2732 3127 2556 
3 2732 2556 3150 
3 2733 2557 3125 
3 2558 2559 1853 
3 1853 2559 1966 
3 2812 1947 2889 
3 2560 2561 1850 
3 2850 2031 2852 
3 2868 1522 2562 
3 2834 2563 2013 
3 2013 2563 2014 
3 1622 2564 1621 
3 1621 2564 2309 
3 1621 2309 1620 
3 636 2565 2566 
3 2566 2565 2345 
3 2566 2345 2855 
3 2855 2345 2343 
3 2855 2343 2856 
3 2856 2343 2342 
3 2856 2342 2567 
3 2567 2342 2568 
3 2567 2568 2858 
3 2858 2568 2333 
3 2858 2333 2569 
3 2569 2333 2331 
3 2569 2331 2570 
3 2570 2331 2571 
3 2570 2571 2861 
3 2861 2571 2330 
3 2861 2330 2863 
3 2863 2330 2325 
3 2863 2325 2572 
3 2572 2325 2321 
3 2572 2321 2573 
3 2573 2321 2320 
3 2573 2320 2864 
3 2864 2320 2574 
3 2864 2574 2865 
3 2865 2574 2575 
3 2865 2575 2866 
3 2866 2575 2311 
3 2866 2311 2867 
3 2867 2311 2564 
3 2867 2564 2868 
3 2868 2564 1622 
3 2868 1622 1522 
3 2576 2577 2851 
3 2851 2577 1854 
3 2592 3179 2639 
3 2583 2697 2578 
3 2578 2697 2301 
3 2578 2301 2580 
3 2586 2580 2579 
3 2579 2580 2301 
3 2579 2301 2590 
3 2590 2301 2581 
3 2590 2581 2582 
3 2594 2583 2595 
3 2595 2583 2578 
3 2595 2578 2584 
3 2584 2578 2580 
3 2584 2580 2585 
3 2585 2580 2586 
3 2585 2586 2587 
3 2599 2587 2602 
3 2602 2587 2586 
3 2602 2586 2588 
3 2588 2586 2579 
3 2588 2579 2589 
3 2589 2579 2590 
3 2589 2590 2604 
3 2604 2590 2582 
3 2604 2582 2591 
3 2592 2594 2593 
3 2593 2594 2595 
3 2593 2595 2596 
3 2596 2595 2584 
3 2596 2584 3176 
3 3176 2584 2585 
3 3176 2585 2597 
3 2597 2585 2587 
3 2597 2587 2598 
3 2598 2587 2599 
3 2598 2599 3172 
3 2600 3172 2601 
3 2601 3172 2599 
3 2601 2599 2608 
3 2608 2599 2602 
3 2608 2602 2603 
3 2603 2602 2588 
3 2603 2588 2610 
3 2610 2588 2589 
3 2610 2589 2612 
3 2612 2589 2604 
3 2612 2604 2605 
3 2605 2604 2591 
3 2605 2591 2699 
3 2606 2600 2607 
3 2607 2600 2601 
3 2607 2601 2614 
3 2614 2601 2608 
3 2614 2608 2617 
3 2617 2608 2603 
3 2617 2603 2609 
3 2609 2603 2610 
3 2609 2610 2619 
3 2619 2610 2612 
3 2619 2612 2611 
3 2611 2612 2605 
3 2611 2605 2621 
3 2621 2605 2699 
3 2621 2699 2622 
3 3171 2606 2613 
3 2613 2606 2607 
3 2613 2607 2615 
3 2615 2607 2614 
3 2615 2614 2641 
3 2641 2614 2617 
3 2641 2617 2616 
3 2616 2617 2609 
3 2616 2609 2618 
3 2618 2609 2619 
3 2618 2619 2645 
3 2645 2619 2611 
3 2645 2611 2620 
3 2620 2611 2621 
3 2620 2621 2649 
3 2649 2621 2622 
3 2649 2622 2650 
3 2623 2360 2624 
3 2624 2360 2625 
3 2624 2625 2626 
3 2626 2625 2627 
3 2626 2627 2628 
3 2628 2627 2700 
3 2628 2700 2629 
3 2629 2700 2630 
3 2629 2630 2375 
3 2375 2630 2698 
3 2375 2698 2631 
3 2631 2698 2632 
3 2631 2632 2633 
3 2633 2632 2634 
3 2633 2634 2635 
3 2635 2634 2636 
3 2635 2636 2637 
3 2637 2636 2696 
3 2637 2696 2638 
3 2638 2696 2695 
3 2638 2695 2377 
3 2377 2695 2639 
3 2377 2639 2383 
3 2383 2639 3179 
3 2383 3179 2384 
3 2651 3171 2652 
3 2652 3171 2613 
3 2652 2613 2640 
3 2640 2613 2615 
3 2640 2615 2642 
3 2642 2615 2641 
3 2642 2641 2655 
3 2655 2641 2616 
3 2655 2616 2643 
3 2643 2616 2618 
3 2643 2618 2644 
3 2644 2618 2645 
3 2644 2645 2646 
3 2646 2645 2620 
3 2646 2620 2647 
3 2647 2620 2649 
3 2647 2649 2648 
3 2648 2649 2650 
3 2648 2650 2701 
3 3168 2651 2660 
3 2660 2651 2652 
3 2660 2652 2661 
3 2661 2652 2640 
3 2661 2640 2653 
3 2653 2640 2642 
3 2653 2642 2654 
3 2654 2642 2655 
3 2654 2655 2664 
3 2664 2655 2643 
3 2664 2643 2666 
3 2666 2643 2644 
3 2666 2644 2656 
3 2656 2644 2646 
3 2656 2646 2657 
3 2657 2646 2647 
3 2657 2647 2658 
3 2658 2647 2648 
3 2658 2648 2668 
3 2668 2648 2701 
3 2668 2701 2702 
3 3166 3168 2659 
3 2659 3168 2660 
3 2659 2660 2682 
3 2682 2660 2661 
3 2682 2661 2680 
3 2680 2661 2653 
3 2680 2653 2662 
3 2662 2653 2654 
3 2662 2654 2663 
3 2663 2654 2664 
3 2663 2664 2677 
3 2677 2664 2666 
3 2677 2666 2665 
3 2665 2666 2656 
3 2665 2656 2674 
3 2674 2656 2657 
3 2674 2657 2667 
3 2667 2657 2658 
3 2667 2658 2673 
3 2673 2658 2668 
3 2673 2668 2671 
3 2671 2668 2702 
3 2671 2702 2703 
3 2669 2305 2703 
3 2703 2305 2670 
3 2703 2670 2671 
3 2671 2670 3131 
3 2671 3131 2673 
3 2673 3131 2672 
3 2673 2672 2667 
3 2667 2672 2675 
3 2667 2675 2674 
3 2674 2675 3134 
3 2674 3134 2665 
3 2665 3134 2676 
3 2665 2676 2677 
3 2677 2676 3135 
3 2677 3135 2663 
3 2663 3135 2678 
3 2663 2678 2662 
3 2662 2678 2679 
3 2662 2679 2680 
3 2680 2679 3136 
3 2680 3136 2682 
3 2682 3136 2681 
3 2682 2681 2659 
3 2659 2681 2683 
3 2659 2683 3166 
3 3166 2683 3140 
3 3166 3140 2448 
3 2448 3140 2685 
3 2448 2685 2684 
3 2684 2685 3142 
3 2684 3142 2686 
3 2686 3142 3143 
3 2686 3143 2483 
3 2483 3143 3144 
3 2483 3144 2498 
3 2498 3144 3145 
3 2498 3145 2687 
3 2687 3145 2688 
3 2687 2688 2538 
3 2538 2688 2689 
3 2538 2689 2509 
3 2509 2689 2690 
3 2509 2690 2516 
3 2516 2690 2691 
3 2516 2691 2534 
3 2534 2691 3151 
3 2534 3151 2528 
3 2528 3151 3152 
3 2528 3152 2692 
3 2692 3152 3153 
3 2692 3153 2526 
3 2526 3153 2693 
3 2526 2693 2694 
3 2694 2693 2078 
3 2694 2078 2087 
3 2592 2639 2594 
3 2594 2639 2695 
3 2594 2695 2583 
3 2583 2695 2696 
3 2583 2696 2697 
3 2697 2696 2636 
3 2697 2636 2581 
3 2581 2636 2634 
3 2581 2634 2582 
3 2582 2634 2632 
3 2582 2632 2591 
3 2591 2632 2698 
3 2591 2698 2699 
3 2699 2698 2630 
3 2699 2630 2622 
3 2622 2630 2700 
3 2622 2700 2650 
3 2650 2700 2627 
3 2650 2627 2701 
3 2701 2627 2625 
3 2701 2625 2702 
3 2702 2625 2360 
3 2702 2360 2703 
3 2703 2360 582 
3 2703 582 2669 
3 2359 613 2358 
3 2358 613 2705 
3 2358 2705 2704 
3 2704 2705 2706 
3 2704 2706 3132 
3 3132 2706 2707 
3 3132 2707 3133 
3 3133 2707 2708 
3 3133 2708 2709 
3 2709 2708 2737 
3 2709 2737 2710 
3 2710 2737 2711 
3 2710 2711 2712 
3 2712 2711 2713 
3 2712 2713 2715 
3 2715 2713 2714 
3 2715 2714 3137 
3 3137 2714 2717 
3 3137 2717 2716 
3 2716 2717 2742 
3 2716 2742 3138 
3 3138 2742 2718 
3 3138 2718 3139 
3 3139 2718 2743 
3 3139 2743 3141 
3 3141 2743 2719 
3 3141 2719 2720 
3 2720 2719 2721 
3 2720 2721 2722 
3 2722 2721 2745 
3 2722 2745 2723 
3 2723 2745 2746 
3 2723 2746 2724 
3 2724 2746 2747 
3 2724 2747 2725 
3 2725 2747 2726 
3 2725 2726 3146 
3 3146 2726 2727 
3 3146 2727 3147 
3 3147 2727 2728 
3 3147 2728 3148 
3 3148 2728 2729 
3 3148 2729 3149 
3 3149 2729 2730 
3 3149 2730 3150 
3 3150 2730 2731 
3 3150 2731 2732 
3 2732 2731 2733 
3 2732 2733 2555 
3 2555 2733 3125 
3 615 614 2705 
3 2705 614 2752 
3 2705 2752 2706 
3 2706 2752 2734 
3 2706 2734 2707 
3 2707 2734 2735 
3 2707 2735 2708 
3 2708 2735 2736 
3 2708 2736 2737 
3 2737 2736 2755 
3 2737 2755 2711 
3 2711 2755 2738 
3 2711 2738 2713 
3 2713 2738 2739 
3 2713 2739 2714 
3 2714 2739 2740 
3 2714 2740 2717 
3 2717 2740 2741 
3 2717 2741 2742 
3 2742 2741 2757 
3 2742 2757 2718 
3 2718 2757 2760 
3 2718 2760 2743 
3 2743 2760 2744 
3 2743 2744 2719 
3 2719 2744 2761 
3 2719 2761 2721 
3 2721 2761 2763 
3 2721 2763 2745 
3 2745 2763 2764 
3 2745 2764 2746 
3 2746 2764 2765 
3 2746 2765 2747 
3 2747 2765 2748 
3 2747 2748 2726 
3 2726 2748 2749 
3 2726 2749 2727 
3 2727 2749 2767 
3 2727 2767 2728 
3 2728 2767 2769 
3 2728 2769 2729 
3 2729 2769 2750 
3 2729 2750 2730 
3 2730 2750 2751 
3 2730 2751 2731 
3 2731 2751 2560 
3 2731 2560 2733 
3 2733 2560 1850 
3 2733 1850 2557 
3 250 2353 2752 
3 2752 2353 2354 
3 2752 2354 2734 
3 2734 2354 2753 
3 2734 2753 2735 
3 2735 2753 2771 
3 2735 2771 2736 
3 2736 2771 2754 
3 2736 2754 2755 
3 2755 2754 2773 
3 2755 2773 2738 
3 2738 2773 2774 
3 2738 2774 2739 
3 2739 2774 2775 
3 2739 2775 2740 
3 2740 2775 2756 
3 2740 2756 2741 
3 2741 2756 2758 
3 2741 2758 2757 
3 2757 2758 2759 
3 2757 2759 2760 
3 2760 2759 2777 
3 2760 2777 2744 
3 2744 2777 2781 
3 2744 2781 2761 
3 2761 2781 2762 
3 2761 2762 2763 
3 2763 2762 2783 
3 2763 2783 2764 
3 2764 2783 2784 
3 2764 2784 2765 
3 2765 2784 2766 
3 2765 2766 2748 
3 2748 2766 2787 
3 2748 2787 2749 
3 2749 2787 2768 
3 2749 2768 2767 
3 2767 2768 2788 
3 2767 2788 2769 
3 2769 2788 2791 
3 2769 2791 2750 
3 2750 2791 2792 
3 2750 2792 2751 
3 2751 2792 2559 
3 2751 2559 2560 
3 2560 2559 2558 
3 2560 2558 2561 
3 593 2770 2354 
3 2354 2770 2351 
3 2354 2351 2753 
3 2753 2351 2869 
3 2753 2869 2771 
3 2771 2869 2772 
3 2771 2772 2754 
3 2754 2772 2871 
3 2754 2871 2773 
3 2773 2871 2872 
3 2773 2872 2774 
3 2774 2872 2874 
3 2774 2874 2775 
3 2775 2874 2875 
3 2775 2875 2756 
3 2756 2875 2877 
3 2756 2877 2758 
3 2758 2877 2776 
3 2758 2776 2759 
3 2759 2776 2778 
3 2759 2778 2777 
3 2777 2778 2779 
3 2777 2779 2781 
3 2781 2779 2780 
3 2781 2780 2762 
3 2762 2780 2782 
3 2762 2782 2783 
3 2783 2782 2882 
3 2783 2882 2784 
3 2784 2882 2884 
3 2784 2884 2766 
3 2766 2884 2785 
3 2766 2785 2787 
3 2787 2785 2786 
3 2787 2786 2768 
3 2768 2786 2888 
3 2768 2888 2788 
3 2788 2888 2789 
3 2788 2789 2791 
3 2791 2789 2790 
3 2791 2790 2792 
3 2792 2790 2793 
3 2792 2793 2559 
3 2559 2793 1967 
3 2559 1967 1966 
3 2307 608 2794 
3 2794 608 2795 
3 2794 2795 2796 
3 2796 2795 2836 
3 2796 2836 2870 
3 2870 2836 2797 
3 2870 2797 2873 
3 2873 2797 2799 
3 2873 2799 2798 
3 2798 2799 2800 
3 2798 2800 2801 
3 2801 2800 2839 
3 2801 2839 2876 
3 2876 2839 2840 
3 2876 2840 2878 
3 2878 2840 2841 
3 2878 2841 2802 
3 2802 2841 2803 
3 2802 2803 2879 
3 2879 2803 2842 
3 2879 2842 2804 
3 2804 2842 2805 
3 2804 2805 2880 
3 2880 2805 2844 
3 2880 2844 2881 
3 2881 2844 2845 
3 2881 2845 2883 
3 2883 2845 2847 
3 2883 2847 2806 
3 2806 2847 2807 
3 2806 2807 2885 
3 2885 2807 2808 
3 2885 2808 2886 
3 2886 2808 2809 
3 2886 2809 2887 
3 2887 2809 2811 
3 2887 2811 2810 
3 2810 2811 2851 
3 2810 2851 2812 
3 2812 2851 1854 
3 2812 1854 1947 
3 667 2813 2347 
3 2347 2813 2348 
3 2347 2348 2837 
3 2837 2348 2854 
3 2837 2854 2838 
3 2838 2854 2815 
3 2838 2815 2814 
3 2814 2815 2857 
3 2814 2857 2816 
3 2816 2857 2817 
3 2816 2817 2818 
3 2818 2817 2859 
3 2818 2859 2820 
3 2820 2859 2819 
3 2820 2819 2821 
3 2821 2819 2860 
3 2821 2860 2843 
3 2843 2860 2822 
3 2843 2822 2823 
3 2823 2822 2862 
3 2823 2862 2824 
3 2824 2862 2825 
3 2824 2825 2846 
3 2846 2825 2826 
3 2846 2826 2827 
3 2827 2826 2828 
3 2827 2828 2848 
3 2848 2828 2829 
3 2848 2829 2830 
3 2830 2829 2831 
3 2830 2831 2832 
3 2832 2831 2833 
3 2832 2833 2849 
3 2849 2833 2563 
3 2849 2563 2850 
3 2850 2563 2834 
3 2850 2834 2031 
3 2835 600 2795 
3 2795 600 2347 
3 2795 2347 2836 
3 2836 2347 2837 
3 2836 2837 2797 
3 2797 2837 2838 
3 2797 2838 2799 
3 2799 2838 2814 
3 2799 2814 2800 
3 2800 2814 2816 
3 2800 2816 2839 
3 2839 2816 2818 
3 2839 2818 2840 
3 2840 2818 2820 
3 2840 2820 2841 
3 2841 2820 2821 
3 2841 2821 2803 
3 2803 2821 2843 
3 2803 2843 2842 
3 2842 2843 2823 
3 2842 2823 2805 
3 2805 2823 2824 
3 2805 2824 2844 
3 2844 2824 2846 
3 2844 2846 2845 
3 2845 2846 2827 
3 2845 2827 2847 
3 2847 2827 2848 
3 2847 2848 2807 
3 2807 2848 2830 
3 2807 2830 2808 
3 2808 2830 2832 
3 2808 2832 2809 
3 2809 2832 2849 
3 2809 2849 2811 
3 2811 2849 2850 
3 2811 2850 2851 
3 2851 2850 2852 
3 2851 2852 2576 
3 638 2853 2348 
3 2348 2853 2566 
3 2348 2566 2854 
3 2854 2566 2855 
3 2854 2855 2815 
3 2815 2855 2856 
3 2815 2856 2857 
3 2857 2856 2567 
3 2857 2567 2817 
3 2817 2567 2858 
3 2817 2858 2859 
3 2859 2858 2569 
3 2859 2569 2819 
3 2819 2569 2570 
3 2819 2570 2860 
3 2860 2570 2861 
3 2860 2861 2822 
3 2822 2861 2863 
3 2822 2863 2862 
3 2862 2863 2572 
3 2862 2572 2825 
3 2825 2572 2573 
3 2825 2573 2826 
3 2826 2573 2864 
3 2826 2864 2828 
3 2828 2864 2865 
3 2828 2865 2829 
3 2829 2865 2866 
3 2829 2866 2831 
3 2831 2866 2867 
3 2831 2867 2833 
3 2833 2867 2868 
3 2833 2868 2563 
3 2563 2868 2562 
3 2563 2562 2014 
3 610 2306 2351 
3 2351 2306 2794 
3 2351 2794 2869 
3 2869 2794 2796 
3 2869 2796 2772 
3 2772 2796 2870 
3 2772 2870 2871 
3 2871 2870 2873 
3 2871 2873 2872 
3 2872 2873 2798 
3 2872 2798 2874 
3 2874 2798 2801 
3 2874 2801 2875 
3 2875 2801 2876 
3 2875 2876 2877 
3 2877 2876 2878 
3 2877 2878 2776 
3 2776 2878 2802 
3 2776 2802 2778 
3 2778 2802 2879 
3 2778 2879 2779 
3 2779 2879 2804 
3 2779 2804 2780 
3 2780 2804 2880 
3 2780 2880 2782 
3 2782 2880 2881 
3 2782 2881 2882 
3 2882 2881 2883 
3 2882 2883 2884 
3 2884 2883 2806 
3 2884 2806 2785 
3 2785 2806 2885 
3 2785 2885 2786 
3 2786 2885 2886 
3 2786 2886 2888 
3 2888 2886 2887 
3 2888 2887 2789 
3 2789 2887 2810 
3 2789 2810 2790 
3 2790 2810 2812 
3 2790 2812 2793 
3 2793 2812 2889 
3 2793 2889 1967 
3 4651 2890 2926 
3 2926 2890 2891 
3 2926 2891 2892 
3 2892 2891 2893 
3 2892 2893 2894 
3 2894 2893 2895 
3 2894 2895 2896 
3 2896 2895 2425 
3 2896 2425 2927 
3 2927 2425 2423 
3 2927 2423 2929 
3 2929 2423 2424 
3 2929 2424 2930 
3 2930 2424 2419 
3 2930 2419 2931 
3 2931 2419 2897 
3 2931 2897 2933 
3 2933 2897 2413 
3 2933 2413 2898 
3 2898 2413 2900 
3 2898 2900 2899 
3 2899 2900 2901 
3 2899 2901 2935 
3 2935 2901 2902 
3 2935 2902 2937 
3 2937 2902 2406 
3 2937 2406 2938 
3 2938 2406 2404 
3 2938 2404 2940 
3 2940 2404 2903 
3 2940 2903 2904 
3 2904 2903 2392 
3 2904 2392 984 
3 2435 2906 2905 
3 2905 2906 2925 
3 2905 2925 3108 
3 3108 2925 2907 
3 3108 2907 3109 
3 3109 2907 2908 
3 3109 2908 3111 
3 3111 2908 2910 
3 3111 2910 2909 
3 2909 2910 2911 
3 2909 2911 2912 
3 2912 2911 2928 
3 2912 2928 3113 
3 3113 2928 2913 
3 3113 2913 3114 
3 3114 2913 2914 
3 3114 2914 3116 
3 3116 2914 2932 
3 3116 2932 2915 
3 2915 2932 2934 
3 2915 2934 2916 
3 2916 2934 2917 
3 2916 2917 3118 
3 3118 2917 2936 
3 3118 2936 2918 
3 2918 2936 2919 
3 2918 2919 2920 
3 2920 2919 2921 
3 2920 2921 2922 
3 2922 2921 2939 
3 2922 2939 3121 
3 3121 2939 2923 
3 3121 2923 3122 
3 3122 2923 2389 
3 3122 2389 3124 
3 3124 2389 987 
3 3124 987 2924 
3 4588 2431 2925 
3 2925 2431 2926 
3 2925 2926 2907 
3 2907 2926 2892 
3 2907 2892 2908 
3 2908 2892 2894 
3 2908 2894 2910 
3 2910 2894 2896 
3 2910 2896 2911 
3 2911 2896 2927 
3 2911 2927 2928 
3 2928 2927 2929 
3 2928 2929 2913 
3 2913 2929 2930 
3 2913 2930 2914 
3 2914 2930 2931 
3 2914 2931 2932 
3 2932 2931 2933 
3 2932 2933 2934 
3 2934 2933 2898 
3 2934 2898 2917 
3 2917 2898 2899 
3 2917 2899 2936 
3 2936 2899 2935 
3 2936 2935 2919 
3 2919 2935 2937 
3 2919 2937 2921 
3 2921 2937 2938 
3 2921 2938 2939 
3 2939 2938 2940 
3 2939 2940 2923 
3 2923 2940 2904 
3 2923 2904 2389 
3 2389 2904 2941 
3 2389 2941 988 
3 4609 2943 2942 
3 2942 2943 2304 
3 2942 2304 2990 
3 2990 2304 3107 
3 2990 3107 2945 
3 2945 3107 2944 
3 2945 2944 2991 
3 2991 2944 2946 
3 2991 2946 2947 
3 2947 2946 3110 
3 2947 3110 2994 
3 2994 3110 2948 
3 2994 2948 2996 
3 2996 2948 3112 
3 2996 3112 2997 
3 2997 3112 2949 
3 2997 2949 2950 
3 2950 2949 2951 
3 2950 2951 2999 
3 2999 2951 3115 
3 2999 3115 3000 
3 3000 3115 3117 
3 3000 3117 3001 
3 3001 3117 2953 
3 3001 2953 2952 
3 2952 2953 2954 
3 2952 2954 2955 
3 2955 2954 3119 
3 2955 3119 2956 
3 2956 3119 2957 
3 2956 2957 2958 
3 2958 2957 3120 
3 2958 3120 2959 
3 2959 3120 2960 
3 2959 2960 2961 
3 2961 2960 3123 
3 2961 3123 2963 
3 2963 3123 2962 
3 2963 2962 2964 
3 2964 2962 994 
3 2964 994 3006 
3 2438 4610 2437 
3 2437 4610 2303 
3 2437 2303 2965 
3 2965 2303 2989 
3 2965 2989 2966 
3 2966 2989 2967 
3 2966 2967 2968 
3 2968 2967 2969 
3 2968 2969 2970 
3 2970 2969 2992 
3 2970 2992 2971 
3 2971 2992 2993 
3 2971 2993 2972 
3 2972 2993 2995 
3 2972 2995 3090 
3 3090 2995 2973 
3 3090 2973 2974 
3 2974 2973 2998 
3 2974 2998 3092 
3 3092 2998 2976 
3 3092 2976 2975 
3 2975 2976 2977 
3 2975 2977 3093 
3 3093 2977 2978 
3 3093 2978 2979 
3 2979 2978 3002 
3 2979 3002 3096 
3 3096 3002 2980 
3 3096 2980 2981 
3 2981 2980 3003 
3 2981 3003 2982 
3 2982 3003 2983 
3 2982 2983 2984 
3 2984 2983 3004 
3 2984 3004 3100 
3 3100 3004 2985 
3 3100 2985 3102 
3 3102 2985 2986 
3 3102 2986 3103 
3 3103 2986 3005 
3 3103 3005 3105 
3 3105 3005 2388 
3 3105 2388 2987 
3 2987 2388 2988 
3 2987 2988 2387 
3 4605 4606 2303 
3 2303 4606 2942 
3 2303 2942 2989 
3 2989 2942 2990 
3 2989 2990 2967 
3 2967 2990 2945 
3 2967 2945 2969 
3 2969 2945 2991 
3 2969 2991 2992 
3 2992 2991 2947 
3 2992 2947 2993 
3 2993 2947 2994 
3 2993 2994 2995 
3 2995 2994 2996 
3 2995 2996 2973 
3 2973 2996 2997 
3 2973 2997 2998 
3 2998 2997 2950 
3 2998 2950 2976 
3 2976 2950 2999 
3 2976 2999 2977 
3 2977 2999 3000 
3 2977 3000 2978 
3 2978 3000 3001 
3 2978 3001 3002 
3 3002 3001 2952 
3 3002 2952 2980 
3 2980 2952 2955 
3 2980 2955 3003 
3 3003 2955 2956 
3 3003 2956 2983 
3 2983 2956 2958 
3 2983 2958 3004 
3 3004 2958 2959 
3 3004 2959 2985 
3 2985 2959 2961 
3 2985 2961 2986 
3 2986 2961 2963 
3 2986 2963 3005 
3 3005 2963 2964 
3 3005 2964 2388 
3 2388 2964 3006 
3 2388 3006 991 
3 4130 4127 3007 
3 3007 4127 3008 
3 3007 3008 3009 
3 3009 3008 3085 
3 3009 3085 3010 
3 3010 3085 3086 
3 3010 3086 3060 
3 3060 3086 3087 
3 3060 3087 3061 
3 3061 3087 3011 
3 3061 3011 3064 
3 3064 3011 3088 
3 3064 3088 3065 
3 3065 3088 3089 
3 3065 3089 3012 
3 3012 3089 3014 
3 3012 3014 3013 
3 3013 3014 3091 
3 3013 3091 3015 
3 3015 3091 3016 
3 3015 3016 3067 
3 3067 3016 3017 
3 3067 3017 3069 
3 3069 3017 3018 
3 3069 3018 3019 
3 3019 3018 3094 
3 3019 3094 3071 
3 3071 3094 3095 
3 3071 3095 3020 
3 3020 3095 3021 
3 3020 3021 3074 
3 3074 3021 3097 
3 3074 3097 3022 
3 3022 3097 3098 
3 3022 3098 3075 
3 3075 3098 3023 
3 3075 3023 3077 
3 3077 3023 3099 
3 3077 3099 3024 
3 3024 3099 3101 
3 3024 3101 3025 
3 3025 3101 3104 
3 3025 3104 3026 
3 3026 3104 3027 
3 3026 3027 3082 
3 3082 3027 3029 
3 3082 3029 3028 
3 3028 3029 996 
3 3028 996 3030 
3 3031 2441 3032 
3 3032 2441 3058 
3 3032 3058 3033 
3 3033 3058 3034 
3 3033 3034 3035 
3 3035 3034 3059 
3 3035 3059 3037 
3 3037 3059 3036 
3 3037 3036 3039 
3 3039 3036 3038 
3 3039 3038 3040 
3 3040 3038 3062 
3 3040 3062 3041 
3 3041 3062 3063 
3 3041 3063 3042 
3 3042 3063 3043 
3 3042 3043 3044 
3 3044 3043 3045 
3 3044 3045 3162 
3 3162 3045 3046 
3 3162 3046 3163 
3 3163 3046 3066 
3 3163 3066 3165 
3 3165 3066 3047 
3 3165 3047 3167 
3 3167 3047 3068 
3 3167 3068 3169 
3 3169 3068 3070 
3 3169 3070 3170 
3 3170 3070 3072 
3 3170 3072 3048 
3 3048 3072 3073 
3 3048 3073 3049 
3 3049 3073 3051 
3 3049 3051 3050 
3 3050 3051 3052 
3 3050 3052 3173 
3 3173 3052 3076 
3 3173 3076 3174 
3 3174 3076 3078 
3 3174 3078 3175 
3 3175 3078 3079 
3 3175 3079 3177 
3 3177 3079 3080 
3 3177 3080 3178 
3 3178 3080 3081 
3 3178 3081 3053 
3 3053 3081 3083 
3 3053 3083 3180 
3 3180 3083 3054 
3 3180 3054 3055 
3 3055 3054 3056 
3 3055 3056 1033 
3 3057 4131 3058 
3 3058 4131 3007 
3 3058 3007 3034 
3 3034 3007 3009 
3 3034 3009 3059 
3 3059 3009 3010 
3 3059 3010 3036 
3 3036 3010 3060 
3 3036 3060 3038 
3 3038 3060 3061 
3 3038 3061 3062 
3 3062 3061 3064 
3 3062 3064 3063 
3 3063 3064 3065 
3 3063 3065 3043 
3 3043 3065 3012 
3 3043 3012 3045 
3 3045 3012 3013 
3 3045 3013 3046 
3 3046 3013 3015 
3 3046 3015 3066 
3 3066 3015 3067 
3 3066 3067 3047 
3 3047 3067 3069 
3 3047 3069 3068 
3 3068 3069 3019 
3 3068 3019 3070 
3 3070 3019 3071 
3 3070 3071 3072 
3 3072 3071 3020 
3 3072 3020 3073 
3 3073 3020 3074 
3 3073 3074 3051 
3 3051 3074 3022 
3 3051 3022 3052 
3 3052 3022 3075 
3 3052 3075 3076 
3 3076 3075 3077 
3 3076 3077 3078 
3 3078 3077 3024 
3 3078 3024 3079 
3 3079 3024 3025 
3 3079 3025 3080 
3 3080 3025 3026 
3 3080 3026 3081 
3 3081 3026 3082 
3 3081 3082 3083 
3 3083 3082 3028 
3 3083 3028 3054 
3 3054 3028 3084 
3 3054 3084 2386 
3 2439 4612 3008 
3 3008 4612 2437 
3 3008 2437 3085 
3 3085 2437 2965 
3 3085 2965 3086 
3 3086 2965 2966 
3 3086 2966 3087 
3 3087 2966 2968 
3 3087 2968 3011 
3 3011 2968 2970 
3 3011 2970 3088 
3 3088 2970 2971 
3 3088 2971 3089 
3 3089 2971 2972 
3 3089 2972 3014 
3 3014 2972 3090 
3 3014 3090 3091 
3 3091 3090 2974 
3 3091 2974 3016 
3 3016 2974 3092 
3 3016 3092 3017 
3 3017 3092 2975 
3 3017 2975 3018 
3 3018 2975 3093 
3 3018 3093 3094 
3 3094 3093 2979 
3 3094 2979 3095 
3 3095 2979 3096 
3 3095 3096 3021 
3 3021 3096 2981 
3 3021 2981 3097 
3 3097 2981 2982 
3 3097 2982 3098 
3 3098 2982 2984 
3 3098 2984 3023 
3 3023 2984 3100 
3 3023 3100 3099 
3 3099 3100 3102 
3 3099 3102 3101 
3 3101 3102 3103 
3 3101 3103 3104 
3 3104 3103 3105 
3 3104 3105 3027 
3 3027 3105 2987 
3 3027 2987 3029 
3 3029 2987 3106 
3 3029 3106 996 
3 4608 4607 2304 
3 2304 4607 2905 
3 2304 2905 3107 
3 3107 2905 3108 
3 3107 3108 2944 
3 2944 3108 3109 
3 2944 3109 2946 
3 2946 3109 3111 
3 2946 3111 3110 
3 3110 3111 2909 
3 3110 2909 2948 
3 2948 2909 2912 
3 2948 2912 3112 
3 3112 2912 3113 
3 3112 3113 2949 
3 2949 3113 3114 
3 2949 3114 2951 
3 2951 3114 3116 
3 2951 3116 3115 
3 3115 3116 2915 
3 3115 2915 3117 
3 3117 2915 2916 
3 3117 2916 2953 
3 2953 2916 3118 
3 2953 3118 2954 
3 2954 3118 2918 
3 2954 2918 3119 
3 3119 2918 2920 
3 3119 2920 2957 
3 2957 2920 2922 
3 2957 2922 3120 
3 3120 2922 3121 
3 3120 3121 2960 
3 2960 3121 3122 
3 2960 3122 3123 
3 3123 3122 3124 
3 3123 3124 2962 
3 2962 3124 989 
3 2962 989 995 
3 3125 3126 2555 
3 2555 3126 1849 
3 2555 1849 3127 
3 3127 1849 3128 
3 3127 3128 3154 
3 3154 3128 1846 
3 3154 1846 2189 
3 3129 3130 2670 
3 2670 3130 2358 
3 2670 2358 3131 
3 3131 2358 2704 
3 3131 2704 2672 
3 2672 2704 3132 
3 2672 3132 2675 
3 2675 3132 3133 
3 2675 3133 3134 
3 3134 3133 2709 
3 3134 2709 2676 
3 2676 2709 2710 
3 2676 2710 3135 
3 3135 2710 2712 
3 3135 2712 2678 
3 2678 2712 2715 
3 2678 2715 2679 
3 2679 2715 3137 
3 2679 3137 3136 
3 3136 3137 2716 
3 3136 2716 2681 
3 2681 2716 3138 
3 2681 3138 2683 
3 2683 3138 3139 
3 2683 3139 3140 
3 3140 3139 3141 
3 3140 3141 2685 
3 2685 3141 2720 
3 2685 2720 3142 
3 3142 2720 2722 
3 3142 2722 3143 
3 3143 2722 2723 
3 3143 2723 3144 
3 3144 2723 2724 
3 3144 2724 3145 
3 3145 2724 2725 
3 3145 2725 2688 
3 2688 2725 3146 
3 2688 3146 2689 
3 2689 3146 3147 
3 2689 3147 2690 
3 2690 3147 3148 
3 2690 3148 2691 
3 2691 3148 3149 
3 2691 3149 3151 
3 3151 3149 3150 
3 3151 3150 3152 
3 3152 3150 2556 
3 3152 2556 3153 
3 3153 2556 3154 
3 3153 3154 2693 
3 2693 3154 2189 
3 2693 2189 2188 
3 4125 2302 2442 
3 2442 2302 3032 
3 2442 3032 3155 
3 3155 3032 3033 
3 3155 3033 3156 
3 3156 3033 3035 
3 3156 3035 2456 
3 2456 3035 3037 
3 2456 3037 3157 
3 3157 3037 3039 
3 3157 3039 3158 
3 3158 3039 3040 
3 3158 3040 2452 
3 2452 3040 3041 
3 2452 3041 3159 
3 3159 3041 3042 
3 3159 3042 3160 
3 3160 3042 3044 
3 3160 3044 2450 
3 2450 3044 3162 
3 2450 3162 3161 
3 3161 3162 3163 
3 3161 3163 3164 
3 3164 3163 3165 
3 3164 3165 3166 
3 3166 3165 3167 
3 3166 3167 3168 
3 3168 3167 3169 
3 3168 3169 2651 
3 2651 3169 3170 
3 2651 3170 3171 
3 3171 3170 3048 
3 3171 3048 2606 
3 2606 3048 3049 
3 2606 3049 2600 
3 2600 3049 3050 
3 2600 3050 3172 
3 3172 3050 3173 
3 3172 3173 2598 
3 2598 3173 3174 
3 2598 3174 2597 
3 2597 3174 3175 
3 2597 3175 3176 
3 3176 3175 3177 
3 3176 3177 2596 
3 2596 3177 3178 
3 2596 3178 2593 
3 2593 3178 3053 
3 2593 3053 2592 
3 2592 3053 3180 
3 2592 3180 3179 
3 3179 3180 3055 
3 3179 3055 2384 
3 2384 3055 1047 
3 2384 1047 2385 
3 4798 3181 3182 
3 942 4826 3216 
3 4798 3182 3183 
3 3183 3182 3184 
3 3183 3184 3185 
3 3184 969 3185 
3 3185 969 3187 
3 3185 3187 3186 
3 3187 967 3186 
3 3186 967 3188 
3 3186 3188 3189 
3 3188 966 3189 
3 3189 966 3190 
3 3189 3190 3191 
3 3190 964 3191 
3 3191 964 962 
3 3191 962 3193 
3 962 3192 3193 
3 3193 3192 961 
3 3193 961 3194 
3 961 960 3194 
3 3194 960 958 
3 3194 958 3196 
3 958 957 3196 
3 3196 957 3195 
3 3196 3195 3198 
3 3195 955 3198 
3 3198 955 3197 
3 3198 3197 3199 
3 3197 954 3199 
3 3199 954 953 
3 3199 953 3200 
3 953 952 3200 
3 3200 952 3201 
3 3200 3201 3202 
3 3201 950 3202 
3 3202 950 3204 
3 3202 3204 3203 
3 3204 948 3203 
3 3203 948 3205 
3 3203 3205 3207 
3 3205 3206 3207 
3 3207 3206 947 
3 3207 947 3208 
3 947 3209 3208 
3 3208 3209 3210 
3 3208 3210 3212 
3 3210 3211 3212 
3 3212 3211 945 
3 3212 945 3213 
3 945 3214 3213 
3 3213 3214 3215 
3 3213 3215 3216 
3 3216 3215 943 
3 3216 943 942 
3 4826 942 3217 
3 3181 4798 4797 
3 4826 3217 4828 
3 4828 3217 3219 
3 4828 3219 3218 
3 3219 3220 3218 
3 3218 3220 3221 
3 3218 3221 4829 
3 3221 939 4829 
3 4829 939 3222 
3 4829 3222 3223 
3 3222 938 3223 
3 3223 938 3224 
3 3223 3224 4833 
3 3224 3225 4833 
3 4833 3225 937 
3 4833 937 3226 
3 937 3227 3226 
3 3226 3227 935 
3 3226 935 4835 
3 935 934 4835 
3 4835 934 3228 
3 4835 3228 3230 
3 3228 3229 3230 
3 3230 3229 3231 
3 3230 3231 3232 
3 3231 932 3232 
3 3232 932 931 
3 3232 931 4787 
3 931 3233 4787 
3 4787 3233 3234 
3 4787 3234 4788 
3 3234 930 4788 
3 4788 930 3235 
3 4788 3235 4790 
3 3235 3236 4790 
3 4790 3236 928 
3 4790 928 3238 
3 928 927 3238 
3 3238 927 3237 
3 3238 3237 4792 
3 3237 926 4792 
3 4792 926 3239 
3 4792 3239 3240 
3 3239 924 3240 
3 3240 924 3241 
3 3240 3241 4793 
3 3241 3242 4793 
3 4793 3242 3243 
3 4793 3243 4794 
3 3243 922 4794 
3 4794 922 3244 
3 4794 3244 4797 
3 4797 3244 3245 
3 4797 3245 3181 
3 4866 3246 3247 
3 4866 3247 4864 
3 976 4869 977 
3 977 4869 4870 
3 3249 3248 4870 
3 4870 3248 1011 
3 4870 1011 977 
3 4882 1009 3249 
3 3249 1009 1008 
3 3249 1008 3248 
3 4881 3250 4882 
3 4882 3250 3251 
3 4882 3251 1009 
3 4879 1006 4881 
3 4881 1006 1004 
3 4881 1004 3250 
3 4878 3252 4879 
3 4879 3252 1007 
3 4879 1007 1006 
3 3254 1001 4878 
3 4878 1001 1003 
3 4878 1003 3252 
3 4877 3253 3254 
3 3254 3253 1000 
3 3254 1000 1001 
3 4875 3257 4877 
3 4877 3257 999 
3 4877 999 3253 
3 3255 3256 4875 
3 4875 3256 1012 
3 4875 1012 3257 
3 3258 3260 3255 
3 3255 3260 1207 
3 3255 1207 3256 
3 3261 1194 3258 
3 3258 1194 3259 
3 3258 3259 3260 
3 4845 1191 3261 
3 3261 1191 3262 
3 3261 3262 1194 
3 3264 3263 4845 
3 4845 3263 1192 
3 4845 1192 1191 
3 4851 1189 3264 
3 3264 1189 3265 
3 3264 3265 3263 
3 4850 3269 4851 
3 4851 3269 3266 
3 4851 3266 1189 
3 4844 3267 4850 
3 4850 3267 3268 
3 4850 3268 3269 
3 3247 1185 4864 
3 4864 1185 3270 
3 4864 3270 4844 
3 4844 3270 1186 
3 4844 1186 3267 
3 3271 3317 3316 
3 5863 8828 3341 
3 5058 5056 3272 
3 3272 5056 5061 
3 3272 5061 5060 
3 5060 5086 3272 
3 3272 5086 5084 
3 3272 5084 5083 
3 5083 5043 3272 
3 3272 5043 3273 
3 3272 3273 5042 
3 5044 5055 3275 
3 3275 5055 3274 
3 3275 3274 5170 
3 5170 5088 3275 
3 3275 5088 3276 
3 3275 3276 3272 
3 3272 3276 5059 
3 3272 5059 5058 
3 3278 3277 3281 
3 3281 3277 1357 
3 3278 5053 3277 
3 3277 5053 3279 
3 3277 3279 3275 
3 3275 3279 3280 
3 3275 3280 5044 
3 5167 5138 1357 
3 5138 5049 1357 
3 1357 5049 5052 
3 1357 5052 3281 
3 3285 3282 3283 
3 3283 3282 5165 
3 3283 5165 1357 
3 1357 5165 5048 
3 1357 5048 5167 
3 4905 3284 1355 
3 1355 3284 5164 
3 1355 5164 3283 
3 3283 5164 5047 
3 3283 5047 3285 
3 4901 3286 3287 
3 3286 4904 3287 
3 3287 4904 3288 
3 3287 3288 1353 
3 1353 3288 3289 
3 1353 3289 1355 
3 1355 3289 3290 
3 1355 3290 4905 
3 3291 4889 3287 
3 3287 4889 4903 
3 3287 4903 4901 
3 5003 5004 1351 
3 1351 5004 3292 
3 1351 3292 3287 
3 3287 3292 4900 
3 3287 4900 3291 
3 4899 1350 3293 
3 3293 1350 3294 
3 4899 4942 1350 
3 1350 4942 3295 
3 1350 3295 1351 
3 1351 3295 4968 
3 1351 4968 5003 
3 3343 3296 3297 
3 3297 5013 3343 
3 3343 5013 5012 
3 3343 5012 4891 
3 4891 4892 3343 
3 3343 4892 4894 
3 3343 4894 4893 
3 4893 5015 3343 
3 3343 5015 3298 
3 3343 3298 4896 
3 4896 3299 3343 
3 3343 3299 3300 
3 3343 3300 1350 
3 1350 3300 4890 
3 1350 4890 3294 
3 8504 8502 3301 
3 3301 8502 1345 
3 1343 3305 3301 
3 3301 3305 3302 
3 3301 3302 8504 
3 3308 3303 1343 
3 1343 3303 3304 
3 1343 3304 3305 
3 3306 3307 3308 
3 3308 3307 3309 
3 3308 3309 3303 
3 8484 8483 3310 
3 3310 8483 8482 
3 3310 8482 3306 
3 3306 8482 8480 
3 3306 8480 3307 
3 8484 3310 8468 
3 8468 3310 1371 
3 8468 1371 3311 
3 3311 1371 8467 
3 8467 1371 3312 
3 8467 3312 8464 
3 8464 3312 3313 
3 3313 3312 3314 
3 3313 3314 8459 
3 8412 8462 3318 
3 3318 8462 8461 
3 3318 8461 3314 
3 3314 8461 3315 
3 3314 3315 8459 
3 3316 3317 3318 
3 3318 3317 8413 
3 3318 8413 8412 
3 3271 3316 8928 
3 8928 3316 3319 
3 8928 3319 3320 
3 3320 3319 3321 
3 3321 3319 1369 
3 3321 1369 3322 
3 3323 3324 1369 
3 1369 3324 8887 
3 1369 8887 3322 
3 1368 3325 3323 
3 3323 3325 3326 
3 3323 3326 3324 
3 3328 3330 1368 
3 1368 3330 3327 
3 1368 3327 3325 
3 1364 3329 3328 
3 3328 3329 8881 
3 3328 8881 3330 
3 3337 3331 3332 
3 3332 3331 3333 
3 3332 3333 1364 
3 1364 3333 8883 
3 1364 8883 3329 
3 3334 8874 1361 
3 1361 8874 3335 
3 1361 3335 1362 
3 1362 3335 3336 
3 1362 3336 3332 
3 3332 3336 8875 
3 3332 8875 3337 
3 8789 3338 3339 
3 3339 3338 8849 
3 3339 8849 1360 
3 1360 8849 8861 
3 1360 8861 1361 
3 1361 8861 3340 
3 1361 3340 3334 
3 5042 5863 3272 
3 3272 5863 3341 
3 3272 3341 3339 
3 3339 3341 8826 
3 3339 8826 8789 
3 7138 3296 8648 
3 8648 3296 3343 
3 8648 3343 3342 
3 3342 3343 1348 
3 3344 8555 1348 
3 1348 8555 3345 
3 1348 3345 3342 
3 3347 3346 3344 
3 3344 3346 8510 
3 3344 8510 8555 
3 8502 8500 1345 
3 1345 8500 8506 
3 1345 8506 3347 
3 3347 8506 8509 
3 3347 8509 3346 
3 4846 5214 3348 
3 4846 3348 3349 
3 3349 3348 3350 
3 3349 3350 3351 
3 3351 3350 5217 
3 3351 5217 4857 
3 4857 5217 5216 
3 4857 5216 4855 
3 4855 5216 3352 
3 4855 3352 3353 
3 3353 3352 5215 
3 3353 5215 3354 
3 3354 5215 3355 
3 3354 3355 3356 
3 3356 3355 6029 
3 3356 6029 4838 
3 3359 8401 3357 
3 3357 8401 3358 
3 3357 3358 8398 
3 8398 8395 3357 
3 3357 8395 8393 
3 3357 8393 1377 
3 7112 3359 3360 
3 3360 3359 3357 
3 3360 3357 5214 
3 5214 3357 3361 
3 3394 4854 3393 
3 4856 3362 3392 
3 3392 3362 3363 
3 3412 5334 3377 
3 3364 3375 3365 
3 3365 3375 3366 
3 3365 3366 3367 
3 3367 3366 3370 
3 3368 3369 3378 
3 3378 3369 3370 
3 3371 5333 3372 
3 3372 5333 3373 
3 3372 3373 3380 
3 5329 3405 5331 
3 5331 3405 3380 
3 5331 3380 3374 
3 3374 3380 3373 
3 3364 5325 3375 
3 3375 5325 5324 
3 3375 5324 3372 
3 3372 5324 3376 
3 3372 3376 3371 
3 3411 3412 3378 
3 3378 3412 3377 
3 3378 3377 3368 
3 3370 3366 3378 
3 3378 3366 1467 
3 3378 1467 3411 
3 3405 3407 1456 
3 1456 3379 3405 
3 3405 3379 3381 
3 3405 3381 3380 
3 3380 3381 1459 
3 3380 1459 3372 
3 1459 1461 3372 
3 3372 1461 1463 
3 3372 1463 3375 
3 3375 1463 3382 
3 3375 3382 3366 
3 3366 3382 1466 
3 3366 1466 1467 
3 1482 4856 1483 
3 1483 4856 3392 
3 1483 3392 3383 
3 3383 3392 3391 
3 3383 3391 3384 
3 3385 3398 3386 
3 3386 1475 3385 
3 3385 1475 1477 
3 3385 1477 3387 
3 3387 1477 3388 
3 3387 3388 3402 
3 3402 3388 1479 
3 3390 3389 3391 
3 3391 3389 3402 
3 3391 3402 3384 
3 3384 3402 1479 
3 3390 3391 5321 
3 5321 3391 3392 
3 5321 3392 3393 
3 3393 3392 3363 
3 3393 3363 3394 
3 3397 3395 3398 
3 3398 3395 3396 
3 3398 3396 3416 
3 3397 3398 3399 
3 3399 3398 3385 
3 3399 3385 3400 
3 3400 3385 3387 
3 3400 3387 3401 
3 3389 5322 3402 
3 3402 5322 3403 
3 3402 3403 3387 
3 3387 3403 5320 
3 3387 5320 3401 
3 3407 3408 1456 
3 1456 3408 3514 
3 1456 3514 1455 
3 1455 3514 1453 
3 5329 3404 3405 
3 3405 3404 3406 
3 3405 3406 3407 
3 3407 3406 5225 
3 3407 5225 3408 
3 3408 5225 3410 
3 3408 3410 3409 
3 3409 3410 5351 
3 3411 1469 3412 
3 3412 1469 3413 
3 3412 3413 3416 
3 3416 3413 3414 
3 3416 3414 3398 
3 3398 3414 1473 
3 3398 1473 3386 
3 3396 5362 3416 
3 3416 5362 3415 
3 3416 3415 3412 
3 3412 3415 3417 
3 3412 3417 5334 
3 7332 1392 3418 
3 3419 3484 3426 
3 3497 5244 3495 
3 3481 3420 3482 
3 3477 5248 3476 
3 3455 3421 3452 
3 3453 3472 3471 
3 3467 5443 3469 
3 5441 3422 3468 
3 3468 3422 3467 
3 3423 5247 3484 
3 3484 5247 3424 
3 3484 3424 3426 
3 3426 3424 3425 
3 3426 3425 3481 
3 5251 5250 3428 
3 3428 5250 5246 
3 5251 3428 3427 
3 3427 3428 3429 
3 3427 3429 5238 
3 5238 3429 3430 
3 3430 3429 3457 
3 3430 3457 3431 
3 3431 3457 3432 
3 3432 3457 3459 
3 3432 3459 5229 
3 5244 5243 3495 
3 3495 5243 3433 
3 3495 3433 3459 
3 3459 3433 3434 
3 3459 3434 5229 
3 3498 3496 3437 
3 3437 3496 3435 
3 3462 3436 3435 
3 3435 3436 5235 
3 3435 5235 3437 
3 3463 5496 3462 
3 3462 5496 5236 
3 3462 5236 3436 
3 5218 3438 3439 
3 3439 3438 3440 
3 3439 3440 3463 
3 3463 3440 3441 
3 3463 3441 5496 
3 3442 3506 3443 
3 3443 3506 3444 
3 3465 5223 3444 
3 3444 5223 3445 
3 3444 3445 3443 
3 3450 3446 3465 
3 3465 3446 3447 
3 3465 3447 5223 
3 3513 5339 3448 
3 3448 5339 3449 
3 3448 3449 3450 
3 3450 3449 3451 
3 3450 3451 3446 
3 3409 5351 3512 
3 3421 3453 3452 
3 3452 3453 3471 
3 3452 3471 3456 
3 3456 3471 3454 
3 5248 3455 3476 
3 3476 3455 3452 
3 3476 3452 3475 
3 3475 3452 3456 
3 3482 3480 3483 
3 3428 3485 3488 
3 3428 3488 3429 
3 3429 3488 3489 
3 3429 3489 3457 
3 3457 3489 3458 
3 3457 3458 3459 
3 3459 3458 3460 
3 3459 3460 3495 
3 3496 3494 3499 
3 3496 3499 3435 
3 3435 3499 3461 
3 3435 3461 3462 
3 3462 3461 3502 
3 3462 3502 3463 
3 3463 3502 3505 
3 3463 3505 3439 
3 3506 3504 3508 
3 3506 3508 3444 
3 3444 3508 3510 
3 3444 3510 3465 
3 3465 3510 3464 
3 3465 3464 3450 
3 3450 3464 3466 
3 3450 3466 3448 
3 3467 3469 3468 
3 3468 3469 9027 
3 3468 9027 3418 
3 3418 9027 9033 
3 3418 9033 7332 
3 1392 3470 3418 
3 3418 3470 3454 
3 3418 3454 3468 
3 3468 3454 3471 
3 3468 3471 5441 
3 5441 3471 3472 
3 3470 1395 3454 
3 3454 1395 3473 
3 3454 3473 3456 
3 3456 3473 3474 
3 3456 3474 3475 
3 3475 3474 1398 
3 1398 1401 3475 
3 3475 1401 3480 
3 3475 3480 3476 
3 3476 3480 3482 
3 3476 3482 3477 
3 3477 3482 3420 
3 1401 3478 3480 
3 3480 3478 3479 
3 3480 3479 3483 
3 3483 3479 1406 
3 3483 1406 1407 
3 3481 3482 3426 
3 3426 3482 3483 
3 3426 3483 3419 
3 3419 3483 1407 
3 3419 1407 1408 
3 1408 3486 3419 
3 3419 3486 3485 
3 3419 3485 3484 
3 3484 3485 3428 
3 3484 3428 3423 
3 3423 3428 5246 
3 3486 1411 3485 
3 3485 1411 3487 
3 3485 3487 3488 
3 3488 3487 1414 
3 3488 1414 3489 
3 3489 1414 3492 
3 1421 3460 3490 
3 3490 3460 3458 
3 3490 3458 1419 
3 1419 3458 3489 
3 1419 3489 3491 
3 3491 3489 3492 
3 1421 3493 3460 
3 3460 3493 3494 
3 3460 3494 3495 
3 3495 3494 3496 
3 3495 3496 3497 
3 3497 3496 3498 
3 3493 1424 3494 
3 3494 1424 1426 
3 3494 1426 3499 
3 3499 1426 3500 
3 3499 3500 3461 
3 3461 3500 1429 
3 1435 3505 3501 
3 3501 3505 3502 
3 3501 3502 1432 
3 1432 3502 3461 
3 1432 3461 3503 
3 3503 3461 1429 
3 1435 1436 3505 
3 3505 1436 3504 
3 3505 3504 3439 
3 3439 3504 3506 
3 3439 3506 5218 
3 5218 3506 3442 
3 1436 3507 3504 
3 3504 3507 3509 
3 3504 3509 3508 
3 3508 3509 1439 
3 3508 1439 3510 
3 3510 1439 3511 
3 3511 1442 3510 
3 3510 1442 1444 
3 3510 1444 3464 
3 3464 1444 1446 
3 3464 1446 3466 
3 3466 1446 1449 
3 3466 1449 1451 
3 3512 3513 3409 
3 3409 3513 3448 
3 3409 3448 3408 
3 3408 3448 3466 
3 3408 3466 3514 
3 3514 3466 1451 
3 3514 1451 1453 
3 3558 5534 3515 
3 3515 5534 3516 
3 3515 3516 3518 
3 3518 3516 3517 
3 3518 3517 1516 
3 1516 3517 3519 
3 1516 3519 3520 
3 3520 3519 3521 
3 3520 3521 1517 
3 1517 3521 5531 
3 1517 5531 3522 
3 3522 5531 5529 
3 3522 5529 1485 
3 1485 5529 3523 
3 1485 3523 1486 
3 1486 3523 3524 
3 1486 3524 1488 
3 1488 3524 5528 
3 1488 5528 3525 
3 3525 5528 5526 
3 3525 5526 3526 
3 3526 5526 3527 
3 3526 3527 1490 
3 1490 3527 5525 
3 1490 5525 1492 
3 1492 5525 3528 
3 1492 3528 1493 
3 1493 3528 5521 
3 1493 5521 3529 
3 3529 5521 3530 
3 3529 3530 1496 
3 1496 3530 3531 
3 1496 3531 3532 
3 3532 3531 3533 
3 3532 3533 3534 
3 3534 3533 3535 
3 3534 3535 3537 
3 3537 3535 3536 
3 3537 3536 1499 
3 1499 3536 3538 
3 1499 3538 3539 
3 3539 3538 5515 
3 3539 5515 3540 
3 3540 5515 3542 
3 3540 3542 3541 
3 3541 3542 3543 
3 3541 3543 3544 
3 3544 3543 3545 
3 3544 3545 1504 
3 1504 3545 3546 
3 1504 3546 3547 
3 3547 3546 3549 
3 3547 3549 3548 
3 3548 3549 5512 
3 3548 5512 3550 
3 3550 5512 3551 
3 3550 3551 1507 
3 1507 3551 3552 
3 1507 3552 1508 
3 1508 3552 3553 
3 1508 3553 3554 
3 3554 3553 5509 
3 3554 5509 3555 
3 3555 5509 5507 
3 3555 5507 3556 
3 3556 5507 5538 
3 3556 5538 1512 
3 1512 5538 5536 
3 1512 5536 3557 
3 3557 5536 3559 
3 3557 3559 3558 
3 3558 3559 5534 
3 11013 11108 11105 
3 11013 11105 11014 
3 11014 11105 11106 
3 11014 11106 3560 
3 3560 11106 3561 
3 3560 3561 3562 
3 3562 3561 1519 
3 3562 1519 11015 
3 11108 11013 11109 
3 11109 11013 3563 
3 11109 3563 11111 
3 3563 3564 11111 
3 11111 3564 11010 
3 11111 11010 3566 
3 3566 11010 3565 
3 3566 3565 3568 
3 3568 3565 3567 
3 3568 3567 11112 
3 11112 3567 3571 
3 11112 3571 3569 
3 3569 3571 3570 
3 3570 3571 3572 
3 3570 3572 11093 
3 3581 3573 3574 
3 3574 3573 3575 
3 3574 3575 11008 
3 11008 3575 3576 
3 11008 3576 11009 
3 11009 3576 11093 
3 11009 11093 3577 
3 3577 11093 3572 
3 3578 3579 3581 
3 3581 3579 3580 
3 3581 3580 3573 
3 3578 11026 3579 
3 3579 11026 11024 
3 3579 11024 3582 
3 3582 11024 3583 
3 3582 3583 5540 
3 7850 5994 7847 
3 7847 5994 3584 
3 7847 3584 7848 
3 7848 3584 3585 
3 7848 3585 3586 
3 3586 3585 3588 
3 3586 3588 3587 
3 3587 3588 3589 
3 3588 3590 3589 
3 3589 3590 5996 
3 3589 5996 3591 
3 3591 5996 3592 
3 5996 3593 3592 
3 3592 3593 3594 
3 3592 3594 3596 
3 3596 3594 3595 
3 3595 5991 3596 
3 3596 5991 5990 
3 3596 5990 3597 
3 5990 3598 3597 
3 3597 3598 6016 
3 3597 6016 3599 
3 6016 5184 3599 
3 3599 5184 3600 
3 3599 3600 3601 
3 3600 3602 3601 
3 3601 3602 3603 
3 3601 3603 3604 
3 3603 3605 3604 
3 3604 3605 5186 
3 3604 5186 3606 
3 3606 5186 7842 
3 7842 5186 5180 
3 7842 5180 7833 
3 7833 5180 3608 
3 7833 3608 3607 
3 3607 3608 7835 
3 7835 3608 3609 
3 7835 3609 7836 
3 3610 3627 3624 
3 7035 7798 7033 
3 7033 7798 7797 
3 3614 3615 3611 
3 3611 3615 7038 
3 3611 7038 3612 
3 3612 7038 7037 
3 3612 7037 7797 
3 7797 7037 3613 
3 7797 3613 7033 
3 7795 7040 3614 
3 3614 7040 7039 
3 3614 7039 3615 
3 7045 7044 7803 
3 7803 7044 3616 
3 7803 3616 3617 
3 3617 3616 7043 
3 3617 7043 3618 
3 3618 7043 7042 
3 3618 7042 7795 
3 7795 7042 7041 
3 7795 7041 7040 
3 3619 7801 3620 
3 3619 3620 3622 
3 3622 3620 8391 
3 3622 8391 8390 
3 8390 3621 3622 
3 3622 3621 7046 
3 3622 7046 7803 
3 7803 7046 3623 
3 7803 3623 7045 
3 3610 3624 7801 
3 7801 3624 7066 
3 7801 7066 3620 
3 3625 7069 3626 
3 3626 7069 7068 
3 3626 7068 3627 
3 3627 7068 7067 
3 3627 7067 3624 
3 3626 7800 3625 
3 3625 7800 7799 
3 3625 7799 3628 
3 3628 7799 7070 
3 7807 7806 7071 
3 7799 3629 7070 
3 7070 3629 7807 
3 7070 7807 3630 
3 3630 7807 7071 
3 7806 7805 7071 
3 7071 7805 3631 
3 7071 3631 7072 
3 7072 3631 7073 
3 3631 7811 7073 
3 7073 7811 3632 
3 7073 3632 3633 
3 7864 7338 7344 
3 7864 7344 7863 
3 7863 7344 7346 
3 7863 7346 3634 
3 3634 7346 7582 
3 3634 7582 3635 
3 3635 7582 7591 
3 3635 7591 3636 
3 7591 7585 3636 
3 3636 7585 3637 
3 3636 3637 7866 
3 3637 3638 7866 
3 7866 3638 3639 
3 7866 3639 7867 
3 3639 3640 7867 
3 7867 3640 3641 
3 7867 3641 3642 
3 3641 3643 3642 
3 3642 3643 7515 
3 3642 7515 3644 
3 7515 3645 3644 
3 3644 3645 3646 
3 3644 3646 7868 
3 3646 3647 7868 
3 7868 3647 7528 
3 7868 7528 3648 
3 7528 7526 3648 
3 3648 7526 3649 
3 3648 3649 7869 
3 7869 3649 3650 
3 3650 3649 7524 
3 3650 7524 7860 
3 7860 7524 3651 
3 7860 3651 3652 
3 7339 5561 8146 
3 7339 8146 3653 
3 3653 8146 3654 
3 3653 3654 7345 
3 7345 3654 3655 
3 7345 3655 3656 
3 3656 3655 7347 
3 7347 3655 3657 
3 7347 3657 7340 
3 7340 3657 7341 
3 7341 3657 3658 
3 7341 3658 7342 
3 7342 3658 3660 
3 3660 3658 3659 
3 3660 3659 7580 
3 7580 3659 7581 
3 7581 3659 3661 
3 7581 3661 7589 
3 7589 3661 7590 
3 7590 3661 8158 
3 7590 8158 3662 
3 3662 8158 3663 
3 3663 8158 3664 
3 3663 3664 7570 
3 7570 3664 3665 
3 3665 3664 8157 
3 3665 8157 7577 
3 7577 8157 8130 
3 7577 8130 7576 
3 7576 8130 3666 
3 7576 3666 3667 
3 3667 3666 5562 
3 3667 5562 7374 
3 3668 8186 8132 
3 3668 8132 3669 
3 3669 8132 8131 
3 3669 8131 3670 
3 3670 8131 3671 
3 3670 3671 7384 
3 7384 3671 7385 
3 7385 3671 8129 
3 7385 8129 3672 
3 3672 8129 7363 
3 7363 8129 3673 
3 7363 3673 7364 
3 7364 3673 7575 
3 7575 3673 3674 
3 7575 3674 3675 
3 3675 3674 7569 
3 7569 3674 3676 
3 7569 3676 7593 
3 7593 3676 7517 
3 7517 3676 3677 
3 7517 3677 7518 
3 7518 3677 3678 
3 3678 3677 3680 
3 3678 3680 7519 
3 7519 3680 3679 
3 3679 3680 3681 
3 3679 3681 7530 
3 7530 3681 3682 
3 7530 3682 7354 
3 7354 3682 8154 
3 7354 8154 7353 
3 7353 8154 5565 
3 7353 5565 5564 
3 7343 5566 3683 
3 7343 3683 3684 
3 3684 3683 8155 
3 3684 8155 3685 
3 3685 8155 3686 
3 3685 3686 3687 
3 3687 3686 7348 
3 7348 3686 8156 
3 7348 8156 7349 
3 7349 8156 3688 
3 3688 8156 8128 
3 3688 8128 3689 
3 3689 8128 3690 
3 3690 8128 3691 
3 3690 3691 7531 
3 7531 3691 7532 
3 7532 3691 8127 
3 7532 8127 3692 
3 3692 8127 7588 
3 7588 8127 3694 
3 7588 3694 7529 
3 7529 3694 3693 
3 3693 3694 8126 
3 3693 8126 3695 
3 3695 8126 7542 
3 7542 8126 8125 
3 7542 8125 7541 
3 7541 8125 3696 
3 7541 3696 3697 
3 3697 3696 8124 
3 3697 8124 7383 
3 7383 8124 5569 
3 7383 5569 5568 
3 3698 5570 8185 
3 3698 8185 3699 
3 3699 8185 8184 
3 3699 8184 3700 
3 3700 8184 3701 
3 3700 3701 3702 
3 3702 3701 3703 
3 3703 3701 8183 
3 3703 8183 3704 
3 3704 8183 3705 
3 3705 8183 8182 
3 3705 8182 3706 
3 3706 8182 7540 
3 7540 8182 8153 
3 7540 8153 3707 
3 3707 8153 7587 
3 7587 8153 8152 
3 7587 8152 7586 
3 7586 8152 3708 
3 3708 8152 3709 
3 3708 3709 7539 
3 7539 3709 3710 
3 3710 3709 3712 
3 3710 3712 3711 
3 3711 3712 3713 
3 3713 3712 3714 
3 3713 3714 7556 
3 7556 3714 8167 
3 7556 8167 7337 
3 7337 8167 3715 
3 7337 3715 7352 
3 7352 3715 5573 
3 7352 5573 5572 
3 5574 8166 3716 
3 5574 3716 3717 
3 3717 3716 8168 
3 3717 8168 3718 
3 3718 8168 3719 
3 3718 3719 3720 
3 3720 3719 3721 
3 3721 3719 3722 
3 3721 3722 7359 
3 7359 3722 3723 
3 3723 3722 3726 
3 3723 3726 3724 
3 3724 3726 3725 
3 3725 3726 3727 
3 3725 3727 3728 
3 3728 3727 7557 
3 7557 3727 3729 
3 7557 3729 3730 
3 3730 3729 7552 
3 7552 3729 8195 
3 7552 8195 7553 
3 7553 8195 7555 
3 7555 8195 8194 
3 7555 8194 3731 
3 3731 8194 3732 
3 3732 8194 3733 
3 3732 3733 3734 
3 3734 3733 3735 
3 3734 3735 7566 
3 7566 3735 8145 
3 7566 8145 7350 
3 7350 8145 3736 
3 7350 3736 7351 
3 7355 8204 8203 
3 7355 8203 3737 
3 3737 8203 3738 
3 3737 3738 7366 
3 7366 3738 3739 
3 7366 3739 7367 
3 7367 3739 7356 
3 7356 3739 3740 
3 7356 3740 7357 
3 7357 3740 7358 
3 7358 3740 3741 
3 7358 3741 3742 
3 3742 3741 3743 
3 3743 3741 3745 
3 3743 3745 3744 
3 3744 3745 7554 
3 7554 3745 3746 
3 7554 3746 7583 
3 7583 3746 3747 
3 3747 3746 3748 
3 3747 3748 7388 
3 7388 3748 3749 
3 3749 3748 3751 
3 3749 3751 3750 
3 3750 3751 7392 
3 7392 3751 3753 
3 7392 3753 3752 
3 3752 3753 3754 
3 3752 3754 3755 
3 3755 3754 8209 
3 3755 8209 3756 
3 3756 8209 8208 
3 3756 8208 3757 
3 5578 5580 3758 
3 5578 3758 7403 
3 7403 3758 8193 
3 7403 8193 7584 
3 7584 8193 8161 
3 7584 8161 3759 
3 3759 8161 3760 
3 3760 8161 3761 
3 3760 3761 3762 
3 3762 3761 3763 
3 3763 3761 3764 
3 3763 3764 7594 
3 7594 3764 7595 
3 7595 3764 3765 
3 7595 3765 7538 
3 7538 3765 3766 
3 3766 3765 3767 
3 3766 3767 3768 
3 3768 3767 3769 
3 3769 3767 8123 
3 3769 8123 7522 
3 7522 8123 3770 
3 3770 8123 3771 
3 3770 3771 7537 
3 7537 3771 7536 
3 7536 3771 3772 
3 7536 3772 3773 
3 3773 3772 3775 
3 3773 3775 3774 
3 3774 3775 3776 
3 3774 3776 7370 
3 7370 3776 8138 
3 7370 8138 5581 
3 5583 8139 8140 
3 5583 8140 3777 
3 3777 8140 3778 
3 3777 3778 7369 
3 7369 3778 3779 
3 7369 3779 3780 
3 3780 3779 3781 
3 3781 3779 3783 
3 3781 3783 7365 
3 7365 3783 3782 
3 3782 3783 3784 
3 3782 3784 3785 
3 3785 3784 3786 
3 3786 3784 8120 
3 3786 8120 7534 
3 7534 8120 7535 
3 7535 8120 3788 
3 7535 3788 7558 
3 7558 3788 3787 
3 3787 3788 3789 
3 3787 3789 7559 
3 7559 3789 7533 
3 7533 3789 3790 
3 7533 3790 7551 
3 7551 3790 7550 
3 7550 3790 3791 
3 7550 3791 3792 
3 3792 3791 8143 
3 3792 8143 7397 
3 7397 8143 8136 
3 7397 8136 3793 
3 3793 8136 5585 
3 3793 5585 5584 
3 5586 8137 3794 
3 5586 3794 3795 
3 3795 3794 8144 
3 3795 8144 7398 
3 7398 8144 3796 
3 7398 3796 7399 
3 7399 3796 3797 
3 3797 3796 3800 
3 3797 3800 3798 
3 3798 3800 3799 
3 3799 3800 8142 
3 3799 8142 3801 
3 3801 8142 3802 
3 3802 8142 3803 
3 3802 3803 7548 
3 7548 3803 7549 
3 7549 3803 3805 
3 7549 3805 7571 
3 7571 3805 3804 
3 3804 3805 3806 
3 3804 3806 7560 
3 7560 3806 7561 
3 7561 3806 8135 
3 7561 8135 7562 
3 7562 8135 3807 
3 3807 8135 3808 
3 3807 3808 7568 
3 7568 3808 3809 
3 7568 3809 7404 
3 7404 3809 8133 
3 7404 8133 7394 
3 7394 8133 3810 
3 7394 3810 7395 
3 3811 3812 3813 
3 3811 3813 7393 
3 7393 3813 3814 
3 7393 3814 3815 
3 3815 3814 3817 
3 3815 3817 3816 
3 3816 3817 3818 
3 3818 3817 8160 
3 3818 8160 3819 
3 3819 8160 3820 
3 3820 8160 3821 
3 3820 3821 7382 
3 7382 3821 3822 
3 3822 3821 3823 
3 3822 3823 7567 
3 7567 3823 7574 
3 7574 3823 3824 
3 7574 3824 7573 
3 7573 3824 7572 
3 7572 3824 3826 
3 7572 3826 3825 
3 3825 3826 3827 
3 3827 3826 3830 
3 3827 3830 3828 
3 3828 3830 3829 
3 3829 3830 3831 
3 3829 3831 7565 
3 7565 3831 3832 
3 7565 3832 3833 
3 3833 3832 8178 
3 3833 8178 7375 
3 7375 8178 8210 
3 7375 8210 7368 
3 3834 3835 8177 
3 3834 8177 3836 
3 3836 8177 3837 
3 3836 3837 7376 
3 7376 3837 3838 
3 7376 3838 7377 
3 7377 3838 3839 
3 3839 3838 8176 
3 3839 8176 3840 
3 3840 8176 3841 
3 3841 8176 3842 
3 3841 3842 3843 
3 3843 3842 7563 
3 7563 3842 8141 
3 7563 8141 7564 
3 7564 8141 3844 
3 3844 8141 8150 
3 3844 8150 3845 
3 3845 8150 7407 
3 7407 8150 3847 
3 7407 3847 3846 
3 3846 3847 7408 
3 7408 3847 3848 
3 7408 3848 3849 
3 3849 3848 3850 
3 3850 3848 3851 
3 3850 3851 7410 
3 7410 3851 8159 
3 7410 8159 7411 
3 7411 8159 8173 
3 7411 8173 7424 
3 7424 8173 8175 
3 7424 8175 7460 
3 7425 8174 3852 
3 7425 3852 7389 
3 7389 3852 3853 
3 7389 3853 7409 
3 7409 3853 3854 
3 7409 3854 7543 
3 7543 3854 7544 
3 7544 3854 3855 
3 7544 3855 7545 
3 7545 3855 7520 
3 7520 3855 8164 
3 7520 8164 7521 
3 7521 8164 3856 
3 3856 8164 8163 
3 3856 8163 7578 
3 7578 8163 3857 
3 3857 8163 8191 
3 3857 8191 7579 
3 7579 8191 7546 
3 7546 8191 3859 
3 7546 3859 3858 
3 3858 3859 3860 
3 3860 3859 3861 
3 3860 3861 7547 
3 7547 3861 3862 
3 3862 3861 3863 
3 3862 3863 3864 
3 3864 3863 3866 
3 3864 3866 3865 
3 3865 3866 8148 
3 3865 8148 3868 
3 3868 8148 3867 
3 3868 3867 5592 
3 3869 7893 7892 
3 3869 7892 6642 
3 6642 7892 7891 
3 6642 7891 6635 
3 6635 7891 3871 
3 6635 3871 3870 
3 3870 3871 6704 
3 6704 3871 3872 
3 6704 3872 6705 
3 6705 3872 3873 
3 3873 3872 3874 
3 3873 3874 3875 
3 3875 3874 6670 
3 6670 3874 3876 
3 6670 3876 6671 
3 6671 3876 3877 
3 3877 3876 3878 
3 3877 3878 6831 
3 6831 3878 6679 
3 6679 3878 7925 
3 6679 7925 6680 
3 6680 7925 6681 
3 6681 7925 3879 
3 6681 3879 6682 
3 6682 3879 3880 
3 3880 3879 7924 
3 3880 7924 6683 
3 6683 7924 7922 
3 6683 7922 6684 
3 6684 7922 3881 
3 6684 3881 3882 
3 3882 3881 3883 
3 3882 3883 5593 
3 3885 5546 3884 
3 3885 3884 3886 
3 3886 3884 7923 
3 3886 7923 3887 
3 3887 7923 7870 
3 3887 7870 6832 
3 6832 7870 6833 
3 6833 7870 3888 
3 6833 3888 6829 
3 6829 3888 6830 
3 6830 3888 3891 
3 6830 3891 3889 
3 3889 3891 3890 
3 3890 3891 3892 
3 3890 3892 3893 
3 3893 3892 3895 
3 3895 3892 3894 
3 3895 3894 6791 
3 6791 3894 6655 
3 6655 3894 3896 
3 6655 3896 6656 
3 6656 3896 6658 
3 6658 3896 3897 
3 6658 3897 6659 
3 6659 3897 3898 
3 3898 3897 3899 
3 3898 3899 6660 
3 6660 3899 3900 
3 6660 3900 3902 
3 3902 3900 3901 
3 3902 3901 3903 
3 3903 3901 7949 
3 3903 7949 6686 
3 6685 7948 3904 
3 6685 3904 6648 
3 6648 3904 3905 
3 6648 3905 6657 
3 6657 3905 3906 
3 6657 3906 6792 
3 6792 3906 3907 
3 3907 3906 7921 
3 3907 7921 6858 
3 6858 7921 3908 
3 3908 7921 7920 
3 3908 7920 3909 
3 3909 7920 3911 
3 3911 7920 3910 
3 3911 3910 3912 
3 3912 3910 3913 
3 3913 3910 3914 
3 3913 3914 3915 
3 3915 3914 3916 
3 3916 3914 7879 
3 3916 7879 6856 
3 6856 7879 6857 
3 6857 7879 7886 
3 6857 7886 6862 
3 6862 7886 3917 
3 3917 7886 3918 
3 3917 3918 3919 
3 3919 3918 7919 
3 3919 7919 6736 
3 6736 7919 3920 
3 6736 3920 6709 
3 6709 3920 7930 
3 6709 7930 6710 
3 6734 5548 7873 
3 6734 7873 3922 
3 3922 7873 3921 
3 3922 3921 3923 
3 3923 3921 3924 
3 3923 3924 6691 
3 6691 3924 3925 
3 3925 3924 3926 
3 3925 3926 6735 
3 6735 3926 6737 
3 6737 3926 7918 
3 6737 7918 6711 
3 6711 7918 6860 
3 6860 7918 3927 
3 6860 3927 3928 
3 3928 3927 6861 
3 6861 3927 3929 
3 6861 3929 6866 
3 6866 3929 3930 
3 3930 3929 7885 
3 3930 7885 3931 
3 3931 7885 3932 
3 3932 7885 3934 
3 3932 3934 6859 
3 6859 3934 3933 
3 3933 3934 7878 
3 3933 7878 3935 
3 3935 7878 7877 
3 3935 7877 6661 
3 6661 7877 7916 
3 6661 7916 6662 
3 6662 7916 3936 
3 6662 3936 3937 
3 6699 5549 3938 
3 6699 3938 3939 
3 3939 3938 7875 
3 3939 7875 3940 
3 3940 7875 7874 
3 3940 7874 6643 
3 6643 7874 3941 
3 3941 7874 3943 
3 3941 3943 3942 
3 3942 3943 3944 
3 3944 3943 3945 
3 3944 3945 3946 
3 3946 3945 3947 
3 3947 3945 7871 
3 3947 7871 6867 
3 6867 7871 6890 
3 6890 7871 3948 
3 6890 3948 3949 
3 3949 3948 3950 
3 3950 3948 7909 
3 3950 7909 6628 
3 6628 7909 6630 
3 6630 7909 7908 
3 6630 7908 6631 
3 6631 7908 6639 
3 6639 7908 3951 
3 6639 3951 6640 
3 6640 3951 3952 
3 6640 3952 3954 
3 3954 3952 3953 
3 3954 3953 3955 
3 3955 3953 5598 
3 3955 5598 5597 
3 3956 3957 3958 
3 3956 3958 3959 
3 3959 3958 7941 
3 3959 7941 6629 
3 6629 7941 3960 
3 6629 3960 3961 
3 3961 3960 3962 
3 3962 3960 7940 
3 3962 7940 6889 
3 6889 7940 6891 
3 6891 7940 3964 
3 6891 3964 3963 
3 3963 3964 6855 
3 6855 3964 7929 
3 6855 7929 3965 
3 3965 7929 3966 
3 3966 7929 7928 
3 3966 7928 3967 
3 3967 7928 3968 
3 3968 7928 7927 
3 3968 7927 3969 
3 3969 7927 6871 
3 6871 7927 7890 
3 6871 7890 6885 
3 6885 7890 6884 
3 6884 7890 7915 
3 6884 7915 3970 
3 3970 7915 7914 
3 3970 7914 6651 
3 6651 7914 3971 
3 6651 3971 6632 
3 6632 3971 7958 
3 6632 7958 6633 
3 6649 7957 3972 
3 6649 3972 3973 
3 3973 3972 7912 
3 3973 7912 6621 
3 6621 7912 3974 
3 6621 3974 6650 
3 6650 3974 6652 
3 6652 3974 7884 
3 6652 7884 3975 
3 3975 7884 6634 
3 6634 7884 3977 
3 6634 3977 3976 
3 3976 3977 3978 
3 3978 3977 7883 
3 3978 7883 3979 
3 3979 7883 3980 
3 3980 7883 7882 
3 3980 7882 6879 
3 6879 7882 3981 
3 3981 7882 7881 
3 3981 7881 6687 
3 6687 7881 6688 
3 6688 7881 7955 
3 6688 7955 3982 
3 3982 7955 6689 
3 6689 7955 3983 
3 6689 3983 3984 
3 3984 3983 7956 
3 3984 7956 3985 
3 3985 7956 7938 
3 3985 7938 6674 
3 6674 7938 3986 
3 6674 3986 6675 
3 3987 7939 7937 
3 3987 7937 6673 
3 6673 7937 3988 
3 6673 3988 3989 
3 3989 3988 3990 
3 3989 3990 6880 
3 6880 3990 3991 
3 3991 3990 3994 
3 3991 3994 3992 
3 3992 3994 3993 
3 3993 3994 3995 
3 3993 3995 6868 
3 6868 3995 3996 
3 3996 3995 3997 
3 3996 3997 6888 
3 6888 3997 3998 
3 3998 3997 7907 
3 3998 7907 6886 
3 6886 7907 6692 
3 6692 7907 3999 
3 6692 3999 6693 
3 6693 3999 4001 
3 4001 3999 4000 
3 4001 4000 6694 
3 6694 4000 4003 
3 4003 4000 4002 
3 4003 4002 4004 
3 4004 4002 7911 
3 4004 7911 6690 
3 6690 7911 7945 
3 6690 7945 4005 
3 4005 7945 7947 
3 4005 7947 4006 
3 4007 5552 7946 
3 4007 7946 4008 
3 4008 7946 4009 
3 4008 4009 4010 
3 4010 4009 4011 
3 4010 4011 4012 
3 4012 4011 4013 
3 4013 4011 7935 
3 4013 7935 4014 
3 4014 7935 4015 
3 4015 7935 4016 
3 4015 4016 6881 
3 6881 4016 6882 
3 6882 4016 4017 
3 6882 4017 6883 
3 6883 4017 4018 
3 4018 4017 4019 
3 4018 4019 4020 
3 4020 4019 4021 
3 4021 4019 7906 
3 4021 7906 6869 
3 6869 7906 6870 
3 6870 7906 7905 
3 6870 7905 4022 
3 4022 7905 6878 
3 6878 7905 4023 
3 6878 4023 6877 
3 6877 4023 7903 
3 6877 7903 6725 
3 6725 7903 4024 
3 6725 4024 6696 
3 6696 4024 4025 
3 6696 4025 5600 
3 5553 7944 7904 
3 5553 7904 6695 
3 6695 7904 4026 
3 6695 4026 6676 
3 6676 4026 4028 
3 6676 4028 4027 
3 4027 4028 4029 
3 4029 4028 4030 
3 4029 4030 6726 
3 6726 4030 6697 
3 6697 4030 4031 
3 6697 4031 4032 
3 4032 4031 6875 
3 6875 4031 4033 
3 6875 4033 6876 
3 6876 4033 6863 
3 6863 4033 7902 
3 6863 7902 6873 
3 6873 7902 4034 
3 4034 7902 4035 
3 4034 4035 4036 
3 4036 4035 4037 
3 4037 4035 7901 
3 4037 7901 6617 
3 6617 7901 6618 
3 6618 7901 7900 
3 6618 7900 6619 
3 6619 7900 7899 
3 6619 7899 6620 
3 6620 7899 4038 
3 6620 4038 6614 
3 6614 4038 4039 
3 6614 4039 5601 
3 4040 7952 7898 
3 4040 7898 4041 
3 4041 7898 4042 
3 4041 4042 6872 
3 6872 4042 7897 
3 6872 7897 6874 
3 6874 7897 4043 
3 4043 7897 4045 
3 4043 4045 4044 
3 4044 4045 4046 
3 4046 4045 7896 
3 4046 7896 4047 
3 4047 7896 6864 
3 6864 7896 4048 
3 6864 4048 4049 
3 4049 4048 4050 
3 4050 4048 4052 
3 4050 4052 6865 
3 6865 4052 4051 
3 4051 4052 4053 
3 4051 4053 4054 
3 4054 4053 4055 
3 4055 4053 4057 
3 4055 4057 4056 
3 4056 4057 4058 
3 4058 4057 4059 
3 4058 4059 4060 
3 4060 4059 7887 
3 4060 7887 6638 
3 6638 7887 4061 
3 6638 4061 4062 
3 4062 4061 7888 
3 4062 7888 6623 
3 6637 5554 7942 
3 6637 7942 6622 
3 6622 7942 4063 
3 6622 4063 4064 
3 4064 4063 4065 
3 4064 4065 4066 
3 4066 4065 4067 
3 4067 4065 4069 
3 4067 4069 4068 
3 4068 4069 4070 
3 4070 4069 4072 
3 4070 4072 4071 
3 4071 4072 4073 
3 4073 4072 4074 
3 4073 4074 6765 
3 6765 4074 6767 
3 6767 4074 4075 
3 6767 4075 6800 
3 6800 4075 6613 
3 6613 4075 4078 
3 6613 4078 4076 
3 4076 4078 4077 
3 4077 4078 4081 
3 4077 4081 4079 
3 4079 4081 4080 
3 4080 4081 7880 
3 4080 7880 4082 
3 4082 7880 4083 
3 4082 4083 4084 
3 4084 4083 4085 
3 4084 4085 6612 
3 6612 4085 5604 
3 6612 5604 5603 
3 7785 5606 7783 
3 7783 5606 4086 
3 7783 4086 4087 
3 4087 4086 6804 
3 4087 6804 4088 
3 4088 6804 6803 
3 4088 6803 7775 
3 7775 6803 4089 
3 7775 4089 4091 
3 4089 4090 4091 
3 4091 4090 6793 
3 4091 6793 4093 
3 6793 4092 4093 
3 4093 4092 4094 
3 4093 4094 7776 
3 4094 6764 7776 
3 7776 6764 4095 
3 7776 4095 4096 
3 4095 6766 4096 
3 4096 6766 4097 
3 4096 4097 7778 
3 4097 6782 7778 
3 7778 6782 6781 
3 7778 6781 4099 
3 6781 4098 4099 
3 4099 4098 4100 
3 4099 4100 4101 
3 4100 6802 4101 
3 4101 6802 6801 
3 4101 6801 7779 
3 7779 6801 6611 
3 7779 6611 4102 
3 4102 6611 7780 
3 7780 6611 5557 
3 7780 5557 7781 
3 4621 4623 4590 
3 2432 2890 4703 
3 2414 4636 4637 
3 2410 2412 4541 
3 4478 4657 4658 
3 4538 4539 4104 
3 4103 5640 4613 
3 4104 4539 5638 
3 5653 4105 4571 
3 4548 4547 4416 
3 4106 4738 4739 
3 4378 4376 4401 
3 4107 4109 4108 
3 4108 4109 5616 
3 4673 4238 4324 
3 4299 4298 4200 
3 4723 4722 4214 
3 4198 4197 4158 
3 4113 2394 4111 
3 4487 4110 4111 
3 4111 4110 4112 
3 4111 4112 4113 
3 4114 4115 4582 
3 4582 4115 4852 
3 4114 4506 4871 
3 4871 4506 4454 
3 4871 4454 4116 
3 4116 4454 4455 
3 4116 4455 4117 
3 4117 4455 4457 
3 4117 4457 4118 
3 4118 4457 4119 
3 4119 4457 4120 
3 4119 4120 4872 
3 4872 4120 4121 
3 4872 4121 4873 
3 4873 4121 4122 
3 4873 4122 4874 
3 4874 4122 4123 
3 4874 4123 4862 
3 2440 4128 2439 
3 2439 4128 4124 
3 2439 4124 4612 
3 3031 2302 4126 
3 4126 2302 4125 
3 4126 4125 4145 
3 3031 4126 2441 
3 2441 4126 4129 
3 2441 4129 3057 
3 2440 4127 4128 
3 4128 4127 4130 
3 4128 4130 4129 
3 4129 4130 4131 
3 4129 4131 3057 
3 4725 4132 4133 
3 4725 4133 4134 
3 4133 2472 4134 
3 4134 2472 4135 
3 4134 4135 4141 
3 1628 1631 4136 
3 4136 1631 4137 
3 4136 4137 4138 
3 1628 4136 1629 
3 1629 4136 4139 
3 1629 4139 4140 
3 4140 4139 4143 
3 4140 4143 4144 
3 4135 2443 4141 
3 4141 2443 1625 
3 4141 1625 4142 
3 4142 1625 1627 
3 4142 1627 4143 
3 4143 1627 2068 
3 4143 2068 4144 
3 4125 4146 4145 
3 4145 4146 4147 
3 4145 4147 4725 
3 4725 4147 4148 
3 4725 4148 4132 
3 4137 4149 4138 
3 4138 4149 4150 
3 4138 4150 4152 
3 4152 4150 1635 
3 1638 4151 1633 
3 1633 4151 4152 
3 1633 4152 1634 
3 1634 4152 1635 
3 4716 4153 1640 
3 1638 4154 4151 
3 4151 4154 4155 
3 4151 4155 4153 
3 4153 4155 1636 
3 4153 1636 1640 
3 4715 4163 4156 
3 4715 4156 4157 
3 1644 1649 4237 
3 1646 4158 4159 
3 4159 4158 4157 
3 4159 4157 4160 
3 4160 4157 4156 
3 1640 4161 4716 
3 4716 4161 4162 
3 4716 4162 4715 
3 4715 4162 1641 
3 4715 1641 4163 
3 4164 4235 4174 
3 4174 4165 4164 
3 4164 4165 4166 
3 4164 4166 4168 
3 4172 4167 4170 
3 4170 4167 2089 
3 4170 2089 4234 
3 4166 1652 4168 
3 4168 1652 4169 
3 4168 4169 4170 
3 4170 4169 4171 
3 4170 4171 4172 
3 1649 4173 4237 
3 4237 4173 1648 
3 4237 1648 4235 
3 4235 1648 1651 
3 4235 1651 4174 
3 1541 1540 4176 
3 2089 4175 4234 
3 4234 4175 2256 
3 4234 2256 1541 
3 1541 4176 4234 
3 4234 4176 5760 
3 4234 5760 4177 
3 4178 4223 4179 
3 4179 4223 4224 
3 4179 4224 4286 
3 4286 4224 4226 
3 4180 4178 4677 
3 4677 4178 4179 
3 4677 4179 4675 
3 4675 4179 4286 
3 4675 4286 4284 
3 5765 4181 4186 
3 4186 4181 4187 
3 4236 4182 4183 
3 4183 4182 4184 
3 4183 4184 4222 
3 4222 4184 4186 
3 4222 4186 4185 
3 4185 4186 4187 
3 4185 4187 4188 
3 4214 4722 4212 
3 4212 4722 4721 
3 4212 4721 4210 
3 4210 4721 4720 
3 4210 4720 4189 
3 4189 4720 4719 
3 4189 4719 4190 
3 4190 4719 4191 
3 4190 4191 4205 
3 4205 4191 4192 
3 4205 4192 4204 
3 4204 4192 4718 
3 4204 4718 4193 
3 4193 4718 4194 
3 4193 4194 4195 
3 4195 4194 4717 
3 4195 4717 4201 
3 4201 4717 4714 
3 4201 4714 4196 
3 4196 4714 4197 
3 4196 4197 4199 
3 4199 4197 4198 
3 4199 4198 4200 
3 4201 4233 4195 
3 4195 4233 4202 
3 4195 4202 4193 
3 4193 4202 4203 
3 4193 4203 4204 
3 4204 4203 4206 
3 4204 4206 4205 
3 4205 4206 4207 
3 4205 4207 4190 
3 4190 4207 4208 
3 4190 4208 4189 
3 4189 4208 4209 
3 4189 4209 4210 
3 4210 4209 4211 
3 4210 4211 4212 
3 4212 4211 4213 
3 4212 4213 4214 
3 4214 4213 4225 
3 4214 4225 4723 
3 4723 4225 4724 
3 4220 4221 4215 
3 4215 4221 4216 
3 4215 4216 4757 
3 4757 4216 4217 
3 4757 4217 4218 
3 4218 4217 4219 
3 4218 4219 5762 
3 4200 4298 4199 
3 4199 4298 4296 
3 4199 4296 4196 
3 4196 4296 4295 
3 4196 4295 4201 
3 4201 4295 4293 
3 4201 4293 4233 
3 4755 4236 4220 
3 4220 4236 4183 
3 4220 4183 4221 
3 4221 4183 4222 
3 4221 4222 4216 
3 4216 4222 4185 
3 4216 4185 4217 
3 4217 4185 4188 
3 4217 4188 4219 
3 4223 4724 4224 
3 4224 4724 4225 
3 4224 4225 4226 
3 4226 4225 4213 
3 4226 4213 4227 
3 4227 4213 4211 
3 4227 4211 4287 
3 4287 4211 4209 
3 4287 4209 4228 
3 4228 4209 4208 
3 4228 4208 4288 
3 4288 4208 4207 
3 4288 4207 4229 
3 4229 4207 4206 
3 4229 4206 4230 
3 4230 4206 4203 
3 4230 4203 4231 
3 4231 4203 4202 
3 4231 4202 4232 
3 4232 4202 4233 
3 4232 4233 4291 
3 4291 4233 4293 
3 4177 5765 4234 
3 4234 5765 4186 
3 4234 4186 4170 
3 4170 4186 4184 
3 4170 4184 4168 
3 4168 4184 4182 
3 4168 4182 4164 
3 4164 4182 4236 
3 4164 4236 4235 
3 4235 4236 4755 
3 4235 4755 4237 
3 4238 4284 4285 
3 4672 4673 4388 
3 4239 4271 4240 
3 4240 4271 4241 
3 4240 4241 4674 
3 4674 4241 4242 
3 4674 4242 4676 
3 4676 4242 4243 
3 4676 4243 4244 
3 4244 4243 4780 
3 4244 4780 4678 
3 4245 5634 4246 
3 5630 4245 4262 
3 4262 4245 4246 
3 4262 4246 4263 
3 4263 4246 4768 
3 4263 4768 4247 
3 4247 4768 4248 
3 4247 4248 4266 
3 4266 4248 4249 
3 4266 4249 4268 
3 4268 4249 4250 
3 4268 4250 4251 
3 4251 4250 4766 
3 4251 4766 4270 
3 4270 4766 4252 
3 4270 4252 4778 
3 4778 4252 4764 
3 4253 4255 4254 
3 4254 4255 4781 
3 4254 4781 4269 
3 4269 4781 4782 
3 4269 4782 4267 
3 4267 4782 4256 
3 4267 4256 4265 
3 4265 4256 4257 
3 4265 4257 4264 
3 4264 4257 4783 
3 4264 4783 4258 
3 4258 4783 4259 
3 4258 4259 4261 
3 4281 4260 4784 
3 4784 4260 5633 
3 4784 5633 5632 
3 4785 5630 4261 
3 4261 5630 4262 
3 4261 4262 4258 
3 4258 4262 4263 
3 4258 4263 4264 
3 4264 4263 4247 
3 4264 4247 4265 
3 4265 4247 4266 
3 4265 4266 4267 
3 4267 4266 4268 
3 4267 4268 4269 
3 4269 4268 4251 
3 4269 4251 4254 
3 4254 4251 4270 
3 4254 4270 4253 
3 4253 4270 4778 
3 4281 4271 4280 
3 4280 4271 4239 
3 4280 4239 4671 
3 4272 4273 4274 
3 4274 4273 4275 
3 4274 4275 4669 
3 4275 5624 4669 
3 4669 5624 5623 
3 4669 5623 4276 
3 4276 5623 4277 
3 4276 4277 4278 
3 4277 4279 4278 
3 4278 4279 5627 
3 4278 5627 4671 
3 4671 5627 5629 
3 4671 5629 4280 
3 4280 5629 4282 
3 4280 4282 4281 
3 4281 4282 4283 
3 4281 4283 4260 
3 4284 4286 4285 
3 4285 4286 4226 
3 4285 4226 4304 
3 4304 4226 4227 
3 4304 4227 4305 
3 4305 4227 4287 
3 4305 4287 4307 
3 4307 4287 4228 
3 4307 4228 4308 
3 4308 4228 4288 
3 4308 4288 4289 
3 4289 4288 4229 
3 4289 4229 4290 
3 4290 4229 4230 
3 4290 4230 4311 
3 4311 4230 4231 
3 4311 4231 4313 
3 4313 4231 4232 
3 4313 4232 4314 
3 4314 4232 4291 
3 4314 4291 4292 
3 4292 4291 4293 
3 4292 4293 4294 
3 4294 4293 4295 
3 4294 4295 4317 
3 4317 4295 4296 
3 4317 4296 4297 
3 4297 4296 4298 
3 4297 4298 4320 
3 4320 4298 4299 
3 4320 4299 4300 
3 4300 4299 4756 
3 4300 4756 4301 
3 4301 4756 4758 
3 4301 4758 4321 
3 4321 4758 4759 
3 4321 4759 4302 
3 4759 5815 4383 
3 4238 4285 4324 
3 4324 4285 4304 
3 4324 4304 4303 
3 4303 4304 4305 
3 4303 4305 4306 
3 4306 4305 4307 
3 4306 4307 4327 
3 4327 4307 4308 
3 4327 4308 4309 
3 4309 4308 4289 
3 4309 4289 4330 
3 4330 4289 4290 
3 4330 4290 4310 
3 4310 4290 4311 
3 4310 4311 4312 
3 4312 4311 4313 
3 4312 4313 4332 
3 4332 4313 4314 
3 4332 4314 4315 
3 4315 4314 4292 
3 4315 4292 4333 
3 4333 4292 4294 
3 4333 4294 4316 
3 4316 4294 4317 
3 4316 4317 4318 
3 4318 4317 4297 
3 4318 4297 4319 
3 4319 4297 4320 
3 4319 4320 4338 
3 4338 4320 4300 
3 4338 4300 4339 
3 4339 4300 4301 
3 4339 4301 4341 
3 4341 4301 4321 
3 4341 4321 4322 
3 4322 4321 4302 
3 4322 4302 4323 
3 4673 4324 4388 
3 4388 4324 4303 
3 4388 4303 4325 
3 4325 4303 4306 
3 4325 4306 4326 
3 4326 4306 4327 
3 4326 4327 4390 
3 4390 4327 4309 
3 4390 4309 4328 
3 4328 4309 4330 
3 4328 4330 4329 
3 4329 4330 4310 
3 4329 4310 4393 
3 4393 4310 4312 
3 4393 4312 4331 
3 4331 4312 4332 
3 4331 4332 4394 
3 4394 4332 4315 
3 4394 4315 4395 
3 4395 4315 4333 
3 4395 4333 4334 
3 4334 4333 4316 
3 4334 4316 4335 
3 4335 4316 4318 
3 4335 4318 4336 
3 4336 4318 4319 
3 4336 4319 4337 
3 4337 4319 4338 
3 4337 4338 4398 
3 4398 4338 4339 
3 4398 4339 4340 
3 4340 4339 4341 
3 4340 4341 4400 
3 4400 4341 4322 
3 4400 4322 4402 
3 4402 4322 4323 
3 4402 4323 4403 
3 4364 4661 4397 
3 4397 4661 4342 
3 4397 4342 4343 
3 4343 4342 4662 
3 4343 4662 4396 
3 4396 4662 4344 
3 4396 4344 4345 
3 4345 4344 4665 
3 4345 4665 4346 
3 4346 4665 4666 
3 4346 4666 4347 
3 4347 4666 4667 
3 4347 4667 4348 
3 4348 4667 4349 
3 4348 4349 4392 
3 4392 4349 4350 
3 4392 4350 4391 
3 4391 4350 4351 
3 4391 4351 4352 
3 4352 4351 4670 
3 4352 4670 4353 
3 4353 4670 4354 
3 4353 4354 4389 
3 4389 4354 4355 
3 4389 4355 4387 
3 4387 4355 4672 
3 4664 4356 4357 
3 4357 4356 4358 
3 4357 4358 4405 
3 4108 5617 4107 
3 4107 5617 4359 
3 4107 4359 4360 
3 4360 4359 4361 
3 4360 4361 4663 
3 4663 4361 4362 
3 4663 4362 4664 
3 4664 4362 5618 
3 4664 5618 4356 
3 4375 4377 4399 
3 4399 4377 4363 
3 4399 4363 4364 
3 4364 4363 4365 
3 4364 4365 4661 
3 4378 4401 4366 
3 4366 4401 4367 
3 4366 4367 4368 
3 4368 4367 4369 
3 4368 4369 5780 
3 4377 4379 4382 
3 4374 4370 4371 
3 4372 4374 4373 
3 4373 4374 4371 
3 4373 4371 4754 
3 4754 4371 4380 
3 4379 4380 4382 
3 4382 4380 4371 
3 4382 4371 5613 
3 5613 4371 4370 
3 4375 4376 4377 
3 4377 4376 4378 
3 4377 4378 4379 
3 4379 4378 4366 
3 4379 4366 4380 
3 4380 4366 4368 
3 4380 4368 4754 
3 4754 4368 5780 
3 5613 4381 4382 
3 4382 4381 5612 
3 4382 5612 4377 
3 4377 5612 5611 
3 4377 5611 4363 
3 4363 5611 5609 
3 4363 5609 4365 
3 4365 5609 5614 
3 4759 4383 4302 
3 4302 4383 4384 
3 4302 4384 4323 
3 4323 4384 4385 
3 4323 4385 4403 
3 4403 4385 4386 
3 4403 4386 5766 
3 4672 4388 4387 
3 4387 4388 4325 
3 4387 4325 4389 
3 4389 4325 4326 
3 4389 4326 4353 
3 4353 4326 4390 
3 4353 4390 4352 
3 4352 4390 4328 
3 4352 4328 4391 
3 4391 4328 4329 
3 4391 4329 4392 
3 4392 4329 4393 
3 4392 4393 4348 
3 4348 4393 4331 
3 4348 4331 4347 
3 4347 4331 4394 
3 4347 4394 4346 
3 4346 4394 4395 
3 4346 4395 4345 
3 4345 4395 4334 
3 4345 4334 4396 
3 4396 4334 4335 
3 4396 4335 4343 
3 4343 4335 4336 
3 4343 4336 4397 
3 4397 4336 4337 
3 4397 4337 4364 
3 4364 4337 4398 
3 4364 4398 4399 
3 4399 4398 4340 
3 4399 4340 4375 
3 4375 4340 4400 
3 4375 4400 4376 
3 4376 4400 4402 
3 4376 4402 4401 
3 4401 4402 4403 
3 4401 4403 4367 
3 4367 4403 5766 
3 4367 5766 4369 
3 4358 4404 4405 
3 4405 4404 5619 
3 4405 5619 4668 
3 4668 5619 5622 
3 4668 5622 4272 
3 4272 5622 4406 
3 4272 4406 4273 
3 4547 4106 4407 
3 4557 4548 4423 
3 4106 4739 4407 
3 4407 4739 4408 
3 4407 4408 4417 
3 4417 4408 4741 
3 4417 4741 4409 
3 4409 4741 4743 
3 4409 4743 4419 
3 4419 4743 4410 
3 4419 4410 4411 
3 4411 4410 4744 
3 4411 4744 4412 
3 4412 4744 4413 
3 4412 4413 4421 
3 4421 4413 4746 
3 4421 4746 4414 
3 4414 4746 4747 
3 4414 4747 4415 
3 4547 4407 4416 
3 4416 4407 4417 
3 4416 4417 4425 
3 4425 4417 4409 
3 4425 4409 4418 
3 4418 4409 4419 
3 4418 4419 4427 
3 4427 4419 4411 
3 4427 4411 4420 
3 4420 4411 4412 
3 4420 4412 4430 
3 4430 4412 4421 
3 4430 4421 4422 
3 4422 4421 4414 
3 4422 4414 4432 
3 4432 4414 4415 
3 4432 4415 4434 
3 4548 4416 4423 
3 4423 4416 4425 
3 4423 4425 4424 
3 4424 4425 4418 
3 4424 4418 4426 
3 4426 4418 4427 
3 4426 4427 4428 
3 4428 4427 4420 
3 4428 4420 4429 
3 4429 4420 4430 
3 4429 4430 4445 
3 4445 4430 4422 
3 4445 4422 4431 
3 4431 4422 4432 
3 4431 4432 4433 
3 4433 4432 4434 
3 4433 4434 4751 
3 4767 4435 4436 
3 4436 4435 4440 
3 4436 4440 4437 
3 4437 4440 4438 
3 4437 4438 4765 
3 4765 4438 4441 
3 4765 4441 4776 
3 4776 4441 4439 
3 4435 4475 4440 
3 4440 4475 4473 
3 4440 4473 4438 
3 4438 4473 4472 
3 4438 4472 4441 
3 4441 4472 4442 
3 4441 4442 4439 
3 4439 4442 4470 
3 4557 4423 4443 
3 4443 4423 4424 
3 4443 4424 4560 
3 4560 4424 4426 
3 4560 4426 4561 
3 4561 4426 4428 
3 4561 4428 4562 
3 4562 4428 4429 
3 4562 4429 4444 
3 4444 4429 4445 
3 4444 4445 4565 
3 4565 4445 4431 
3 4565 4431 4567 
3 4567 4431 4433 
3 4567 4433 4568 
3 4568 4433 4751 
3 4568 4751 4569 
3 4508 4509 4453 
3 4453 4509 4446 
3 4453 4446 4456 
3 4456 4446 4447 
3 4456 4447 4458 
3 4458 4447 4448 
3 4458 4448 4459 
3 4459 4448 4449 
3 4459 4449 4450 
3 4450 4449 4512 
3 4450 4512 4460 
3 4460 4512 4451 
3 4460 4451 4514 
3 4571 4511 4572 
3 4883 4862 4452 
3 4452 4862 4123 
3 4452 4123 4461 
3 4506 4508 4454 
3 4454 4508 4453 
3 4454 4453 4455 
3 4455 4453 4456 
3 4455 4456 4457 
3 4457 4456 4458 
3 4457 4458 4120 
3 4120 4458 4459 
3 4120 4459 4121 
3 4121 4459 4450 
3 4121 4450 4122 
3 4122 4450 4460 
3 4122 4460 4123 
3 4123 4460 4514 
3 4123 4514 4461 
3 4461 4514 4516 
3 4529 4468 4528 
3 4528 4468 4462 
3 4528 4462 4527 
3 4527 4462 5654 
3 4532 5651 4463 
3 4463 5651 5650 
3 4463 5650 4464 
3 5650 4465 4464 
3 4464 4465 5648 
3 4464 5648 4467 
3 4467 5648 4466 
3 4467 4466 4529 
3 4529 4466 5652 
3 4529 5652 4468 
3 4571 4105 4511 
3 4511 4105 5660 
3 4511 5660 4513 
3 4513 5660 5658 
3 4513 5658 4515 
3 4653 4470 4469 
3 4469 4470 4442 
3 4469 4442 4471 
3 4471 4442 4472 
3 4471 4472 4655 
3 4655 4472 4473 
3 4655 4473 4474 
3 4474 4473 4475 
3 4474 4475 4656 
3 4656 4475 4435 
3 4656 4435 4659 
3 4659 4435 4767 
3 4659 4767 4660 
3 4482 4479 4615 
3 4104 5644 4538 
3 4538 5644 5643 
3 4538 5643 4536 
3 4536 5643 4483 
3 4536 4483 4535 
3 4658 4477 4476 
3 4476 4477 4769 
3 4658 4476 4478 
3 4478 4476 4763 
3 4478 4763 4657 
3 4657 4763 5636 
3 4657 5636 4713 
3 4103 4479 4480 
3 4480 4479 4482 
3 4480 4482 4481 
3 4481 4482 4712 
3 4483 5645 4535 
3 4535 5645 4484 
3 4535 4484 4534 
3 4534 4484 4485 
3 4534 4485 4532 
3 4532 4485 5647 
3 4532 5647 5651 
3 2409 4549 2408 
3 2408 4549 4489 
3 2408 4489 4486 
3 4486 4489 4490 
3 4487 4488 4110 
3 4110 4488 2405 
3 4110 2405 4489 
3 4489 2405 2407 
3 4489 2407 4490 
3 4517 4112 4491 
3 4491 4112 4110 
3 4491 4110 4492 
3 4492 4110 4489 
3 4492 4489 4493 
3 4493 4489 4549 
3 4493 4549 4520 
3 2411 4494 4550 
3 4550 4494 4540 
3 2416 4601 4495 
3 4495 4601 4496 
3 4495 4496 4497 
3 4497 4496 2415 
3 2417 4599 4600 
3 4501 4596 2421 
3 2421 4596 4597 
3 2417 4498 4599 
3 4599 4498 4499 
3 4599 4499 4597 
3 4597 4499 2422 
3 4597 2422 2421 
3 2416 2420 4601 
3 4601 2420 2418 
3 4601 2418 4600 
3 4600 2418 4500 
3 4600 4500 2417 
3 4501 2427 4596 
3 4596 2427 4502 
3 4596 4502 4594 
3 4578 4503 4519 
3 4519 4503 4581 
3 4519 4581 4518 
3 4518 4581 4583 
3 4518 4583 4504 
3 4504 4583 4505 
3 4504 4505 4517 
3 4114 4582 4506 
3 4506 4582 4507 
3 4506 4507 4508 
3 4508 4507 4580 
3 4508 4580 4509 
3 4509 4580 4579 
3 4509 4579 4446 
3 4446 4579 4577 
3 4446 4577 4447 
3 4447 4577 4576 
3 4447 4576 4448 
3 4448 4576 4510 
3 4448 4510 4449 
3 4449 4510 4572 
3 4449 4572 4512 
3 4512 4572 4511 
3 4512 4511 4451 
3 4451 4511 4513 
3 4451 4513 4514 
3 4514 4513 4515 
3 4514 4515 4516 
3 4517 4491 4504 
3 4504 4491 4492 
3 4504 4492 4518 
3 4518 4492 4493 
3 4518 4493 4519 
3 4519 4493 4520 
3 4519 4520 4578 
3 4578 4520 4551 
3 4578 4551 4521 
3 4521 4551 4522 
3 4521 4522 4523 
3 4523 4522 4524 
3 4523 4524 4575 
3 4575 4524 4525 
3 4575 4525 4574 
3 4574 4525 4526 
3 4574 4526 4573 
3 4573 4526 4555 
3 4573 4555 4527 
3 4527 4555 4556 
3 4527 4556 4528 
3 4528 4556 4558 
3 4528 4558 4529 
3 4529 4558 4559 
3 4529 4559 4467 
3 4467 4559 4530 
3 4467 4530 4464 
3 4464 4530 4531 
3 4464 4531 4463 
3 4463 4531 4563 
3 4463 4563 4532 
3 4532 4563 4533 
3 4532 4533 4534 
3 4534 4533 4564 
3 4534 4564 4535 
3 4535 4564 4566 
3 4535 4566 4536 
3 4536 4566 4570 
3 4536 4570 4538 
3 4538 4570 4537 
3 4538 4537 4539 
3 4540 2410 4550 
3 4550 2410 4541 
3 4550 4541 4542 
3 4542 4541 4543 
3 4542 4543 4544 
3 4544 4543 4736 
3 4544 4736 4552 
3 4552 4736 4738 
3 4552 4738 4545 
3 4545 4738 4106 
3 4545 4106 4546 
3 4546 4106 4547 
3 4546 4547 4553 
3 4553 4547 4548 
3 4553 4548 4554 
3 4554 4548 4557 
3 2409 2411 4549 
3 4549 2411 4550 
3 4549 4550 4520 
3 4520 4550 4542 
3 4520 4542 4551 
3 4551 4542 4544 
3 4551 4544 4522 
3 4522 4544 4552 
3 4522 4552 4524 
3 4524 4552 4545 
3 4524 4545 4525 
3 4525 4545 4546 
3 4525 4546 4526 
3 4526 4546 4553 
3 4526 4553 4555 
3 4555 4553 4554 
3 4555 4554 4556 
3 4556 4554 4557 
3 4556 4557 4558 
3 4558 4557 4443 
3 4558 4443 4559 
3 4559 4443 4560 
3 4559 4560 4530 
3 4530 4560 4561 
3 4530 4561 4531 
3 4531 4561 4562 
3 4531 4562 4563 
3 4563 4562 4444 
3 4563 4444 4533 
3 4533 4444 4565 
3 4533 4565 4564 
3 4564 4565 4567 
3 4564 4567 4566 
3 4566 4567 4568 
3 4566 4568 4570 
3 4570 4568 4569 
3 4570 4569 4537 
3 5654 5653 4527 
3 4527 5653 4571 
3 4527 4571 4573 
3 4573 4571 4572 
3 4573 4572 4574 
3 4574 4572 4510 
3 4574 4510 4575 
3 4575 4510 4576 
3 4575 4576 4523 
3 4523 4576 4577 
3 4523 4577 4521 
3 4521 4577 4579 
3 4521 4579 4578 
3 4578 4579 4580 
3 4578 4580 4503 
3 4503 4580 4507 
3 4503 4507 4581 
3 4581 4507 4582 
3 4581 4582 4583 
3 4583 4582 4852 
3 4583 4852 4505 
3 4502 2426 4594 
3 4594 2426 4584 
3 4594 4584 4587 
3 4591 4593 2429 
3 4584 4585 4587 
3 4587 4585 4586 
3 4587 4586 4593 
3 4593 4586 2428 
3 4593 2428 2429 
3 2431 4588 4734 
3 4651 4589 4771 
3 2433 4590 2434 
3 2434 4590 4591 
3 2434 4591 2430 
3 2430 4591 2429 
3 4590 4623 4591 
3 4591 4623 4592 
3 4591 4592 4593 
3 4593 4592 4626 
3 4593 4626 4587 
3 4587 4626 4627 
3 4587 4627 4594 
3 4594 4627 4629 
3 4594 4629 4596 
3 4596 4629 4595 
3 4596 4595 4597 
3 4597 4595 4598 
3 4597 4598 4599 
3 4599 4598 4632 
3 4599 4632 4600 
3 4600 4632 4633 
3 4600 4633 4601 
3 4601 4633 4635 
3 4601 4635 4496 
3 4588 4602 4734 
3 4734 4602 4603 
3 4734 4603 4733 
3 4733 4603 2906 
3 4733 2906 4731 
3 2906 2435 4731 
3 4731 2435 4604 
3 4731 4604 4729 
3 4729 4604 2436 
3 4605 4727 4606 
3 4606 4727 4728 
3 4606 4728 4609 
3 2436 4607 4729 
3 4729 4607 4608 
3 4729 4608 4728 
3 4728 4608 2943 
3 4728 2943 4609 
3 4605 4610 4727 
3 4727 4610 2438 
3 4727 2438 4124 
3 4124 2438 4611 
3 4124 4611 4612 
3 4103 4613 4479 
3 4479 4613 4614 
3 4479 4614 4615 
3 4615 4614 4649 
3 4615 4649 4616 
3 4616 4649 4617 
3 4616 4617 4708 
3 4708 4617 4647 
3 4708 4647 4618 
3 4618 4647 4619 
3 4618 4619 4706 
3 4706 4619 4620 
3 4706 4620 4705 
3 4705 4620 4622 
3 4705 4622 4621 
3 4621 4622 4623 
3 4623 4622 4624 
3 4623 4624 4592 
3 4592 4624 4625 
3 4592 4625 4626 
3 4626 4625 4628 
3 4626 4628 4627 
3 4627 4628 4643 
3 4627 4643 4629 
3 4629 4643 4641 
3 4629 4641 4595 
3 4595 4641 4630 
3 4595 4630 4598 
3 4598 4630 4631 
3 4598 4631 4632 
3 4632 4631 4634 
3 4632 4634 4633 
3 4633 4634 4639 
3 4633 4639 4635 
3 4636 2415 4637 
3 4637 2415 4496 
3 4637 4496 4735 
3 4735 4496 4635 
3 4735 4635 4737 
3 4737 4635 4639 
3 4737 4639 4638 
3 4638 4639 4634 
3 4638 4634 4740 
3 4740 4634 4631 
3 4740 4631 4640 
3 4640 4631 4630 
3 4640 4630 4742 
3 4742 4630 4641 
3 4742 4641 4642 
3 4642 4641 4643 
3 4642 4643 4644 
3 4644 4643 4628 
3 4644 4628 4745 
3 4745 4628 4625 
3 4745 4625 4645 
3 4645 4625 4624 
3 4645 4624 4748 
3 4748 4624 4622 
3 4748 4622 4749 
3 4749 4622 4620 
3 4749 4620 4750 
3 4750 4620 4619 
3 4750 4619 4752 
3 4752 4619 4647 
3 4752 4647 4646 
3 4646 4647 4617 
3 4646 4617 4648 
3 4648 4617 4649 
3 4648 4649 4753 
3 4753 4649 4614 
3 4753 4614 4650 
3 4650 4614 4613 
3 4650 4613 5639 
3 5639 4613 5640 
3 2890 4651 4703 
3 4703 4651 4771 
3 4703 4771 4704 
3 4704 4771 4772 
3 4704 4772 4652 
3 4652 4772 4775 
3 4652 4775 4707 
3 4707 4775 4653 
3 4707 4653 4654 
3 4654 4653 4469 
3 4654 4469 4709 
3 4709 4469 4471 
3 4709 4471 4710 
3 4710 4471 4655 
3 4710 4655 4711 
3 4711 4655 4474 
3 4711 4474 4713 
3 4713 4474 4656 
3 4713 4656 4657 
3 4657 4656 4659 
3 4657 4659 4658 
3 4658 4659 4660 
3 4658 4660 4477 
3 5614 5616 4365 
3 4365 5616 4109 
3 4365 4109 4661 
3 4661 4109 4107 
3 4661 4107 4342 
3 4342 4107 4360 
3 4342 4360 4662 
3 4662 4360 4663 
3 4662 4663 4344 
3 4344 4663 4664 
3 4344 4664 4665 
3 4665 4664 4357 
3 4665 4357 4666 
3 4666 4357 4405 
3 4666 4405 4667 
3 4667 4405 4668 
3 4667 4668 4349 
3 4349 4668 4272 
3 4349 4272 4350 
3 4350 4272 4274 
3 4350 4274 4351 
3 4351 4274 4669 
3 4351 4669 4670 
3 4670 4669 4276 
3 4670 4276 4354 
3 4354 4276 4278 
3 4354 4278 4355 
3 4355 4278 4671 
3 4355 4671 4672 
3 4672 4671 4239 
3 4672 4239 4673 
3 4673 4239 4240 
3 4673 4240 4238 
3 4238 4240 4674 
3 4238 4674 4284 
3 4284 4674 4676 
3 4284 4676 4675 
3 4675 4676 4244 
3 4675 4244 4677 
3 4677 4244 4678 
3 4677 4678 4180 
3 4180 4678 4701 
3 4180 4701 4679 
3 4679 4701 4700 
3 4679 4700 4680 
3 4680 4700 4681 
3 4680 4681 4726 
3 4726 4681 4697 
3 4726 4697 4683 
3 4683 4697 4682 
3 4683 4682 4684 
3 4684 4682 4685 
3 4684 4685 4730 
3 4730 4685 4687 
3 4730 4687 4686 
3 4686 4687 4732 
3 4774 4688 4689 
3 4689 4688 4691 
3 4689 4691 4690 
3 4690 4691 4692 
3 4690 4692 4693 
3 4693 4692 4698 
3 4693 4698 4777 
3 4777 4698 4694 
3 4777 4694 4695 
3 4695 4694 4699 
3 4695 4699 4696 
3 4696 4699 4702 
3 4696 4702 4779 
3 4773 4732 4774 
3 4774 4732 4687 
3 4774 4687 4688 
3 4688 4687 4685 
3 4688 4685 4691 
3 4691 4685 4682 
3 4691 4682 4692 
3 4692 4682 4697 
3 4692 4697 4698 
3 4698 4697 4681 
3 4698 4681 4694 
3 4694 4681 4700 
3 4694 4700 4699 
3 4699 4700 4701 
3 4699 4701 4702 
3 4702 4701 4678 
3 4702 4678 4779 
3 4779 4678 4780 
3 2433 2432 4590 
3 4590 2432 4703 
3 4590 4703 4621 
3 4621 4703 4704 
3 4621 4704 4705 
3 4705 4704 4652 
3 4705 4652 4706 
3 4706 4652 4707 
3 4706 4707 4618 
3 4618 4707 4654 
3 4618 4654 4708 
3 4708 4654 4709 
3 4708 4709 4616 
3 4616 4709 4710 
3 4616 4710 4615 
3 4615 4710 4711 
3 4615 4711 4482 
3 4482 4711 4713 
3 4482 4713 4712 
3 4712 4713 5636 
3 4158 4197 4157 
3 4157 4197 4714 
3 4157 4714 4715 
3 4715 4714 4717 
3 4715 4717 4716 
3 4716 4717 4194 
3 4716 4194 4153 
3 4153 4194 4718 
3 4153 4718 4151 
3 4151 4718 4192 
3 4151 4192 4152 
3 4152 4192 4191 
3 4152 4191 4138 
3 4138 4191 4719 
3 4138 4719 4136 
3 4136 4719 4720 
3 4136 4720 4139 
3 4139 4720 4721 
3 4139 4721 4143 
3 4143 4721 4722 
3 4143 4722 4142 
3 4142 4722 4723 
3 4142 4723 4141 
3 4141 4723 4724 
3 4141 4724 4134 
3 4134 4724 4223 
3 4134 4223 4725 
3 4725 4223 4178 
3 4725 4178 4145 
3 4145 4178 4180 
3 4145 4180 4126 
3 4126 4180 4679 
3 4126 4679 4129 
3 4129 4679 4680 
3 4129 4680 4128 
3 4128 4680 4726 
3 4128 4726 4124 
3 4124 4726 4683 
3 4124 4683 4727 
3 4727 4683 4684 
3 4727 4684 4728 
3 4728 4684 4730 
3 4728 4730 4729 
3 4729 4730 4686 
3 4729 4686 4731 
3 4731 4686 4732 
3 4731 4732 4733 
3 4733 4732 4773 
3 4733 4773 4734 
3 2412 2414 4541 
3 4541 2414 4637 
3 4541 4637 4543 
3 4543 4637 4735 
3 4543 4735 4736 
3 4736 4735 4737 
3 4736 4737 4738 
3 4738 4737 4638 
3 4738 4638 4739 
3 4739 4638 4740 
3 4739 4740 4408 
3 4408 4740 4640 
3 4408 4640 4741 
3 4741 4640 4742 
3 4741 4742 4743 
3 4743 4742 4642 
3 4743 4642 4410 
3 4410 4642 4644 
3 4410 4644 4744 
3 4744 4644 4745 
3 4744 4745 4413 
3 4413 4745 4645 
3 4413 4645 4746 
3 4746 4645 4748 
3 4746 4748 4747 
3 4747 4748 4749 
3 4747 4749 4415 
3 4415 4749 4750 
3 4415 4750 4434 
3 4434 4750 4752 
3 4434 4752 4751 
3 4751 4752 4646 
3 4751 4646 4569 
3 4569 4646 4648 
3 4569 4648 4537 
3 4537 4648 4753 
3 4537 4753 4539 
3 4539 4753 4650 
3 4539 4650 5638 
3 5638 4650 5639 
3 7217 4372 5736 
3 5736 4372 4373 
3 5736 4373 5778 
3 5778 4373 4754 
3 5778 4754 5779 
3 5779 4754 5780 
3 1646 1644 4158 
3 4158 1644 4237 
3 4158 4237 4198 
3 4198 4237 4755 
3 4198 4755 4200 
3 4200 4755 4220 
3 4200 4220 4299 
3 4299 4220 4215 
3 4299 4215 4756 
3 4756 4215 4757 
3 4756 4757 4758 
3 4758 4757 4218 
3 4758 4218 4759 
3 4759 4218 5762 
3 4759 5762 5815 
3 4770 4760 4769 
3 4769 4760 4761 
3 4769 4761 4476 
3 4476 4761 4762 
3 4476 4762 4763 
3 4776 4764 4765 
3 4765 4764 4252 
3 4765 4252 4437 
3 4437 4252 4766 
3 4437 4766 4436 
3 4436 4766 4250 
3 4436 4250 4767 
3 4767 4250 4249 
3 4767 4249 4660 
3 4660 4249 4248 
3 4660 4248 4477 
3 4477 4248 4768 
3 4477 4768 4769 
3 4769 4768 4246 
3 4769 4246 4770 
3 4770 4246 5634 
3 4589 2431 4771 
3 4771 2431 4734 
3 4771 4734 4772 
3 4772 4734 4773 
3 4772 4773 4775 
3 4775 4773 4774 
3 4775 4774 4653 
3 4653 4774 4689 
3 4653 4689 4470 
3 4470 4689 4690 
3 4470 4690 4439 
3 4439 4690 4693 
3 4439 4693 4776 
3 4776 4693 4777 
3 4776 4777 4764 
3 4764 4777 4695 
3 4764 4695 4778 
3 4778 4695 4696 
3 4778 4696 4253 
3 4253 4696 4779 
3 4253 4779 4255 
3 4255 4779 4780 
3 4255 4780 4781 
3 4781 4780 4243 
3 4781 4243 4782 
3 4782 4243 4242 
3 4782 4242 4256 
3 4256 4242 4241 
3 4256 4241 4257 
3 4257 4241 4271 
3 4257 4271 4783 
3 4783 4271 4281 
3 4783 4281 4259 
3 4259 4281 4784 
3 4259 4784 4261 
3 4261 4784 5632 
3 4261 5632 4785 
3 4836 4787 4786 
3 4786 4787 4788 
3 4786 4788 4789 
3 4789 4788 4790 
3 4789 4790 5669 
3 5669 4790 3238 
3 5669 3238 5667 
3 5667 3238 4792 
3 5667 4792 4791 
3 4791 4792 3240 
3 4791 3240 5665 
3 5665 3240 4793 
3 5665 4793 5662 
3 5662 4793 4794 
3 5662 4794 4795 
3 4795 4794 4797 
3 4795 4797 4796 
3 4796 4797 4798 
3 4796 4798 5694 
3 5694 4798 4799 
3 5694 4799 5693 
3 5693 4799 4800 
3 5693 4800 5692 
3 5692 4800 4801 
3 5692 4801 5689 
3 5689 4801 4803 
3 5689 4803 4802 
3 4802 4803 4805 
3 4802 4805 4804 
3 4804 4805 4806 
3 4804 4806 5687 
3 5687 4806 4807 
3 5687 4807 5686 
3 5686 4807 4808 
3 5686 4808 5685 
3 4808 4809 5685 
3 5685 4809 4811 
3 5685 4811 4810 
3 4810 4811 4812 
3 4810 4812 5684 
3 5684 4812 4813 
3 5684 4813 5682 
3 5682 4813 4815 
3 5682 4815 4814 
3 4814 4815 4816 
3 4814 4816 4817 
3 4817 4816 4818 
3 4817 4818 4820 
3 4820 4818 4819 
3 4820 4819 4821 
3 4821 4819 4822 
3 4821 4822 5680 
3 5680 4822 4824 
3 5680 4824 4823 
3 4823 4824 4826 
3 4823 4826 4825 
3 4825 4826 4828 
3 4825 4828 4827 
3 4827 4828 3218 
3 4827 3218 4830 
3 4830 3218 4829 
3 4830 4829 5675 
3 5675 4829 3223 
3 5675 3223 4831 
3 4831 3223 4833 
3 4831 4833 4832 
3 4832 4833 3226 
3 4832 3226 4834 
3 4834 3226 4835 
3 4834 4835 5673 
3 5673 4835 3230 
3 5673 3230 4836 
3 4836 3230 3232 
3 4836 3232 4787 
3 3258 3255 4846 
3 4838 4837 4847 
3 4846 3255 4884 
3 6030 4839 4838 
3 4838 4839 4840 
3 4838 4840 4837 
3 3356 4841 4842 
3 4842 5234 3356 
3 3356 5234 4843 
3 3356 4843 3354 
3 4864 4844 3351 
3 3349 4845 4846 
3 4846 4845 3261 
3 4846 3261 3258 
3 4847 4848 4838 
3 4838 4848 5232 
3 4838 5232 3356 
3 3356 5232 4849 
3 3356 4849 4841 
3 4861 270 2362 
3 4505 4852 2396 
3 4844 4850 3351 
3 3351 4850 4851 
3 3351 4851 3349 
3 3349 4851 3264 
3 3349 3264 4845 
3 2396 4852 2397 
3 670 675 4864 
3 2369 4866 4853 
3 4843 4854 3354 
3 3354 4854 3394 
3 3354 3394 3353 
3 3353 3394 3363 
3 3353 3363 4855 
3 4855 3363 3362 
3 4855 3362 4857 
3 4857 3362 4856 
3 4857 4856 3351 
3 3351 4856 1482 
3 3351 1482 4864 
3 4864 1482 1481 
3 4864 1481 670 
3 4864 268 819 
3 4853 545 2369 
3 2369 545 590 
3 2369 590 2365 
3 2365 590 4859 
3 2365 4859 4858 
3 4858 4859 570 
3 4858 570 2362 
3 2362 570 4860 
3 2362 4860 4861 
3 4862 4883 4870 
3 675 698 4864 
3 4864 698 4863 
3 4864 4863 268 
3 819 4865 4864 
3 4864 4865 862 
3 4864 862 4866 
3 4866 862 4867 
3 4866 4867 4853 
3 2394 4113 4868 
3 4868 4113 4112 
3 4868 4112 2396 
3 2396 4112 4517 
3 2396 4517 4505 
3 2397 4852 2398 
3 2398 4852 4115 
3 2398 4115 4869 
3 4117 4118 4870 
3 4870 4118 4119 
3 4870 4119 4872 
3 4115 4114 4869 
3 4869 4114 4871 
3 4869 4871 4870 
3 4870 4871 4116 
3 4870 4116 4117 
3 4872 4873 4870 
3 4870 4873 4874 
3 4870 4874 4862 
3 3255 4875 4884 
3 4884 4875 4877 
3 4884 4877 4876 
3 4876 4877 3254 
3 4876 3254 5707 
3 5707 3254 4878 
3 5707 4878 5706 
3 5706 4878 4879 
3 5706 4879 5704 
3 5704 4879 4881 
3 5704 4881 4880 
3 4880 4881 4882 
3 4880 4882 5702 
3 5702 4882 3249 
3 5702 3249 5699 
3 5699 3249 4870 
3 5699 4870 5698 
3 5698 4870 4883 
3 5698 4883 6909 
3 4846 4884 5214 
3 5214 4884 3360 
3 4897 4895 5026 
3 4966 4963 4885 
3 5021 4947 4943 
3 4992 4887 4886 
3 4886 4887 4993 
3 4995 4888 4996 
3 4909 1562 4911 
3 1565 1564 5020 
3 1563 4958 4949 
3 1533 1532 4953 
3 5163 5164 3284 
3 4889 3291 4902 
3 4890 3300 4897 
3 4891 5012 5005 
3 5011 3297 3296 
3 5032 4892 4891 
3 5031 4893 4894 
3 4895 4896 3298 
3 4897 3300 4895 
3 4895 3300 3299 
3 4895 3299 4896 
3 4899 3293 4898 
3 4898 3293 3294 
3 4898 3294 4890 
3 4890 4897 4898 
3 4898 4897 5024 
3 4898 5024 4899 
3 5003 4968 5002 
3 5004 4946 3292 
3 3292 4946 4902 
3 3292 4902 4900 
3 4900 4902 3291 
3 4948 4901 4902 
3 4902 4901 4903 
3 4902 4903 4889 
3 4906 3288 5022 
3 5022 3288 4904 
3 5022 4904 4948 
3 4948 4904 3286 
3 4948 3286 4901 
3 4905 3290 4906 
3 4906 3290 3289 
3 4906 3289 3288 
3 4905 4906 3284 
3 3284 4906 4907 
3 3284 4907 5163 
3 1533 4954 1534 
3 1534 4954 1677 
3 1566 1567 4959 
3 4959 1567 1536 
3 1563 4949 4908 
3 4909 4911 4910 
3 4910 4911 4914 
3 4910 4914 1560 
3 4915 1559 4912 
3 4912 1559 4913 
3 4912 4913 4914 
3 4914 4913 1561 
3 4914 1561 1560 
3 4915 4912 4917 
3 4917 4912 4916 
3 4917 4916 4918 
3 4918 4916 1555 
3 1555 4916 4998 
3 1555 4998 1556 
3 1552 4919 4920 
3 4920 4919 1554 
3 4920 1554 4922 
3 4888 1552 4996 
3 4996 1552 4920 
3 4996 4920 4921 
3 4921 4920 4922 
3 4921 4922 4998 
3 4998 4922 4923 
3 4998 4923 1556 
3 4974 1781 4972 
3 4972 1781 4924 
3 1551 1550 4969 
3 4969 1550 1676 
3 4975 5034 4925 
3 4933 4934 4979 
3 4979 4934 5714 
3 4979 5714 4926 
3 4926 5714 5713 
3 4926 5713 4977 
3 4977 5713 4927 
3 4977 4927 4928 
3 4928 4927 4929 
3 4928 4929 4975 
3 4930 5716 5009 
3 5009 5716 4931 
3 5009 4931 4980 
3 4980 4931 4932 
3 4980 4932 4933 
3 4933 4932 5715 
3 4933 5715 4934 
3 4930 5009 5718 
3 5718 5009 5010 
3 5718 5010 4935 
3 4935 5010 4936 
3 4935 4936 4937 
3 3296 4938 5011 
3 5011 4938 5709 
3 5011 5709 4936 
3 4936 5709 5710 
3 4936 5710 4937 
3 5025 4939 4941 
3 4939 4940 4941 
3 4941 4940 3295 
3 4941 3295 4942 
3 5001 4945 4946 
3 4943 4947 4994 
3 4994 4947 4945 
3 4994 4945 4944 
3 4944 4945 5001 
3 4944 5001 4993 
3 4946 4945 4902 
3 4902 4945 4947 
3 4902 4947 4948 
3 4948 4947 5021 
3 4948 5021 5022 
3 4961 4962 5017 
3 1564 4908 5020 
3 5020 4908 4949 
3 5020 4949 4950 
3 4950 4949 4951 
3 4950 4951 5023 
3 5023 4951 4961 
3 5023 4961 4952 
3 4952 4961 5017 
3 4960 4959 4954 
3 4954 4959 1536 
3 4954 1536 1677 
3 1533 4953 4954 
3 4954 4953 4955 
3 4954 4955 4960 
3 4955 5130 4960 
3 4960 5130 4956 
3 4960 4956 4957 
3 4958 1566 4949 
3 4949 1566 4959 
3 4949 4959 4951 
3 4951 4959 4960 
3 4951 4960 4961 
3 4961 4960 4957 
3 4961 4957 4962 
3 5025 5027 4967 
3 4967 5027 4990 
3 4967 4990 4963 
3 5000 4964 4965 
3 4965 4964 4966 
3 4965 4966 4999 
3 4999 4966 4885 
3 4999 4885 4997 
3 4963 4966 4967 
3 4967 4966 4964 
3 4967 4964 5025 
3 5025 4964 5000 
3 5025 5000 4939 
3 4939 5000 5002 
3 4939 5002 4940 
3 4940 5002 4968 
3 4940 4968 3295 
3 4976 4969 4970 
3 4970 4969 1676 
3 4970 1676 4973 
3 4982 4976 4971 
3 4971 4976 4970 
3 4971 4970 4972 
3 4972 4970 4973 
3 4972 4973 4974 
3 4925 1551 4975 
3 4975 1551 4969 
3 4975 4969 4928 
3 4928 4969 4976 
3 4928 4976 4977 
3 4977 4976 4982 
3 4977 4982 4926 
3 4926 4982 4978 
3 4926 4978 4979 
3 4979 4978 4984 
3 4979 4984 4933 
3 4933 4984 4985 
3 4933 4985 4980 
3 4972 4981 4971 
3 4971 4981 4987 
3 4971 4987 4982 
3 4982 4987 4988 
3 4982 4988 4978 
3 4978 4988 4983 
3 4978 4983 4984 
3 4984 4983 4989 
3 4984 4989 4985 
3 4985 4989 4991 
3 4985 4991 4980 
3 4981 4986 4987 
3 4987 4986 4997 
3 4987 4997 4988 
3 4988 4997 4885 
3 4988 4885 4983 
3 4983 4885 4963 
3 4983 4963 4989 
3 4989 4963 4990 
3 4989 4990 4991 
3 4992 4998 4887 
3 4887 4998 4916 
3 4887 4916 4993 
3 4993 4916 4912 
3 4993 4912 4944 
3 4944 4912 4914 
3 4944 4914 4994 
3 4994 4914 4911 
3 4994 4911 4943 
3 4924 4995 4972 
3 4972 4995 4996 
3 4972 4996 4981 
3 4981 4996 4921 
3 4981 4921 4986 
3 4986 4921 4998 
3 4986 4998 4997 
3 4997 4998 4992 
3 4997 4992 4999 
3 4999 4992 4886 
3 4999 4886 4965 
3 4965 4886 4993 
3 4965 4993 5000 
3 5000 4993 5001 
3 5000 5001 5002 
3 5002 5001 4946 
3 5002 4946 5003 
3 5003 4946 5004 
3 4891 5005 5032 
3 5032 5005 5006 
3 5032 5006 5030 
3 5030 5006 5007 
3 5030 5007 5008 
3 4991 5008 4980 
3 4980 5008 5007 
3 4980 5007 5009 
3 5009 5007 5006 
3 5009 5006 5010 
3 5010 5006 5005 
3 5010 5005 4936 
3 4936 5005 5012 
3 4936 5012 5011 
3 5011 5012 5013 
3 5011 5013 3297 
3 5016 5029 5014 
3 5014 5029 5028 
3 4893 5031 5015 
3 5015 5031 5016 
3 5015 5016 3298 
3 3298 5016 5014 
3 3298 5014 4895 
3 4895 5014 5028 
3 4895 5028 5026 
3 5017 5018 4952 
3 4952 5018 5019 
3 4952 5019 5162 
3 1562 1565 4911 
3 4911 1565 5020 
3 4911 5020 4943 
3 4943 5020 4950 
3 4943 4950 5021 
3 5021 4950 5023 
3 5021 5023 5022 
3 5022 5023 4952 
3 5022 4952 4906 
3 4906 4952 5162 
3 4906 5162 4907 
3 4942 4899 4941 
3 4941 4899 5024 
3 4941 5024 5025 
3 5025 5024 4897 
3 5025 4897 5027 
3 5027 4897 5026 
3 5027 5026 4990 
3 4990 5026 5028 
3 4990 5028 4991 
3 4991 5028 5029 
3 4991 5029 5008 
3 5008 5029 5016 
3 5008 5016 5030 
3 5030 5016 5031 
3 5030 5031 5032 
3 5032 5031 4894 
3 5032 4894 4892 
3 5038 5033 5036 
3 5036 5033 1654 
3 5036 1654 5034 
3 2160 5036 5035 
3 5035 5036 2234 
3 2160 5037 5036 
3 5036 5037 2210 
3 5036 2210 5038 
3 5039 1547 5036 
3 5036 1547 2120 
3 5036 2120 2234 
3 1579 5040 5172 
3 5041 1573 5150 
3 5042 5063 5863 
3 3273 5043 5066 
3 5044 3280 5045 
3 5046 3285 5047 
3 5167 5048 5166 
3 5166 5048 5165 
3 5165 3282 3285 
3 5052 5049 5050 
3 5050 5049 5138 
3 3278 3281 5051 
3 5051 3281 5052 
3 3279 5053 5054 
3 5054 5053 3278 
3 5170 3274 5143 
3 5143 3274 5055 
3 5143 5055 5044 
3 5056 5058 5057 
3 5057 5058 5059 
3 5057 5059 3276 
3 5062 5086 5060 
3 5060 5061 5062 
3 5062 5061 5056 
3 5062 5056 5087 
3 5063 5042 5064 
3 5064 5042 3273 
3 5064 3273 5065 
3 5065 3273 5066 
3 5065 5066 5067 
3 5067 5066 5085 
3 5067 5085 5860 
3 5860 5085 5068 
3 5860 5068 5069 
3 5069 5068 5070 
3 5069 5070 5071 
3 5071 5070 5073 
3 5071 5073 5072 
3 5072 5073 5074 
3 5072 5074 5858 
3 5858 5074 5075 
3 5858 5075 5076 
3 5076 5075 5111 
3 5076 5111 5079 
3 5077 1590 5078 
3 5079 5111 5080 
3 5080 5111 5077 
3 5080 5077 5081 
3 5081 5077 5078 
3 5081 5078 5082 
3 5043 5083 5066 
3 5066 5083 5084 
3 5066 5084 5085 
3 5085 5084 5086 
3 5085 5086 5068 
3 5068 5086 5062 
3 5068 5062 5070 
3 5070 5062 5087 
3 5070 5087 5073 
3 5088 5170 5101 
3 5101 5170 5089 
3 5101 5089 5090 
3 5090 5089 5091 
3 5090 5091 5092 
3 5091 5093 5092 
3 5092 5093 5094 
3 5092 5094 5103 
3 5103 5094 5173 
3 5103 5173 5106 
3 5120 5095 5122 
3 5122 5095 5102 
3 5122 5102 5096 
3 5096 5102 5104 
3 5096 5104 5097 
3 5097 5104 5105 
3 5097 5105 5098 
3 5098 5105 1586 
3 1586 5099 5098 
3 5098 5099 1588 
3 5098 1588 5124 
3 1578 1584 5173 
3 5173 1584 1583 
3 5173 1583 5106 
3 5106 1583 5100 
3 5106 5100 1530 
3 5088 5101 5120 
3 5120 5101 5090 
3 5120 5090 5095 
3 5095 5090 5092 
3 5095 5092 5102 
3 5102 5092 5103 
3 5102 5103 5104 
3 5104 5103 5106 
3 5104 5106 5105 
3 5105 5106 1530 
3 5105 1530 1586 
3 5121 5107 5114 
3 5114 5107 5123 
3 5114 5123 5115 
3 5115 5123 5108 
3 5115 5108 5116 
3 5116 5108 5127 
3 5116 5127 5113 
3 5073 5109 5074 
3 5074 5109 5110 
3 5074 5110 5075 
3 5075 5110 5117 
3 5075 5117 5111 
3 5111 5117 5118 
3 5111 5118 5077 
3 5077 5118 5112 
3 5077 5112 1590 
3 5113 1592 5119 
3 5056 5057 5087 
3 5087 5057 5121 
3 5087 5121 5073 
3 5073 5121 5114 
3 5073 5114 5109 
3 5109 5114 5115 
3 5109 5115 5110 
3 5110 5115 5116 
3 5110 5116 5117 
3 5117 5116 5113 
3 5117 5113 5118 
3 5118 5113 5119 
3 5118 5119 5112 
3 3276 5088 5057 
3 5057 5088 5120 
3 5057 5120 5121 
3 5121 5120 5122 
3 5121 5122 5107 
3 5107 5122 5096 
3 5107 5096 5123 
3 5123 5096 5097 
3 5123 5097 5108 
3 5108 5097 5098 
3 5108 5098 5127 
3 5127 5098 5124 
3 5127 5124 1587 
3 1587 5125 5127 
3 5127 5125 5126 
3 5127 5126 5113 
3 5113 5126 5128 
3 5113 5128 1592 
3 5162 5019 5168 
3 5168 5019 5018 
3 5168 5018 5169 
3 4957 5131 4962 
3 4962 5131 5169 
3 4962 5169 5017 
3 5017 5169 5018 
3 1532 1788 4953 
3 4953 1788 4955 
3 1788 5129 4955 
3 4955 5129 5140 
3 4955 5140 5130 
3 5130 5140 5131 
3 5130 5131 4956 
3 4956 5131 4957 
3 5133 5132 1570 
3 1570 5156 5133 
3 5133 5156 5134 
3 5133 5134 5135 
3 5135 5134 5158 
3 5135 5158 5136 
3 5136 5158 5050 
3 5136 5050 5137 
3 5137 5050 5138 
3 5137 5138 5167 
3 5129 5139 5140 
3 5140 5139 1825 
3 5140 1825 5141 
3 5044 5045 5143 
3 5143 5045 5142 
3 5143 5142 5144 
3 5144 5142 5152 
3 5144 5152 5171 
3 5171 5152 5145 
3 5171 5145 5146 
3 5146 5145 5154 
3 5146 5154 5172 
3 5161 1575 5159 
3 5159 1575 5151 
3 3278 5051 5054 
3 5054 5051 5147 
3 5054 5147 5148 
3 5148 5147 5149 
3 5148 5149 5153 
3 5153 5149 5159 
3 5153 5159 5150 
3 5150 5159 5151 
3 5150 5151 5041 
3 3280 3279 5045 
3 5045 3279 5054 
3 5045 5054 5142 
3 5142 5054 5148 
3 5142 5148 5152 
3 5152 5148 5153 
3 5152 5153 5145 
3 5145 5153 5150 
3 5145 5150 5154 
3 5154 5150 1573 
3 5154 1573 1577 
3 1577 5155 5154 
3 5154 5155 1531 
3 5154 1531 5172 
3 5172 1531 1581 
3 5172 1581 1579 
3 1570 1571 5156 
3 5156 1571 5157 
3 5156 5157 5160 
3 5052 5050 5051 
3 5051 5050 5158 
3 5051 5158 5147 
3 5147 5158 5134 
3 5147 5134 5149 
3 5149 5134 5156 
3 5149 5156 5159 
3 5159 5156 5160 
3 5159 5160 5161 
3 5162 5168 4907 
3 4907 5168 5046 
3 4907 5046 5163 
3 5163 5046 5047 
3 5163 5047 5164 
3 5165 3285 5166 
3 5166 3285 5046 
3 5166 5046 5167 
3 5167 5046 5168 
3 5167 5168 5137 
3 5137 5168 5169 
3 5137 5169 5136 
3 5136 5169 5131 
3 5136 5131 5135 
3 5135 5131 5140 
3 5135 5140 5133 
3 5133 5140 5141 
3 5133 5141 5132 
3 5170 5143 5089 
3 5089 5143 5144 
3 5089 5144 5091 
3 5091 5144 5171 
3 5091 5171 5093 
3 5093 5171 5146 
3 5093 5146 5094 
3 5094 5146 5172 
3 5094 5172 5173 
3 5173 5172 5040 
3 5173 5040 1578 
3 1923 1897 5175 
3 1923 5175 5179 
3 1897 5174 5175 
3 5175 5174 1593 
3 5175 1593 5864 
3 5082 5176 5175 
3 5175 5176 5177 
3 5175 5177 5178 
3 5178 1828 5175 
3 5175 1828 1879 
3 5175 1879 5179 
3 79 6016 72 
3 72 6016 73 
3 6016 5204 57 
3 5180 5186 84 
3 57 76 6016 
3 6016 76 75 
3 6016 75 73 
3 79 78 6016 
3 6016 78 5181 
3 6016 5181 5184 
3 5184 5181 5182 
3 5184 5182 5183 
3 84 5186 5185 
3 3603 3602 5183 
3 5183 3602 3600 
3 5183 3600 5184 
3 5185 5186 5183 
3 5183 5186 3605 
3 5183 3605 3603 
3 5180 84 3608 
3 3608 84 5187 
3 3608 5187 5188 
3 35 34 5188 
3 5188 34 5189 
3 5188 5189 37 
3 37 0 5188 
3 5188 0 3609 
3 5188 3609 3608 
3 10 13 5190 
3 5195 30 5188 
3 13 5191 5190 
3 5190 5191 5192 
3 5190 5192 26 
3 30 5193 5188 
3 5188 5193 5194 
3 5188 5194 35 
3 5195 5188 5190 
3 5190 5188 55 
3 5190 55 5196 
3 5196 9 5190 
3 5190 9 8 
3 5190 8 10 
3 26 5192 5199 
3 5199 5192 5197 
3 5199 5197 5198 
3 5198 18 5199 
3 5199 18 5200 
3 5199 5200 5201 
3 22 5200 23 
3 23 5200 20 
3 22 25 5200 
3 5200 25 5202 
3 5200 5202 5201 
3 59 5204 143 
3 59 143 5203 
3 126 134 5204 
3 5204 134 132 
3 5204 132 131 
3 6008 130 5204 
3 5204 130 129 
3 5204 129 126 
3 131 125 5204 
3 5204 125 136 
3 5204 136 143 
3 5210 5205 143 
3 143 5205 5206 
3 5206 65 143 
3 143 65 5207 
3 143 5207 63 
3 63 61 143 
3 143 61 60 
3 143 60 5203 
3 5208 71 5209 
3 5209 71 70 
3 5209 70 5210 
3 5210 70 5211 
3 5210 5211 5205 
3 5208 5209 88 
3 88 5209 120 
3 88 120 89 
3 120 5212 95 
3 95 92 120 
3 120 92 90 
3 120 90 89 
3 120 119 5212 
3 5212 119 122 
3 5212 122 100 
3 100 122 121 
3 100 121 101 
3 101 121 114 
3 101 114 102 
3 102 114 113 
3 102 113 99 
3 99 113 116 
3 99 116 87 
3 87 116 5213 
3 87 5213 108 
3 108 5213 112 
3 108 112 110 
3 3348 5214 3361 
3 3348 3361 3350 
3 6029 3355 3361 
3 3361 3355 5215 
3 3361 5215 3352 
3 3352 5216 3361 
3 3361 5216 5217 
3 3361 5217 3350 
3 3438 5218 5219 
3 7690 7691 5495 
3 5220 5457 5470 
3 5458 5450 5452 
3 5451 7682 5445 
3 5440 6032 5403 
3 6041 5423 5421 
3 6040 5221 5422 
3 6038 6037 5415 
3 6036 6039 5433 
3 5405 5222 5414 
3 3445 5223 5224 
3 3442 3443 5368 
3 3447 3446 5428 
3 5351 3410 5350 
3 3513 3512 5348 
3 5225 3406 5353 
3 3374 3373 5226 
3 3368 3377 5327 
3 5495 5313 5314 
3 5490 5227 6044 
3 3481 3425 5228 
3 5247 3423 5477 
3 3432 5229 5241 
3 4839 5387 4840 
3 4840 5387 5360 
3 4840 5360 4837 
3 4837 5360 5230 
3 5231 4848 5230 
3 5230 4848 4847 
3 5230 4847 4837 
3 4842 4841 5233 
3 5233 4841 4849 
3 5233 4849 5231 
3 5231 4849 5232 
3 5231 5232 4848 
3 4842 5233 5234 
3 5234 5233 5356 
3 5234 5356 4843 
3 5252 5245 5235 
3 5235 3436 5252 
3 5252 3436 5236 
3 5252 5236 5497 
3 5254 5242 5244 
3 5240 5237 5238 
3 3432 5239 3431 
3 3431 5239 5240 
3 3431 5240 3430 
3 3430 5240 5238 
3 5241 5229 5255 
3 5229 3434 5255 
3 5255 3434 3433 
3 5255 3433 5242 
3 5242 3433 5243 
3 5242 5243 5244 
3 5244 3497 5254 
3 5254 3497 3498 
3 5254 3498 5245 
3 5245 3498 3437 
3 5245 3437 5235 
3 5479 5246 5250 
3 5282 3424 5247 
3 5448 3453 3421 
3 5448 3421 5449 
3 3453 5448 3472 
3 3472 5448 5442 
3 3472 5442 5441 
3 3421 3455 5449 
3 5449 3455 5248 
3 5449 5248 5249 
3 5249 5248 3477 
3 5249 3477 3420 
3 5479 5250 5258 
3 5258 5250 5251 
3 5258 5251 5237 
3 5237 5251 3427 
3 5237 3427 5238 
3 5501 5502 5497 
3 5497 5502 5262 
3 5497 5262 5252 
3 5252 5262 5253 
3 5252 5253 5245 
3 5245 5253 5264 
3 5245 5264 5254 
3 5254 5264 5265 
3 5254 5265 5242 
3 5242 5265 5268 
3 5242 5268 5255 
3 5255 5268 5269 
3 5255 5269 5241 
3 5478 5479 5256 
3 5256 5479 5258 
3 5256 5258 5257 
3 5257 5258 5237 
3 5257 5237 5274 
3 5274 5237 5240 
3 5274 5240 5273 
3 5273 5240 5239 
3 5267 5259 5270 
3 5502 5260 5262 
3 5262 5260 5261 
3 5262 5261 5253 
3 5253 5261 5279 
3 5253 5279 5264 
3 5264 5279 5263 
3 5264 5263 5265 
3 5265 5263 5266 
3 5265 5266 5268 
3 5268 5266 5267 
3 5268 5267 5269 
3 5269 5267 5270 
3 5269 5270 5241 
3 3481 5228 5271 
3 5271 5228 5466 
3 5271 5466 5272 
3 5272 5466 5465 
3 5272 5465 5455 
3 5273 5285 5274 
3 5274 5285 5275 
3 5274 5275 5257 
3 5257 5275 5276 
3 5257 5276 5256 
3 5256 5276 5298 
3 5256 5298 5478 
3 5286 5259 5293 
3 5293 5259 5267 
3 5293 5267 5291 
3 5291 5267 5266 
3 5291 5266 5290 
3 5290 5266 5263 
3 5290 5263 5277 
3 5277 5263 5279 
3 5277 5279 5278 
3 5278 5279 5261 
3 5278 5261 5280 
3 5280 5261 5260 
3 5297 5281 5475 
3 5247 5477 5282 
3 5282 5477 5476 
3 5282 5476 5467 
3 5467 5476 5283 
3 5467 5283 5464 
3 5464 5283 5284 
3 5464 5284 5474 
3 3432 5241 5239 
3 5239 5241 5270 
3 5239 5270 5273 
3 5273 5270 5259 
3 5273 5259 5285 
3 5285 5259 5286 
3 5285 5286 5275 
3 5275 5286 5295 
3 5275 5295 5276 
3 5276 5295 5287 
3 5276 5287 5298 
3 5484 5281 5485 
3 5485 5281 5297 
3 5485 5297 5296 
3 5280 5288 5278 
3 5278 5288 5491 
3 5278 5491 5277 
3 5277 5491 5289 
3 5277 5289 5290 
3 5290 5289 5489 
3 5290 5489 5291 
3 5291 5489 5292 
3 5291 5292 5293 
3 5293 5292 5488 
3 5293 5488 5286 
3 5286 5488 5294 
3 5286 5294 5295 
3 5295 5294 5296 
3 5295 5296 5287 
3 5287 5296 5297 
3 5287 5297 5298 
3 5298 5297 5475 
3 5298 5475 5478 
3 5299 5505 6051 
3 6051 6050 5299 
3 5299 6050 6049 
3 5299 6049 5227 
3 5227 6049 6042 
3 5227 6042 6044 
3 5487 5304 5301 
3 5316 5303 5300 
3 5301 6056 5487 
3 5487 6056 5302 
3 5487 5302 5303 
3 5303 5302 6058 
3 5303 6058 5300 
3 6044 6053 5490 
3 5490 6053 6055 
3 5490 6055 5304 
3 5304 6055 5305 
3 5304 5305 5301 
3 5306 5307 5308 
3 5319 6047 5307 
3 5307 6047 6048 
3 5307 6048 5308 
3 5310 5481 5309 
3 5309 6062 5310 
3 5310 6062 5311 
3 5310 5311 5313 
3 5313 5311 5312 
3 5313 5312 5314 
3 5308 5315 5306 
3 5306 5315 6068 
3 5306 6068 5481 
3 5481 6068 6066 
3 5481 6066 5309 
3 5300 6060 5316 
3 5316 6060 5317 
3 5316 5317 5486 
3 5486 5317 5318 
3 5486 5318 5319 
3 5319 5318 6046 
3 5319 6046 6047 
3 3401 5320 5328 
3 3389 3390 5356 
3 5356 3390 5321 
3 5356 5321 4843 
3 4843 5321 3393 
3 4843 3393 4854 
3 5320 3403 5355 
3 5355 3403 5322 
3 5355 5322 3389 
3 5334 3417 5323 
3 5323 3417 3415 
3 5323 3415 5362 
3 5344 5324 5325 
3 5325 3364 5373 
3 5373 3364 3365 
3 5373 3365 3367 
3 5326 3370 3369 
3 3368 5327 3369 
3 3397 3399 5328 
3 5328 3399 3400 
3 5328 3400 3401 
3 5362 3396 5391 
3 5391 3396 3395 
3 5391 3395 3397 
3 5225 5353 3410 
3 3404 5329 5330 
3 5330 5329 5331 
3 5330 5331 3374 
3 3447 5428 5223 
3 3442 5368 5218 
3 3446 3451 5332 
3 5332 3451 3449 
3 5332 3449 5339 
3 3373 5333 5345 
3 5345 5333 3371 
3 5345 3371 3376 
3 5365 5378 5363 
3 5363 5378 5327 
3 5363 5327 5323 
3 5323 5327 3377 
3 5323 3377 5334 
3 5381 5335 5380 
3 5380 5335 5336 
3 5380 5336 5379 
3 5379 5336 5373 
3 5379 5373 5326 
3 5326 5373 3367 
3 5326 3367 3370 
3 5337 5429 5406 
3 5406 5429 5332 
3 5406 5332 5338 
3 5338 5332 5339 
3 5338 5339 3513 
3 5436 5340 5341 
3 5341 5340 5342 
3 5341 5342 5343 
3 5343 5342 5434 
3 5343 5434 5374 
3 5374 5434 5345 
3 5374 5345 5344 
3 5344 5345 3376 
3 5344 3376 5324 
3 5407 5346 5412 
3 5412 5346 5347 
3 5412 5347 5349 
3 5349 5347 5348 
3 5349 5348 5350 
3 5350 5348 3512 
3 5350 3512 5351 
3 5404 5413 5402 
3 5402 5413 5411 
3 5402 5411 5400 
3 5400 5411 5410 
3 5400 5410 5352 
3 5352 5410 5353 
3 5352 5353 5330 
3 5330 5353 3406 
3 5330 3406 3404 
3 5320 5355 5328 
3 5328 5355 5357 
3 5328 5357 5392 
3 5392 5357 5358 
3 5392 5358 5394 
3 5394 5358 5354 
3 5394 5354 5395 
3 5395 5354 5359 
3 5395 5359 5396 
3 5396 5359 5361 
3 5396 5361 5389 
3 3389 5356 5355 
3 5355 5356 5233 
3 5355 5233 5357 
3 5357 5233 5231 
3 5357 5231 5358 
3 5358 5231 5230 
3 5358 5230 5354 
3 5354 5230 5360 
3 5354 5360 5359 
3 5359 5360 5387 
3 5359 5387 5361 
3 5362 5391 5323 
3 5323 5391 5393 
3 5323 5393 5363 
3 5363 5393 5364 
3 5363 5364 5365 
3 5365 5364 5397 
3 5365 5397 5366 
3 5366 5397 5398 
3 5366 5398 5367 
3 5367 5398 5376 
3 5367 5376 5383 
3 5218 5368 5219 
3 5219 5368 5370 
3 5219 5370 5369 
3 5369 5370 5426 
3 5369 5426 5503 
3 5503 5426 5425 
3 5503 5425 5504 
3 5504 5425 5424 
3 5504 5424 5371 
3 5371 5424 5499 
3 5371 5499 5506 
3 5376 5372 5377 
3 5375 5385 6035 
3 5325 5373 5344 
3 5344 5373 5336 
3 5344 5336 5374 
3 5374 5336 5335 
3 5374 5335 5343 
3 5343 5335 5381 
3 5343 5381 5341 
3 5341 5381 5382 
3 5341 5382 5436 
3 5436 5382 5375 
3 5436 5375 5438 
3 5438 5375 6035 
3 5438 6035 5439 
3 5376 5377 5383 
3 5383 5377 6031 
3 5383 6031 5384 
3 3369 5327 5326 
3 5326 5327 5378 
3 5326 5378 5379 
3 5379 5378 5365 
3 5379 5365 5380 
3 5380 5365 5366 
3 5380 5366 5381 
3 5381 5366 5367 
3 5381 5367 5382 
3 5382 5367 5383 
3 5382 5383 5375 
3 5375 5383 5384 
3 5375 5384 5385 
3 4839 6030 5387 
3 5387 6030 5386 
3 5387 5386 5361 
3 5361 5386 5388 
3 5361 5388 5389 
3 5389 5388 6022 
3 5389 6022 5390 
3 3397 5328 5391 
3 5391 5328 5392 
3 5391 5392 5393 
3 5393 5392 5394 
3 5393 5394 5364 
3 5364 5394 5395 
3 5364 5395 5397 
3 5397 5395 5396 
3 5397 5396 5398 
3 5398 5396 5389 
3 5398 5389 5376 
3 5376 5389 5390 
3 5376 5390 5372 
3 3374 5226 5330 
3 5330 5226 5435 
3 5330 5435 5352 
3 5352 5435 5399 
3 5352 5399 5400 
3 5400 5399 5401 
3 5400 5401 5402 
3 5402 5401 5437 
3 5402 5437 5404 
3 5404 5437 5403 
3 5404 5403 5414 
3 5414 5403 6032 
3 5414 6032 5405 
3 3513 5348 5338 
3 5338 5348 5347 
3 5338 5347 5406 
3 5406 5347 5346 
3 5406 5346 5337 
3 5337 5346 5407 
3 5337 5407 5431 
3 5431 5407 5408 
3 5431 5408 5409 
3 5409 5408 5415 
3 5409 5415 5433 
3 5433 5415 6037 
3 5433 6037 6036 
3 3410 5353 5350 
3 5350 5353 5410 
3 5350 5410 5349 
3 5349 5410 5411 
3 5349 5411 5412 
3 5412 5411 5413 
3 5412 5413 5407 
3 5407 5413 5404 
3 5407 5404 5408 
3 5408 5404 5414 
3 5408 5414 5415 
3 5415 5414 5222 
3 5415 5222 6038 
3 5223 5428 5224 
3 5224 5428 5417 
3 5224 5417 5416 
3 5416 5417 5430 
3 5416 5430 5427 
3 5427 5430 5419 
3 5427 5419 5418 
3 5418 5419 5432 
3 5418 5432 5420 
3 5420 5432 5421 
3 5420 5421 5422 
3 5422 5421 5423 
3 5422 5423 6040 
3 5221 5499 5422 
3 5422 5499 5424 
3 5422 5424 5420 
3 5420 5424 5425 
3 5420 5425 5418 
3 5418 5425 5426 
3 5418 5426 5427 
3 5427 5426 5370 
3 5427 5370 5416 
3 5416 5370 5368 
3 5416 5368 5224 
3 5224 5368 3443 
3 5224 3443 3445 
3 3446 5332 5428 
3 5428 5332 5429 
3 5428 5429 5417 
3 5417 5429 5337 
3 5417 5337 5430 
3 5430 5337 5431 
3 5430 5431 5419 
3 5419 5431 5409 
3 5419 5409 5432 
3 5432 5409 5433 
3 5432 5433 5421 
3 5421 5433 6039 
3 5421 6039 6041 
3 3373 5345 5226 
3 5226 5345 5434 
3 5226 5434 5435 
3 5435 5434 5342 
3 5435 5342 5399 
3 5399 5342 5340 
3 5399 5340 5401 
3 5401 5340 5436 
3 5401 5436 5437 
3 5437 5436 5438 
3 5437 5438 5403 
3 5403 5438 5439 
3 5403 5439 5440 
3 5446 5444 7683 
3 5441 5442 3422 
3 3422 5442 5446 
3 3422 5446 3467 
3 3467 5446 7683 
3 3467 7683 5443 
3 7682 5444 5445 
3 5445 5444 5446 
3 5445 5446 5453 
3 5453 5446 5442 
3 5453 5442 5447 
3 5447 5442 5448 
3 5447 5448 5454 
3 5454 5448 5449 
3 5454 5449 5456 
3 5456 5449 5249 
3 5450 5451 5452 
3 5452 5451 5445 
3 5452 5445 5461 
3 5461 5445 5453 
3 5461 5453 5462 
3 5462 5453 5447 
3 5462 5447 5463 
3 5463 5447 5454 
3 5463 5454 5455 
3 5455 5454 5456 
3 5455 5456 5272 
3 5272 5456 5249 
3 5272 5249 5271 
3 5271 5249 3420 
3 5271 3420 3481 
3 5457 5458 5470 
3 5470 5458 5452 
3 5470 5452 5459 
3 5459 5452 5461 
3 5459 5461 5460 
3 5460 5461 5462 
3 5460 5462 5472 
3 5472 5462 5463 
3 5472 5463 5473 
3 5473 5463 5455 
3 5473 5455 5474 
3 5474 5455 5465 
3 5474 5465 5464 
3 5464 5465 5466 
3 5464 5466 5467 
3 5467 5466 5228 
3 5467 5228 5282 
3 5282 5228 3425 
3 5282 3425 3424 
3 7692 5220 5468 
3 5468 5220 5470 
3 5468 5470 5469 
3 5469 5470 5459 
3 5469 5459 5471 
3 5471 5459 5460 
3 5471 5460 5480 
3 5480 5460 5472 
3 5480 5472 5482 
3 5482 5472 5473 
3 5482 5473 5483 
3 5483 5473 5474 
3 5483 5474 5484 
3 5484 5474 5284 
3 5484 5284 5281 
3 5281 5284 5283 
3 5281 5283 5475 
3 5475 5283 5476 
3 5475 5476 5478 
3 5478 5476 5477 
3 5478 5477 5479 
3 5479 5477 3423 
3 5479 3423 5246 
3 7691 7692 5495 
3 5495 7692 5468 
3 5495 5468 5313 
3 5313 5468 5469 
3 5313 5469 5310 
3 5310 5469 5471 
3 5310 5471 5481 
3 5481 5471 5480 
3 5481 5480 5306 
3 5306 5480 5482 
3 5306 5482 5307 
3 5307 5482 5483 
3 5307 5483 5319 
3 5319 5483 5484 
3 5319 5484 5486 
3 5486 5484 5485 
3 5486 5485 5316 
3 5316 5485 5296 
3 5316 5296 5303 
3 5303 5296 5294 
3 5303 5294 5487 
3 5487 5294 5488 
3 5487 5488 5304 
3 5304 5488 5292 
3 5304 5292 5490 
3 5490 5292 5489 
3 5490 5489 5227 
3 5227 5489 5289 
3 5227 5289 5299 
3 5299 5289 5491 
3 5299 5491 5505 
3 5505 5491 5288 
3 5492 7690 5493 
3 5493 7690 5495 
3 5493 5495 5494 
3 5494 5495 5314 
3 5236 5496 5497 
3 5497 5496 3441 
3 5497 3441 5501 
3 5501 3441 3440 
3 5501 3440 3438 
3 5221 5498 5499 
3 5499 5498 5500 
3 5499 5500 5506 
3 5506 5500 6027 
3 5506 6027 6052 
3 3438 5219 5501 
3 5501 5219 5369 
3 5501 5369 5502 
3 5502 5369 5503 
3 5502 5503 5260 
3 5260 5503 5504 
3 5260 5504 5280 
3 5280 5504 5371 
3 5280 5371 5288 
3 5288 5371 5506 
3 5288 5506 5505 
3 5505 5506 6052 
3 5505 6052 6051 
3 6057 5507 5508 
3 5508 5507 5509 
3 5508 5509 6059 
3 6059 5509 3553 
3 6059 3553 6045 
3 6045 3553 3552 
3 6045 3552 5510 
3 5510 3552 3551 
3 5510 3551 5511 
3 5511 3551 5512 
3 5511 5512 6067 
3 6067 5512 3549 
3 6067 3549 6061 
3 6061 3549 3546 
3 6061 3546 6063 
3 6063 3546 3545 
3 6063 3545 5513 
3 5513 3545 3543 
3 5513 3543 6069 
3 6069 3543 3542 
3 6069 3542 5514 
3 5514 3542 5515 
3 5514 5515 5516 
3 5516 5515 3538 
3 5516 3538 5517 
3 5517 3538 3536 
3 5517 3536 6064 
3 6064 3536 3535 
3 6064 3535 6065 
3 6065 3535 3533 
3 6065 3533 5518 
3 5518 3533 3531 
3 5518 3531 5519 
3 5519 3531 5520 
3 5519 5520 5522 
3 5522 5520 5521 
3 5522 5521 5523 
3 5523 5521 3528 
3 5523 3528 5524 
3 5524 3528 5525 
3 5524 5525 6023 
3 6023 5525 3527 
3 6023 3527 6024 
3 6024 3527 5526 
3 6024 5526 5527 
3 5527 5526 5528 
3 5527 5528 6034 
3 6034 5528 3524 
3 6034 3524 6033 
3 6033 3524 3523 
3 6033 3523 6025 
3 6025 3523 5529 
3 6025 5529 5530 
3 5530 5529 5531 
3 5530 5531 5532 
3 5532 5531 3521 
3 5532 3521 5533 
3 5533 3521 3519 
3 5533 3519 6028 
3 6028 3519 3517 
3 6028 3517 6026 
3 6026 3517 3516 
3 6026 3516 5535 
3 5535 3516 5534 
3 5535 5534 6043 
3 6043 5534 3559 
3 6043 3559 6054 
3 6054 3559 5536 
3 6054 5536 5537 
3 5537 5536 5538 
3 5537 5538 6057 
3 6057 5538 5507 
3 11037 5539 6092 
3 3583 11022 5540 
3 5540 11022 11037 
3 5540 11037 5541 
3 5541 11037 6092 
3 6113 5995 5542 
3 5542 5995 5994 
3 5542 5994 7850 
3 5993 7857 5543 
3 5993 5543 7523 
3 7523 5543 3652 
3 7523 3652 3651 
3 7036 5544 7035 
3 7035 5544 7793 
3 7035 7793 7798 
3 3869 5545 7893 
3 7893 5545 7894 
3 3885 6672 5546 
3 5546 6672 6175 
3 6685 6717 7948 
3 7948 6717 5547 
3 6734 6769 5548 
3 5548 6769 7931 
3 6699 6222 5549 
3 5549 6222 6221 
3 3956 6641 3957 
3 3957 6641 6240 
3 6649 5550 7957 
3 7957 5550 5551 
3 3987 6708 7939 
3 7939 6708 7966 
3 4007 6282 5552 
3 5552 6282 6281 
3 5553 6724 7944 
3 7944 6724 7972 
3 4040 6627 7952 
3 7952 6627 7953 
3 6637 5555 5554 
3 5554 5555 5556 
3 6354 5558 5557 
3 5557 5558 5559 
3 5557 5559 7781 
3 8190 7360 8147 
3 8147 7360 7338 
3 8147 7338 7864 
3 7339 5560 5561 
3 5561 5560 6372 
3 7405 7374 8187 
3 8187 7374 5562 
3 3668 5563 8186 
3 8186 5563 6394 
3 7371 5564 8196 
3 8196 5564 5565 
3 7343 7373 5566 
3 5566 7373 8197 
3 6411 5568 5567 
3 5567 5568 5569 
3 3698 7412 5570 
3 5570 7412 6427 
3 5571 5572 8213 
3 8213 5572 5573 
3 5574 7378 8166 
3 8166 7378 5575 
3 7386 7351 5576 
3 5576 7351 3736 
3 7355 6467 8204 
3 8204 6467 6466 
3 5577 3757 8207 
3 8207 3757 8208 
3 5578 5579 5580 
3 5580 5579 8206 
3 6492 5581 5582 
3 5582 5581 8138 
3 5583 7391 8139 
3 8139 7391 8202 
3 6516 5584 8151 
3 8151 5584 5585 
3 5586 7431 8137 
3 8137 7431 6538 
3 7433 7395 8134 
3 8134 7395 3810 
3 3811 7396 3812 
3 3812 7396 5587 
3 5588 7368 6557 
3 6557 7368 8210 
3 3834 5589 3835 
3 3835 5589 8211 
3 7461 7460 8226 
3 8226 7460 8175 
3 7425 7463 8174 
3 8174 7463 5590 
3 7426 5592 5591 
3 5591 5592 3867 
3 6712 5593 6157 
3 6157 5593 3883 
3 5594 6686 7950 
3 7950 6686 7949 
3 5595 6710 5596 
3 5596 6710 7930 
3 6698 3937 6206 
3 6206 3937 3936 
3 6666 5597 7968 
3 7968 5597 5598 
3 6701 6633 7959 
3 7959 6633 7958 
3 6707 6675 5599 
3 5599 6675 3986 
3 6268 4006 7926 
3 7926 4006 7947 
3 6770 5600 6284 
3 6284 5600 4025 
3 6626 5601 7954 
3 7954 5601 4039 
3 6636 6623 7974 
3 7974 6623 7888 
3 6625 5603 5602 
3 5602 5603 5604 
3 5605 5606 6115 
3 6115 5606 7785 
3 7217 7218 4372 
3 4372 7218 5607 
3 4372 5607 4374 
3 4374 5607 4370 
3 4370 5607 5608 
3 4370 5608 5613 
3 5609 5611 5610 
3 5610 5611 5612 
3 5610 5612 5608 
3 5608 5612 4381 
3 5608 4381 5613 
3 5609 5610 5614 
3 5614 5610 5615 
3 5614 5615 5616 
3 4361 4359 6914 
3 6914 4359 5617 
3 6914 5617 5615 
3 5615 5617 4108 
3 5615 4108 5616 
3 5621 4356 5618 
3 5621 5618 6914 
3 6914 5618 4362 
3 6914 4362 4361 
3 5620 5619 4404 
3 5620 4404 5621 
3 5621 4404 4358 
3 5621 4358 4356 
3 5625 4273 4406 
3 5625 4406 5620 
3 5620 4406 5622 
3 5620 5622 5619 
3 4277 5623 6913 
3 6913 5623 5624 
3 6913 5624 5625 
3 5625 5624 4275 
3 5625 4275 4273 
3 4277 6913 4279 
3 4279 6913 5626 
3 4279 5626 5627 
3 4260 4283 5628 
3 5628 4283 4282 
3 5628 4282 5626 
3 5626 4282 5629 
3 5626 5629 5627 
3 6912 4245 5630 
3 6912 5630 5631 
3 5630 4785 5631 
3 5631 4785 5632 
3 5631 5632 5628 
3 5628 5632 5633 
3 5628 5633 4260 
3 4245 6912 5634 
3 5634 6912 5635 
3 5634 5635 4770 
3 5637 4761 5635 
3 5635 4761 4760 
3 5635 4760 4770 
3 4712 5636 6896 
3 6896 5636 4763 
3 6896 4763 5637 
3 5637 4763 4762 
3 5637 4762 4761 
3 4712 6896 4481 
3 4481 6896 5642 
3 4481 5642 4480 
3 5638 5639 5641 
3 5641 5639 5640 
3 5641 5640 5642 
3 5642 5640 4103 
3 5642 4103 4480 
3 5646 5643 5644 
3 5646 5644 5641 
3 5641 5644 4104 
3 5641 4104 5638 
3 6900 4484 5645 
3 6900 5645 5646 
3 5646 5645 4483 
3 5646 4483 5643 
3 5649 5651 5647 
3 5649 5647 6900 
3 6900 5647 4485 
3 6900 4485 4484 
3 4466 5648 6903 
3 6903 5648 4465 
3 6903 4465 5649 
3 5649 4465 5650 
3 5649 5650 5651 
3 4466 6903 5652 
3 5652 6903 5655 
3 5652 5655 5656 
3 4105 5653 5659 
3 5659 5653 5654 
3 5659 5654 5655 
3 5655 5654 4462 
3 5655 4462 5656 
3 5657 4515 5658 
3 5657 5658 5659 
3 5659 5658 5660 
3 5659 5660 4105 
3 4515 5657 4516 
3 4516 5657 6906 
3 4516 6906 4461 
3 6909 4883 6906 
3 6906 4883 4452 
3 6906 4452 4461 
3 4796 5661 4795 
3 4795 5661 5663 
3 4795 5663 5662 
3 5662 5663 5664 
3 5662 5664 5665 
3 5665 5664 5666 
3 5665 5666 4791 
3 4791 5666 6915 
3 4791 6915 5667 
3 5667 6915 5668 
3 5667 5668 5669 
3 5669 5668 5670 
3 5669 5670 4789 
3 4789 5670 6916 
3 4789 6916 4786 
3 4786 6916 5671 
3 4786 5671 4836 
3 4836 5671 6917 
3 4836 6917 5673 
3 5673 6917 5672 
3 5673 5672 4834 
3 4834 5672 5674 
3 4834 5674 4832 
3 4832 5674 6911 
3 4832 6911 4831 
3 4831 6911 6910 
3 4831 6910 5675 
3 5675 6910 5676 
3 5675 5676 4830 
3 4830 5676 6892 
3 4830 6892 4827 
3 4827 6892 5677 
3 4827 5677 4825 
3 4825 5677 5679 
3 4825 5679 5678 
3 5678 5679 6908 
3 5678 6908 5680 
3 5680 6908 6907 
3 5680 6907 4821 
3 4821 6907 5681 
3 4821 5681 4820 
3 4820 5681 6905 
3 4820 6905 4817 
3 4817 6905 6904 
3 4817 6904 4814 
3 4814 6904 6902 
3 4814 6902 5682 
3 5682 6902 5683 
3 5682 5683 5684 
3 5684 5683 6901 
3 5684 6901 4810 
3 4810 6901 6899 
3 4810 6899 5685 
3 5685 6899 6898 
3 5685 6898 5686 
3 5686 6898 5688 
3 5686 5688 5687 
3 5687 5688 6897 
3 5687 6897 4804 
3 4804 6897 6895 
3 4804 6895 4802 
3 4802 6895 6894 
3 4802 6894 5689 
3 5689 6894 5690 
3 5689 5690 5692 
3 5692 5690 5691 
3 5692 5691 5693 
3 5693 5691 5695 
3 5693 5695 5694 
3 5694 5695 5696 
3 5694 5696 4796 
3 4796 5696 5661 
3 5698 5697 5700 
3 5698 5700 5699 
3 5699 5700 5701 
3 5699 5701 5702 
3 5702 5701 7115 
3 5702 7115 4880 
3 4880 7115 5703 
3 4880 5703 5704 
3 5704 5703 5705 
3 5704 5705 5706 
3 5706 5705 7114 
3 5706 7114 5707 
3 5707 7114 7113 
3 5707 7113 4876 
3 4876 7113 3360 
3 4876 3360 4884 
3 5036 5034 4975 
3 3296 7138 4938 
3 4938 7138 5708 
3 4938 5708 5709 
3 5709 5708 7199 
3 5709 7199 5710 
3 5714 4934 5712 
3 5712 4934 5715 
3 5712 5715 7169 
3 5036 4975 7166 
3 7166 4975 4929 
3 7166 4929 5711 
3 5711 4929 4927 
3 5711 4927 5712 
3 5712 4927 5713 
3 5712 5713 5714 
3 5715 4932 7169 
3 7169 4932 4931 
3 7169 4931 7184 
3 4931 5716 7184 
3 7184 5716 4930 
3 7184 4930 5717 
3 5717 4930 5718 
3 5717 5718 5719 
3 5719 5718 4935 
3 5719 4935 7199 
3 7199 4935 4937 
3 7199 4937 5710 
3 8408 7220 5720 
3 8408 5720 10409 
3 10409 5720 5732 
3 10409 5732 5734 
3 8433 8435 5725 
3 5725 8435 5721 
3 5725 5721 10401 
3 10401 5721 5722 
3 10401 5722 10402 
3 10402 5722 10543 
3 10543 5722 8436 
3 10543 8436 8485 
3 8485 8439 10543 
3 10543 8439 8437 
3 10543 8437 10397 
3 10397 8437 10398 
3 8620 5724 5723 
3 5723 5724 7216 
3 8620 8428 5724 
3 5724 8428 8427 
3 5724 8427 10403 
3 10403 8427 8430 
3 10403 8430 5725 
3 5725 8430 8432 
3 5725 8432 8433 
3 5728 7213 5726 
3 5726 7213 7216 
3 5726 7216 10459 
3 10459 7216 5724 
3 5729 5727 10407 
3 10407 5727 7224 
3 10407 7224 10344 
3 10344 7224 7213 
3 10344 7213 10404 
3 10404 7213 5728 
3 10407 10406 5729 
3 5729 10406 10405 
3 5729 10405 5731 
3 10405 5730 5731 
3 5731 5730 10408 
3 5731 10408 5732 
3 5732 10408 5733 
3 5732 5733 5734 
3 1544 5759 5757 
3 5813 5735 7222 
3 7219 7217 5736 
3 5736 5737 7219 
3 7219 5737 5768 
3 7219 5768 5738 
3 5739 5740 5785 
3 5785 5740 5741 
3 5785 5741 5830 
3 5786 5742 5739 
3 5735 5813 5743 
3 5744 5832 7222 
3 7222 5735 5744 
3 5744 5735 5743 
3 5744 5743 5745 
3 5745 5743 5811 
3 5745 5811 5834 
3 5834 5811 5746 
3 5834 5746 5747 
3 5747 5746 5807 
3 5747 5807 5837 
3 5837 5807 5748 
3 5748 5807 5806 
3 5748 5806 5840 
3 5840 5806 5804 
3 5840 5804 5749 
3 5749 5804 5802 
3 5749 5802 5853 
3 5853 5802 5750 
3 5853 5750 5751 
3 5751 5750 5752 
3 5751 5752 5753 
3 5753 5752 5754 
3 5754 5752 5800 
3 5754 5800 5847 
3 5847 5800 5799 
3 5847 5799 5755 
3 5755 5799 5797 
3 5755 5797 5845 
3 5845 5797 5796 
3 5845 5796 5756 
3 5756 5796 5757 
3 5756 5757 5758 
3 5758 5757 5759 
3 5758 5759 5039 
3 4176 1540 1539 
3 4176 5783 5760 
3 5760 5783 5761 
3 4188 5764 5763 
3 5814 5815 5773 
3 5773 5815 5762 
3 5773 5762 5763 
3 5763 5762 4219 
3 5763 4219 4188 
3 4188 4187 5764 
3 5764 4187 4181 
3 5764 4181 5776 
3 5776 4181 5765 
3 5776 5765 5761 
3 5761 5765 4177 
3 5761 4177 5760 
3 4386 5771 5766 
3 5766 5771 5767 
3 5766 5767 5782 
3 5738 5768 5831 
3 5831 5768 5737 
3 5831 5737 5769 
3 5769 5737 5781 
3 5769 5781 5829 
3 5829 5781 5782 
3 5829 5782 5826 
3 5826 5782 5767 
3 5826 5767 5770 
3 5770 5767 5771 
3 5770 5771 5772 
3 5772 5771 5814 
3 5772 5814 5822 
3 5822 5814 5773 
3 5822 5773 5774 
3 5774 5773 5763 
3 5774 5763 5775 
3 5775 5763 5764 
3 5775 5764 5820 
3 5820 5764 5776 
3 5820 5776 5818 
3 5818 5776 5761 
3 5818 5761 5816 
3 5816 5761 5783 
3 5816 5783 5777 
3 5736 5778 5737 
3 5737 5778 5779 
3 5737 5779 5781 
3 5781 5779 5780 
3 5781 5780 5782 
3 5782 5780 4369 
3 5782 4369 5766 
3 5795 1545 1544 
3 1537 1542 5793 
3 5793 1542 1546 
3 2099 1537 5777 
3 4176 1539 5783 
3 5783 1539 5784 
3 5783 5784 5777 
3 5777 5784 2100 
3 5777 2100 2099 
3 5739 5785 5786 
3 5786 5785 5830 
3 5786 5830 5812 
3 5812 5830 5828 
3 5812 5828 5810 
3 5810 5828 5827 
3 5810 5827 5809 
3 5809 5827 5825 
3 5809 5825 5808 
3 5808 5825 5824 
3 5808 5824 5805 
3 5805 5824 5823 
3 5805 5823 5803 
3 5803 5823 5787 
3 5803 5787 5801 
3 5801 5787 5788 
3 5801 5788 5789 
3 5789 5788 5821 
3 5789 5821 5790 
3 5790 5821 5819 
3 5790 5819 5791 
3 5791 5819 5817 
3 5791 5817 5798 
3 5798 5817 5792 
3 5798 5792 5794 
3 5794 5792 5793 
3 5794 5793 5795 
3 5795 5793 1546 
3 5795 1546 1545 
3 1544 5757 5795 
3 5795 5757 5796 
3 5795 5796 5794 
3 5794 5796 5797 
3 5794 5797 5798 
3 5798 5797 5799 
3 5798 5799 5791 
3 5791 5799 5800 
3 5791 5800 5790 
3 5790 5800 5752 
3 5790 5752 5789 
3 5789 5752 5750 
3 5789 5750 5801 
3 5801 5750 5802 
3 5801 5802 5803 
3 5803 5802 5804 
3 5803 5804 5805 
3 5805 5804 5806 
3 5805 5806 5808 
3 5808 5806 5807 
3 5808 5807 5809 
3 5809 5807 5746 
3 5809 5746 5810 
3 5810 5746 5811 
3 5810 5811 5812 
3 5812 5811 5743 
3 5812 5743 5786 
3 5786 5743 5813 
3 5786 5813 5742 
3 4386 4385 5771 
3 5771 4385 4384 
3 5771 4384 5814 
3 5814 4384 4383 
3 5814 4383 5815 
3 1537 5793 5777 
3 5777 5793 5792 
3 5777 5792 5816 
3 5816 5792 5817 
3 5816 5817 5818 
3 5818 5817 5819 
3 5818 5819 5820 
3 5820 5819 5821 
3 5820 5821 5775 
3 5775 5821 5788 
3 5775 5788 5774 
3 5774 5788 5787 
3 5774 5787 5822 
3 5822 5787 5823 
3 5822 5823 5772 
3 5772 5823 5824 
3 5772 5824 5770 
3 5770 5824 5825 
3 5770 5825 5826 
3 5826 5825 5827 
3 5826 5827 5829 
3 5829 5827 5828 
3 5829 5828 5769 
3 5769 5828 5830 
3 5769 5830 5831 
3 5831 5830 5741 
3 5831 5741 5738 
3 7221 5832 7152 
3 7152 5832 5744 
3 7152 5744 7150 
3 7150 5744 5833 
3 7150 5833 7149 
3 7149 5833 5834 
3 7149 5834 7148 
3 7148 5834 5835 
3 7148 5835 5836 
3 5836 5835 5837 
3 5836 5837 5838 
3 5837 5839 5838 
3 5838 5839 5840 
3 5838 5840 5841 
3 5841 5840 5854 
3 5039 5036 5758 
3 5758 5036 5843 
3 5758 5843 5842 
3 5842 5843 7139 
3 5842 7139 5845 
3 5845 7139 5844 
3 5845 5844 5846 
3 5846 5844 7141 
3 5846 7141 5847 
3 5847 7141 7142 
3 5847 7142 5848 
3 5848 7142 7143 
3 5848 7143 5753 
3 5753 7143 5849 
3 5753 5849 5851 
3 5851 5849 5850 
3 5851 5850 5853 
3 5853 5850 5852 
3 5853 5852 5854 
3 5854 5852 7145 
3 5854 7145 5841 
3 5082 5175 5081 
3 5081 5175 5856 
3 5081 5856 5855 
3 5855 5856 7316 
3 5855 7316 5079 
3 5079 7316 7315 
3 5079 7315 5857 
3 5857 7315 7314 
3 5857 7314 5858 
3 5858 7314 7312 
3 5858 7312 5072 
3 5072 7312 7311 
3 5072 7311 5859 
3 5859 7311 5069 
3 5069 7311 7310 
3 5069 7310 5860 
3 5860 7310 7330 
3 5860 7330 5861 
3 5861 7330 7321 
3 5861 7321 5065 
3 5065 7321 5064 
3 5064 7321 5862 
3 5064 5862 5063 
3 5063 5862 8828 
3 5063 8828 5863 
3 7265 5865 5929 
3 5175 5864 5934 
3 5929 5865 5931 
3 5931 5865 5867 
3 5931 5867 5932 
3 5175 5934 5866 
3 5866 5934 5935 
3 5866 5935 5867 
3 5867 5935 5868 
3 5867 5868 5932 
3 5873 5870 5869 
3 5869 5870 5926 
3 5869 5926 7262 
3 5929 5871 7265 
3 7265 5871 5872 
3 7265 5872 7264 
3 7264 5872 5927 
3 7264 5927 5873 
3 5873 5927 5874 
3 5873 5874 5870 
3 5941 5880 5875 
3 5926 5876 7262 
3 7262 5876 5877 
3 7262 5877 7261 
3 7261 5877 5946 
3 7261 5946 7257 
3 7257 5946 5945 
3 7257 5945 5878 
3 5878 5945 5944 
3 5878 5944 5875 
3 5875 5944 5879 
3 5875 5879 5941 
3 5941 5940 5880 
3 5880 5940 5939 
3 5880 5939 7254 
3 7254 5939 5881 
3 7254 5881 7253 
3 7253 5881 5882 
3 7253 5882 5883 
3 5883 5882 5884 
3 5883 5884 7251 
3 7251 5884 5937 
3 7251 5937 7266 
3 7266 5937 5936 
3 7266 5936 7336 
3 7336 5936 5890 
3 5885 5989 5988 
3 2066 1594 5917 
3 5886 5887 5888 
3 5960 5889 5890 
3 5915 7334 5886 
3 7335 5914 5891 
3 5891 5914 5892 
3 5892 5899 5891 
3 5891 5899 305 
3 5891 305 1391 
3 1984 5894 5893 
3 5893 5894 2067 
3 2066 5917 5916 
3 5885 5988 5975 
3 5933 5895 1946 
3 5896 5976 5910 
3 5910 5976 5897 
3 5910 5897 5911 
3 5911 5897 325 
3 5911 325 5892 
3 5892 325 5898 
3 5892 5898 5899 
3 526 5900 5923 
3 526 525 5900 
3 5900 525 920 
3 5900 920 5901 
3 5901 920 5902 
3 5901 5902 5909 
3 5893 5904 5903 
3 5903 5904 5920 
3 5903 5920 5986 
3 5986 5920 5906 
3 5986 5906 5905 
3 5905 5906 5923 
3 5905 5923 5907 
3 5907 5923 5900 
3 5907 5900 5983 
3 5983 5900 5901 
3 5983 5901 5908 
3 5908 5901 5909 
3 5908 5909 5982 
3 5982 5909 5896 
3 5982 5896 5981 
3 5981 5896 5910 
3 5981 5910 5979 
3 5979 5910 5911 
3 5979 5911 5912 
3 5912 5911 5892 
3 5912 5892 5913 
3 5913 5892 5914 
3 5913 5914 5915 
3 5915 5914 7335 
3 5915 7335 7334 
3 2067 5916 5893 
3 5893 5916 5917 
3 5893 5917 5904 
3 5904 5917 856 
3 5904 856 5918 
3 5918 5919 5904 
3 5904 5919 855 
3 5904 855 5920 
3 5920 855 5921 
3 5920 5921 5906 
3 5906 5921 5922 
3 5906 5922 5923 
3 5923 5922 5924 
3 5923 5924 526 
3 5965 5876 5925 
3 5925 5876 5926 
3 5925 5926 5968 
3 5872 5970 5927 
3 5927 5970 5928 
3 5927 5928 5874 
3 5874 5928 5968 
3 5874 5968 5870 
3 5870 5968 5926 
3 5872 5871 5970 
3 5970 5871 5929 
3 5970 5929 5930 
3 5930 5929 5931 
3 5930 5931 5932 
3 5868 5933 5932 
3 5932 5933 5972 
3 5932 5972 5930 
3 5864 5895 5934 
3 5934 5895 5933 
3 5934 5933 5935 
3 5935 5933 5868 
3 5890 5936 5960 
3 5960 5936 5937 
3 5960 5937 5938 
3 5937 5884 5938 
3 5938 5884 5882 
3 5938 5882 5961 
3 5882 5881 5961 
3 5961 5881 5939 
3 5961 5939 5962 
3 5962 5939 5940 
3 5962 5940 5942 
3 5940 5941 5942 
3 5942 5941 5879 
3 5942 5879 5943 
3 5943 5879 5944 
3 5943 5944 5964 
3 5944 5945 5964 
3 5964 5945 5946 
3 5964 5946 5965 
3 5965 5946 5877 
3 5965 5877 5876 
3 5975 5988 5974 
3 5974 5988 5987 
3 5974 5987 5973 
3 5973 5987 5985 
3 5973 5985 5971 
3 5971 5985 5984 
3 5971 5984 5947 
3 5947 5984 5949 
3 5947 5949 5948 
3 5948 5949 5950 
3 5948 5950 5969 
3 5969 5950 5951 
3 5969 5951 5967 
3 5967 5951 5980 
3 5967 5980 5966 
3 5966 5980 5952 
3 5966 5952 5953 
3 5953 5952 5978 
3 5953 5978 5954 
3 5954 5978 5955 
3 5954 5955 5963 
3 5963 5955 5977 
3 5963 5977 5956 
3 5956 5977 5888 
3 5956 5888 5957 
3 5957 5888 5887 
3 5957 5887 5959 
3 5959 5887 5958 
3 5959 5958 7333 
3 5889 5960 7333 
3 7333 5960 5938 
3 7333 5938 5959 
3 5959 5938 5961 
3 5959 5961 5957 
3 5957 5961 5962 
3 5957 5962 5956 
3 5956 5962 5942 
3 5956 5942 5963 
3 5963 5942 5943 
3 5963 5943 5954 
3 5954 5943 5964 
3 5954 5964 5953 
3 5953 5964 5965 
3 5953 5965 5966 
3 5966 5965 5925 
3 5966 5925 5967 
3 5967 5925 5968 
3 5967 5968 5969 
3 5969 5968 5928 
3 5969 5928 5948 
3 5948 5928 5970 
3 5948 5970 5947 
3 5947 5970 5930 
3 5947 5930 5971 
3 5971 5930 5972 
3 5971 5972 5973 
3 5973 5972 5933 
3 5973 5933 5974 
3 5974 5933 1946 
3 5974 1946 5975 
3 5902 400 5909 
3 5909 400 417 
3 5909 417 5896 
3 5896 417 354 
3 5896 354 5976 
3 5886 5888 5915 
3 5915 5888 5977 
3 5915 5977 5913 
3 5913 5977 5955 
3 5913 5955 5912 
3 5912 5955 5978 
3 5912 5978 5979 
3 5979 5978 5952 
3 5979 5952 5981 
3 5981 5952 5980 
3 5981 5980 5982 
3 5982 5980 5951 
3 5982 5951 5908 
3 5908 5951 5950 
3 5908 5950 5983 
3 5983 5950 5949 
3 5983 5949 5907 
3 5907 5949 5984 
3 5907 5984 5905 
3 5905 5984 5985 
3 5905 5985 5986 
3 5986 5985 5987 
3 5986 5987 5903 
3 5903 5987 5988 
3 5903 5988 5893 
3 5893 5988 5989 
3 5893 5989 1984 
3 6097 5993 5995 
3 6016 3598 5992 
3 5992 3598 5990 
3 5992 5990 5991 
3 7523 5992 5993 
3 5993 5992 5994 
3 5993 5994 5995 
3 5991 3595 5992 
3 5992 3595 3594 
3 5992 3594 3593 
3 5995 5998 6101 
3 3593 5996 5992 
3 5992 5996 3590 
3 5992 3590 3588 
3 3588 3585 5992 
3 5992 3585 3584 
3 5992 3584 5994 
3 6101 6100 5995 
3 5995 6100 6098 
3 5995 6098 6097 
3 5995 5997 5998 
3 5998 5997 6112 
3 5998 6112 6102 
3 6102 6112 6111 
3 6102 6111 5999 
3 5999 6111 6001 
3 5999 6001 6000 
3 6000 6001 6002 
3 6000 6002 6003 
3 6003 6002 6109 
3 6003 6109 6004 
3 6004 6109 6005 
3 6004 6005 6006 
3 6006 6005 6107 
3 6006 6107 6105 
3 5992 7648 6013 
3 7664 163 7658 
3 7658 163 6007 
3 7658 6007 6018 
3 6018 6007 6008 
3 6018 6008 5204 
3 6016 6014 6009 
3 1384 157 6010 
3 6010 157 6011 
3 6010 6011 7674 
3 7674 6011 158 
3 7674 158 7675 
3 7675 158 6012 
3 7675 6012 7664 
3 7664 6012 161 
3 7664 161 163 
3 5992 6013 6016 
3 6016 6013 7640 
3 6016 7640 6014 
3 6009 6015 6016 
3 6016 6015 7643 
3 6016 7643 5204 
3 5204 7643 6017 
3 5204 6017 6018 
3 7616 3361 6019 
3 6019 3361 3357 
3 6019 3357 7634 
3 7634 3357 1384 
3 7634 1384 6020 
3 6020 1384 6010 
3 6030 4838 6029 
3 5519 6021 7616 
3 5524 6023 6022 
3 6022 6023 5390 
3 5390 6023 6024 
3 5390 6024 5372 
3 5372 6024 5377 
3 5377 6024 5527 
3 5377 5527 6031 
3 5405 6032 6025 
3 6025 6032 6033 
3 5405 6025 5222 
3 5222 6025 5530 
3 5222 5530 6038 
3 5535 6052 6026 
3 6026 6052 6027 
3 6026 6027 6028 
3 6028 6027 5500 
3 6028 5500 5498 
3 3361 7616 6029 
3 6029 7616 6021 
3 6029 6021 6030 
3 6030 6021 5523 
3 6030 5523 5386 
3 5386 5523 5524 
3 5386 5524 5388 
3 5388 5524 6022 
3 6034 5385 5527 
3 5527 5385 5384 
3 5527 5384 6031 
3 6032 5440 6033 
3 6033 5440 5439 
3 6033 5439 6034 
3 6034 5439 6035 
3 6034 6035 5385 
3 5532 6036 5530 
3 5530 6036 6037 
3 5530 6037 6038 
3 5533 6041 5532 
3 5532 6041 6039 
3 5532 6039 6036 
3 5498 5221 6028 
3 6028 5221 6040 
3 6028 6040 5533 
3 5533 6040 5423 
3 5533 5423 6041 
3 6042 6043 6044 
3 6044 6043 6054 
3 6044 6054 6053 
3 6046 5318 6045 
3 6045 5318 6059 
3 6046 6045 6047 
3 6047 6045 5510 
3 6047 5510 6048 
3 6042 6049 6043 
3 6043 6049 6050 
3 6043 6050 5535 
3 5535 6050 6051 
3 5535 6051 6052 
3 6053 6054 6055 
3 6055 6054 5537 
3 6055 5537 5305 
3 5305 5537 5301 
3 5301 5537 6057 
3 5301 6057 6056 
3 5508 6058 6057 
3 6057 6058 5302 
3 6057 5302 6056 
3 5318 5317 6059 
3 6059 5317 6060 
3 6059 6060 5508 
3 5508 6060 5300 
3 5508 5300 6058 
3 6048 5510 5308 
3 5308 5510 5511 
3 5308 5511 5315 
3 5312 5311 6061 
3 6061 5311 6062 
3 6061 6062 6067 
3 5513 5492 5493 
3 5513 5493 6063 
3 6063 5493 5494 
3 6063 5494 6061 
3 6061 5494 5314 
3 6061 5314 5312 
3 5517 6064 7679 
3 7679 6064 6065 
3 7679 6065 7616 
3 7616 6065 5518 
3 7616 5518 5519 
3 6062 5309 6067 
3 6067 5309 6066 
3 6067 6066 5511 
3 5511 6066 6068 
3 5511 6068 5315 
3 5513 6069 5492 
3 5492 6069 5514 
3 5492 5514 7679 
3 7679 5514 5516 
3 7679 5516 5517 
3 7932 6139 8108 
3 8108 6139 6070 
3 8108 6070 7701 
3 7701 6070 11482 
3 6071 8082 8083 
3 8083 8084 6071 
3 6071 8084 8091 
3 6071 8091 6072 
3 6072 8091 7733 
3 6072 7733 11003 
3 6082 6073 6084 
3 11050 11049 6075 
3 11050 6075 6074 
3 6075 11075 6074 
3 6074 11075 6076 
3 6074 6076 6077 
3 6077 6076 6078 
3 6076 6079 6078 
3 6078 6079 11074 
3 6078 11074 11028 
3 11028 11074 6080 
3 11074 11073 6080 
3 6080 11073 11077 
3 6080 11077 6081 
3 6081 11077 6082 
3 6082 11077 6083 
3 6082 6083 6073 
3 11089 11031 6084 
3 6084 11031 11030 
3 6084 11030 6082 
3 11089 6085 11031 
3 11031 6085 11090 
3 11031 11090 6086 
3 6086 11090 11092 
3 6086 11092 11032 
3 11032 11092 6087 
3 11032 6087 6089 
3 6089 6087 6088 
3 6089 6088 6090 
3 6090 6088 6091 
3 6090 6091 11034 
3 11034 6091 11097 
3 11034 11097 11035 
3 11035 11097 6092 
3 11035 6092 5539 
3 7427 8171 9076 
3 9076 8171 8170 
3 9076 8170 6093 
3 6093 8170 8037 
3 8064 8067 225 
3 11119 8059 11100 
3 11100 8059 6094 
3 11100 6094 225 
3 225 6094 8063 
3 225 8063 8064 
3 7857 5993 6095 
3 6095 5993 6097 
3 6095 6097 6096 
3 6096 6097 6098 
3 6096 6098 6099 
3 6099 6098 6100 
3 6099 6100 7856 
3 7856 6100 6101 
3 7856 6101 7854 
3 7854 6101 5998 
3 7854 5998 6103 
3 5998 6102 6103 
3 6103 6102 5999 
3 6103 5999 7855 
3 5999 6000 7855 
3 7855 6000 6003 
3 7855 6003 6104 
3 6003 6004 6104 
3 6104 6004 6006 
3 6104 6006 7852 
3 7852 6006 6105 
3 7852 6105 6106 
3 6105 6107 6106 
3 6106 6107 6005 
3 6106 6005 6108 
3 6005 6109 6108 
3 6108 6109 6002 
3 6108 6002 6110 
3 6002 6001 6110 
3 6110 6001 6111 
3 6110 6111 7853 
3 7853 6111 6112 
3 6112 5997 7853 
3 7853 5997 5995 
3 7853 5995 6113 
3 5605 6115 6114 
3 6114 6115 6116 
3 6116 6117 6114 
3 6114 6117 6121 
3 6114 6121 6120 
3 6615 6118 6119 
3 6119 6118 6120 
3 6119 6120 7789 
3 7789 6120 6121 
3 6615 6119 6616 
3 6616 6119 7788 
3 6616 7788 6122 
3 6122 7788 7786 
3 6122 7786 7025 
3 6124 6128 6123 
3 6123 7027 6124 
3 6124 7027 7026 
3 6124 7026 7786 
3 7786 7026 6125 
3 7786 6125 7025 
3 7790 6126 6128 
3 6128 6126 6127 
3 6128 6127 6123 
3 7030 7029 6129 
3 6129 7029 7028 
3 6129 7028 7790 
3 7790 7028 6130 
3 7790 6130 6126 
3 7030 6129 6131 
3 6131 6129 6134 
3 6131 6134 6132 
3 6132 6134 6133 
3 6133 6134 7791 
3 6133 7791 6135 
3 6135 7791 6136 
3 6136 7791 6137 
3 6136 6137 6138 
3 6138 6137 7031 
3 7031 6137 5544 
3 7031 5544 7036 
3 6745 6744 6145 
3 6139 7932 7933 
3 6139 7933 6140 
3 6140 7933 6141 
3 6140 6141 6142 
3 6142 6141 6144 
3 6142 6144 6740 
3 6145 6744 7971 
3 6744 6143 7971 
3 7971 6143 6743 
3 7971 6743 6144 
3 6144 6743 6741 
3 6144 6741 6740 
3 6745 6145 6146 
3 6146 6145 7969 
3 6146 7969 6147 
3 6147 7969 6149 
3 6147 6149 6148 
3 6148 6149 6150 
3 6150 6149 7970 
3 6150 7970 6151 
3 6151 7970 6152 
3 6152 7970 6153 
3 6152 6153 6742 
3 6742 6153 6154 
3 6154 6153 7961 
3 6154 7961 6668 
3 6668 7961 7962 
3 6668 7962 6155 
3 6155 7962 6156 
3 6155 6156 6654 
3 6654 6156 7894 
3 6654 7894 5545 
3 6789 6161 6164 
3 6712 6157 6158 
3 6712 6158 6714 
3 6714 6158 7994 
3 6714 7994 6159 
3 6159 7994 6162 
3 6159 6162 6160 
3 6164 6161 7995 
3 6161 6786 7995 
3 7995 6786 6784 
3 7995 6784 6162 
3 6162 6784 6163 
3 6162 6163 6160 
3 6789 6164 6790 
3 6790 6164 6165 
3 6790 6165 6166 
3 6166 6165 6168 
3 6166 6168 6167 
3 6167 6168 6788 
3 6788 6168 6170 
3 6788 6170 6787 
3 6787 6170 6169 
3 6169 6170 7992 
3 6169 7992 6785 
3 6785 7992 6713 
3 6713 7992 7993 
3 6713 7993 6171 
3 6171 7993 6172 
3 6171 6172 6706 
3 6706 6172 6173 
3 6706 6173 6174 
3 6174 6173 6175 
3 6174 6175 6672 
3 6798 6176 6177 
3 5594 7950 7951 
3 5594 7951 6178 
3 6178 7951 6179 
3 6178 6179 6794 
3 6794 6179 6180 
3 6794 6180 6184 
3 6177 6176 6181 
3 6176 6795 6181 
3 6181 6795 6182 
3 6181 6182 6180 
3 6180 6182 6183 
3 6180 6183 6184 
3 6798 6177 6799 
3 6799 6177 6186 
3 6799 6186 6185 
3 6185 6186 6187 
3 6185 6187 6797 
3 6797 6187 6188 
3 6188 6187 8013 
3 6188 8013 6796 
3 6796 8013 6189 
3 6189 8013 6190 
3 6189 6190 6191 
3 6191 6190 6192 
3 6192 6190 8012 
3 6192 8012 6715 
3 6715 8012 8025 
3 6715 8025 6716 
3 6716 8025 6194 
3 6716 6194 6193 
3 6193 6194 5547 
3 6193 5547 6717 
3 6853 6852 8011 
3 5595 5596 7964 
3 5595 7964 6196 
3 6196 7964 6195 
3 6196 6195 6845 
3 6845 6195 7986 
3 6845 7986 6846 
3 8011 6852 6197 
3 6852 6851 6197 
3 6197 6851 6198 
3 6197 6198 7986 
3 7986 6198 6848 
3 7986 6848 6846 
3 6853 8011 6199 
3 6199 8011 6200 
3 6199 6200 6201 
3 6201 6200 8009 
3 6201 8009 6854 
3 6854 8009 6202 
3 6202 8009 8008 
3 6202 8008 6850 
3 6850 8008 6849 
3 6849 8008 8010 
3 6849 8010 6847 
3 6847 8010 6783 
3 6783 8010 7985 
3 6783 7985 6203 
3 6203 7985 6204 
3 6203 6204 6768 
3 6768 6204 7965 
3 6768 7965 6205 
3 6205 7965 7931 
3 6205 7931 6769 
3 6809 6208 7980 
3 6698 6206 7960 
3 6698 7960 6207 
3 6207 7960 7977 
3 6207 7977 6739 
3 6739 7977 6209 
3 6739 6209 6805 
3 7980 6208 7984 
3 6208 6807 7984 
3 7984 6807 6806 
3 7984 6806 6209 
3 6209 6806 6210 
3 6209 6210 6805 
3 6809 7980 6211 
3 6211 7980 7979 
3 6211 7979 6212 
3 6212 7979 6214 
3 6212 6214 6213 
3 6213 6214 6808 
3 6808 6214 7983 
3 6808 7983 6215 
3 6215 7983 6216 
3 6216 7983 7982 
3 6216 7982 6217 
3 6217 7982 6738 
3 6738 7982 7981 
3 6738 7981 6218 
3 6218 7981 7978 
3 6218 7978 6219 
3 6219 7978 6220 
3 6219 6220 6727 
3 6727 6220 6221 
3 6727 6221 6222 
3 6760 6228 6227 
3 6666 7968 6223 
3 6666 6223 6224 
3 6224 6223 8024 
3 6224 8024 6225 
3 6225 8024 6231 
3 6225 6231 6226 
3 6227 6228 6230 
3 6228 6229 6230 
3 6230 6229 6758 
3 6230 6758 6231 
3 6231 6758 6757 
3 6231 6757 6226 
3 6760 6227 6761 
3 6761 6227 8028 
3 6761 8028 6762 
3 6762 8028 6232 
3 6762 6232 6233 
3 6233 6232 6759 
3 6759 6232 8027 
3 6759 8027 6234 
3 6234 8027 6235 
3 6235 8027 6237 
3 6235 6237 6236 
3 6236 6237 6678 
3 6678 6237 8007 
3 6678 8007 6665 
3 6665 8007 6238 
3 6665 6238 6239 
3 6239 6238 8023 
3 6239 8023 6667 
3 6667 8023 6240 
3 6667 6240 6641 
3 6777 6775 6246 
3 6701 7959 7976 
3 6701 7976 6241 
3 6241 7976 6242 
3 6241 6242 6703 
3 6703 6242 6243 
3 6703 6243 6245 
3 6246 6775 8006 
3 6775 6774 8006 
3 8006 6774 6771 
3 8006 6771 6243 
3 6243 6771 6244 
3 6243 6244 6245 
3 6777 6246 6779 
3 6779 6246 6247 
3 6779 6247 6780 
3 6780 6247 6248 
3 6780 6248 6778 
3 6778 6248 6776 
3 6776 6248 8022 
3 6776 8022 6249 
3 6249 8022 6773 
3 6773 8022 8021 
3 6773 8021 6772 
3 6772 8021 6702 
3 6702 8021 6250 
3 6702 6250 6700 
3 6700 6250 6251 
3 6700 6251 6252 
3 6252 6251 6253 
3 6252 6253 6254 
3 6254 6253 5551 
3 6254 5551 5550 
3 6816 6258 6257 
3 6707 5599 7967 
3 6707 7967 6746 
3 6746 7967 6255 
3 6746 6255 6747 
3 6747 6255 8004 
3 6747 8004 6256 
3 6257 6258 6259 
3 6258 6813 6259 
3 6259 6813 6812 
3 6259 6812 8004 
3 8004 6812 6811 
3 8004 6811 6256 
3 6816 6257 6818 
3 6818 6257 8002 
3 6818 8002 6260 
3 6260 8002 8003 
3 6260 8003 6817 
3 6817 8003 6815 
3 6815 8003 8005 
3 6815 8005 6814 
3 6814 8005 6261 
3 6261 8005 6263 
3 6261 6263 6262 
3 6262 6263 6810 
3 6810 6263 8000 
3 6810 8000 6264 
3 6264 8000 8001 
3 6264 8001 6265 
3 6265 8001 6267 
3 6265 6267 6266 
3 6266 6267 7966 
3 6266 7966 6708 
3 6827 6825 6270 
3 6268 7926 7989 
3 6268 7989 6269 
3 6269 7989 7991 
3 6269 7991 6819 
3 6819 7991 8026 
3 6819 8026 6820 
3 6270 6825 6271 
3 6825 6823 6271 
3 6271 6823 6822 
3 6271 6822 8026 
3 8026 6822 6272 
3 8026 6272 6820 
3 6827 6270 6828 
3 6828 6270 8020 
3 6828 8020 6273 
3 6273 8020 8018 
3 6273 8018 6274 
3 6274 8018 6826 
3 6826 8018 8019 
3 6826 8019 6275 
3 6275 8019 6824 
3 6824 8019 6276 
3 6824 6276 6821 
3 6821 6276 6763 
3 6763 6276 6277 
3 6763 6277 6278 
3 6278 6277 6279 
3 6278 6279 6280 
3 6280 6279 7990 
3 6280 7990 6748 
3 6748 7990 6281 
3 6748 6281 6282 
3 6842 6841 6283 
3 6770 6284 8015 
3 6770 8015 6285 
3 6285 8015 6286 
3 6285 6286 6834 
3 6834 6286 8014 
3 6834 8014 6287 
3 6283 6841 8016 
3 6841 6840 8016 
3 8016 6840 6838 
3 8016 6838 8014 
3 8014 6838 6837 
3 8014 6837 6287 
3 6842 6283 6843 
3 6843 6283 6288 
3 6843 6288 6844 
3 6844 6288 6291 
3 6844 6291 6289 
3 6289 6291 6290 
3 6290 6291 8017 
3 6290 8017 6292 
3 6292 8017 6839 
3 6839 8017 6293 
3 6839 6293 6836 
3 6836 6293 6835 
3 6835 6293 6294 
3 6835 6294 6295 
3 6295 6294 6296 
3 6295 6296 6297 
3 6297 6296 6298 
3 6297 6298 6299 
3 6299 6298 7972 
3 6299 7972 6724 
3 6733 6732 6300 
3 6626 7954 7987 
3 6626 7987 6301 
3 6301 7987 7999 
3 6301 7999 6302 
3 6302 7999 6306 
3 6302 6306 6728 
3 6300 6732 6303 
3 6732 6304 6303 
3 6303 6304 6305 
3 6303 6305 6306 
3 6306 6305 6307 
3 6306 6307 6728 
3 6733 6300 6308 
3 6308 6300 6309 
3 6308 6309 6310 
3 6310 6309 6312 
3 6310 6312 6311 
3 6311 6312 6314 
3 6314 6312 6313 
3 6314 6313 6731 
3 6731 6313 6730 
3 6730 6313 7975 
3 6730 7975 6729 
3 6729 7975 6315 
3 6315 7975 6316 
3 6315 6316 6653 
3 6653 6316 6317 
3 6653 6317 6646 
3 6646 6317 7988 
3 6646 7988 6647 
3 6647 7988 7953 
3 6647 7953 6627 
3 6755 6322 6324 
3 6636 7974 7973 
3 6636 7973 6318 
3 6318 7973 6319 
3 6318 6319 6677 
3 6677 6319 6320 
3 6677 6320 6321 
3 6324 6322 7996 
3 6322 6752 7996 
3 7996 6752 6323 
3 7996 6323 6320 
3 6320 6323 6750 
3 6320 6750 6321 
3 6755 6324 6756 
3 6756 6324 7998 
3 6756 7998 6325 
3 6325 7998 6326 
3 6325 6326 6327 
3 6327 6326 6754 
3 6754 6326 6328 
3 6754 6328 6753 
3 6753 6328 6751 
3 6751 6328 7997 
3 6751 7997 6329 
3 6329 7997 6749 
3 6749 7997 6330 
3 6749 6330 6663 
3 6663 6330 6331 
3 6663 6331 6332 
3 6332 6331 7943 
3 6332 7943 6664 
3 6664 7943 5556 
3 6664 5556 5555 
3 6341 6336 6333 
3 6625 5602 6334 
3 6625 6334 6645 
3 6645 6334 7934 
3 6645 7934 6335 
3 6335 7934 6339 
3 6335 6339 6718 
3 6333 6336 7963 
3 6336 6337 7963 
3 7963 6337 6338 
3 7963 6338 6339 
3 6339 6338 6340 
3 6339 6340 6718 
3 6341 6333 6342 
3 6342 6333 6343 
3 6342 6343 6344 
3 6344 6343 6345 
3 6344 6345 6723 
3 6723 6345 6722 
3 6722 6345 6346 
3 6722 6346 6721 
3 6721 6346 6720 
3 6720 6346 6347 
3 6720 6347 6719 
3 6719 6347 6644 
3 6644 6347 6348 
3 6644 6348 6349 
3 6349 6348 6351 
3 6349 6351 6350 
3 6350 6351 6352 
3 6350 6352 6353 
3 6353 6352 5558 
3 6353 5558 6354 
3 7414 7417 6363 
3 7360 8190 6355 
3 7360 6355 7361 
3 7361 6355 6356 
3 7361 6356 6357 
3 6357 6356 6358 
3 6357 6358 7362 
3 6361 7421 6358 
3 6358 7421 7423 
3 6358 7423 7362 
3 6363 7417 6359 
3 7417 7418 6359 
3 6359 7418 6360 
3 6359 6360 6361 
3 6361 6360 6362 
3 6361 6362 7421 
3 7414 6363 7415 
3 7415 6363 8221 
3 7415 8221 7416 
3 7416 8221 6364 
3 7416 6364 7419 
3 7419 6364 7420 
3 7420 6364 6365 
3 7420 6365 6366 
3 6366 6365 7422 
3 7422 6365 6367 
3 7422 6367 6368 
3 6368 6367 8220 
3 6368 8220 6369 
3 6369 8220 6371 
3 6369 6371 6370 
3 6370 6371 6372 
3 6370 6372 5560 
3 6382 7474 6373 
3 7405 8187 8188 
3 7405 8188 7406 
3 7406 8188 6374 
3 7406 6374 6375 
3 6375 6374 6376 
3 6375 6376 6377 
3 6380 6381 6376 
3 6376 6381 7479 
3 6376 7479 6377 
3 6373 7474 6378 
3 7474 7475 6378 
3 6378 7475 6379 
3 6378 6379 6380 
3 6380 6379 7478 
3 6380 7478 6381 
3 6382 6373 6384 
3 6384 6373 6383 
3 6384 6383 7476 
3 7476 6383 6385 
3 7476 6385 7477 
3 7477 6385 6386 
3 6386 6385 6388 
3 6386 6388 6387 
3 6387 6388 6389 
3 6389 6388 6390 
3 6389 6390 7480 
3 7480 6390 8189 
3 7480 8189 6391 
3 6391 8189 6393 
3 6391 6393 6392 
3 6392 6393 6394 
3 6392 6394 5563 
3 6395 6396 6397 
3 7371 8196 6398 
3 7371 6398 6399 
3 6399 6398 8219 
3 6399 8219 7372 
3 7372 8219 6400 
3 7372 6400 6401 
3 8216 7443 6400 
3 6400 7443 7444 
3 6400 7444 6401 
3 6397 6396 6402 
3 6396 7439 6402 
3 6402 7439 7440 
3 6402 7440 8216 
3 8216 7440 7442 
3 8216 7442 7443 
3 6395 6397 7437 
3 7437 6397 6403 
3 7437 6403 7438 
3 7438 6403 6405 
3 7438 6405 6404 
3 6404 6405 7441 
3 7441 6405 6406 
3 7441 6406 6407 
3 6407 6406 6408 
3 6408 6406 8215 
3 6408 8215 6409 
3 6409 8215 8199 
3 6409 8199 7445 
3 7445 8199 8198 
3 7445 8198 6410 
3 6410 8198 8197 
3 6410 8197 7373 
3 7481 7482 8237 
3 6411 5567 6412 
3 6411 6412 7413 
3 7413 6412 8235 
3 7413 8235 6413 
3 6413 8235 8236 
3 6413 8236 6416 
3 6414 6415 8236 
3 8236 6415 7489 
3 8236 7489 6416 
3 8237 7482 8238 
3 7482 7485 8238 
3 8238 7485 6417 
3 8238 6417 6414 
3 6414 6417 7487 
3 6414 7487 6415 
3 7481 8237 7483 
3 7483 8237 6418 
3 7483 6418 7484 
3 7484 6418 6419 
3 7484 6419 7486 
3 7486 6419 6420 
3 6420 6419 6421 
3 6420 6421 7488 
3 7488 6421 7490 
3 7490 6421 6422 
3 7490 6422 7491 
3 7491 6422 6423 
3 7491 6423 6425 
3 6425 6423 6424 
3 6425 6424 6426 
3 6426 6424 6427 
3 6426 6427 7412 
3 6437 7449 6438 
3 5571 8213 8214 
3 5571 8214 6428 
3 6428 8214 6429 
3 6428 6429 7379 
3 7379 6429 6431 
3 7379 6431 6430 
3 6435 7452 6431 
3 6431 7452 7380 
3 6431 7380 6430 
3 6438 7449 6433 
3 7449 6432 6433 
3 6433 6432 6434 
3 6433 6434 6435 
3 6435 6434 6436 
3 6435 6436 7452 
3 6437 6438 7448 
3 7448 6438 6439 
3 7448 6439 6440 
3 6440 6439 8241 
3 6440 8241 7450 
3 7450 8241 6441 
3 6441 8241 6442 
3 6441 6442 7451 
3 7451 6442 7453 
3 7453 6442 8240 
3 7453 8240 6443 
3 6443 8240 6444 
3 6443 6444 6445 
3 6445 6444 6446 
3 6445 6446 7381 
3 7381 6446 5575 
3 7381 5575 7378 
3 6456 6451 8244 
3 7386 5576 8179 
3 7386 8179 6447 
3 6447 8179 6448 
3 6447 6448 6449 
3 6449 6448 6450 
3 6449 6450 7387 
3 6455 7456 6450 
3 6450 7456 7459 
3 6450 7459 7387 
3 8244 6451 6453 
3 6451 6452 6453 
3 6453 6452 6454 
3 6453 6454 6455 
3 6455 6454 7455 
3 6455 7455 7456 
3 6456 8244 6457 
3 6457 8244 6458 
3 6457 6458 6459 
3 6459 6458 6460 
3 6459 6460 7454 
3 7454 6460 6461 
3 6461 6460 6462 
3 6461 6462 7457 
3 7457 6462 7458 
3 7458 6462 8243 
3 7458 8243 6463 
3 6463 8243 8242 
3 6463 8242 6464 
3 6464 8242 8180 
3 6464 8180 6465 
3 6465 8180 6466 
3 6465 6466 6467 
3 6480 6468 6469 
3 5577 8207 6470 
3 5577 6470 6471 
3 6471 6470 6472 
3 6471 6472 6473 
3 6473 6472 8246 
3 6473 8246 6474 
3 6478 6479 8246 
3 8246 6479 7446 
3 8246 7446 6474 
3 6469 6468 6475 
3 6468 7509 6475 
3 6475 7509 6476 
3 6475 6476 6478 
3 6478 6476 6477 
3 6478 6477 6479 
3 6480 6469 7508 
3 7508 6469 6482 
3 7508 6482 6481 
3 6481 6482 6483 
3 6481 6483 6484 
3 6484 6483 6485 
3 6485 6483 8245 
3 6485 8245 7510 
3 7510 8245 7511 
3 7511 8245 6486 
3 7511 6486 6487 
3 6487 6486 6488 
3 6487 6488 6489 
3 6489 6488 6490 
3 6489 6490 7447 
3 7447 6490 8206 
3 7447 8206 5579 
3 7465 6497 6491 
3 6492 5582 8234 
3 6492 8234 6493 
3 6493 8234 8233 
3 6493 8233 6494 
3 6494 8233 6496 
3 6494 6496 7390 
3 6501 6495 6496 
3 6496 6495 7467 
3 6496 7467 7390 
3 6491 6497 6500 
3 6497 6498 6500 
3 6500 6498 6499 
3 6500 6499 6501 
3 6501 6499 7466 
3 6501 7466 6495 
3 7465 6491 6502 
3 6502 6491 6503 
3 6502 6503 6504 
3 6504 6503 6506 
3 6504 6506 6505 
3 6505 6506 6507 
3 6507 6506 6508 
3 6507 6508 6509 
3 6509 6508 7468 
3 7468 6508 6510 
3 7468 6510 7469 
3 7469 6510 6511 
3 7469 6511 6512 
3 6512 6511 6513 
3 6512 6513 6514 
3 6514 6513 8202 
3 6514 8202 7391 
3 7500 6515 6526 
3 6516 8151 6518 
3 6516 6518 6517 
3 6517 6518 6519 
3 6517 6519 7430 
3 7430 6519 8217 
3 7430 8217 7432 
3 6524 6525 8217 
3 8217 6525 7501 
3 8217 7501 7432 
3 6526 6515 6520 
3 6515 6521 6520 
3 6520 6521 6522 
3 6520 6522 6524 
3 6524 6522 6523 
3 6524 6523 6525 
3 7500 6526 6527 
3 6527 6526 6529 
3 6527 6529 6528 
3 6528 6529 6530 
3 6528 6530 6531 
3 6531 6530 6532 
3 6532 6530 6533 
3 6532 6533 6534 
3 6534 6533 6535 
3 6535 6533 8218 
3 6535 8218 6536 
3 6536 8218 8212 
3 6536 8212 6537 
3 6537 8212 8165 
3 6537 8165 6539 
3 6539 8165 6538 
3 6539 6538 7431 
3 6545 7502 8231 
3 7433 8134 8205 
3 7433 8205 7434 
3 7434 8205 6541 
3 7434 6541 6540 
3 6540 6541 6542 
3 6540 6542 7435 
3 6543 7505 6542 
3 6542 7505 7436 
3 6542 7436 7435 
3 8231 7502 8201 
3 7502 7503 8201 
3 8201 7503 7504 
3 8201 7504 6543 
3 6543 7504 6544 
3 6543 6544 7505 
3 6545 8231 6546 
3 6546 8231 6547 
3 6546 6547 6548 
3 6548 6547 8232 
3 6548 8232 6549 
3 6549 8232 6550 
3 6550 8232 6551 
3 6550 6551 7506 
3 7506 6551 7507 
3 7507 6551 8230 
3 7507 8230 6552 
3 6552 8230 6554 
3 6552 6554 6553 
3 6553 6554 8192 
3 6553 8192 6555 
3 6555 8192 5587 
3 6555 5587 7396 
3 6556 6560 6559 
3 5588 6557 8249 
3 5588 8249 6558 
3 6558 8249 8248 
3 6558 8248 7400 
3 7400 8248 8253 
3 7400 8253 7401 
3 6564 6565 8253 
3 8253 6565 7402 
3 8253 7402 7401 
3 6559 6560 6563 
3 6560 6561 6563 
3 6563 6561 6562 
3 6563 6562 6564 
3 6564 6562 7472 
3 6564 7472 6565 
3 6556 6559 7470 
3 7470 6559 8251 
3 7470 8251 6566 
3 6566 8251 8250 
3 6566 8250 6567 
3 6567 8250 7471 
3 7471 8250 8252 
3 7471 8252 7473 
3 7473 8252 6568 
3 6568 8252 6569 
3 6568 6569 6570 
3 6570 6569 8247 
3 6570 8247 6571 
3 6571 8247 8200 
3 6571 8200 6572 
3 6572 8200 8211 
3 6572 8211 5589 
3 6573 6579 6578 
3 7461 8226 8227 
3 7461 8227 7462 
3 7462 8227 6574 
3 7462 6574 6575 
3 6575 6574 6576 
3 6575 6576 6577 
3 8239 6584 6576 
3 6576 6584 7514 
3 6576 7514 6577 
3 6578 6579 6582 
3 6579 6580 6582 
3 6582 6580 6581 
3 6582 6581 8239 
3 8239 6581 6583 
3 8239 6583 6584 
3 6573 6578 6585 
3 6585 6578 6587 
3 6585 6587 6586 
3 6586 6587 6588 
3 6586 6588 7512 
3 7512 6588 7513 
3 7513 6588 6589 
3 7513 6589 6590 
3 6590 6589 6591 
3 6591 6589 6592 
3 6591 6592 6593 
3 6593 6592 8229 
3 6593 8229 7464 
3 7464 8229 8228 
3 7464 8228 6594 
3 6594 8228 5590 
3 6594 5590 7463 
3 6595 6601 8225 
3 7426 5591 6596 
3 7426 6596 7428 
3 7428 6596 6597 
3 7428 6597 7429 
3 7429 6597 6599 
3 7429 6599 6598 
3 6603 7497 6599 
3 6599 7497 6600 
3 6599 6600 6598 
3 8225 6601 8223 
3 6601 6602 8223 
3 8223 6602 7496 
3 8223 7496 6603 
3 6603 7496 6604 
3 6603 6604 7497 
3 6595 8225 7492 
3 7492 8225 8224 
3 7492 8224 7493 
3 7493 8224 8222 
3 7493 8222 7494 
3 7494 8222 7495 
3 7495 8222 6605 
3 7495 6605 7498 
3 7498 6605 7499 
3 7499 6605 6607 
3 7499 6607 6606 
3 6606 6607 6608 
3 6606 6608 6609 
3 6609 6608 8172 
3 6609 8172 6610 
3 6610 8172 8171 
3 6610 8171 7427 
3 6801 4084 6611 
3 6611 4084 6612 
3 6611 6612 5603 
3 6638 4064 4066 
3 6613 4076 6801 
3 6801 4076 4077 
3 6801 4077 4079 
3 4079 4080 6801 
3 6801 4080 4082 
3 6801 4082 4084 
3 6872 6620 4041 
3 4041 6620 6614 
3 4041 6614 5601 
3 7034 8388 7032 
3 7032 8388 6921 
3 7032 6921 6624 
3 6615 6616 6624 
3 6624 6616 6122 
3 6624 6122 7032 
3 4034 4036 6872 
3 6872 4036 4037 
3 6872 4037 6617 
3 6617 6618 6872 
3 6872 6618 6619 
3 6872 6619 6620 
3 6651 6621 6650 
3 4064 6638 6622 
3 6622 6638 4062 
3 6622 4062 6623 
3 4070 4071 6638 
3 6804 4086 6887 
3 6887 4086 5606 
3 6887 5606 6624 
3 6624 5606 5605 
3 6624 5605 6114 
3 6625 6354 5603 
3 5603 6354 5557 
3 5603 5557 6611 
3 6114 6120 6624 
3 6624 6120 6118 
3 6624 6118 6615 
3 6626 6627 5601 
3 5601 6627 4040 
3 5601 4040 4041 
3 6629 3950 6628 
3 6628 6630 6629 
3 6629 6630 6631 
3 6629 6631 6639 
3 6621 6651 3973 
3 3973 6651 6632 
3 3973 6632 6633 
3 6634 3976 6651 
3 6669 6635 3870 
3 6636 5555 6623 
3 6623 5555 6637 
3 6623 6637 6622 
3 4066 4067 6638 
3 6638 4067 4068 
3 6638 4068 4070 
3 6349 6350 6625 
3 6625 6350 6353 
3 6625 6353 6354 
3 6639 6640 6629 
3 6629 6640 3954 
3 6629 3954 3959 
3 3959 3954 3955 
3 3959 3955 3956 
3 3956 3955 5597 
3 3956 5597 6641 
3 6641 5597 6666 
3 6139 5545 6070 
3 6070 5545 3869 
3 6070 3869 6669 
3 6669 3869 6642 
3 6669 6642 6635 
3 3887 6684 3886 
3 3886 6684 3882 
3 3886 3882 5593 
3 6661 3940 6643 
3 6349 6625 6644 
3 6644 6625 6645 
3 6644 6645 6335 
3 6653 6646 6626 
3 6626 6646 6647 
3 6626 6647 6627 
3 6657 3902 6648 
3 6648 3902 3903 
3 6648 3903 6686 
3 6701 5550 6633 
3 6633 5550 6649 
3 6633 6649 3973 
3 6650 6652 6651 
3 6651 6652 3975 
3 6651 3975 6634 
3 6653 6626 6315 
3 6315 6626 6301 
3 6315 6301 6302 
3 6668 6155 6139 
3 6139 6155 6654 
3 6139 6654 5545 
3 6671 3877 6669 
3 6669 3877 6831 
3 6655 6656 6657 
3 6657 6656 6658 
3 6657 6658 6659 
3 6659 3898 6657 
3 6657 3898 6660 
3 6657 6660 3902 
3 3940 6661 3939 
3 3939 6661 6662 
3 3939 6662 3937 
3 3944 3946 6661 
3 6663 6332 6636 
3 6636 6332 6664 
3 6636 6664 5555 
3 6665 6239 6666 
3 6666 6239 6667 
3 6666 6667 6641 
3 6668 6139 6154 
3 6154 6139 6140 
3 6154 6140 6142 
3 3873 3875 6669 
3 6669 3875 6670 
3 6669 6670 6671 
3 3887 6831 6679 
3 6712 6672 5593 
3 5593 6672 3885 
3 5593 3885 3886 
3 3989 3985 6673 
3 6673 3985 6674 
3 6673 6674 6675 
3 6725 6676 4027 
3 6663 6636 6749 
3 6749 6636 6318 
3 6749 6318 6677 
3 6665 6666 6678 
3 6678 6666 6224 
3 6678 6224 6225 
3 6679 6680 3887 
3 3887 6680 6681 
3 3887 6681 6682 
3 6682 3880 3887 
3 3887 3880 6683 
3 3887 6683 6684 
3 5594 6717 6686 
3 6686 6717 6685 
3 6686 6685 6648 
3 3981 6687 3989 
3 3989 6687 6688 
3 3989 6688 3982 
3 3982 6689 3989 
3 3989 6689 3984 
3 3989 3984 3985 
3 4010 6690 4008 
3 4008 6690 4005 
3 4008 4005 4006 
3 6736 3923 6691 
3 6700 6252 6701 
3 6701 6252 6254 
3 6701 6254 5550 
3 6692 6693 4010 
3 4010 6693 4001 
3 4010 4001 6694 
3 6694 4003 4010 
3 4010 4003 4004 
3 4010 4004 6690 
3 6676 6725 6695 
3 6695 6725 6696 
3 6695 6696 5600 
3 6697 4032 6725 
3 6698 6222 3937 
3 3937 6222 6699 
3 3937 6699 3939 
3 6643 3941 6661 
3 6661 3941 3942 
3 6661 3942 3944 
3 6700 6701 6702 
3 6702 6701 6241 
3 6702 6241 6703 
3 3870 6704 6669 
3 6669 6704 6705 
3 6669 6705 3873 
3 6171 6706 6712 
3 6712 6706 6174 
3 6712 6174 6672 
3 6707 6708 6675 
3 6675 6708 3987 
3 6675 3987 6673 
3 3923 6736 3922 
3 3922 6736 6709 
3 3922 6709 6710 
3 6737 6711 6736 
3 6171 6712 6713 
3 6713 6712 6714 
3 6713 6714 6159 
3 6715 6716 5594 
3 5594 6716 6193 
3 5594 6193 6717 
3 6268 6282 4006 
3 4006 6282 4007 
3 4006 4007 4008 
3 6335 6718 6644 
3 6644 6718 6340 
3 6644 6340 6719 
3 6719 6340 6338 
3 6719 6338 6720 
3 6720 6338 6337 
3 6720 6337 6721 
3 6721 6337 6336 
3 6721 6336 6722 
3 6722 6336 6341 
3 6722 6341 6723 
3 6723 6341 6342 
3 6723 6342 6344 
3 6715 5594 6192 
3 6192 5594 6178 
3 6192 6178 6794 
3 6770 6724 5600 
3 5600 6724 5553 
3 5600 5553 6695 
3 4027 4029 6725 
3 6725 4029 6726 
3 6725 6726 6697 
3 6218 6219 6698 
3 6698 6219 6727 
3 6698 6727 6222 
3 6302 6728 6315 
3 6315 6728 6307 
3 6315 6307 6729 
3 6729 6307 6305 
3 6729 6305 6730 
3 6730 6305 6304 
3 6730 6304 6731 
3 6731 6304 6732 
3 6731 6732 6314 
3 6314 6732 6733 
3 6314 6733 6311 
3 6311 6733 6308 
3 6311 6308 6310 
3 6264 6265 6707 
3 6707 6265 6266 
3 6707 6266 6708 
3 5595 6769 6710 
3 6710 6769 6734 
3 6710 6734 3922 
3 6691 3925 6736 
3 6736 3925 6735 
3 6736 6735 6737 
3 6218 6698 6738 
3 6738 6698 6207 
3 6738 6207 6739 
3 6142 6740 6154 
3 6154 6740 6741 
3 6154 6741 6742 
3 6742 6741 6743 
3 6742 6743 6152 
3 6152 6743 6143 
3 6152 6143 6151 
3 6151 6143 6744 
3 6151 6744 6150 
3 6150 6744 6745 
3 6150 6745 6148 
3 6148 6745 6146 
3 6148 6146 6147 
3 6264 6707 6810 
3 6810 6707 6746 
3 6810 6746 6747 
3 6278 6280 6268 
3 6268 6280 6748 
3 6268 6748 6282 
3 6677 6321 6749 
3 6749 6321 6750 
3 6749 6750 6329 
3 6329 6750 6323 
3 6329 6323 6751 
3 6751 6323 6752 
3 6751 6752 6753 
3 6753 6752 6322 
3 6753 6322 6754 
3 6754 6322 6755 
3 6754 6755 6327 
3 6327 6755 6756 
3 6327 6756 6325 
3 6225 6226 6678 
3 6678 6226 6757 
3 6678 6757 6236 
3 6236 6757 6758 
3 6236 6758 6235 
3 6235 6758 6229 
3 6235 6229 6234 
3 6234 6229 6228 
3 6234 6228 6759 
3 6759 6228 6760 
3 6759 6760 6233 
3 6233 6760 6761 
3 6233 6761 6762 
3 6278 6268 6763 
3 6763 6268 6269 
3 6763 6269 6819 
3 4095 6764 6887 
3 6887 6764 4094 
3 6295 6297 6770 
3 6770 6297 6299 
3 6770 6299 6724 
3 4071 4073 6638 
3 6638 4073 6765 
3 6638 6765 4060 
3 4095 6887 6766 
3 6766 6887 6767 
3 6766 6767 4097 
3 6203 6768 5595 
3 5595 6768 6205 
3 5595 6205 6769 
3 6295 6770 6835 
3 6835 6770 6285 
3 6835 6285 6834 
3 6703 6245 6702 
3 6702 6245 6244 
3 6702 6244 6772 
3 6772 6244 6771 
3 6772 6771 6773 
3 6773 6771 6774 
3 6773 6774 6249 
3 6249 6774 6775 
3 6249 6775 6776 
3 6776 6775 6777 
3 6776 6777 6778 
3 6778 6777 6779 
3 6778 6779 6780 
3 4098 6781 6767 
3 6767 6781 6782 
3 6767 6782 4097 
3 6203 5595 6783 
3 6783 5595 6196 
3 6783 6196 6845 
3 6159 6160 6713 
3 6713 6160 6163 
3 6713 6163 6785 
3 6785 6163 6784 
3 6785 6784 6169 
3 6169 6784 6786 
3 6169 6786 6787 
3 6787 6786 6161 
3 6787 6161 6788 
3 6788 6161 6789 
3 6788 6789 6167 
3 6167 6789 6790 
3 6167 6790 6166 
3 6655 6657 6791 
3 6791 6657 6792 
3 6791 6792 3895 
3 4094 4092 6887 
3 6887 4092 6793 
3 6887 6793 4090 
3 6794 6184 6192 
3 6192 6184 6183 
3 6192 6183 6191 
3 6191 6183 6182 
3 6191 6182 6189 
3 6189 6182 6795 
3 6189 6795 6796 
3 6796 6795 6176 
3 6796 6176 6188 
3 6188 6176 6798 
3 6188 6798 6797 
3 6797 6798 6799 
3 6797 6799 6185 
3 3889 3890 6669 
3 6669 3890 3893 
3 6669 3893 3895 
3 6613 6801 6800 
3 6800 6801 6802 
3 6800 6802 6767 
3 6767 6802 4100 
3 6767 4100 4098 
3 4090 4089 6887 
3 6887 4089 6803 
3 6887 6803 6804 
3 6739 6805 6738 
3 6738 6805 6210 
3 6738 6210 6217 
3 6217 6210 6806 
3 6217 6806 6216 
3 6216 6806 6807 
3 6216 6807 6215 
3 6215 6807 6208 
3 6215 6208 6808 
3 6808 6208 6809 
3 6808 6809 6213 
3 6213 6809 6211 
3 6213 6211 6212 
3 6747 6256 6810 
3 6810 6256 6811 
3 6810 6811 6262 
3 6262 6811 6812 
3 6262 6812 6261 
3 6261 6812 6813 
3 6261 6813 6814 
3 6814 6813 6258 
3 6814 6258 6815 
3 6815 6258 6816 
3 6815 6816 6817 
3 6817 6816 6818 
3 6817 6818 6260 
3 3912 3913 6669 
3 6819 6820 6763 
3 6763 6820 6272 
3 6763 6272 6821 
3 6821 6272 6822 
3 6821 6822 6824 
3 6824 6822 6823 
3 6824 6823 6275 
3 6275 6823 6825 
3 6275 6825 6826 
3 6826 6825 6827 
3 6826 6827 6274 
3 6274 6827 6828 
3 6274 6828 6273 
3 6833 6829 6669 
3 6669 6829 6830 
3 6669 6830 3889 
3 3912 6669 3911 
3 6765 6767 4060 
3 4060 6767 6887 
3 4060 6887 4058 
3 4058 6887 4056 
3 6831 3887 6669 
3 6669 3887 6832 
3 6669 6832 6833 
3 6834 6287 6835 
3 6835 6287 6837 
3 6835 6837 6836 
3 6836 6837 6838 
3 6836 6838 6839 
3 6839 6838 6840 
3 6839 6840 6292 
3 6292 6840 6841 
3 6292 6841 6290 
3 6290 6841 6842 
3 6290 6842 6289 
3 6289 6842 6843 
3 6289 6843 6844 
3 4051 4054 6887 
3 6887 4054 4055 
3 6887 4055 4056 
3 6845 6846 6783 
3 6783 6846 6848 
3 6783 6848 6847 
3 6847 6848 6198 
3 6847 6198 6849 
3 6849 6198 6851 
3 6849 6851 6850 
3 6850 6851 6852 
3 6850 6852 6202 
3 6202 6852 6853 
3 6202 6853 6854 
3 6854 6853 6199 
3 6854 6199 6201 
3 6858 3908 6669 
3 6669 3908 3909 
3 6669 3909 3911 
3 6861 3915 3916 
3 3963 6855 6669 
3 3916 6856 6861 
3 6861 6856 6857 
3 6861 6857 6862 
3 3895 6792 6669 
3 6669 6792 3907 
3 6669 3907 6858 
3 3963 6669 6891 
3 3931 3932 6890 
3 6890 3932 6859 
3 6711 6860 6736 
3 6736 6860 3928 
3 6736 3928 3919 
3 3919 3928 6861 
3 3919 6861 3917 
3 3917 6861 6862 
3 4044 4046 6863 
3 6863 4046 4047 
3 6863 4047 6864 
3 6864 4049 6863 
3 6863 4049 4050 
3 6863 4050 6887 
3 6887 4050 6865 
3 6887 6865 4051 
3 6861 6866 6890 
3 6890 6866 3930 
3 6890 3930 3931 
3 3946 3947 6661 
3 6661 3947 6867 
3 6661 6867 3935 
3 3935 6867 6890 
3 3935 6890 3933 
3 3933 6890 6859 
3 3992 3993 3980 
3 3980 3993 6868 
3 3980 6868 3996 
3 4015 6881 3998 
3 4021 6869 6863 
3 6863 6869 6870 
3 6863 6870 4022 
3 4015 3998 4014 
3 3969 6871 3980 
3 3980 6871 6885 
3 4034 6872 6873 
3 6873 6872 6874 
3 6873 6874 6863 
3 6863 6874 4043 
3 6863 4043 4044 
3 4032 6875 6725 
3 6725 6875 6876 
3 6725 6876 6877 
3 6877 6876 6863 
3 6877 6863 6878 
3 6878 6863 4022 
3 3950 6629 3949 
3 3949 6629 3961 
3 3949 3961 6890 
3 6890 3961 3962 
3 6890 3962 6889 
3 3981 3989 6879 
3 6879 3989 6880 
3 6879 6880 3980 
3 3980 6880 3991 
3 3980 3991 3992 
3 6881 6882 3998 
3 3998 6882 6883 
3 3998 6883 4018 
3 3976 3978 6651 
3 6651 3978 3979 
3 6651 3979 3970 
3 3970 3979 3980 
3 3970 3980 6884 
3 6884 3980 6885 
3 6692 4010 6886 
3 6886 4010 4012 
3 6886 4012 3998 
3 3998 4012 4013 
3 3998 4013 4014 
3 6855 3965 6669 
3 6669 3965 3966 
3 6669 3966 6887 
3 6887 3966 3967 
3 6887 3967 3980 
3 3980 3967 3968 
3 3980 3968 3969 
3 3996 6888 3980 
3 3980 6888 3998 
3 3980 3998 6887 
3 6887 3998 4018 
3 6887 4018 6863 
3 6863 4018 4020 
3 6863 4020 4021 
3 6889 6891 6890 
3 6890 6891 6669 
3 6890 6669 6861 
3 6861 6669 3913 
3 6861 3913 3915 
3 8408 7116 7220 
3 7220 7116 5697 
3 7220 5697 7218 
3 7218 5697 5698 
3 7218 5698 6909 
3 5690 6894 5635 
3 5674 5672 7218 
3 6892 6909 5677 
3 5677 6909 6893 
3 5635 6894 5637 
3 5637 6894 6895 
3 5637 6895 6896 
3 6896 6895 6897 
3 6896 6897 5642 
3 5642 6897 5688 
3 5642 5688 5641 
3 5641 5688 6898 
3 5641 6898 5646 
3 5646 6898 6899 
3 5646 6899 6900 
3 6900 6899 6901 
3 6900 6901 5649 
3 5649 6901 5683 
3 5649 5683 6903 
3 6903 5683 6902 
3 6903 6902 5655 
3 5655 6902 6904 
3 5655 6904 5659 
3 5659 6904 6905 
3 5659 6905 5657 
3 5657 6905 5681 
3 5657 5681 6906 
3 6906 5681 6907 
3 6906 6907 6909 
3 6909 6907 6908 
3 6909 6908 6893 
3 6892 5676 6909 
3 6909 5676 6910 
3 6909 6910 7218 
3 7218 6910 6911 
3 7218 6911 5674 
3 5635 6912 5690 
3 5690 6912 5631 
3 5690 5631 5691 
3 5691 5631 5628 
3 5691 5628 5695 
3 5695 5628 5626 
3 5695 5626 5696 
3 5696 5626 6913 
3 5696 6913 5661 
3 5661 6913 5625 
3 5661 5625 5663 
3 5663 5625 5620 
3 5663 5620 5664 
3 5664 5620 5621 
3 5664 5621 5666 
3 5666 5621 6914 
3 5666 6914 6915 
3 6915 6914 5615 
3 6915 5615 5668 
3 5668 5615 5610 
3 5668 5610 5670 
3 5670 5610 5608 
3 5670 5608 6916 
3 6916 5608 5607 
3 6916 5607 5671 
3 5671 5607 7218 
3 5671 7218 6917 
3 6917 7218 5672 
3 8312 6918 7012 
3 8337 8344 6919 
3 8348 6920 6983 
3 6984 8345 6985 
3 6921 8388 8389 
3 6921 7024 6624 
3 6624 7024 6922 
3 6624 6922 6887 
3 8255 6923 7023 
3 7023 6923 8260 
3 7023 8260 6924 
3 6924 8260 6925 
3 6924 6925 6926 
3 6927 6928 8256 
3 8256 6928 8257 
3 8257 6928 8259 
3 8259 6928 6929 
3 8259 6929 7002 
3 7003 6930 6931 
3 6931 6930 6932 
3 6931 6932 6933 
3 6990 6992 6932 
3 6932 6992 8264 
3 6932 8264 6933 
3 6993 6991 6934 
3 6934 6991 6989 
3 6934 6989 6978 
3 8268 8274 6937 
3 6937 8274 6935 
3 6937 6935 6936 
3 8268 6937 6938 
3 6938 6937 6982 
3 6938 6982 8269 
3 8270 6939 6940 
3 6940 6939 6981 
3 6940 6981 6941 
3 6941 6981 6942 
3 6942 6981 6970 
3 6942 6970 8280 
3 8278 6971 6943 
3 6943 6971 6944 
3 6943 6944 6945 
3 6945 6944 6946 
3 6945 6946 8287 
3 6969 6947 6944 
3 6947 6948 6944 
3 6944 6948 6949 
3 6944 6949 6946 
3 8330 8329 6979 
3 6980 6972 8332 
3 6950 8340 7004 
3 7004 8340 8336 
3 8337 6919 7011 
3 7012 6956 6951 
3 6952 8312 6953 
3 6953 8312 7012 
3 6953 7012 8367 
3 8367 7012 6951 
3 8374 6954 7016 
3 7016 6954 6955 
3 7016 6955 7015 
3 7015 6955 8371 
3 7015 8371 6956 
3 6956 8371 6957 
3 6956 6957 6951 
3 8374 7016 6958 
3 6958 7016 6960 
3 6958 6960 6959 
3 6959 6960 8379 
3 8379 6960 6961 
3 8379 6961 8378 
3 8378 6961 8382 
3 8382 6961 6963 
3 8382 6963 6962 
3 7017 6964 6963 
3 6963 6964 8381 
3 6963 8381 6962 
3 7019 8383 7017 
3 7017 8383 8380 
3 7017 8380 6964 
3 6966 6968 7021 
3 7021 6968 8386 
3 7021 8386 7019 
3 7019 8386 8385 
3 7019 8385 8383 
3 6921 8389 7024 
3 7024 8389 6965 
3 7024 6965 6966 
3 6966 6965 6967 
3 6966 6967 6968 
3 8329 6969 6979 
3 6979 6969 6944 
3 6979 6944 6970 
3 6970 6944 6971 
3 6970 6971 8280 
3 8280 6971 8278 
3 8345 6972 6985 
3 6985 6972 6980 
3 6985 6980 6973 
3 6973 6980 6974 
3 6973 6974 6975 
3 6975 6974 6976 
3 6975 6976 6977 
3 6977 6976 6982 
3 6977 6982 6988 
3 6988 6982 6937 
3 6988 6937 6989 
3 6989 6937 6936 
3 6989 6936 6978 
3 8332 8330 6980 
3 6980 8330 6979 
3 6980 6979 6974 
3 6974 6979 6970 
3 6974 6970 6976 
3 6976 6970 6981 
3 6976 6981 6982 
3 6982 6981 6939 
3 6982 6939 8269 
3 8269 6939 8270 
3 6920 6984 6983 
3 6983 6984 6985 
3 6983 6985 6995 
3 6995 6985 6973 
3 6995 6973 6986 
3 6986 6973 6975 
3 6986 6975 6997 
3 6997 6975 6977 
3 6997 6977 6987 
3 6987 6977 6988 
3 6987 6988 6999 
3 6999 6988 6989 
3 6999 6989 6990 
3 6990 6989 6991 
3 6990 6991 6992 
3 6992 6991 6993 
3 8336 8348 7004 
3 7004 8348 6983 
3 7004 6983 6994 
3 6994 6983 6995 
3 6994 6995 7005 
3 7005 6995 6986 
3 7005 6986 6996 
3 6996 6986 6997 
3 6996 6997 7008 
3 7008 6997 6987 
3 7008 6987 6998 
3 6998 6987 6999 
3 6998 6999 7000 
3 7000 6999 6990 
3 7000 6990 7001 
3 7001 6990 6932 
3 7001 6932 6929 
3 6929 6932 6930 
3 6929 6930 7002 
3 7002 6930 7003 
3 8344 6950 6919 
3 6919 6950 7004 
3 6919 7004 7013 
3 7013 7004 6994 
3 7013 6994 7014 
3 7014 6994 7005 
3 7014 7005 7006 
3 7006 7005 6996 
3 7006 6996 7007 
3 7007 6996 7008 
3 7007 7008 7009 
3 7009 7008 6998 
3 7009 6998 7018 
3 7018 6998 7000 
3 7018 7000 7010 
3 7010 7000 7001 
3 7010 7001 7020 
3 7020 7001 6929 
3 7020 6929 7022 
3 7022 6929 6928 
3 7022 6928 7023 
3 7023 6928 6927 
3 7023 6927 8255 
3 8255 6927 8256 
3 6918 7011 7012 
3 7012 7011 6919 
3 7012 6919 6956 
3 6956 6919 7013 
3 6956 7013 7015 
3 7015 7013 7014 
3 7015 7014 7016 
3 7016 7014 7006 
3 7016 7006 6960 
3 6960 7006 7007 
3 6960 7007 6961 
3 6961 7007 7009 
3 6961 7009 6963 
3 6963 7009 7018 
3 6963 7018 7017 
3 7017 7018 7010 
3 7017 7010 7019 
3 7019 7010 7020 
3 7019 7020 7021 
3 7021 7020 7022 
3 7021 7022 6966 
3 6966 7022 7023 
3 6966 7023 7024 
3 7024 7023 6924 
3 7024 6924 6922 
3 6922 6924 6926 
3 7032 6122 7025 
3 7025 6125 7032 
3 7032 6125 7026 
3 7032 7026 7027 
3 7027 6123 7032 
3 7032 6123 6127 
3 7032 6127 6126 
3 6126 6130 7032 
3 7032 6130 7028 
3 7032 7028 7029 
3 7029 7030 7032 
3 7032 7030 6131 
3 7032 6131 6132 
3 6138 7031 7032 
3 6136 6138 6135 
3 6135 6138 7032 
3 6135 7032 6133 
3 6133 7032 6132 
3 7033 7034 7035 
3 7035 7034 7032 
3 7035 7032 7036 
3 7036 7032 7031 
3 7033 3613 7034 
3 7034 3613 7037 
3 7034 7037 7038 
3 7038 3615 7034 
3 7034 3615 7039 
3 7034 7039 7040 
3 7040 7041 7034 
3 7034 7041 7042 
3 7034 7042 7043 
3 7043 3616 7034 
3 7034 3616 7044 
3 7034 7044 7045 
3 7045 3623 7034 
3 7034 3623 7046 
3 7034 7046 3621 
3 56 58 8387 
3 7047 45 7048 
3 7056 48 7047 
3 7047 7048 7056 
3 7056 7048 7049 
3 7056 7049 43 
3 39 7052 41 
3 41 7052 42 
3 39 7050 7052 
3 7052 7050 24 
3 7052 24 7051 
3 7051 21 7052 
3 7052 21 19 
3 7052 19 17 
3 17 16 7052 
3 7052 16 7053 
3 7052 7053 15 
3 15 14 7052 
3 7052 14 12 
3 7052 12 11 
3 11 7054 7052 
3 7052 7054 7055 
3 7052 7055 7 
3 7 54 7052 
3 7052 54 7056 
3 7052 7056 42 
3 42 7056 43 
3 54 7057 7056 
3 7056 7057 7058 
3 7056 7058 8387 
3 8387 7058 7059 
3 8387 7059 7060 
3 7060 7061 8387 
3 8387 7061 83 
3 8387 83 82 
3 82 81 8387 
3 8387 81 80 
3 8387 80 77 
3 77 7062 8387 
3 8387 7062 7063 
3 8387 7063 7064 
3 7064 74 8387 
3 8387 74 7065 
3 8387 7065 56 
3 8391 3620 8392 
3 8392 3620 7066 
3 8392 7066 3624 
3 3624 7067 8392 
3 8392 7067 7068 
3 8392 7068 7069 
3 7069 3625 8392 
3 8392 3625 3628 
3 8392 3628 7070 
3 7070 3630 8392 
3 8392 3630 7071 
3 8392 7071 7072 
3 51 52 7056 
3 7072 7073 8392 
3 8392 7073 3633 
3 8392 3633 7074 
3 7074 3633 5 
3 7074 5 7056 
3 7056 5 7075 
3 7056 7075 51 
3 52 7076 7056 
3 7056 7076 50 
3 7056 50 48 
3 7102 7084 7104 
3 7081 7084 7077 
3 7077 91 7081 
3 7081 91 7078 
3 7081 7078 7079 
3 7079 7080 7081 
3 7081 7080 7082 
3 7081 7082 7084 
3 7082 7083 7084 
3 7084 7083 96 
3 7084 96 94 
3 94 93 7084 
3 7084 93 97 
3 7084 97 7085 
3 7085 98 7084 
3 7084 98 105 
3 7084 105 104 
3 104 103 7084 
3 7084 103 106 
3 7084 106 107 
3 107 111 7084 
3 7084 111 109 
3 7084 109 7086 
3 7086 7087 7084 
3 7084 7087 7088 
3 7084 7088 117 
3 117 118 7084 
3 7084 118 115 
3 7084 115 7089 
3 7089 7090 7084 
3 7084 7090 7091 
3 7084 7091 7092 
3 144 7094 7097 
3 7092 123 7084 
3 7084 123 124 
3 7084 124 7104 
3 7104 124 144 
3 7104 144 7093 
3 7093 144 7097 
3 7094 7095 7097 
3 7097 7095 7096 
3 7097 7096 142 
3 142 141 7097 
3 7097 141 139 
3 7097 139 140 
3 140 138 7097 
3 7097 138 137 
3 7097 137 135 
3 135 7098 7097 
3 7097 7098 133 
3 7097 133 127 
3 127 128 7097 
3 7097 128 7099 
3 7097 7099 7100 
3 7109 85 7101 
3 7101 85 7102 
3 7101 7102 7103 
3 7103 7102 7104 
3 8384 58 7105 
3 7105 7106 8384 
3 8384 7106 7107 
3 8384 7107 7109 
3 7109 7107 7108 
3 7109 7108 62 
3 62 64 7109 
3 7109 64 66 
3 7109 66 67 
3 67 68 7109 
3 7109 68 69 
3 7109 69 7110 
3 7110 7111 7109 
3 7109 7111 86 
3 7109 86 85 
3 5700 5697 7116 
3 7112 3360 7113 
3 7112 7113 8403 
3 8403 7113 7114 
3 8403 7114 8404 
3 7114 5705 8404 
3 8404 5705 5703 
3 8404 5703 8407 
3 8407 5703 7115 
3 8407 7115 7116 
3 7116 7115 5701 
3 7116 5701 5700 
3 7212 7117 7197 
3 7199 5708 7118 
3 7169 7184 7119 
3 7223 7153 7151 
3 7120 7211 7121 
3 8617 7120 8619 
3 8619 7120 7121 
3 8619 7121 8623 
3 8623 7121 8624 
3 8624 7121 7122 
3 8624 7122 7123 
3 7210 8626 7122 
3 7122 8626 8625 
3 7122 8625 7123 
3 7209 7126 7210 
3 7210 7126 7124 
3 7210 7124 8626 
3 7208 7125 7209 
3 7209 7125 8593 
3 7209 8593 7126 
3 7207 7127 7208 
3 7208 7127 7128 
3 7208 7128 7125 
3 7206 7129 7207 
3 7207 7129 8592 
3 7207 8592 7127 
3 7205 7132 7206 
3 7206 7132 8780 
3 7206 8780 7129 
3 7133 8720 7204 
3 7204 8720 7130 
3 7204 7130 7205 
3 7205 7130 7131 
3 7205 7131 7132 
3 7133 7204 7134 
3 7134 7204 7202 
3 7134 7202 8722 
3 8722 7202 7135 
3 7135 7202 7201 
3 7135 7201 8666 
3 8666 7201 7136 
3 7136 7201 7118 
3 7136 7118 7137 
3 7137 7118 5708 
3 7137 5708 7138 
3 5036 7167 5843 
3 5843 7167 7154 
3 5843 7154 7139 
3 7139 7154 7140 
3 7139 7140 5844 
3 5844 7140 7141 
3 7141 7140 7157 
3 7141 7157 7142 
3 7142 7157 7143 
3 7143 7157 7144 
3 7143 7144 5849 
3 5849 7144 7158 
3 5849 7158 5850 
3 5850 7158 7159 
3 5850 7159 5852 
3 5852 7159 7145 
3 7145 7159 7161 
3 7145 7161 5841 
3 5841 7161 7146 
3 5841 7146 5838 
3 5838 7146 7147 
3 5838 7147 5836 
3 5836 7147 7148 
3 7148 7147 7165 
3 7148 7165 7149 
3 7149 7165 7150 
3 7150 7165 7151 
3 7150 7151 7152 
3 7152 7151 7153 
3 7152 7153 7221 
3 7167 7168 7171 
3 7167 7171 7154 
3 7154 7171 7172 
3 7154 7172 7140 
3 7140 7172 7155 
3 7140 7155 7157 
3 7157 7155 7156 
3 7157 7156 7144 
3 7144 7156 7175 
3 7144 7175 7158 
3 7158 7175 7176 
3 7158 7176 7159 
3 7159 7176 7160 
3 7159 7160 7161 
3 7161 7160 7179 
3 7161 7179 7146 
3 7146 7179 7162 
3 7146 7162 7147 
3 7147 7162 7163 
3 7147 7163 7165 
3 7165 7163 7164 
3 7165 7164 7151 
3 7151 7164 7183 
3 7151 7183 7223 
3 5036 7166 7167 
3 7167 7166 5711 
3 7167 5711 7168 
3 7168 5711 5712 
3 7168 5712 7169 
3 7169 7119 7168 
3 7168 7119 7185 
3 7168 7185 7171 
3 7171 7185 7170 
3 7171 7170 7172 
3 7172 7170 7187 
3 7172 7187 7155 
3 7155 7187 7173 
3 7155 7173 7156 
3 7156 7173 7174 
3 7156 7174 7175 
3 7175 7174 7191 
3 7175 7191 7176 
3 7176 7191 7177 
3 7176 7177 7160 
3 7160 7177 7178 
3 7160 7178 7179 
3 7179 7178 7180 
3 7179 7180 7162 
3 7162 7180 7195 
3 7162 7195 7163 
3 7163 7195 7181 
3 7163 7181 7164 
3 7164 7181 7182 
3 7164 7182 7183 
3 7184 7198 7119 
3 7119 7198 7200 
3 7119 7200 7185 
3 7185 7200 7186 
3 7185 7186 7170 
3 7170 7186 7203 
3 7170 7203 7187 
3 7187 7203 7188 
3 7187 7188 7173 
3 7173 7188 7189 
3 7173 7189 7174 
3 7174 7189 7190 
3 7174 7190 7191 
3 7191 7190 7192 
3 7191 7192 7177 
3 7177 7192 7193 
3 7177 7193 7178 
3 7178 7193 7194 
3 7178 7194 7180 
3 7180 7194 7196 
3 7180 7196 7195 
3 7195 7196 7197 
3 7195 7197 7181 
3 7181 7197 7117 
3 7181 7117 7182 
3 7184 5717 7198 
3 7198 5717 5719 
3 7198 5719 7199 
3 7199 7118 7198 
3 7198 7118 7201 
3 7198 7201 7200 
3 7200 7201 7202 
3 7200 7202 7186 
3 7186 7202 7204 
3 7186 7204 7203 
3 7203 7204 7205 
3 7203 7205 7188 
3 7188 7205 7206 
3 7188 7206 7189 
3 7189 7206 7207 
3 7189 7207 7190 
3 7190 7207 7208 
3 7190 7208 7192 
3 7192 7208 7209 
3 7192 7209 7193 
3 7193 7209 7210 
3 7193 7210 7194 
3 7194 7210 7122 
3 7194 7122 7196 
3 7196 7122 7121 
3 7196 7121 7197 
3 7197 7121 7211 
3 7197 7211 7212 
3 7120 8617 7224 
3 7224 8617 7213 
3 7213 8617 8415 
3 7213 8415 8422 
3 5723 7216 8621 
3 8621 7216 8425 
3 8422 8423 7213 
3 7213 8423 7214 
3 7213 7214 7216 
3 7216 7214 7215 
3 7216 7215 8425 
3 7217 7219 7218 
3 7218 7219 5738 
3 7218 5738 5741 
3 5741 5740 7218 
3 7218 5740 5739 
3 7218 5739 7220 
3 7220 5739 5742 
3 7220 5742 5813 
3 7221 5731 5832 
3 5832 5731 5732 
3 5813 7222 7220 
3 7220 7222 5832 
3 7220 5832 5720 
3 5720 5832 5732 
3 7223 7224 7153 
3 7153 7224 5727 
3 7153 5727 7221 
3 7221 5727 5729 
3 7221 5729 5731 
3 7223 7183 7224 
3 7224 7183 7182 
3 7224 7182 7117 
3 7117 7212 7224 
3 7224 7212 7211 
3 7224 7211 7120 
3 7290 7225 7289 
3 7275 7298 7277 
3 7226 7227 7274 
3 7269 7276 7278 
3 5866 5867 7291 
3 7228 7331 7247 
3 7323 7229 7331 
3 7233 7231 7230 
3 7230 7231 8827 
3 7230 8827 7250 
3 7232 8824 7233 
3 7233 8824 8825 
3 7233 8825 7231 
3 8821 7234 7232 
3 7232 7234 8823 
3 7232 8823 8824 
3 7235 8991 7326 
3 7326 8991 7236 
3 7326 7236 7237 
3 7237 7236 7238 
3 7237 7238 7318 
3 7318 7238 7317 
3 7235 7326 7239 
3 7239 7326 7240 
3 7239 7240 8818 
3 8818 7240 7241 
3 7241 7240 7242 
3 7241 7242 7243 
3 7243 7242 8839 
3 8839 7242 7244 
3 8839 7244 8815 
3 8815 7244 8816 
3 8816 7244 7245 
3 8816 7245 7246 
3 7246 7245 8810 
3 8810 7245 7249 
3 8810 7249 8811 
3 7247 8814 7228 
3 7228 8814 7248 
3 7228 7248 7249 
3 7249 7248 8812 
3 7249 8812 8811 
3 7321 7230 5862 
3 5862 7230 7250 
3 5862 7250 8828 
3 7266 7267 7251 
3 7251 7267 7252 
3 7251 7252 5883 
3 5883 7252 7253 
3 7253 7252 7272 
3 7253 7272 7254 
3 7254 7272 7255 
3 7254 7255 5880 
3 5880 7255 7256 
3 5880 7256 5875 
3 5875 7256 5878 
3 5878 7256 7258 
3 5878 7258 7257 
3 7257 7258 7259 
3 7257 7259 7261 
3 7261 7259 7260 
3 7261 7260 7262 
3 7262 7260 5869 
3 5869 7260 7263 
3 5869 7263 5873 
3 5873 7263 7264 
3 7264 7263 7274 
3 7264 7274 7265 
3 7265 7274 7227 
3 7265 7227 5865 
3 7266 7336 7267 
3 7267 7336 7268 
3 7267 7268 7269 
3 7269 7278 7267 
3 7267 7278 7270 
3 7267 7270 7252 
3 7252 7270 7271 
3 7252 7271 7272 
3 7272 7271 7281 
3 7272 7281 7255 
3 7255 7281 7273 
3 7255 7273 7256 
3 7256 7273 7283 
3 7256 7283 7258 
3 7258 7283 7285 
3 7258 7285 7259 
3 7259 7285 7286 
3 7259 7286 7260 
3 7260 7286 7288 
3 7260 7288 7263 
3 7263 7288 7289 
3 7263 7289 7274 
3 7274 7289 7225 
3 7274 7225 7226 
3 7275 7277 7276 
3 7276 7277 7278 
3 7278 7277 7300 
3 7278 7300 7270 
3 7270 7300 7279 
3 7270 7279 7271 
3 7271 7279 7280 
3 7271 7280 7281 
3 7281 7280 7303 
3 7281 7303 7273 
3 7273 7303 7282 
3 7273 7282 7283 
3 7283 7282 7305 
3 7283 7305 7285 
3 7285 7305 7284 
3 7285 7284 7286 
3 7286 7284 7287 
3 7286 7287 7288 
3 7288 7287 7306 
3 7288 7306 7289 
3 7289 7306 7294 
3 7289 7294 7290 
3 5867 5865 7291 
3 7291 5865 7227 
3 7291 7227 7292 
3 7292 7227 7226 
3 7292 7226 7313 
3 7313 7226 7225 
3 7313 7225 7293 
3 7293 7225 7290 
3 7293 7290 7308 
3 7308 7290 7294 
3 7229 7323 7298 
3 7295 7328 7296 
3 7296 7328 7329 
3 7296 7329 7307 
3 7307 7329 7309 
3 7307 7309 7297 
3 7298 7323 7277 
3 7277 7323 7299 
3 7277 7299 7300 
3 7300 7299 7301 
3 7300 7301 7279 
3 7279 7301 7302 
3 7279 7302 7280 
3 7280 7302 7324 
3 7280 7324 7303 
3 7303 7324 7325 
3 7303 7325 7282 
3 7282 7325 7304 
3 7282 7304 7305 
3 7305 7304 7327 
3 7305 7327 7284 
3 7284 7327 7295 
3 7284 7295 7287 
3 7287 7295 7296 
3 7287 7296 7306 
3 7306 7296 7307 
3 7306 7307 7294 
3 7294 7307 7297 
3 7294 7297 7308 
3 7309 7310 7297 
3 7297 7310 7311 
3 7297 7311 7308 
3 7308 7311 7312 
3 7308 7312 7293 
3 7293 7312 7314 
3 7293 7314 7313 
3 7313 7314 7315 
3 7313 7315 7292 
3 7292 7315 7316 
3 7292 7316 7291 
3 7291 7316 5856 
3 7291 5856 5866 
3 5866 5856 5175 
3 7317 8821 7318 
3 7318 8821 7232 
3 7318 7232 7319 
3 7319 7232 7233 
3 7319 7233 7320 
3 7320 7233 7230 
3 7320 7230 7322 
3 7322 7230 7321 
3 7322 7321 7330 
3 7331 7228 7323 
3 7323 7228 7249 
3 7323 7249 7299 
3 7299 7249 7245 
3 7299 7245 7301 
3 7301 7245 7244 
3 7301 7244 7302 
3 7302 7244 7242 
3 7302 7242 7324 
3 7324 7242 7240 
3 7324 7240 7325 
3 7325 7240 7326 
3 7325 7326 7304 
3 7304 7326 7237 
3 7304 7237 7327 
3 7327 7237 7318 
3 7327 7318 7295 
3 7295 7318 7319 
3 7295 7319 7328 
3 7328 7319 7320 
3 7328 7320 7329 
3 7329 7320 7322 
3 7329 7322 7309 
3 7309 7322 7330 
3 7309 7330 7310 
3 5891 1391 7332 
3 5891 7332 7335 
3 7229 7298 7331 
3 7331 7298 7332 
3 7331 7332 7247 
3 7333 5958 7332 
3 7332 5958 5887 
3 7269 7268 7276 
3 7276 7268 7298 
3 7276 7298 7275 
3 5887 5886 7332 
3 7332 5886 7334 
3 7332 7334 7335 
3 7268 7336 7298 
3 7298 7336 5890 
3 7298 5890 7332 
3 7332 5890 5889 
3 7332 5889 7333 
3 3717 3718 7337 
3 7337 3718 3720 
3 5560 7339 7338 
3 7338 7339 7344 
3 7347 7340 7346 
3 7346 7340 7341 
3 7346 7341 7342 
3 3723 3724 7337 
3 7343 7353 5564 
3 7339 3653 7344 
3 7344 3653 7345 
3 7344 7345 7346 
3 7346 7345 3656 
3 7346 3656 7347 
3 7343 5564 7373 
3 7348 7349 7354 
3 7354 7349 3688 
3 7354 3688 3689 
3 3669 3670 7576 
3 7576 3670 7384 
3 7355 7350 7351 
3 7337 7352 3717 
3 3717 7352 5572 
3 3717 5572 5574 
3 5574 5572 7378 
3 7343 3684 7353 
3 7353 3684 3685 
3 7353 3685 7354 
3 7354 3685 3687 
3 7354 3687 7348 
3 3699 3700 3697 
3 3697 3700 3702 
3 5583 7370 5581 
3 7355 7351 6467 
3 7356 7357 7566 
3 7566 7357 7358 
3 7566 7358 3742 
3 3720 3721 7337 
3 7337 3721 7359 
3 7337 7359 3723 
3 7338 7360 5560 
3 5560 7360 7361 
3 5560 7361 6357 
3 6357 7362 5560 
3 5560 7362 7423 
3 5560 7423 6370 
3 6370 7423 6369 
3 7363 7364 7576 
3 3834 7375 7368 
3 5583 5581 7391 
3 3781 7365 3774 
3 3774 7365 3782 
3 3774 3782 3785 
3 7355 3737 7350 
3 7350 3737 7366 
3 7350 7366 7566 
3 7566 7366 7367 
3 7566 7367 7356 
3 7393 3815 7404 
3 7404 3815 3816 
3 3705 3706 3697 
3 3834 7368 5589 
3 3839 3840 3833 
3 3833 3840 3841 
3 3833 3841 3843 
3 5583 3777 7370 
3 7370 3777 7369 
3 7370 7369 3774 
3 3774 7369 3780 
3 3774 3780 3781 
3 5564 7371 7373 
3 7373 7371 6399 
3 7373 6399 7372 
3 7372 6401 7373 
3 7373 6401 7444 
3 7373 7444 6410 
3 6410 7444 7445 
3 7403 7584 3756 
3 3756 7584 3755 
3 7576 3667 3669 
3 3669 3667 7374 
3 3669 7374 3668 
3 3668 7374 5563 
3 3834 3836 7375 
3 7375 3836 7376 
3 7375 7376 3833 
3 3833 7376 7377 
3 3833 7377 3839 
3 5572 5571 7378 
3 7378 5571 6428 
3 7378 6428 7379 
3 7379 6430 7378 
3 7378 6430 7380 
3 7378 7380 7381 
3 7381 7380 6445 
3 3820 7382 7404 
3 3697 7383 3699 
3 3699 7383 5568 
3 3699 5568 3698 
3 3698 5568 7412 
3 7384 7385 7576 
3 7576 7385 3672 
3 7576 3672 7363 
3 7351 7386 6467 
3 6467 7386 6447 
3 6467 6447 6449 
3 6449 7387 6467 
3 6467 7387 7459 
3 6467 7459 6465 
3 6465 7459 6464 
3 7388 3749 7584 
3 7584 3749 3750 
3 7389 7409 7424 
3 7424 7409 7411 
3 3865 3868 9076 
3 9076 3868 5592 
3 9076 5592 7427 
3 3797 3798 7397 
3 7397 3798 3799 
3 7397 3799 3801 
3 3702 3703 3697 
3 3697 3703 3704 
3 3697 3704 3705 
3 5581 6492 7391 
3 7391 6492 6493 
3 7391 6493 6494 
3 6494 7390 7391 
3 7391 7390 7467 
3 7391 7467 6514 
3 6514 7467 6512 
3 3750 7392 7584 
3 7584 7392 3752 
3 7584 3752 3755 
3 7404 7394 7393 
3 7393 7394 7395 
3 7393 7395 3811 
3 3811 7395 7396 
3 7431 5586 5584 
3 5584 5586 3795 
3 5584 3795 3793 
3 3793 3795 7398 
3 3793 7398 7397 
3 7397 7398 7399 
3 7397 7399 3797 
3 7368 5588 5589 
3 5589 5588 6558 
3 5589 6558 7400 
3 7400 7401 5589 
3 5589 7401 7402 
3 5589 7402 6572 
3 6572 7402 6571 
3 7403 3756 5578 
3 5578 3756 3757 
3 5578 3757 5579 
3 3816 3818 7404 
3 7404 3818 3819 
3 7404 3819 3820 
3 7374 7405 5563 
3 5563 7405 7406 
3 5563 7406 6375 
3 6375 6377 5563 
3 5563 6377 7479 
3 5563 7479 6392 
3 6392 7479 6391 
3 7407 3846 7409 
3 7409 3846 7408 
3 7409 7408 3849 
3 3849 3850 7409 
3 7409 3850 7410 
3 7409 7410 7411 
3 5568 6411 7412 
3 7412 6411 7413 
3 7412 7413 6413 
3 6413 6416 7412 
3 7412 6416 7489 
3 7412 7489 6426 
3 6426 7489 6425 
3 7414 7415 7417 
3 7417 7415 7416 
3 7417 7416 7418 
3 7418 7416 7419 
3 7418 7419 6360 
3 6360 7419 7420 
3 6360 7420 6362 
3 6362 7420 6366 
3 6362 6366 7421 
3 7421 6366 7422 
3 7421 7422 7423 
3 7423 7422 6368 
3 7423 6368 6369 
3 7389 7424 7425 
3 7425 7424 7460 
3 7425 7460 7463 
3 5592 7426 7427 
3 7427 7426 7428 
3 7427 7428 7429 
3 7429 6598 7427 
3 7427 6598 6600 
3 7427 6600 6610 
3 6610 6600 6609 
3 5584 6516 7431 
3 7431 6516 6517 
3 7431 6517 7430 
3 7430 7432 7431 
3 7431 7432 7501 
3 7431 7501 6539 
3 6539 7501 6537 
3 7395 7433 7396 
3 7396 7433 7434 
3 7396 7434 6540 
3 6540 7435 7396 
3 7396 7435 7436 
3 7396 7436 6555 
3 6555 7436 6553 
3 6395 7437 6396 
3 6396 7437 7438 
3 6396 7438 7439 
3 7439 7438 6404 
3 7439 6404 7440 
3 7440 6404 7441 
3 7440 7441 7442 
3 7442 7441 6407 
3 7442 6407 7443 
3 7443 6407 6408 
3 7443 6408 7444 
3 7444 6408 6409 
3 7444 6409 7445 
3 3757 5577 5579 
3 5579 5577 6471 
3 5579 6471 6473 
3 6473 6474 5579 
3 5579 6474 7446 
3 5579 7446 7447 
3 7447 7446 6489 
3 6437 7448 7449 
3 7449 7448 6440 
3 7449 6440 6432 
3 6432 6440 7450 
3 6432 7450 6434 
3 6434 7450 6441 
3 6434 6441 6436 
3 6436 6441 7451 
3 6436 7451 7452 
3 7452 7451 7453 
3 7452 7453 7380 
3 7380 7453 6443 
3 7380 6443 6445 
3 6456 6457 6451 
3 6451 6457 6459 
3 6451 6459 6452 
3 6452 6459 7454 
3 6452 7454 6454 
3 6454 7454 6461 
3 6454 6461 7455 
3 7455 6461 7457 
3 7455 7457 7456 
3 7456 7457 7458 
3 7456 7458 7459 
3 7459 7458 6463 
3 7459 6463 6464 
3 7460 7461 7463 
3 7463 7461 7462 
3 7463 7462 6575 
3 6575 6577 7463 
3 7463 6577 7514 
3 7463 7514 6594 
3 6594 7514 7464 
3 7465 6502 6497 
3 6497 6502 6504 
3 6497 6504 6498 
3 6498 6504 6505 
3 6498 6505 6499 
3 6499 6505 6507 
3 6499 6507 7466 
3 7466 6507 6509 
3 7466 6509 6495 
3 6495 6509 7468 
3 6495 7468 7467 
3 7467 7468 7469 
3 7467 7469 6512 
3 6556 7470 6560 
3 6560 7470 6566 
3 6560 6566 6561 
3 6561 6566 6567 
3 6561 6567 6562 
3 6562 6567 7471 
3 6562 7471 7472 
3 7472 7471 7473 
3 7472 7473 6565 
3 6565 7473 6568 
3 6565 6568 7402 
3 7402 6568 6570 
3 7402 6570 6571 
3 6382 6384 7474 
3 7474 6384 7476 
3 7474 7476 7475 
3 7475 7476 7477 
3 7475 7477 6379 
3 6379 7477 6386 
3 6379 6386 7478 
3 7478 6386 6387 
3 7478 6387 6381 
3 6381 6387 6389 
3 6381 6389 7479 
3 7479 6389 7480 
3 7479 7480 6391 
3 7481 7483 7482 
3 7482 7483 7484 
3 7482 7484 7485 
3 7485 7484 7486 
3 7485 7486 6417 
3 6417 7486 6420 
3 6417 6420 7487 
3 7487 6420 7488 
3 7487 7488 6415 
3 6415 7488 7490 
3 6415 7490 7489 
3 7489 7490 7491 
3 7489 7491 6425 
3 6595 7492 6601 
3 6601 7492 7493 
3 6601 7493 6602 
3 6602 7493 7494 
3 6602 7494 7496 
3 7496 7494 7495 
3 7496 7495 6604 
3 6604 7495 7498 
3 6604 7498 7497 
3 7497 7498 7499 
3 7497 7499 6600 
3 6600 7499 6606 
3 6600 6606 6609 
3 7500 6527 6515 
3 6515 6527 6528 
3 6515 6528 6521 
3 6521 6528 6531 
3 6521 6531 6522 
3 6522 6531 6532 
3 6522 6532 6523 
3 6523 6532 6534 
3 6523 6534 6525 
3 6525 6534 6535 
3 6525 6535 7501 
3 7501 6535 6536 
3 7501 6536 6537 
3 6545 6546 7502 
3 7502 6546 6548 
3 7502 6548 7503 
3 7503 6548 6549 
3 7503 6549 7504 
3 7504 6549 6550 
3 7504 6550 6544 
3 6544 6550 7506 
3 6544 7506 7505 
3 7505 7506 7507 
3 7505 7507 7436 
3 7436 7507 6552 
3 7436 6552 6553 
3 6480 7508 6468 
3 6468 7508 6481 
3 6468 6481 7509 
3 7509 6481 6484 
3 7509 6484 6476 
3 6476 6484 6485 
3 6476 6485 6477 
3 6477 6485 7510 
3 6477 7510 6479 
3 6479 7510 7511 
3 6479 7511 7446 
3 7446 7511 6487 
3 7446 6487 6489 
3 6573 6585 6579 
3 6579 6585 6586 
3 6579 6586 6580 
3 6580 6586 7512 
3 6580 7512 6581 
3 6581 7512 7513 
3 6581 7513 6583 
3 6583 7513 6590 
3 6583 6590 6584 
3 6584 6590 6591 
3 6584 6591 7514 
3 7514 6591 6593 
3 7514 6593 7464 
3 3643 7516 7515 
3 7515 7516 7614 
3 7535 3768 3769 
3 7527 3647 7615 
3 7615 3647 3646 
3 7615 3646 7614 
3 7614 3646 3645 
3 7614 3645 7515 
3 7538 3766 7592 
3 7517 7518 7532 
3 7532 7518 3678 
3 7532 3678 7519 
3 7545 7520 3844 
3 3844 7520 7521 
3 3844 7521 3856 
3 3769 7522 7535 
3 7535 7522 3770 
3 7535 3770 7537 
3 7523 3651 5992 
3 5992 3651 7524 
3 5992 7524 7648 
3 7648 7524 3649 
3 7648 3649 7525 
3 7525 3649 7526 
3 7525 7526 7527 
3 7527 7526 7528 
3 7527 7528 3647 
3 7529 3693 7587 
3 7587 3693 3695 
3 3689 3690 7354 
3 7354 3690 7531 
3 7354 7531 7530 
3 7530 7531 7532 
3 7530 7532 3679 
3 3679 7532 7519 
3 7559 7533 7549 
3 7549 7533 7551 
3 3785 3786 3774 
3 3774 3786 7534 
3 3774 7534 3773 
3 3773 7534 7535 
3 3773 7535 7536 
3 7536 7535 7537 
3 7538 7592 7595 
3 7539 3710 7557 
3 7557 3710 3711 
3 3706 7540 3697 
3 3697 7540 3707 
3 3697 3707 7541 
3 7541 3707 7587 
3 7541 7587 7542 
3 7542 7587 3695 
3 7407 7409 3845 
3 3845 7409 7543 
3 3845 7543 3844 
3 3844 7543 7544 
3 3844 7544 7545 
3 7546 3858 9076 
3 9076 3858 3860 
3 9076 3860 7547 
3 3801 3802 7397 
3 7397 3802 7548 
3 7397 7548 3792 
3 3792 7548 7549 
3 3792 7549 7550 
3 7550 7549 7551 
3 7552 7553 7554 
3 7554 7553 7555 
3 7554 7555 3731 
3 3724 3725 7337 
3 7337 3725 3728 
3 7337 3728 7556 
3 7556 3728 7557 
3 7556 7557 3713 
3 3713 7557 3711 
3 7535 7558 7549 
3 7549 7558 3787 
3 7549 3787 7559 
3 3804 7560 7574 
3 7574 7560 7561 
3 7574 7561 7562 
3 7572 3825 3844 
3 3844 3825 3827 
3 3844 3827 3828 
3 3843 7563 3833 
3 3833 7563 7564 
3 3833 7564 7565 
3 7565 7564 3844 
3 7565 3844 3829 
3 3829 3844 3828 
3 7547 3862 9076 
3 9076 3862 3864 
3 9076 3864 3865 
3 3742 3743 7566 
3 7566 3743 3744 
3 7566 3744 3734 
3 3734 3744 7554 
3 3734 7554 3732 
3 3732 7554 3731 
3 7382 3822 7404 
3 7404 3822 7567 
3 7404 7567 7568 
3 7568 7567 7574 
3 7568 7574 3807 
3 3807 7574 7562 
3 3643 3641 7516 
3 7516 3641 3640 
3 7516 3640 7592 
3 7592 3640 3639 
3 7592 3639 3638 
3 3662 3663 7569 
3 7569 3663 7570 
3 7571 9076 7549 
3 7549 9076 7592 
3 7549 7592 7535 
3 7535 7592 3766 
3 7535 3766 3768 
3 7572 3844 7573 
3 7573 3844 9076 
3 7573 9076 7574 
3 7574 9076 7571 
3 7574 7571 3804 
3 7364 7575 7576 
3 7576 7575 3675 
3 7576 3675 7577 
3 7577 3675 7569 
3 7577 7569 3665 
3 3665 7569 7570 
3 3856 7578 3844 
3 3844 7578 3857 
3 3844 3857 9076 
3 9076 3857 7579 
3 9076 7579 7546 
3 7342 3660 7346 
3 7346 3660 7580 
3 7346 7580 7582 
3 7582 7580 7581 
3 7582 7581 7591 
3 3760 7554 3759 
3 3759 7554 7583 
3 3759 7583 7584 
3 7584 7583 3747 
3 7584 3747 7388 
3 3638 3637 7592 
3 7592 3637 7585 
3 7592 7585 7591 
3 7587 7586 7557 
3 7557 7586 3708 
3 7557 3708 7539 
3 7532 3692 7587 
3 7587 3692 7588 
3 7587 7588 7529 
3 7581 7589 7569 
3 7569 7589 7590 
3 7569 7590 3662 
3 7591 7581 7592 
3 7592 7581 7569 
3 7592 7569 7532 
3 7532 7569 7593 
3 7532 7593 7517 
3 3760 3762 7554 
3 7554 3762 3763 
3 7554 3763 7592 
3 7592 3763 7594 
3 7592 7594 7595 
3 7532 7587 7592 
3 7592 7587 7557 
3 7592 7557 7554 
3 7554 7557 3730 
3 7554 3730 7552 
3 7664 7658 7596 
3 7687 7597 7619 
3 7614 7598 7615 
3 9074 7651 7599 
3 9073 9068 7611 
3 7608 7630 7632 
3 9044 7684 7600 
3 9044 7600 9047 
3 9047 7600 9045 
3 9045 7600 7626 
3 9045 7626 9046 
3 7601 9049 7602 
3 7605 9055 7666 
3 7666 9055 7603 
3 7666 7603 9052 
3 7606 9060 7659 
3 7659 9060 9059 
3 9059 9057 7668 
3 7668 9057 9056 
3 7668 9056 7665 
3 7665 9056 7604 
3 7665 7604 7605 
3 7606 7659 7607 
3 7607 7659 7660 
3 7607 7660 7609 
3 7608 9066 7630 
3 7630 9066 9061 
3 7630 9061 7655 
3 7655 9061 9064 
3 7655 9064 7609 
3 7611 9068 7653 
3 7653 9068 7610 
3 7653 7610 9067 
3 7651 9074 7611 
3 7611 9074 7612 
3 7611 7612 9073 
3 7613 7649 7598 
3 7598 7649 7650 
3 7598 7614 7613 
3 7613 7614 7516 
3 7613 7516 7592 
3 7615 7598 7527 
3 7527 7598 7650 
3 7527 7650 7525 
3 7616 6019 7679 
3 7679 6019 7678 
3 7687 7617 7597 
3 7597 7617 7618 
3 7597 7618 7678 
3 7678 7618 7680 
3 7678 7680 7679 
3 7676 7689 7619 
3 7619 7689 7688 
3 7619 7688 7687 
3 7685 7620 7623 
3 7623 7620 7621 
3 7623 7621 7676 
3 7676 7621 7622 
3 7676 7622 7689 
3 7685 7623 7686 
3 7686 7623 7624 
3 7686 7624 7625 
3 7600 7627 7626 
3 7626 7627 7628 
3 7626 7628 7624 
3 7624 7628 7681 
3 7624 7681 7625 
3 7655 7629 7630 
3 7630 7629 7631 
3 7630 7631 7632 
3 7632 7631 7653 
3 7632 7653 7633 
3 7633 7653 9067 
3 7635 7634 6020 
3 7635 7673 7672 
3 7635 7672 7636 
3 7636 7672 7671 
3 7636 7671 7677 
3 7677 7671 7669 
3 7677 7669 7637 
3 7637 7669 7667 
3 7637 7667 7638 
3 7638 7667 7666 
3 7638 7666 7601 
3 7601 7666 9052 
3 7601 9052 9049 
3 6013 7639 7640 
3 7640 7639 7641 
3 7640 7641 6014 
3 6014 7641 6009 
3 6009 7641 7642 
3 6009 7642 6015 
3 6015 7642 7643 
3 7643 7642 7644 
3 7643 7644 6017 
3 6017 7644 7645 
3 6017 7645 6018 
3 7654 7645 7646 
3 7646 7645 7644 
3 7646 7644 7647 
3 7647 7644 7642 
3 7647 7642 7652 
3 7652 7642 7641 
3 7652 7641 7650 
3 7650 7641 7639 
3 7650 7639 7525 
3 7525 7639 6013 
3 7525 6013 7648 
3 7649 7599 7650 
3 7650 7599 7651 
3 7650 7651 7652 
3 7652 7651 7611 
3 7652 7611 7647 
3 7647 7611 7653 
3 7647 7653 7646 
3 7646 7653 7631 
3 7646 7631 7654 
3 7654 7631 7629 
3 7609 7660 7655 
3 7655 7660 7656 
3 7655 7656 7629 
3 7629 7656 7657 
3 7629 7657 7654 
3 7654 7657 7596 
3 7654 7596 7645 
3 7645 7596 7658 
3 7645 7658 6018 
3 9059 7668 7659 
3 7659 7668 7670 
3 7659 7670 7660 
3 7660 7670 7661 
3 7660 7661 7656 
3 7656 7661 7662 
3 7656 7662 7657 
3 7657 7662 7663 
3 7657 7663 7596 
3 7596 7663 7675 
3 7596 7675 7664 
3 7635 6020 7673 
3 7673 6020 6010 
3 7673 6010 7674 
3 7605 7666 7665 
3 7665 7666 7667 
3 7665 7667 7668 
3 7668 7667 7669 
3 7668 7669 7670 
3 7670 7669 7671 
3 7670 7671 7661 
3 7661 7671 7672 
3 7661 7672 7662 
3 7662 7672 7673 
3 7662 7673 7663 
3 7663 7673 7674 
3 7663 7674 7675 
3 9046 7626 7602 
3 7602 7626 7624 
3 7602 7624 7601 
3 7601 7624 7623 
3 7601 7623 7638 
3 7638 7623 7676 
3 7638 7676 7637 
3 7637 7676 7619 
3 7637 7619 7677 
3 7677 7619 7597 
3 7677 7597 7636 
3 7636 7597 7678 
3 7636 7678 7635 
3 7635 7678 6019 
3 7635 6019 7634 
3 7679 7680 5492 
3 5492 7680 7690 
3 7681 7628 7683 
3 7682 5451 7625 
3 7681 7683 7625 
3 7625 7683 5444 
3 7625 5444 7682 
3 7684 5443 7600 
3 7600 5443 7683 
3 7600 7683 7627 
3 7627 7683 7628 
3 5458 7620 5450 
3 5450 7620 7685 
3 5450 7685 5451 
3 5451 7685 7686 
3 5451 7686 7625 
3 7687 7688 5220 
3 5220 7688 7689 
3 5220 7689 5457 
3 5457 7689 7622 
3 5457 7622 5458 
3 5458 7622 7621 
3 5458 7621 7620 
3 7680 7618 7690 
3 7690 7618 7617 
3 7690 7617 7691 
3 7691 7617 7687 
3 7691 7687 7692 
3 7692 7687 5220 
3 7693 11479 7694 
3 7694 11479 8111 
3 7693 7694 7695 
3 7695 7694 8110 
3 7695 8110 11480 
3 11480 8110 7696 
3 7696 8110 7697 
3 7696 7697 7698 
3 7698 7697 8109 
3 7698 8109 7699 
3 7699 8109 7700 
3 7699 7700 11481 
3 11481 7700 7701 
3 11481 7701 11482 
3 11479 7702 8111 
3 8111 7702 10977 
3 8111 10977 8117 
3 10977 10976 8117 
3 8117 10976 7703 
3 8117 7703 7704 
3 7703 10972 7704 
3 7704 10972 7705 
3 7704 7705 8118 
3 7705 7706 8118 
3 8118 7706 10973 
3 8118 10973 8115 
3 8115 10973 7708 
3 8115 7708 8113 
3 8113 7708 7707 
3 7708 10971 7707 
3 7707 10971 10970 
3 7707 10970 7709 
3 7709 10970 9078 
3 7709 9078 9077 
3 7710 8096 7711 
3 7710 7711 10987 
3 10987 7711 7712 
3 10987 7712 10988 
3 10988 7712 7714 
3 10988 7714 7713 
3 7713 7714 7715 
3 7713 7715 9082 
3 8096 7710 7716 
3 7716 7710 7717 
3 7716 7717 7718 
3 7720 7719 7718 
3 7718 7719 8092 
3 7718 8092 7716 
3 7720 10985 7719 
3 7719 10985 10984 
3 7719 10984 7722 
3 10984 7721 7722 
3 7722 7721 7723 
3 7722 7723 8093 
3 7723 7724 8093 
3 8093 7724 10979 
3 8093 10979 7725 
3 10979 7726 7725 
3 7725 7726 7727 
3 7725 7727 7728 
3 7727 10981 7728 
3 7728 10981 10980 
3 7728 10980 7729 
3 7729 10980 7731 
3 7729 7731 8095 
3 8095 7731 7730 
3 7730 7731 7732 
3 7730 7732 8088 
3 7732 11007 8088 
3 8088 11007 11006 
3 8088 11006 8086 
3 8086 11006 11003 
3 8086 11003 7733 
3 9085 9084 7734 
3 7734 9084 6075 
3 7734 6075 11049 
3 8041 11142 7735 
3 7735 11142 7736 
3 7735 7736 8029 
3 8029 7736 7737 
3 7737 7736 11140 
3 7737 11140 7742 
3 11135 7739 7738 
3 7738 7739 7740 
3 7738 7740 11136 
3 11136 7740 8030 
3 11136 8030 11139 
3 11139 8030 7742 
3 11139 7742 7741 
3 7741 7742 11140 
3 9076 6093 7743 
3 7743 6093 7744 
3 7743 7744 7746 
3 7746 7744 7745 
3 7746 7745 7748 
3 7748 7745 7747 
3 7748 7747 7749 
3 7749 7747 8034 
3 7749 8034 11135 
3 11135 8034 8033 
3 11135 8033 7739 
3 8037 8036 6093 
3 6093 8036 7750 
3 6093 7750 7744 
3 9108 7752 7751 
3 7751 7752 7753 
3 7751 7753 11121 
3 11121 7753 7754 
3 11121 7754 7755 
3 7755 7754 8051 
3 7755 8051 11132 
3 11132 8051 7756 
3 11132 7756 11131 
3 11131 7756 8048 
3 7764 7765 7757 
3 7757 7765 7758 
3 7757 7758 8048 
3 8048 7758 7759 
3 8048 7759 11131 
3 7760 7761 7762 
3 7762 11113 7760 
3 7760 11113 7763 
3 7760 7763 7764 
3 7764 7763 11133 
3 7764 11133 7765 
3 7766 7767 7771 
3 7771 7767 7768 
3 7771 7768 7761 
3 7761 7768 11114 
3 7761 11114 7762 
3 7772 11115 7770 
3 7770 11115 7769 
3 7770 7769 8054 
3 8054 7769 7766 
3 8054 7766 8056 
3 8056 7766 7771 
3 7773 7774 7772 
3 7772 7774 11116 
3 7772 11116 11115 
3 7773 8058 7774 
3 7774 8058 8059 
3 7774 8059 11119 
3 2 1 7837 
3 9115 7796 7793 
3 4096 7778 9394 
3 4087 4088 7782 
3 7782 4088 7775 
3 7782 7775 4091 
3 4096 9394 7776 
3 7776 9394 9390 
3 7776 9390 9408 
3 4091 4093 7782 
3 7782 4093 7776 
3 7782 7776 7777 
3 7777 7776 9408 
3 7778 4099 9394 
3 9394 4099 4101 
3 9394 4101 7779 
3 7779 4102 9394 
3 9394 4102 7780 
3 9394 7780 7872 
3 7872 7780 7781 
3 7872 7781 5559 
3 6116 7784 6117 
3 6117 7784 6121 
3 9405 7785 7782 
3 7782 7785 7783 
3 7782 7783 4087 
3 6116 6115 7784 
3 7784 6115 7785 
3 7784 7785 9404 
3 9404 7785 9405 
3 6124 7786 7787 
3 7787 7786 7788 
3 7788 6119 7787 
3 7787 6119 7789 
3 7787 7789 6121 
3 6129 7790 7787 
3 7787 7790 6128 
3 7787 6128 6124 
3 7793 5544 7787 
3 7787 5544 6137 
3 6137 7791 7787 
3 7787 7791 6134 
3 7787 6134 6129 
3 6121 7784 7787 
3 7787 7784 7792 
3 7787 7792 7793 
3 7793 7792 9416 
3 7793 9416 9115 
3 7795 7796 3618 
3 3618 7796 9428 
3 9428 7794 3618 
3 3618 7794 9426 
3 3618 9426 3617 
3 7795 3614 7796 
3 7796 3614 3611 
3 7796 3611 3612 
3 3612 7797 7796 
3 7796 7797 7798 
3 7796 7798 7793 
3 7804 7807 3629 
3 3629 7799 7804 
3 7804 7799 7800 
3 7804 7800 3626 
3 3626 3627 7804 
3 7804 3627 3610 
3 7804 3610 7802 
3 7802 3610 7801 
3 7802 7801 9429 
3 9429 7801 3619 
3 9429 3619 9425 
3 9425 3619 3622 
3 9425 3622 9426 
3 9426 3622 7803 
3 9426 7803 3617 
3 9444 4 6 
3 3631 7805 7804 
3 7804 7805 7806 
3 7804 7806 7807 
3 6 7808 9444 
3 9444 7808 3632 
3 9444 3632 7809 
3 7809 3632 7810 
3 7810 3632 7804 
3 7804 3632 7811 
3 7804 7811 3631 
3 4 9444 7812 
3 7812 9444 9114 
3 7812 9114 7815 
3 46 9472 44 
3 44 9472 7822 
3 46 47 9472 
3 9472 47 49 
3 9472 49 7813 
3 7813 53 9472 
3 9472 53 7814 
3 9472 7814 9454 
3 9114 9113 7815 
3 7815 9113 9453 
3 7815 9453 7816 
3 7816 9453 9452 
3 7816 9452 7814 
3 7814 9452 7817 
3 7814 7817 9454 
3 7818 7819 7828 
3 7828 7819 9474 
3 7818 7820 7819 
3 7819 7820 40 
3 7819 40 9472 
3 9472 40 7821 
3 9472 7821 7822 
3 9489 7831 9490 
3 9490 7831 7823 
3 9490 7823 7824 
3 7824 7823 7825 
3 7824 7825 9112 
3 9112 7825 7826 
3 9112 7826 9474 
3 9474 7826 7827 
3 9474 7827 7828 
3 38 36 9111 
3 9111 36 7829 
3 7829 36 9489 
3 9489 36 31 
3 9489 31 32 
3 32 33 9489 
3 9489 33 29 
3 9489 29 28 
3 28 27 9489 
3 9489 27 7830 
3 9489 7830 7831 
3 7837 1 7832 
3 38 9111 1 
3 1 9111 9500 
3 1 9500 7832 
3 7833 7834 9110 
3 7833 3607 7834 
3 7834 3607 7835 
3 7834 7835 7836 
3 7836 3 7834 
3 7834 3 7838 
3 7834 7838 7837 
3 7837 7838 7839 
3 7837 7839 2 
3 3589 3591 7840 
3 7840 3591 3592 
3 9110 9522 7833 
3 7833 9522 7841 
3 7833 7841 7842 
3 7842 7841 7846 
3 7842 7846 3606 
3 3606 7846 3604 
3 3592 3596 7840 
3 7840 3596 3597 
3 7840 3597 7843 
3 7843 3597 3599 
3 7843 3599 7844 
3 7844 3599 7845 
3 7845 3599 7846 
3 7846 3599 3601 
3 7846 3601 3604 
3 7849 7847 7848 
3 7848 3586 7849 
3 7849 3586 3587 
3 7849 3587 9523 
3 9523 3587 3589 
3 9523 3589 9533 
3 9533 3589 7840 
3 9109 5542 7849 
3 7849 5542 7850 
3 7849 7850 7847 
3 6104 7852 7851 
3 7851 7852 6106 
3 6106 6108 7851 
3 7851 6108 6110 
3 7851 6110 7853 
3 7857 6095 7851 
3 7851 6095 6096 
3 7854 6103 7851 
3 7851 6103 7855 
3 7851 7855 6104 
3 6096 6099 7851 
3 7851 6099 7856 
3 7851 7856 7854 
3 5543 7857 5542 
3 5542 7857 7851 
3 5542 7851 6113 
3 6113 7851 7853 
3 9545 3650 7858 
3 7858 3650 7860 
3 7858 7860 7859 
3 7859 7860 7861 
3 9109 9542 5542 
3 5542 9542 7862 
3 5542 7862 5543 
3 5543 7862 7861 
3 5543 7861 3652 
3 3652 7861 7860 
3 7863 7865 7864 
3 7864 7865 8147 
3 7863 3634 7865 
3 7865 3634 3635 
3 7865 3635 3636 
3 3636 7866 7865 
3 7865 7866 7867 
3 7865 7867 9543 
3 9543 7867 3642 
3 9543 3642 9544 
3 7868 3648 9545 
3 9545 3648 7869 
3 9545 7869 3650 
3 9544 3642 9545 
3 9545 3642 3644 
3 9545 3644 7868 
3 7870 7923 7910 
3 3948 7871 9666 
3 4085 4083 7872 
3 7872 4083 7880 
3 7938 7956 3988 
3 3920 7919 7873 
3 6334 5602 6352 
3 4053 4052 7895 
3 9666 7871 7876 
3 7876 7871 3945 
3 7876 3945 3943 
3 3943 7874 7876 
3 7876 7874 7875 
3 7876 7875 3938 
3 7876 7877 7878 
3 7879 3914 7917 
3 7880 4081 7872 
3 7872 4081 4078 
3 7872 4078 9586 
3 9586 4078 4075 
3 4053 7895 4057 
3 3988 7956 3990 
3 7955 7881 9583 
3 9583 7881 7882 
3 9583 7882 7913 
3 7913 7882 7883 
3 7913 7883 3977 
3 3977 7884 7913 
3 7913 7884 3974 
3 7913 3974 7912 
3 7878 3934 7876 
3 7876 3934 7885 
3 7876 7885 3929 
3 7879 7917 7886 
3 7925 3878 7910 
3 7891 7910 3871 
3 3871 7910 3872 
3 4085 7872 5604 
3 5604 7872 5559 
3 5604 5559 5602 
3 5602 5559 5558 
3 5602 5558 6352 
3 4065 4063 7887 
3 7887 4063 7942 
3 7887 7942 4061 
3 4061 7942 7888 
3 7899 4045 7897 
3 4028 7936 4030 
3 4030 7936 7889 
3 4030 7889 4031 
3 4031 7889 4033 
3 7945 7911 7946 
3 7890 7927 7913 
3 6206 3936 6221 
3 3896 3894 9584 
3 3878 3876 7910 
3 7910 3876 3874 
3 7910 3874 3872 
3 7891 7892 7910 
3 7910 7892 7893 
3 7910 7893 8108 
3 8108 7893 7894 
3 8108 7894 7932 
3 4075 4074 9586 
3 9586 4074 4072 
3 9586 4072 7895 
3 7895 4072 4069 
3 7895 4069 4065 
3 4045 7889 7896 
3 7896 7889 7895 
3 7896 7895 4048 
3 4048 7895 4052 
3 7897 4042 7899 
3 7899 4042 7898 
3 7899 7898 4038 
3 4038 7898 4039 
3 4045 7899 7889 
3 7889 7899 7900 
3 7889 7900 7901 
3 7901 4035 7889 
3 7889 4035 7902 
3 7889 7902 4033 
3 4028 4026 7903 
3 7903 4026 7904 
3 7903 7904 4024 
3 7905 7906 7936 
3 3999 7907 7936 
3 7958 3971 3972 
3 3972 3971 7914 
3 3972 7914 7912 
3 3952 3951 7913 
3 7913 3951 7908 
3 7913 7908 9666 
3 9666 7908 7909 
3 9666 7909 3948 
3 5596 7930 7931 
3 3906 3905 9584 
3 9584 3905 3901 
3 9584 3901 3900 
3 3894 3892 9584 
3 9584 3892 3891 
3 9584 3891 7910 
3 7910 3891 3888 
3 7910 3888 7870 
3 4065 7887 7895 
3 7895 7887 4059 
3 7895 4059 4057 
3 7906 4019 7936 
3 7936 4019 4017 
3 7936 4017 4016 
3 7946 7911 4009 
3 3999 7936 4000 
3 7912 7914 7913 
3 7913 7914 7915 
3 7913 7915 7890 
3 7877 7876 7916 
3 7916 7876 3938 
3 7916 3938 3936 
3 3936 3938 5549 
3 3936 5549 6221 
3 3929 3927 7876 
3 7876 3927 7918 
3 7876 7918 7917 
3 7917 7918 3926 
3 7917 3926 3924 
3 7886 7917 3918 
3 3918 7917 3924 
3 3918 3924 7919 
3 7919 3924 3921 
3 7919 3921 7873 
3 3914 3910 7917 
3 7917 3910 7920 
3 7917 7920 9584 
3 9584 7920 7921 
3 9584 7921 3906 
3 3883 3881 3884 
3 3884 3881 7922 
3 3884 7922 7923 
3 7923 7922 7924 
3 7923 7924 7910 
3 7910 7924 3879 
3 7910 3879 7925 
3 6284 4025 7972 
3 7926 7947 6281 
3 7927 7928 7913 
3 7913 7928 7929 
3 7913 7929 3964 
3 3920 7873 7930 
3 7930 7873 5548 
3 7930 5548 7931 
3 3900 3899 9584 
3 9584 3899 3897 
3 9584 3897 3896 
3 7932 7894 7933 
3 7933 7894 6156 
3 7933 6156 7962 
3 6352 6351 6334 
3 6334 6351 6348 
3 6334 6348 7934 
3 7934 6348 6339 
3 4028 7903 7936 
3 7936 7903 4023 
3 7936 4023 7905 
3 4016 7935 7936 
3 7936 7935 4011 
3 7936 4011 4009 
3 4009 7911 7936 
3 7936 7911 4002 
3 7936 4002 4000 
3 7907 3997 7936 
3 7936 3997 3995 
3 7936 3995 3994 
3 3988 7937 7938 
3 7938 7937 7939 
3 7938 7939 3986 
3 3986 7939 7966 
3 3986 7966 5599 
3 3964 7940 7913 
3 7913 7940 3960 
3 7913 3960 3952 
3 3952 3960 7941 
3 3952 7941 3953 
3 7942 5554 7888 
3 7888 5554 5556 
3 7888 5556 7974 
3 7974 5556 7943 
3 4024 7904 4025 
3 4025 7904 7944 
3 4025 7944 7972 
3 7945 7946 7947 
3 7947 7946 5552 
3 7947 5552 6281 
3 3905 3904 3901 
3 3901 3904 7948 
3 3901 7948 7949 
3 7949 7948 5547 
3 7949 5547 7950 
3 7950 5547 7951 
3 6339 6348 7963 
3 7963 6348 6347 
3 7963 6347 6346 
3 7898 7952 4039 
3 4039 7952 7953 
3 4039 7953 7954 
3 7954 7953 7988 
3 7954 7988 7987 
3 7955 9583 3983 
3 3983 9583 7936 
3 3983 7936 7956 
3 7956 7936 3994 
3 7956 3994 3990 
3 3972 7957 7958 
3 7958 7957 5551 
3 7958 5551 7959 
3 7959 5551 6253 
3 7959 6253 7976 
3 6206 6221 7960 
3 7960 6221 6220 
3 7960 6220 7978 
3 7961 6144 7962 
3 7962 6144 6141 
3 7962 6141 7933 
3 6346 6345 7963 
3 7963 6345 6343 
3 7963 6343 6333 
3 5596 7931 7964 
3 7964 7931 7965 
3 7964 7965 6204 
3 5599 7966 7967 
3 7967 7966 6267 
3 7967 6267 8001 
3 7941 3958 3953 
3 3953 3958 3957 
3 3953 3957 5598 
3 5598 3957 6240 
3 5598 6240 7968 
3 7968 6240 8023 
3 7968 8023 6223 
3 3884 5546 3883 
3 3883 5546 6175 
3 3883 6175 6157 
3 6157 6175 6173 
3 6157 6173 6158 
3 6158 6173 6172 
3 6158 6172 7993 
3 6145 7970 7969 
3 7969 7970 6149 
3 7961 6153 6144 
3 6144 6153 7970 
3 6144 7970 7971 
3 7971 7970 6145 
3 6284 7972 8015 
3 8015 7972 6298 
3 8015 6298 6296 
3 7996 6320 6331 
3 6331 6320 6319 
3 6331 6319 7943 
3 7943 6319 7973 
3 7943 7973 7974 
3 6316 7975 7999 
3 6253 6251 7976 
3 7976 6251 6250 
3 7976 6250 6242 
3 6242 6250 6243 
3 7981 6209 7978 
3 7978 6209 7977 
3 7978 7977 7960 
3 7979 7980 6214 
3 6214 7980 7983 
3 7981 7982 6209 
3 6209 7982 7983 
3 6209 7983 7984 
3 7984 7983 7980 
3 7985 7986 6204 
3 6204 7986 6195 
3 6204 6195 7964 
3 5547 6194 7951 
3 7951 6194 8025 
3 7951 8025 6179 
3 6179 8025 6180 
3 7987 7988 7999 
3 7999 7988 6317 
3 7999 6317 6316 
3 7926 6281 7989 
3 7989 6281 7990 
3 7989 7990 7991 
3 7991 7990 6279 
3 7991 6279 6277 
3 8012 6190 8013 
3 7992 6162 7993 
3 7993 6162 7994 
3 7993 7994 6158 
3 7992 6170 6162 
3 6162 6170 6168 
3 6162 6168 7995 
3 7995 6168 6165 
3 7995 6165 6164 
3 6331 6330 7996 
3 7996 6330 7997 
3 7996 7997 6328 
3 6328 6326 7996 
3 7996 6326 7998 
3 7996 7998 6324 
3 7975 6313 7999 
3 7999 6313 6312 
3 7999 6312 6309 
3 8000 8004 8001 
3 8001 8004 6255 
3 8001 6255 7967 
3 8002 6257 8003 
3 8003 6257 8005 
3 8000 6263 8004 
3 8004 6263 8005 
3 8004 8005 6259 
3 6259 8005 6257 
3 8022 6248 8006 
3 8006 6248 6247 
3 8006 6247 6246 
3 8007 6237 8024 
3 8011 8008 6200 
3 6200 8008 8009 
3 7985 8010 7986 
3 7986 8010 8008 
3 7986 8008 6197 
3 6197 8008 8011 
3 8012 8013 8025 
3 8025 8013 6187 
3 8025 6187 6186 
3 6294 8014 6296 
3 6296 8014 6286 
3 6296 6286 8015 
3 6288 6283 6291 
3 6291 6283 8017 
3 6294 6293 8014 
3 8014 6293 8017 
3 8014 8017 8016 
3 8016 8017 6283 
3 8018 8020 8019 
3 8019 8020 6270 
3 8019 6270 6271 
3 6243 6250 8006 
3 8006 6250 8021 
3 8006 8021 8022 
3 6223 8023 8024 
3 8024 8023 6238 
3 8024 6238 8007 
3 6186 6177 8025 
3 8025 6177 6181 
3 8025 6181 6180 
3 6309 6300 7999 
3 7999 6300 6303 
3 7999 6303 6306 
3 6277 6276 7991 
3 7991 6276 8019 
3 7991 8019 8026 
3 8026 8019 6271 
3 6237 8027 8024 
3 8024 8027 6232 
3 8024 6232 8028 
3 8028 6227 8024 
3 8024 6227 6230 
3 8024 6230 6231 
3 214 8079 8077 
3 9996 8061 8058 
3 7735 8029 8038 
3 8038 8029 7737 
3 8038 7737 7742 
3 7742 8030 8038 
3 8038 8030 7740 
3 8038 7740 8031 
3 8031 7740 7739 
3 8031 7739 8032 
3 8032 7739 8033 
3 8032 8033 8035 
3 8035 8033 8034 
3 8034 7747 8035 
3 8035 7747 7745 
3 8035 7745 7744 
3 7744 7750 8035 
3 8035 7750 8036 
3 8035 8036 8169 
3 8169 8036 8037 
3 8169 8037 8170 
3 7735 8038 8041 
3 8041 8038 9955 
3 8041 9955 8039 
3 10795 8040 8044 
3 8044 8040 8041 
3 8044 8041 9966 
3 9966 8041 8039 
3 8043 8044 8042 
3 8043 10782 8044 
3 8044 10782 10784 
3 8044 10784 10787 
3 10787 10789 8044 
3 8044 10789 10790 
3 8044 10790 10793 
3 10793 8045 8044 
3 8044 8045 8046 
3 8044 8046 10795 
3 10775 10776 8042 
3 8042 10776 10779 
3 8042 10779 8043 
3 8053 7757 8047 
3 8047 7757 8048 
3 8047 8048 8049 
3 7754 7753 8050 
3 7754 8050 8051 
3 8049 8048 8050 
3 8050 8048 7756 
3 8050 7756 8051 
3 7753 7752 8050 
3 8050 7752 8052 
3 8050 8052 9964 
3 9964 8052 9107 
3 9964 9107 8042 
3 8042 9107 10773 
3 8042 10773 10775 
3 7761 7760 8053 
3 8053 7760 7764 
3 8053 7764 7757 
3 7773 7772 8055 
3 8055 7772 7770 
3 7770 8054 8055 
3 8055 8054 8056 
3 8055 8056 9981 
3 9981 8056 7771 
3 9981 7771 8057 
3 8057 7771 7761 
3 8057 7761 9972 
3 9972 7761 8053 
3 8058 8061 8059 
3 7773 8055 8058 
3 8058 8055 8060 
3 8058 8060 9996 
3 8059 8061 6094 
3 6094 8061 8062 
3 6094 8062 8063 
3 8062 9998 8063 
3 8063 9998 8065 
3 8063 8065 8064 
3 8064 8065 8066 
3 8064 8066 8067 
3 8067 8066 8068 
3 8067 8068 8069 
3 8071 220 10016 
3 220 8070 10016 
3 10016 8070 221 
3 10016 221 8068 
3 8068 221 223 
3 8068 223 8069 
3 10016 10014 8071 
3 8071 10014 9682 
3 8071 9682 8072 
3 9682 8073 8072 
3 8072 8073 8074 
3 8072 8074 226 
3 226 8074 8075 
3 226 8075 219 
3 8075 8076 219 
3 219 8076 10030 
3 219 10030 218 
3 218 10030 9681 
3 8077 8079 8078 
3 8078 8079 8080 
3 8078 8080 9681 
3 9681 8080 8081 
3 9681 8081 218 
3 8083 8082 8077 
3 8077 8082 217 
3 8077 217 214 
3 8077 10054 8083 
3 8083 10054 10057 
3 8083 10057 8084 
3 8084 10057 8085 
3 8084 8085 8091 
3 8088 8086 8087 
3 8087 10056 8088 
3 8088 10056 8089 
3 8088 8089 7730 
3 7730 8089 10055 
3 7730 10055 8095 
3 8085 8090 8091 
3 8091 8090 8087 
3 8091 8087 7733 
3 7733 8087 8086 
3 8092 7719 10086 
3 10086 7719 7722 
3 10086 7722 8094 
3 8094 7722 8093 
3 8094 8093 10078 
3 10078 8093 7725 
3 10078 7725 10079 
3 10079 7725 7728 
3 10079 7728 10055 
3 10055 7728 7729 
3 10055 7729 8095 
3 7715 7714 10088 
3 10088 7714 7712 
3 10076 8096 10086 
3 10086 8096 7716 
3 10086 7716 8092 
3 7712 7711 10088 
3 10088 7711 8096 
3 10088 8096 8097 
3 8097 8096 10076 
3 10095 8098 8099 
3 8099 8098 9080 
3 8099 9080 10088 
3 10088 9080 9081 
3 10088 9081 7715 
3 10754 10752 8101 
3 8101 10752 8100 
3 8100 8102 8101 
3 8101 8102 10751 
3 8101 10751 10095 
3 10095 10751 10749 
3 10095 10749 8098 
3 10760 10759 8101 
3 8101 10759 10756 
3 8101 10756 10754 
3 10095 8107 8101 
3 8101 8107 8103 
3 8101 8103 8104 
3 8104 10764 8101 
3 8101 10764 10761 
3 8101 10761 10760 
3 8106 7707 7709 
3 10095 8105 8107 
3 8107 8105 8106 
3 8107 8106 9077 
3 9077 8106 7709 
3 7700 7910 7701 
3 7701 7910 8108 
3 7700 8109 7910 
3 7910 8109 7697 
3 7910 7697 8110 
3 8110 7694 7910 
3 7910 7694 8111 
3 7910 8111 10118 
3 10118 8111 8117 
3 10118 8117 8116 
3 8106 8112 7707 
3 7707 8112 10105 
3 7707 10105 8113 
3 8113 10105 8114 
3 8113 8114 8115 
3 8115 8114 8118 
3 8116 8117 8114 
3 8114 8117 7704 
3 8114 7704 8118 
3 8190 8147 6372 
3 8136 8143 8144 
3 8133 3809 3814 
3 3790 3789 10223 
3 10223 3789 3788 
3 10223 3788 8119 
3 8119 3788 8120 
3 8119 8120 3784 
3 5562 3666 8186 
3 8127 10142 3694 
3 3694 10142 10144 
3 8129 8130 3673 
3 3673 8130 3674 
3 3830 3826 8121 
3 8121 3826 3824 
3 8121 3824 3823 
3 8121 3809 8122 
3 8122 3809 3808 
3 8122 3808 8135 
3 8122 8143 10223 
3 10223 8143 3791 
3 10223 3791 3790 
3 3771 8123 8162 
3 5569 8124 5570 
3 3696 8125 10144 
3 10144 8125 8126 
3 10144 8126 3694 
3 8127 3691 10142 
3 10142 3691 8128 
3 10142 8128 10143 
3 8129 3671 8130 
3 8130 3671 8131 
3 8130 8131 3666 
3 3666 8131 8132 
3 3666 8132 8186 
3 5565 8154 5566 
3 5566 8154 3683 
3 3661 3659 7865 
3 3814 3813 8133 
3 8133 3813 3812 
3 8133 3812 3810 
3 3810 3812 8134 
3 8135 3806 8122 
3 8122 3806 3805 
3 8122 3805 3803 
3 8144 3794 8136 
3 8136 3794 8137 
3 8136 8137 5585 
3 3778 8162 3779 
3 3779 8162 8119 
3 3779 8119 3783 
3 3783 8119 3784 
3 8138 3776 8139 
3 8139 3776 8140 
3 8123 3767 8162 
3 8162 3767 3765 
3 8162 3765 3764 
3 3842 8149 8141 
3 8141 8149 8150 
3 3803 8142 8122 
3 8122 8142 3800 
3 8122 3800 8143 
3 8143 3800 3796 
3 8143 3796 8144 
3 3736 8145 3741 
3 3741 8145 3745 
3 3680 3677 7865 
3 7865 3677 3676 
3 7865 3676 3674 
3 3659 3658 7865 
3 7865 3658 3657 
3 7865 3657 3655 
3 3655 3654 7865 
3 7865 3654 8146 
3 7865 8146 8147 
3 8147 8146 5561 
3 8147 5561 6372 
3 5591 3867 8169 
3 8169 3867 8148 
3 8169 8148 3866 
3 3851 3848 8149 
3 8149 3848 3847 
3 8149 3847 8150 
3 3842 8176 8149 
3 8149 8176 3832 
3 8149 3832 8121 
3 8121 3832 3831 
3 8121 3831 3830 
3 6518 8151 8165 
3 8140 3776 3778 
3 3778 3776 3775 
3 3778 3775 8162 
3 8162 3775 3772 
3 8162 3772 3771 
3 3741 3740 3736 
3 3736 3740 3739 
3 3736 3739 3738 
3 3709 8152 10144 
3 10144 8152 8153 
3 10144 8153 8182 
3 3683 8154 8155 
3 8155 8154 3682 
3 8155 3682 3681 
3 3681 3680 8155 
3 8155 3680 7865 
3 8155 7865 3686 
3 3686 7865 10143 
3 3686 10143 8156 
3 8156 10143 8128 
3 8130 8157 3674 
3 3674 8157 3664 
3 3674 3664 7865 
3 7865 3664 8158 
3 7865 8158 3661 
3 8173 8159 3853 
3 3853 8159 3851 
3 3853 3851 3854 
3 3854 3851 8149 
3 3854 8149 3855 
3 8210 8178 3835 
3 3823 3821 8121 
3 8121 3821 8160 
3 8121 8160 3809 
3 3809 8160 3817 
3 3809 3817 3814 
3 8193 8181 8161 
3 8161 8181 8162 
3 8161 8162 3761 
3 3761 8162 3764 
3 8193 3758 8209 
3 8209 3758 5580 
3 8195 3729 8181 
3 8181 3729 3727 
3 8181 3727 10144 
3 10144 3727 3726 
3 10144 3726 3722 
3 8167 3714 10144 
3 10144 3714 3712 
3 10144 3712 3709 
3 8191 8163 8149 
3 8149 8163 8164 
3 8149 8164 3855 
3 5585 8137 8151 
3 8151 8137 6538 
3 8151 6538 8165 
3 8213 5573 8166 
3 8166 5573 3715 
3 8166 3715 3716 
3 3716 3715 8167 
3 3716 8167 8168 
3 8168 8167 10144 
3 8168 10144 3719 
3 3719 10144 3722 
3 8169 8170 5591 
3 5591 8170 8171 
3 5591 8171 8172 
3 3853 3852 8173 
3 8173 3852 8174 
3 8173 8174 8175 
3 8175 8174 8226 
3 8176 3838 3832 
3 3832 3838 3837 
3 3832 3837 8178 
3 8178 3837 8177 
3 8178 8177 3835 
3 8179 5576 8180 
3 3748 3746 8181 
3 8181 3746 3745 
3 8182 8183 10144 
3 10144 8183 3701 
3 10144 3701 3696 
3 3696 3701 8184 
3 3696 8184 8124 
3 8124 8184 8185 
3 8124 8185 5570 
3 5569 5570 5567 
3 5567 5570 6427 
3 5567 6427 6424 
3 5562 8186 8187 
3 8187 8186 6394 
3 8187 6394 8188 
3 8188 6394 6393 
3 8188 6393 8189 
3 8199 8215 6398 
3 8190 6372 6355 
3 6355 6372 6371 
3 6355 6371 8220 
3 3866 3863 8169 
3 8169 3863 3861 
3 8169 3861 8149 
3 8149 3861 3859 
3 8149 3859 8191 
3 3812 5587 8134 
3 8134 5587 8192 
3 8134 8192 8205 
3 8205 8192 6554 
3 8205 6554 8230 
3 6511 6510 8234 
3 8209 3754 8193 
3 8193 3754 3753 
3 8193 3753 8181 
3 8181 3753 3751 
3 8181 3751 3748 
3 8145 3735 3745 
3 3745 3735 3733 
3 3745 3733 8181 
3 8181 3733 8194 
3 8181 8194 8195 
3 5565 5566 8196 
3 8196 5566 8197 
3 8196 8197 6398 
3 6398 8197 8198 
3 6398 8198 8199 
3 8249 6557 8200 
3 8201 6543 8230 
3 8138 8139 5582 
3 5582 8139 8202 
3 5582 8202 8234 
3 8234 8202 6513 
3 8234 6513 6511 
3 3738 8203 3736 
3 3736 8203 8204 
3 3736 8204 5576 
3 5576 8204 6466 
3 5576 6466 8180 
3 6543 6542 8230 
3 8230 6542 6541 
3 8230 6541 8205 
3 6490 6470 8206 
3 8206 6470 8207 
3 8206 8207 5580 
3 5580 8207 8208 
3 5580 8208 8209 
3 6383 6373 6374 
3 8210 3835 6557 
3 6557 3835 8211 
3 6557 8211 8200 
3 8212 8217 8165 
3 8165 8217 6519 
3 8165 6519 6518 
3 6520 6533 6526 
3 6526 6533 6530 
3 6526 6530 6529 
3 8166 5575 8213 
3 8213 5575 6446 
3 8213 6446 8214 
3 8214 6446 6444 
3 8214 6444 8240 
3 6403 8215 6405 
3 6405 8215 6406 
3 6403 6397 8215 
3 8215 6397 6402 
3 8215 6402 8216 
3 6361 6358 8220 
3 8220 6358 6356 
3 8220 6356 6355 
3 8212 8218 8217 
3 8217 8218 6533 
3 8217 6533 6524 
3 6524 6533 6520 
3 6503 6510 6506 
3 6506 6510 6508 
3 6503 6491 6510 
3 6510 6491 6500 
3 6510 6500 6501 
3 6423 8235 6424 
3 6424 8235 6412 
3 6424 6412 5567 
3 8189 6390 8188 
3 8188 6390 6388 
3 8188 6388 6374 
3 6374 6388 6385 
3 6374 6385 6383 
3 6373 6378 6374 
3 6374 6378 6380 
3 6374 6380 6376 
3 8216 6400 8215 
3 8215 6400 8219 
3 8215 8219 6398 
3 6367 6363 8220 
3 8220 6363 6359 
3 8220 6359 6361 
3 6367 6365 6363 
3 6363 6365 6364 
3 6363 6364 8221 
3 6605 8222 8223 
3 8223 8222 8224 
3 8223 8224 8225 
3 6603 6599 6608 
3 6608 6599 6597 
3 6608 6597 8172 
3 8172 6597 6596 
3 8172 6596 5591 
3 8174 5590 8226 
3 8226 5590 8228 
3 8226 8228 8227 
3 8227 8228 8229 
3 8227 8229 6592 
3 8230 6551 8201 
3 8201 6551 8232 
3 8201 8232 8231 
3 8231 8232 6547 
3 6501 6496 6510 
3 6510 6496 8233 
3 6510 8233 8234 
3 6423 6422 8235 
3 8235 6422 6421 
3 8235 6421 6419 
3 6419 6418 8235 
3 8235 6418 8237 
3 8235 8237 8236 
3 8236 8237 8238 
3 8236 8238 6414 
3 6603 6608 8223 
3 8223 6608 6607 
3 8223 6607 6605 
3 6582 8239 6592 
3 6488 8246 6490 
3 6490 8246 6472 
3 6490 6472 6470 
3 6483 6482 8245 
3 8245 6482 6469 
3 8245 6469 6475 
3 6439 8240 8241 
3 8241 8240 6442 
3 6439 6438 8240 
3 8240 6438 6433 
3 8240 6433 6435 
3 8239 6576 6592 
3 6592 6576 6574 
3 6592 6574 8227 
3 8180 8242 8179 
3 8179 8242 8243 
3 8179 8243 6448 
3 6448 8243 6462 
3 6462 6460 6448 
3 6448 6460 6458 
3 6448 6458 8244 
3 8244 6453 6448 
3 6448 6453 6455 
3 6448 6455 6450 
3 6488 6486 8246 
3 8246 6486 8245 
3 8246 8245 6478 
3 6478 8245 6475 
3 6435 6431 8240 
3 8240 6431 6429 
3 8240 6429 8214 
3 6592 6589 6588 
3 8247 8253 8200 
3 8200 8253 8248 
3 8200 8248 8249 
3 8250 8251 8252 
3 8252 8251 6559 
3 8252 6559 6563 
3 6588 6587 6592 
3 6592 6587 6578 
3 6592 6578 6582 
3 8247 6569 8253 
3 8253 6569 8252 
3 8253 8252 6564 
3 6564 8252 6563 
3 6669 6887 8254 
3 8254 6887 6922 
3 6922 6926 8254 
3 8254 6926 6925 
3 8254 6925 8261 
3 8260 6923 8258 
3 6923 8255 8258 
3 8258 8255 8256 
3 8258 8256 8257 
3 8257 8259 8258 
3 8258 8259 7002 
3 8258 7002 7003 
3 7003 6931 8258 
3 8258 6931 6933 
3 8258 6933 8266 
3 8258 10271 8260 
3 8260 10271 10285 
3 8260 10285 8262 
3 6925 8260 8261 
3 8261 8260 8262 
3 8261 8262 8263 
3 8263 8262 10275 
3 8263 10275 11551 
3 8264 6992 10267 
3 10267 6992 6993 
3 6993 6934 10267 
3 10267 6934 6978 
3 10267 6978 6936 
3 8264 10267 6933 
3 6933 10267 10265 
3 6933 10265 10264 
3 10264 10298 6933 
3 6933 10298 10269 
3 6933 10269 8265 
3 8265 10289 6933 
3 6933 10289 10288 
3 6933 10288 8266 
3 8267 8274 8276 
3 8276 8274 8268 
3 8276 8268 6938 
3 6938 8269 8276 
3 8276 8269 8270 
3 8276 8270 6940 
3 8267 8271 8274 
3 8274 8271 8272 
3 8274 8272 8273 
3 6936 6935 10267 
3 10267 6935 8274 
3 10267 8274 8275 
3 8275 8274 8273 
3 6940 6941 8276 
3 8276 6941 6942 
3 8276 6942 8277 
3 8277 6942 8282 
3 8280 8278 8279 
3 8278 6943 8279 
3 8279 6943 6945 
3 8279 6945 8287 
3 8280 8279 6942 
3 6942 8279 8281 
3 6942 8281 8282 
3 10359 8299 8333 
3 10368 10370 8283 
3 8284 10254 8294 
3 10330 10262 8285 
3 8286 8287 6946 
3 8286 8349 10260 
3 10260 8349 8285 
3 10260 8285 8288 
3 8288 8285 10262 
3 10330 8285 10322 
3 10322 8285 8320 
3 10322 8320 8289 
3 10258 8319 10259 
3 10259 8319 8290 
3 8290 8319 10313 
3 10313 8319 8295 
3 10313 8295 10254 
3 8284 8294 10256 
3 10256 8294 8291 
3 8291 8294 8283 
3 8291 8283 8292 
3 8292 8283 10370 
3 8292 10370 10253 
3 10368 8283 8293 
3 8293 8283 8294 
3 8293 8294 10366 
3 10254 8295 8294 
3 8294 8295 10367 
3 8294 10367 10366 
3 10565 10365 8295 
3 8295 10365 10510 
3 8295 10510 10367 
3 8318 8296 10565 
3 10364 8317 10524 
3 10524 8317 8314 
3 10524 8314 10363 
3 8350 10360 8298 
3 8298 10360 8297 
3 8298 8297 8314 
3 8314 8297 10362 
3 8314 10362 10363 
3 8299 8300 8321 
3 8300 10358 8321 
3 8321 10358 10361 
3 8321 10361 8350 
3 10359 8333 10357 
3 8334 8326 10357 
3 8346 10354 8325 
3 10351 10352 8301 
3 8301 10352 10353 
3 8301 10353 10354 
3 8302 8304 8303 
3 8303 8304 10351 
3 8305 8306 8338 
3 8338 8306 8302 
3 8307 10349 8308 
3 8308 10349 8305 
3 10434 8307 8309 
3 8309 8307 8308 
3 8309 8308 8358 
3 8358 8308 8310 
3 8358 8310 8357 
3 8357 8310 8359 
3 8359 8310 8361 
3 8361 8310 8311 
3 8361 8311 8362 
3 8362 8311 8312 
3 8362 8312 6952 
3 8313 8298 8315 
3 8315 8298 8314 
3 8315 8314 8316 
3 8316 8314 8317 
3 10565 8295 8318 
3 8318 8295 8319 
3 8318 8319 8320 
3 8320 8319 10258 
3 8320 10258 8289 
3 8299 8321 8333 
3 8333 8321 8351 
3 8333 8351 8335 
3 8335 8351 8353 
3 8335 8353 8331 
3 8345 8347 8322 
3 8322 8347 8323 
3 8322 8323 8324 
3 8324 8323 8346 
3 8324 8346 8334 
3 8334 8346 8325 
3 8334 8325 8326 
3 10351 8301 8303 
3 8303 8301 8327 
3 8303 8327 8342 
3 8342 8327 8328 
3 8342 8328 8339 
3 8352 8313 8349 
3 8349 8313 8315 
3 8349 8315 8285 
3 8285 8315 8316 
3 8285 8316 8320 
3 8320 8316 8317 
3 8320 8317 8318 
3 8318 8317 10364 
3 8318 10364 8296 
3 6969 8329 8353 
3 8353 8329 8330 
3 8353 8330 8331 
3 8331 8330 8332 
3 8331 8332 6972 
3 10357 8333 8334 
3 8334 8333 8335 
3 8334 8335 8324 
3 8324 8335 8331 
3 8324 8331 8322 
3 8322 8331 6972 
3 8322 6972 8345 
3 8328 8336 8340 
3 6918 8343 7011 
3 7011 8343 8337 
3 8305 8338 8308 
3 8308 8338 8341 
3 8308 8341 8310 
3 8310 8341 8343 
3 8310 8343 8311 
3 8311 8343 6918 
3 8311 6918 8312 
3 8328 8340 8339 
3 8339 8340 6950 
3 8339 6950 8344 
3 8302 8303 8338 
3 8338 8303 8342 
3 8338 8342 8341 
3 8341 8342 8339 
3 8341 8339 8343 
3 8343 8339 8344 
3 8343 8344 8337 
3 8345 6984 8347 
3 8347 6984 6920 
3 8347 6920 8348 
3 10354 8346 8301 
3 8301 8346 8323 
3 8301 8323 8327 
3 8327 8323 8347 
3 8327 8347 8328 
3 8328 8347 8348 
3 8328 8348 8336 
3 8286 6946 8349 
3 8349 6946 6949 
3 8349 6949 8352 
3 8352 6949 6948 
3 8352 6948 6947 
3 8350 8298 8321 
3 8321 8298 8313 
3 8321 8313 8351 
3 8351 8313 8352 
3 8351 8352 8353 
3 8353 8352 6947 
3 8353 6947 6969 
3 8354 8356 8355 
3 8355 8356 1377 
3 8355 1377 10433 
3 10433 1377 8394 
3 8354 10566 8356 
3 8356 10566 10435 
3 8356 10435 10434 
3 8357 1375 8358 
3 8358 1375 8356 
3 8358 8356 8309 
3 8309 8356 10434 
3 8367 8369 6953 
3 6953 8369 1373 
3 8357 8359 1375 
3 1375 8359 8360 
3 1375 8360 1373 
3 8359 8361 8360 
3 8360 8361 8362 
3 8360 8362 1373 
3 1373 8362 6952 
3 1373 6952 6953 
3 8363 8364 6954 
3 6954 8364 160 
3 6954 160 159 
3 159 8365 6954 
3 6954 8365 8366 
3 6954 8366 6955 
3 6951 8370 8367 
3 8367 8370 8368 
3 8367 8368 8369 
3 6951 6957 8370 
3 8370 6957 8371 
3 8370 8371 8372 
3 8372 8371 6955 
3 8372 6955 8373 
3 8373 6955 8366 
3 7097 7100 165 
3 7097 165 7093 
3 7093 165 166 
3 7093 166 8382 
3 8374 8376 6954 
3 6954 8376 8375 
3 6954 8375 8363 
3 8374 6958 8376 
3 8376 6958 6959 
3 8376 6959 164 
3 166 8377 8382 
3 8382 8377 162 
3 8382 162 8378 
3 8378 162 164 
3 8378 164 8379 
3 8379 164 6959 
3 8380 8384 6964 
3 6964 8384 7109 
3 6964 7109 8381 
3 8381 7109 7101 
3 8381 7101 7103 
3 8382 6962 7093 
3 7093 6962 8381 
3 7093 8381 7104 
3 7104 8381 7103 
3 8380 8383 8384 
3 8384 8383 8385 
3 8384 8385 58 
3 58 8385 8386 
3 58 8386 8387 
3 8388 7034 8389 
3 8389 7034 3621 
3 8389 3621 6965 
3 3621 8390 6965 
3 6965 8390 8391 
3 6965 8391 6967 
3 6967 8391 8392 
3 6967 8392 6968 
3 6968 8392 7074 
3 6968 7074 8386 
3 8386 7074 7056 
3 8386 7056 8387 
3 8396 10343 8395 
3 8395 10343 8394 
3 8395 8394 8393 
3 8393 8394 1377 
3 8397 10431 8398 
3 8398 10431 10430 
3 8398 10430 8395 
3 8395 10430 10429 
3 8395 10429 8396 
3 8397 8398 10428 
3 10428 8398 3358 
3 10428 3358 10427 
3 10424 8399 8401 
3 8401 8399 8400 
3 8401 8400 3358 
3 3358 8400 10426 
3 3358 10426 10427 
3 3359 8402 10422 
3 3359 10422 8401 
3 8401 10422 10423 
3 8401 10423 10424 
3 8403 10421 10420 
3 8402 3359 10420 
3 10420 3359 7112 
3 10420 7112 8403 
3 10414 10416 8404 
3 8404 10416 10418 
3 8404 10418 8403 
3 8403 10418 8405 
3 8403 8405 10421 
3 10413 8406 8407 
3 8407 8406 10412 
3 8407 10412 8404 
3 8404 10412 10411 
3 8404 10411 10414 
3 8408 8409 7116 
3 7116 8409 8410 
3 7116 8410 8407 
3 8407 8410 8411 
3 8407 8411 10413 
3 8463 8412 8413 
3 8978 8751 8723 
3 8784 8454 8513 
3 8414 8451 8594 
3 10602 8443 8470 
3 8422 8415 8618 
3 8420 8417 8416 
3 8416 8417 8418 
3 8416 8418 8476 
3 10603 8419 8420 
3 8420 8419 8421 
3 8420 8421 8417 
3 8422 8618 8423 
3 8423 8618 8622 
3 8423 8622 7214 
3 7214 8622 8424 
3 7214 8424 7215 
3 7215 8424 8425 
3 8425 8424 8426 
3 8425 8426 8621 
3 8427 8428 8429 
3 8429 8428 8620 
3 8429 8620 8550 
3 8427 8549 8430 
3 8430 8549 8431 
3 8430 8431 8432 
3 8432 8431 8433 
3 8433 8431 8434 
3 8433 8434 8435 
3 8541 8436 5722 
3 8541 5722 8434 
3 8434 5722 5721 
3 8434 5721 8435 
3 8440 10398 8441 
3 8441 10398 8437 
3 8441 8437 8438 
3 8438 8437 8439 
3 8438 8439 8485 
3 8440 8441 10585 
3 10585 8441 8442 
3 10585 8442 10584 
3 8470 8443 8442 
3 8442 8443 8444 
3 8442 8444 10584 
3 10602 8470 10599 
3 10599 8470 8445 
3 10599 8445 10587 
3 10587 8445 8446 
3 10587 8446 10588 
3 10588 8446 8448 
3 10588 8448 10589 
3 8473 8447 8448 
3 8448 8447 10590 
3 8448 10590 10589 
3 8418 10595 8476 
3 8476 10595 10593 
3 8476 10593 8475 
3 8475 10593 10592 
3 8475 10592 8473 
3 8473 10592 10591 
3 8473 10591 8447 
3 8449 8450 8758 
3 8758 8450 8414 
3 8451 8902 8512 
3 8512 8902 8784 
3 8909 9005 8420 
3 8420 9005 9006 
3 8420 9006 10603 
3 8452 8453 8496 
3 8496 8453 8498 
3 8454 8455 8627 
3 8627 8455 8904 
3 8627 8904 8452 
3 8458 8456 8650 
3 8650 8456 8781 
3 8781 8457 8724 
3 8724 8457 8978 
3 3271 8937 3317 
3 3317 8937 8458 
3 3317 8458 8413 
3 8413 8458 8668 
3 8413 8668 8463 
3 8464 3313 8465 
3 8465 3313 8459 
3 8465 8459 8460 
3 8460 8459 3315 
3 8460 3315 8669 
3 8669 3315 8461 
3 8669 8461 8463 
3 8463 8461 8462 
3 8463 8462 8412 
3 8464 8465 8467 
3 8467 8465 8466 
3 8467 8466 3311 
3 3311 8466 8671 
3 3311 8671 8468 
3 8468 8671 8674 
3 8468 8674 8484 
3 8438 8487 8441 
3 8441 8487 8469 
3 8441 8469 8442 
3 8442 8469 8489 
3 8442 8489 8470 
3 8470 8489 8471 
3 8470 8471 8445 
3 8445 8471 8472 
3 8445 8472 8446 
3 8446 8472 8491 
3 8446 8491 8448 
3 8448 8491 8492 
3 8448 8492 8473 
3 8473 8492 8474 
3 8473 8474 8475 
3 8475 8474 8494 
3 8475 8494 8476 
3 8476 8494 8477 
3 8476 8477 8416 
3 8416 8477 8497 
3 8416 8497 8420 
3 8420 8497 8478 
3 8420 8478 8909 
3 8499 3309 8676 
3 8676 3309 3307 
3 8676 3307 8479 
3 8479 3307 8480 
3 8479 8480 8481 
3 8481 8480 8482 
3 8481 8482 8674 
3 8674 8482 8483 
3 8674 8483 8484 
3 8436 8541 8485 
3 8485 8541 8539 
3 8485 8539 8438 
3 8438 8539 8486 
3 8438 8486 8487 
3 8487 8486 8537 
3 8487 8537 8469 
3 8469 8537 8535 
3 8469 8535 8489 
3 8489 8535 8488 
3 8489 8488 8471 
3 8471 8488 8533 
3 8471 8533 8472 
3 8472 8533 8490 
3 8472 8490 8491 
3 8491 8490 8532 
3 8491 8532 8492 
3 8492 8532 8531 
3 8492 8531 8474 
3 8474 8531 8493 
3 8474 8493 8494 
3 8494 8493 8495 
3 8494 8495 8477 
3 8477 8495 8496 
3 8477 8496 8497 
3 8497 8496 8498 
3 8497 8498 8478 
3 8677 3304 8499 
3 8499 3304 3303 
3 8499 3303 3309 
3 8500 8502 8501 
3 8501 8502 8504 
3 8501 8504 8503 
3 8503 8504 8505 
3 8503 8505 8677 
3 8677 8505 3305 
3 8677 3305 3304 
3 8500 8501 8506 
3 8506 8501 8507 
3 8506 8507 8509 
3 8509 8507 8508 
3 8509 8508 3346 
3 3346 8508 8681 
3 3346 8681 8510 
3 8510 8681 8511 
3 8510 8511 8555 
3 8784 8513 8512 
3 8512 8513 8514 
3 8512 8514 8595 
3 8595 8514 8628 
3 8595 8628 8597 
3 8597 8628 8629 
3 8597 8629 8598 
3 8598 8629 8515 
3 8598 8515 8599 
3 8599 8515 8632 
3 8599 8632 8516 
3 8516 8632 8634 
3 8516 8634 8601 
3 8601 8634 8636 
3 8601 8636 8603 
3 8603 8636 8517 
3 8603 8517 8604 
3 8604 8517 8518 
3 8604 8518 8605 
3 8605 8518 8638 
3 8605 8638 8519 
3 8519 8638 8639 
3 8519 8639 8520 
3 8520 8639 8521 
3 8520 8521 8522 
3 8522 8521 8641 
3 8522 8641 8608 
3 8608 8641 8523 
3 8608 8523 8609 
3 8609 8523 8525 
3 8609 8525 8524 
3 8524 8525 8644 
3 8524 8644 8526 
3 8526 8644 8645 
3 8526 8645 8612 
3 8612 8645 8527 
3 8612 8527 8528 
3 8528 8527 8646 
3 8528 8646 8614 
3 8452 8496 8627 
3 8627 8496 8495 
3 8627 8495 8529 
3 8529 8495 8493 
3 8529 8493 8530 
3 8530 8493 8531 
3 8530 8531 8630 
3 8630 8531 8532 
3 8630 8532 8631 
3 8631 8532 8490 
3 8631 8490 8633 
3 8633 8490 8533 
3 8633 8533 8534 
3 8534 8533 8488 
3 8534 8488 8635 
3 8635 8488 8535 
3 8635 8535 8536 
3 8536 8535 8537 
3 8536 8537 8637 
3 8637 8537 8486 
3 8637 8486 8538 
3 8538 8486 8539 
3 8538 8539 8540 
3 8540 8539 8541 
3 8540 8541 8640 
3 8640 8541 8434 
3 8640 8434 8542 
3 8542 8434 8431 
3 8542 8431 8543 
3 8543 8431 8549 
3 8543 8549 8642 
3 8642 8549 8544 
3 8642 8544 8643 
3 8643 8544 8545 
3 8643 8545 8546 
3 8546 8545 8547 
3 8546 8547 8548 
3 8548 8547 8554 
3 8548 8554 8647 
3 8427 8429 8549 
3 8549 8429 8550 
3 8549 8550 8544 
3 8544 8550 8551 
3 8544 8551 8545 
3 8545 8551 8552 
3 8545 8552 8547 
3 8547 8552 8553 
3 8547 8553 8554 
3 8555 8511 8556 
3 8556 8511 8649 
3 8556 8649 3342 
3 8751 8754 8723 
3 8723 8754 8719 
3 8723 8719 8557 
3 8557 8719 8558 
3 8557 8558 8559 
3 8559 8558 8560 
3 8559 8560 8561 
3 8561 8560 8562 
3 8561 8562 8727 
3 8727 8562 8714 
3 8727 8714 8728 
3 8728 8714 8713 
3 8728 8713 8731 
3 8731 8713 8563 
3 8731 8563 8733 
3 8733 8563 8565 
3 8733 8565 8564 
3 8564 8565 8566 
3 8564 8566 8736 
3 8736 8566 8567 
3 8736 8567 8737 
3 8737 8567 8709 
3 8737 8709 8738 
3 8738 8709 8708 
3 8738 8708 8740 
3 8740 8708 8707 
3 8740 8707 8742 
3 8742 8707 8568 
3 8742 8568 8744 
3 8744 8568 8705 
3 8744 8705 8746 
3 8746 8705 8704 
3 8746 8704 8569 
3 8569 8704 8570 
3 8569 8570 8571 
3 8571 8570 8572 
3 8571 8572 8750 
3 8750 8572 8701 
3 8750 8701 8721 
3 8615 8616 8592 
3 8414 8594 8758 
3 8758 8594 8596 
3 8758 8596 8759 
3 8759 8596 8573 
3 8759 8573 8760 
3 8760 8573 8600 
3 8760 8600 8574 
3 8574 8600 8576 
3 8574 8576 8575 
3 8575 8576 8577 
3 8575 8577 8763 
3 8763 8577 8602 
3 8763 8602 8578 
3 8578 8602 8579 
3 8578 8579 8765 
3 8765 8579 8606 
3 8765 8606 8767 
3 8767 8606 8607 
3 8767 8607 8768 
3 8768 8607 8580 
3 8768 8580 8769 
3 8769 8580 8581 
3 8769 8581 8771 
3 8771 8581 8583 
3 8771 8583 8582 
3 8582 8583 8584 
3 8582 8584 8772 
3 8772 8584 8585 
3 8772 8585 8586 
3 8586 8585 8610 
3 8586 8610 8587 
3 8587 8610 8611 
3 8587 8611 8776 
3 8776 8611 8613 
3 8776 8613 8589 
3 8589 8613 8588 
3 8589 8588 8590 
3 8590 8588 8615 
3 8590 8615 8591 
3 8591 8615 8592 
3 8591 8592 7129 
3 8646 7126 8593 
3 8646 8593 8614 
3 8614 8593 7125 
3 8614 7125 7128 
3 8451 8512 8594 
3 8594 8512 8595 
3 8594 8595 8596 
3 8596 8595 8597 
3 8596 8597 8573 
3 8573 8597 8598 
3 8573 8598 8600 
3 8600 8598 8599 
3 8600 8599 8576 
3 8576 8599 8516 
3 8576 8516 8577 
3 8577 8516 8601 
3 8577 8601 8602 
3 8602 8601 8603 
3 8602 8603 8579 
3 8579 8603 8604 
3 8579 8604 8606 
3 8606 8604 8605 
3 8606 8605 8607 
3 8607 8605 8519 
3 8607 8519 8580 
3 8580 8519 8520 
3 8580 8520 8581 
3 8581 8520 8522 
3 8581 8522 8583 
3 8583 8522 8608 
3 8583 8608 8584 
3 8584 8608 8609 
3 8584 8609 8585 
3 8585 8609 8524 
3 8585 8524 8610 
3 8610 8524 8526 
3 8610 8526 8611 
3 8611 8526 8612 
3 8611 8612 8613 
3 8613 8612 8528 
3 8613 8528 8588 
3 8588 8528 8614 
3 8588 8614 8615 
3 8615 8614 7128 
3 8615 7128 8616 
3 8415 8617 8618 
3 8618 8617 8619 
3 8618 8619 8623 
3 5723 8621 8620 
3 8620 8621 8426 
3 8620 8426 8550 
3 8550 8426 8424 
3 8550 8424 8551 
3 8551 8424 8622 
3 8551 8622 8552 
3 8552 8622 8618 
3 8552 8618 8553 
3 8553 8618 8623 
3 8623 8624 8553 
3 8553 8624 7123 
3 8553 7123 8554 
3 8554 7123 8625 
3 8554 8625 8647 
3 8647 8625 8626 
3 8647 8626 7124 
3 8454 8627 8513 
3 8513 8627 8529 
3 8513 8529 8514 
3 8514 8529 8530 
3 8514 8530 8628 
3 8628 8530 8630 
3 8628 8630 8629 
3 8629 8630 8631 
3 8629 8631 8515 
3 8515 8631 8633 
3 8515 8633 8632 
3 8632 8633 8534 
3 8632 8534 8634 
3 8634 8534 8635 
3 8634 8635 8636 
3 8636 8635 8536 
3 8636 8536 8517 
3 8517 8536 8637 
3 8517 8637 8518 
3 8518 8637 8538 
3 8518 8538 8638 
3 8638 8538 8540 
3 8638 8540 8639 
3 8639 8540 8640 
3 8639 8640 8521 
3 8521 8640 8542 
3 8521 8542 8641 
3 8641 8542 8543 
3 8641 8543 8523 
3 8523 8543 8642 
3 8523 8642 8525 
3 8525 8642 8643 
3 8525 8643 8644 
3 8644 8643 8546 
3 8644 8546 8645 
3 8645 8546 8548 
3 8645 8548 8527 
3 8527 8548 8647 
3 8527 8647 8646 
3 8646 8647 7124 
3 8646 7124 7126 
3 7137 7138 8648 
3 3342 8649 8648 
3 8648 8649 7136 
3 8648 7136 7137 
3 8781 8724 8650 
3 8650 8724 8725 
3 8650 8725 8667 
3 8667 8725 8726 
3 8667 8726 8651 
3 8651 8726 8652 
3 8651 8652 8653 
3 8653 8652 8729 
3 8653 8729 8670 
3 8670 8729 8730 
3 8670 8730 8654 
3 8654 8730 8655 
3 8654 8655 8672 
3 8672 8655 8732 
3 8672 8732 8673 
3 8673 8732 8734 
3 8673 8734 8675 
3 8675 8734 8735 
3 8675 8735 8656 
3 8656 8735 8658 
3 8656 8658 8657 
3 8657 8658 8739 
3 8657 8739 8659 
3 8659 8739 8741 
3 8659 8741 8660 
3 8660 8741 8743 
3 8660 8743 8678 
3 8678 8743 8745 
3 8678 8745 8679 
3 8679 8745 8747 
3 8679 8747 8661 
3 8661 8747 8748 
3 8661 8748 8663 
3 8663 8748 8662 
3 8663 8662 8680 
3 8680 8662 8749 
3 8680 8749 8682 
3 8682 8749 8665 
3 8682 8665 8664 
3 8664 8665 7135 
3 8664 7135 8666 
3 8458 8650 8668 
3 8668 8650 8667 
3 8668 8667 8463 
3 8463 8667 8651 
3 8463 8651 8669 
3 8669 8651 8653 
3 8669 8653 8460 
3 8460 8653 8670 
3 8460 8670 8465 
3 8465 8670 8654 
3 8465 8654 8466 
3 8466 8654 8672 
3 8466 8672 8671 
3 8671 8672 8673 
3 8671 8673 8674 
3 8674 8673 8675 
3 8674 8675 8481 
3 8481 8675 8656 
3 8481 8656 8479 
3 8479 8656 8657 
3 8479 8657 8676 
3 8676 8657 8659 
3 8676 8659 8499 
3 8499 8659 8660 
3 8499 8660 8677 
3 8677 8660 8678 
3 8677 8678 8503 
3 8503 8678 8679 
3 8503 8679 8501 
3 8501 8679 8661 
3 8501 8661 8507 
3 8507 8661 8663 
3 8507 8663 8508 
3 8508 8663 8680 
3 8508 8680 8681 
3 8681 8680 8682 
3 8681 8682 8511 
3 8511 8682 8664 
3 8511 8664 8649 
3 8649 8664 8666 
3 8649 8666 7136 
3 8780 8700 8779 
3 8779 8700 8702 
3 8779 8702 8778 
3 8778 8702 8683 
3 8778 8683 8777 
3 8777 8683 8703 
3 8777 8703 8684 
3 8684 8703 8706 
3 8684 8706 8775 
3 8775 8706 8685 
3 8775 8685 8687 
3 8687 8685 8686 
3 8687 8686 8774 
3 8774 8686 8688 
3 8774 8688 8773 
3 8773 8688 8689 
3 8773 8689 8690 
3 8690 8689 8691 
3 8690 8691 8770 
3 8770 8691 8710 
3 8770 8710 8692 
3 8692 8710 8711 
3 8692 8711 8693 
3 8693 8711 8712 
3 8693 8712 8766 
3 8766 8712 8715 
3 8766 8715 8764 
3 8764 8715 8716 
3 8764 8716 8762 
3 8762 8716 8717 
3 8762 8717 8694 
3 8694 8717 8695 
3 8694 8695 8761 
3 8761 8695 8718 
3 8761 8718 8696 
3 8696 8718 8698 
3 8696 8698 8697 
3 8697 8698 8755 
3 8697 8755 8756 
3 8780 7132 8700 
3 8700 7132 7131 
3 8700 7131 8699 
3 8699 8701 8700 
3 8700 8701 8572 
3 8700 8572 8702 
3 8702 8572 8570 
3 8702 8570 8683 
3 8683 8570 8704 
3 8683 8704 8703 
3 8703 8704 8705 
3 8703 8705 8706 
3 8706 8705 8568 
3 8706 8568 8685 
3 8685 8568 8707 
3 8685 8707 8686 
3 8686 8707 8708 
3 8686 8708 8688 
3 8688 8708 8709 
3 8688 8709 8689 
3 8689 8709 8567 
3 8689 8567 8691 
3 8691 8567 8566 
3 8691 8566 8710 
3 8710 8566 8565 
3 8710 8565 8711 
3 8711 8565 8563 
3 8711 8563 8712 
3 8712 8563 8713 
3 8712 8713 8715 
3 8715 8713 8714 
3 8715 8714 8716 
3 8716 8714 8562 
3 8716 8562 8717 
3 8717 8562 8560 
3 8717 8560 8695 
3 8695 8560 8558 
3 8695 8558 8718 
3 8718 8558 8719 
3 8718 8719 8698 
3 8698 8719 8754 
3 8698 8754 8755 
3 8699 8720 8701 
3 8701 8720 7133 
3 8701 7133 8721 
3 8721 7133 7134 
3 8721 7134 8722 
3 8978 8723 8724 
3 8724 8723 8557 
3 8724 8557 8725 
3 8725 8557 8559 
3 8725 8559 8726 
3 8726 8559 8561 
3 8726 8561 8652 
3 8652 8561 8727 
3 8652 8727 8729 
3 8729 8727 8728 
3 8729 8728 8730 
3 8730 8728 8731 
3 8730 8731 8655 
3 8655 8731 8733 
3 8655 8733 8732 
3 8732 8733 8564 
3 8732 8564 8734 
3 8734 8564 8736 
3 8734 8736 8735 
3 8735 8736 8737 
3 8735 8737 8658 
3 8658 8737 8738 
3 8658 8738 8739 
3 8739 8738 8740 
3 8739 8740 8741 
3 8741 8740 8742 
3 8741 8742 8743 
3 8743 8742 8744 
3 8743 8744 8745 
3 8745 8744 8746 
3 8745 8746 8747 
3 8747 8746 8569 
3 8747 8569 8748 
3 8748 8569 8571 
3 8748 8571 8662 
3 8662 8571 8750 
3 8662 8750 8749 
3 8749 8750 8721 
3 8749 8721 8665 
3 8665 8721 8722 
3 8665 8722 7135 
3 8751 8752 8754 
3 8754 8752 8753 
3 8754 8753 8755 
3 8755 8753 8757 
3 8755 8757 8756 
3 8756 8757 9020 
3 8756 9020 8449 
3 8449 8758 8756 
3 8756 8758 8759 
3 8756 8759 8697 
3 8697 8759 8760 
3 8697 8760 8696 
3 8696 8760 8574 
3 8696 8574 8761 
3 8761 8574 8575 
3 8761 8575 8694 
3 8694 8575 8763 
3 8694 8763 8762 
3 8762 8763 8578 
3 8762 8578 8764 
3 8764 8578 8765 
3 8764 8765 8766 
3 8766 8765 8767 
3 8766 8767 8693 
3 8693 8767 8768 
3 8693 8768 8692 
3 8692 8768 8769 
3 8692 8769 8770 
3 8770 8769 8771 
3 8770 8771 8690 
3 8690 8771 8582 
3 8690 8582 8773 
3 8773 8582 8772 
3 8773 8772 8774 
3 8774 8772 8586 
3 8774 8586 8687 
3 8687 8586 8587 
3 8687 8587 8775 
3 8775 8587 8776 
3 8775 8776 8684 
3 8684 8776 8589 
3 8684 8589 8777 
3 8777 8589 8590 
3 8777 8590 8778 
3 8778 8590 8591 
3 8778 8591 8779 
3 8779 8591 7129 
3 8779 7129 8780 
3 9004 10607 9003 
3 8993 10611 10612 
3 8457 8781 8782 
3 8453 8452 8905 
3 8478 8498 8783 
3 8904 8455 8921 
3 8784 8902 8900 
3 8898 9018 9017 
3 8785 8992 8996 
3 8796 8999 8913 
3 8969 8876 8938 
3 8786 8787 8960 
3 8979 8889 8788 
3 3336 3335 8980 
3 8874 3334 8869 
3 8861 8849 8859 
3 3338 8789 8848 
3 8814 7247 8813 
3 8813 8790 8808 
3 8808 8790 9037 
3 9036 9035 8836 
3 8836 9035 8791 
3 10643 10642 8993 
3 8993 10642 10606 
3 8993 10606 10611 
3 10646 8992 10647 
3 10647 8992 8785 
3 10647 8785 8995 
3 10650 8792 8793 
3 8793 8792 10649 
3 10649 8794 8793 
3 8793 8794 8795 
3 8793 8795 10650 
3 10650 8795 10635 
3 8796 10640 8999 
3 8999 10640 8797 
3 8999 8797 10637 
3 8877 9021 8878 
3 8878 9021 10638 
3 8878 10638 8879 
3 9025 8798 8799 
3 8799 8798 8800 
3 8799 8800 9009 
3 9009 8800 9023 
3 9009 9023 9010 
3 8803 8801 8985 
3 8985 8801 9028 
3 8985 9028 9026 
3 8802 8803 8987 
3 8791 9034 8804 
3 8804 9034 9032 
3 8804 9032 8852 
3 8852 9032 9031 
3 8852 9031 9030 
3 8836 8837 9036 
3 9036 8837 8805 
3 9036 8805 8806 
3 8806 8805 9038 
3 8809 8807 8830 
3 8830 8807 9038 
3 8810 8808 8830 
3 8830 8808 9037 
3 8830 9037 8809 
3 8810 8811 8808 
3 8808 8811 8812 
3 8808 8812 8813 
3 8813 8812 7248 
3 8813 7248 8814 
3 8838 8839 8829 
3 8829 8839 8815 
3 8829 8815 8817 
3 8817 8815 8816 
3 8817 8816 7246 
3 7235 7239 8819 
3 7239 8818 8819 
3 8819 8818 7241 
3 8819 7241 7243 
3 8820 7236 8990 
3 8990 7236 8991 
3 8823 7234 8831 
3 8831 7234 8821 
3 8831 8821 8822 
3 8822 8821 7317 
3 8822 7317 8820 
3 8820 7317 7238 
3 8820 7238 7236 
3 8823 8831 8824 
3 8824 8831 8833 
3 8824 8833 8825 
3 8825 8833 8834 
3 8825 8834 7231 
3 8835 8826 3341 
3 7231 8834 8827 
3 8827 8834 8835 
3 8827 8835 7250 
3 7250 8835 3341 
3 7250 3341 8828 
3 8837 8838 8805 
3 8805 8838 8829 
3 8805 8829 9038 
3 9038 8829 8817 
3 9038 8817 8830 
3 8830 8817 7246 
3 8830 7246 8810 
3 8990 8840 8820 
3 8820 8840 8842 
3 8820 8842 8822 
3 8822 8842 8843 
3 8822 8843 8831 
3 8831 8843 8832 
3 8831 8832 8833 
3 8833 8832 8845 
3 8833 8845 8834 
3 8834 8845 8846 
3 8834 8846 8835 
3 8835 8846 8848 
3 8835 8848 8826 
3 8826 8848 8789 
3 8791 8804 8836 
3 8836 8804 8851 
3 8836 8851 8837 
3 8837 8851 8819 
3 8837 8819 8838 
3 8838 8819 7243 
3 8838 7243 8839 
3 8840 8841 8842 
3 8842 8841 8854 
3 8842 8854 8843 
3 8843 8854 8855 
3 8843 8855 8832 
3 8832 8855 8844 
3 8832 8844 8845 
3 8845 8844 8857 
3 8845 8857 8846 
3 8846 8857 8847 
3 8846 8847 8848 
3 8848 8847 8859 
3 8848 8859 3338 
3 3338 8859 8849 
3 7235 8819 8850 
3 8850 8819 8851 
3 8850 8851 8989 
3 8989 8851 8804 
3 8989 8804 8988 
3 8988 8804 8852 
3 8988 8852 8853 
3 8853 8852 9030 
3 8853 9030 8987 
3 8987 9030 9029 
3 8987 9029 8802 
3 8841 8862 8854 
3 8854 8862 8863 
3 8854 8863 8855 
3 8855 8863 8856 
3 8855 8856 8844 
3 8844 8856 8865 
3 8844 8865 8857 
3 8857 8865 8866 
3 8857 8866 8847 
3 8847 8866 8858 
3 8847 8858 8859 
3 8859 8858 8860 
3 8859 8860 8861 
3 8861 8860 3340 
3 8862 8986 8863 
3 8863 8986 8864 
3 8863 8864 8856 
3 8856 8864 8871 
3 8856 8871 8865 
3 8865 8871 8872 
3 8865 8872 8866 
3 8866 8872 8867 
3 8866 8867 8858 
3 8858 8867 8868 
3 8858 8868 8860 
3 8860 8868 8869 
3 8860 8869 3340 
3 3340 8869 3334 
3 8986 8984 8864 
3 8864 8984 8870 
3 8864 8870 8871 
3 8871 8870 8983 
3 8871 8983 8872 
3 8872 8983 8982 
3 8872 8982 8867 
3 8867 8982 8981 
3 8867 8981 8868 
3 8868 8981 8873 
3 8868 8873 8869 
3 8869 8873 8980 
3 8869 8980 8874 
3 8874 8980 3335 
3 3337 8875 8885 
3 8885 8875 8979 
3 8889 8969 8890 
3 8876 8786 8959 
3 9026 9025 8985 
3 8985 9025 9007 
3 8985 9007 8787 
3 9023 8877 9010 
3 9010 8877 8878 
3 9010 8878 8796 
3 8796 8878 8879 
3 8796 8879 10640 
3 8880 8881 8931 
3 8931 8881 3329 
3 8931 3329 8882 
3 8882 3329 8883 
3 8882 8883 8884 
3 8884 8883 3333 
3 8884 3333 8885 
3 8885 3333 3331 
3 8885 3331 3337 
3 8934 8886 8880 
3 8880 8886 3330 
3 8880 3330 8881 
3 3322 8887 8925 
3 8925 8887 3324 
3 8925 3324 8888 
3 8888 3324 3326 
3 8888 3326 8934 
3 8934 3326 3325 
3 8934 3325 8886 
3 8889 8890 8788 
3 8788 8890 8891 
3 8788 8891 8892 
3 8892 8891 8893 
3 8892 8893 8930 
3 8930 8893 8894 
3 8930 8894 8932 
3 8932 8894 8895 
3 8932 8895 8933 
3 8933 8895 8972 
3 8933 8972 8896 
3 8896 8972 8973 
3 8896 8973 8897 
3 8897 8973 8975 
3 8897 8975 8935 
3 8935 8975 8977 
3 8935 8977 8936 
3 8936 8977 8782 
3 8936 8782 8929 
3 8449 9018 8450 
3 8450 9018 8898 
3 8450 8898 8414 
3 8414 8898 8451 
3 8454 8784 8899 
3 8899 8784 8900 
3 8899 8900 8901 
3 8901 8900 8903 
3 8901 8903 8923 
3 8923 8903 9016 
3 8923 9016 9015 
3 8902 8451 8900 
3 8900 8451 8898 
3 8900 8898 8903 
3 8903 8898 9017 
3 8903 9017 9016 
3 8452 8904 8905 
3 8905 8904 8921 
3 8905 8921 8906 
3 8906 8921 8907 
3 8906 8907 8918 
3 8918 8907 8922 
3 8918 8922 8919 
3 8919 8922 8924 
3 8919 8924 8908 
3 8908 8924 9014 
3 8908 9014 9011 
3 9003 9005 8909 
3 8909 8478 9003 
3 9003 8478 8783 
3 9003 8783 9002 
3 9002 8783 8916 
3 9002 8916 8910 
3 8910 8916 8917 
3 8910 8917 8911 
3 8911 8917 8912 
3 8911 8912 9000 
3 9000 8912 8920 
3 9000 8920 8913 
3 8913 8920 8914 
3 8913 8914 8796 
3 8796 8914 8915 
3 8796 8915 9010 
3 8498 8453 8783 
3 8783 8453 8905 
3 8783 8905 8916 
3 8916 8905 8906 
3 8916 8906 8917 
3 8917 8906 8918 
3 8917 8918 8912 
3 8912 8918 8919 
3 8912 8919 8920 
3 8920 8919 8908 
3 8920 8908 8914 
3 8914 8908 9011 
3 8914 9011 8915 
3 8455 8454 8921 
3 8921 8454 8899 
3 8921 8899 8907 
3 8907 8899 8901 
3 8907 8901 8922 
3 8922 8901 8923 
3 8922 8923 8924 
3 8924 8923 9015 
3 8924 9015 9014 
3 3322 8925 3321 
3 3321 8925 8926 
3 3321 8926 3320 
3 3320 8926 8927 
3 3320 8927 8928 
3 8928 8927 8937 
3 8928 8937 3271 
3 8782 8781 8929 
3 8929 8781 8456 
3 8929 8456 8458 
3 8979 8788 8885 
3 8885 8788 8892 
3 8885 8892 8884 
3 8884 8892 8930 
3 8884 8930 8882 
3 8882 8930 8932 
3 8882 8932 8931 
3 8931 8932 8933 
3 8931 8933 8880 
3 8880 8933 8896 
3 8880 8896 8934 
3 8934 8896 8897 
3 8934 8897 8888 
3 8888 8897 8935 
3 8888 8935 8925 
3 8925 8935 8936 
3 8925 8936 8926 
3 8926 8936 8929 
3 8926 8929 8927 
3 8927 8929 8458 
3 8927 8458 8937 
3 8968 8752 8751 
3 8876 8959 8938 
3 8938 8959 8939 
3 8938 8939 8970 
3 8970 8939 8940 
3 8970 8940 8971 
3 8971 8940 8941 
3 8971 8941 8942 
3 8942 8941 8963 
3 8942 8963 8943 
3 8943 8963 8964 
3 8943 8964 8944 
3 8944 8964 8945 
3 8944 8945 8946 
3 8946 8945 8966 
3 8946 8966 8974 
3 8974 8966 8967 
3 8974 8967 8976 
3 8976 8967 8968 
3 8976 8968 8947 
3 8947 8968 8751 
3 8947 8751 8978 
3 9019 9020 8757 
3 8787 9007 8960 
3 8960 9007 9008 
3 8960 9008 8961 
3 8961 9008 8948 
3 8961 8948 8949 
3 8949 8948 9012 
3 8949 9012 8950 
3 8950 9012 9013 
3 8950 9013 8962 
3 8962 9013 8951 
3 8962 8951 8952 
3 8952 8951 8953 
3 8952 8953 8965 
3 8965 8953 8954 
3 8965 8954 8955 
3 8955 8954 8956 
3 8955 8956 8957 
3 8957 8956 9019 
3 8957 9019 8958 
3 8958 9019 8757 
3 8958 8757 8753 
3 8786 8960 8959 
3 8959 8960 8961 
3 8959 8961 8939 
3 8939 8961 8949 
3 8939 8949 8940 
3 8940 8949 8950 
3 8940 8950 8941 
3 8941 8950 8962 
3 8941 8962 8963 
3 8963 8962 8952 
3 8963 8952 8964 
3 8964 8952 8965 
3 8964 8965 8945 
3 8945 8965 8955 
3 8945 8955 8966 
3 8966 8955 8957 
3 8966 8957 8967 
3 8967 8957 8958 
3 8967 8958 8968 
3 8968 8958 8753 
3 8968 8753 8752 
3 8969 8938 8890 
3 8890 8938 8970 
3 8890 8970 8891 
3 8891 8970 8971 
3 8891 8971 8893 
3 8893 8971 8942 
3 8893 8942 8894 
3 8894 8942 8943 
3 8894 8943 8895 
3 8895 8943 8944 
3 8895 8944 8972 
3 8972 8944 8946 
3 8972 8946 8973 
3 8973 8946 8974 
3 8973 8974 8975 
3 8975 8974 8976 
3 8975 8976 8977 
3 8977 8976 8947 
3 8977 8947 8782 
3 8782 8947 8978 
3 8782 8978 8457 
3 8875 3336 8979 
3 8979 3336 8980 
3 8979 8980 8889 
3 8889 8980 8873 
3 8889 8873 8969 
3 8969 8873 8981 
3 8969 8981 8876 
3 8876 8981 8982 
3 8876 8982 8786 
3 8786 8982 8983 
3 8786 8983 8787 
3 8787 8983 8870 
3 8787 8870 8985 
3 8985 8870 8984 
3 8985 8984 8803 
3 8803 8984 8986 
3 8803 8986 8987 
3 8987 8986 8862 
3 8987 8862 8853 
3 8853 8862 8841 
3 8853 8841 8988 
3 8988 8841 8840 
3 8988 8840 8989 
3 8989 8840 8990 
3 8989 8990 8850 
3 8850 8990 8991 
3 8850 8991 7235 
3 10646 10644 8992 
3 8992 10644 10643 
3 8992 10643 8996 
3 8996 10643 8993 
3 8996 8993 8994 
3 8994 8993 10612 
3 8994 10612 10610 
3 10649 8995 8794 
3 8794 8995 8785 
3 8794 8785 9001 
3 9001 8785 8996 
3 9001 8996 8997 
3 8997 8996 8994 
3 8997 8994 8998 
3 8998 8994 10610 
3 8998 10610 10608 
3 10637 10636 8999 
3 8999 10636 10635 
3 8999 10635 8913 
3 8913 10635 8795 
3 8913 8795 9000 
3 9000 8795 8794 
3 9000 8794 8911 
3 8911 8794 9001 
3 8911 9001 8910 
3 8910 9001 8997 
3 8910 8997 9002 
3 9002 8997 8998 
3 9002 8998 9003 
3 9003 8998 10608 
3 9003 10608 9004 
3 9005 9003 9006 
3 9006 9003 10607 
3 9006 10607 10603 
3 9025 8799 9007 
3 9007 8799 9009 
3 9007 9009 9008 
3 9008 9009 9010 
3 9008 9010 8948 
3 8948 9010 8915 
3 8948 8915 9012 
3 9012 8915 9011 
3 9012 9011 9013 
3 9013 9011 9014 
3 9013 9014 8951 
3 8951 9014 9015 
3 8951 9015 8953 
3 8953 9015 9016 
3 8953 9016 8954 
3 8954 9016 9017 
3 8954 9017 8956 
3 8956 9017 9018 
3 8956 9018 9019 
3 9019 9018 8449 
3 9019 8449 9020 
3 10638 9021 10639 
3 10639 9021 9022 
3 8798 9025 9024 
3 9021 8877 9022 
3 9022 8877 9023 
3 9022 9023 9024 
3 9024 9023 8800 
3 9024 8800 8798 
3 9025 9026 9024 
3 9024 9026 9028 
3 9024 9028 9027 
3 9027 9028 8801 
3 9027 8801 8803 
3 8803 8802 9027 
3 9027 8802 9029 
3 9027 9029 9030 
3 9030 9031 9027 
3 9027 9031 9032 
3 9027 9032 9033 
3 9033 9032 9034 
3 9033 9034 7332 
3 8791 9039 9034 
3 9034 9039 9040 
3 9034 9040 7332 
3 8791 9035 9039 
3 9039 9035 9036 
3 9039 9036 8806 
3 8809 9037 8807 
3 8807 9037 9039 
3 8807 9039 9038 
3 9038 9039 8806 
3 9037 8790 9039 
3 9039 8790 8813 
3 9039 8813 9040 
3 9040 8813 7247 
3 9040 7247 7332 
3 3469 5443 7684 
3 9041 10632 9044 
3 9044 10632 10631 
3 9044 10631 9042 
3 9027 3469 9024 
3 9024 3469 7684 
3 9024 7684 9043 
3 9043 7684 9044 
3 9043 9044 10634 
3 10634 9044 9042 
3 9045 9046 9050 
3 9041 9044 9050 
3 9050 9044 9047 
3 9050 9047 9045 
3 9048 10701 9052 
3 9048 9052 10630 
3 9046 7602 9050 
3 9050 7602 9049 
3 9050 9049 9051 
3 9051 9049 9052 
3 9051 9052 10633 
3 10633 9052 10701 
3 7603 9053 9052 
3 9052 9053 9054 
3 9052 9054 10630 
3 7603 9055 9053 
3 9053 9055 7605 
3 9053 7605 7604 
3 10628 9059 10625 
3 10625 9059 10624 
3 7604 9056 9053 
3 9053 9056 9057 
3 9053 9057 9058 
3 9058 9057 9059 
3 9058 9059 10627 
3 10627 9059 10628 
3 9060 9065 9059 
3 9059 9065 10623 
3 9059 10623 10624 
3 9060 7606 9065 
3 9065 7606 7607 
3 9065 7607 7609 
3 9061 10618 10730 
3 10730 10615 9061 
3 9061 10615 10621 
3 9061 10621 9062 
3 9062 9063 9061 
3 9061 9063 9065 
3 9061 9065 9064 
3 9064 9065 7609 
3 10618 9061 10620 
3 10620 9061 9066 
3 10620 9066 7608 
3 7608 7632 10620 
3 10620 7632 7633 
3 10620 7633 9067 
3 9067 7610 10620 
3 10620 7610 9068 
3 10620 9068 9073 
3 9069 10617 10957 
3 10957 10617 9070 
3 10957 9070 9075 
3 9075 9070 9071 
3 9075 9071 9073 
3 9073 9071 9072 
3 9073 9072 10620 
3 9073 7612 9075 
3 9075 7612 9074 
3 9075 9074 7599 
3 7592 9076 7613 
3 7613 9076 9075 
3 7613 9075 7649 
3 7649 9075 7599 
3 9077 9078 8107 
3 8107 9078 9079 
3 8107 9079 8103 
3 9080 10993 9081 
3 9081 10993 9082 
3 9081 9082 7715 
3 9102 10768 9103 
3 9083 9084 9085 
3 11048 11047 11080 
3 11080 11047 9086 
3 11080 9086 9090 
3 9083 9085 9087 
3 11048 11080 9085 
3 9085 11080 11079 
3 9085 11079 9087 
3 9086 9088 9090 
3 9090 9088 9089 
3 9090 9089 9091 
3 9091 9089 9092 
3 9091 9092 11082 
3 11082 9092 9093 
3 9093 9092 11045 
3 9093 11045 11084 
3 11045 9094 11084 
3 11084 9094 9095 
3 11084 9095 11085 
3 11085 9095 11081 
3 11038 9100 9096 
3 9096 9100 11087 
3 9096 11087 11041 
3 11041 11087 11086 
3 11041 11086 11042 
3 11042 11086 9097 
3 11042 9097 11043 
3 11043 9097 11081 
3 11043 11081 11044 
3 11044 11081 9095 
3 9098 11069 11038 
3 11038 11069 9099 
3 11038 9099 9100 
3 11051 9102 9101 
3 9101 9102 9103 
3 9101 9103 9104 
3 9104 9103 9105 
3 9104 9105 9106 
3 9106 9105 9098 
3 9106 9098 11039 
3 11039 9098 11038 
3 11142 8041 11141 
3 11141 8041 8040 
3 11141 8040 10796 
3 10771 9107 9108 
3 9108 9107 8052 
3 9108 8052 7752 
3 9542 9109 9541 
3 9522 9110 9505 
3 9500 9111 9491 
3 7824 9112 9475 
3 9474 7819 9473 
3 9472 9454 9455 
3 9113 9114 9451 
3 7796 9115 9187 
3 9633 9635 9556 
3 9116 9638 9246 
3 10865 9117 10866 
3 9276 9274 10854 
3 9118 10847 9119 
3 9119 10847 9120 
3 9119 9120 9272 
3 9282 10848 9118 
3 9118 10848 9121 
3 9118 9121 10847 
3 9279 9122 9282 
3 9282 9122 10849 
3 9282 10849 10848 
3 9278 10852 9279 
3 9279 10852 10851 
3 9279 10851 9122 
3 9276 10853 9277 
3 9277 10853 9123 
3 9277 9123 9278 
3 9278 9123 9124 
3 9278 9124 10852 
3 9125 9275 9127 
3 9127 9275 9126 
3 9127 9126 9128 
3 9128 9126 10856 
3 10856 9126 9262 
3 10856 9262 9129 
3 9129 9262 10857 
3 10857 9262 9260 
3 10857 9260 10858 
3 10858 9260 10859 
3 10859 9260 9258 
3 10859 9258 9130 
3 9130 9258 9131 
3 9131 9258 9256 
3 9131 9256 9132 
3 9132 9256 9133 
3 9133 9256 9134 
3 9133 9134 9135 
3 9135 9134 10860 
3 10860 9134 9136 
3 10860 9136 9137 
3 9137 9136 9138 
3 9138 9136 9140 
3 9138 9140 9139 
3 9139 9140 10862 
3 10862 9140 9253 
3 10862 9253 9141 
3 9141 9253 9142 
3 9142 9253 9198 
3 9142 9198 10863 
3 9117 9144 9143 
3 9143 9144 10868 
3 10868 9144 9145 
3 9145 9144 9194 
3 9145 9194 9146 
3 9146 9194 9147 
3 9147 9194 9192 
3 9147 9192 9148 
3 9148 9192 10870 
3 10870 9192 9150 
3 10870 9150 9149 
3 9149 9150 10871 
3 10871 9150 9151 
3 10871 9151 10872 
3 10872 9151 10874 
3 10874 9151 9165 
3 10874 9165 9166 
3 9160 9152 9402 
3 9402 9152 9153 
3 9402 9153 9395 
3 9154 9155 9392 
3 9392 9155 9156 
3 9155 9157 9156 
3 9156 9157 9158 
3 9156 9158 9159 
3 9159 9158 9642 
3 9159 9642 9160 
3 9160 9642 9161 
3 9160 9161 9152 
3 9173 9162 9163 
3 9163 9162 9116 
3 9638 9164 9165 
3 10875 9166 9167 
3 9167 9166 9165 
3 9167 9165 9640 
3 9640 9165 9164 
3 9168 9169 9335 
3 9335 9169 9170 
3 9337 9171 9168 
3 9170 9172 9285 
3 9285 9172 9173 
3 9406 9407 9412 
3 9412 9407 9174 
3 9412 9174 9413 
3 9413 9174 9398 
3 9413 9398 9415 
3 9415 9398 9399 
3 9415 9399 9175 
3 9175 9399 9400 
3 9175 9400 9176 
3 9176 9400 9401 
3 9176 9401 9177 
3 9177 9401 9178 
3 9177 9178 9179 
3 9179 9178 9403 
3 9422 9559 9420 
3 9420 9559 9180 
3 9420 9180 9181 
3 9181 9180 9188 
3 9181 9188 9182 
3 9182 9188 9190 
3 9182 9190 9183 
3 9183 9190 9191 
3 9183 9191 9184 
3 9184 9191 9185 
3 9184 9185 9417 
3 9417 9185 9186 
3 9417 9186 9187 
3 9423 9424 9427 
3 9559 9436 9180 
3 9180 9436 9435 
3 9180 9435 9188 
3 9188 9435 9189 
3 9188 9189 9190 
3 9190 9189 9434 
3 9190 9434 9191 
3 9191 9434 9431 
3 9191 9431 9185 
3 9185 9431 9430 
3 9185 9430 9186 
3 9638 9165 9246 
3 9246 9165 9151 
3 9246 9151 9247 
3 9247 9151 9150 
3 9247 9150 9248 
3 9248 9150 9192 
3 9248 9192 9193 
3 9193 9192 9194 
3 9193 9194 9195 
3 9195 9194 9144 
3 9195 9144 9251 
3 9251 9144 9117 
3 9251 9117 9196 
3 9196 9117 10865 
3 9196 10865 9252 
3 9252 10865 9197 
3 9252 9197 9198 
3 9198 9197 10864 
3 9198 10864 10863 
3 9437 9199 9200 
3 9200 9199 9201 
3 9200 9201 9442 
3 9442 9201 9202 
3 9442 9202 9441 
3 9441 9202 9204 
3 9441 9204 9203 
3 9203 9204 9432 
3 9203 9432 9205 
3 9205 9432 9433 
3 9205 9433 9438 
3 9438 9433 9206 
3 9438 9206 9562 
3 9562 9206 9561 
3 9207 9524 9213 
3 9213 9524 9208 
3 9213 9208 9214 
3 9214 9208 9520 
3 9214 9520 9216 
3 9216 9520 9519 
3 9216 9519 9209 
3 9209 9519 9517 
3 9209 9517 9210 
3 9210 9517 9515 
3 9210 9515 9220 
3 9220 9515 9211 
3 9220 9211 9221 
3 9221 9211 9513 
3 9531 9207 9212 
3 9212 9207 9213 
3 9212 9213 9530 
3 9530 9213 9214 
3 9530 9214 9215 
3 9215 9214 9216 
3 9215 9216 9217 
3 9217 9216 9209 
3 9217 9209 9218 
3 9218 9209 9210 
3 9218 9210 9219 
3 9219 9210 9220 
3 9219 9220 9575 
3 9575 9220 9221 
3 9577 9222 9224 
3 9224 9222 9223 
3 9224 9223 9225 
3 9225 9223 9227 
3 9225 9227 9226 
3 9226 9227 9233 
3 9226 9233 9536 
3 9536 9233 9228 
3 9536 9228 9535 
3 9535 9228 9230 
3 9535 9230 9229 
3 9229 9230 9539 
3 9229 9539 9541 
3 9538 9546 9540 
3 9222 9231 9223 
3 9223 9231 9552 
3 9223 9552 9227 
3 9227 9552 9232 
3 9227 9232 9233 
3 9233 9232 9550 
3 9233 9550 9228 
3 9228 9550 9548 
3 9228 9548 9230 
3 9230 9548 9547 
3 9230 9547 9539 
3 9579 10218 9234 
3 9234 10218 9239 
3 9234 9239 9551 
3 10200 10209 9235 
3 10200 9235 10201 
3 10201 9235 9236 
3 10201 9236 10203 
3 10203 9236 9237 
3 10203 9237 10205 
3 10205 9237 9243 
3 10205 9243 9238 
3 9239 9240 9551 
3 9551 9240 9241 
3 9551 9241 9549 
3 9549 9241 9242 
3 9549 9242 9243 
3 9243 9242 9244 
3 9243 9244 9238 
3 9245 10215 10216 
3 9116 9246 9163 
3 9163 9246 9247 
3 9163 9247 9249 
3 9249 9247 9248 
3 9249 9248 9365 
3 9365 9248 9193 
3 9365 9193 9250 
3 9250 9193 9195 
3 9250 9195 9367 
3 9367 9195 9251 
3 9367 9251 9369 
3 9369 9251 9196 
3 9369 9196 9371 
3 9371 9196 9252 
3 9371 9252 9372 
3 9372 9252 9198 
3 9372 9198 9375 
3 9375 9198 9253 
3 9375 9253 9376 
3 9376 9253 9140 
3 9376 9140 9254 
3 9254 9140 9136 
3 9254 9136 9255 
3 9255 9136 9134 
3 9255 9134 9378 
3 9378 9134 9256 
3 9378 9256 9257 
3 9257 9256 9258 
3 9257 9258 9259 
3 9259 9258 9260 
3 9259 9260 9261 
3 9261 9260 9262 
3 9261 9262 9380 
3 9380 9262 9126 
3 9380 9126 9263 
3 9263 9126 9275 
3 9263 9275 9382 
3 9382 9275 9264 
3 9382 9264 9384 
3 9384 9264 9265 
3 9384 9265 9385 
3 9385 9265 9280 
3 9385 9280 9266 
3 9266 9280 9281 
3 9266 9281 9267 
3 9267 9281 9268 
3 9267 9268 9269 
3 9269 9268 9283 
3 9269 9283 9270 
3 9270 9283 9245 
3 9270 9245 9388 
3 9388 9245 10216 
3 9388 10216 9271 
3 10212 9119 10211 
3 10211 9119 9272 
3 10211 9272 9273 
3 9125 9274 9275 
3 9275 9274 9276 
3 9275 9276 9264 
3 9264 9276 9277 
3 9264 9277 9265 
3 9265 9277 9278 
3 9265 9278 9280 
3 9280 9278 9279 
3 9280 9279 9281 
3 9281 9279 9282 
3 9281 9282 9268 
3 9268 9282 9118 
3 9268 9118 9283 
3 9283 9118 9119 
3 9283 9119 9245 
3 9245 9119 10212 
3 9245 10212 10215 
3 9389 10217 9284 
3 9170 9285 9335 
3 9335 9285 9286 
3 9335 9286 9336 
3 9336 9286 9366 
3 9336 9366 9287 
3 9287 9366 9368 
3 9287 9368 9288 
3 9288 9368 9289 
3 9288 9289 9340 
3 9340 9289 9370 
3 9340 9370 9342 
3 9342 9370 9290 
3 9342 9290 9291 
3 9291 9290 9373 
3 9291 9373 9343 
3 9343 9373 9374 
3 9343 9374 9345 
3 9345 9374 9292 
3 9345 9292 9347 
3 9347 9292 9293 
3 9347 9293 9294 
3 9294 9293 9377 
3 9294 9377 9349 
3 9349 9377 9296 
3 9349 9296 9295 
3 9295 9296 9297 
3 9295 9297 9298 
3 9298 9297 9379 
3 9298 9379 9351 
3 9351 9379 9299 
3 9351 9299 9353 
3 9353 9299 9381 
3 9353 9381 9354 
3 9354 9381 9301 
3 9354 9301 9300 
3 9300 9301 9383 
3 9300 9383 9356 
3 9356 9383 9302 
3 9356 9302 9357 
3 9357 9302 9303 
3 9357 9303 9358 
3 9358 9303 9304 
3 9358 9304 9306 
3 9306 9304 9305 
3 9306 9305 9359 
3 9359 9305 9386 
3 9359 9386 9360 
3 9360 9386 9387 
3 9360 9387 9362 
3 9362 9387 9389 
3 9362 9389 9363 
3 9363 9389 9284 
3 9363 9284 9307 
3 10221 9580 9364 
3 9364 9580 9578 
3 9364 9578 9361 
3 9361 9578 9308 
3 9361 9308 9309 
3 9309 9308 9310 
3 9309 9310 9311 
3 9311 9310 9576 
3 9311 9576 9312 
3 9312 9576 9313 
3 9312 9313 9314 
3 9314 9313 9574 
3 9314 9574 9315 
3 9315 9574 9573 
3 9315 9573 9316 
3 9316 9573 9572 
3 9316 9572 9355 
3 9355 9572 9317 
3 9355 9317 9318 
3 9318 9317 9568 
3 9318 9568 9319 
3 9319 9568 9566 
3 9319 9566 9352 
3 9352 9566 9565 
3 9352 9565 9350 
3 9350 9565 9564 
3 9350 9564 9320 
3 9320 9564 9321 
3 9320 9321 9322 
3 9322 9321 9323 
3 9322 9323 9348 
3 9348 9323 9324 
3 9348 9324 9346 
3 9346 9324 9326 
3 9346 9326 9325 
3 9325 9326 9560 
3 9325 9560 9344 
3 9344 9560 9327 
3 9344 9327 9329 
3 9329 9327 9328 
3 9329 9328 9330 
3 9330 9328 9331 
3 9330 9331 9341 
3 9341 9331 9332 
3 9341 9332 9339 
3 9339 9332 9333 
3 9339 9333 9338 
3 9338 9333 9557 
3 9338 9557 9334 
3 9334 9557 9556 
3 9334 9556 9337 
3 9337 9556 9635 
3 9337 9635 9171 
3 9168 9335 9337 
3 9337 9335 9336 
3 9337 9336 9334 
3 9334 9336 9287 
3 9334 9287 9338 
3 9338 9287 9288 
3 9338 9288 9339 
3 9339 9288 9340 
3 9339 9340 9341 
3 9341 9340 9342 
3 9341 9342 9330 
3 9330 9342 9291 
3 9330 9291 9329 
3 9329 9291 9343 
3 9329 9343 9344 
3 9344 9343 9345 
3 9344 9345 9325 
3 9325 9345 9347 
3 9325 9347 9346 
3 9346 9347 9294 
3 9346 9294 9348 
3 9348 9294 9349 
3 9348 9349 9322 
3 9322 9349 9295 
3 9322 9295 9320 
3 9320 9295 9298 
3 9320 9298 9350 
3 9350 9298 9351 
3 9350 9351 9352 
3 9352 9351 9353 
3 9352 9353 9319 
3 9319 9353 9354 
3 9319 9354 9318 
3 9318 9354 9300 
3 9318 9300 9355 
3 9355 9300 9356 
3 9355 9356 9316 
3 9316 9356 9357 
3 9316 9357 9315 
3 9315 9357 9358 
3 9315 9358 9314 
3 9314 9358 9306 
3 9314 9306 9312 
3 9312 9306 9359 
3 9312 9359 9311 
3 9311 9359 9360 
3 9311 9360 9309 
3 9309 9360 9362 
3 9309 9362 9361 
3 9361 9362 9363 
3 9361 9363 9364 
3 9364 9363 9307 
3 9364 9307 10221 
3 9173 9163 9285 
3 9285 9163 9249 
3 9285 9249 9286 
3 9286 9249 9365 
3 9286 9365 9366 
3 9366 9365 9250 
3 9366 9250 9368 
3 9368 9250 9367 
3 9368 9367 9289 
3 9289 9367 9369 
3 9289 9369 9370 
3 9370 9369 9371 
3 9370 9371 9290 
3 9290 9371 9372 
3 9290 9372 9373 
3 9373 9372 9375 
3 9373 9375 9374 
3 9374 9375 9376 
3 9374 9376 9292 
3 9292 9376 9254 
3 9292 9254 9293 
3 9293 9254 9255 
3 9293 9255 9377 
3 9377 9255 9378 
3 9377 9378 9296 
3 9296 9378 9257 
3 9296 9257 9297 
3 9297 9257 9259 
3 9297 9259 9379 
3 9379 9259 9261 
3 9379 9261 9299 
3 9299 9261 9380 
3 9299 9380 9381 
3 9381 9380 9263 
3 9381 9263 9301 
3 9301 9263 9382 
3 9301 9382 9383 
3 9383 9382 9384 
3 9383 9384 9302 
3 9302 9384 9385 
3 9302 9385 9303 
3 9303 9385 9266 
3 9303 9266 9304 
3 9304 9266 9267 
3 9304 9267 9305 
3 9305 9267 9269 
3 9305 9269 9386 
3 9386 9269 9270 
3 9386 9270 9387 
3 9387 9270 9388 
3 9387 9388 9389 
3 9389 9388 9271 
3 9389 9271 10217 
3 9393 9390 9394 
3 9154 9392 9391 
3 9391 9392 9393 
3 9391 9393 9585 
3 9585 9393 9394 
3 9585 9394 7872 
3 9153 9643 9395 
3 9395 9643 9396 
3 9395 9396 9555 
3 9555 9396 9397 
3 9555 9397 9633 
3 9408 9390 9407 
3 9407 9390 9393 
3 9407 9393 9174 
3 9174 9393 9392 
3 9174 9392 9398 
3 9398 9392 9156 
3 9398 9156 9399 
3 9399 9156 9159 
3 9399 9159 9400 
3 9400 9159 9160 
3 9400 9160 9401 
3 9401 9160 9402 
3 9401 9402 9178 
3 9178 9402 9395 
3 9178 9395 9403 
3 9403 9395 9555 
3 9416 7792 9409 
3 9409 7792 7784 
3 9404 9405 9406 
3 9406 9405 7782 
3 9406 7782 9407 
3 9407 7782 7777 
3 9407 7777 9408 
3 7784 9404 9409 
3 9409 9404 9406 
3 9409 9406 9410 
3 9410 9406 9412 
3 9410 9412 9411 
3 9411 9412 9413 
3 9411 9413 9414 
3 9414 9413 9415 
3 9414 9415 9418 
3 9418 9415 9175 
3 9418 9175 9419 
3 9419 9175 9176 
3 9419 9176 9421 
3 9421 9176 9177 
3 9421 9177 9558 
3 9558 9177 9179 
3 9115 9416 9187 
3 9187 9416 9409 
3 9187 9409 9417 
3 9417 9409 9410 
3 9417 9410 9184 
3 9184 9410 9411 
3 9184 9411 9183 
3 9183 9411 9414 
3 9183 9414 9182 
3 9182 9414 9418 
3 9182 9418 9181 
3 9181 9418 9419 
3 9181 9419 9420 
3 9420 9419 9421 
3 9420 9421 9422 
3 9422 9421 9558 
3 9430 9423 9186 
3 9186 9423 9427 
3 9186 9427 9187 
3 9187 9427 9428 
3 9187 9428 7796 
3 9429 9425 9424 
3 9424 9425 9426 
3 9424 9426 9427 
3 9427 9426 7794 
3 9427 7794 9428 
3 7802 9429 9199 
3 9199 9429 9424 
3 9199 9424 9201 
3 9201 9424 9423 
3 9201 9423 9202 
3 9202 9423 9430 
3 9202 9430 9204 
3 9204 9430 9431 
3 9204 9431 9432 
3 9432 9431 9434 
3 9432 9434 9433 
3 9433 9434 9189 
3 9433 9189 9206 
3 9206 9189 9435 
3 9206 9435 9561 
3 9561 9435 9436 
3 9444 7809 9437 
3 9437 7809 7810 
3 9437 7810 9199 
3 9199 7810 7804 
3 9199 7804 7802 
3 9562 9439 9438 
3 9438 9439 9445 
3 9438 9445 9205 
3 9205 9445 9446 
3 9205 9446 9203 
3 9203 9446 9440 
3 9203 9440 9441 
3 9441 9440 9443 
3 9441 9443 9442 
3 9442 9443 9449 
3 9442 9449 9200 
3 9200 9449 9450 
3 9200 9450 9437 
3 9437 9450 9451 
3 9437 9451 9444 
3 9444 9451 9114 
3 9439 9563 9445 
3 9445 9563 9465 
3 9445 9465 9446 
3 9446 9465 9447 
3 9446 9447 9440 
3 9440 9447 9463 
3 9440 9463 9443 
3 9443 9463 9448 
3 9443 9448 9449 
3 9449 9448 9460 
3 9449 9460 9450 
3 9450 9460 9459 
3 9450 9459 9451 
3 9451 9459 9457 
3 9451 9457 9113 
3 7817 9452 9457 
3 9457 9452 9453 
3 9457 9453 9113 
3 9454 7817 9455 
3 9455 7817 9457 
3 9455 9457 9456 
3 9456 9457 9459 
3 9456 9459 9458 
3 9458 9459 9460 
3 9458 9460 9461 
3 9461 9460 9448 
3 9461 9448 9462 
3 9462 9448 9463 
3 9462 9463 9464 
3 9464 9463 9447 
3 9464 9447 9467 
3 9467 9447 9465 
3 9467 9465 9466 
3 9466 9465 9563 
3 9466 9468 9467 
3 9467 9468 9481 
3 9467 9481 9464 
3 9464 9481 9469 
3 9464 9469 9462 
3 9462 9469 9480 
3 9462 9480 9461 
3 9461 9480 9470 
3 9461 9470 9458 
3 9458 9470 9477 
3 9458 9477 9456 
3 9456 9477 9471 
3 9456 9471 9455 
3 9455 9471 9473 
3 9455 9473 9472 
3 9472 9473 7819 
3 9112 9474 9475 
3 9475 9474 9473 
3 9475 9473 9476 
3 9476 9473 9471 
3 9476 9471 9486 
3 9486 9471 9477 
3 9486 9477 9478 
3 9478 9477 9470 
3 9478 9470 9479 
3 9479 9470 9480 
3 9479 9480 9483 
3 9483 9480 9469 
3 9483 9469 9482 
3 9482 9469 9481 
3 9482 9481 9567 
3 9567 9481 9468 
3 9567 9569 9482 
3 9482 9569 9484 
3 9482 9484 9483 
3 9483 9484 9485 
3 9483 9485 9479 
3 9479 9485 9497 
3 9479 9497 9478 
3 9478 9497 9487 
3 9478 9487 9486 
3 9486 9487 9488 
3 9486 9488 9476 
3 9476 9488 9494 
3 9476 9494 9475 
3 9475 9494 9493 
3 9475 9493 7824 
3 7829 9489 9493 
3 9493 9489 9490 
3 9493 9490 7824 
3 9111 7829 9491 
3 9491 7829 9493 
3 9491 9493 9492 
3 9492 9493 9494 
3 9492 9494 9495 
3 9495 9494 9488 
3 9495 9488 9496 
3 9496 9488 9487 
3 9496 9487 9502 
3 9502 9487 9497 
3 9502 9497 9504 
3 9504 9497 9485 
3 9504 9485 9498 
3 9498 9485 9484 
3 9498 9484 9570 
3 9570 9484 9569 
3 7834 7837 9499 
3 9499 7837 7832 
3 7832 9500 9499 
3 9499 9500 9491 
3 9499 9491 9501 
3 9501 9491 9492 
3 9501 9492 9507 
3 9507 9492 9495 
3 9507 9495 9508 
3 9508 9495 9496 
3 9508 9496 9509 
3 9509 9496 9502 
3 9509 9502 9503 
3 9503 9502 9504 
3 9503 9504 9511 
3 9511 9504 9498 
3 9511 9498 9512 
3 9512 9498 9570 
3 9110 7834 9505 
3 9505 7834 9499 
3 9505 9499 9521 
3 9521 9499 9501 
3 9521 9501 9506 
3 9506 9501 9507 
3 9506 9507 9518 
3 9518 9507 9508 
3 9518 9508 9510 
3 9510 9508 9509 
3 9510 9509 9516 
3 9516 9509 9503 
3 9516 9503 9514 
3 9514 9503 9511 
3 9514 9511 9571 
3 9571 9511 9512 
3 9571 9513 9514 
3 9514 9513 9211 
3 9514 9211 9516 
3 9516 9211 9515 
3 9516 9515 9510 
3 9510 9515 9517 
3 9510 9517 9518 
3 9518 9517 9519 
3 9518 9519 9506 
3 9506 9519 9520 
3 9506 9520 9521 
3 9521 9520 9208 
3 9521 9208 9505 
3 9505 9208 9524 
3 9505 9524 9522 
3 9522 9524 7841 
3 7849 9523 9532 
3 9532 9523 9533 
3 7840 7843 9531 
3 9531 7843 7844 
3 9531 7844 9207 
3 9207 7844 7845 
3 9207 7845 9524 
3 9524 7845 7846 
3 9524 7846 7841 
3 9575 9525 9219 
3 9219 9525 9526 
3 9219 9526 9218 
3 9218 9526 9537 
3 9218 9537 9217 
3 9217 9537 9527 
3 9217 9527 9215 
3 9215 9527 9528 
3 9215 9528 9530 
3 9530 9528 9529 
3 9530 9529 9212 
3 9212 9529 9534 
3 9212 9534 9531 
3 9531 9534 9532 
3 9531 9532 7840 
3 7840 9532 9533 
3 9109 7849 9541 
3 9541 7849 9532 
3 9541 9532 9229 
3 9229 9532 9534 
3 9229 9534 9535 
3 9535 9534 9529 
3 9535 9529 9536 
3 9536 9529 9528 
3 9536 9528 9226 
3 9226 9528 9527 
3 9226 9527 9225 
3 9225 9527 9537 
3 9225 9537 9224 
3 9224 9537 9526 
3 9224 9526 9577 
3 9577 9526 9525 
3 9547 9538 9539 
3 9539 9538 9540 
3 9539 9540 9541 
3 9541 9540 7862 
3 9541 7862 9542 
3 9235 9543 9544 
3 9545 7858 9546 
3 9546 7858 7859 
3 9546 7859 9540 
3 9540 7859 7861 
3 9540 7861 7862 
3 9544 9545 9235 
3 9235 9545 9546 
3 9235 9546 9236 
3 9236 9546 9538 
3 9236 9538 9237 
3 9237 9538 9547 
3 9237 9547 9243 
3 9243 9547 9548 
3 9243 9548 9549 
3 9549 9548 9550 
3 9549 9550 9551 
3 9551 9550 9232 
3 9551 9232 9234 
3 9234 9232 9552 
3 9234 9552 9579 
3 9579 9552 9231 
3 7865 9543 9553 
3 9553 9543 9235 
3 9553 9235 10208 
3 10208 9235 10209 
3 10221 10220 9580 
3 9580 10220 9554 
3 9580 9554 10219 
3 9633 9556 9555 
3 9555 9556 9557 
3 9555 9557 9403 
3 9403 9557 9333 
3 9403 9333 9179 
3 9179 9333 9332 
3 9179 9332 9558 
3 9558 9332 9331 
3 9558 9331 9422 
3 9422 9331 9328 
3 9422 9328 9559 
3 9559 9328 9327 
3 9559 9327 9436 
3 9436 9327 9560 
3 9436 9560 9561 
3 9561 9560 9326 
3 9561 9326 9562 
3 9562 9326 9324 
3 9562 9324 9439 
3 9439 9324 9323 
3 9439 9323 9563 
3 9563 9323 9321 
3 9563 9321 9466 
3 9466 9321 9564 
3 9466 9564 9468 
3 9468 9564 9565 
3 9468 9565 9567 
3 9567 9565 9566 
3 9567 9566 9569 
3 9569 9566 9568 
3 9569 9568 9570 
3 9570 9568 9317 
3 9570 9317 9512 
3 9512 9317 9572 
3 9512 9572 9571 
3 9571 9572 9573 
3 9571 9573 9513 
3 9513 9573 9574 
3 9513 9574 9221 
3 9221 9574 9313 
3 9221 9313 9575 
3 9575 9313 9576 
3 9575 9576 9525 
3 9525 9576 9310 
3 9525 9310 9577 
3 9577 9310 9308 
3 9577 9308 9222 
3 9222 9308 9578 
3 9222 9578 9231 
3 9231 9578 9580 
3 9231 9580 9579 
3 9579 9580 10219 
3 9579 10219 10218 
3 10843 9641 9670 
3 9675 9582 9396 
3 7889 7936 9581 
3 9396 9582 9397 
3 9666 7876 9665 
3 9583 7913 9667 
3 7917 9584 9608 
3 9586 7895 9680 
3 7872 9586 9585 
3 9585 9586 9680 
3 9585 9680 9391 
3 9391 9680 9587 
3 9651 9588 9589 
3 9589 9588 9590 
3 9589 9590 9591 
3 9601 9951 9600 
3 9600 9951 9950 
3 9600 9950 9645 
3 9590 9592 9591 
3 9591 9592 9923 
3 9591 9923 9601 
3 9601 9923 9871 
3 9601 9871 9951 
3 10116 9609 9594 
3 9584 7910 9608 
3 9608 7910 9593 
3 9608 9593 9594 
3 9594 9593 10117 
3 9594 10117 10116 
3 9597 9838 9650 
3 9650 9838 9837 
3 9605 9844 9595 
3 9595 9844 9596 
3 9595 9596 9597 
3 9597 9596 9842 
3 9597 9842 9838 
3 9646 9598 9645 
3 9645 9598 9599 
3 9645 9599 9600 
3 9600 9599 9602 
3 9600 9602 9601 
3 9601 9602 9603 
3 9601 9603 9591 
3 9591 9603 9654 
3 9591 9654 9589 
3 9589 9654 9655 
3 9589 9655 9651 
3 9651 9655 9656 
3 9651 9656 9604 
3 9604 9656 9658 
3 9604 9658 9650 
3 9650 9658 9660 
3 9650 9660 9597 
3 9597 9660 9661 
3 9597 9661 9595 
3 9595 9661 9662 
3 9595 9662 9605 
3 9605 9662 9606 
3 9605 9606 9612 
3 9612 9606 9664 
3 9612 9664 9594 
3 9594 9664 9607 
3 9594 9607 9608 
3 9608 9607 9665 
3 9608 9665 7917 
3 7917 9665 7876 
3 9609 9610 9594 
3 9594 9610 9841 
3 9594 9841 9612 
3 9612 9841 9611 
3 9612 9611 9605 
3 9605 9611 9613 
3 9605 9613 9844 
3 9652 9669 9653 
3 9653 9669 9614 
3 9653 9614 9615 
3 9615 9614 9616 
3 9615 9616 9617 
3 9617 9616 9619 
3 9617 9619 9618 
3 9618 9619 9672 
3 9618 9672 9620 
3 9620 9672 9673 
3 9620 9673 9657 
3 9657 9673 9622 
3 9657 9622 9621 
3 9621 9622 9623 
3 9621 9623 9659 
3 9659 9623 9624 
3 9659 9624 9625 
3 9625 9624 9626 
3 9625 9626 9627 
3 9627 9626 9628 
3 9627 9628 9629 
3 9629 9628 9630 
3 9629 9630 9663 
3 9663 9630 9632 
3 9663 9632 9631 
3 9631 9632 9679 
3 9631 9679 9667 
3 9667 9679 9581 
3 9667 9581 9583 
3 9583 9581 7936 
3 9397 9582 9633 
3 9633 9582 9634 
3 9633 9634 9635 
3 9635 9634 9674 
3 9635 9674 9171 
3 9171 9674 9168 
3 9168 9674 9636 
3 9168 9636 9169 
3 9169 9636 9637 
3 9169 9637 9170 
3 9170 9637 9172 
3 9172 9637 9671 
3 9172 9671 9173 
3 9164 9638 9639 
3 9639 9638 9116 
3 9639 9116 9671 
3 9671 9116 9162 
3 9671 9162 9173 
3 9164 9639 9640 
3 9640 9639 9670 
3 9640 9670 9167 
3 9167 9670 9641 
3 9167 9641 10875 
3 9678 9155 9587 
3 9587 9155 9154 
3 9587 9154 9391 
3 9644 9642 9677 
3 9677 9642 9158 
3 9677 9158 9678 
3 9678 9158 9157 
3 9678 9157 9155 
3 9396 9643 9675 
3 9675 9643 9153 
3 9675 9153 9676 
3 9676 9153 9152 
3 9676 9152 9644 
3 9644 9152 9161 
3 9644 9161 9642 
3 9647 10836 9646 
3 9646 10836 10837 
3 9646 10837 9598 
3 9950 9926 9645 
3 9645 9926 9925 
3 9645 9925 9646 
3 9646 9925 9648 
3 9646 9648 9647 
3 9647 9648 9924 
3 9647 9924 10797 
3 9837 9649 9650 
3 9650 9649 9836 
3 9650 9836 9604 
3 9604 9836 9835 
3 9604 9835 9651 
3 9651 9835 9834 
3 9651 9834 9588 
3 10840 10841 9652 
3 9652 10841 9668 
3 9652 9668 9669 
3 10837 10840 9598 
3 9598 10840 9652 
3 9598 9652 9599 
3 9599 9652 9653 
3 9599 9653 9602 
3 9602 9653 9615 
3 9602 9615 9603 
3 9603 9615 9617 
3 9603 9617 9654 
3 9654 9617 9618 
3 9654 9618 9655 
3 9655 9618 9620 
3 9655 9620 9656 
3 9656 9620 9657 
3 9656 9657 9658 
3 9658 9657 9621 
3 9658 9621 9660 
3 9660 9621 9659 
3 9660 9659 9661 
3 9661 9659 9625 
3 9661 9625 9662 
3 9662 9625 9627 
3 9662 9627 9606 
3 9606 9627 9629 
3 9606 9629 9664 
3 9664 9629 9663 
3 9664 9663 9607 
3 9607 9663 9631 
3 9607 9631 9665 
3 9665 9631 9667 
3 9665 9667 9666 
3 9666 9667 7913 
3 9668 10843 9669 
3 9669 10843 9670 
3 9669 9670 9614 
3 9614 9670 9639 
3 9614 9639 9616 
3 9616 9639 9671 
3 9616 9671 9619 
3 9619 9671 9637 
3 9619 9637 9672 
3 9672 9637 9636 
3 9672 9636 9673 
3 9673 9636 9674 
3 9673 9674 9622 
3 9622 9674 9634 
3 9622 9634 9623 
3 9623 9634 9582 
3 9623 9582 9624 
3 9624 9582 9675 
3 9624 9675 9626 
3 9626 9675 9676 
3 9626 9676 9628 
3 9628 9676 9644 
3 9628 9644 9630 
3 9630 9644 9677 
3 9630 9677 9632 
3 9632 9677 9678 
3 9632 9678 9679 
3 9679 9678 9587 
3 9679 9587 9581 
3 9581 9587 9680 
3 9581 9680 7889 
3 7889 9680 7895 
3 9681 10030 10048 
3 8073 9682 10028 
3 8066 8065 9683 
3 9996 8060 9982 
3 9684 9685 9873 
3 9686 9845 9897 
3 10160 9687 9804 
3 9832 9688 10797 
3 10804 10802 9830 
3 9830 10802 9689 
3 9830 9689 9832 
3 9832 9689 10800 
3 9832 10800 9688 
3 9830 9829 10804 
3 10804 9829 9690 
3 10804 9690 10806 
3 10806 9690 10809 
3 10809 9690 9693 
3 10809 9693 9691 
3 9691 9693 9692 
3 9692 9693 9826 
3 9692 9826 9694 
3 9694 9826 9824 
3 9694 9824 10813 
3 9695 9822 9696 
3 9696 9697 9695 
3 9695 9697 9698 
3 9695 9698 9824 
3 9824 9698 9699 
3 9824 9699 10813 
3 9701 9705 10820 
3 10820 9700 9701 
3 9701 9700 10818 
3 9701 10818 9822 
3 9822 10818 10816 
3 9822 10816 9696 
3 9819 9817 9702 
3 9702 9703 9819 
3 9819 9703 9704 
3 9819 9704 9705 
3 9705 9704 9706 
3 9705 9706 10820 
3 9816 9711 9707 
3 9707 10824 9816 
3 9816 10824 10823 
3 9816 10823 9817 
3 9817 10823 9708 
3 9817 9708 9702 
3 9815 9813 10828 
3 10828 9709 9815 
3 9815 9709 10826 
3 9815 10826 9711 
3 9711 10826 9710 
3 9711 9710 9707 
3 9715 9812 9712 
3 9712 9713 9715 
3 9715 9713 9714 
3 9715 9714 9813 
3 9813 9714 9716 
3 9813 9716 10828 
3 9809 9717 9810 
3 9810 9717 9718 
3 9810 9718 9812 
3 9812 9718 9719 
3 9812 9719 9712 
3 9807 10833 9809 
3 9809 10833 10832 
3 9809 10832 9717 
3 9720 9721 9807 
3 9807 9721 9722 
3 9807 9722 10833 
3 9806 10892 9720 
3 9720 10892 10890 
3 9720 10890 9721 
3 9735 10896 9723 
3 9723 10896 10895 
3 9723 10895 9806 
3 9806 10895 9724 
3 9806 9724 10892 
3 9730 10150 9744 
3 9744 10150 9725 
3 9744 9725 9746 
3 9727 9741 10147 
3 10147 9726 9727 
3 9727 9726 10151 
3 9727 10151 9742 
3 10151 9728 9742 
3 9742 9728 10156 
3 9742 10156 9729 
3 9729 10156 10153 
3 9729 10153 9730 
3 9730 10153 10152 
3 9730 10152 10150 
3 9731 10159 9732 
3 9732 10159 10160 
3 9687 9733 9723 
3 9734 9735 9736 
3 9736 9735 9723 
3 9736 9723 10158 
3 10158 9723 9733 
3 9685 9737 9898 
3 9898 9737 9686 
3 9845 9739 9738 
3 9738 9739 9731 
3 9956 9741 9740 
3 9740 9741 9727 
3 9740 9727 9959 
3 9959 9727 9742 
3 9959 9742 9960 
3 9960 9742 9729 
3 9960 9729 9743 
3 9743 9729 9730 
3 9743 9730 9962 
3 9962 9730 9744 
3 9962 9744 9745 
3 9745 9744 9746 
3 9745 9746 9747 
3 9747 9746 9953 
3 9963 9965 9748 
3 9748 9965 9957 
3 9748 9957 9749 
3 9749 9957 9958 
3 9749 9958 9750 
3 9750 9958 9751 
3 9750 9751 9752 
3 9752 9751 9753 
3 9752 9753 9754 
3 9754 9753 9755 
3 9754 9755 9971 
3 9971 9755 9961 
3 9971 9961 9756 
3 9756 9961 9757 
3 9973 9758 9980 
3 9980 9758 9967 
3 9980 9967 9759 
3 9759 9967 9968 
3 9759 9968 9979 
3 9979 9968 9969 
3 9979 9969 9760 
3 9760 9969 9761 
3 9760 9761 9976 
3 9976 9761 9763 
3 9976 9763 9762 
3 9762 9763 9764 
3 9762 9764 10122 
3 10122 9764 9970 
3 10066 9765 10065 
3 10065 9765 9767 
3 10065 9767 9766 
3 9766 9767 10053 
3 9766 10053 9768 
3 9768 10053 9769 
3 9768 9769 10062 
3 10062 9769 9770 
3 10062 9770 9771 
3 9771 9770 10052 
3 9771 10052 10059 
3 10059 10052 10051 
3 10059 10051 10131 
3 10131 10051 10050 
3 10085 10077 10083 
3 10083 10077 10074 
3 10083 10074 9772 
3 9772 10074 10072 
3 9772 10072 9773 
3 9773 10072 10071 
3 9773 10071 9774 
3 9774 10071 9775 
3 9774 9775 10081 
3 10081 9775 9776 
3 10081 9776 10080 
3 10080 9776 10069 
3 10080 10069 10135 
3 10135 10069 10068 
3 9777 10106 10115 
3 10115 10106 9778 
3 10115 9778 10113 
3 10113 9778 10097 
3 10113 10097 9779 
3 9779 10097 10099 
3 9779 10099 10111 
3 10111 10099 10101 
3 10111 10101 10110 
3 10110 10101 9780 
3 10110 9780 10108 
3 10108 9780 10103 
3 10108 10103 10139 
3 10139 10103 9781 
3 10160 9804 9732 
3 9732 9804 9805 
3 9732 9805 9782 
3 9782 9805 9783 
3 9782 9783 9784 
3 9784 9783 9785 
3 9784 9785 9929 
3 9929 9785 9808 
3 9929 9808 9786 
3 9786 9808 9811 
3 9786 9811 9787 
3 9787 9811 9788 
3 9787 9788 9789 
3 9789 9788 9814 
3 9789 9814 9790 
3 9790 9814 9792 
3 9790 9792 9791 
3 9791 9792 9793 
3 9791 9793 9794 
3 9794 9793 9795 
3 9794 9795 9933 
3 9933 9795 9796 
3 9933 9796 9935 
3 9935 9796 9818 
3 9935 9818 9936 
3 9936 9818 9820 
3 9936 9820 9937 
3 9937 9820 9821 
3 9937 9821 9938 
3 9938 9821 9797 
3 9938 9797 9939 
3 9939 9797 9798 
3 9939 9798 9940 
3 9940 9798 9823 
3 9940 9823 9942 
3 9942 9823 9825 
3 9942 9825 9944 
3 9944 9825 9827 
3 9944 9827 9799 
3 9799 9827 9828 
3 9799 9828 9945 
3 9945 9828 9800 
3 9945 9800 9946 
3 9946 9800 9801 
3 9946 9801 9948 
3 9948 9801 9831 
3 9948 9831 9802 
3 9802 9831 9833 
3 9802 9833 9803 
3 9687 9723 9804 
3 9804 9723 9806 
3 9804 9806 9805 
3 9805 9806 9720 
3 9805 9720 9783 
3 9783 9720 9807 
3 9783 9807 9785 
3 9785 9807 9809 
3 9785 9809 9808 
3 9808 9809 9810 
3 9808 9810 9811 
3 9811 9810 9812 
3 9811 9812 9788 
3 9788 9812 9715 
3 9788 9715 9814 
3 9814 9715 9813 
3 9814 9813 9792 
3 9792 9813 9815 
3 9792 9815 9793 
3 9793 9815 9711 
3 9793 9711 9795 
3 9795 9711 9816 
3 9795 9816 9796 
3 9796 9816 9817 
3 9796 9817 9818 
3 9818 9817 9819 
3 9818 9819 9820 
3 9820 9819 9705 
3 9820 9705 9821 
3 9821 9705 9701 
3 9821 9701 9797 
3 9797 9701 9822 
3 9797 9822 9798 
3 9798 9822 9695 
3 9798 9695 9823 
3 9823 9695 9824 
3 9823 9824 9825 
3 9825 9824 9826 
3 9825 9826 9827 
3 9827 9826 9693 
3 9827 9693 9828 
3 9828 9693 9690 
3 9828 9690 9800 
3 9800 9690 9829 
3 9800 9829 9801 
3 9801 9829 9830 
3 9801 9830 9831 
3 9831 9830 9832 
3 9831 9832 9833 
3 9834 9835 10141 
3 10141 9835 9836 
3 10141 9836 10107 
3 9836 9649 10107 
3 10107 9649 9837 
3 10107 9837 10109 
3 10109 9837 9838 
3 10109 9838 9843 
3 9609 9839 9610 
3 9610 9839 9840 
3 9610 9840 9841 
3 9841 9840 10114 
3 9841 10114 9611 
3 9838 9842 9843 
3 9843 9842 9596 
3 9843 9596 10112 
3 10112 9596 9844 
3 10112 9844 10114 
3 10114 9844 9613 
3 10114 9613 9611 
3 9869 9951 9871 
3 9845 9738 9897 
3 9897 9738 9927 
3 9897 9927 9899 
3 9899 9927 9846 
3 9899 9846 9901 
3 9901 9846 9928 
3 9901 9928 9903 
3 9903 9928 9930 
3 9903 9930 9847 
3 9847 9930 9848 
3 9847 9848 9905 
3 9905 9848 9849 
3 9905 9849 9906 
3 9906 9849 9931 
3 9906 9931 9850 
3 9850 9931 9932 
3 9850 9932 9851 
3 9851 9932 9852 
3 9851 9852 9853 
3 9853 9852 9934 
3 9853 9934 9854 
3 9854 9934 9855 
3 9854 9855 9909 
3 9909 9855 9856 
3 9909 9856 9911 
3 9911 9856 9857 
3 9911 9857 9912 
3 9912 9857 9858 
3 9912 9858 9913 
3 9913 9858 9859 
3 9913 9859 9860 
3 9860 9859 9941 
3 9860 9941 9861 
3 9861 9941 9943 
3 9861 9943 9916 
3 9916 9943 9862 
3 9916 9862 9863 
3 9863 9862 9864 
3 9863 9864 9917 
3 9917 9864 9865 
3 9917 9865 9919 
3 9919 9865 9947 
3 9919 9947 9866 
3 9866 9947 9867 
3 9866 9867 9921 
3 9921 9867 9949 
3 9921 9949 9868 
3 9868 9949 9869 
3 9868 9869 9870 
3 9870 9869 9871 
3 9870 9871 9923 
3 9872 9592 9590 
3 9685 9898 9873 
3 9873 9898 9900 
3 9873 9900 10119 
3 10119 9900 9875 
3 10119 9875 9874 
3 9874 9875 9902 
3 9874 9902 9876 
3 9876 9902 9904 
3 9876 9904 9877 
3 9877 9904 9878 
3 9877 9878 10120 
3 10120 9878 9907 
3 10120 9907 10121 
3 10121 9907 9908 
3 10121 9908 9879 
3 9879 9908 9880 
3 9879 9880 9881 
3 9881 9880 9882 
3 9881 9882 9883 
3 9883 9882 9884 
3 9883 9884 10125 
3 10125 9884 9885 
3 10125 9885 10126 
3 10126 9885 9910 
3 10126 9910 9887 
3 9887 9910 9886 
3 9887 9886 10128 
3 10128 9886 9888 
3 10128 9888 9889 
3 9889 9888 9914 
3 9889 9914 9890 
3 9890 9914 9915 
3 9890 9915 10130 
3 10130 9915 9891 
3 10130 9891 10132 
3 10132 9891 9892 
3 10132 9892 10133 
3 10133 9892 9918 
3 10133 9918 10134 
3 10134 9918 9920 
3 10134 9920 10136 
3 10136 9920 9893 
3 10136 9893 9894 
3 9894 9893 9922 
3 9894 9922 9895 
3 9895 9922 9896 
3 9895 9896 10138 
3 10138 9896 9872 
3 10138 9872 10140 
3 10140 9872 9590 
3 10140 9590 9588 
3 9686 9897 9898 
3 9898 9897 9899 
3 9898 9899 9900 
3 9900 9899 9901 
3 9900 9901 9875 
3 9875 9901 9903 
3 9875 9903 9902 
3 9902 9903 9847 
3 9902 9847 9904 
3 9904 9847 9905 
3 9904 9905 9878 
3 9878 9905 9906 
3 9878 9906 9907 
3 9907 9906 9850 
3 9907 9850 9908 
3 9908 9850 9851 
3 9908 9851 9880 
3 9880 9851 9853 
3 9880 9853 9882 
3 9882 9853 9854 
3 9882 9854 9884 
3 9884 9854 9909 
3 9884 9909 9885 
3 9885 9909 9911 
3 9885 9911 9910 
3 9910 9911 9912 
3 9910 9912 9886 
3 9886 9912 9913 
3 9886 9913 9888 
3 9888 9913 9860 
3 9888 9860 9914 
3 9914 9860 9861 
3 9914 9861 9915 
3 9915 9861 9916 
3 9915 9916 9891 
3 9891 9916 9863 
3 9891 9863 9892 
3 9892 9863 9917 
3 9892 9917 9918 
3 9918 9917 9919 
3 9918 9919 9920 
3 9920 9919 9866 
3 9920 9866 9893 
3 9893 9866 9921 
3 9893 9921 9922 
3 9922 9921 9868 
3 9922 9868 9896 
3 9896 9868 9870 
3 9896 9870 9872 
3 9872 9870 9923 
3 9872 9923 9592 
3 10797 9924 9832 
3 9832 9924 9648 
3 9832 9648 9833 
3 9833 9648 9925 
3 9833 9925 9803 
3 9803 9925 9926 
3 9803 9926 9950 
3 9731 9732 9738 
3 9738 9732 9782 
3 9738 9782 9927 
3 9927 9782 9784 
3 9927 9784 9846 
3 9846 9784 9929 
3 9846 9929 9928 
3 9928 9929 9786 
3 9928 9786 9930 
3 9930 9786 9787 
3 9930 9787 9848 
3 9848 9787 9789 
3 9848 9789 9849 
3 9849 9789 9790 
3 9849 9790 9931 
3 9931 9790 9791 
3 9931 9791 9932 
3 9932 9791 9794 
3 9932 9794 9852 
3 9852 9794 9933 
3 9852 9933 9934 
3 9934 9933 9935 
3 9934 9935 9855 
3 9855 9935 9936 
3 9855 9936 9856 
3 9856 9936 9937 
3 9856 9937 9857 
3 9857 9937 9938 
3 9857 9938 9858 
3 9858 9938 9939 
3 9858 9939 9859 
3 9859 9939 9940 
3 9859 9940 9941 
3 9941 9940 9942 
3 9941 9942 9943 
3 9943 9942 9944 
3 9943 9944 9862 
3 9862 9944 9799 
3 9862 9799 9864 
3 9864 9799 9945 
3 9864 9945 9865 
3 9865 9945 9946 
3 9865 9946 9947 
3 9947 9946 9948 
3 9947 9948 9867 
3 9867 9948 9802 
3 9867 9802 9949 
3 9949 9802 9803 
3 9949 9803 9869 
3 9869 9803 9950 
3 9869 9950 9951 
3 9741 8032 10147 
3 10147 8032 8035 
3 10147 8035 9952 
3 9952 8035 8169 
3 9725 10148 9746 
3 9746 10148 10146 
3 9746 10146 9953 
3 9953 10146 9954 
3 9953 9954 9684 
3 8039 9955 9956 
3 9956 9955 8038 
3 9956 8038 9741 
3 9741 8038 8031 
3 9741 8031 8032 
3 9966 8039 9965 
3 9965 8039 9956 
3 9965 9956 9957 
3 9957 9956 9740 
3 9957 9740 9958 
3 9958 9740 9959 
3 9958 9959 9751 
3 9751 9959 9960 
3 9751 9960 9753 
3 9753 9960 9743 
3 9753 9743 9755 
3 9755 9743 9962 
3 9755 9962 9961 
3 9961 9962 9745 
3 9961 9745 9757 
3 9757 9745 9747 
3 8050 9964 9963 
3 9963 9964 8042 
3 9963 8042 9965 
3 9965 8042 8044 
3 9965 8044 9966 
3 8049 8050 9758 
3 9758 8050 9963 
3 9758 9963 9967 
3 9967 9963 9748 
3 9967 9748 9968 
3 9968 9748 9749 
3 9968 9749 9969 
3 9969 9749 9750 
3 9969 9750 9761 
3 9761 9750 9752 
3 9761 9752 9763 
3 9763 9752 9754 
3 9763 9754 9764 
3 9764 9754 9971 
3 9764 9971 9970 
3 9970 9971 9756 
3 9973 9972 8053 
3 9973 8053 9758 
3 9758 8053 8047 
3 9758 8047 8049 
3 10122 9974 9762 
3 9762 9974 9975 
3 9762 9975 9976 
3 9976 9975 9977 
3 9976 9977 9760 
3 9760 9977 9978 
3 9760 9978 9979 
3 9979 9978 9988 
3 9979 9988 9759 
3 9759 9988 9986 
3 9759 9986 9980 
3 9980 9986 9984 
3 9980 9984 9973 
3 9973 9984 9983 
3 9973 9983 9972 
3 8055 9981 9983 
3 9983 9981 8057 
3 9983 8057 9972 
3 8060 8055 9982 
3 9982 8055 9983 
3 9982 9983 9985 
3 9985 9983 9984 
3 9985 9984 9993 
3 9993 9984 9986 
3 9993 9986 9987 
3 9987 9986 9988 
3 9987 9988 9992 
3 9992 9988 9978 
3 9992 9978 9991 
3 9991 9978 9977 
3 9991 9977 9989 
3 9989 9977 9975 
3 9989 9975 10123 
3 10123 9975 9974 
3 10123 9990 9989 
3 9989 9990 10004 
3 9989 10004 9991 
3 9991 10004 10003 
3 9991 10003 9992 
3 9992 10003 10002 
3 9992 10002 9987 
3 9987 10002 10000 
3 9987 10000 9993 
3 9993 10000 9994 
3 9993 9994 9985 
3 9985 9994 9995 
3 9985 9995 9982 
3 9982 9995 9997 
3 9982 9997 9996 
3 9998 8062 9997 
3 9997 8062 8061 
3 9997 8061 9996 
3 8065 9998 9683 
3 9683 9998 9997 
3 9683 9997 9999 
3 9999 9997 9995 
3 9999 9995 10011 
3 10011 9995 9994 
3 10011 9994 10010 
3 10010 9994 10000 
3 10010 10000 10001 
3 10001 10000 10002 
3 10001 10002 10008 
3 10008 10002 10003 
3 10008 10003 10005 
3 10005 10003 10004 
3 10005 10004 10124 
3 10124 10004 9990 
3 10124 10006 10005 
3 10005 10006 10007 
3 10005 10007 10008 
3 10008 10007 10021 
3 10008 10021 10001 
3 10001 10021 10009 
3 10001 10009 10010 
3 10010 10009 10019 
3 10010 10019 10011 
3 10011 10019 10012 
3 10011 10012 9999 
3 9999 10012 10013 
3 9999 10013 9683 
3 9683 10013 10015 
3 9683 10015 8066 
3 10014 10016 10015 
3 10015 10016 8068 
3 10015 8068 8066 
3 9682 10014 10028 
3 10028 10014 10015 
3 10028 10015 10017 
3 10017 10015 10013 
3 10017 10013 10025 
3 10025 10013 10012 
3 10025 10012 10018 
3 10018 10012 10019 
3 10018 10019 10023 
3 10023 10019 10009 
3 10023 10009 10020 
3 10020 10009 10021 
3 10020 10021 10022 
3 10022 10021 10007 
3 10022 10007 10127 
3 10127 10007 10006 
3 10127 10035 10022 
3 10022 10035 10034 
3 10022 10034 10020 
3 10020 10034 10024 
3 10020 10024 10023 
3 10023 10024 10033 
3 10023 10033 10018 
3 10018 10033 10032 
3 10018 10032 10025 
3 10025 10032 10026 
3 10025 10026 10017 
3 10017 10026 10027 
3 10017 10027 10028 
3 10028 10027 10029 
3 10028 10029 8073 
3 8076 8075 10029 
3 10029 8075 8074 
3 10029 8074 8073 
3 10030 8076 10048 
3 10048 8076 10029 
3 10048 10029 10046 
3 10046 10029 10027 
3 10046 10027 10031 
3 10031 10027 10026 
3 10031 10026 10044 
3 10044 10026 10032 
3 10044 10032 10042 
3 10042 10032 10033 
3 10042 10033 10039 
3 10039 10033 10024 
3 10039 10024 10036 
3 10036 10024 10034 
3 10036 10034 10129 
3 10129 10034 10035 
3 10129 10037 10036 
3 10036 10037 10038 
3 10036 10038 10039 
3 10039 10038 10040 
3 10039 10040 10042 
3 10042 10040 10041 
3 10042 10041 10044 
3 10044 10041 10043 
3 10044 10043 10031 
3 10031 10043 10045 
3 10031 10045 10046 
3 10046 10045 10047 
3 10046 10047 10048 
3 10048 10047 10049 
3 10048 10049 9681 
3 10054 8077 10049 
3 10049 8077 8078 
3 10049 8078 9681 
3 10037 10050 10038 
3 10038 10050 10051 
3 10038 10051 10040 
3 10040 10051 10052 
3 10040 10052 10041 
3 10041 10052 9770 
3 10041 9770 10043 
3 10043 9770 9769 
3 10043 9769 10045 
3 10045 9769 10053 
3 10045 10053 10047 
3 10047 10053 9767 
3 10047 9767 10049 
3 10049 9767 9765 
3 10049 9765 10054 
3 10055 8089 10067 
3 10067 8089 10056 
3 8087 8090 10066 
3 10066 8090 8085 
3 10066 8085 9765 
3 9765 8085 10057 
3 9765 10057 10054 
3 10131 10058 10059 
3 10059 10058 10060 
3 10059 10060 9771 
3 9771 10060 10061 
3 9771 10061 10062 
3 10062 10061 10063 
3 10062 10063 9768 
3 9768 10063 10070 
3 9768 10070 9766 
3 9766 10070 10064 
3 9766 10064 10065 
3 10065 10064 10073 
3 10065 10073 10066 
3 10066 10073 10067 
3 10066 10067 8087 
3 8087 10067 10056 
3 10058 10068 10060 
3 10060 10068 10069 
3 10060 10069 10061 
3 10061 10069 9776 
3 10061 9776 10063 
3 10063 9776 9775 
3 10063 9775 10070 
3 10070 9775 10071 
3 10070 10071 10064 
3 10064 10071 10072 
3 10064 10072 10073 
3 10073 10072 10074 
3 10073 10074 10067 
3 10067 10074 10077 
3 10067 10077 10055 
3 10088 8097 10075 
3 10075 8097 10076 
3 10086 8094 10085 
3 10085 8094 10078 
3 10085 10078 10077 
3 10077 10078 10079 
3 10077 10079 10055 
3 10135 10094 10080 
3 10080 10094 10093 
3 10080 10093 10081 
3 10081 10093 10092 
3 10081 10092 9774 
3 9774 10092 10082 
3 9774 10082 9773 
3 9773 10082 10090 
3 9773 10090 9772 
3 9772 10090 10089 
3 9772 10089 10083 
3 10083 10089 10084 
3 10083 10084 10085 
3 10085 10084 10075 
3 10085 10075 10086 
3 10086 10075 10076 
3 10087 10095 8099 
3 8099 10088 10087 
3 10087 10088 10075 
3 10087 10075 10096 
3 10096 10075 10084 
3 10096 10084 10098 
3 10098 10084 10089 
3 10098 10089 10100 
3 10100 10089 10090 
3 10100 10090 10091 
3 10091 10090 10082 
3 10091 10082 10102 
3 10102 10082 10092 
3 10102 10092 10104 
3 10104 10092 10093 
3 10104 10093 10137 
3 10137 10093 10094 
3 8105 10095 10106 
3 10106 10095 10087 
3 10106 10087 9778 
3 9778 10087 10096 
3 9778 10096 10097 
3 10097 10096 10098 
3 10097 10098 10099 
3 10099 10098 10100 
3 10099 10100 10101 
3 10101 10100 10091 
3 10101 10091 9780 
3 9780 10091 10102 
3 9780 10102 10103 
3 10103 10102 10104 
3 10103 10104 9781 
3 9781 10104 10137 
3 9839 10118 8116 
3 8114 10105 9777 
3 9777 10105 8112 
3 9777 8112 10106 
3 10106 8112 8106 
3 10106 8106 8105 
3 10139 10141 10108 
3 10108 10141 10107 
3 10108 10107 10110 
3 10110 10107 10109 
3 10110 10109 10111 
3 10111 10109 9843 
3 10111 9843 9779 
3 9779 9843 10112 
3 9779 10112 10113 
3 10113 10112 10114 
3 10113 10114 10115 
3 10115 10114 9840 
3 10115 9840 9777 
3 9777 9840 9839 
3 9777 9839 8114 
3 8114 9839 8116 
3 9609 10116 9839 
3 9839 10116 10117 
3 9839 10117 10118 
3 10118 10117 9593 
3 10118 9593 7910 
3 9684 9873 9953 
3 9953 9873 10119 
3 9953 10119 9747 
3 9747 10119 9874 
3 9747 9874 9757 
3 9757 9874 9876 
3 9757 9876 9756 
3 9756 9876 9877 
3 9756 9877 9970 
3 9970 9877 10120 
3 9970 10120 10122 
3 10122 10120 10121 
3 10122 10121 9974 
3 9974 10121 9879 
3 9974 9879 10123 
3 10123 9879 9881 
3 10123 9881 9990 
3 9990 9881 9883 
3 9990 9883 10124 
3 10124 9883 10125 
3 10124 10125 10006 
3 10006 10125 10126 
3 10006 10126 10127 
3 10127 10126 9887 
3 10127 9887 10035 
3 10035 9887 10128 
3 10035 10128 10129 
3 10129 10128 9889 
3 10129 9889 10037 
3 10037 9889 9890 
3 10037 9890 10050 
3 10050 9890 10130 
3 10050 10130 10131 
3 10131 10130 10132 
3 10131 10132 10058 
3 10058 10132 10133 
3 10058 10133 10068 
3 10068 10133 10134 
3 10068 10134 10135 
3 10135 10134 10136 
3 10135 10136 10094 
3 10094 10136 9894 
3 10094 9894 10137 
3 10137 9894 9895 
3 10137 9895 9781 
3 9781 9895 10138 
3 9781 10138 10139 
3 10139 10138 10140 
3 10139 10140 10141 
3 10141 10140 9588 
3 10141 9588 9834 
3 8119 8162 10225 
3 10142 10143 10207 
3 10207 10143 7865 
3 8181 10144 10239 
3 8122 10223 10224 
3 10145 10169 10146 
3 8149 8121 10161 
3 8169 8149 9952 
3 9952 8149 10161 
3 9952 10161 10147 
3 10147 10161 10162 
3 10146 10148 10145 
3 10145 10148 9725 
3 10145 9725 10149 
3 10149 9725 10150 
3 10149 10150 10165 
3 10155 10151 10162 
3 10162 10151 9726 
3 10162 9726 10147 
3 10150 10152 10165 
3 10165 10152 10153 
3 10165 10153 10154 
3 10154 10153 10156 
3 10154 10156 10155 
3 10155 10156 9728 
3 10155 9728 10151 
3 10157 9734 9736 
3 10158 9733 10178 
3 10178 9733 10175 
3 10159 10177 10160 
3 10160 10177 10175 
3 10160 10175 9687 
3 9687 10175 9733 
3 8121 8122 10161 
3 10161 8122 10224 
3 10161 10224 10162 
3 10162 10224 10163 
3 10162 10163 10155 
3 10155 10163 10226 
3 10155 10226 10154 
3 10154 10226 10164 
3 10154 10164 10165 
3 10165 10164 10227 
3 10165 10227 10149 
3 10149 10227 10166 
3 10149 10166 10145 
3 10145 10166 10167 
3 10145 10167 10169 
3 10169 10167 10168 
3 10169 10168 10222 
3 10222 10168 10232 
3 10222 10232 10170 
3 10170 10232 10233 
3 10170 10233 10171 
3 10171 10233 10172 
3 10171 10172 10174 
3 10174 10172 10173 
3 10174 10173 10177 
3 10177 10173 10235 
3 10177 10235 10175 
3 10175 10235 10176 
3 10175 10176 10178 
3 10178 10176 10237 
3 10159 9731 10177 
3 10177 9731 9739 
3 10177 9739 10174 
3 10174 9739 9845 
3 10174 9845 10171 
3 10171 9845 9686 
3 10171 9686 10170 
3 9736 10158 10157 
3 10157 10158 10178 
3 10157 10178 10887 
3 10887 10178 10237 
3 10887 10237 10179 
3 10179 10237 10238 
3 8162 8181 10225 
3 10225 8181 10239 
3 10225 10239 10180 
3 10180 10239 10182 
3 10180 10182 10181 
3 10181 10182 10183 
3 10181 10183 10228 
3 10228 10183 10184 
3 10228 10184 10229 
3 10229 10184 10185 
3 10229 10185 10230 
3 10230 10185 10186 
3 10230 10186 10231 
3 10231 10186 10187 
3 10231 10187 10188 
3 10188 10187 10242 
3 10188 10242 10189 
3 10189 10242 10244 
3 10189 10244 10190 
3 10190 10244 10191 
3 10190 10191 10234 
3 10234 10191 10193 
3 10234 10193 10192 
3 10192 10193 10194 
3 10192 10194 10236 
3 10236 10194 10195 
3 10236 10195 10196 
3 10196 10195 10197 
3 10196 10197 10198 
3 10198 10197 10251 
3 10241 9241 10199 
3 10199 9241 9240 
3 10200 10201 10202 
3 10202 10201 10203 
3 10202 10203 10204 
3 10204 10203 10205 
3 10204 10205 10206 
3 10206 10205 9238 
3 10206 9238 10240 
3 10240 9238 9244 
3 10240 9244 10241 
3 10241 9244 9242 
3 10241 9242 9241 
3 7865 9553 10207 
3 10207 9553 10208 
3 10207 10208 10202 
3 10202 10208 10209 
3 10202 10209 10200 
3 10211 9273 10213 
3 10879 10881 10251 
3 10251 10881 10210 
3 10251 10210 10198 
3 10211 10213 10212 
3 10212 10213 10214 
3 10212 10214 10215 
3 10215 10214 10250 
3 10215 10250 10216 
3 10216 10250 10249 
3 10216 10249 9271 
3 9271 10249 10248 
3 9271 10248 10217 
3 10247 9307 10248 
3 10248 9307 9284 
3 10248 9284 10217 
3 9240 9239 10199 
3 10199 9239 10218 
3 10199 10218 10243 
3 10243 10218 10219 
3 10243 10219 10245 
3 10245 10219 9554 
3 10245 9554 10246 
3 10246 9554 10220 
3 10246 10220 10247 
3 10247 10220 10221 
3 10247 10221 9307 
3 9686 9737 10170 
3 10170 9737 9685 
3 10170 9685 10222 
3 10222 9685 9684 
3 10222 9684 10169 
3 10169 9684 9954 
3 10169 9954 10146 
3 10223 8119 10224 
3 10224 8119 10225 
3 10224 10225 10163 
3 10163 10225 10180 
3 10163 10180 10226 
3 10226 10180 10181 
3 10226 10181 10164 
3 10164 10181 10228 
3 10164 10228 10227 
3 10227 10228 10229 
3 10227 10229 10166 
3 10166 10229 10230 
3 10166 10230 10167 
3 10167 10230 10231 
3 10167 10231 10168 
3 10168 10231 10188 
3 10168 10188 10232 
3 10232 10188 10189 
3 10232 10189 10233 
3 10233 10189 10190 
3 10233 10190 10172 
3 10172 10190 10234 
3 10172 10234 10173 
3 10173 10234 10192 
3 10173 10192 10235 
3 10235 10192 10236 
3 10235 10236 10176 
3 10176 10236 10196 
3 10176 10196 10237 
3 10237 10196 10198 
3 10237 10198 10238 
3 10238 10198 10210 
3 10144 10142 10239 
3 10239 10142 10207 
3 10239 10207 10182 
3 10182 10207 10202 
3 10182 10202 10183 
3 10183 10202 10204 
3 10183 10204 10184 
3 10184 10204 10206 
3 10184 10206 10185 
3 10185 10206 10240 
3 10185 10240 10186 
3 10186 10240 10241 
3 10186 10241 10187 
3 10187 10241 10199 
3 10187 10199 10242 
3 10242 10199 10243 
3 10242 10243 10244 
3 10244 10243 10245 
3 10244 10245 10191 
3 10191 10245 10246 
3 10191 10246 10193 
3 10193 10246 10247 
3 10193 10247 10194 
3 10194 10247 10248 
3 10194 10248 10195 
3 10195 10248 10249 
3 10195 10249 10197 
3 10197 10249 10250 
3 10197 10250 10251 
3 10251 10250 10214 
3 10251 10214 10879 
3 10879 10214 10213 
3 10287 10278 10273 
3 11191 10252 10295 
3 10285 10271 10286 
3 10897 10898 10255 
3 10897 10255 10257 
3 8292 10253 10257 
3 10313 10254 10255 
3 10254 8284 10255 
3 10255 8284 10256 
3 10255 10256 10257 
3 10257 10256 8291 
3 10257 8291 8292 
3 8289 10258 10312 
3 10312 10258 10259 
3 10312 10259 8290 
3 10330 10322 10329 
3 8286 10260 10261 
3 10261 10260 8288 
3 10261 8288 10262 
3 8267 8276 10342 
3 10342 8276 8277 
3 10342 8277 10263 
3 10263 8277 8282 
3 10263 8282 8281 
3 8271 10304 8272 
3 8272 10304 8273 
3 10264 10265 10266 
3 10266 10265 10267 
3 10266 10267 10304 
3 10304 10267 8275 
3 10304 8275 8273 
3 10298 10268 10269 
3 10269 10268 10270 
3 10269 10270 8265 
3 10271 8258 10286 
3 10286 8258 8266 
3 10286 8266 10288 
3 10273 10275 8262 
3 11478 11551 10275 
3 10278 10272 10273 
3 10273 10272 10274 
3 10273 10274 10275 
3 10275 10274 10276 
3 10275 10276 11478 
3 10277 11456 10278 
3 10278 11456 11457 
3 10278 11457 10272 
3 10336 11397 10338 
3 10338 11397 11398 
3 11189 10279 10280 
3 11189 10280 11190 
3 11185 10281 10323 
3 10323 10281 10282 
3 11288 11188 10308 
3 10308 11188 11187 
3 11181 10309 11183 
3 11183 10309 10834 
3 11183 10834 11184 
3 10839 10838 10283 
3 10283 10838 10284 
3 10283 10284 10309 
3 10309 10284 10835 
3 10309 10835 10834 
3 8262 10285 10273 
3 10273 10285 10286 
3 10273 10286 10287 
3 10287 10286 10288 
3 10287 10288 10270 
3 10270 10288 10289 
3 10270 10289 8265 
3 10839 10283 10290 
3 10290 10283 10293 
3 10290 10293 10291 
3 10299 10873 10292 
3 10292 10873 10842 
3 10292 10842 10293 
3 10293 10842 10294 
3 10293 10294 10291 
3 10252 10277 10295 
3 10295 10277 10278 
3 10295 10278 10296 
3 10296 10278 10287 
3 10296 10287 10297 
3 10297 10287 10270 
3 10297 10270 10266 
3 10266 10270 10268 
3 10266 10268 10264 
3 10264 10268 10298 
3 10299 10292 10300 
3 10300 10292 10311 
3 10300 10311 10307 
3 11398 11191 10338 
3 10338 11191 10295 
3 10338 10295 10301 
3 10301 10295 10296 
3 10301 10296 10340 
3 10340 10296 10297 
3 10340 10297 10302 
3 10302 10297 10266 
3 10302 10266 10303 
3 10303 10266 10304 
3 10303 10304 10342 
3 10342 10304 8271 
3 10342 8271 8267 
3 10305 10306 10311 
3 10311 10306 10876 
3 10311 10876 10307 
3 10898 10861 10255 
3 10255 10861 10867 
3 10255 10867 10305 
3 10305 10867 10869 
3 10305 10869 10306 
3 11181 11288 10309 
3 10309 11288 10308 
3 10309 10308 10283 
3 10283 10308 10310 
3 10283 10310 10293 
3 10293 10310 10314 
3 10293 10314 10292 
3 10292 10314 10317 
3 10292 10317 10311 
3 10311 10317 10318 
3 10311 10318 10305 
3 10305 10318 10320 
3 10305 10320 10255 
3 10255 10320 10312 
3 10255 10312 10313 
3 10313 10312 8290 
3 11187 11185 10308 
3 10308 11185 10323 
3 10308 10323 10310 
3 10310 10323 10325 
3 10310 10325 10314 
3 10314 10325 10315 
3 10314 10315 10317 
3 10317 10315 10316 
3 10317 10316 10318 
3 10318 10316 10319 
3 10318 10319 10320 
3 10320 10319 10321 
3 10320 10321 10312 
3 10312 10321 10329 
3 10312 10329 8289 
3 8289 10329 10322 
3 10282 11344 10323 
3 10323 11344 10324 
3 10323 10324 10325 
3 10325 10324 10326 
3 10325 10326 10315 
3 10315 10326 10327 
3 10315 10327 10316 
3 10316 10327 10328 
3 10316 10328 10319 
3 10319 10328 10331 
3 10319 10331 10321 
3 10321 10331 10334 
3 10321 10334 10329 
3 10329 10334 10261 
3 10329 10261 10330 
3 10330 10261 10262 
3 11344 11190 10324 
3 10324 11190 10280 
3 10324 10280 10326 
3 10326 10280 10337 
3 10326 10337 10327 
3 10327 10337 10339 
3 10327 10339 10328 
3 10328 10339 10341 
3 10328 10341 10331 
3 10331 10341 10332 
3 10331 10332 10334 
3 10334 10332 10333 
3 10334 10333 10261 
3 10261 10333 10335 
3 10261 10335 8286 
3 8286 10335 8279 
3 8286 8279 8287 
3 10279 10336 10280 
3 10280 10336 10338 
3 10280 10338 10337 
3 10337 10338 10301 
3 10337 10301 10339 
3 10339 10301 10340 
3 10339 10340 10341 
3 10341 10340 10302 
3 10341 10302 10332 
3 10332 10302 10303 
3 10332 10303 10333 
3 10333 10303 10342 
3 10333 10342 10335 
3 10335 10342 10263 
3 10335 10263 8279 
3 8279 10263 8281 
3 10343 8396 10432 
3 10407 10344 10449 
3 10345 10346 10519 
3 10347 10594 10385 
3 10905 10904 10379 
3 8307 10567 10349 
3 10349 10567 10348 
3 8304 8302 10350 
3 10350 8302 8306 
3 10350 8306 10348 
3 10348 8306 8305 
3 10348 8305 10349 
3 8304 10350 10351 
3 10351 10350 10570 
3 10351 10570 10352 
3 10352 10570 10353 
3 10353 10570 10355 
3 10353 10355 10354 
3 10354 10355 10356 
3 10354 10356 8325 
3 10571 10357 10356 
3 10356 10357 8326 
3 10356 8326 8325 
3 10361 10358 10574 
3 10574 10358 10572 
3 10358 8300 10572 
3 10572 8300 8299 
3 10572 8299 10571 
3 10571 8299 10359 
3 10571 10359 10357 
3 8297 10360 10574 
3 10574 10360 8350 
3 10574 8350 10361 
3 10555 10362 8297 
3 10556 10524 10363 
3 8296 10364 10564 
3 10564 10364 10524 
3 10510 10365 10562 
3 10562 10365 10565 
3 10366 10367 10511 
3 10511 10367 10510 
3 10372 10368 8293 
3 10372 10369 10371 
3 10368 10372 10370 
3 10370 10372 10371 
3 10370 10371 10253 
3 10369 10372 10373 
3 10373 10372 10377 
3 10373 10377 10378 
3 10375 10521 10382 
3 10382 10374 10375 
3 10375 10374 10376 
3 10375 10376 10377 
3 10377 10376 10899 
3 10377 10899 10378 
3 10379 10904 10380 
3 10904 10381 10380 
3 10380 10381 10902 
3 10380 10902 10521 
3 10521 10902 10900 
3 10521 10900 10382 
3 10905 10379 10906 
3 10906 10379 10384 
3 10906 10384 10383 
3 10383 10384 10519 
3 10383 10519 10385 
3 10347 10385 10386 
3 10346 10387 10519 
3 10519 10387 10388 
3 10519 10388 10385 
3 10385 10388 10389 
3 10385 10389 10386 
3 10600 10390 10518 
3 10518 10390 10391 
3 10518 10391 10345 
3 10586 10392 10393 
3 10393 10392 10395 
3 10393 10395 10394 
3 10394 10395 10601 
3 10546 10544 10596 
3 10396 10598 10544 
3 10544 10598 10597 
3 10544 10597 10596 
3 10400 10397 10398 
3 10396 10545 10399 
3 10399 10545 10400 
3 10399 10400 8440 
3 8440 10400 10398 
3 10401 10402 10583 
3 10583 10402 10543 
3 10437 10403 5725 
3 10459 5724 10436 
3 10436 5724 10403 
3 10344 10404 10460 
3 10404 5728 10460 
3 10460 5728 5726 
3 10460 5726 10459 
3 5730 10405 10499 
3 10499 10405 10406 
3 10499 10406 10407 
3 5734 5733 10469 
3 10469 5733 10408 
3 10469 10408 5730 
3 10410 10409 5734 
3 8408 10409 8409 
3 8409 10409 10410 
3 8409 10410 8410 
3 8410 10410 8411 
3 10414 10411 10415 
3 10415 10411 10412 
3 10415 10412 10481 
3 10481 10412 8406 
3 10481 8406 10413 
3 10414 10415 10416 
3 10416 10415 10417 
3 10416 10417 10418 
3 8402 10420 10419 
3 10419 10420 10421 
3 10419 10421 10417 
3 10417 10421 8405 
3 10417 8405 10418 
3 8402 10419 10422 
3 10422 10419 10484 
3 10422 10484 10423 
3 10423 10484 10424 
3 10424 10484 10425 
3 10424 10425 8399 
3 10486 10427 10426 
3 10486 10426 10425 
3 10425 10426 8400 
3 10425 8400 8399 
3 10427 10486 10428 
3 10428 10486 10488 
3 10428 10488 8397 
3 8396 10429 10432 
3 10432 10429 10430 
3 10432 10430 10488 
3 10488 10430 10431 
3 10488 10431 8397 
3 8354 8355 10568 
3 10568 8355 10433 
3 10568 10433 10432 
3 10432 10433 8394 
3 10432 8394 10343 
3 8307 10434 10567 
3 10567 10434 10435 
3 10567 10435 10566 
3 10403 10437 10436 
3 10436 10437 10438 
3 10436 10438 10461 
3 10461 10438 10439 
3 10461 10439 10440 
3 10440 10439 10582 
3 10440 10582 10441 
3 10441 10582 10581 
3 10441 10581 10464 
3 10464 10581 10580 
3 10464 10580 10442 
3 10442 10580 10443 
3 10442 10443 10465 
3 10465 10443 10578 
3 10465 10578 10444 
3 10444 10578 10576 
3 10444 10576 10445 
3 10445 10576 10446 
3 10445 10446 10447 
3 10447 10446 10573 
3 10447 10573 10448 
3 10344 10460 10449 
3 10449 10460 10450 
3 10449 10450 10500 
3 10500 10450 10462 
3 10500 10462 10502 
3 10502 10462 10451 
3 10502 10451 10503 
3 10503 10451 10463 
3 10503 10463 10504 
3 10504 10463 10452 
3 10504 10452 10453 
3 10453 10452 10454 
3 10453 10454 10506 
3 10506 10454 10455 
3 10506 10455 10507 
3 10507 10455 10466 
3 10507 10466 10456 
3 10456 10466 10467 
3 10456 10467 10457 
3 10457 10467 10468 
3 10457 10468 10458 
3 10459 10436 10460 
3 10460 10436 10461 
3 10460 10461 10450 
3 10450 10461 10440 
3 10450 10440 10462 
3 10462 10440 10441 
3 10462 10441 10451 
3 10451 10441 10464 
3 10451 10464 10463 
3 10463 10464 10442 
3 10463 10442 10452 
3 10452 10442 10465 
3 10452 10465 10454 
3 10454 10465 10444 
3 10454 10444 10455 
3 10455 10444 10445 
3 10455 10445 10466 
3 10466 10445 10447 
3 10466 10447 10467 
3 10467 10447 10448 
3 10467 10448 10468 
3 5730 10499 10469 
3 10469 10499 10501 
3 10469 10501 10490 
3 10490 10501 10471 
3 10490 10471 10470 
3 10470 10471 10472 
3 10470 10472 10473 
3 10473 10472 10505 
3 10473 10505 10474 
3 10474 10505 10475 
3 10474 10475 10494 
3 10494 10475 10476 
3 10494 10476 10495 
3 10495 10476 10508 
3 10495 10508 10496 
3 10496 10508 10478 
3 10496 10478 10477 
3 10477 10478 10509 
3 10477 10509 10479 
3 10479 10509 10480 
3 10479 10480 10569 
3 8411 10410 10413 
3 10413 10410 10491 
3 10413 10491 10481 
3 10481 10491 10492 
3 10481 10492 10415 
3 10415 10492 10482 
3 10415 10482 10417 
3 10417 10482 10493 
3 10417 10493 10419 
3 10419 10493 10483 
3 10419 10483 10484 
3 10484 10483 10485 
3 10484 10485 10425 
3 10425 10485 10497 
3 10425 10497 10486 
3 10486 10497 10487 
3 10486 10487 10488 
3 10488 10487 10498 
3 10488 10498 10432 
3 10432 10498 10489 
3 10432 10489 10568 
3 5734 10469 10410 
3 10410 10469 10490 
3 10410 10490 10491 
3 10491 10490 10470 
3 10491 10470 10492 
3 10492 10470 10473 
3 10492 10473 10482 
3 10482 10473 10474 
3 10482 10474 10493 
3 10493 10474 10494 
3 10493 10494 10483 
3 10483 10494 10495 
3 10483 10495 10485 
3 10485 10495 10496 
3 10485 10496 10497 
3 10497 10496 10477 
3 10497 10477 10487 
3 10487 10477 10479 
3 10487 10479 10498 
3 10498 10479 10569 
3 10498 10569 10489 
3 10407 10449 10499 
3 10499 10449 10500 
3 10499 10500 10501 
3 10501 10500 10502 
3 10501 10502 10471 
3 10471 10502 10503 
3 10471 10503 10472 
3 10472 10503 10504 
3 10472 10504 10505 
3 10505 10504 10453 
3 10505 10453 10475 
3 10475 10453 10506 
3 10475 10506 10476 
3 10476 10506 10507 
3 10476 10507 10508 
3 10508 10507 10456 
3 10508 10456 10478 
3 10478 10456 10457 
3 10478 10457 10509 
3 10509 10457 10458 
3 10509 10458 10480 
3 10510 10562 10511 
3 10511 10562 10512 
3 10511 10512 10513 
3 10513 10512 10561 
3 10513 10561 10523 
3 10523 10561 10559 
3 10523 10559 10522 
3 10522 10559 10515 
3 10522 10515 10514 
3 10514 10515 10516 
3 10514 10516 10517 
3 10517 10516 10557 
3 10517 10557 10520 
3 10520 10557 10394 
3 10520 10394 10518 
3 10518 10394 10601 
3 10518 10601 10600 
3 10345 10519 10518 
3 10518 10519 10384 
3 10518 10384 10520 
3 10520 10384 10379 
3 10520 10379 10517 
3 10517 10379 10380 
3 10517 10380 10514 
3 10514 10380 10521 
3 10514 10521 10522 
3 10522 10521 10375 
3 10522 10375 10523 
3 10523 10375 10377 
3 10523 10377 10513 
3 10513 10377 10372 
3 10513 10372 10511 
3 10511 10372 8293 
3 10511 8293 10366 
3 10524 10556 10564 
3 10564 10556 10552 
3 10564 10552 10563 
3 10563 10552 10525 
3 10563 10525 10526 
3 10526 10525 10527 
3 10526 10527 10560 
3 10560 10527 10528 
3 10560 10528 10529 
3 10529 10528 10530 
3 10529 10530 10531 
3 10531 10530 10550 
3 10531 10550 10558 
3 10558 10550 10547 
3 10558 10547 10532 
3 10532 10547 10546 
3 10532 10546 10533 
3 10533 10546 10596 
3 10533 10596 10586 
3 8297 10574 10555 
3 10555 10574 10575 
3 10555 10575 10554 
3 10554 10575 10577 
3 10554 10577 10553 
3 10553 10577 10579 
3 10553 10579 10534 
3 10534 10579 10535 
3 10534 10535 10551 
3 10551 10535 10536 
3 10551 10536 10537 
3 10537 10536 10538 
3 10537 10538 10549 
3 10549 10538 10539 
3 10549 10539 10548 
3 10548 10539 10540 
3 10548 10540 10541 
3 10541 10540 10542 
3 10541 10542 10545 
3 10545 10542 10583 
3 10545 10583 10400 
3 10400 10583 10543 
3 10400 10543 10397 
3 10396 10544 10545 
3 10545 10544 10546 
3 10545 10546 10541 
3 10541 10546 10547 
3 10541 10547 10548 
3 10548 10547 10550 
3 10548 10550 10549 
3 10549 10550 10530 
3 10549 10530 10537 
3 10537 10530 10528 
3 10537 10528 10551 
3 10551 10528 10527 
3 10551 10527 10534 
3 10534 10527 10525 
3 10534 10525 10553 
3 10553 10525 10552 
3 10553 10552 10554 
3 10554 10552 10556 
3 10554 10556 10555 
3 10555 10556 10363 
3 10555 10363 10362 
3 10586 10393 10533 
3 10533 10393 10394 
3 10533 10394 10532 
3 10532 10394 10557 
3 10532 10557 10558 
3 10558 10557 10516 
3 10558 10516 10531 
3 10531 10516 10515 
3 10531 10515 10529 
3 10529 10515 10559 
3 10529 10559 10560 
3 10560 10559 10561 
3 10560 10561 10526 
3 10526 10561 10512 
3 10526 10512 10563 
3 10563 10512 10562 
3 10563 10562 10564 
3 10564 10562 10565 
3 10564 10565 8296 
3 10566 8354 10567 
3 10567 8354 10568 
3 10567 10568 10348 
3 10348 10568 10489 
3 10348 10489 10350 
3 10350 10489 10569 
3 10350 10569 10570 
3 10570 10569 10480 
3 10570 10480 10355 
3 10355 10480 10458 
3 10355 10458 10356 
3 10356 10458 10468 
3 10356 10468 10571 
3 10571 10468 10448 
3 10571 10448 10572 
3 10572 10448 10573 
3 10572 10573 10574 
3 10574 10573 10446 
3 10574 10446 10575 
3 10575 10446 10576 
3 10575 10576 10577 
3 10577 10576 10578 
3 10577 10578 10579 
3 10579 10578 10443 
3 10579 10443 10535 
3 10535 10443 10580 
3 10535 10580 10536 
3 10536 10580 10581 
3 10536 10581 10538 
3 10538 10581 10582 
3 10538 10582 10539 
3 10539 10582 10439 
3 10539 10439 10540 
3 10540 10439 10438 
3 10540 10438 10542 
3 10542 10438 10437 
3 10542 10437 10583 
3 10583 10437 5725 
3 10583 5725 10401 
3 10584 10399 10585 
3 10585 10399 8440 
3 10586 8443 10392 
3 10392 8443 10602 
3 10587 10588 10594 
3 10594 10588 10589 
3 10594 10589 10590 
3 10590 8447 10594 
3 10594 8447 10591 
3 10594 10591 10592 
3 10592 10593 10594 
3 10594 10593 10595 
3 10594 10595 8418 
3 10586 10596 8443 
3 8443 10596 10597 
3 8443 10597 8444 
3 8444 10597 10598 
3 8444 10598 10584 
3 10584 10598 10396 
3 10584 10396 10399 
3 10346 10345 10599 
3 10599 10345 10391 
3 10599 10391 10390 
3 10390 10600 10599 
3 10599 10600 10601 
3 10599 10601 10602 
3 10602 10601 10395 
3 10602 10395 10392 
3 10599 10386 10389 
3 10587 10594 10599 
3 10599 10594 10347 
3 10599 10347 10386 
3 10389 10388 10599 
3 10599 10388 10387 
3 10599 10387 10346 
3 8419 10603 10605 
3 10605 10603 10607 
3 10611 10606 10604 
3 8418 8417 10605 
3 10605 8417 8421 
3 10605 8421 8419 
3 10642 10654 10606 
3 10606 10654 10653 
3 10606 10653 10604 
3 10657 10610 10658 
3 10658 10610 10659 
3 10607 9004 10605 
3 10605 9004 10608 
3 10605 10608 10656 
3 10656 10608 10610 
3 10656 10610 10609 
3 10609 10610 10657 
3 10659 10610 10660 
3 10660 10610 10612 
3 10660 10612 10652 
3 10611 10604 10612 
3 10612 10604 10613 
3 10612 10613 10652 
3 10694 10655 10692 
3 10679 11144 10740 
3 10662 10888 10614 
3 10615 10730 10731 
3 9070 10617 10616 
3 10617 9069 10677 
3 9070 10616 9071 
3 10618 10620 10619 
3 10619 10620 9072 
3 10619 9072 9071 
3 10615 10731 10621 
3 9065 9063 10622 
3 10622 9063 9062 
3 10622 9062 10621 
3 10689 10624 10623 
3 10624 10689 10625 
3 10625 10689 10688 
3 10625 10688 10628 
3 9053 9058 10626 
3 10626 9058 10627 
3 10626 10627 10628 
3 10701 9048 10629 
3 10629 9048 10630 
3 10629 10630 9054 
3 10631 10632 10690 
3 10690 10632 9041 
3 9041 9050 10703 
3 10703 9050 9051 
3 10703 9051 10702 
3 10702 9051 10633 
3 10702 10633 10701 
3 10648 10634 9042 
3 9022 9024 10648 
3 10648 9024 9043 
3 10648 9043 10634 
3 10641 10639 9022 
3 10635 10636 10641 
3 10641 10636 10637 
3 10641 10637 8797 
3 10638 10639 8879 
3 8879 10639 10641 
3 8879 10641 10640 
3 10640 10641 8797 
3 9022 10648 10641 
3 10641 10648 10650 
3 10641 10650 10635 
3 10642 10643 10645 
3 10643 10644 10645 
3 10645 10644 10646 
3 10645 10646 10647 
3 10647 8995 10645 
3 10645 8995 10649 
3 10645 10649 10648 
3 10648 10649 8792 
3 10648 8792 10650 
3 10692 10652 10651 
3 10651 10652 10613 
3 10613 10604 10651 
3 10651 10604 10653 
3 10651 10653 10645 
3 10645 10653 10654 
3 10645 10654 10642 
3 10655 10605 10656 
3 10657 10658 10692 
3 10655 10656 10692 
3 10692 10656 10609 
3 10692 10609 10657 
3 10658 10659 10692 
3 10692 10659 10660 
3 10692 10660 10652 
3 11148 10661 11147 
3 11147 10661 10662 
3 11147 10662 10663 
3 10663 10662 10614 
3 10663 10614 10664 
3 10664 10614 10747 
3 10665 10666 10746 
3 10746 10666 10667 
3 10746 10667 10747 
3 10747 10667 11143 
3 10747 11143 10664 
3 10671 10668 10744 
3 10744 10668 10669 
3 10744 10669 10746 
3 10746 10669 10670 
3 10746 10670 10665 
3 10671 10744 11267 
3 11267 10744 10743 
3 11267 10743 10672 
3 10672 10743 10675 
3 10672 10675 11266 
3 11265 11399 10674 
3 10674 11399 10673 
3 10674 10673 10675 
3 10675 10673 10676 
3 10675 10676 11266 
3 10740 11144 10674 
3 10674 11144 11429 
3 10674 11429 11265 
3 10617 10677 10616 
3 10616 10677 10678 
3 10616 10678 10740 
3 10740 10678 11458 
3 10740 11458 10679 
3 10728 10680 10681 
3 10728 10681 10727 
3 10727 10681 10683 
3 10727 10683 10682 
3 10682 10683 10714 
3 10682 10714 10725 
3 10725 10714 10684 
3 10725 10684 10685 
3 10685 10684 10686 
3 10685 10686 10687 
3 10687 10686 10688 
3 10687 10688 10722 
3 10722 10688 10689 
3 10722 10689 10622 
3 10622 10689 10623 
3 10622 10623 9065 
3 10691 10903 10693 
3 10631 10690 9042 
3 9042 10690 10696 
3 9042 10696 10648 
3 10648 10696 10699 
3 10648 10699 10645 
3 10645 10699 10700 
3 10645 10700 10651 
3 10651 10700 10691 
3 10651 10691 10692 
3 10692 10691 10693 
3 10692 10693 10694 
3 10855 10695 10706 
3 10706 10695 10901 
3 9041 10703 10690 
3 10690 10703 10697 
3 10690 10697 10696 
3 10696 10697 10698 
3 10696 10698 10699 
3 10699 10698 10704 
3 10699 10704 10700 
3 10700 10704 10706 
3 10700 10706 10691 
3 10691 10706 10901 
3 10691 10901 10903 
3 10846 10850 10705 
3 10705 10850 10707 
3 10701 10629 10702 
3 10702 10629 10710 
3 10702 10710 10703 
3 10703 10710 10711 
3 10703 10711 10697 
3 10697 10711 10712 
3 10697 10712 10698 
3 10698 10712 10713 
3 10698 10713 10704 
3 10704 10713 10705 
3 10704 10705 10706 
3 10706 10705 10707 
3 10706 10707 10855 
3 10718 10845 10844 
3 9053 10626 9054 
3 9054 10626 10708 
3 9054 10708 10629 
3 10629 10708 10709 
3 10629 10709 10710 
3 10710 10709 10715 
3 10710 10715 10711 
3 10711 10715 10716 
3 10711 10716 10712 
3 10712 10716 10717 
3 10712 10717 10713 
3 10713 10717 10718 
3 10713 10718 10705 
3 10705 10718 10844 
3 10705 10844 10846 
3 10883 10882 10728 
3 10728 10882 10880 
3 10728 10880 10680 
3 10680 10880 10878 
3 10680 10878 10877 
3 10628 10688 10626 
3 10626 10688 10686 
3 10626 10686 10708 
3 10708 10686 10684 
3 10708 10684 10709 
3 10709 10684 10714 
3 10709 10714 10715 
3 10715 10714 10683 
3 10715 10683 10716 
3 10716 10683 10681 
3 10716 10681 10717 
3 10717 10681 10680 
3 10717 10680 10718 
3 10718 10680 10877 
3 10718 10877 10845 
3 10884 10720 10719 
3 10719 10720 10721 
3 10621 10731 10622 
3 10622 10731 10723 
3 10622 10723 10722 
3 10722 10723 10733 
3 10722 10733 10687 
3 10687 10733 10724 
3 10687 10724 10685 
3 10685 10724 10735 
3 10685 10735 10725 
3 10725 10735 10736 
3 10725 10736 10682 
3 10682 10736 10726 
3 10682 10726 10727 
3 10727 10726 10719 
3 10727 10719 10728 
3 10728 10719 10721 
3 10728 10721 10883 
3 10729 10886 10739 
3 10739 10886 10885 
3 10618 10619 10730 
3 10730 10619 10741 
3 10730 10741 10731 
3 10731 10741 10742 
3 10731 10742 10723 
3 10723 10742 10732 
3 10723 10732 10733 
3 10733 10732 10734 
3 10733 10734 10724 
3 10724 10734 10745 
3 10724 10745 10735 
3 10735 10745 10737 
3 10735 10737 10736 
3 10736 10737 10738 
3 10736 10738 10726 
3 10726 10738 10739 
3 10726 10739 10719 
3 10719 10739 10885 
3 10719 10885 10884 
3 9071 10616 10619 
3 10619 10616 10740 
3 10619 10740 10741 
3 10741 10740 10674 
3 10741 10674 10742 
3 10742 10674 10675 
3 10742 10675 10732 
3 10732 10675 10743 
3 10732 10743 10734 
3 10734 10743 10744 
3 10734 10744 10745 
3 10745 10744 10746 
3 10745 10746 10737 
3 10737 10746 10747 
3 10737 10747 10738 
3 10738 10747 10614 
3 10738 10614 10739 
3 10739 10614 10888 
3 10739 10888 10729 
3 10999 10748 8102 
3 10749 10995 8098 
3 8098 10995 10994 
3 8098 10994 9080 
3 9080 10994 10993 
3 8102 10748 10751 
3 10748 10750 10751 
3 10751 10750 10997 
3 10751 10997 10749 
3 10749 10997 10996 
3 10749 10996 10995 
3 10999 8102 10990 
3 10990 8102 8100 
3 10990 8100 10991 
3 10991 8100 10752 
3 10991 10752 10992 
3 10992 10752 10753 
3 10753 10752 10754 
3 10753 10754 10755 
3 10755 10754 10757 
3 10757 10754 10756 
3 10757 10756 10758 
3 10758 10756 10989 
3 10989 10756 10759 
3 10989 10759 10969 
3 10969 10759 10760 
3 10969 10760 10762 
3 10762 10760 10761 
3 10762 10761 10763 
3 10763 10761 10764 
3 10763 10764 10765 
3 10765 10764 8104 
3 10765 8104 10766 
3 10766 8104 8103 
3 10766 8103 9079 
3 11064 11068 10767 
3 10767 11068 11072 
3 10767 11072 10768 
3 11051 10769 10767 
3 10767 10769 10770 
3 10767 10770 11056 
3 11056 10968 10767 
3 10767 10968 11060 
3 10767 11060 11064 
3 9107 10771 10772 
3 9107 10772 10773 
3 10773 10772 10774 
3 10773 10774 10775 
3 10775 10774 11124 
3 10775 11124 10776 
3 11124 11123 10776 
3 10776 11123 10777 
3 10776 10777 10779 
3 10777 10778 10779 
3 10779 10778 10780 
3 10779 10780 8043 
3 8043 10780 10781 
3 8043 10781 10782 
3 10781 11125 10782 
3 10782 11125 10783 
3 10782 10783 10784 
3 10783 10785 10784 
3 10784 10785 10786 
3 10784 10786 10787 
3 10786 10788 10787 
3 10787 10788 11129 
3 10787 11129 10789 
3 10789 11129 11128 
3 11128 11127 10789 
3 10789 11127 10791 
3 10789 10791 10790 
3 10790 10791 10792 
3 10790 10792 10793 
3 10793 10792 10794 
3 10793 10794 8045 
3 8045 10794 8046 
3 8046 10794 11126 
3 8046 11126 10795 
3 10795 11126 10796 
3 10795 10796 8040 
3 9647 10797 11184 
3 11184 10797 9688 
3 11184 9688 10798 
3 10798 9688 10800 
3 10798 10800 10799 
3 10799 10800 9689 
3 10799 9689 10801 
3 10801 9689 10802 
3 10801 10802 10803 
3 10803 10802 10804 
3 10803 10804 11176 
3 11176 10804 10805 
3 10805 10804 10806 
3 10805 10806 10807 
3 10807 10806 10809 
3 10807 10809 10808 
3 10808 10809 9691 
3 10808 9691 11179 
3 11179 9691 10810 
3 10810 9691 9692 
3 10810 9692 10811 
3 10811 9692 10812 
3 10812 9692 9694 
3 10812 9694 11175 
3 9694 10813 11175 
3 11175 10813 9699 
3 11175 9699 10814 
3 10814 9699 9698 
3 10814 9698 10815 
3 10815 9698 9697 
3 10815 9697 11173 
3 11173 9697 9696 
3 11173 9696 11168 
3 11168 9696 10816 
3 11168 10816 10817 
3 10817 10816 10818 
3 10817 10818 10819 
3 10819 10818 9700 
3 10819 9700 10821 
3 10821 9700 10820 
3 10821 10820 11171 
3 11171 10820 9706 
3 11171 9706 11165 
3 11165 9706 9704 
3 11165 9704 11166 
3 9704 9703 11166 
3 11166 9703 9702 
3 11166 9702 11167 
3 11167 9702 9708 
3 11167 9708 11164 
3 11164 9708 10823 
3 11164 10823 10822 
3 10822 10823 10824 
3 10822 10824 11162 
3 11162 10824 9707 
3 11162 9707 10825 
3 10825 9707 9710 
3 10825 9710 11160 
3 11160 9710 10826 
3 11160 10826 11158 
3 11158 10826 9709 
3 11158 9709 10827 
3 10827 9709 10828 
3 10827 10828 10829 
3 10828 9716 10829 
3 10829 9716 9714 
3 10829 9714 10830 
3 10830 9714 9713 
3 10830 9713 11154 
3 11154 9713 9712 
3 11154 9712 10831 
3 10831 9712 9719 
3 10831 9719 11157 
3 11157 9719 9718 
3 11157 9718 11152 
3 11152 9718 9717 
3 11152 9717 11153 
3 11153 9717 10832 
3 11153 10832 11151 
3 11151 10832 10833 
3 11151 10833 11150 
3 11150 10833 9722 
3 11150 9722 10889 
3 11184 10834 9647 
3 9647 10834 10835 
3 9647 10835 10836 
3 10835 10284 10836 
3 10836 10284 10838 
3 10836 10838 10837 
3 10837 10838 10839 
3 10837 10839 10840 
3 10839 10290 10840 
3 10840 10290 10291 
3 10840 10291 10841 
3 10841 10291 10294 
3 10841 10294 9668 
3 9668 10294 10842 
3 9668 10842 10843 
3 10843 10842 10873 
3 9272 10846 9273 
3 9273 10846 10844 
3 9273 10844 10213 
3 10213 10844 10845 
3 10213 10845 10879 
3 10879 10845 10877 
3 9272 9120 10846 
3 10846 9120 10847 
3 10846 10847 9121 
3 9121 10848 10846 
3 10846 10848 10849 
3 10846 10849 10850 
3 9124 9123 10707 
3 10849 9122 10850 
3 10850 9122 10851 
3 10850 10851 10707 
3 10707 10851 10852 
3 10707 10852 9124 
3 9123 10853 10707 
3 10707 10853 9276 
3 10707 9276 10855 
3 10855 9276 10854 
3 10855 10854 9274 
3 9274 9125 10855 
3 10855 9125 9127 
3 10855 9127 9128 
3 9128 10856 10855 
3 10855 10856 9129 
3 10855 9129 10857 
3 10857 10858 10855 
3 10855 10858 10859 
3 10855 10859 9130 
3 9130 9131 10855 
3 10855 9131 9132 
3 10855 9132 9133 
3 9133 9135 10861 
3 10861 9135 10860 
3 10861 10860 9137 
3 9137 9138 10861 
3 10861 9138 9139 
3 10861 9139 10862 
3 10862 9141 10861 
3 10861 9141 9142 
3 10861 9142 10863 
3 10863 10864 10861 
3 10861 10864 9197 
3 10861 9197 10865 
3 10865 10866 10861 
3 10861 10866 9117 
3 10861 9117 10867 
3 9146 9147 10869 
3 9117 9143 10867 
3 10867 9143 10868 
3 10867 10868 10869 
3 10869 10868 9145 
3 10869 9145 9146 
3 9147 9148 10869 
3 10869 9148 10870 
3 10869 10870 10306 
3 10306 10870 9149 
3 9149 10871 10306 
3 10306 10871 10872 
3 10306 10872 10874 
3 10873 10299 10843 
3 10843 10299 10300 
3 10843 10300 9641 
3 10874 9166 10306 
3 10306 9166 10875 
3 10306 10875 10876 
3 10876 10875 9641 
3 10876 9641 10307 
3 10307 9641 10300 
3 10210 10881 10883 
3 10877 10878 10879 
3 10879 10878 10880 
3 10879 10880 10881 
3 10881 10880 10882 
3 10881 10882 10883 
3 10883 10721 10210 
3 10210 10721 10720 
3 10210 10720 10238 
3 10720 10884 10238 
3 10238 10884 10885 
3 10238 10885 10179 
3 10179 10885 10886 
3 10179 10886 10887 
3 10886 10729 10887 
3 10887 10729 10888 
3 10887 10888 10157 
3 9722 9721 10889 
3 10889 9721 10890 
3 10889 10890 11149 
3 11149 10890 10892 
3 11149 10892 10891 
3 10891 10892 9724 
3 10891 9724 10893 
3 10893 9724 10895 
3 10893 10895 10894 
3 10894 10895 10896 
3 10894 10896 11146 
3 11146 10896 9735 
3 11146 9735 11148 
3 11148 9735 9734 
3 11148 9734 10661 
3 10661 9734 10157 
3 10661 10157 10662 
3 10662 10157 10888 
3 10897 10257 10855 
3 9133 10861 10855 
3 10855 10861 10898 
3 10855 10898 10897 
3 10257 10253 10855 
3 10855 10253 10371 
3 10855 10371 10369 
3 10369 10373 10855 
3 10855 10373 10378 
3 10855 10378 10899 
3 10899 10376 10855 
3 10855 10376 10374 
3 10855 10374 10695 
3 10695 10374 10382 
3 10695 10382 10901 
3 10382 10900 10901 
3 10901 10900 10902 
3 10901 10902 10903 
3 10903 10902 10381 
3 10903 10381 10693 
3 10381 10904 10693 
3 10693 10904 10905 
3 10693 10905 10694 
3 10905 10906 10694 
3 10694 10906 10383 
3 10694 10383 10655 
3 10655 10383 10385 
3 10385 10594 10655 
3 10655 10594 8418 
3 10655 8418 10605 
3 10916 10907 10917 
3 10908 10956 10910 
3 10908 10910 10909 
3 10909 10910 10959 
3 10909 10959 10912 
3 11261 11260 10913 
3 10913 11260 11259 
3 10913 11259 10959 
3 10959 11259 10911 
3 10959 10911 10912 
3 11261 10913 11263 
3 11263 10913 10914 
3 11263 10914 10915 
3 10952 11256 10953 
3 10953 11256 11255 
3 10953 11255 10914 
3 10914 11255 11254 
3 10914 11254 10915 
3 10916 10917 11252 
3 11252 10917 10921 
3 11252 10921 11253 
3 10918 10919 10949 
3 10949 10919 10920 
3 10949 10920 10921 
3 10921 10920 10922 
3 10921 10922 11253 
3 10965 10966 11250 
3 11250 10966 10923 
3 11250 10923 11251 
3 11251 10923 10924 
3 10924 10923 10925 
3 10925 10923 10929 
3 10925 10929 10926 
3 11248 10927 10928 
3 10928 10927 10929 
3 10929 10927 11247 
3 10929 11247 10926 
3 11243 10963 10930 
3 10930 10963 10932 
3 10930 10932 11244 
3 11244 10932 10931 
3 10931 10932 11246 
3 11246 10932 10961 
3 11246 10961 10962 
3 10933 10934 10936 
3 11583 10935 10941 
3 10941 10935 11514 
3 10941 11514 10936 
3 10936 11514 10937 
3 10936 10937 10933 
3 10938 11066 10940 
3 10940 11066 11067 
3 10938 10940 10939 
3 10939 10940 10941 
3 10939 10941 10942 
3 11071 10960 11070 
3 11070 10960 10961 
3 10964 10945 10943 
3 10943 10945 11088 
3 10928 10944 10964 
3 10964 10944 11083 
3 10964 11083 10945 
3 10947 11091 10967 
3 10967 11091 11078 
3 10949 11095 10946 
3 10946 11095 11096 
3 10946 11096 10947 
3 10947 11096 10948 
3 10947 10948 11091 
3 11120 11107 10917 
3 10917 11107 11110 
3 10917 11110 10921 
3 10921 11110 11094 
3 10921 11094 10949 
3 10949 11094 10950 
3 10949 10950 11095 
3 10951 11120 10953 
3 10953 11120 10917 
3 10953 10917 10952 
3 10952 10917 10907 
3 10951 10953 11134 
3 11134 10953 10914 
3 11134 10914 10954 
3 10954 10914 10913 
3 10954 10913 10955 
3 10956 9069 10910 
3 10910 9069 10957 
3 10910 10957 10958 
3 10955 10913 11130 
3 11130 10913 10959 
3 11130 10959 11138 
3 11138 10959 10910 
3 11138 10910 11137 
3 11137 10910 10958 
3 11137 10958 9076 
3 11067 11586 10940 
3 10940 11586 11585 
3 10940 11585 10941 
3 10941 11585 11584 
3 10941 11584 11583 
3 11071 10942 10960 
3 10960 10942 10941 
3 10960 10941 10961 
3 10961 10941 10936 
3 10961 10936 10962 
3 10962 10936 10934 
3 11243 11248 10963 
3 10963 11248 10928 
3 10963 10928 10932 
3 10932 10928 10964 
3 10932 10964 10961 
3 10961 10964 10943 
3 10961 10943 11070 
3 11070 10943 11088 
3 10965 10918 10966 
3 10966 10918 10949 
3 10966 10949 10923 
3 10923 10949 10946 
3 10923 10946 10929 
3 10929 10946 10947 
3 10929 10947 10928 
3 10928 10947 10967 
3 10928 10967 10944 
3 10944 10967 11078 
3 11059 11497 10968 
3 10765 10766 11485 
3 10969 10762 11485 
3 11485 10762 10763 
3 11485 10763 10765 
3 10766 9079 11485 
3 11485 9079 9078 
3 11485 9078 10974 
3 9078 10970 10974 
3 10974 10970 10971 
3 10974 10971 7708 
3 10972 7703 10975 
3 7708 10973 10974 
3 10974 10973 7706 
3 10974 7706 10975 
3 10975 7706 7705 
3 10975 7705 10972 
3 7703 10976 10975 
3 10975 10976 10977 
3 10975 10977 10978 
3 10978 10977 7702 
3 10978 7702 11479 
3 7731 10980 10982 
3 7724 7723 10983 
3 7724 10983 10979 
3 10980 10981 10982 
3 10982 10981 7727 
3 10982 7727 10983 
3 10983 7727 7726 
3 10983 7726 10979 
3 7723 7721 10983 
3 10983 7721 10984 
3 10983 10984 10986 
3 10986 10984 10985 
3 10986 10985 7720 
3 7720 7718 10986 
3 10986 7718 7717 
3 10986 7717 7710 
3 7710 10987 10986 
3 10986 10987 10988 
3 10986 10988 11485 
3 11485 10988 7713 
3 10969 11485 10989 
3 10989 11485 10998 
3 10989 10998 10758 
3 10753 10755 10998 
3 10998 10755 10757 
3 10998 10757 10758 
3 10990 10991 10998 
3 10998 10991 10992 
3 10998 10992 10753 
3 7713 9082 11485 
3 11485 9082 10993 
3 11485 10993 10998 
3 10998 10993 10994 
3 10998 10994 10995 
3 10995 10996 10998 
3 10998 10996 10997 
3 10998 10997 10750 
3 10750 10748 10998 
3 10998 10748 10999 
3 10998 10999 10990 
3 215 216 11012 
3 11000 11001 11012 
3 11012 11001 11002 
3 11012 11002 215 
3 216 6071 11012 
3 11012 6071 6072 
3 11012 6072 11004 
3 11004 6072 11003 
3 11004 11003 11005 
3 11003 11006 11005 
3 11005 11006 11007 
3 11005 11007 10982 
3 10982 11007 7732 
3 10982 7732 7731 
3 3581 3574 11027 
3 3572 3571 11011 
3 11011 3571 3567 
3 11011 3567 3565 
3 3574 11008 11027 
3 11027 11008 11009 
3 11027 11009 11011 
3 11011 11009 3577 
3 11011 3577 3572 
3 3565 11010 11011 
3 11011 11010 3564 
3 11011 3564 11012 
3 3564 3563 11012 
3 11012 3563 11013 
3 11012 11013 11014 
3 11014 3560 11012 
3 11012 3560 3562 
3 11012 3562 11015 
3 11015 1520 11012 
3 11012 1520 11019 
3 11012 11019 11000 
3 11016 231 11019 
3 11019 231 230 
3 11019 230 228 
3 228 11017 11019 
3 11019 11017 11018 
3 11019 11018 11000 
3 11021 236 11019 
3 11019 236 234 
3 11019 234 11016 
3 1520 243 11019 
3 11019 243 11020 
3 11019 11020 242 
3 242 241 11019 
3 11019 241 239 
3 11019 239 11021 
3 11561 11022 11023 
3 11023 11022 3583 
3 11023 3583 11025 
3 3583 11024 11025 
3 11025 11024 11026 
3 11025 11026 11027 
3 11027 11026 3578 
3 11027 3578 3581 
3 11028 11033 6078 
3 6078 11033 11029 
3 6078 11029 6077 
3 6077 11029 6074 
3 11028 6080 11033 
3 11033 6080 6081 
3 11033 6081 6082 
3 6082 11030 11033 
3 11033 11030 11031 
3 11033 11031 6086 
3 6086 11032 11033 
3 11033 11032 6089 
3 11033 6089 6090 
3 6090 11034 11033 
3 11033 11034 11035 
3 11033 11035 11036 
3 11036 11035 5539 
3 11036 5539 11561 
3 11561 5539 11037 
3 11561 11037 11022 
3 11038 11491 11039 
3 11039 11491 11040 
3 11039 11040 9106 
3 9106 11040 9104 
3 11038 9096 11491 
3 11491 9096 11041 
3 11491 11041 11490 
3 11490 11041 11042 
3 11490 11042 11043 
3 11043 11044 11490 
3 11490 11044 9095 
3 11490 9095 11046 
3 11046 9095 9094 
3 11046 9094 11045 
3 11045 9092 11046 
3 11046 9092 9089 
3 11046 9089 9088 
3 9088 9086 11046 
3 11046 9086 11047 
3 11046 11047 11048 
3 11048 9085 11046 
3 11046 9085 7734 
3 11046 7734 11033 
3 11033 7734 11049 
3 11033 11049 11029 
3 11029 11049 11050 
3 11029 11050 6074 
3 9104 11040 9101 
3 9101 11040 11579 
3 9101 11579 11051 
3 11051 11579 11052 
3 11051 11052 10769 
3 10769 11052 11053 
3 10769 11053 10770 
3 10770 11053 11054 
3 10770 11054 11494 
3 11494 11055 10770 
3 10770 11055 11595 
3 10770 11595 11056 
3 11595 11057 11056 
3 11056 11057 11495 
3 11056 11495 10968 
3 10968 11495 11058 
3 10968 11058 11059 
3 11062 11503 11060 
3 11497 11061 10968 
3 10968 11061 11499 
3 10968 11499 11060 
3 11060 11499 11501 
3 11060 11501 11062 
3 11503 11505 11060 
3 11060 11505 11063 
3 11060 11063 11064 
3 11063 11507 11064 
3 11064 11507 11065 
3 11064 11065 11510 
3 10938 11072 11066 
3 11066 11072 11068 
3 11066 11068 11067 
3 11067 11068 11064 
3 11067 11064 11508 
3 11508 11064 11510 
3 11088 11069 11070 
3 11070 11069 9098 
3 9098 9105 11070 
3 11070 9105 9103 
3 11070 9103 11071 
3 11071 9103 10768 
3 11071 10768 10942 
3 10942 10768 11072 
3 10942 11072 10939 
3 10939 11072 10938 
3 11077 11073 11076 
3 11076 11073 11074 
3 11074 6079 11076 
3 11076 6079 6076 
3 11076 6076 11075 
3 6084 6073 11076 
3 11076 6073 6083 
3 11076 6083 11077 
3 9083 11078 9084 
3 9084 11078 11076 
3 9084 11076 6075 
3 6075 11076 11075 
3 9083 9087 11078 
3 11078 9087 11079 
3 11078 11079 11080 
3 11080 9090 11078 
3 11078 9090 9091 
3 11078 9091 10944 
3 11085 11081 11083 
3 9091 11082 10944 
3 10944 11082 9093 
3 10944 9093 11083 
3 11083 9093 11084 
3 11083 11084 11085 
3 11081 9097 11083 
3 11083 9097 11086 
3 11083 11086 10945 
3 11086 11087 10945 
3 10945 11087 9100 
3 10945 9100 11088 
3 11088 9100 9099 
3 11088 9099 11069 
3 6084 11076 11089 
3 11089 11076 11078 
3 11089 11078 6085 
3 6085 11078 11090 
3 11090 11078 11091 
3 11090 11091 11092 
3 6091 6088 11091 
3 11091 6088 6087 
3 11091 6087 11092 
3 3576 10950 11093 
3 11093 10950 11094 
3 11093 11094 3570 
3 3570 11094 3569 
3 3576 3575 10950 
3 10950 3575 3573 
3 10950 3573 11095 
3 11095 3573 3580 
3 11095 3580 3579 
3 3579 3582 11095 
3 11095 3582 5540 
3 11095 5540 11096 
3 11096 5540 5541 
3 11096 5541 10948 
3 10948 5541 6092 
3 10948 6092 11091 
3 11091 6092 11097 
3 11091 11097 6091 
3 11118 1519 11120 
3 227 229 11102 
3 229 11098 11102 
3 11102 11098 232 
3 11102 232 11099 
3 11099 233 11102 
3 11102 233 235 
3 11102 235 237 
3 237 238 11102 
3 11102 238 240 
3 11102 240 11117 
3 11100 225 11102 
3 11102 225 11101 
3 11101 224 11102 
3 11102 224 222 
3 11102 222 11103 
3 11103 11104 11102 
3 11102 11104 213 
3 11102 213 227 
3 11120 1519 11107 
3 11105 11110 11106 
3 11106 11110 11107 
3 11106 11107 3561 
3 3561 11107 1519 
3 11105 11108 11110 
3 11110 11108 11109 
3 11110 11109 11111 
3 11111 3566 11110 
3 11110 3566 3568 
3 11110 3568 11094 
3 11094 3568 11112 
3 11094 11112 3569 
3 7766 7769 10951 
3 7763 11113 11134 
3 11134 11113 7762 
3 7762 11114 11134 
3 11134 11114 7768 
3 11134 7768 10951 
3 10951 7768 7767 
3 10951 7767 7766 
3 7769 11115 10951 
3 10951 11115 11116 
3 10951 11116 11120 
3 11120 11116 7774 
3 11117 244 11102 
3 11102 244 11118 
3 11102 11118 11100 
3 11100 11118 11120 
3 11100 11120 11119 
3 11119 11120 7774 
3 11121 7755 10955 
3 11121 10955 7751 
3 11141 10796 11122 
3 11124 10774 11122 
3 10778 10777 11122 
3 11122 10777 11123 
3 11122 11123 11124 
3 10786 10785 11122 
3 11122 10785 10783 
3 11122 10783 11125 
3 11125 10781 11122 
3 11122 10781 10780 
3 11122 10780 10778 
3 10796 11126 11122 
3 11122 11126 10794 
3 11122 10794 10792 
3 10792 10791 11122 
3 11122 10791 11127 
3 11122 11127 11128 
3 11128 11129 11122 
3 11122 11129 10788 
3 11122 10788 10786 
3 7751 10955 9108 
3 9108 10955 11130 
3 9108 11130 10771 
3 7759 10954 11131 
3 11131 10954 10955 
3 11131 10955 11132 
3 11132 10955 7755 
3 7759 7758 10954 
3 10954 7758 7765 
3 10954 7765 11134 
3 11134 7765 11133 
3 11134 11133 7763 
3 7746 11137 7743 
3 7743 11137 9076 
3 7746 7748 11137 
3 11137 7748 7749 
3 11137 7749 11135 
3 11135 7738 11137 
3 11137 7738 11136 
3 11137 11136 11138 
3 11138 11136 11139 
3 11138 11139 7741 
3 7741 11140 11138 
3 11138 11140 7736 
3 11138 7736 11130 
3 10774 10772 11122 
3 11122 10772 10771 
3 11122 10771 11141 
3 11141 10771 11130 
3 11141 11130 11142 
3 11142 11130 7736 
3 11143 10667 11270 
3 10669 10668 11320 
3 11267 10672 11345 
3 10676 10673 11377 
3 11144 10679 11145 
3 10911 11259 11459 
3 10916 11252 11258 
3 11537 11575 11473 
3 11456 10277 11455 
3 11191 11398 11396 
3 11397 10336 11395 
3 10894 11146 11268 
3 10663 10664 11268 
3 10663 11268 11147 
3 11147 11268 11146 
3 11147 11146 11148 
3 10894 11268 10893 
3 10893 11268 11269 
3 10893 11269 10891 
3 10891 11269 11271 
3 10891 11271 11149 
3 11149 11271 10889 
3 10889 11271 11272 
3 10889 11272 11150 
3 11150 11272 11273 
3 11150 11273 11151 
3 11156 11157 11275 
3 11275 11157 11152 
3 11275 11152 11273 
3 11273 11152 11153 
3 11273 11153 11151 
3 10827 10829 11159 
3 11159 10829 10830 
3 11159 10830 11155 
3 11155 10830 11154 
3 11155 11154 11156 
3 11156 11154 10831 
3 11156 10831 11157 
3 10827 11159 11158 
3 11158 11159 11278 
3 11158 11278 11160 
3 11160 11278 11161 
3 11160 11161 10825 
3 10825 11161 11162 
3 11162 11161 11163 
3 11162 11163 10822 
3 10822 11163 11279 
3 10822 11279 11164 
3 11170 11165 11280 
3 11280 11165 11166 
3 11280 11166 11279 
3 11279 11166 11167 
3 11279 11167 11164 
3 11168 10817 11172 
3 11172 10817 10819 
3 11172 10819 11169 
3 11169 10819 10821 
3 11169 10821 11170 
3 11170 10821 11171 
3 11170 11171 11165 
3 11168 11172 11173 
3 11173 11172 11283 
3 11173 11283 10815 
3 10815 11283 11174 
3 10815 11174 10814 
3 10814 11174 11175 
3 11175 11174 11284 
3 11175 11284 10812 
3 11178 11179 11285 
3 11285 11179 10810 
3 11285 10810 11284 
3 11284 10810 10811 
3 11284 10811 10812 
3 10803 11176 11177 
3 11177 11176 10805 
3 11177 10805 11286 
3 11286 10805 10807 
3 11286 10807 11178 
3 11178 10807 10808 
3 11178 10808 11179 
3 11288 11181 11180 
3 11180 11181 11183 
3 10803 11177 10801 
3 10801 11177 11182 
3 10801 11182 10799 
3 10799 11182 11180 
3 10799 11180 10798 
3 10798 11180 11183 
3 10798 11183 11184 
3 11185 11187 11186 
3 11186 11187 11188 
3 11344 10282 11318 
3 11318 10282 10281 
3 10279 11189 11376 
3 11376 11189 11190 
3 11191 11396 10252 
3 10276 10274 11192 
3 11192 10274 10272 
3 11192 10272 11457 
3 11551 11478 11193 
3 11193 11478 11194 
3 11193 11194 11553 
3 11553 11194 11195 
3 11483 11196 11477 
3 11477 11196 11197 
3 11477 11197 11194 
3 11194 11197 11198 
3 11194 11198 11195 
3 11204 11199 11200 
3 11204 11200 11477 
3 11477 11200 11201 
3 11477 11201 11483 
3 11207 11202 11203 
3 11203 11202 11548 
3 11203 11548 11204 
3 11204 11548 11205 
3 11204 11205 11199 
3 11211 11555 11206 
3 11206 11555 11545 
3 11206 11545 11203 
3 11203 11545 11547 
3 11203 11547 11207 
3 11544 11208 11209 
3 11209 11208 11210 
3 11209 11210 11206 
3 11206 11210 11554 
3 11206 11554 11211 
3 11212 11539 11213 
3 11213 11539 11209 
3 11209 11539 11543 
3 11209 11543 11544 
3 11220 11214 11215 
3 11215 11541 11220 
3 11220 11541 11216 
3 11220 11216 11213 
3 11213 11216 11217 
3 11213 11217 11212 
3 11575 11574 11473 
3 11473 11574 11218 
3 11473 11218 11220 
3 11220 11218 11219 
3 11220 11219 11214 
3 11471 11221 11473 
3 11473 11221 11222 
3 11473 11222 11537 
3 11470 11223 11535 
3 11224 11532 11471 
3 11471 11532 11572 
3 11471 11572 11221 
3 11470 11535 11471 
3 11471 11535 11534 
3 11471 11534 11224 
3 11225 11227 11226 
3 11226 11227 11582 
3 11582 11228 11226 
3 11226 11228 11229 
3 11226 11229 11470 
3 11470 11229 11531 
3 11470 11531 11223 
3 11524 11525 11230 
3 11230 11525 11528 
3 11230 11528 11226 
3 11226 11528 11231 
3 11226 11231 11225 
3 11236 11232 11230 
3 11230 11232 11233 
3 11233 11234 11230 
3 11230 11234 11523 
3 11230 11523 11524 
3 11235 11521 11236 
3 11236 11521 11520 
3 11236 11520 11232 
3 11241 11237 11469 
3 11469 11237 11238 
3 11469 11238 11236 
3 11236 11238 11239 
3 11236 11239 11235 
3 11512 11240 11242 
3 11242 11240 11516 
3 11242 11516 11469 
3 11469 11516 11515 
3 11469 11515 11241 
3 10937 11514 11242 
3 11242 11514 11513 
3 11242 11513 11512 
3 11246 10962 11245 
3 11245 10962 10934 
3 11245 10934 11242 
3 11242 10934 10933 
3 11242 10933 10937 
3 11243 10930 11465 
3 11465 10930 11244 
3 11465 11244 11245 
3 11245 11244 10931 
3 11245 10931 11246 
3 10926 11247 11464 
3 11464 11247 10927 
3 11464 10927 11465 
3 11465 10927 11248 
3 11465 11248 11243 
3 11249 11251 10924 
3 11249 10924 11464 
3 11464 10924 10925 
3 11464 10925 10926 
3 10919 10918 11462 
3 11462 10918 10965 
3 11462 10965 11249 
3 11249 10965 11250 
3 11249 11250 11251 
3 11252 11253 11258 
3 11258 11253 10922 
3 11258 10922 11462 
3 11462 10922 10920 
3 11462 10920 10919 
3 11255 11257 11254 
3 11254 11257 11262 
3 11254 11262 10915 
3 11255 11256 11257 
3 11257 11256 10952 
3 11257 10952 11258 
3 11258 10952 10907 
3 11258 10907 10916 
3 11259 11260 11459 
3 11459 11260 11261 
3 11459 11261 11262 
3 11262 11261 11263 
3 11262 11263 10915 
3 9069 10956 11264 
3 10956 10908 11264 
3 11264 10908 10909 
3 11264 10909 11459 
3 11459 10909 10912 
3 11459 10912 10911 
3 11458 10678 11264 
3 11264 10678 10677 
3 11264 10677 9069 
3 11399 11265 11401 
3 11401 11265 11429 
3 10676 11377 11266 
3 11267 11345 10671 
3 10666 10665 11319 
3 11319 10665 10670 
3 10664 11143 11268 
3 11268 11143 11270 
3 11268 11270 11269 
3 11269 11270 11289 
3 11269 11289 11271 
3 11271 11289 11291 
3 11271 11291 11272 
3 11272 11291 11274 
3 11272 11274 11273 
3 11273 11274 11276 
3 11273 11276 11275 
3 11275 11276 11294 
3 11275 11294 11156 
3 11156 11294 11295 
3 11156 11295 11155 
3 11155 11295 11297 
3 11155 11297 11159 
3 11159 11297 11277 
3 11159 11277 11278 
3 11278 11277 11299 
3 11278 11299 11161 
3 11161 11299 11301 
3 11161 11301 11163 
3 11163 11301 11302 
3 11163 11302 11279 
3 11279 11302 11304 
3 11279 11304 11280 
3 11280 11304 11281 
3 11280 11281 11170 
3 11170 11281 11305 
3 11170 11305 11169 
3 11169 11305 11306 
3 11169 11306 11172 
3 11172 11306 11282 
3 11172 11282 11283 
3 11283 11282 11308 
3 11283 11308 11174 
3 11174 11308 11309 
3 11174 11309 11284 
3 11284 11309 11310 
3 11284 11310 11285 
3 11285 11310 11311 
3 11285 11311 11178 
3 11178 11311 11313 
3 11178 11313 11286 
3 11286 11313 11287 
3 11286 11287 11177 
3 11177 11287 11314 
3 11177 11314 11182 
3 11182 11314 11315 
3 11182 11315 11180 
3 11180 11315 11186 
3 11180 11186 11288 
3 11288 11186 11188 
3 10667 10666 11270 
3 11270 10666 11319 
3 11270 11319 11289 
3 11289 11319 11290 
3 11289 11290 11291 
3 11291 11290 11321 
3 11291 11321 11274 
3 11274 11321 11292 
3 11274 11292 11276 
3 11276 11292 11293 
3 11276 11293 11294 
3 11294 11293 11324 
3 11294 11324 11295 
3 11295 11324 11296 
3 11295 11296 11297 
3 11297 11296 11326 
3 11297 11326 11277 
3 11277 11326 11298 
3 11277 11298 11299 
3 11299 11298 11300 
3 11299 11300 11301 
3 11301 11300 11303 
3 11301 11303 11302 
3 11302 11303 11328 
3 11302 11328 11304 
3 11304 11328 11330 
3 11304 11330 11281 
3 11281 11330 11331 
3 11281 11331 11305 
3 11305 11331 11332 
3 11305 11332 11306 
3 11306 11332 11307 
3 11306 11307 11282 
3 11282 11307 11334 
3 11282 11334 11308 
3 11308 11334 11335 
3 11308 11335 11309 
3 11309 11335 11336 
3 11309 11336 11310 
3 11310 11336 11338 
3 11310 11338 11311 
3 11311 11338 11312 
3 11311 11312 11313 
3 11313 11312 11341 
3 11313 11341 11287 
3 11287 11341 11342 
3 11287 11342 11314 
3 11314 11342 11316 
3 11314 11316 11315 
3 11315 11316 11317 
3 11315 11317 11186 
3 11186 11317 11318 
3 11186 11318 11185 
3 11185 11318 10281 
3 10670 10669 11319 
3 11319 10669 11320 
3 11319 11320 11290 
3 11290 11320 11346 
3 11290 11346 11321 
3 11321 11346 11322 
3 11321 11322 11292 
3 11292 11322 11323 
3 11292 11323 11293 
3 11293 11323 11348 
3 11293 11348 11324 
3 11324 11348 11325 
3 11324 11325 11296 
3 11296 11325 11350 
3 11296 11350 11326 
3 11326 11350 11327 
3 11326 11327 11298 
3 11298 11327 11353 
3 11298 11353 11300 
3 11300 11353 11354 
3 11300 11354 11303 
3 11303 11354 11356 
3 11303 11356 11328 
3 11328 11356 11329 
3 11328 11329 11330 
3 11330 11329 11358 
3 11330 11358 11331 
3 11331 11358 11360 
3 11331 11360 11332 
3 11332 11360 11333 
3 11332 11333 11307 
3 11307 11333 11362 
3 11307 11362 11334 
3 11334 11362 11363 
3 11334 11363 11335 
3 11335 11363 11366 
3 11335 11366 11336 
3 11336 11366 11337 
3 11336 11337 11338 
3 11338 11337 11339 
3 11338 11339 11312 
3 11312 11339 11340 
3 11312 11340 11341 
3 11341 11340 11370 
3 11341 11370 11342 
3 11342 11370 11372 
3 11342 11372 11316 
3 11316 11372 11374 
3 11316 11374 11317 
3 11317 11374 11343 
3 11317 11343 11318 
3 11318 11343 11376 
3 11318 11376 11344 
3 11344 11376 11190 
3 10668 10671 11320 
3 11320 10671 11345 
3 11320 11345 11346 
3 11346 11345 11378 
3 11346 11378 11322 
3 11322 11378 11347 
3 11322 11347 11323 
3 11323 11347 11349 
3 11323 11349 11348 
3 11348 11349 11380 
3 11348 11380 11325 
3 11325 11380 11381 
3 11325 11381 11350 
3 11350 11381 11351 
3 11350 11351 11327 
3 11327 11351 11352 
3 11327 11352 11353 
3 11353 11352 11382 
3 11353 11382 11354 
3 11354 11382 11355 
3 11354 11355 11356 
3 11356 11355 11384 
3 11356 11384 11329 
3 11329 11384 11357 
3 11329 11357 11358 
3 11358 11357 11359 
3 11358 11359 11360 
3 11360 11359 11361 
3 11360 11361 11333 
3 11333 11361 11387 
3 11333 11387 11362 
3 11362 11387 11364 
3 11362 11364 11363 
3 11363 11364 11365 
3 11363 11365 11366 
3 11366 11365 11367 
3 11366 11367 11337 
3 11337 11367 11368 
3 11337 11368 11339 
3 11339 11368 11389 
3 11339 11389 11340 
3 11340 11389 11369 
3 11340 11369 11370 
3 11370 11369 11391 
3 11370 11391 11372 
3 11372 11391 11371 
3 11372 11371 11374 
3 11374 11371 11373 
3 11374 11373 11343 
3 11343 11373 11375 
3 11343 11375 11376 
3 11376 11375 11395 
3 11376 11395 10279 
3 10279 11395 10336 
3 10672 11266 11345 
3 11345 11266 11377 
3 11345 11377 11378 
3 11378 11377 11400 
3 11378 11400 11347 
3 11347 11400 11379 
3 11347 11379 11349 
3 11349 11379 11403 
3 11349 11403 11380 
3 11380 11403 11405 
3 11380 11405 11381 
3 11381 11405 11406 
3 11381 11406 11351 
3 11351 11406 11408 
3 11351 11408 11352 
3 11352 11408 11409 
3 11352 11409 11382 
3 11382 11409 11383 
3 11382 11383 11355 
3 11355 11383 11412 
3 11355 11412 11384 
3 11384 11412 11385 
3 11384 11385 11357 
3 11357 11385 11413 
3 11357 11413 11359 
3 11359 11413 11386 
3 11359 11386 11361 
3 11361 11386 11415 
3 11361 11415 11387 
3 11387 11415 11388 
3 11387 11388 11364 
3 11364 11388 11416 
3 11364 11416 11365 
3 11365 11416 11417 
3 11365 11417 11367 
3 11367 11417 11418 
3 11367 11418 11368 
3 11368 11418 11421 
3 11368 11421 11389 
3 11389 11421 11390 
3 11389 11390 11369 
3 11369 11390 11423 
3 11369 11423 11391 
3 11391 11423 11392 
3 11391 11392 11371 
3 11371 11392 11393 
3 11371 11393 11373 
3 11373 11393 11394 
3 11373 11394 11375 
3 11375 11394 11428 
3 11375 11428 11395 
3 11395 11428 11396 
3 11395 11396 11397 
3 11397 11396 11398 
3 10673 11399 11377 
3 11377 11399 11401 
3 11377 11401 11400 
3 11400 11401 11402 
3 11400 11402 11379 
3 11379 11402 11431 
3 11379 11431 11403 
3 11403 11431 11404 
3 11403 11404 11405 
3 11405 11404 11432 
3 11405 11432 11406 
3 11406 11432 11407 
3 11406 11407 11408 
3 11408 11407 11410 
3 11408 11410 11409 
3 11409 11410 11435 
3 11409 11435 11383 
3 11383 11435 11411 
3 11383 11411 11412 
3 11412 11411 11437 
3 11412 11437 11385 
3 11385 11437 11439 
3 11385 11439 11413 
3 11413 11439 11414 
3 11413 11414 11386 
3 11386 11414 11440 
3 11386 11440 11415 
3 11415 11440 11441 
3 11415 11441 11388 
3 11388 11441 11443 
3 11388 11443 11416 
3 11416 11443 11446 
3 11416 11446 11417 
3 11417 11446 11419 
3 11417 11419 11418 
3 11418 11419 11420 
3 11418 11420 11421 
3 11421 11420 11422 
3 11421 11422 11390 
3 11390 11422 11449 
3 11390 11449 11423 
3 11423 11449 11424 
3 11423 11424 11392 
3 11392 11424 11425 
3 11392 11425 11393 
3 11393 11425 11452 
3 11393 11452 11394 
3 11394 11452 11426 
3 11394 11426 11428 
3 11428 11426 11427 
3 11428 11427 11396 
3 11396 11427 11455 
3 11396 11455 10252 
3 10252 11455 10277 
3 11429 11144 11401 
3 11401 11144 11145 
3 11401 11145 11402 
3 11402 11145 11430 
3 11402 11430 11431 
3 11431 11430 11460 
3 11431 11460 11404 
3 11404 11460 11461 
3 11404 11461 11432 
3 11432 11461 11433 
3 11432 11433 11407 
3 11407 11433 11434 
3 11407 11434 11410 
3 11410 11434 11463 
3 11410 11463 11435 
3 11435 11463 11436 
3 11435 11436 11411 
3 11411 11436 11466 
3 11411 11466 11437 
3 11437 11466 11438 
3 11437 11438 11439 
3 11439 11438 11467 
3 11439 11467 11414 
3 11414 11467 11468 
3 11414 11468 11440 
3 11440 11468 11442 
3 11440 11442 11441 
3 11441 11442 11444 
3 11441 11444 11443 
3 11443 11444 11445 
3 11443 11445 11446 
3 11446 11445 11447 
3 11446 11447 11419 
3 11419 11447 11448 
3 11419 11448 11420 
3 11420 11448 11472 
3 11420 11472 11422 
3 11422 11472 11474 
3 11422 11474 11449 
3 11449 11474 11450 
3 11449 11450 11424 
3 11424 11450 11451 
3 11424 11451 11425 
3 11425 11451 11453 
3 11425 11453 11452 
3 11452 11453 11475 
3 11452 11475 11426 
3 11426 11475 11454 
3 11426 11454 11427 
3 11427 11454 11476 
3 11427 11476 11455 
3 11455 11476 11192 
3 11455 11192 11456 
3 11456 11192 11457 
3 10679 11458 11145 
3 11145 11458 11264 
3 11145 11264 11430 
3 11430 11264 11459 
3 11430 11459 11460 
3 11460 11459 11262 
3 11460 11262 11461 
3 11461 11262 11257 
3 11461 11257 11433 
3 11433 11257 11258 
3 11433 11258 11434 
3 11434 11258 11462 
3 11434 11462 11463 
3 11463 11462 11249 
3 11463 11249 11436 
3 11436 11249 11464 
3 11436 11464 11466 
3 11466 11464 11465 
3 11466 11465 11438 
3 11438 11465 11245 
3 11438 11245 11467 
3 11467 11245 11242 
3 11467 11242 11468 
3 11468 11242 11469 
3 11468 11469 11442 
3 11442 11469 11236 
3 11442 11236 11444 
3 11444 11236 11230 
3 11444 11230 11445 
3 11445 11230 11226 
3 11445 11226 11447 
3 11447 11226 11470 
3 11447 11470 11448 
3 11448 11470 11471 
3 11448 11471 11472 
3 11472 11471 11473 
3 11472 11473 11474 
3 11474 11473 11220 
3 11474 11220 11450 
3 11450 11220 11213 
3 11450 11213 11451 
3 11451 11213 11209 
3 11451 11209 11453 
3 11453 11209 11206 
3 11453 11206 11475 
3 11475 11206 11203 
3 11475 11203 11454 
3 11454 11203 11204 
3 11454 11204 11476 
3 11476 11204 11477 
3 11476 11477 11192 
3 11192 11477 11194 
3 11192 11194 10276 
3 10276 11194 11478 
3 7698 7699 6669 
3 7698 6669 7696 
3 11479 7693 10978 
3 10978 7693 7695 
3 10978 7695 6669 
3 6669 7695 11480 
3 6669 11480 7696 
3 7699 11481 6669 
3 6669 11481 11482 
3 6669 11482 6070 
3 11483 11201 11550 
3 11545 11555 11546 
3 11572 11532 11533 
3 11005 11567 11566 
3 10978 11571 10975 
3 10975 11571 11484 
3 10975 11484 10974 
3 10974 11484 11485 
3 11485 11484 11569 
3 11485 11569 10986 
3 10986 11569 11486 
3 10986 11486 10983 
3 11567 11005 11486 
3 11486 11005 10982 
3 11486 10982 10983 
3 11487 11012 11566 
3 11566 11012 11004 
3 11566 11004 11005 
3 11488 11027 11487 
3 11487 11027 11011 
3 11487 11011 11012 
3 11563 11023 11488 
3 11488 11023 11025 
3 11488 11025 11027 
3 11490 11046 11489 
3 11489 11046 11033 
3 11489 11033 11036 
3 11489 11560 11490 
3 11490 11560 11578 
3 11490 11578 11491 
3 11491 11578 11040 
3 11493 11054 11053 
3 11530 11595 11492 
3 11492 11595 11055 
3 11492 11055 11493 
3 11493 11055 11494 
3 11493 11494 11054 
3 11495 11594 11058 
3 11058 11594 11496 
3 11058 11496 11059 
3 11059 11496 11497 
3 11497 11496 11498 
3 11497 11498 11061 
3 11061 11498 11592 
3 11061 11592 11499 
3 11499 11592 11500 
3 11499 11500 11501 
3 11501 11500 11502 
3 11501 11502 11062 
3 11062 11502 11504 
3 11062 11504 11503 
3 11503 11504 11590 
3 11503 11590 11505 
3 11505 11590 11506 
3 11505 11506 11063 
3 11063 11506 11511 
3 11063 11511 11507 
3 11067 11508 11509 
3 11509 11508 11510 
3 11509 11510 11511 
3 11511 11510 11065 
3 11511 11065 11507 
3 11587 11586 11067 
3 11517 11512 10935 
3 10935 11512 11513 
3 10935 11513 11514 
3 11237 11588 11238 
3 11238 11588 11589 
3 11238 11589 11518 
3 11237 11241 11588 
3 11588 11241 11515 
3 11588 11515 11587 
3 11587 11515 11516 
3 11587 11516 11517 
3 11517 11516 11240 
3 11517 11240 11512 
3 11519 11235 11518 
3 11518 11235 11239 
3 11518 11239 11238 
3 11232 11520 11519 
3 11519 11520 11521 
3 11519 11521 11235 
3 11234 11233 11522 
3 11522 11233 11232 
3 11522 11232 11591 
3 11591 11232 11519 
3 11234 11522 11523 
3 11523 11522 11593 
3 11523 11593 11524 
3 11524 11593 11526 
3 11524 11526 11525 
3 11525 11526 11528 
3 11528 11526 11527 
3 11528 11527 11231 
3 11231 11527 11529 
3 11231 11529 11225 
3 11225 11529 11227 
3 11227 11529 11530 
3 11227 11530 11582 
3 11580 11531 11581 
3 11581 11531 11229 
3 11581 11229 11228 
3 11532 11224 11533 
3 11533 11224 11534 
3 11533 11534 11536 
3 11536 11534 11535 
3 11536 11535 11580 
3 11580 11535 11223 
3 11580 11223 11531 
3 11575 11537 11576 
3 11576 11537 11222 
3 11576 11222 11538 
3 11538 11222 11221 
3 11218 11574 11560 
3 11214 11219 11559 
3 11214 11559 11215 
3 11562 11539 11212 
3 11212 11217 11557 
3 11557 11217 11216 
3 11557 11216 11540 
3 11540 11216 11541 
3 11540 11541 11215 
3 11542 11544 11562 
3 11562 11544 11543 
3 11562 11543 11539 
3 11554 11210 11542 
3 11542 11210 11208 
3 11542 11208 11544 
3 11545 11546 11547 
3 11547 11546 11549 
3 11547 11549 11207 
3 11199 11205 11568 
3 11568 11205 11548 
3 11568 11548 11549 
3 11549 11548 11202 
3 11549 11202 11207 
3 11550 11201 11568 
3 11568 11201 11200 
3 11568 11200 11199 
3 11483 11550 11196 
3 11196 11550 11570 
3 11196 11570 11197 
3 11552 11195 11570 
3 11570 11195 11198 
3 11570 11198 11197 
3 11551 11193 11552 
3 11552 11193 11553 
3 11552 11553 11195 
3 8254 8261 11552 
3 11552 8261 8263 
3 11552 8263 11551 
3 11562 11564 11542 
3 11542 11564 11565 
3 11542 11565 11554 
3 11554 11565 11546 
3 11554 11546 11211 
3 11211 11546 11555 
3 11215 11559 11540 
3 11540 11559 11556 
3 11540 11556 11557 
3 11557 11556 11558 
3 11557 11558 11563 
3 11219 11218 11559 
3 11559 11218 11560 
3 11559 11560 11556 
3 11556 11560 11489 
3 11556 11489 11558 
3 11558 11489 11036 
3 11558 11036 11563 
3 11563 11036 11561 
3 11563 11561 11023 
3 11212 11557 11562 
3 11562 11557 11563 
3 11562 11563 11564 
3 11564 11563 11488 
3 11564 11488 11565 
3 11565 11488 11487 
3 11565 11487 11546 
3 11546 11487 11566 
3 11546 11566 11549 
3 11549 11566 11567 
3 11549 11567 11568 
3 11568 11567 11486 
3 11568 11486 11550 
3 11550 11486 11569 
3 11550 11569 11570 
3 11570 11569 11484 
3 11570 11484 11552 
3 11552 11484 11571 
3 11552 11571 8254 
3 8254 11571 10978 
3 8254 10978 6669 
3 11221 11572 11538 
3 11538 11572 11533 
3 11538 11533 11573 
3 11573 11533 11536 
3 11574 11575 11560 
3 11560 11575 11576 
3 11560 11576 11578 
3 11578 11576 11538 
3 11578 11538 11577 
3 11577 11538 11573 
3 11040 11578 11579 
3 11579 11578 11577 
3 11579 11577 11052 
3 11052 11577 11573 
3 11052 11573 11053 
3 11053 11573 11536 
3 11053 11536 11493 
3 11493 11536 11580 
3 11493 11580 11492 
3 11492 11580 11581 
3 11492 11581 11530 
3 11530 11581 11228 
3 11530 11228 11582 
3 10935 11583 11517 
3 11517 11583 11584 
3 11517 11584 11587 
3 11587 11584 11585 
3 11587 11585 11586 
3 11067 11509 11587 
3 11587 11509 11511 
3 11587 11511 11588 
3 11588 11511 11506 
3 11588 11506 11589 
3 11589 11506 11590 
3 11589 11590 11518 
3 11518 11590 11504 
3 11518 11504 11519 
3 11519 11504 11502 
3 11519 11502 11591 
3 11591 11502 11500 
3 11591 11500 11522 
3 11522 11500 11592 
3 11522 11592 11593 
3 11593 11592 11498 
3 11593 11498 11526 
3 11526 11498 11496 
3 11526 11496 11527 
3 11527 11496 11594 
3 11527 11594 11529 
3 11529 11594 11495 
3 11529 11495 11530 
3 11530 11495 11057 
3 11530 11057 11595 
