ply
format ascii 1.0
comment VCGLIB generated
element vertex 11940
property float x
property float y
property float z
property uchar red
property uchar green
property uchar blue
property uchar alpha
element face 23716
property list uchar int vertex_indices
end_header
0.0803775 0.287069 3.08759 190 190 190 255 
0.13573 0.351226 3.16463 190 190 190 255 
0.154481 0.367419 3.18408 190 190 190 255 
0.0549248 0.254 3.048 190 190 190 255 
-2.0743 0.889 3.81 190 190 190 255 
0.230389 0.431767 3.26137 190 190 190 255 
0.420176 0.550032 3.40316 190 190 190 255 
0.487183 0.587351 3.44794 190 190 190 255 
0.728503 0.709672 3.59471 190 190 190 255 
-2.3735 0.31112 18.1746 190 190 190 255 
0.620614 0.214666 18.126 190 190 190 255 
0.83483 -0.0850722 17.9751 190 190 190 255 
0.822252 -0.0655943 17.9849 190 190 190 255 
2.3735 0.31112 18.1746 190 190 190 255 
0.64249 0.187493 18.1123 190 190 190 255 
1.80417 0.889 4.50544 190 190 190 255 
1.96225 0.889 4.71183 190 190 190 255 
-0.39222 0.363514 18.2252 190 190 190 255 
2.37569 0.318021 18.1786 190 190 190 255 
0.514413 0.319338 18.1791 190 190 190 255 
2.37805 0.325465 18.183 190 190 190 255 
0.446246 0.351445 18.2069 190 190 190 255 
2.38092 0.363966 18.2249 190 190 190 255 
2.37954 0.369033 18.2342 190 190 190 255 
2.37583 0.374932 18.2492 190 190 190 255 
0.139334 0.380773 18.2804 190 190 190 255 
0.230989 0.377949 18.2643 190 190 190 255 
2.37012 0.379074 18.2661 190 190 190 255 
2.37003 0.379141 18.2663 190 190 190 255 
2.36205 0.380962 18.2849 190 190 190 255 
-2.36046 0.380886 18.288 190 190 190 255 
-0.223445 0.378324 18.2662 190 190 190 255 
-2.36994 0.378813 18.2661 190 190 190 255 
-2.37932 0.36953 18.2353 190 190 190 255 
-0.444675 0.351051 18.2072 190 190 190 255 
-0.42135 0.358182 18.2159 190 190 190 255 
-2.38223 0.351609 18.2068 190 190 190 255 
-2.38118 0.34007 18.1946 190 190 190 255 
-0.485242 0.335829 18.1915 190 190 190 255 
-2.37845 0.326957 18.184 190 190 190 255 
-0.504268 0.326216 18.1835 190 190 190 255 
-0.515346 0.318006 18.1787 190 190 190 255 
-2.37565 0.31799 18.1787 190 190 190 255 
-0.524638 0.31112 18.1746 190 190 190 255 
-2.35968 0.380988 18.2897 190 190 190 255 
2.35218 0.380034 18.3036 190 190 190 255 
-2.34915 0.379291 18.3088 190 190 190 255 
2.34822 0.378697 18.3098 190 190 190 255 
-2.33414 0.373362 18.3312 190 190 190 255 
-2.30107 0.351452 18.3691 190 190 190 255 
-2.31818 0.363984 18.3511 190 190 190 255 
2.30446 0.354249 18.366 190 190 190 255 
2.28331 0.336107 18.3849 190 190 190 255 
-2.27724 0.330284 18.3895 190 190 190 255 
-2.28329 0.335733 18.3845 190 190 190 255 
-2.29904 0.349935 18.3712 190 190 190 255 
-2.25907 0.31112 18.4014 190 190 190 255 
2.26139 0.31371 18.4001 190 190 190 255 
2.3062 0.414278 5.32627 190 190 190 255 
-2.33669 0.381 5.334 190 190 190 255 
-2.33365 0.441241 5.31645 190 190 190 255 
2.30215 0.441292 5.31691 190 190 190 255 
2.18276 0.775766 5.06958 190 190 190 255 
-2.29951 0.742071 5.11805 190 190 190 255 
2.24128 0.678842 5.18378 190 190 190 255 
2.25906 0.629466 5.22146 190 190 190 255 
-2.31273 0.66595 5.19507 190 190 190 255 
-2.31722 0.629372 5.22122 190 190 190 255 
2.27071 0.597111 5.24615 190 190 190 255 
-2.32352 0.578033 5.25793 190 190 190 255 
2.2822 0.549361 5.2717 190 190 190 255 
-2.32677 0.539287 5.27667 190 190 190 255 
2.2846 0.539383 5.27704 190 190 190 255 
2.03784 0.87915 4.82324 190 190 190 255 
2.06663 0.866681 4.86945 190 190 190 255 
2.07214 0.864294 4.8783 190 190 190 255 
-2.27091 0.841855 4.95194 190 190 190 255 
-2.23673 0.887635 4.75345 190 190 190 255 
-2.25324 0.8739 4.84949 190 190 190 255 
2.11436 0.152932 18.4811 190 190 190 255 
-2.21281 0.261711 18.4263 190 190 190 255 
2.21246 0.260169 18.4271 190 190 190 255 
2.25907 0.31112 18.4014 190 190 190 255 
2.31978 0.377737 5.3626 190 190 190 255 
2.31549 0.37996 5.34897 190 190 190 255 
-2.33825 0.380589 5.34421 190 190 190 255 
2.31461 0.380416 5.34617 190 190 190 255 
-2.33809 0.365549 5.39471 190 190 190 255 
2.32465 0.367282 5.39089 190 190 190 255 
-2.33847 0.367298 5.3909 190 190 190 255 
2.32146 0.375336 5.37045 190 190 190 255 
-2.33515 0.356223 5.40936 190 190 190 255 
2.32512 0.365288 5.39519 190 190 190 255 
2.32509 0.356113 5.40951 190 190 190 255 
2.32233 0.341175 5.42601 190 190 190 255 
-2.32922 0.341207 5.42604 190 190 190 255 
2.22817 -0.0980278 17.9667 190 190 190 255 
0.843259 -0.0969312 17.9676 190 190 190 255 
0.836496 -0.0876634 17.9736 190 190 190 255 
2.23137 -0.0876286 17.9736 190 190 190 255 
2.23222 -0.0850722 17.9751 190 190 190 255 
2.22632 -0.107123 17.9582 190 190 190 255 
0.852487 -0.106203 17.9594 190 190 190 255 
0.844377 -0.0980551 17.9666 190 190 190 255 
2.22578 -0.114728 17.9483 190 190 190 255 
2.22576 -0.115287 17.9475 190 190 190 255 
0.900787 -0.126551 17.9132 190 190 190 255 
2.23194 -0.126614 17.9132 190 190 190 255 
0.898593 -0.126541 17.9155 190 190 190 255 
2.23087 -0.126455 17.9165 190 190 190 255 
0.888494 -0.124284 17.9254 190 190 190 255 
0.881365 -0.12269 17.9324 190 190 190 255 
0.876359 -0.120354 17.9371 190 190 190 255 
2.22825 -0.124396 17.9269 190 190 190 255 
2.22652 -0.120677 17.9373 190 190 190 255 
2.2265 -0.12063 17.9375 190 190 190 255 
2.23635 -0.126558 17.9008 190 190 190 255 
2.24174 -0.1245 17.8885 190 190 190 255 
0.924677 -0.124515 17.8885 190 190 190 255 
2.24796 -0.12046 17.8767 190 190 190 255 
0.927823 -0.123857 17.8852 190 190 190 255 
0.939171 -0.118951 17.8729 190 190 190 255 
0.945593 -0.114618 17.8658 190 190 190 255 
2.25938 -0.110248 17.8593 190 190 190 255 
2.26227 -0.106994 17.8559 190 190 190 255 
0.949014 -0.112309 17.862 190 190 190 255 
0.954373 -0.107101 17.8559 190 190 190 255 
0.961787 -0.0980181 17.8474 190 190 190 255 
0.963454 -0.0957473 17.8454 190 190 190 255 
2.27 -0.0979045 17.8474 190 190 190 255 
0.956975 -0.104572 17.8529 190 190 190 255 
2.27667 -0.0893352 17.8413 190 190 190 255 
0.967681 -0.0876057 17.8405 190 190 190 255 
0.968996 -0.0850722 17.8389 190 190 190 255 
2.27973 -0.0850722 17.8389 190 190 190 255 
-1.76025 -0.0850722 18.7371 190 190 190 255 
1.76025 -0.0850722 18.7371 190 190 190 255 
1.75974 -0.0876428 18.7356 190 190 190 255 
1.75895 -0.0916569 18.7334 190 190 190 255 
1.75857 -0.0980375 18.7289 190 190 190 255 
-1.75885 -0.102126 18.7254 190 190 190 255 
-1.75868 -0.0979754 18.7288 190 190 190 255 
-1.7603 -0.108375 18.719 190 190 190 255 
1.76078 -0.10966 18.7174 190 190 190 255 
1.76769 -0.11942 18.7022 190 190 190 255 
1.76347 -0.114666 18.7106 190 190 190 255 
-1.76711 -0.118899 18.7032 190 190 190 255 
-1.76927 -0.120429 18.6996 190 190 190 255 
1.77683 -0.124494 18.6879 190 190 190 255 
-1.77686 -0.124462 18.6879 190 190 190 255 
1.78198 -0.12617 18.6807 190 190 190 255 
-1.78053 -0.125846 18.6826 190 190 190 255 
-1.78615 -0.126499 18.6757 190 190 190 255 
1.79681 -0.126503 18.6633 190 190 190 255 
-1.79074 -0.127032 18.67 190 190 190 255 
1.80847 -0.124806 18.651 190 190 190 255 
-1.80478 -0.125654 18.6547 190 190 190 255 
-1.80854 -0.124572 18.6511 190 190 190 255 
1.82108 -0.120699 18.6393 190 190 190 255 
1.825 -0.119391 18.6357 190 190 190 255 
-1.821 -0.120984 18.6392 190 190 190 255 
1.83402 -0.114801 18.6285 190 190 190 255 
-1.83404 -0.114809 18.6285 190 190 190 255 
1.84341 -0.11003 18.621 190 190 190 255 
-1.84016 -0.111912 18.6235 190 190 190 255 
-1.84704 -0.107438 18.6187 190 190 190 255 
1.84704 -0.107529 18.6186 190 190 190 255 
-1.85825 -0.10015 18.6109 190 190 190 255 
1.85995 -0.0986522 18.61 190 190 190 255 
-1.85994 -0.0987319 18.61 190 190 190 255 
-1.87231 -0.0883655 18.6031 190 190 190 255 
-1.87624 -0.0850722 18.6009 190 190 190 255 
1.87624 -0.0850722 18.6009 190 190 190 255 
-2.11753 -0.0850722 5.64694 190 190 190 255 
2.31206 0.31112 5.44743 190 190 190 255 
2.54048 0.2135 6.69541 190 190 190 255 
2.52642 0.282228 17.654 190 190 190 255 
-6.98551e-006 1.30243e-010 -0.635007 190 190 190 255 
-0.12702 9.47605e-010 -0.508003 190 190 190 255 
0 -0.105358 -0.626305 190 190 190 255 
-0.127027 -0.00797924 -0.507933 190 190 190 255 
0 -0.118763 -0.622879 190 190 190 255 
0 -0.207073 -0.600311 190 190 190 255 
0 -0.223963 -0.592886 190 190 190 255 
0 -0.303309 -0.558 190 190 190 255 
-0.127027 -0.253811 -0.439548 190 190 190 255 
-0.127027 -0.326322 -0.388851 190 190 190 255 
0 -0.411324 -0.481697 190 190 190 255 
-0.127027 -0.329917 -0.386283 190 190 190 255 
-0.127027 -0.391417 -0.323809 190 190 190 255 
0 -0.533124 -0.345204 190 190 190 255 
0 -0.549953 -0.313746 190 190 190 255 
0 -0.582364 -0.253158 190 190 190 255 
0 -0.616369 -0.153238 190 190 190 255 
0 -0.6329 -8.36763e-006 190 190 190 255 
0 -0.632683 0.0552619 190 190 190 255 
-0.127032 -0.500359 0.0873329 190 190 190 255 
0 -0.614752 0.159469 190 190 190 255 
0 -0.595509 0.214416 190 190 190 255 
-0.127032 -0.477821 0.17204 190 190 190 255 
-0.127032 -0.477364 0.173747 190 190 190 255 
-0.127032 -0.441061 0.251598 190 190 190 255 
-0.127032 -0.439941 0.254 190 190 190 255 
0 -0.529303 0.351046 190 190 190 255 
0 -0.464558 0.432927 190 190 190 255 
-0.127032 -0.32966 0.386027 190 190 190 255 
0 -0.411188 0.481527 190 190 190 255 
-0.127032 -0.326536 0.38915 190 190 190 255 
-0.127032 -0.258343 0.436899 190 190 190 255 
-0.127032 -0.254 0.439941 190 190 190 255 
0 -0.29815 0.560718 190 190 190 255 
-0.127032 -0.179353 0.474749 190 190 190 255 
-0.127032 -0.173746 0.477364 190 190 190 255 
0 -0.201792 0.602169 190 190 190 255 
0 -0.11869 0.622543 190 190 190 255 
0 -0.0988605 0.627404 190 190 190 255 
-0.127021 -0.00792471 0.50731 190 190 190 255 
-0.127019 0.00792359 0.50731 190 190 190 255 
-0.127011 0.0882133 0.500282 190 190 190 255 
0 0.118763 0.622879 190 190 190 255 
0 0.207073 0.600311 190 190 190 255 
-0.127011 0.173746 0.477364 190 190 190 255 
-0.127011 0.258342 0.4369 190 190 190 255 
-0.127011 0.326536 0.38915 190 190 190 255 
0 0.411324 0.481697 190 190 190 255 
-0.127011 0.329659 0.386028 190 190 190 255 
0 0.487858 0.403667 190 190 190 255 
-0.127011 0.439941 0.254 190 190 190 255 
0 0.549953 0.313746 190 190 190 255 
-0.127011 0.441061 0.251599 190 190 190 255 
0 0.582364 0.253158 190 190 190 255 
-0.127011 0.477364 0.173747 190 190 190 255 
-0.127011 0.477821 0.17204 190 190 190 255 
0 0.616369 0.153238 190 190 190 255 
-0.127011 0.500282 0.088213 190 190 190 255 
-0.127011 0.508006 1.42693e-008 190 190 190 255 
0 0.595509 -0.214416 190 190 190 255 
0 0.580187 -0.258167 190 190 190 255 
-0.127011 0.477238 -0.173688 190 190 190 255 
-0.127011 0.439767 -0.253879 190 190 190 255 
-0.127011 0.391429 -0.323818 190 190 190 255 
-0.127011 0.326331 -0.388864 190 190 190 255 
0 0.0988605 -0.627404 190 190 190 255 
-0.127011 0.0951918 -0.499013 190 190 190 255 
0 0.11869 -0.622543 190 190 190 255 
-0.127011 0.173614 -0.476896 190 190 190 255 
0 0.201792 -0.602169 190 190 190 255 
0 0.386668 -0.503857 190 190 190 255 
-2.13923 -0.0876043 5.78158 190 190 190 255 
2.18024 -0.0910979 5.77931 190 190 190 255 
-2.13505 -0.0936812 5.77803 190 190 190 255 
2.16668 -0.107023 5.76636 190 190 190 255 
-2.13203 -0.0978666 5.77469 190 190 190 255 
-2.1282 -0.103157 5.77047 190 190 190 255 
-2.12528 -0.106909 5.76625 190 190 190 255 
-2.12155 -0.11169 5.76086 190 190 190 255 
2.15912 -0.11446 5.75642 190 190 190 255 
2.16613 -0.107643 5.76579 190 190 190 255 
-2.11916 -0.114471 5.75644 190 190 190 255 
2.15214 -0.120399 5.74558 190 190 190 255 
2.15699 -0.11653 5.75358 190 190 190 255 
-2.1094 -0.124513 5.73392 190 190 190 255 
2.146 -0.124434 5.73389 190 190 190 255 
2.15011 -0.122023 5.74223 190 190 190 255 
2.14422 -0.125482 5.73026 190 190 190 255 
-2.10389 -0.126673 5.70931 190 190 190 255 
-2.1055 -0.126892 5.71937 190 190 190 255 
-2.10606 -0.126619 5.7217 190 190 190 255 
2.14087 -0.126468 5.72168 190 190 190 255 
-2.1037 -0.126647 5.70812 190 190 190 255 
-2.10287 -0.124997 5.69769 190 190 190 255 
-2.10295 -0.121906 5.68761 190 190 190 255 
2.13234 -0.120912 5.68531 190 190 190 255 
2.13205 -0.116994 5.6773 190 190 190 255 
-2.10591 -0.11131 5.66877 190 190 190 255 
2.13346 -0.107614 5.66451 190 190 190 255 
2.13433 -0.103788 5.6602 190 190 190 255 
-2.10738 -0.107567 5.66453 190 190 190 255 
2.13596 -0.0987202 5.6559 190 190 190 255 
-2.1111 -0.0986818 5.65593 190 190 190 255 
2.13698 -0.0955148 5.65317 190 190 190 255 
2.13974 -0.0885506 5.64881 190 190 190 255 
-2.11264 -0.0951977 5.65303 190 190 190 255 
-2.1159 -0.0884541 5.64898 190 190 190 255 
2.14015 -0.0875127 5.64817 190 190 190 255 
2.31782 -0.12404 6.49822 190 190 190 255 
0.934969 -0.120603 6.50656 190 190 190 255 
2.32093 -0.120882 6.5067 190 190 190 255 
0.961273 -0.0987149 6.53604 190 190 190 255 
2.34511 -0.0884368 6.54301 190 190 190 255 
2.33257 -0.106524 6.52905 190 190 190 255 
2.33816 -0.0986718 6.53609 190 190 190 255 
2.32591 -0.115105 6.51765 190 190 190 255 
2.32666 -0.114209 6.51925 190 190 190 255 
0.941205 -0.117782 6.51334 190 190 190 255 
0.91249 -0.126761 6.48268 190 190 190 255 
2.31256 -0.126978 6.47475 190 190 190 255 
2.314 -0.126592 6.48269 190 190 190 255 
2.31471 -0.126399 6.48666 190 190 190 255 
0.924091 -0.12458 6.49487 190 190 190 255 
2.31212 -0.126567 6.47031 190 190 190 255 
0.900312 -0.126277 6.47034 190 190 190 255 
0.894634 -0.12601 6.46459 190 190 190 255 
2.31144 -0.124498 6.4581 190 190 190 255 
0.888113 -0.12425 6.45824 190 190 190 255 
2.31137 -0.123516 6.454 190 190 190 255 
0.864321 -0.114533 6.43551 190 190 190 255 
0.876013 -0.1204 6.44652 190 190 190 255 
2.31639 -0.107249 6.42569 190 190 190 255 
2.31377 -0.114237 6.43481 190 190 190 255 
2.31366 -0.114605 6.43546 190 190 190 255 
2.31212 -0.119634 6.44428 190 190 190 255 
0.862681 -0.11371 6.43397 190 190 190 255 
2.31645 -0.107111 6.42555 190 190 190 255 
2.31996 -0.098953 6.41773 190 190 190 255 
2.3204 -0.0980296 6.4171 190 190 190 255 
0.853698 -0.106995 6.42575 190 190 190 255 
0.851555 -0.105393 6.42379 190 190 190 255 
2.32425 -0.0898722 6.41148 190 190 190 255 
2.32535 -0.08767 6.41031 190 190 190 255 
0.83483 -0.0850722 6.40894 190 190 190 255 
2.32665 -0.0850722 6.40894 190 190 190 255 
2.59144 0.31112 6.97143 190 190 190 255 
1.20715 0.31112 6.97143 190 190 190 255 
2.59318 0.314443 6.9697 190 190 190 255 
1.20577 0.31794 6.96724 190 190 190 255 
2.59504 0.318007 6.96737 190 190 190 255 
2.60232 0.331989 6.95823 190 190 190 255 
1.20347 0.32928 6.96028 190 190 190 255 
1.2015 0.335849 6.95457 190 190 190 255 
1.19878 0.344903 6.94669 190 190 190 255 
2.61897 0.363869 6.92099 190 190 190 255 
2.62379 0.373125 6.90108 190 190 190 255 
2.60435 0.335862 6.76141 190 190 190 255 
2.6098 0.346317 6.77078 190 190 190 255 
1.13434 0.363914 6.79496 190 190 190 255 
2.61644 0.359024 6.78659 190 190 190 255 
1.14208 0.371789 6.81052 190 190 190 255 
2.61897 0.363877 6.795 190 190 190 255 
2.62131 0.368373 6.80279 190 190 190 255 
2.62513 0.375704 6.82171 190 190 190 255 
2.62678 0.378848 6.83612 190 190 190 255 
1.16187 0.38091 6.85321 190 190 190 255 
1.16392 0.380679 6.85798 190 190 190 255 
1.17122 0.379859 6.87498 190 190 190 255 
2.62719 0.379632 6.87659 190 190 190 255 
2.6268 0.378891 6.87988 190 190 190 255 
1.17915 0.375674 6.89439 190 190 190 255 
1.18176 0.373068 6.90106 190 190 190 255 
2.62501 0.375478 6.89504 190 190 190 255 
1.18675 0.36809 6.91379 190 190 190 255 
1.18702 0.367667 6.91451 190 190 190 255 
1.10974 0.318158 6.7484 190 190 190 255 
2.59498 0.31791 6.7488 190 190 190 255 
1.10758 0.31112 6.74457 190 190 190 255 
2.59144 0.31112 6.74457 190 190 190 255 
2.59318 0.314443 16.1137 190 190 190 255 
1.27 0.31816 16.1116 190 190 190 255 
2.60232 0.331989 16.1022 190 190 190 255 
2.60436 0.335887 16.0986 190 190 190 255 
1.27 0.33612 16.0989 190 190 190 255 
1.27 0.351614 16.0832 190 190 190 255 
2.61646 0.359062 16.0734 190 190 190 255 
2.61897 0.363869 16.065 190 190 190 255 
2.62138 0.368501 16.0569 190 190 190 255 
2.62379 0.373125 16.0451 190 190 190 255 
1.27 0.373428 16.0452 190 190 190 255 
2.6268 0.378891 16.0239 190 190 190 255 
2.62719 0.379632 16.0206 190 190 190 255 
1.27 0.379093 15.9801 190 190 190 255 
2.62513 0.375704 15.9657 190 190 190 255 
2.62377 0.37308 15.9589 190 190 190 255 
1.27 0.373428 15.9588 190 190 190 255 
1.27 0.364175 15.9388 190 190 190 255 
1.27 0.351614 15.9208 190 190 190 255 
2.6098 0.346317 15.9148 190 190 190 255 
2.59144 0.31112 15.3534 190 190 190 255 
1.27 0.31816 15.3496 190 190 190 255 
2.59504 0.318007 15.3494 190 190 190 255 
2.60232 0.331989 15.3402 190 190 190 255 
1.27 0.33612 15.3369 190 190 190 255 
2.60436 0.335887 15.3366 190 190 190 255 
2.61646 0.359062 15.3114 190 190 190 255 
1.27 0.364175 15.3032 190 190 190 255 
2.61897 0.363869 15.303 190 190 190 255 
2.62138 0.368501 15.2949 190 190 190 255 
2.6268 0.378891 15.2619 190 190 190 255 
1.27 0.379093 15.2619 190 190 190 255 
2.62726 0.379764 15.2223 190 190 190 255 
1.27 0.381 15.24 190 190 190 255 
2.62513 0.375704 15.2037 190 190 190 255 
1.27 0.373428 15.1968 190 190 190 255 
2.62131 0.368373 15.1848 190 190 190 255 
1.27 0.364175 15.1768 190 190 190 255 
2.61644 0.359024 15.1686 190 190 190 255 
2.61241 0.351312 15.159 190 190 190 255 
2.6098 0.346317 15.1528 190 190 190 255 
1.27 0.33612 15.1431 190 190 190 255 
2.60435 0.335862 15.1434 190 190 190 255 
2.59498 0.31791 15.1308 190 190 190 255 
2.59144 0.31112 15.1266 190 190 190 255 
2.60232 0.331989 14.5782 190 190 190 255 
2.60436 0.335887 14.5746 190 190 190 255 
2.61064 0.347938 14.5635 190 190 190 255 
1.27 0.351614 14.5592 190 190 190 255 
2.61646 0.359062 14.5494 190 190 190 255 
1.27 0.364175 14.5412 190 190 190 255 
2.62138 0.368501 14.5329 190 190 190 255 
2.62501 0.375478 14.515 190 190 190 255 
2.6268 0.378891 14.4999 190 190 190 255 
1.27 0.379093 14.4561 190 190 190 255 
2.62678 0.378848 14.4561 190 190 190 255 
2.62513 0.375704 14.4417 190 190 190 255 
1.27 0.373428 14.4348 190 190 190 255 
2.62377 0.37308 14.4349 190 190 190 255 
2.61897 0.363877 14.415 190 190 190 255 
1.27 0.364175 14.4148 190 190 190 255 
2.6098 0.346317 14.3908 190 190 190 255 
1.27 0.33612 14.3811 190 190 190 255 
2.59498 0.31791 14.3688 190 190 190 255 
1.27 0.31112 14.3646 190 190 190 255 
2.59504 0.318007 13.8254 190 190 190 255 
1.27 0.33612 13.8129 190 190 190 255 
2.60436 0.335887 13.8126 190 190 190 255 
2.61245 0.3514 13.7971 190 190 190 255 
2.61646 0.359062 13.7874 190 190 190 255 
2.61897 0.363869 13.779 190 190 190 255 
2.62138 0.368501 13.7709 190 190 190 255 
1.27 0.373428 13.7592 190 190 190 255 
2.62719 0.379632 13.7346 190 190 190 255 
1.27 0.381 13.716 190 190 190 255 
1.27 0.379093 13.6941 190 190 190 255 
2.62377 0.37308 13.6729 190 190 190 255 
2.62131 0.368373 13.6608 190 190 190 255 
1.27 0.364175 13.6528 190 190 190 255 
2.61897 0.363877 13.653 190 190 190 255 
2.61644 0.359024 13.6446 190 190 190 255 
1.27 0.351614 13.6348 190 190 190 255 
2.61241 0.351312 13.635 190 190 190 255 
1.27 0.33612 13.6191 190 190 190 255 
1.27 0.31112 13.6026 190 190 190 255 
2.59504 0.318007 13.0634 190 190 190 255 
2.60232 0.331989 13.0542 190 190 190 255 
2.61064 0.347938 13.0395 190 190 190 255 
1.27 0.351614 13.0352 190 190 190 255 
1.27 0.373428 12.9972 190 190 190 255 
2.62501 0.375478 12.991 190 190 190 255 
1.27 0.379093 12.9759 190 190 190 255 
2.62719 0.379632 12.9726 190 190 190 255 
1.27 0.381 12.954 190 190 190 255 
1.27 0.379093 12.9321 190 190 190 255 
1.27 0.373428 12.9108 190 190 190 255 
2.62377 0.37308 12.9109 190 190 190 255 
2.62131 0.368373 12.8988 190 190 190 255 
1.27 0.364175 12.8908 190 190 190 255 
2.61644 0.359024 12.8826 190 190 190 255 
2.61241 0.351312 12.873 190 190 190 255 
2.6098 0.346317 12.8668 190 190 190 255 
2.60435 0.335862 12.8574 190 190 190 255 
1.27 0.33612 12.8571 190 190 190 255 
2.60163 0.330649 12.8527 190 190 190 255 
1.27 0.31816 12.8444 190 190 190 255 
1.27 0.31112 12.8406 190 190 190 255 
2.59318 0.314443 12.3037 190 190 190 255 
1.27 0.31816 12.3016 190 190 190 255 
2.59504 0.318007 12.3014 190 190 190 255 
2.60436 0.335887 12.2886 190 190 190 255 
2.61064 0.347938 12.2775 190 190 190 255 
1.27 0.364175 12.2552 190 190 190 255 
2.62138 0.368501 12.2469 190 190 190 255 
2.62379 0.373125 12.2351 190 190 190 255 
1.27 0.379093 12.2139 190 190 190 255 
1.27 0.381 12.192 190 190 190 255 
2.62678 0.378848 12.1701 190 190 190 255 
1.27 0.379093 12.1701 190 190 190 255 
2.62377 0.37308 12.1489 190 190 190 255 
2.61644 0.359024 12.1206 190 190 190 255 
2.61241 0.351312 12.111 190 190 190 255 
2.59498 0.31791 12.0828 190 190 190 255 
1.27 0.31816 12.0824 190 190 190 255 
2.59318 0.314443 11.5417 190 190 190 255 
1.27 0.31112 11.5434 190 190 190 255 
1.27 0.31816 11.5396 190 190 190 255 
1.27 0.33612 11.5269 190 190 190 255 
2.61064 0.347938 11.5155 190 190 190 255 
2.61245 0.3514 11.5111 190 190 190 255 
1.27 0.351614 11.5112 190 190 190 255 
1.27 0.364175 11.4932 190 190 190 255 
2.62501 0.375478 11.467 190 190 190 255 
1.27 0.379093 11.4519 190 190 190 255 
2.6268 0.378891 11.4519 190 190 190 255 
2.62719 0.379632 11.4486 190 190 190 255 
2.62792 0.381 11.43 190 190 190 255 
1.27 0.373428 11.3868 190 190 190 255 
2.61897 0.363877 11.367 190 190 190 255 
1.27 0.364175 11.3668 190 190 190 255 
2.61644 0.359024 11.3586 190 190 190 255 
1.27 0.31816 11.3204 190 190 190 255 
2.59498 0.31791 11.3208 190 190 190 255 
1.27 0.31112 11.3166 190 190 190 255 
1.27 0.31816 10.7776 190 190 190 255 
2.59504 0.318007 10.7774 190 190 190 255 
2.60232 0.331989 10.7682 190 190 190 255 
2.61245 0.3514 10.7491 190 190 190 255 
2.61646 0.359062 10.7394 190 190 190 255 
2.62138 0.368501 10.7229 190 190 190 255 
2.62379 0.373125 10.7111 190 190 190 255 
1.27 0.373428 10.7112 190 190 190 255 
2.62501 0.375478 10.705 190 190 190 255 
1.27 0.379093 10.6899 190 190 190 255 
2.6268 0.378891 10.6899 190 190 190 255 
2.62792 0.381 10.668 190 190 190 255 
1.27 0.381 10.668 190 190 190 255 
2.62726 0.379764 10.6503 190 190 190 255 
1.27 0.379093 10.6461 190 190 190 255 
2.62678 0.378848 10.6461 190 190 190 255 
2.62131 0.368373 10.6128 190 190 190 255 
1.27 0.373428 10.6248 190 190 190 255 
1.27 0.364175 10.6048 190 190 190 255 
2.61644 0.359024 10.5966 190 190 190 255 
2.61241 0.351312 10.587 190 190 190 255 
1.27 0.351614 10.5868 190 190 190 255 
2.6098 0.346317 10.5808 190 190 190 255 
2.60435 0.335862 10.5714 190 190 190 255 
2.60163 0.330649 10.5667 190 190 190 255 
1.27 0.31816 10.5584 190 190 190 255 
2.59498 0.31791 10.5588 190 190 190 255 
2.59318 0.314443 10.0177 190 190 190 255 
2.59504 0.318007 10.0154 190 190 190 255 
2.60232 0.331989 10.0062 190 190 190 255 
1.27 0.31816 10.0156 190 190 190 255 
2.60436 0.335887 10.0026 190 190 190 255 
1.27 0.33612 10.0029 190 190 190 255 
1.27 0.351614 9.98724 190 190 190 255 
2.61646 0.359062 9.97735 190 190 190 255 
2.61897 0.363869 9.96899 190 190 190 255 
2.62138 0.368501 9.96094 190 190 190 255 
1.27 0.364175 9.96917 190 190 190 255 
2.62379 0.373125 9.94908 190 190 190 255 
2.62501 0.375478 9.94304 190 190 190 255 
2.62719 0.379632 9.92459 190 190 190 255 
1.27 0.381 9.906 190 190 190 255 
2.62792 0.381 9.906 190 190 190 255 
2.62726 0.379764 9.88833 190 190 190 255 
2.62678 0.378848 9.88413 190 190 190 255 
1.27 0.379093 9.88407 190 190 190 255 
2.61241 0.351312 9.825 190 190 190 255 
1.27 0.351614 9.82476 190 190 190 255 
2.59498 0.31791 9.7968 190 190 190 255 
1.27 0.31112 9.25743 190 190 190 255 
2.59318 0.314443 9.2557 190 190 190 255 
2.60232 0.331989 9.24423 190 190 190 255 
2.61064 0.347938 9.22947 190 190 190 255 
2.61245 0.3514 9.22507 190 190 190 255 
2.61646 0.359062 9.21535 190 190 190 255 
1.27 0.351614 9.22524 190 190 190 255 
1.27 0.364175 9.20717 190 190 190 255 
2.61897 0.363869 9.20699 190 190 190 255 
2.62138 0.368501 9.19894 190 190 190 255 
1.27 0.373428 9.1872 190 190 190 255 
2.62379 0.373125 9.18708 190 190 190 255 
2.6268 0.378891 9.16588 190 190 190 255 
2.62719 0.379632 9.16259 190 190 190 255 
2.62792 0.381 9.144 190 190 190 255 
2.62678 0.378848 9.12212 190 190 190 255 
1.27 0.379093 9.12207 190 190 190 255 
1.27 0.373428 9.1008 190 190 190 255 
2.62131 0.368373 9.08879 190 190 190 255 
2.61897 0.363877 9.081 190 190 190 255 
1.27 0.364175 9.08083 190 190 190 255 
1.27 0.351614 9.06276 190 190 190 255 
2.61241 0.351312 9.063 190 190 190 255 
2.6098 0.346317 9.05679 190 190 190 255 
1.27 0.33612 9.04712 190 190 190 255 
2.59498 0.31791 9.0348 190 190 190 255 
2.59144 0.31112 9.03057 190 190 190 255 
2.59144 0.31112 7.73343 190 190 190 255 
1.27 0.31816 7.7296 190 190 190 255 
2.60232 0.331989 7.72023 190 190 190 255 
2.60436 0.335887 7.71663 190 190 190 255 
1.27 0.33612 7.71688 190 190 190 255 
2.61064 0.347938 7.70547 190 190 190 255 
1.27 0.351614 7.70124 190 190 190 255 
2.61646 0.359062 7.69135 190 190 190 255 
2.61897 0.363869 7.68299 190 190 190 255 
1.27 0.373428 7.6632 190 190 190 255 
2.62138 0.368501 7.67494 190 190 190 255 
2.62501 0.375478 7.65704 190 190 190 255 
1.27 0.379093 7.64193 190 190 190 255 
1.27 0.381 7.62 190 190 190 255 
2.62792 0.381 7.62 190 190 190 255 
2.62726 0.379764 7.60233 190 190 190 255 
1.27 0.379093 7.59807 190 190 190 255 
2.62513 0.375704 7.58371 190 190 190 255 
2.62131 0.368373 7.56479 190 190 190 255 
2.61897 0.363877 7.557 190 190 190 255 
1.27 0.364175 7.55683 190 190 190 255 
2.61644 0.359024 7.54859 190 190 190 255 
2.6098 0.346317 7.53278 190 190 190 255 
2.60435 0.335862 7.52341 190 190 190 255 
1.27 0.33612 7.52312 190 190 190 255 
2.59498 0.31791 7.5108 190 190 190 255 
2.59144 0.31112 7.50657 190 190 190 255 
1.27 0.31112 8.49543 190 190 190 255 
2.59318 0.314443 8.49369 190 190 190 255 
1.27 0.31816 8.4916 190 190 190 255 
2.60232 0.331989 8.48223 190 190 190 255 
1.27 0.33612 8.47888 190 190 190 255 
2.60436 0.335887 8.47863 190 190 190 255 
2.61064 0.347938 8.46747 190 190 190 255 
1.27 0.351614 8.46324 190 190 190 255 
2.61245 0.3514 8.46307 190 190 190 255 
2.61897 0.363869 8.44499 190 190 190 255 
2.62138 0.368501 8.43694 190 190 190 255 
1.27 0.373428 8.4252 190 190 190 255 
2.62501 0.375478 8.41904 190 190 190 255 
1.27 0.379093 8.40393 190 190 190 255 
2.62726 0.379764 8.36433 190 190 190 255 
2.62678 0.378848 8.36013 190 190 190 255 
2.62513 0.375704 8.34571 190 190 190 255 
2.62131 0.368373 8.32679 190 190 190 255 
1.27 0.373428 8.3388 190 190 190 255 
1.27 0.364175 8.31883 190 190 190 255 
1.27 0.351614 8.30076 190 190 190 255 
1.27 0.33612 8.28512 190 190 190 255 
2.60163 0.330649 8.28074 190 190 190 255 
2.59498 0.31791 8.2728 190 190 190 255 
1.27 0.31112 8.26857 190 190 190 255 
1.20715 0.31112 17.4126 190 190 190 255 
1.20581 0.318003 17.4166 190 190 190 255 
2.60046 0.357662 17.4526 190 190 190 255 
2.59808 0.351326 17.445 190 190 190 255 
1.19866 0.345242 17.4377 190 190 190 255 
2.59186 0.335865 17.4294 190 190 190 255 
1.20334 0.32978 17.4241 190 190 190 255 
2.58392 0.317925 17.4168 190 190 190 255 
2.58082 0.31112 17.4126 190 190 190 255 
2.6033 0.366786 17.4676 190 190 190 255 
2.60242 0.363953 17.463 190 190 190 255 
1.19317 0.357926 17.453 190 190 190 255 
1.1953 0.353009 17.4471 190 190 190 255 
2.60474 0.37369 17.4835 190 190 190 255 
2.60468 0.373381 17.4828 190 190 190 255 
1.18176 0.373037 17.4829 190 190 190 255 
2.60478 0.37854 17.5011 190 190 190 255 
1.17843 0.376196 17.4914 190 190 190 255 
2.60454 0.378915 17.5041 190 190 190 255 
1.17319 0.378667 17.5042 190 190 190 255 
1.15955 0.380606 17.536 190 190 190 255 
2.59764 0.378812 17.5479 190 190 190 255 
2.5961 0.377842 17.5541 190 190 190 255 
2.59106 0.373184 17.5691 190 190 190 255 
1.15044 0.377423 17.5559 190 190 190 255 
1.14043 0.370363 17.5769 190 190 190 255 
1.13439 0.363724 17.5889 190 190 190 255 
2.58267 0.363995 17.5891 190 190 190 255 
2.58155 0.362727 17.5916 190 190 190 255 
1.12088 0.344405 17.6152 190 190 190 255 
2.54485 0.31112 17.6394 190 190 190 255 
2.54648 0.31369 17.6381 190 190 190 255 
1.10758 0.31112 17.6394 190 190 190 255 
1.10989 0.317979 17.6353 190 190 190 255 
2.54931 0.31797 17.6353 190 190 190 255 
2.59144 0.31112 16.8774 190 190 190 255 
1.27 0.31112 16.8774 190 190 190 255 
1.27 0.31816 16.8736 190 190 190 255 
1.27 0.33612 16.8609 190 190 190 255 
2.61064 0.347938 16.8495 190 190 190 255 
1.27 0.351614 16.8452 190 190 190 255 
2.61245 0.3514 16.8451 190 190 190 255 
2.61646 0.359062 16.8354 190 190 190 255 
2.62501 0.375478 16.801 190 190 190 255 
2.6268 0.378891 16.7859 190 190 190 255 
1.27 0.379093 16.7421 190 190 190 255 
2.62513 0.375704 16.7277 190 190 190 255 
2.62377 0.37308 16.7209 190 190 190 255 
1.27 0.373428 16.7208 190 190 190 255 
2.62131 0.368373 16.7088 190 190 190 255 
2.61897 0.363877 16.701 190 190 190 255 
2.61644 0.359024 16.6926 190 190 190 255 
2.61241 0.351312 16.683 190 190 190 255 
1.27 0.351614 16.6828 190 190 190 255 
2.6098 0.346317 16.6768 190 190 190 255 
2.60435 0.335862 16.6674 190 190 190 255 
1.27 0.33612 16.6671 190 190 190 255 
2.60163 0.330649 16.6627 190 190 190 255 
1.27 0.31112 16.6506 190 190 190 255 
-1.8561 0.31112 18.9366 190 190 190 255 
1.8561 0.31112 18.9366 190 190 190 255 
-1.85755 0.317729 18.9401 190 190 190 255 
-1.85856 0.328394 18.9471 190 190 190 255 
1.85864 0.332017 18.9498 190 190 190 255 
-1.858 0.336028 18.9532 190 190 190 255 
-1.85778 0.338988 18.9556 190 190 190 255 
-1.85532 0.348313 18.9649 190 190 190 255 
-1.85375 0.351483 18.9689 190 190 190 255 
-1.85112 0.356813 18.9754 190 190 190 255 
1.84493 0.364004 18.9869 190 190 190 255 
-1.84474 0.364572 18.9875 190 190 190 255 
-1.83544 0.37147 19.0017 190 190 190 255 
1.84235 0.36671 18.9915 190 190 190 255 
1.83165 0.373414 19.0068 190 190 190 255 
1.81715 0.378371 19.0243 190 190 190 255 
1.81347 0.378834 19.0281 190 190 190 255 
1.79691 0.38091 19.0452 190 190 190 255 
1.79155 0.380652 19.05 190 190 190 255 
1.77075 0.37965 19.0685 190 190 190 255 
1.76624 0.378727 19.0718 190 190 190 255 
-1.74009 0.373917 19.0918 190 190 190 255 
-1.77492 0.380112 19.065 190 190 190 255 
-1.73807 0.373275 19.0931 190 190 190 255 
1.73781 0.372914 19.093 190 190 190 255 
-1.70758 0.363582 19.1129 190 190 190 255 
-1.67637 0.350679 19.1304 190 190 190 255 
1.67641 0.351136 19.1308 190 190 190 255 
1.64491 0.335319 19.146 190 190 190 255 
1.62928 0.327468 19.1536 190 190 190 255 
1.60289 0.31112 19.1634 190 190 190 255 
0.242801 -0.09756 19.4912 190 190 190 255 
0.246023 -0.0986773 19.4903 190 190 190 255 
-0.23049 -0.0880868 19.4974 190 190 190 255 
0.231645 -0.0900858 19.4963 190 190 190 255 
0.230307 -0.0877208 19.4976 190 190 190 255 
0.229819 -0.0850722 19.4991 190 190 190 255 
-0.231253 -0.0893432 19.4967 190 190 190 255 
-0.232524 -0.0908173 19.4958 190 190 190 255 
-0.234764 -0.0927043 19.4946 190 190 190 255 
-0.238748 -0.0951555 19.4929 190 190 190 255 
-0.250462 -0.100006 19.4891 190 190 190 255 
-0.313942 -0.113373 19.4745 190 190 190 255 
-0.379743 -0.119092 19.4607 190 190 190 255 
0.325962 -0.115193 19.4719 190 190 190 255 
-0.407526 -0.121506 19.4548 190 190 190 255 
0.379143 -0.118824 19.4606 190 190 190 255 
-0.434316 -0.123834 19.4492 190 190 190 255 
0.43412 -0.122578 19.4489 190 190 190 255 
-0.455775 -0.125699 19.4447 190 190 190 255 
-0.488894 -0.125402 19.4372 190 190 190 255 
-0.543544 -0.124911 19.4249 190 190 190 255 
0.489069 -0.12633 19.4372 190 190 190 255 
0.596371 -0.122246 19.4129 190 190 190 255 
0.498044 -0.126943 19.4353 190 190 190 255 
-0.647168 -0.119669 19.4013 190 190 190 255 
0.668802 -0.118786 19.3963 190 190 190 255 
0.817571 -0.0875891 19.3645 190 190 190 255 
0.808834 -0.0902407 19.3662 190 190 190 255 
0.739325 -0.105872 19.3808 190 190 190 255 
-0.816787 -0.087417 19.3648 190 190 190 255 
0 0.977609 0.592217 190 190 190 255 
0 0.988635 0.570863 190 190 190 255 
0 0.533124 0.345204 190 190 190 255 
0 1.07166 0.390076 190 190 190 255 
0 0.595539 0.214445 190 190 190 255 
0 1.10103 0.307334 190 190 190 255 
0 1.13249 0.155794 190 190 190 255 
0 0.623538 0.108851 190 190 190 255 
0 0.633095 0.0496814 190 190 190 255 
0 1.143 1.42693e-008 190 190 190 255 
0 0.6329 8.39617e-006 190 190 190 255 
0 1.12363 -0.198194 190 190 190 255 
0 0.632683 -0.0552619 190 190 190 255 
0 0.623467 -0.108818 190 190 190 255 
0 0.614752 -0.159469 190 190 190 255 
0 1.07536 -0.387412 190 190 190 255 
0 1.07386 -0.390836 190 190 190 255 
0 0.549797 -0.313639 190 190 190 255 
0 0.529303 -0.351046 190 190 190 255 
0 0.873613 -0.73309 190 190 190 255 
0 0.487769 -0.403573 190 190 190 255 
0 0.411188 -0.481527 190 190 190 255 
0 0.464558 -0.432927 190 190 190 255 
0 -0.487769 0.403573 190 190 190 255 
0 -0.873613 0.73309 190 190 190 255 
0 -0.931653 0.662161 190 190 190 255 
0 -0.549797 0.313639 190 190 190 255 
0 0.468273 0.428962 190 190 190 255 
0 0.73309 0.873613 190 190 190 255 
0 0.391482 0.500071 190 190 190 255 
0 0.322476 0.545408 190 190 190 255 
0 0.662161 0.931653 190 190 190 255 
0 0.303309 0.558 190 190 190 255 
0 0.529801 1.01281 190 190 190 255 
0 0.223963 0.592886 190 190 190 255 
0 0.390836 1.07386 190 190 190 255 
0 0.387412 1.07536 190 190 190 255 
0 0.237855 1.11797 190 190 190 255 
0 0.105358 0.626305 190 190 190 255 
-6.32828e-006 0.00991264 0.634188 190 190 190 255 
0 4.10536e-011 1.143 190 190 190 255 
-6.98551e-006 3.80135e-011 0.635007 190 190 190 255 
-6.28448e-006 -0.00992117 0.634244 190 190 190 255 
0 -0.22388 0.592667 190 190 190 255 
0 -0.570864 0.988634 190 190 190 255 
0 -0.322345 0.545176 190 190 190 255 
0 -0.386668 0.503857 190 190 190 255 
0 -0.782411 -0.833255 190 190 190 255 
0 -0.391482 -0.500071 190 190 190 255 
0 -0.73309 -0.873613 190 190 190 255 
0 -0.662161 -0.931653 190 190 190 255 
0 -0.322476 -0.545408 190 190 190 255 
0 -0.387412 -1.07536 190 190 190 255 
0 -0.237855 -1.11797 190 190 190 255 
-6.32828e-006 -0.00991263 -0.634188 190 190 190 255 
-6.28448e-006 0.00992117 -0.634244 190 190 190 255 
0 0.198081 -1.12371 190 190 190 255 
0 0.307333 -1.10103 190 190 190 255 
0 0.22388 -0.592668 190 190 190 255 
0 0.29815 -0.560718 190 190 190 255 
0 0.592217 -0.977609 190 190 190 255 
0 0.322345 -0.545176 190 190 190 255 
0 0.733908 -0.87473 190 190 190 255 
0 -0.580187 0.258167 190 190 190 255 
0 -1.07536 0.387412 190 190 190 255 
0 -0.623467 0.108818 190 190 190 255 
0 -1.12363 0.198194 190 190 190 255 
0 -0.633095 -0.0496814 190 190 190 255 
0 -1.13249 -0.155793 190 190 190 255 
0 -0.623538 -0.108851 190 190 190 255 
0 -1.12371 -0.198081 190 190 190 255 
0 -0.595539 -0.214445 190 190 190 255 
0 -1.10103 -0.307334 190 190 190 255 
0 -0.988635 -0.570863 190 190 190 255 
0 -0.487858 -0.403667 190 190 190 255 
0 -0.468273 -0.428962 190 190 190 255 
-0.524638 0.31112 6.20943 190 190 190 255 
-0.822252 -0.0655943 6.39913 190 190 190 255 
-2.44648 0.31112 6.20943 190 190 190 255 
-2.14096 -0.0850722 5.78306 190 190 190 255 
0.740142 0.0638075 6.33397 190 190 190 255 
0.638877 0.193922 6.26839 190 190 190 255 
0.524638 0.31112 6.20943 190 190 190 255 
0.80356 -0.0359069 6.38418 190 190 190 255 
1.24674 0.00271013 7.12673 190 190 190 255 
1.24872 -0.0127355 7.13451 190 190 190 255 
2.38462 -0.0850722 7.30706 190 190 190 255 
1.27 0.0319754 7.366 190 190 190 255 
1.26953 -0.00786264 7.34594 190 190 190 255 
1.27 0.31112 15.8886 190 190 190 255 
2.59144 0.31112 15.8886 190 190 190 255 
2.59144 0.31112 14.5914 190 190 190 255 
1.27 -0.0850722 14.9271 190 190 190 255 
2.38462 -0.0850722 14.9271 190 190 190 255 
1.27 0.31112 15.1266 190 190 190 255 
2.59144 0.31112 13.8294 190 190 190 255 
2.38462 -0.0850722 14.1651 190 190 190 255 
2.59144 0.31112 13.0674 190 190 190 255 
1.27 -0.0850722 13.4031 190 190 190 255 
1.27 -0.0850722 12.6411 190 190 190 255 
1.27 -0.0850722 11.8791 190 190 190 255 
2.38462 -0.0850722 11.8791 190 190 190 255 
1.27 -0.0850722 11.1171 190 190 190 255 
2.59144 0.31112 11.3166 190 190 190 255 
2.59144 0.31112 10.0194 190 190 190 255 
2.38462 -0.0850722 10.2189 190 190 190 255 
1.27 0.31112 10.5546 190 190 190 255 
2.59144 0.31112 9.25743 190 190 190 255 
2.38462 -0.0850722 9.45694 190 190 190 255 
2.59144 0.31112 8.49543 190 190 190 255 
2.51989 0.174056 16.9465 190 190 190 255 
2.39015 -0.0850722 17.0769 190 190 190 255 
1.27 0.0319754 17.018 190 190 190 255 
0.309059 0.313079 19.6996 190 190 190 255 
-0.305522 0.321631 19.7045 190 190 190 255 
-0.308279 0.317229 19.7019 190 190 190 255 
-0.000751289 0.315153 19.7007 190 190 190 255 
-0.274604 0.33746 19.7163 190 190 190 255 
0.0141238 0.331011 19.711 190 190 190 255 
0.287683 0.332828 19.7124 190 190 190 255 
-0.269121 0.33885 19.7176 190 190 190 255 
0.269022 0.338843 19.7176 190 190 190 255 
0.187484 0.35162 19.731 190 190 190 255 
0.00803959 0.340935 19.7194 190 190 190 255 
-0.308865 0.311122 19.6986 190 190 190 255 
-0.229819 -0.0850722 19.4991 190 190 190 255 
-1.60289 0.31112 19.1634 190 190 190 255 
1.36637 0.163835 19.2376 190 190 190 255 
-1.2688 0.109866 19.2648 190 190 190 255 
-1.22959 0.090797 19.2744 190 190 190 255 
-0.825864 -0.0850722 19.3629 190 190 190 255 
-2.27216 -0.0850722 6.54506 190 190 190 255 
-2.27042 -0.0876043 6.54358 190 190 190 255 
-0.925043 -0.124438 6.49586 190 190 190 255 
-2.24501 -0.120399 6.50759 190 190 190 255 
-2.24705 -0.118321 6.51232 190 190 190 255 
-0.939171 -0.118951 6.5111 190 190 190 255 
-0.945782 -0.11449 6.51845 190 190 190 255 
-0.954487 -0.10699 6.52825 190 190 190 255 
-2.25647 -0.106909 6.52825 190 190 190 255 
-2.2594 -0.103157 6.53247 190 190 190 255 
-2.26625 -0.0936812 6.54003 190 190 190 255 
-0.967691 -0.0875855 6.54353 190 190 190 255 
-2.24059 -0.124513 6.49592 190 190 190 255 
-2.23914 -0.125704 6.4915 190 190 190 255 
-2.23726 -0.126619 6.4837 190 190 190 255 
-0.913451 -0.126608 6.48369 190 190 190 255 
-2.2367 -0.126892 6.48137 190 190 190 255 
-0.901316 -0.126553 6.47132 190 190 190 255 
-2.2349 -0.126647 6.47012 190 190 190 255 
-0.898593 -0.126541 6.46854 190 190 190 255 
-0.889102 -0.124419 6.45922 190 190 190 255 
-2.23415 -0.121906 6.44961 190 190 190 255 
-2.23507 -0.117663 6.44055 190 190 190 255 
-2.23593 -0.114983 6.43642 190 190 190 255 
-2.23711 -0.11131 6.43076 190 190 190 255 
-0.864458 -0.1148 6.43562 190 190 190 255 
-0.852488 -0.106203 6.42464 190 190 190 255 
-2.24013 -0.103584 6.42202 190 190 190 255 
-0.843259 -0.0969312 6.41636 190 190 190 255 
-0.835944 -0.0869075 6.40992 190 190 190 255 
-2.24872 -0.0850722 6.40894 190 190 190 255 
-0.83483 -0.0850722 6.40894 190 190 190 255 
-0.927658 -0.123909 17.8854 190 190 190 255 
-2.24174 -0.124509 17.8885 190 190 190 255 
-0.836603 -0.0876009 17.9735 190 190 190 255 
-2.22698 -0.102897 17.9626 190 190 190 255 
-2.22823 -0.0979524 17.9666 190 190 190 255 
-0.851554 -0.105392 17.9602 190 190 190 255 
-0.844417 -0.0980204 17.9666 190 190 190 255 
-2.22917 -0.094232 17.9696 190 190 190 255 
-0.842582 -0.0961252 17.9682 190 190 190 255 
-2.22675 -0.104435 17.9609 190 190 190 255 
-0.853843 -0.107103 17.9581 190 190 190 255 
-2.22588 -0.110215 17.9547 190 190 190 255 
-2.22581 -0.114693 17.9483 190 190 190 255 
-2.22578 -0.116159 17.9462 190 190 190 255 
-0.876314 -0.120551 17.9372 190 190 190 255 
-0.878526 -0.121661 17.9351 190 190 190 255 
-2.22657 -0.120657 17.9373 190 190 190 255 
-2.22662 -0.120929 17.9368 190 190 190 255 
-0.894632 -0.12601 17.9194 190 190 190 255 
-2.22866 -0.124645 17.9255 190 190 190 255 
-2.23122 -0.12653 17.9154 190 190 190 255 
-0.900772 -0.126298 17.9132 190 190 190 255 
-2.23195 -0.126608 17.9132 190 190 190 255 
-0.912115 -0.126831 17.9017 190 190 190 255 
-2.23507 -0.126936 17.9039 190 190 190 255 
-0.912995 -0.126665 17.9008 190 190 190 255 
-0.924666 -0.124472 17.8885 190 190 190 255 
-2.23635 -0.126556 17.9008 190 190 190 255 
-0.935556 -0.120337 17.8768 190 190 190 255 
-0.945562 -0.11458 17.8658 190 190 190 255 
-2.25431 -0.115251 17.8663 190 190 190 255 
-2.2623 -0.107077 17.8559 190 190 190 255 
-0.954358 -0.107087 17.8559 190 190 190 255 
-2.26334 -0.106017 17.8545 190 190 190 255 
-2.27003 -0.0979755 17.8474 190 190 190 255 
-0.127027 -0.0881555 -0.499718 190 190 190 255 
-0.127027 -0.0951888 -0.498997 190 190 190 255 
-1.85417 -0.0882133 -0.500282 190 190 190 255 
-1.85417 -0.173746 -0.477364 190 190 190 255 
-0.127027 -0.17361 -0.47688 190 190 190 255 
-0.127027 -0.179564 -0.475201 190 190 190 255 
-1.85417 -0.254 -0.439941 190 190 190 255 
-0.127027 -0.258591 -0.437253 190 190 190 255 
-1.85417 -0.326536 -0.38915 190 190 190 255 
-0.127027 -0.388938 -0.326327 190 190 190 255 
-1.85417 -0.389151 -0.326536 190 190 190 255 
-1.85417 -0.439941 -0.254 190 190 190 255 
-0.127027 -0.439754 -0.253871 190 190 190 255 
-0.127027 -0.441261 -0.251691 190 190 190 255 
-1.85417 -0.477364 -0.173747 190 190 190 255 
-0.127027 -0.477224 -0.173681 190 190 190 255 
-0.127027 -0.477963 -0.172078 190 190 190 255 
-0.127027 -0.500205 -0.0881925 190 190 190 255 
-1.85417 -0.500282 -0.088213 190 190 190 255 
-0.127027 -0.500431 -0.0873394 190 190 190 255 
-0.127029 -0.507998 1.42693e-008 190 190 190 255 
-1.85417 -0.477364 0.173747 190 190 190 255 
-1.85417 -0.500282 0.088213 190 190 190 255 
-0.127032 -0.500282 0.088213 190 190 190 255 
-1.85417 -0.508 1.42693e-008 190 190 190 255 
-0.127032 -0.391178 0.323641 190 190 190 255 
-1.85417 -0.439941 0.254 190 190 190 255 
-1.85417 -0.254 0.439941 190 190 190 255 
-1.85417 -0.326536 0.38915 190 190 190 255 
-1.85417 -0.389151 0.326536 190 190 190 255 
-0.127032 -0.389151 0.326536 190 190 190 255 
-1.85417 -0.0882133 0.500282 190 190 190 255 
-0.127032 -0.0882133 0.500282 190 190 190 255 
-0.127032 -0.0950428 0.498452 190 190 190 255 
-1.85417 -0.173746 0.477364 190 190 190 255 
-1.85417 9.33173e-017 -0.507995 190 190 190 255 
-0.127011 0.00797949 -0.507949 190 190 190 255 
-1.85417 0.0882133 -0.500282 190 190 190 255 
-0.127011 0.0881571 -0.499734 190 190 190 255 
-1.85417 0.173746 -0.477364 190 190 190 255 
-1.85417 0.254 -0.439941 190 190 190 255 
-0.127011 0.179569 -0.475216 190 190 190 255 
-0.127011 0.253818 -0.439562 190 190 190 255 
-0.127011 0.258599 -0.437266 190 190 190 255 
-1.85417 0.326536 -0.38915 190 190 190 255 
-0.127011 0.329927 -0.386295 190 190 190 255 
-0.127011 0.388949 -0.326338 190 190 190 255 
-1.85417 0.389151 -0.326536 190 190 190 255 
-1.85417 0.439941 -0.254 190 190 190 255 
-0.127011 0.441274 -0.251698 190 190 190 255 
-1.85417 0.477364 -0.173747 190 190 190 255 
-1.85417 0.500282 -0.088213 190 190 190 255 
-0.127011 0.477978 -0.172082 190 190 190 255 
-0.127011 0.50022 -0.0881972 190 190 190 255 
-0.127011 0.500446 -0.0873422 190 190 190 255 
-1.85417 0.508 1.42693e-008 190 190 190 255 
-0.127011 0.500359 0.0873339 190 190 190 255 
-1.85417 0.500282 0.088213 190 190 190 255 
-1.85417 0.477364 0.173747 190 190 190 255 
-1.85417 0.439941 0.254 190 190 190 255 
-0.127011 0.391177 0.323642 190 190 190 255 
-0.127011 0.389151 0.326536 190 190 190 255 
-1.85417 0.389151 0.326536 190 190 190 255 
-1.85417 0.326536 0.38915 190 190 190 255 
-0.127011 0.254 0.439941 190 190 190 255 
-1.85417 0.254 0.439941 190 190 190 255 
-0.127011 0.179352 0.47475 190 190 190 255 
-0.127011 0.0950417 0.498452 190 190 190 255 
-1.85417 0.173746 0.477364 190 190 190 255 
-1.85417 0.0882133 0.500282 190 190 190 255 
-1.85417 1.24424e-016 0.508 190 190 190 255 
-0.12702 7.43618e-010 0.508003 190 190 190 255 
-0.0381 -0.381 2.413 190 190 190 255 
-0.0460752 0.254 2.51631 190 190 190 255 
-0.0460752 -0.381 2.51631 190 190 190 255 
-0.108748 0.254 2.71319 190 190 190 255 
-0.0698119 -0.381 2.61717 190 190 190 255 
-0.161959 -0.381 2.8021 190 190 190 255 
-0.228187 0.254 2.88179 190 190 190 255 
-0.228187 -0.381 2.88179 190 190 190 255 
-0.30586 0.254 2.95037 190 190 190 255 
-0.393139 0.254 3.00621 190 190 190 255 
-0.30586 -0.381 2.95037 190 190 190 255 
-0.393139 -0.381 3.00621 190 190 190 255 
-0.487954 0.254 3.048 190 190 190 255 
-0.487954 -0.381 3.048 190 190 190 255 
0 0.0840567 1.13993 190 190 190 255 
-0.0381 0.19848 1.12564 190 190 190 255 
0 0.198194 1.12363 190 190 190 255 
0 0.57033 0.987959 190 190 190 255 
0 0.782411 0.833255 190 190 190 255 
0 0.87473 0.733908 190 190 190 255 
-0.0381 0.875589 0.734706 190 190 190 255 
0 0.888323 0.719281 190 190 190 255 
-0.0381 1.07407 0.390929 190 190 190 255 
0 1.04897 0.454013 190 190 190 255 
-0.0381 1.12564 0.19848 190 190 190 255 
0 1.12371 0.198081 190 190 190 255 
0 1.13993 -0.0840565 190 190 190 255 
-0.0381 1.12564 -0.19848 190 190 190 255 
0 1.11797 -0.237854 190 190 190 255 
-0.0381 0.989867 -0.5715 190 190 190 255 
0 1.01281 -0.529801 190 190 190 255 
-0.0381 0.875589 -0.734706 190 190 190 255 
0 0.987959 -0.57033 190 190 190 255 
0 0.931653 -0.662161 190 190 190 255 
0 0.833255 -0.782411 190 190 190 255 
-0.0381 0.734706 -0.875588 190 190 190 255 
0 0.719281 -0.888323 190 190 190 255 
0 0.570864 -0.988634 190 190 190 255 
-0.0381 0.5715 -0.989867 190 190 190 255 
0 0.454013 -1.04897 190 190 190 255 
0 0.390076 -1.07166 190 190 190 255 
-0.0381 0.390929 -1.07407 190 190 190 255 
0 0.155794 -1.13249 190 190 190 255 
0 2.8132e-010 -1.143 190 190 190 255 
-0.0381 -1.39977e-016 -1.143 190 190 190 255 
0 -0.0840567 -1.13993 190 190 190 255 
0 -0.198194 -1.12363 190 190 190 255 
-0.0381 -0.19848 -1.12564 190 190 190 255 
0 -0.390836 -1.07386 190 190 190 255 
0 -0.529801 -1.01281 190 190 190 255 
-0.0381 -0.5715 -0.989867 190 190 190 255 
0 -0.57033 -0.987959 190 190 190 255 
-0.0381 -0.734706 -0.875588 190 190 190 255 
-0.0381 -0.875589 -0.734706 190 190 190 255 
0 -0.87473 -0.733908 190 190 190 255 
0 -0.888323 -0.719281 190 190 190 255 
0 -0.977609 -0.592217 190 190 190 255 
-0.0381 -0.989867 -0.5715 190 190 190 255 
0 -1.04897 -0.454013 190 190 190 255 
0 -1.07166 -0.390076 190 190 190 255 
0 -1.143 1.42693e-008 190 190 190 255 
0 -1.13993 0.0840565 190 190 190 255 
-0.0381 -1.12564 0.19848 190 190 190 255 
0 -1.11797 0.237854 190 190 190 255 
0 -1.07386 0.390836 190 190 190 255 
0 -1.01281 0.529801 190 190 190 255 
0 -0.987959 0.57033 190 190 190 255 
0 -0.833255 0.782411 190 190 190 255 
-0.0381 -0.875589 0.734706 190 190 190 255 
0 -0.733908 0.87473 190 190 190 255 
0 -0.719281 0.888323 190 190 190 255 
-0.0381 -0.5715 0.989867 190 190 190 255 
0 -0.592217 0.977609 190 190 190 255 
0 -0.454013 1.04897 190 190 190 255 
0 -0.390076 1.07166 190 190 190 255 
0 -0.307333 1.10103 190 190 190 255 
0 -0.198081 1.12371 190 190 190 255 
-0.0381 2.79954e-016 1.143 190 190 190 255 
0 -0.155794 1.13249 190 190 190 255 
2.52924 0.374362 6.05548 190 190 190 255 
0.51908 0.315349 6.20696 190 190 190 255 
2.5236 0.31112 6.20943 190 190 190 255 
2.52753 0.319283 6.20494 190 190 190 255 
2.53351 0.332544 6.19552 190 190 190 255 
0.506759 0.324724 6.20149 190 190 190 255 
0.493254 0.332669 6.1957 190 190 190 255 
2.53475 0.335285 6.19358 190 190 190 255 
0.458412 0.3478 6.18162 190 190 190 255 
2.53977 0.347783 6.18161 190 190 190 255 
0.356574 0.370273 6.14708 190 190 190 255 
2.54588 0.368525 6.15089 190 190 190 255 
0.412657 0.360219 6.16514 190 190 190 255 
2.54397 0.360414 6.16525 190 190 190 255 
2.54391 0.360133 6.16575 190 190 190 255 
2.54357 0.358967 6.16749 190 190 190 255 
2.54386 0.38022 6.10715 190 190 190 255 
2.54634 0.375611 6.1326 190 190 190 255 
-2.46952 0.380444 6.10716 190 190 190 255 
-2.46944 0.380589 6.10622 190 190 190 255 
-2.46871 0.380877 6.10159 190 190 190 255 
-2.46582 0.380268 6.08653 190 190 190 255 
-2.46042 0.377068 6.06617 190 190 190 255 
2.53583 0.378951 6.07328 190 190 190 255 
2.5281 0.373425 6.05279 190 190 190 255 
-2.45776 0.375049 6.05758 190 190 190 255 
-2.45326 0.370575 6.04661 190 190 190 255 
-2.45006 0.367387 6.03879 190 190 190 255 
2.51531 0.361033 6.02836 190 190 190 255 
2.50864 0.353896 6.01758 190 190 190 255 
-2.43436 0.348554 6.01195 190 190 190 255 
2.5029 0.347229 6.00976 190 190 190 255 
-2.42316 0.333629 5.99779 190 190 190 255 
2.49211 0.333782 5.99757 190 190 190 255 
-2.41634 0.324204 5.99017 190 190 190 255 
2.48961 0.330668 5.99475 190 190 190 255 
-0.168094 0.380508 6.10717 190 190 190 255 
-0.356574 0.370273 6.14708 190 190 190 255 
-2.47082 0.372732 6.14107 190 190 190 255 
-2.47089 0.376815 6.12749 190 190 190 255 
-0.231426 0.379207 6.11726 190 190 190 255 
-2.47091 0.377914 6.12383 190 190 190 255 
-2.4676 0.360201 6.16511 190 190 190 255 
-0.443841 0.351921 6.17629 190 190 190 255 
-0.458412 0.3478 6.18162 190 190 190 255 
-2.463 0.347556 6.18141 190 190 190 255 
-2.45657 0.332455 6.19545 190 190 190 255 
-2.45463 0.328044 6.19918 190 190 190 255 
-0.519564 0.315454 6.20714 190 190 190 255 
2.37887 -0.0960856 7.30028 190 190 190 255 
2.37381 -0.105795 7.29174 190 190 190 255 
1.2664 -0.12023 7.2704 190 190 190 255 
2.36779 -0.117315 7.27618 190 190 190 255 
2.36956 -0.113921 7.28169 190 190 190 255 
2.36288 -0.126725 7.24547 190 190 190 255 
1.26427 -0.126725 7.24547 190 190 190 255 
2.36274 -0.127 7.239 190 190 190 255 
2.36288 -0.126725 7.23253 190 190 190 255 
1.26297 -0.126725 7.23253 190 190 190 255 
2.36402 -0.124539 7.21979 190 190 190 255 
1.26156 -0.124539 7.21979 190 190 190 255 
1.26008 -0.12023 7.2076 190 190 190 255 
2.36956 -0.113921 7.19631 190 190 190 255 
1.25861 -0.113921 7.19631 190 190 190 255 
2.37381 -0.105795 7.18626 190 190 190 255 
1.27 -0.0850722 16.4511 190 190 190 255 
2.37884 -0.0961481 16.4442 190 190 190 255 
2.37375 -0.105903 16.4356 190 190 190 255 
2.3662 -0.120357 16.4141 190 190 190 255 
1.27 -0.120357 16.4141 190 190 190 255 
1.27 -0.114051 16.4255 190 190 190 255 
2.3695 -0.114051 16.4255 190 190 190 255 
2.36286 -0.126763 16.389 190 190 190 255 
1.27 -0.124636 16.4018 190 190 190 255 
2.36274 -0.126998 16.3825 190 190 190 255 
1.27 -0.126677 16.376 190 190 190 255 
1.27 -0.12438 16.3632 190 190 190 255 
2.3641 -0.12438 16.3632 190 190 190 255 
2.36979 -0.113483 16.3397 190 190 190 255 
1.27 -0.113483 16.3397 190 190 190 255 
1.27 -0.1052 16.3296 190 190 190 255 
1.27 -0.0953326 16.3212 190 190 190 255 
2.37927 -0.0953326 16.3212 190 190 190 255 
2.36327 -0.125974 15.6335 190 190 190 255 
2.38462 -0.0850722 15.6891 190 190 190 255 
1.27 -0.0961481 15.6822 190 190 190 255 
1.27 -0.105903 15.6736 190 190 190 255 
2.36772 -0.117447 15.6579 190 190 190 255 
1.27 -0.124636 15.6398 190 190 190 255 
1.27 -0.126763 15.627 190 190 190 255 
2.36274 -0.126998 15.6205 190 190 190 255 
1.27 -0.126677 15.614 190 190 190 255 
2.3641 -0.12438 15.6012 190 190 190 255 
2.36513 -0.122421 15.595 190 190 190 255 
2.36642 -0.119939 15.589 190 190 190 255 
1.27 -0.119939 15.589 190 190 190 255 
2.36798 -0.116952 15.5832 190 190 190 255 
1.27 -0.1052 15.5676 190 190 190 255 
1.27 -0.124636 14.8778 190 190 190 255 
1.27 -0.105903 14.9116 190 190 190 255 
2.3695 -0.114051 14.9015 190 190 190 255 
2.36397 -0.124636 14.8778 190 190 190 255 
1.27 -0.120357 14.8901 190 190 190 255 
2.36327 -0.125974 14.8715 190 190 190 255 
2.36286 -0.126763 14.865 190 190 190 255 
2.36274 -0.126998 14.8585 190 190 190 255 
1.27 -0.126677 14.852 190 190 190 255 
2.36291 -0.126677 14.852 190 190 190 255 
1.27 -0.12438 14.8392 190 190 190 255 
2.36642 -0.119939 14.827 190 190 190 255 
2.36798 -0.116952 14.8212 190 190 190 255 
2.36979 -0.113483 14.8157 190 190 190 255 
1.27 -0.0953326 14.7972 190 190 190 255 
2.37412 -0.1052 14.8056 190 190 190 255 
1.27 -0.0850722 14.7909 190 190 190 255 
2.36397 -0.124636 14.1158 190 190 190 255 
2.37884 -0.0961481 14.1582 190 190 190 255 
2.37375 -0.105903 14.1496 190 190 190 255 
1.27 -0.124636 14.1158 190 190 190 255 
2.36495 -0.122759 14.1221 190 190 190 255 
2.3662 -0.120357 14.1281 190 190 190 255 
1.27 -0.120357 14.1281 190 190 190 255 
2.3695 -0.114051 14.1395 190 190 190 255 
2.36286 -0.126763 14.103 190 190 190 255 
2.36274 -0.126998 14.0965 190 190 190 255 
2.36513 -0.122421 14.071 190 190 190 255 
1.27 -0.12438 14.0772 190 190 190 255 
1.27 -0.113483 14.0537 190 190 190 255 
2.36979 -0.113483 14.0537 190 190 190 255 
1.27 -0.0953326 14.0352 190 190 190 255 
1.27 -0.0850722 14.0289 190 190 190 255 
2.37375 -0.105903 13.3876 190 190 190 255 
1.27 -0.120357 13.3661 190 190 190 255 
1.27 -0.114051 13.3775 190 190 190 255 
2.3695 -0.114051 13.3775 190 190 190 255 
2.36286 -0.126763 13.341 190 190 190 255 
1.27 -0.126677 13.328 190 190 190 255 
2.36274 -0.126998 13.3345 190 190 190 255 
2.36291 -0.126677 13.328 190 190 190 255 
1.27 -0.12438 13.3152 190 190 190 255 
2.36336 -0.125802 13.3215 190 190 190 255 
1.27 -0.119939 13.303 190 190 190 255 
2.36642 -0.119939 13.303 190 190 190 255 
2.36979 -0.113483 13.2917 190 190 190 255 
2.37412 -0.1052 13.2816 190 190 190 255 
2.37927 -0.0953326 13.2732 190 190 190 255 
2.36327 -0.125974 12.5855 190 190 190 255 
2.38462 -0.0850722 12.6411 190 190 190 255 
2.37375 -0.105903 12.6256 190 190 190 255 
2.3695 -0.114051 12.6155 190 190 190 255 
1.27 -0.124636 12.5918 190 190 190 255 
2.36397 -0.124636 12.5918 190 190 190 255 
1.27 -0.120357 12.6041 190 190 190 255 
1.27 -0.114051 12.6155 190 190 190 255 
2.36772 -0.117447 12.6099 190 190 190 255 
1.27 -0.126763 12.579 190 190 190 255 
2.36274 -0.126998 12.5725 190 190 190 255 
1.27 -0.126677 12.566 190 190 190 255 
2.36336 -0.125802 12.5595 190 190 190 255 
1.27 -0.12438 12.5532 190 190 190 255 
2.36642 -0.119939 12.541 190 190 190 255 
2.36798 -0.116952 12.5352 190 190 190 255 
1.27 -0.113483 12.5297 190 190 190 255 
1.27 -0.1052 12.5196 190 190 190 255 
1.27 -0.0953326 12.5112 190 190 190 255 
2.37927 -0.0953326 12.5112 190 190 190 255 
2.37884 -0.0961481 11.8722 190 190 190 255 
1.27 -0.114051 11.8535 190 190 190 255 
2.36495 -0.122759 11.8361 190 190 190 255 
1.27 -0.120357 11.8421 190 190 190 255 
2.3662 -0.120357 11.8421 190 190 190 255 
2.36772 -0.117447 11.8479 190 190 190 255 
2.36286 -0.126763 11.817 190 190 190 255 
1.27 -0.126763 11.817 190 190 190 255 
2.36274 -0.126998 11.8105 190 190 190 255 
1.27 -0.126677 11.804 190 190 190 255 
1.27 -0.12438 11.7912 190 190 190 255 
2.36513 -0.122421 11.785 190 190 190 255 
1.27 -0.119939 11.779 190 190 190 255 
1.27 -0.113483 11.7677 190 190 190 255 
2.36979 -0.113483 11.7677 190 190 190 255 
2.37412 -0.1052 11.7576 190 190 190 255 
2.37927 -0.0953326 11.7492 190 190 190 255 
2.38462 -0.0850722 11.7429 190 190 190 255 
1.27 -0.0961481 11.1102 190 190 190 255 
2.38462 -0.0850722 11.1171 190 190 190 255 
1.27 -0.105903 11.1016 190 190 190 255 
2.37375 -0.105903 11.1016 190 190 190 255 
1.27 -0.120357 11.0801 190 190 190 255 
2.36495 -0.122759 11.0741 190 190 190 255 
1.27 -0.114051 11.0915 190 190 190 255 
1.27 -0.124636 11.0678 190 190 190 255 
2.36286 -0.126763 11.055 190 190 190 255 
1.27 -0.126763 11.055 190 190 190 255 
1.27 -0.126677 11.042 190 190 190 255 
2.3641 -0.12438 11.0292 190 190 190 255 
1.27 -0.113483 11.0057 190 190 190 255 
1.27 -0.1052 10.9956 190 190 190 255 
2.37412 -0.1052 10.9956 190 190 190 255 
2.37927 -0.0953326 10.9872 190 190 190 255 
1.27 -0.0953326 10.9872 190 190 190 255 
2.38462 -0.0850722 10.9809 190 190 190 255 
1.27 -0.0961481 10.3482 190 190 190 255 
2.37375 -0.105903 10.3396 190 190 190 255 
1.27 -0.105903 10.3396 190 190 190 255 
2.36397 -0.124636 10.3058 190 190 190 255 
2.36495 -0.122759 10.3121 190 190 190 255 
2.3662 -0.120357 10.3181 190 190 190 255 
1.27 -0.120357 10.3181 190 190 190 255 
2.3695 -0.114051 10.3295 190 190 190 255 
1.27 -0.124636 10.3058 190 190 190 255 
2.36286 -0.126763 10.293 190 190 190 255 
1.27 -0.126763 10.293 190 190 190 255 
2.36274 -0.126998 10.2865 190 190 190 255 
1.27 -0.126677 10.28 190 190 190 255 
2.36513 -0.122421 10.261 190 190 190 255 
1.27 -0.12438 10.2672 190 190 190 255 
2.36642 -0.119939 10.255 190 190 190 255 
1.27 -0.119939 10.255 190 190 190 255 
1.27 -0.113483 10.2437 190 190 190 255 
1.27 -0.1052 10.2336 190 190 190 255 
1.27 -0.0953326 10.2252 190 190 190 255 
2.37927 -0.0953326 10.2252 190 190 190 255 
1.27 -0.0850722 10.2189 190 190 190 255 
2.37375 -0.105903 9.57763 190 190 190 255 
2.3695 -0.114051 9.56749 190 190 190 255 
1.27 -0.124636 9.54383 190 190 190 255 
2.36495 -0.122759 9.55007 190 190 190 255 
1.27 -0.120357 9.55612 190 190 190 255 
2.3662 -0.120357 9.55612 190 190 190 255 
1.27 -0.114051 9.56749 190 190 190 255 
1.27 -0.126763 9.531 190 190 190 255 
2.36291 -0.126677 9.51799 190 190 190 255 
2.36336 -0.125802 9.51154 190 190 190 255 
1.27 -0.126677 9.51799 190 190 190 255 
1.27 -0.12438 9.50519 190 190 190 255 
2.36642 -0.119939 9.49296 190 190 190 255 
2.36798 -0.116952 9.48718 190 190 190 255 
1.27 -0.113483 9.48167 190 190 190 255 
1.27 -0.1052 9.47164 190 190 190 255 
2.37412 -0.1052 9.47164 190 190 190 255 
1.27 -0.0850722 8.83106 190 190 190 255 
1.27 -0.105903 8.81563 190 190 190 255 
2.37884 -0.0961481 8.82424 190 190 190 255 
1.27 -0.114051 8.80549 190 190 190 255 
2.36397 -0.124636 8.78183 190 190 190 255 
1.27 -0.120357 8.79412 190 190 190 255 
2.36327 -0.125974 8.77546 190 190 190 255 
2.36286 -0.126763 8.769 190 190 190 255 
2.36274 -0.126998 8.7625 190 190 190 255 
2.36291 -0.126677 8.75599 190 190 190 255 
1.27 -0.119939 8.73096 190 190 190 255 
1.27 -0.1052 8.70964 190 190 190 255 
1.27 -0.0953326 8.70117 190 190 190 255 
2.37927 -0.0953326 8.70117 190 190 190 255 
1.27 -0.0850722 8.69494 190 190 190 255 
2.36397 -0.124636 8.01983 190 190 190 255 
1.27 -0.0850722 8.06906 190 190 190 255 
1.27 -0.0961481 8.06224 190 190 190 255 
2.37884 -0.0961481 8.06224 190 190 190 255 
1.27 -0.105903 8.05363 190 190 190 255 
1.27 -0.114051 8.04349 190 190 190 255 
1.27 -0.120357 8.03212 190 190 190 255 
2.36286 -0.126763 8.007 190 190 190 255 
1.27 -0.126763 8.007 190 190 190 255 
1.27 -0.126677 7.99399 190 190 190 255 
2.36274 -0.126998 8.0005 190 190 190 255 
1.27 -0.12438 7.98119 190 190 190 255 
2.36513 -0.122421 7.97498 190 190 190 255 
2.36642 -0.119939 7.96897 190 190 190 255 
1.27 -0.119939 7.96897 190 190 190 255 
2.36979 -0.113483 7.95767 190 190 190 255 
1.27 -0.0850722 7.93294 190 190 190 255 
2.36936 -0.124856 17.1629 190 190 190 255 
1.2617 -0.124856 17.1629 190 190 190 255 
1.25493 -0.0850728 17.2131 190 190 190 255 
2.38696 -0.0885529 17.2112 190 190 190 255 
1.25522 -0.0885529 17.2112 190 190 190 255 
1.25628 -0.0987899 17.2042 190 190 190 255 
2.37014 -0.123137 17.169 190 190 190 255 
1.26305 -0.126787 17.1507 190 190 190 255 
2.36851 -0.126998 17.1445 190 190 190 255 
2.36918 -0.125904 17.1321 190 190 190 255 
1.26429 -0.126705 17.1383 190 190 190 255 
2.36988 -0.124612 17.1261 190 190 190 255 
2.37237 -0.119859 17.1128 190 190 190 255 
2.37541 -0.113987 17.1024 190 190 190 255 
1.26775 -0.10708 17.0936 190 190 190 255 
2.37936 -0.106278 17.0928 190 190 190 255 
1.26822 -0.0980014 17.0852 190 190 190 255 
2.3836 -0.0979266 17.0853 190 190 190 255 
1.26857 -0.0876724 17.0783 190 190 190 255 
2.38888 -0.0875619 17.0785 190 190 190 255 
2.37091 -0.122642 17.1196 190 190 190 255 
2.37203 -0.120505 17.1144 190 190 190 255 
2.3751 -0.114592 17.1035 190 190 190 255 
2.37898 -0.107012 17.0937 190 190 190 255 
2.38417 -0.0967966 17.0842 190 190 190 255 
2.36872 -0.126705 17.1383 190 190 190 255 
2.57152 0.350075 17.6091 190 190 190 255 
2.57263 0.351469 17.6071 190 190 190 255 
2.58974 0.371961 17.5731 190 190 190 255 
2.60042 0.380554 17.5366 190 190 190 255 
2.60217 0.380712 17.526 190 190 190 255 
2.6033 0.380813 17.5191 190 190 190 255 
2.6339 0.427613 17.3955 190 190 190 255 
2.58937 0.329941 17.4242 190 190 190 255 
2.59578 0.34521 17.4376 190 190 190 255 
2.3887 -0.0850722 17.2131 190 190 190 255 
2.38187 -0.0987899 17.2042 190 190 190 255 
2.37747 -0.107756 17.1956 190 190 190 255 
2.37387 -0.115213 17.1857 190 190 190 255 
2.37115 -0.120964 17.1747 190 190 190 255 
2.65795 0.427613 17.1549 190 190 190 255 
2.36883 -0.126079 17.1568 190 190 190 255 
2.36855 -0.126787 17.1507 190 190 190 255 
2.22598 -0.109172 17.956 190 190 190 255 
2.22861 -0.124675 17.9255 190 190 190 255 
2.23447 -0.12699 17.9055 190 190 190 255 
2.23889 -0.125976 17.8944 190 190 190 255 
2.24461 -0.123011 17.8825 190 190 190 255 
2.24098 -0.117626 17.9017 190 190 190 255 
2.25164 -0.117657 17.8704 190 190 190 255 
2.25486 -0.114572 17.8658 190 190 190 255 
2.26754 -0.101074 17.8497 190 190 190 255 
2.27786 -0.0876716 17.8404 190 190 190 255 
2.55888 0.332486 17.6258 190 190 190 255 
2.57084 0.34912 17.61 190 190 190 255 
2.56131 0.335871 17.6226 190 190 190 255 
2.2655 0.317917 18.3972 190 190 190 255 
2.28316 0.335982 18.385 190 190 190 255 
2.30108 0.351346 18.369 190 190 190 255 
2.33728 0.427613 18.3702 190 190 190 255 
2.31813 0.36383 18.351 190 190 190 255 
2.3226 0.366957 18.3461 190 190 190 255 
2.33401 0.373079 18.3311 190 190 190 255 
2.33815 0.375302 18.3256 190 190 190 255 
2.36042 0.380808 18.288 190 190 190 255 
2.3769 0.373231 18.2449 190 190 190 255 
2.45163 0.427613 18.1321 190 190 190 255 
2.38167 0.361202 18.2199 190 190 190 255 
2.38221 0.351581 18.2068 190 190 190 255 
2.38223 0.351207 18.2063 190 190 190 255 
2.38107 0.339304 18.1939 190 190 190 255 
2.38034 0.335982 18.1913 190 190 190 255 
2.48662 0.427613 18.0592 190 190 190 255 
2.22915 -0.0942623 17.9697 190 190 190 255 
2.22716 -0.101977 17.9636 190 190 190 255 
2.22676 -0.10441 17.961 190 190 190 255 
2.53515 0.427613 17.8872 190 190 190 255 
1.80158 -0.125809 18.6583 190 190 190 255 
1.80904 -0.124723 18.6504 190 190 190 255 
1.86259 -0.096833 18.6082 190 190 190 255 
2.04252 0.427613 18.8163 190 190 190 255 
1.87234 -0.0884327 18.603 190 190 190 255 
2.19894 0.427613 18.5974 190 190 190 255 
2.28805 0.427613 18.4727 190 190 190 255 
1.8545 0.350712 18.9677 190 190 190 255 
1.85744 0.341696 18.9581 190 190 190 255 
1.6838 0.354845 19.1272 190 190 190 255 
1.70747 0.363215 19.1126 190 190 190 255 
1.73093 0.371509 19.0982 190 190 190 255 
1.69442 0.427613 19.1678 190 190 190 255 
1.83151 0.373502 19.007 190 190 190 255 
1.85401 0.351559 18.9688 190 190 190 255 
1.84961 0.359093 18.9787 190 190 190 255 
1.85814 0.336018 18.9532 190 190 190 255 
1.85815 0.321548 18.9425 190 190 190 255 
1.85747 0.318098 18.9405 190 190 190 255 
1.75856 -0.0981701 18.7288 190 190 190 255 
1.75918 -0.104128 18.7235 190 190 190 255 
1.76001 -0.107021 18.7203 190 190 190 255 
1.76359 -0.114888 18.7103 190 190 190 255 
1.76926 -0.120434 18.6996 190 190 190 255 
1.77422 -0.123643 18.6915 190 190 190 255 
1.78616 -0.12647 18.6757 190 190 190 255 
1.79343 -0.126994 18.6669 190 190 190 255 
2.02133 0.427613 18.846 190 190 190 255 
1.65705 0.427613 19.1936 190 190 190 255 
1.66744 0.346634 19.1351 190 190 190 255 
0.902816 -0.0571037 19.3489 190 190 190 255 
1.13155 0.0406825 19.2996 190 190 190 255 
1.31704 0.427613 19.4286 190 190 190 255 
1.22968 0.0921503 19.2737 190 190 190 255 
1.43414 0.427613 19.3477 190 190 190 255 
1.61396 0.31798 19.1593 190 190 190 255 
0.696483 -0.113717 19.3902 190 190 190 255 
0.707947 0.427613 19.6717 190 190 190 255 
0.782144 -0.0980307 19.3713 190 190 190 255 
0.784721 -0.0975587 19.3708 190 190 190 255 
0.900442 0.427613 19.6207 190 190 190 255 
0.954852 0.427613 19.5956 190 190 190 255 
0.825864 -0.0850722 19.3629 190 190 190 255 
0.543856 0.427613 19.7152 190 190 190 255 
0.542814 -0.124804 19.4251 190 190 190 255 
0.64991 -0.119688 19.4006 190 190 190 255 
0.0755359 0.35939 19.7411 190 190 190 255 
0.20936 0.350101 19.729 190 190 190 255 
0.274706 0.427613 19.754 190 190 190 255 
0.264986 0.340144 19.7187 190 190 190 255 
0.348743 0.427613 19.7476 190 190 190 255 
0.308334 0.317091 19.7018 190 190 190 255 
0.297831 0.327804 19.7086 190 190 190 255 
0.34897 0.427613 19.7476 190 190 190 255 
0.302851 0.32423 19.7062 190 190 190 255 
0.302972 0.324144 19.7061 190 190 190 255 
0.305839 0.321263 19.7043 190 190 190 255 
0.307363 0.319106 19.703 190 190 190 255 
0.230199 -0.0875308 19.4977 190 190 190 255 
0.308885 0.315116 19.7007 190 190 190 255 
0.308865 0.31112 19.6986 190 190 190 255 
0.23335 -0.0918885 19.4951 190 190 190 255 
0.236468 -0.0942296 19.4936 190 190 190 255 
0.258189 -0.102896 19.4868 190 190 190 255 
0.282101 -0.107235 19.4815 190 190 190 255 
0.324589 -0.114944 19.4722 190 190 190 255 
0.407459 -0.120758 19.4546 190 190 190 255 
-0.325179 -0.11435 19.4722 190 190 190 255 
-0.280053 -0.107311 19.4819 190 190 190 255 
-0.456822 0.427613 19.7375 190 190 190 255 
-0.27294 -0.106038 19.4835 190 190 190 255 
-0.238606 -0.09309 19.494 190 190 190 255 
-0.230403 -0.0876929 19.4976 190 190 190 255 
-0.246787 -0.0984843 19.4903 190 190 190 255 
-0.309059 0.313196 19.6996 190 190 190 255 
-0.308852 0.315287 19.7008 190 190 190 255 
-0.307238 0.319307 19.7031 190 190 190 255 
-0.302839 0.32423 19.7062 190 190 190 255 
-0.447863 0.427613 19.7398 190 190 190 255 
-0.374047 0.427613 19.7461 190 190 190 255 
-0.302679 0.324385 19.7063 190 190 190 255 
-0.298001 0.327695 19.7086 190 190 190 255 
-0.290182 0.33175 19.7116 190 190 190 255 
-0.297253 0.427613 19.7526 190 190 190 255 
-0.252943 0.342951 19.7214 190 190 190 255 
-0.225962 0.427613 19.7587 190 190 190 255 
-0.205052 0.350635 19.7296 190 190 190 255 
-0.190115 0.351653 19.7309 190 190 190 255 
-0.0776917 0.359314 19.741 190 190 190 255 
8.29988e-007 0.359352 19.7411 190 190 190 255 
-7.83904e-010 0.427613 19.7778 190 190 190 255 
0.00814635 0.427613 19.7771 190 190 190 255 
-0.694977 -0.114013 19.3904 190 190 190 255 
-0.670757 0.427613 19.6811 190 190 190 255 
-0.729767 -0.109897 19.3824 190 190 190 255 
-0.607737 -0.124334 19.4104 190 190 190 255 
-0.598175 -0.12442 19.4125 190 190 190 255 
-1.64482 0.336064 19.1468 190 190 190 255 
-1.61406 0.317768 19.159 190 190 190 255 
-1.58453 0.427613 19.2437 190 190 190 255 
-1.49573 0.241498 19.1985 190 190 190 255 
-1.37936 0.427613 19.3855 190 190 190 255 
-1.15719 0.427613 19.5023 190 190 190 255 
-1.04672 0.00186288 19.3192 190 190 190 255 
-1.01703 0.427613 19.5669 190 190 190 255 
-0.900442 0.427613 19.6207 190 190 190 255 
-0.808935 -0.0894456 19.3664 190 190 190 255 
-0.778498 -0.0973084 19.3725 190 190 190 255 
-0.740211 -0.107199 19.3803 190 190 190 255 
-1.77278 -0.122918 18.6937 190 190 190 255 
-2.02133 0.427613 18.846 190 190 190 255 
-1.76356 -0.114593 18.7105 190 190 190 255 
-1.76276 -0.113622 18.7122 190 190 190 255 
-1.75999 -0.107039 18.7203 190 190 190 255 
-1.75859 -0.0957009 18.7307 190 190 190 255 
-1.75937 -0.0890058 18.735 190 190 190 255 
-1.75967 -0.087675 18.7357 190 190 190 255 
-1.85759 0.318147 18.9404 190 190 190 255 
-1.8451 0.364139 18.9869 190 190 190 255 
-1.95732 0.427613 18.909 190 190 190 255 
-1.83141 0.373207 19.0069 190 190 190 255 
-1.82334 0.376691 19.0172 190 190 190 255 
-1.81329 0.378666 19.0281 190 190 190 255 
-1.80438 0.380418 19.0379 190 190 190 255 
-1.79121 0.380281 19.05 190 190 190 255 
-1.76607 0.378538 19.0718 190 190 190 255 
-1.69761 0.360415 19.1193 190 190 190 255 
-1.69442 0.427613 19.1678 190 190 190 255 
-1.66744 0.346589 19.1351 190 190 190 255 
-1.64597 0.336747 19.1463 190 190 190 255 
-2.01176 0.046977 18.5345 190 190 190 255 
-2.11512 0.427613 18.7147 190 190 190 255 
-1.80152 -0.125974 18.6582 190 190 190 255 
-1.79685 -0.126432 18.6633 190 190 190 255 
-2.23137 -0.0876167 17.9735 190 190 190 255 
-2.23222 -0.0850722 17.9751 190 190 190 255 
-2.38033 0.335969 18.1913 190 190 190 255 
-2.48239 0.427613 18.068 190 190 190 255 
-2.38223 0.351681 18.2068 190 190 190 255 
-2.38154 0.362 18.2212 190 190 190 255 
-2.38095 0.364002 18.2249 190 190 190 255 
-2.37682 0.37313 18.2449 190 190 190 255 
-2.37492 0.375859 18.2522 190 190 190 255 
-2.36814 0.379873 18.2711 190 190 190 255 
-2.3756 0.427613 18.2904 190 190 190 255 
-2.34839 0.378997 18.3099 190 190 190 255 
-2.33468 0.373681 18.3305 190 190 190 255 
-2.28805 0.427613 18.4727 190 190 190 255 
-2.31646 0.362974 18.3532 190 190 190 255 
-2.26552 0.317919 18.3972 190 190 190 255 
-2.55805 0.331236 17.6268 190 190 190 255 
-2.54994 0.427613 17.8347 190 190 190 255 
-2.54485 0.31112 17.6394 190 190 190 255 
-2.48662 0.427613 18.0592 190 190 190 255 
-2.31497 -0.0348145 17.8136 190 190 190 255 
-2.27973 -0.0850732 17.8389 190 190 190 255 
-2.27787 -0.0875888 17.8405 190 190 190 255 
-2.2714 -0.0963309 17.8459 190 190 190 255 
-2.25481 -0.11474 17.8657 190 190 190 255 
-2.24795 -0.120512 17.8767 190 190 190 255 
-2.24652 -0.121696 17.8791 190 190 190 255 
-2.24018 -0.125426 17.8916 190 190 190 255 
-2.22842 -0.124471 17.9265 190 190 190 255 
-2.22635 -0.107058 17.9581 190 190 190 255 
-2.37004 -0.123368 17.1682 190 190 190 255 
-2.36949 -0.124626 17.1629 190 190 190 255 
-2.37396 -0.115079 17.1856 190 190 190 255 
-2.37456 -0.113832 17.1878 190 190 190 255 
-2.38704 -0.0884193 17.211 190 190 190 255 
-2.64567 0.427862 17.1604 190 190 190 255 
-2.62976 0.427748 17.3711 190 190 190 255 
-2.60385 0.368966 17.472 190 190 190 255 
-2.60492 0.37551 17.4891 190 190 190 255 
-2.60344 0.380354 17.5165 190 190 190 255 
-2.60262 0.380987 17.5242 190 190 190 255 
-2.60018 0.38028 17.5372 190 190 190 255 
-2.57863 0.359163 17.5972 190 190 190 255 
-2.61114 0.427613 17.6177 190 190 190 255 
-2.57077 0.348981 17.61 190 190 190 255 
-2.56979 0.347714 17.6115 190 190 190 255 
-2.59407 0.376146 17.5608 190 190 190 255 
-2.58803 0.370043 17.577 190 190 190 255 
-2.58677 0.368779 17.5804 190 190 190 255 
-2.36852 -0.127 17.1452 190 190 190 255 
-2.36883 -0.126123 17.1565 190 190 190 255 
-2.36886 -0.126057 17.1568 190 190 190 255 
2.62501 0.375478 16.039 190 190 190 255 
2.62501 0.375478 15.277 190 190 190 255 
2.62792 0.381 14.478 190 190 190 255 
2.62379 0.373125 14.5211 190 190 190 255 
2.62379 0.373125 8.42508 190 190 190 255 
2.6268 0.378891 7.64188 190 190 190 255 
2.62719 0.379632 7.63859 190 190 190 255 
2.61241 0.351312 6.777 190 190 190 255 
2.59498 0.31791 16.6548 190 190 190 255 
2.59504 0.318007 16.1114 190 190 190 255 
2.62792 0.381 15.24 190 190 190 255 
2.62131 0.368373 15.9468 190 190 190 255 
2.61897 0.363877 15.939 190 190 190 255 
2.61644 0.359024 15.9306 190 190 190 255 
2.61241 0.351312 15.921 190 190 190 255 
2.60435 0.335862 15.9054 190 190 190 255 
2.62719 0.379632 15.2586 190 190 190 255 
2.62501 0.375478 9.18104 190 190 190 255 
2.60163 0.330649 9.80474 190 190 190 255 
2.6268 0.378891 8.40388 190 190 190 255 
2.62678 0.378848 7.59813 190 190 190 255 
2.62377 0.37308 7.57694 190 190 190 255 
2.60163 0.330649 6.75674 190 190 190 255 
2.61064 0.347938 16.0875 190 190 190 255 
2.61245 0.3514 16.0831 190 190 190 255 
2.62379 0.373125 16.8071 190 190 190 255 
2.62501 0.375478 13.753 190 190 190 255 
2.6268 0.378891 13.7379 190 190 190 255 
2.60163 0.330649 12.0907 190 190 190 255 
2.62377 0.37308 15.1969 190 190 190 255 
2.61897 0.363877 15.177 190 190 190 255 
2.62719 0.379632 14.4966 190 190 190 255 
2.59498 0.31791 15.8928 190 190 190 255 
2.60163 0.330649 15.9007 190 190 190 255 
2.62513 0.375704 9.86971 190 190 190 255 
2.61241 0.351312 7.539 190 190 190 255 
2.62792 0.381 6.858 190 190 190 255 
2.62726 0.379764 6.84033 190 190 190 255 
2.62377 0.37308 6.81494 190 190 190 255 
2.38462 -0.0850722 16.3149 190 190 190 255 
2.59144 0.31112 16.6506 190 190 190 255 
2.59144 0.31112 16.1154 190 190 190 255 
2.6268 0.378891 9.92788 190 190 190 255 
2.60163 0.330649 11.3287 190 190 190 255 
2.59318 0.314443 14.5897 190 190 190 255 
2.59504 0.318007 14.5874 190 190 190 255 
2.61064 0.347938 15.3255 190 190 190 255 
2.61245 0.3514 15.3211 190 190 190 255 
2.62379 0.373125 15.2831 190 190 190 255 
2.62726 0.379764 9.12633 190 190 190 255 
2.62377 0.37308 9.86294 190 190 190 255 
2.62131 0.368373 9.85079 190 190 190 255 
2.61897 0.363877 9.843 190 190 190 255 
2.61644 0.359024 9.83459 190 190 190 255 
2.6098 0.346317 9.81878 190 190 190 255 
2.60435 0.335862 9.80941 190 190 190 255 
2.61644 0.359024 9.07259 190 190 190 255 
2.62719 0.379632 8.40059 190 190 190 255 
2.60435 0.335862 9.04741 190 190 190 255 
2.65229 0.427692 6.87934 190 190 190 255 
2.62377 0.37308 8.33894 190 190 190 255 
2.61897 0.363877 8.319 190 190 190 255 
2.61644 0.359024 8.31059 190 190 190 255 
2.61241 0.351312 8.301 190 190 190 255 
2.59318 0.314443 7.73169 190 190 190 255 
2.59504 0.318007 7.72937 190 190 190 255 
2.64862 0.420657 6.79593 190 190 190 255 
2.62678 0.378848 16.7421 190 190 190 255 
2.62131 0.368373 14.4228 190 190 190 255 
2.61644 0.359024 14.4066 190 190 190 255 
2.61241 0.351312 14.397 190 190 190 255 
2.60435 0.335862 14.3814 190 190 190 255 
2.62513 0.375704 12.1557 190 190 190 255 
2.61241 0.351312 11.349 190 190 190 255 
2.6098 0.346317 11.3428 190 190 190 255 
2.60435 0.335862 11.3334 190 190 190 255 
2.61245 0.3514 14.5591 190 190 190 255 
2.61897 0.363869 14.541 190 190 190 255 
2.60163 0.330649 15.1387 190 190 190 255 
2.59318 0.314443 15.3517 190 190 190 255 
2.59504 0.318007 9.25337 190 190 190 255 
2.60163 0.330649 9.04274 190 190 190 255 
2.59504 0.318007 8.49137 190 190 190 255 
2.61245 0.3514 7.70107 190 190 190 255 
2.62379 0.373125 7.66308 190 190 190 255 
2.59318 0.314443 16.8757 190 190 190 255 
2.59504 0.318007 16.8734 190 190 190 255 
2.65228 0.427645 16.9419 190 190 190 255 
2.60232 0.331989 16.8642 190 190 190 255 
2.60436 0.335887 16.8606 190 190 190 255 
2.59318 0.314443 13.8277 190 190 190 255 
2.60163 0.330649 14.3767 190 190 190 255 
2.60232 0.331989 13.8162 190 190 190 255 
2.62379 0.373125 12.9971 190 190 190 255 
2.6268 0.378891 12.9759 190 190 190 255 
2.59144 0.31112 12.0786 190 190 190 255 
2.61897 0.363877 10.605 190 190 190 255 
2.38462 -0.0850722 14.7909 190 190 190 255 
2.60436 0.335887 9.24062 190 190 190 255 
2.62792 0.381 8.382 190 190 190 255 
2.62513 0.375704 9.10771 190 190 190 255 
2.62377 0.37308 9.10094 190 190 190 255 
2.61646 0.359062 8.45335 190 190 190 255 
2.6098 0.346317 8.29478 190 190 190 255 
2.60435 0.335862 8.28541 190 190 190 255 
2.38462 -0.0850722 7.93294 190 190 190 255 
2.59144 0.31112 8.26857 190 190 190 255 
2.60436 0.335887 6.95462 190 190 190 255 
2.61064 0.347938 6.94347 190 190 190 255 
2.38462 -0.0850722 16.4511 190 190 190 255 
2.37412 -0.1052 16.3296 190 190 190 255 
2.61897 0.363869 16.827 190 190 190 255 
2.62138 0.368501 16.8189 190 190 190 255 
2.62792 0.381 16.002 190 190 190 255 
2.62726 0.379764 15.9843 190 190 190 255 
2.62678 0.378848 15.9801 190 190 190 255 
2.61064 0.347938 13.8015 190 190 190 255 
2.62379 0.373125 13.7591 190 190 190 255 
2.62792 0.381 12.192 190 190 190 255 
2.59144 0.31112 12.3054 190 190 190 255 
2.59498 0.31791 12.8448 190 190 190 255 
2.59144 0.31112 12.8406 190 190 190 255 
2.38462 -0.0850722 12.5049 190 190 190 255 
2.62131 0.368373 12.1368 190 190 190 255 
2.61897 0.363877 12.129 190 190 190 255 
2.59144 0.31112 11.5434 190 190 190 255 
2.6098 0.346317 12.1048 190 190 190 255 
2.60435 0.335862 12.0954 190 190 190 255 
2.59144 0.31112 9.79257 190 190 190 255 
2.38462 -0.0850722 8.69494 190 190 190 255 
2.61245 0.3514 6.93907 190 190 190 255 
2.60163 0.330649 7.51874 190 190 190 255 
2.61646 0.359062 6.92935 190 190 190 255 
2.62138 0.368501 6.91294 190 190 190 255 
2.36798 -0.116952 16.3452 190 190 190 255 
2.62678 0.378848 15.2181 190 190 190 255 
2.38462 -0.0850722 14.0289 190 190 190 255 
2.59144 0.31112 14.3646 190 190 190 255 
2.59504 0.318007 11.5394 190 190 190 255 
2.62678 0.378848 11.4081 190 190 190 255 
2.62513 0.375704 11.3937 190 190 190 255 
2.62377 0.37308 11.3869 190 190 190 255 
2.62131 0.368373 11.3748 190 190 190 255 
2.62377 0.37308 10.6249 190 190 190 255 
2.62513 0.375704 10.6317 190 190 190 255 
2.61897 0.363877 12.891 190 190 190 255 
2.61064 0.347938 9.99147 190 190 190 255 
2.61245 0.3514 9.98707 190 190 190 255 
2.36979 -0.113483 11.0057 190 190 190 255 
2.37884 -0.0961481 11.1102 190 190 190 255 
2.37412 -0.1052 15.5676 190 190 190 255 
2.37927 -0.0953326 15.5592 190 190 190 255 
2.38462 -0.0850722 15.5529 190 190 190 255 
2.62513 0.375704 12.9177 190 190 190 255 
2.59318 0.314443 13.0657 190 190 190 255 
2.59498 0.31791 13.6068 190 190 190 255 
2.60163 0.330649 13.6147 190 190 190 255 
2.59144 0.31112 10.5546 190 190 190 255 
2.37927 -0.0953326 14.7972 190 190 190 255 
2.36979 -0.113483 15.5777 190 190 190 255 
2.37884 -0.0961481 15.6822 190 190 190 255 
2.37412 -0.1052 7.94764 190 190 190 255 
2.37927 -0.0953326 7.93917 190 190 190 255 
2.60232 0.331989 12.2922 190 190 190 255 
2.60436 0.335887 13.0506 190 190 190 255 
2.61245 0.3514 13.0351 190 190 190 255 
2.61646 0.359062 13.0254 190 190 190 255 
2.61897 0.363869 13.017 190 190 190 255 
2.62138 0.368501 13.0089 190 190 190 255 
2.37412 -0.1052 12.5196 190 190 190 255 
2.37884 -0.0961481 14.9202 190 190 190 255 
2.36979 -0.113483 9.48167 190 190 190 255 
2.38462 -0.0850722 9.59306 190 190 190 255 
2.37927 -0.0953326 9.46317 190 190 190 255 
2.37412 -0.1052 8.70964 190 190 190 255 
2.38462 -0.0850722 8.83106 190 190 190 255 
2.36798 -0.116952 7.96318 190 190 190 255 
2.38462 -0.0850722 8.06906 190 190 190 255 
2.37375 -0.105903 8.05363 190 190 190 255 
2.38462 -0.0850722 7.17094 190 190 190 255 
2.37887 -0.0960856 7.17772 190 190 190 255 
2.62726 0.379764 13.6983 190 190 190 255 
2.62678 0.378848 13.6941 190 190 190 255 
2.37412 -0.1052 14.0436 190 190 190 255 
2.37927 -0.0953326 14.0352 190 190 190 255 
2.59144 0.31112 10.7814 190 190 190 255 
2.62726 0.379764 11.4123 190 190 190 255 
2.59318 0.314443 10.7797 190 190 190 255 
2.6098 0.346317 13.6288 190 190 190 255 
2.60435 0.335862 13.6194 190 190 190 255 
2.38462 -0.0850722 13.2669 190 190 190 255 
2.59144 0.31112 13.6026 190 190 190 255 
2.36979 -0.113483 12.5297 190 190 190 255 
2.37884 -0.0961481 12.6342 190 190 190 255 
2.37884 -0.0961481 9.58624 190 190 190 255 
2.36979 -0.113483 8.71967 190 190 190 255 
2.37375 -0.105903 8.81563 190 190 190 255 
2.62719 0.379632 16.7826 190 190 190 255 
2.62792 0.381 16.764 190 190 190 255 
2.62726 0.379764 16.7463 190 190 190 255 
2.36798 -0.116952 14.0592 190 190 190 255 
2.60232 0.331989 11.5302 190 190 190 255 
2.60436 0.335887 11.5266 190 190 190 255 
2.62726 0.379764 12.1743 190 190 190 255 
2.61646 0.359062 11.5014 190 190 190 255 
2.61897 0.363869 11.493 190 190 190 255 
2.62138 0.368501 11.4849 190 190 190 255 
2.62379 0.373125 11.4731 190 190 190 255 
2.62678 0.378848 12.9321 190 190 190 255 
2.62513 0.375704 13.6797 190 190 190 255 
2.38462 -0.0850722 10.3551 190 190 190 255 
2.37412 -0.1052 10.2336 190 190 190 255 
2.60436 0.335887 10.7646 190 190 190 255 
2.61064 0.347938 10.7535 190 190 190 255 
2.61897 0.363869 10.731 190 190 190 255 
2.36979 -0.113483 10.2437 190 190 190 255 
2.37884 -0.0961481 10.3482 190 190 190 255 
2.62792 0.381 13.716 190 190 190 255 
2.62726 0.379764 14.4603 190 190 190 255 
2.62726 0.379764 12.9363 190 190 190 255 
2.61245 0.3514 12.2731 190 190 190 255 
2.61646 0.359062 12.2634 190 190 190 255 
2.61897 0.363869 12.255 190 190 190 255 
2.62501 0.375478 12.229 190 190 190 255 
2.6268 0.378891 12.2139 190 190 190 255 
2.62719 0.379632 12.2106 190 190 190 255 
2.62719 0.379632 10.6866 190 190 190 255 
2.38462 -0.0850722 13.4031 190 190 190 255 
2.36772 -0.117447 16.4199 190 190 190 255 
2.36642 -0.119939 16.351 190 190 190 255 
2.36513 -0.122421 16.357 190 190 190 255 
2.36495 -0.122759 16.4081 190 190 190 255 
2.36336 -0.125802 16.3695 190 190 190 255 
2.36397 -0.124636 16.4018 190 190 190 255 
2.36291 -0.126677 16.376 190 190 190 255 
2.36327 -0.125974 16.3955 190 190 190 255 
2.62792 0.381 12.954 190 190 190 255 
2.37884 -0.0961481 13.3962 190 190 190 255 
2.3695 -0.114051 11.0915 190 190 190 255 
2.36772 -0.117447 11.0859 190 190 190 255 
2.36798 -0.116952 11.0112 190 190 190 255 
2.36642 -0.119939 11.017 190 190 190 255 
2.3662 -0.120357 11.0801 190 190 190 255 
2.36513 -0.122421 11.023 190 190 190 255 
2.36336 -0.125802 11.0355 190 190 190 255 
2.36397 -0.124636 11.0678 190 190 190 255 
2.36327 -0.125974 11.0615 190 190 190 255 
2.36291 -0.126677 11.042 190 190 190 255 
2.36274 -0.126998 11.0485 190 190 190 255 
2.37375 -0.105903 15.6736 190 190 190 255 
2.3695 -0.114051 15.6635 190 190 190 255 
2.3662 -0.120357 15.6521 190 190 190 255 
2.36495 -0.122759 15.6461 190 190 190 255 
2.36397 -0.124636 15.6398 190 190 190 255 
2.36336 -0.125802 15.6075 190 190 190 255 
2.36291 -0.126677 15.614 190 190 190 255 
2.36286 -0.126763 15.627 190 190 190 255 
2.37375 -0.105903 11.8636 190 190 190 255 
2.3695 -0.114051 11.8535 190 190 190 255 
2.36798 -0.116952 11.7732 190 190 190 255 
2.36642 -0.119939 11.779 190 190 190 255 
2.3641 -0.12438 11.7912 190 190 190 255 
2.36397 -0.124636 11.8298 190 190 190 255 
2.36327 -0.125974 11.8235 190 190 190 255 
2.36336 -0.125802 11.7975 190 190 190 255 
2.36291 -0.126677 11.804 190 190 190 255 
2.37375 -0.105903 14.9116 190 190 190 255 
2.36772 -0.117447 14.8959 190 190 190 255 
2.3662 -0.120357 14.8901 190 190 190 255 
2.36513 -0.122421 14.833 190 190 190 255 
2.36495 -0.122759 14.8841 190 190 190 255 
2.3641 -0.12438 14.8392 190 190 190 255 
2.36336 -0.125802 14.8455 190 190 190 255 
2.3695 -0.114051 8.04349 190 190 190 255 
2.36772 -0.117447 8.03794 190 190 190 255 
2.3662 -0.120357 8.03212 190 190 190 255 
2.36495 -0.122759 8.02607 190 190 190 255 
2.3641 -0.12438 7.98119 190 190 190 255 
2.36336 -0.125802 7.98754 190 190 190 255 
2.36327 -0.125974 8.01346 190 190 190 255 
2.36291 -0.126677 7.99399 190 190 190 255 
2.3662 -0.120357 12.6041 190 190 190 255 
2.36513 -0.122421 12.547 190 190 190 255 
2.3641 -0.12438 12.5532 190 190 190 255 
2.36495 -0.122759 12.5981 190 190 190 255 
2.36286 -0.126763 12.579 190 190 190 255 
2.36291 -0.126677 12.566 190 190 190 255 
2.36772 -0.117447 9.56194 190 190 190 255 
2.36513 -0.122421 9.49898 190 190 190 255 
2.3641 -0.12438 9.50519 190 190 190 255 
2.36397 -0.124636 9.54383 190 190 190 255 
2.36327 -0.125974 9.53746 190 190 190 255 
2.36286 -0.126763 9.531 190 190 190 255 
2.36274 -0.126998 9.5245 190 190 190 255 
2.3695 -0.114051 8.80549 190 190 190 255 
2.36798 -0.116952 8.72518 190 190 190 255 
2.36772 -0.117447 8.79994 190 190 190 255 
2.3662 -0.120357 8.79412 190 190 190 255 
2.36642 -0.119939 8.73096 190 190 190 255 
2.36495 -0.122759 8.78807 190 190 190 255 
2.36513 -0.122421 8.73698 190 190 190 255 
2.3641 -0.12438 8.74319 190 190 190 255 
2.36336 -0.125802 8.74954 190 190 190 255 
2.36331 -0.125903 7.22612 190 190 190 255 
2.36331 -0.125903 7.25188 190 190 190 255 
2.36402 -0.124539 7.25821 190 190 190 255 
2.36501 -0.122643 7.2136 190 190 190 255 
2.36627 -0.12023 7.2076 190 190 190 255 
2.36501 -0.122643 7.2644 190 190 190 255 
2.36627 -0.12023 7.2704 190 190 190 255 
2.36779 -0.117315 7.20182 190 190 190 255 
2.36772 -0.117447 14.1339 190 190 190 255 
2.36642 -0.119939 14.065 190 190 190 255 
2.3641 -0.12438 14.0772 190 190 190 255 
2.36336 -0.125802 14.0835 190 190 190 255 
2.36327 -0.125974 14.1095 190 190 190 255 
2.36291 -0.126677 14.09 190 190 190 255 
2.36798 -0.116952 10.2492 190 190 190 255 
2.36772 -0.117447 10.3239 190 190 190 255 
2.3641 -0.12438 10.2672 190 190 190 255 
2.36327 -0.125974 10.2995 190 190 190 255 
2.36336 -0.125802 10.2735 190 190 190 255 
2.36291 -0.126677 10.28 190 190 190 255 
2.36798 -0.116952 13.2972 190 190 190 255 
2.36772 -0.117447 13.3719 190 190 190 255 
2.3662 -0.120357 13.3661 190 190 190 255 
2.36513 -0.122421 13.309 190 190 190 255 
2.36495 -0.122759 13.3601 190 190 190 255 
2.3641 -0.12438 13.3152 190 190 190 255 
2.36397 -0.124636 13.3538 190 190 190 255 
2.36327 -0.125974 13.3475 190 190 190 255 
-0.161959 0.254 2.8021 190 190 190 255 
-0.0346987 0.254 2.74785 190 190 190 255 
-0.0698119 0.254 2.61717 190 190 190 255 
1.78779 1.89601 4.49485 190 190 190 255 
1.74119 1.98211 4.46763 190 190 190 255 
1.78685 1.97139 4.55034 190 190 190 255 
2.57286 0.773268 6.33618 190 190 190 255 
2.62069 0.590256 6.60281 190 190 190 255 
2.43426 1.13664 5.79416 190 190 190 255 
2.40389 1.19573 5.71243 190 190 190 255 
2.34097 1.31816 5.54307 190 190 190 255 
2.33689 1.32482 5.53434 190 190 190 255 
2.17794 1.56979 5.21823 190 190 190 255 
2.23877 1.48504 5.32468 190 190 190 255 
2.08538 1.69119 5.0668 190 190 190 255 
2.07928 1.69846 5.05784 190 190 190 255 
1.99093 1.80383 4.92801 190 190 190 255 
1.97019 1.82506 4.90191 190 190 190 255 
1.98031 1.81432 4.887 190 190 190 255 
1.89439 1.90266 4.80651 190 190 190 255 
1.86579 1.93291 4.76279 190 190 190 255 
1.75696 2.03124 4.61911 190 190 190 255 
1.85016 1.94793 4.75084 190 190 190 255 
1.70842 2.07065 4.56035 190 190 190 255 
1.73065 2.03282 4.51347 190 190 190 255 
1.79065 1.92224 4.51145 190 190 190 255 
1.74081 1.97189 4.46061 190 190 190 255 
1.7335 1.91387 4.4253 190 190 190 255 
1.73114 1.90615 4.42183 190 190 190 255 
1.78187 1.86928 4.48047 190 190 190 255 
1.77337 1.84738 4.47178 190 190 190 255 
1.80227 1.82355 4.50698 190 190 190 255 
2.0657 1.57678 4.87006 190 190 190 255 
1.89553 1.77307 4.62264 190 190 190 255 
2.10785 1.55865 4.93803 190 190 190 255 
2.16286 1.46706 5.03199 190 190 190 255 
2.19739 1.42144 5.10093 190 190 190 255 
2.20427 1.44175 5.11205 190 190 190 255 
2.41791 1.08261 5.6345 190 190 190 255 
2.47963 0.987218 5.83941 190 190 190 255 
2.53398 0.856681 6.0644 190 190 190 255 
2.65102 0.425258 6.83708 190 190 190 255 
2.62018 0.542727 6.57562 190 190 190 255 
2.65045 0.424166 6.81811 190 190 190 255 
1.87987 1.9156 4.73932 190 190 190 255 
1.78008 1.99361 4.57221 190 190 190 255 
1.99218 1.79472 4.86443 190 190 190 255 
2.09468 1.67892 5.03416 190 190 190 255 
2.18574 1.56143 5.20805 190 190 190 255 
2.27354 1.42869 5.35589 190 190 190 255 
2.24315 1.47789 5.33404 190 190 190 255 
1.77008 2.0137 4.59526 190 190 190 255 
1.89076 1.89577 4.71644 190 190 190 255 
2.08038 1.69706 5.05609 190 190 190 255 
1.73976 1.9934 4.47702 190 190 190 255 
2.0057 1.74974 4.822 190 190 190 255 
1.89834 1.87384 4.69455 190 190 190 255 
2.00066 1.77303 4.84263 190 190 190 255 
2.10429 1.65742 5.01264 190 190 190 255 
2.11038 1.63434 4.99206 190 190 190 255 
2.2038 1.51707 5.16666 190 190 190 255 
2.19656 1.54004 5.18699 190 190 190 255 
2.35017 1.29535 5.50924 190 190 190 255 
2.34066 1.3184 5.52851 190 190 190 255 
2.37094 1.25984 5.62374 190 190 190 255 
1.79036 1.94753 4.53005 190 190 190 255 
1.90255 1.8503 4.67403 190 190 190 255 
2.35606 1.27092 5.49042 190 190 190 255 
2.28191 1.40573 5.33599 190 190 190 255 
2.42013 1.1542 5.68017 190 190 190 255 
2.41312 1.1788 5.69838 190 190 190 255 
2.4669 1.06387 5.89058 190 190 190 255 
1.90345 1.82533 4.655 190 190 190 255 
2.00734 1.72504 4.80267 190 190 190 255 
2.11298 1.60988 4.97254 190 190 190 255 
2.11211 1.58451 4.95445 190 190 190 255 
2.28786 1.35617 5.29847 190 190 190 255 
2.20749 1.49272 5.14717 190 190 190 255 
2.2867 1.3814 5.31673 190 190 190 255 
2.42344 1.12869 5.66258 190 190 190 255 
2.4791 1.01341 5.85586 190 190 190 255 
2.53262 0.883032 6.08054 190 190 190 255 
2.47486 1.03909 5.873 190 190 190 255 
2.52753 0.908876 6.0972 190 190 190 255 
2.57072 0.780354 6.32386 190 190 190 255 
1.73175 1.90813 4.42272 190 190 190 255 
1.90108 1.79945 4.6378 190 190 190 255 
2.0056 1.69945 4.78497 190 190 190 255 
2.00059 1.67335 4.76914 190 190 190 255 
2.28547 1.33044 5.28146 190 190 190 255 
2.20762 1.46749 5.12888 190 190 190 255 
2.35689 1.21976 5.45544 190 190 190 255 
2.35829 1.24559 5.4724 190 190 190 255 
2.42307 1.10268 5.64584 190 190 190 255 
2.57856 0.727912 6.29177 190 190 190 255 
2.57651 0.754387 6.30763 190 190 190 255 
2.62347 0.56369 6.58721 190 190 190 255 
2.6245 0.574114 6.64856 190 190 190 255 
2.33987 -0.09626 6.53826 190 190 190 255 
2.33168 -0.107676 6.52758 190 190 190 255 
2.32162 -0.120173 6.50861 190 190 190 255 
2.31694 -0.124711 6.49493 190 190 190 255 
2.31154 -0.126026 6.46448 190 190 190 255 
2.31196 -0.120471 6.44638 190 190 190 255 
2.34736 -0.0850722 6.54506 190 190 190 255 
2.33665 -0.0863711 6.47718 190 190 190 255 
2.52567 0.315413 6.20707 190 190 190 255 
2.62791 0.380978 6.61305 190 190 190 255 
2.53971 0.347599 6.18184 190 190 190 255 
2.546 0.370073 6.147 190 190 190 255 
2.54639 0.374906 6.13487 190 190 190 255 
2.54598 0.376787 6.12749 190 190 190 255 
2.54519 0.379379 6.11623 190 190 190 255 
2.55474 0.380963 6.17183 190 190 190 255 
2.17475 -0.0979357 5.77481 190 190 190 255 
2.17545 -0.0971525 5.77554 190 190 190 255 
2.16116 -0.088084 5.71238 190 190 190 255 
2.13917 -0.126968 5.71733 190 190 190 255 
2.13674 -0.126682 5.70932 190 190 190 255 
2.13587 -0.126579 5.70644 190 190 190 255 
2.1338 -0.12492 5.69707 190 190 190 255 
2.13371 -0.12485 5.69667 190 190 190 255 
2.13239 -0.121588 5.68669 190 190 190 255 
2.13226 -0.115054 5.67439 190 190 190 255 
2.13269 -0.110976 5.66828 190 190 190 255 
2.14122 -0.0850722 5.64694 190 190 190 255 
2.43573 0.381116 5.68839 190 190 190 255 
2.31476 0.317651 5.4439 190 190 190 255 
2.317 0.323941 5.43964 190 190 190 255 
2.31997 0.33229 5.434 190 190 190 255 
2.32338 0.345107 5.42248 190 190 190 255 
2.32506 0.355935 5.40972 190 190 190 255 
2.40024 0.38111 5.57262 190 190 190 255 
2.32341 0.372554 5.37954 190 190 190 255 
2.53957 0.380313 6.08654 190 190 190 255 
2.5332 0.377117 6.06617 190 190 190 255 
2.52506 0.370619 6.04661 190 190 190 255 
2.5192 0.365205 6.03466 190 190 190 255 
2.50431 0.348868 6.01168 190 190 190 255 
2.47092 0.381122 5.80319 190 190 190 255 
2.47927 0.316697 5.98605 190 190 190 255 
2.47515 0.31112 5.98257 190 190 190 255 
2.18501 -0.0850722 5.78306 190 190 190 255 
2.18304 -0.0875559 5.78151 190 190 190 255 
-0.968996 -0.0850722 17.8389 190 190 190 255 
-0.738401 -0.381 2.72933 190 190 190 255 
-1.9431 -0.381 1.8542 190 190 190 255 
-1.9431 -0.381 1.53381 190 190 190 255 
-1.91654 -0.381 1.72047 190 190 190 255 
-1.02669 -0.381 2.44866 190 190 190 255 
-1.86357 -0.381 1.84639 190 190 190 255 
-1.01547 -0.381 2.29082 190 190 190 255 
-1.01521 -0.381 3.048 190 190 190 255 
-0.890593 -0.381 2.67496 190 190 190 255 
-0.843238 -0.381 2.70174 190 190 190 255 
-0.792006 -0.381 2.72004 190 190 190 255 
-1.92633 -0.381 2.05676 190 190 190 255 
-1.78473 -0.381 1.96338 190 190 190 255 
-1.77245 -0.381 1.9755 190 190 190 255 
-0.383411 -0.381 2.33498 190 190 190 255 
-1.01597 -0.381 2.502 190 190 190 255 
-0.996305 -0.381 2.55272 190 190 190 255 
-0.968267 -0.381 2.59934 190 190 190 255 
-1.20736 -0.381 2.98176 190 190 190 255 
-0.932681 -0.381 2.64049 190 190 190 255 
-1.03892 -0.381 2.33502 190 190 190 255 
-1.03293 -0.381 2.32756 190 190 190 255 
-1.71299 -0.381 2.03423 190 190 190 255 
-1.87649 -0.381 2.25381 190 190 190 255 
-1.65292 -0.381 2.08333 190 190 190 255 
-1.5463 -0.381 2.75984 190 190 190 255 
-1.32881 -0.381 2.30362 190 190 190 255 
-1.13717 -0.381 2.38273 190 190 190 255 
-0.402621 -0.381 2.31142 190 190 190 255 
-0.396316 -0.381 2.34153 190 190 190 255 
-0.378661 -0.381 2.34122 190 190 190 255 
-0.369044 -0.381 2.35024 190 190 190 255 
-0.394056 -0.381 2.39796 190 190 190 255 
-0.395709 -0.381 2.44866 190 190 190 255 
-1.08264 -0.381 2.37027 190 190 190 255 
-1.06528 -0.381 2.36014 190 190 190 255 
-1.0627 -0.381 2.35829 190 190 190 255 
-1.02664 -0.381 2.34617 190 190 190 255 
-0.345263 -0.381 2.36745 190 190 190 255 
-0.324304 -0.381 2.37649 190 190 190 255 
-0.683999 -0.381 2.72933 190 190 190 255 
-0.630394 -0.381 2.72004 190 190 190 255 
-0.579162 -0.381 2.70174 190 190 190 255 
-0.531807 -0.381 2.67496 190 190 190 255 
-0.489719 -0.381 2.64049 190 190 190 255 
-0.108748 -0.381 2.71319 190 190 190 255 
-0.454133 -0.381 2.59934 190 190 190 255 
-0.426095 -0.381 2.55272 190 190 190 255 
-0.406428 -0.381 2.502 190 190 190 255 
-1.85417 -0.500278 0.0882121 190 190 190 255 
-1.85417 -0.47736 0.173745 190 190 190 255 
-1.85417 -0.439937 0.253998 190 190 190 255 
-1.85417 -0.389147 0.326533 190 190 190 255 
-1.9812 -0.48646 0.408188 190 190 190 255 
-1.85417 -0.326533 0.389148 190 190 190 255 
-1.85417 -0.253998 0.439937 190 190 190 255 
-1.85417 -0.173745 0.47736 190 190 190 255 
-1.9812 -0.317514 0.549951 190 190 190 255 
-1.9812 -0.217192 0.596731 190 190 190 255 
-1.85417 -0.0882125 0.500278 190 190 190 255 
-1.9812 -0.110271 0.62538 190 190 190 255 
-1.85417 -7.04985e-017 0.507995 190 190 190 255 
-1.9812 -2.21532e-016 0.635028 190 190 190 255 
-1.85417 0.0882125 0.500278 190 190 190 255 
-1.85417 0.173745 0.47736 190 190 190 255 
-1.9812 0.217192 0.596731 190 190 190 255 
-1.85417 0.253998 0.439937 190 190 190 255 
-1.85417 0.326533 0.389148 190 190 190 255 
-1.9812 0.408188 0.48646 190 190 190 255 
-1.9812 0.48646 0.408188 190 190 190 255 
-1.85417 0.389147 0.326533 190 190 190 255 
-1.85417 0.439937 0.253998 190 190 190 255 
-1.9812 0.54995 0.317514 190 190 190 255 
-1.85417 0.47736 0.173745 190 190 190 255 
-1.85417 0.500278 0.0882121 190 190 190 255 
-1.9812 0.62538 0.110271 190 190 190 255 
-1.85417 0.507996 1.42693e-008 190 190 190 255 
-1.85417 0.500278 -0.0882121 190 190 190 255 
-1.9812 0.635028 1.42693e-008 190 190 190 255 
-1.9812 0.62538 -0.110271 190 190 190 255 
-1.85417 0.47736 -0.173745 190 190 190 255 
-1.9812 0.54995 -0.317514 190 190 190 255 
-1.85417 0.439937 -0.253998 190 190 190 255 
-1.85417 0.389147 -0.326533 190 190 190 255 
-1.85417 0.326533 -0.389148 190 190 190 255 
-1.85417 0.253998 -0.439937 190 190 190 255 
-1.85417 0.173745 -0.47736 190 190 190 255 
-1.9812 0.317514 -0.549951 190 190 190 255 
-1.85417 0.0882125 -0.500278 190 190 190 255 
-1.9812 0.110271 -0.62538 190 190 190 255 
-1.9812 6.10168e-017 -0.635028 190 190 190 255 
-1.85417 -0.0882125 -0.500278 190 190 190 255 
-1.85417 -0.173745 -0.47736 190 190 190 255 
-1.85417 -0.253998 -0.439937 190 190 190 255 
-1.85417 -0.326533 -0.389148 190 190 190 255 
-1.9812 -0.317514 -0.549951 190 190 190 255 
-1.85417 -0.389147 -0.326533 190 190 190 255 
-1.85417 -0.439937 -0.253998 190 190 190 255 
-1.85417 -0.47736 -0.173745 190 190 190 255 
-1.9812 -0.596731 -0.217193 190 190 190 255 
-1.85417 -0.500278 -0.0882121 190 190 190 255 
-1.85417 -0.507996 1.42693e-008 190 190 190 255 
-1.9812 -0.635028 1.42693e-008 190 190 190 255 
-0.0381 -1.07407 0.390929 190 190 190 255 
-0.0381 -0.989867 0.5715 190 190 190 255 
-0.0381 -0.734706 0.875589 190 190 190 255 
-0.0381 -0.19848 1.12564 190 190 190 255 
-0.0381 -0.381 2.38273 190 190 190 255 
-0.0381 -0.390929 1.07407 190 190 190 255 
-0.0381 0.390929 1.07407 190 190 190 255 
-0.0381 0.254 2.413 190 190 190 255 
-0.0381 0.5715 0.989867 190 190 190 255 
-0.0381 0.734706 0.875589 190 190 190 255 
-0.0381 -2.22793 0.926768 190 190 190 255 
-0.0381 -1.143 1.42693e-008 190 190 190 255 
-0.0381 -1.12564 -0.19848 190 190 190 255 
-0.0381 -1.07407 -0.390929 190 190 190 255 
-0.0381 -1.15241 2.12003 190 190 190 255 
-0.0381 0.989867 0.5715 190 190 190 255 
-0.0381 -1.49385 1.89499 190 190 190 255 
-0.0381 -1.79238 1.61553 190 190 190 255 
-0.0381 1.143 1.42693e-008 190 190 190 255 
-0.0381 2.38859 -0.34233 190 190 190 255 
-0.0381 2.29649 -0.740751 190 190 190 255 
-0.0381 1.07407 -0.390929 190 190 190 255 
-0.0381 2.13843 -1.1179 190 190 190 255 
-0.0381 1.91895 -1.46294 190 190 190 255 
-0.0381 1.32255 -2.01827 190 190 190 255 
-0.0381 0.19848 -1.12564 190 190 190 255 
-0.0381 0.171343 -2.40691 190 190 190 255 
-0.0381 -0.237547 -2.40128 190 190 190 255 
-0.0381 0 -1.143 190 190 190 255 
-0.0381 -0.390929 -1.07407 190 190 190 255 
-1.27 0.345659 15.1521 190 190 190 255 
-1.27 0.329476 15.3421 190 190 190 255 
-1.27 0.345659 15.3279 190 190 190 255 
-1.27 0.345659 14.5659 190 190 190 255 
-1.27 0.345659 14.3901 190 190 190 255 
-1.27 0.329476 12.2941 190 190 190 255 
-1.27 0.345659 12.8661 190 190 190 255 
-1.27 0.329476 12.0899 190 190 190 255 
-1.27 0.0319754 7.366 190 190 190 255 
-1.27 0.0319754 17.018 190 190 190 255 
-1.27 0.345659 9.05609 190 190 190 255 
-1.27 0.329476 16.8661 190 190 190 255 
-1.27 0.345659 16.8519 190 190 190 255 
-1.27 0.359202 16.8351 190 190 190 255 
-1.27 1.22442 16.3216 190 190 190 255 
-1.27 0.380542 15.2292 190 190 190 255 
-1.27 0.369716 15.1877 190 190 190 255 
-1.27 1.29971 14.5279 190 190 190 255 
-1.27 0.380542 14.4888 190 190 190 255 
-1.27 0.380542 14.4672 190 190 190 255 
-1.27 1.33902 13.7967 190 190 190 255 
-1.27 0.376898 13.748 190 190 190 255 
-1.27 0.345659 13.0419 190 190 190 255 
-1.27 0.345659 13.6281 190 190 190 255 
-1.27 0.380542 15.9912 190 190 190 255 
-1.27 1.39608 12.7356 190 190 190 255 
-1.27 0.359202 13.6449 190 190 190 255 
-1.27 1.43204 12.1873 190 190 190 255 
-1.27 0.359202 12.8829 190 190 190 255 
-1.27 0.369716 12.2443 190 190 190 255 
-1.27 0.329476 11.5321 190 190 190 255 
-1.27 1.51355 10.9446 190 190 190 255 
-1.27 0.369716 11.3777 190 190 190 255 
-1.27 0.376898 11.398 190 190 190 255 
-1.27 1.54186 10.5789 190 190 190 255 
-1.27 0.359202 8.45315 190 190 190 255 
-1.27 0.369716 8.43433 190 190 190 255 
-1.27 0.359202 7.69114 190 190 190 255 
-1.26999 1.8118 7.366 190 190 190 255 
-1.27 0.376898 16.796 190 190 190 255 
-1.27 0.345659 15.9141 190 190 190 255 
-1.27 0.329476 15.8999 190 190 190 255 
-1.27 0.31112 15.8886 190 190 190 255 
-1.27 -0.0850722 15.5529 190 190 190 255 
-1.27 0.376898 12.922 190 190 190 255 
-1.27 0.380542 11.4408 190 190 190 255 
-1.27 0.345659 9.23191 190 190 190 255 
-1.27 0.359202 9.83486 190 190 190 255 
-1.27 0.369716 9.85367 190 190 190 255 
-1.27 1.66846 8.97167 190 190 190 255 
-1.27 0.376898 9.87399 190 190 190 255 
-1.27 0.369716 9.19633 190 190 190 255 
-1.27 0.376898 9.17601 190 190 190 255 
-1.27 0.369716 9.09167 190 190 190 255 
-1.27 0.369716 16.7117 190 190 190 255 
-1.27 0.359202 16.6929 190 190 190 255 
-1.27 0.345659 16.0899 190 190 190 255 
-1.27 0.329476 15.1379 190 190 190 255 
-1.27 0.329476 14.5801 190 190 190 255 
-1.27 0.31112 15.1266 190 190 190 255 
-1.27 -0.0850722 14.9271 190 190 190 255 
-1.27 -0.0960856 14.9203 190 190 190 255 
-1.27 0.380542 9.91678 190 190 190 255 
-1.27 1.65212 9.15464 190 190 190 255 
-1.27 0.369716 8.32967 190 190 190 255 
-1.27 0.345659 7.70791 190 190 190 255 
-1.27 0.31112 16.6506 190 190 190 255 
-1.27 0.31112 16.1154 190 190 190 255 
-1.27 -0.0850722 16.3149 190 190 190 255 
-1.27 0.359202 11.3589 190 190 190 255 
-1.27 0.345659 11.3421 190 190 190 255 
-1.27 0.369716 9.95833 190 190 190 255 
-1.27 0.329476 7.72214 190 190 190 255 
-1.27 -0.105795 7.94826 190 190 190 255 
-1.27 -0.0960856 15.5597 190 190 190 255 
-1.27 -0.0960856 15.6823 190 190 190 255 
-1.27 0.345659 11.5179 190 190 190 255 
-1.27 0.359202 10.7391 190 190 190 255 
-1.27 0.369716 10.7203 190 190 190 255 
-1.27 0.376898 10.7 190 190 190 255 
-1.27 0.380542 10.6788 190 190 190 255 
-1.27 0.329476 13.8181 190 190 190 255 
-1.27 0.31112 14.3646 190 190 190 255 
-1.27 -0.0850722 14.0289 190 190 190 255 
-1.27 0.380542 10.6572 190 190 190 255 
-1.27 0.376898 10.636 190 190 190 255 
-1.27 -0.0960856 11.8723 190 190 190 255 
-1.27 -0.0850722 11.7429 190 190 190 255 
-1.27 -0.105795 11.7583 190 190 190 255 
-1.27 0.31112 9.03057 190 190 190 255 
-1.27 -0.0850722 8.83106 190 190 190 255 
-1.27 -0.0960856 8.70172 190 190 190 255 
-1.27 -0.126725 14.8655 190 190 190 255 
-1.27 0.329476 13.0561 190 190 190 255 
-1.27 -0.0850722 13.2669 190 190 190 255 
-1.27 0.369716 10.6157 190 190 190 255 
-1.27 0.345659 9.99391 190 190 190 255 
-1.27 0.31112 10.0194 190 190 190 255 
-1.27 -0.0960856 10.3483 190 190 190 255 
-1.27 -0.0850722 10.2189 190 190 190 255 
-1.27 0.329476 9.24614 190 190 190 255 
-1.27 0.31112 9.79257 190 190 190 255 
-1.27 -0.105795 15.5683 190 190 190 255 
-1.27 -0.113921 15.5783 190 190 190 255 
-1.27 -0.105795 15.6737 190 190 190 255 
-1.27 -0.113921 14.9017 190 190 190 255 
-1.27 -0.105795 14.8063 190 190 190 255 
-1.27 -0.12023 14.8904 190 190 190 255 
-1.27 0.329476 10.7701 190 190 190 255 
-1.27 0.329476 11.3279 190 190 190 255 
-1.27 -0.12023 8.0324 190 190 190 255 
-1.27 -0.124539 7.98179 190 190 190 255 
-1.27 -0.126725 14.8525 190 190 190 255 
-1.27 -0.0960856 8.06228 190 190 190 255 
-1.27 -0.12023 7.9696 190 190 190 255 
-1.27 -0.113921 7.95831 190 190 190 255 
-1.27 -0.0850722 16.4511 190 190 190 255 
-1.27 -0.0960856 16.4443 190 190 190 255 
-1.27 -0.105795 16.4357 190 190 190 255 
-1.27 -0.126725 16.3765 190 190 190 255 
-1.27 -0.126725 16.3895 190 190 190 255 
-1.27 -0.12023 16.3516 190 190 190 255 
-1.27 -0.124539 15.6402 190 190 190 255 
-1.27 -0.12023 15.5896 190 190 190 255 
-1.27 -0.105795 14.1497 190 190 190 255 
-1.27 -0.126725 14.0905 190 190 190 255 
-1.27 -0.12023 11.8424 190 190 190 255 
-1.27 -0.126725 11.8175 190 190 190 255 
-1.27 -0.126725 11.8045 190 190 190 255 
-1.27 -0.113921 9.56769 190 190 190 255 
-1.27 -0.12023 9.5564 190 190 190 255 
-1.27 -0.124539 8.78221 190 190 190 255 
-1.27 -0.126725 8.76946 190 190 190 255 
-1.27 -0.126725 8.75653 190 190 190 255 
-1.27 -0.105795 16.3303 190 190 190 255 
-1.27 0.31112 12.8406 190 190 190 255 
-1.27 -0.0850722 12.5049 190 190 190 255 
-1.27 -0.0960856 12.6343 190 190 190 255 
-1.27 -0.0960856 12.5117 190 190 190 255 
-1.27 -0.126725 12.5665 190 190 190 255 
-1.27 -0.124539 8.74379 190 190 190 255 
-1.27 -0.0960856 8.82428 190 190 190 255 
-1.27 -0.126725 13.3415 190 190 190 255 
-1.27 -0.105795 13.3877 190 190 190 255 
-1.27 -0.105795 9.57774 190 190 190 255 
-1.27 -0.12023 13.3036 190 190 190 255 
-1.27 -0.12023 10.3184 190 190 190 255 
-1.27 -0.124539 9.50579 190 190 190 255 
-1.27 -0.126725 9.51853 190 190 190 255 
-1.27 -0.105795 9.47226 190 190 190 255 
-1.27 -0.12023 9.4936 190 190 190 255 
-1.27 -0.0960856 11.1103 190 190 190 255 
-1.27 -0.0960856 10.9877 190 190 190 255 
-1.27 -0.105795 11.1017 190 190 190 255 
-1.27 -0.113921 11.0917 190 190 190 255 
-1.27 -0.126725 10.2805 190 190 190 255 
-1.27 -0.105795 10.2343 190 190 190 255 
-1.27 -0.113921 10.2443 190 190 190 255 
-1.27 -0.113921 11.0063 190 190 190 255 
1.18733 1.85923 6.9208 190 190 190 255 
1.19831 1.85656 6.94535 190 190 190 255 
1.18944 0.363863 6.92099 190 190 190 255 
1.19298 0.358291 6.93047 190 190 190 255 
1.19602 0.351278 6.93897 190 190 190 255 
1.08871 1.88141 6.71758 190 190 190 255 
1.10976 0.318224 6.74844 190 190 190 255 
1.11603 0.334478 6.75975 190 190 190 255 
1.11682 0.336012 6.76124 190 190 190 255 
1.12365 0.349296 6.77405 190 190 190 255 
1.12511 0.351414 6.77691 190 190 190 255 
1.13244 0.361983 6.79115 190 190 190 255 
1.14416 0.373115 6.8149 190 190 190 255 
1.15238 0.378358 6.83223 190 190 190 255 
1.11232 1.87749 6.75311 190 190 190 255 
1.15413 0.378829 6.8361 190 190 190 255 
1.17322 0.378806 6.87987 190 190 190 255 
1.18494 1.85982 6.91546 190 190 190 255 
0.964794 -0.093504 6.54012 190 190 190 255 
0.964758 -0.0929127 6.54008 190 190 190 255 
0.967294 -0.0884869 6.54306 190 190 190 255 
0.968996 -0.0850722 6.54506 190 190 190 255 
1.03968 1.88956 6.64379 190 190 190 255 
1.05995 0.156015 6.66642 190 190 190 255 
1.09041 0.255236 6.71641 190 190 190 255 
0.836589 -0.0875808 6.41049 190 190 190 255 
0.842582 -0.0961256 6.41576 190 190 190 255 
0.844346 -0.0979468 6.41734 190 190 190 255 
0.878527 -0.121662 6.44889 190 190 190 255 
0.912116 -0.126831 6.48229 190 190 190 255 
0.927659 -0.123909 6.49862 190 190 190 255 
0.962203 -0.0973386 6.53712 190 190 190 255 
0.898924 1.90841 6.47423 190 190 190 255 
0.958825 -0.102337 6.5332 190 190 190 255 
0.944991 -0.114999 6.51757 190 190 190 255 
0.951224 -0.110418 6.52453 190 190 190 255 
0.802118 1.91829 6.38611 190 190 190 255 
0.953821 -0.107657 6.52749 190 190 190 255 
0.621872 0.211368 6.25962 190 190 190 255 
0.304143 1.94705 6.13296 190 190 190 255 
0.281307 0.37702 6.12755 190 190 190 255 
0.371057 1.94447 6.15544 190 190 190 255 
0.517502 1.93851 6.20767 190 190 190 255 
0.502055 1.93944 6.19945 190 190 190 255 
0.420079 1.94259 6.17191 190 190 190 255 
0.421401 0.358652 6.16795 190 190 190 255 
0.207638 0.379289 6.11429 190 190 190 255 
0.168094 0.380508 6.10717 190 190 190 255 
0.20717 1.94884 6.11735 190 190 190 255 
0.0664755 1.95085 6.09981 190 190 190 255 
-0.0119693 1.95085 6.09981 190 190 190 255 
-0.0221728 1.95085 6.09981 190 190 190 255 
-0.0119693 0.381 6.09606 190 190 190 255 
-0.098196 1.95085 6.09981 190 190 190 255 
-0.413697 0.360446 6.16527 190 190 190 255 
-0.273593 0.376197 6.12731 190 190 190 255 
-0.230794 1.9484 6.12119 190 190 190 255 
-0.493254 0.332669 6.1957 190 190 190 255 
-0.641454 1.93099 6.27374 190 190 190 255 
-0.64249 0.187493 6.27165 190 190 190 255 
-0.620614 0.214666 6.25797 190 190 190 255 
-0.506772 0.324716 6.20149 190 190 190 255 
-0.477863 1.94036 6.19144 190 190 190 255 
-0.503615 1.93936 6.20012 190 190 190 255 
-0.688886 1.92811 6.29908 190 190 190 255 
-0.725049 0.0849407 6.32331 190 190 190 255 
-0.820974 1.91664 6.40081 190 190 190 255 
-0.968996 -0.0850722 6.54506 190 190 190 255 
-0.963454 -0.0957472 6.53856 190 190 190 255 
-0.961841 -0.0979437 6.5367 190 190 190 255 
-0.956975 -0.104572 6.53108 190 190 190 255 
-0.949014 -0.112309 6.52204 190 190 190 255 
-0.93591 -0.120361 6.50756 190 190 190 255 
-0.927823 -0.123857 6.4988 190 190 190 255 
-0.914641 -0.126614 6.4849 190 190 190 255 
-0.881365 -0.12269 6.45162 190 190 190 255 
-0.877016 -0.120661 6.4475 190 190 190 255 
-0.904833 -0.0880402 6.47483 190 190 190 255 
-0.865193 -0.115143 6.43631 190 190 190 255 
-0.854519 -0.107663 6.4265 190 190 190 255 
-0.845052 -0.0987335 6.41797 190 190 190 255 
-0.837103 -0.0884949 6.41094 190 190 190 255 
-0.85566 1.91362 6.42753 190 190 190 255 
-0.923006 1.90553 6.49999 190 190 190 255 
-0.977661 -0.0645424 6.5554 190 190 190 255 
-1.10247 0.296344 6.73713 190 190 190 255 
-1.17619 1.86188 6.8965 190 190 190 255 
-1.11486 1.87699 6.75773 190 190 190 255 
-1.19289 0.358471 6.93021 190 190 190 255 
-1.1113 1.87758 6.75234 190 190 190 255 
-1.10164 1.8792 6.73768 190 190 190 255 
-1.18585 0.369231 6.91139 190 190 190 255 
-1.169 0.380462 6.86968 190 190 190 255 
-1.15956 0.380606 6.848 190 190 190 255 
-1.13043 0.359419 6.78718 190 190 190 255 
-1.12161 0.345838 6.77028 190 190 190 255 
-1.11056 0.320675 6.74991 190 190 190 255 
-1.10758 0.31112 6.74457 190 190 190 255 
-1.20371 0.328221 6.96105 190 190 190 255 
-1.22469 1.84568 7.04676 190 190 190 255 
-1.19887 0.344667 6.94693 190 190 190 255 
-1.20029 1.85595 6.95104 190 190 190 255 
-1.25108 1.83458 7.15029 190 190 190 255 
-1.25629 1.82916 7.20158 190 190 190 255 
-1.26149 -0.12438 7.21919 190 190 190 255 
-1.26362 -0.0850723 7.23882 190 190 190 255 
-1.26 -0.119939 7.20696 190 190 190 255 
-1.26719 -0.114051 7.28149 190 190 190 255 
-1.25003 -0.0444707 7.1505 190 190 190 255 
-1.25493 -0.0850728 7.17094 190 190 190 255 
1.25813 1.82641 7.22758 190 190 190 255 
1.24556 1.83707 7.12706 190 190 190 255 
1.26542 -0.124539 7.25821 190 190 190 255 
1.26362 -0.0850726 7.23882 190 190 190 255 
1.2672 -0.113921 7.28169 190 190 190 255 
1.26783 -0.105795 7.29174 190 190 190 255 
1.2683 -0.0960856 7.30028 190 190 190 255 
1.26863 -0.085073 7.30706 190 190 190 255 
1.25722 -0.105795 7.18626 190 190 190 255 
1.25493 -0.0850722 7.17094 190 190 190 255 
1.25597 -0.0960856 7.17772 190 190 190 255 
1.27 0.351614 7.53876 190 190 190 255 
1.27 1.81179 7.36602 190 190 190 255 
1.27 0.373428 7.5768 190 190 190 255 
1.27 0.351614 12.1108 190 190 190 255 
1.27 1.43204 12.1873 190 190 190 255 
1.27 0.31112 7.50657 190 190 190 255 
1.27 0.31816 7.5104 190 190 190 255 
1.27 0.33612 9.80912 190 190 190 255 
1.27 0.33612 9.24088 190 190 190 255 
1.27 0.351614 10.7492 190 190 190 255 
1.27 0.379093 8.36007 190 190 190 255 
1.27 0.364175 8.44517 190 190 190 255 
1.27 0.381 9.144 190 190 190 255 
1.27 0.379093 9.16593 190 190 190 255 
1.27 0.364175 16.8272 190 190 190 255 
1.27 0.364175 7.68317 190 190 190 255 
1.27 0.33612 11.3331 190 190 190 255 
1.27 0.33612 10.7649 190 190 190 255 
1.27 0.381 8.382 190 190 190 255 
1.27 1.35621 13.4304 190 190 190 255 
1.27 0.31816 13.6064 190 190 190 255 
1.27 0.364175 16.0652 190 190 190 255 
1.27 0.31816 16.6544 190 190 190 255 
1.27 1.74734 8.05984 190 190 190 255 
1.27 0.31816 9.0344 190 190 190 255 
1.27 0.364175 9.84283 190 190 190 255 
1.27 0.373428 9.8628 190 190 190 255 
1.27 0.33612 10.5711 190 190 190 255 
1.27 0.379093 9.92793 190 190 190 255 
1.27 0.373428 9.9492 190 190 190 255 
1.27 0.364175 10.7312 190 190 190 255 
1.27 0.33612 12.0951 190 190 190 255 
1.27 0.31112 12.0786 190 190 190 255 
1.27 0.351614 13.7972 190 190 190 255 
1.27 1.268 15.2235 190 190 190 255 
1.27 1.26113 15.4071 190 190 190 255 
1.27 0.31816 15.1304 190 190 190 255 
1.27 0.31816 14.5876 190 190 190 255 
1.27 0.33612 14.5749 190 190 190 255 
1.27 0.351614 15.1588 190 190 190 255 
1.27 0.364175 16.7008 190 190 190 255 
1.26999 1.20088 17.018 190 190 190 255 
1.27 0.351614 11.3488 190 190 190 255 
1.27 0.364175 12.1288 190 190 190 255 
1.27 0.373428 12.1488 190 190 190 255 
1.27 0.373428 12.2352 190 190 190 255 
1.27 0.364175 13.0172 190 190 190 255 
1.27 0.33612 13.0509 190 190 190 255 
1.27 0.373428 13.6728 190 190 190 255 
1.27 0.351614 14.3968 190 190 190 255 
1.27 0.364175 13.7792 190 190 190 255 
1.27 0.373428 15.2832 190 190 190 255 
1.27 0.351614 15.3212 190 190 190 255 
1.27 0.33612 15.9051 190 190 190 255 
1.27 0.381 16.764 190 190 190 255 
1.27 0.379093 16.7859 190 190 190 255 
1.27 0.373428 16.8072 190 190 190 255 
1.27 0.31816 9.2536 190 190 190 255 
1.27 0.31816 9.7964 190 190 190 255 
1.27 0.31112 9.79257 190 190 190 255 
1.27 -0.0850722 9.59306 190 190 190 255 
1.27 -0.0850722 9.45694 190 190 190 255 
1.27 -0.0953326 9.46317 190 190 190 255 
1.27 0.379093 11.4081 190 190 190 255 
1.27 0.381 11.43 190 190 190 255 
1.27 0.373428 11.4732 190 190 190 255 
1.27 1.33819 13.7967 190 190 190 255 
1.27 0.379093 13.7379 190 190 190 255 
1.27 0.381 14.478 190 190 190 255 
1.27 0.379093 14.4999 190 190 190 255 
1.27 0.373428 14.5212 190 190 190 255 
1.27 0.379093 15.2181 190 190 190 255 
1.27 0.351614 12.2732 190 190 190 255 
1.27 0.351614 12.8728 190 190 190 255 
1.27 0.33612 12.2889 190 190 190 255 
1.27 0.31816 8.2724 190 190 190 255 
1.27 0.31112 7.73343 190 190 190 255 
1.27 0.31816 13.0636 190 190 190 255 
1.27 0.31112 13.0674 190 190 190 255 
1.27 -0.0850722 13.2669 190 190 190 255 
1.27 0.381 16.002 190 190 190 255 
1.27 0.379093 16.0239 190 190 190 255 
1.27 0.31112 9.03057 190 190 190 255 
1.27 -0.0961481 8.82424 190 190 190 255 
1.27 -0.119939 9.49296 190 190 190 255 
1.27 -0.0850722 11.7429 190 190 190 255 
1.27 -0.0953326 11.7492 190 190 190 255 
1.27 0.31112 16.1154 190 190 190 255 
1.27 -0.0850722 16.3149 190 190 190 255 
1.27 -0.0953326 7.93917 190 190 190 255 
1.27 -0.1052 7.94764 190 190 190 255 
1.27 -0.113483 7.95767 190 190 190 255 
1.27 0.31112 10.7814 190 190 190 255 
1.27 -0.0850722 10.9809 190 190 190 255 
1.27 -0.0961481 13.3962 190 190 190 255 
1.27 -0.105903 13.3876 190 190 190 255 
1.27 -0.0953326 13.2732 190 190 190 255 
1.27 -0.1052 13.2816 190 190 190 255 
1.27 0.31816 14.3684 190 190 190 255 
1.27 0.31816 13.8256 190 190 190 255 
1.27 0.31112 13.8294 190 190 190 255 
1.27 -0.0850722 14.1651 190 190 190 255 
1.27 -0.113483 8.71967 190 190 190 255 
1.27 -0.0961481 9.58624 190 190 190 255 
1.27 -0.0961481 11.8722 190 190 190 255 
1.27 -0.105903 11.8636 190 190 190 255 
1.27 -0.119939 16.351 190 190 190 255 
1.27 -0.105903 9.57763 190 190 190 255 
1.27 0.31112 10.0194 190 190 190 255 
1.27 -0.0850722 10.3551 190 190 190 255 
1.27 0.31816 15.8924 190 190 190 255 
1.27 0.31112 15.3534 190 190 190 255 
1.27 -0.0850722 15.6891 190 190 190 255 
1.27 -0.0850722 15.5529 190 190 190 255 
1.27 -0.0953326 15.5592 190 190 190 255 
1.27 -0.124636 8.01983 190 190 190 255 
1.27 -0.119939 11.017 190 190 190 255 
1.27 -0.12438 11.0292 190 190 190 255 
1.27 -0.124636 13.3538 190 190 190 255 
1.27 -0.113483 14.8157 190 190 190 255 
1.27 -0.119939 14.827 190 190 190 255 
1.27 -0.126763 14.865 190 190 190 255 
1.27 0.31112 14.5914 190 190 190 255 
1.27 -0.0961481 14.9202 190 190 190 255 
1.27 -0.0961481 16.4442 190 190 190 255 
1.27 -0.12438 8.74319 190 190 190 255 
1.27 -0.126677 8.75599 190 190 190 255 
1.27 -0.126763 8.769 190 190 190 255 
1.27 -0.124636 8.78183 190 190 190 255 
1.27 -0.114051 10.3295 190 190 190 255 
1.27 -0.124636 11.8298 190 190 190 255 
1.27 -0.113483 13.2917 190 190 190 255 
1.27 -0.126763 13.341 190 190 190 255 
1.27 -0.1052 14.8056 190 190 190 255 
1.27 -0.114051 14.9015 190 190 190 255 
1.27 -0.105903 16.4356 190 190 190 255 
1.27 -0.126763 16.389 190 190 190 255 
1.27 -0.1052 11.7576 190 190 190 255 
1.27 -0.126677 14.09 190 190 190 255 
1.27 -0.126763 14.103 190 190 190 255 
1.27 -0.0961481 14.1582 190 190 190 255 
1.27 -0.1052 14.0436 190 190 190 255 
1.27 -0.113483 15.5777 190 190 190 255 
1.27 -0.12438 15.6012 190 190 190 255 
1.27 -0.119939 14.065 190 190 190 255 
1.27 -0.105903 14.1496 190 190 190 255 
1.27 -0.114051 14.1395 190 190 190 255 
1.27 -0.120357 15.6521 190 190 190 255 
1.27 -0.114051 15.6635 190 190 190 255 
1.27 -0.119939 12.541 190 190 190 255 
1.27 0.31112 12.3054 190 190 190 255 
1.27 -0.0850722 12.5049 190 190 190 255 
1.27 -0.105903 12.6256 190 190 190 255 
1.27 -0.0961481 12.6342 190 190 190 255 
-1.20509 1.18778 17.4145 190 190 190 255 
-1.2007 1.18722 17.4318 190 190 190 255 
-1.187 0.367283 17.4695 190 190 190 255 
-1.18436 0.37094 17.4765 190 190 190 255 
-1.24517 1.19285 17.2569 190 190 190 255 
-1.10758 0.31112 17.6394 190 190 190 255 
-1.11517 0.332669 17.6257 190 190 190 255 
-1.12273 0.3478 17.6116 190 190 190 255 
-1.14969 0.37702 17.5575 190 190 190 255 
-1.15903 0.380508 17.5372 190 190 190 255 
-1.14426 1.1833 17.56 190 190 190 255 
-1.18458 1.1861 17.4684 190 190 190 255 
-1.17658 0.377427 17.4961 190 190 190 255 
-1.08841 1.18011 17.6662 190 190 190 255 
-1.09107 0.254421 17.668 190 190 190 255 
-1.06781 1.17919 17.6977 190 190 190 255 
-0.976682 1.17548 17.826 190 190 190 255 
-0.967719 -0.087634 17.8404 190 190 190 255 
-0.964794 -0.093504 17.8439 190 190 190 255 
-0.962203 -0.0973386 17.8469 190 190 190 255 
-0.888501 -0.124354 17.9254 190 190 190 255 
-0.941205 -0.117782 17.8707 190 190 190 255 
-0.858817 1.17193 17.9536 190 190 190 255 
-0.951224 -0.110418 17.8595 190 190 190 255 
-0.958825 -0.102337 17.8508 190 190 190 255 
-0.959589 1.17497 17.8445 190 190 190 255 
-0.961758 -0.0979963 17.8474 190 190 190 255 
-0.86268 -0.113709 17.95 190 190 190 255 
-0.864552 -0.114649 17.9483 190 190 190 255 
-0.620286 1.16748 18.1215 190 190 190 255 
-0.621872 0.211368 18.1244 190 190 190 255 
-0.638877 0.193922 18.1156 190 190 190 255 
-0.740142 0.0638075 18.05 190 190 190 255 
-0.80356 -0.0359069 17.9998 190 190 190 255 
-0.83483 -0.0850722 17.9751 190 190 190 255 
-0.614084 1.16739 18.1248 190 190 190 255 
-0.472504 1.16561 18.1941 190 190 190 255 
-0.471108 0.34297 18.1974 190 190 190 255 
-0.414611 0.360243 18.2184 190 190 190 255 
-0.171377 0.380477 18.2765 190 190 190 255 
-0.207549 0.378981 18.2694 190 190 190 255 
-0.207143 1.1638 18.2666 190 190 190 255 
-0.308696 1.16421 18.2499 190 190 190 255 
-0.31744 0.374439 18.2477 190 190 190 255 
-0.326598 0.373101 18.2449 190 190 190 255 
-0.101471 1.16337 18.2839 190 190 190 255 
-0.0208404 0.381 18.2878 190 190 190 255 
0.0119693 1.16337 18.2839 190 190 190 255 
0.0118942 0.380954 18.2863 190 190 190 255 
0.394891 0.364018 18.2249 190 190 190 255 
0.219896 0.378291 18.2662 190 190 190 255 
0.390284 0.365146 18.2266 190 190 190 255 
0.324874 0.372862 18.245 190 190 190 255 
0.316492 1.16428 18.2473 190 190 190 255 
0.299692 0.375833 18.2521 190 190 190 255 
0.309005 1.16421 18.2498 190 190 190 255 
0.524638 0.31112 18.1746 190 190 190 255 
0.515905 0.318139 18.1784 190 190 190 255 
0.490061 0.334273 18.1896 190 190 190 255 
0.485884 0.335992 18.1913 190 190 190 255 
0.44385 0.352032 18.2077 190 190 190 255 
0.442668 1.16536 18.2043 190 190 190 255 
0.451393 0.350185 18.2051 190 190 190 255 
0.507942 1.16592 18.182 190 190 190 255 
0.607912 1.16731 18.1281 190 190 190 255 
0.935635 -0.120479 17.8767 190 190 190 255 
0.914641 -0.126614 17.8991 190 190 190 255 
0.912995 -0.126606 17.9008 190 190 190 255 
0.905054 -0.0980366 17.9089 190 190 190 255 
0.864458 -0.1148 17.9484 190 190 190 255 
0.853804 -0.107149 17.9582 190 190 190 255 
0.977341 -0.0640148 17.8283 190 190 190 255 
0.858916 1.17193 17.9535 190 190 190 255 
0.820842 1.17114 17.983 190 190 190 255 
0.725049 0.0849407 18.0607 190 190 190 255 
0.865003 1.17212 17.9469 190 190 190 255 
0.835945 -0.0869077 17.9741 190 190 190 255 
0.923856 1.17389 17.8831 190 190 190 255 
1.10148 1.18069 17.6462 190 190 190 255 
1.0252 1.17729 17.7627 190 190 190 255 
1.02511 0.0565399 17.7677 190 190 190 255 
1.00107 1.17622 17.7995 190 190 190 255 
0.975797 1.17546 17.8269 190 190 190 255 
1.1894 0.363767 17.4631 190 190 190 255 
1.19415 1.18677 17.4465 190 190 190 255 
1.18608 0.36893 17.472 190 190 190 255 
1.14417 0.373 17.5691 190 190 190 255 
1.17657 1.18555 17.4865 190 190 190 255 
1.16977 0.380277 17.5125 190 190 190 255 
1.16389 0.380466 17.526 190 190 190 255 
1.11639 1.18135 17.6234 190 190 190 255 
1.15413 0.37871 17.5479 190 190 190 255 
1.11185 1.18115 17.6304 190 190 190 255 
1.1302 0.35913 17.5973 190 190 190 255 
1.12519 0.351205 17.6069 190 190 190 255 
1.11693 0.335806 17.6225 190 190 190 255 
1.11311 0.3275 17.6296 190 190 190 255 
1.10269 0.296033 17.647 190 190 190 255 
1.20676 0.313494 17.4138 190 190 190 255 
1.2015 0.335857 17.4294 190 190 190 255 
1.19603 0.351313 17.445 190 190 190 255 
1.20098 1.18725 17.431 190 190 190 255 
1.22489 1.19028 17.3367 190 190 190 255 
1.25752 -0.107756 17.1956 190 190 190 255 
1.25265 1.19381 17.2272 190 190 190 255 
1.251 1.1936 17.2337 190 190 190 255 
1.25043 -0.044271 17.2336 190 190 190 255 
1.22143 0.218346 17.3659 190 190 190 255 
1.26029 -0.120964 17.1747 190 190 190 255 
1.25888 -0.115213 17.1857 190 190 190 255 
1.26863 -0.0850722 17.0769 190 190 190 255 
1.26712 -0.114668 17.1034 190 190 190 255 
1.26634 -0.120564 17.1143 190 190 190 255 
1.25635 1.19532 17.1825 190 190 190 255 
1.26539 -0.124612 17.1261 190 190 190 255 
-1.26634 -0.120564 17.1143 190 190 190 255 
-1.26712 -0.114668 17.1034 190 190 190 255 
-1.26486 -0.101443 17.1321 190 190 190 255 
-1.25254 1.19378 17.2279 190 190 190 255 
-1.20715 0.31112 17.4126 190 190 190 255 
-1.25493 -0.0850722 17.2131 190 190 190 255 
-1.25522 -0.0885529 17.2112 190 190 190 255 
-1.27 1.20088 17.018 190 190 190 255 
-0.815946 0.626206 19.6078 190 190 190 255 
-0.769916 0.427613 19.655 190 190 190 255 
-0.59202 0.427613 19.7019 190 190 190 255 
-0.932729 0.427613 19.6058 190 190 190 255 
-1.33019 0.571935 19.3895 190 190 190 255 
-1.31704 0.427613 19.4286 190 190 190 255 
-1.58243 0.455633 19.2497 190 190 190 255 
-1.76273 0.507548 19.0904 190 190 190 255 
-2.21408 0.637506 18.5126 190 190 190 255 
-1.92966 0.555611 18.9131 190 190 190 255 
-1.77807 0.427613 19.0854 190 190 190 255 
-2.42132 0.697177 18.0684 190 190 190 255 
-2.32795 0.670292 18.2945 190 190 190 255 
-2.261 0.427613 18.5106 190 190 190 255 
-2.61216 0.427621 17.6042 190 190 190 255 
-2.64698 0.427872 17.1431 190 190 190 255 
-2.59468 0.69657 16.9423 190 190 190 255 
-2.58017 0.742876 16.9423 190 190 190 255 
-2.52811 0.908982 16.9423 190 190 190 255 
-2.57586 0.741675 17.3723 190 190 190 255 
-2.58718 0.744933 17.1439 190 190 190 255 
-2.50724 0.89056 17.5141 190 190 190 255 
-2.42645 0.880182 17.8855 190 190 190 255 
-2.44301 0.88197 17.8205 190 190 190 255 
-2.48559 0.886567 17.6533 190 190 190 255 
-2.54501 0.732792 17.6043 190 190 190 255 
-2.49367 0.718009 17.8373 190 190 190 255 
-2.34581 0.87426 18.1105 190 190 190 255 
-2.03057 0.860845 18.6613 190 190 190 255 
-1.84476 0.793182 18.9131 190 190 190 255 
-1.68518 0.724569 19.0904 190 190 190 255 
-1.68668 0.852587 19.0372 190 190 190 255 
-1.42012 0.833624 19.2497 190 190 190 255 
-1.33724 0.847308 19.2961 190 190 190 255 
-1.24869 0.732992 19.3895 190 190 190 255 
-1.31442 0.847001 19.3114 190 190 190 255 
-1.111 0.844818 19.422 190 190 190 255 
-1.10158 0.844737 19.4261 190 190 190 255 
-0.882797 0.842889 19.5194 190 190 190 255 
-0.758004 0.723735 19.5944 190 190 190 255 
-0.910437 0.843104 19.509 190 190 190 255 
-0.587626 0.561057 19.682 190 190 190 255 
-0.645492 0.495389 19.6861 190 190 190 255 
-0.666177 0.636056 19.6496 190 190 190 255 
-0.742608 0.709034 19.6036 190 190 190 255 
-0.887012 0.520683 19.6078 190 190 190 255 
-1.07015 0.628186 19.509 190 190 190 255 
-0.98441 0.755495 19.509 190 190 190 255 
-1.0584 0.844368 19.4448 190 190 190 255 
-1.44942 0.848813 19.2211 190 190 190 255 
-1.13999 0.490157 19.509 190 190 190 255 
-1.98655 0.85952 18.7192 190 190 190 255 
-2.00002 0.85987 18.7035 190 190 190 255 
-1.98924 0.855304 18.7197 190 190 190 255 
-2.08079 0.599126 18.7197 190 190 190 255 
-1.51281 0.650455 19.2497 190 190 190 255 
-1.50499 0.427613 19.2987 190 190 190 255 
2.48531 0.886927 17.642 190 190 190 255 
2.21846 0.867658 18.373 190 190 190 255 
1.54628 0.850098 19.1532 190 190 190 255 
1.4867 0.849247 19.1952 190 190 190 255 
0.635481 0.841585 19.5941 190 190 190 255 
-0.402138 0.840625 19.6445 190 190 190 255 
-0.351251 0.736708 19.6853 190 190 190 255 
-0.255087 0.775272 19.6853 190 190 190 255 
-0.762847 0.842188 19.5577 190 190 190 255 
-0.623558 0.841445 19.5984 190 190 190 255 
-0.278676 0.840361 19.6597 190 190 190 255 
-0.182891 0.840176 19.6705 190 190 190 255 
0.0158934 0.840085 19.6764 190 190 190 255 
0.0153791 0.816014 19.6853 190 190 190 255 
-0.087303 0.811476 19.6853 190 190 190 255 
-0.0912392 0.840134 19.6732 190 190 190 255 
0.0427666 0.840072 19.6772 190 190 190 255 
0.125716 0.84017 19.672 190 190 190 255 
0.235644 0.8403 19.665 190 190 190 255 
0.355105 0.840568 19.6502 190 190 190 255 
0.315476 0.752722 19.6853 190 190 190 255 
0.406134 0.707934 19.6853 190 190 190 255 
0.488189 0.840947 19.6292 190 190 190 255 
0.741567 0.842075 19.567 190 190 190 255 
0.728062 0.756528 19.5988 190 190 190 255 
1.32932 0.847149 19.2999 190 190 190 255 
1.26601 0.808842 19.3539 190 190 190 255 
1.23882 0.846117 19.3527 190 190 190 255 
1.07855 0.689074 19.4883 190 190 190 255 
1.17786 0.845421 19.3883 190 190 190 255 
1.08642 0.844616 19.4308 190 190 190 255 
1.71451 0.842584 19.0168 190 190 190 255 
1.53799 0.755831 19.1962 190 190 190 255 
1.94389 0.765491 18.8179 190 190 190 255 
2.04695 0.861328 18.6387 190 190 190 255 
1.99865 0.859777 18.7055 190 190 190 255 
2.31254 0.872302 18.1874 190 190 190 255 
2.42241 0.880139 17.8889 190 190 190 255 
2.46731 0.75394 17.8896 190 190 190 255 
2.38494 0.728768 18.1345 190 190 190 255 
2.52585 0.771826 17.6425 190 190 190 255 
2.51187 0.891258 17.4897 190 190 190 255 
2.56121 0.782634 17.3965 190 190 190 255 
2.58136 0.74441 16.9423 190 190 190 255 
2.5683 0.78478 16.9423 190 190 190 255 
2.6579 0.427613 17.1614 190 190 190 255 
2.57685 0.579172 17.6425 190 190 190 255 
2.60431 0.427613 17.6419 190 190 190 255 
2.61114 0.427613 17.6177 190 190 190 255 
2.61294 0.587281 17.3965 190 190 190 255 
2.51714 0.56575 17.8896 190 190 190 255 
1.82697 0.558271 19.0168 190 190 190 255 
1.85443 0.427613 19.0103 190 190 190 255 
2.3247 0.522499 18.3733 190 190 190 255 
0.676876 0.427613 19.68 190 190 190 255 
0.632061 0.516347 19.6853 190 190 190 255 
0.457026 0.427613 19.7382 190 190 190 255 
0.0679174 0.427613 19.7719 190 190 190 255 
0.132304 0.427613 19.7664 190 190 190 255 
0.2019 0.427613 19.7603 190 190 190 255 
-0.181859 0.552713 19.7484 190 190 190 255 
-0.154943 0.427613 19.7647 190 190 190 255 
-0.100399 0.427613 19.7693 190 190 190 255 
-0.0481155 0.427613 19.7737 190 190 190 255 
-7.83914e-010 0.427613 19.7778 190 190 190 255 
0.0109642 0.58176 19.7484 190 190 190 255 
-0.362161 0.427613 19.7471 190 190 190 255 
-0.53797 0.841109 19.6172 190 190 190 255 
-0.437583 0.688939 19.6853 190 190 190 255 
2.03833 0.458133 18.8179 190 190 190 255 
2.19264 0.492817 18.6023 190 190 190 255 
2.27869 0.696302 18.3733 190 190 190 255 
2.4331 0.546861 18.1345 190 190 190 255 
2.57465 0.786739 17.1549 190 190 190 255 
2.62664 0.590362 17.1549 190 190 190 255 
2.65823 0.427613 17.1196 190 190 190 255 
1.77751 0.699973 19.0168 190 190 190 255 
1.38143 0.847744 19.2695 190 190 190 255 
2.20252 0.86702 18.3994 190 190 190 255 
2.09105 0.823443 18.6023 190 190 190 255 
2.14924 0.656746 18.6023 190 190 190 255 
1.99798 0.610526 18.8179 190 190 190 255 
1.63887 0.500791 19.1962 190 190 190 255 
1.5945 0.627903 19.1962 190 190 190 255 
1.34831 0.662617 19.3539 190 190 190 255 
1.14866 0.564501 19.4883 190 190 190 255 
0.813122 0.66426 19.5988 190 190 190 255 
0.991181 0.809721 19.4883 190 190 190 255 
1.20014 0.427613 19.4825 190 190 190 255 
1.43124 0.438136 19.3475 190 190 190 255 
1.41277 0.427613 19.3625 190 190 190 255 
0.942313 0.463093 19.5988 190 190 190 255 
0.879132 0.427613 19.6263 190 190 190 255 
0.884794 0.565287 19.5988 190 190 190 255 
0.565942 0.588069 19.6853 190 190 190 255 
0.489502 0.653072 19.6853 190 190 190 255 
0.62958 0.835566 19.5974 190 190 190 255 
-0.311965 0.491164 19.7484 190 190 190 255 
-0.250417 0.52522 19.7484 190 190 190 255 
-0.173331 0.797541 19.6853 190 190 190 255 
-0.123572 0.56859 19.7484 190 190 190 255 
-0.0622408 0.578525 19.7484 190 190 190 255 
0.0853496 0.57557 19.7484 190 190 190 255 
0.119717 0.807331 19.6853 190 190 190 255 
0.156269 0.560486 19.7484 190 190 190 255 
0.219192 0.786174 19.6853 190 190 190 255 
0.224912 0.536637 19.7484 190 190 190 255 
0.289545 0.504706 19.7484 190 190 190 255 
0.424739 0.427613 19.741 190 190 190 255 
-0.669311 0.80897 19.5988 190 190 190 255 
-0.520273 0.628833 19.6853 190 190 190 255 
-0.589431 0.56278 19.6813 190 190 190 255 
2.63842 0.500795 6.76412 190 190 190 255 
2.61789 0.599609 6.60857 190 190 190 255 
2.61637 0.588056 16.9421 190 190 190 255 
2.58136 0.74441 16.9423 190 190 190 255 
2.57243 0.774534 6.33425 190 190 190 255 
2.57022 0.78103 6.32436 190 190 190 255 
2.52175 0.923544 6.1073 190 190 190 255 
2.51059 0.956364 6.05732 190 190 190 255 
2.48024 1.02803 5.9527 190 190 190 255 
2.46328 1.06809 5.89423 190 190 190 255 
2.4269 1.15097 5.77434 190 190 190 255 
2.58041 0.74416 6.38184 190 190 190 255 
2.2097 1.52787 8.86526 190 190 190 255 
2.26193 1.44722 5.37417 190 190 190 255 
2.21115 1.5259 8.88227 190 190 190 255 
2.28802 1.40803 9.99078 190 190 190 255 
2.42697 1.15106 12.8948 190 190 190 255 
2.20859 1.52709 5.27186 190 190 190 255 
1.93373 1.86404 6.13781 190 190 190 255 
2.12299 1.64635 5.12206 190 190 190 255 
1.98369 1.81035 6.54252 190 190 190 255 
2.01892 1.77247 6.82799 190 190 190 255 
2.1328 1.63242 7.96403 190 190 190 255 
1.93294 1.8632 4.85502 190 190 190 255 
1.86275 1.93505 4.76668 190 190 190 255 
1.74503 2.04037 4.63589 190 190 190 255 
1.7896 2.00368 5.13219 190 190 190 255 
1.82016 1.9746 5.33987 190 190 190 255 
1.3339 2.25182 4.33762 190 190 190 255 
1.35088 2.24801 4.31855 190 190 190 255 
1.27767 2.25967 4.2852 190 190 190 255 
1.29469 2.25584 4.26584 190 190 190 255 
1.31091 2.24884 4.247 190 190 190 255 
1.29852 2.25498 4.26149 190 190 190 255 
1.39959 2.21965 4.2602 190 190 190 255 
1.41402 2.20453 4.24153 190 190 190 255 
1.37137 2.19546 4.17362 190 190 190 255 
1.35884 2.2108 4.18933 190 190 190 255 
1.38963 2.16292 4.14957 190 190 190 255 
1.38446 2.17224 4.15639 190 190 190 255 
1.38344 2.17408 4.15774 190 190 190 255 
1.4084 2.10428 4.12192 190 190 190 255 
1.46068 2.09728 4.16899 190 190 190 255 
1.41158 2.09085 4.11683 190 190 190 255 
1.46411 2.07247 4.16014 190 190 190 255 
1.41331 2.07589 4.11318 190 190 190 255 
1.46562 2.04762 4.15334 190 190 190 255 
1.4161 2.05185 4.1073 190 190 190 255 
1.41612 2.02572 4.10426 190 190 190 255 
1.46302 1.99902 4.14603 190 190 190 255 
1.5665 1.99577 4.24599 190 190 190 255 
1.56222 1.97268 4.2413 190 190 190 255 
1.55839 1.97419 4.23744 190 190 190 255 
1.72528 1.88701 4.41323 190 190 190 255 
1.65083 1.93344 4.33217 190 190 190 255 
1.73609 1.92782 4.43306 190 190 190 255 
1.7374 1.9349 4.437 190 190 190 255 
1.66029 1.97792 4.34795 190 190 190 255 
1.73992 1.94854 4.44458 190 190 190 255 
1.7404 1.96118 4.45326 190 190 190 255 
1.74061 1.98669 4.47144 190 190 190 255 
1.65558 2.06906 4.40286 190 190 190 255 
1.73734 2.01246 4.49289 190 190 190 255 
1.64869 2.08956 4.42068 190 190 190 255 
1.73041 2.03356 4.5142 190 190 190 255 
1.72793 2.04112 4.52185 190 190 190 255 
1.72193 2.05114 4.53438 190 190 190 255 
1.72091 2.05284 4.5365 190 190 190 255 
1.71309 2.06588 4.55281 190 190 190 255 
1.62821 2.12487 4.45947 190 190 190 255 
1.61499 2.13903 4.47972 190 190 190 255 
1.69532 2.08407 4.58154 190 190 190 255 
1.69873 2.08058 4.57603 190 190 190 255 
1.56499 2.16819 4.49978 190 190 190 255 
1.60016 2.15058 4.50005 190 190 190 255 
1.48433 2.2074 4.45135 190 190 190 255 
1.46614 2.21482 4.43184 190 190 190 255 
1.31557 2.25072 4.35728 190 190 190 255 
1.31719 2.25082 4.35533 190 190 190 255 
1.32121 2.24992 4.3603 190 190 190 255 
1.3677 2.24144 4.29908 190 190 190 255 
1.52772 1.98637 4.20649 190 190 190 255 
1.46537 2.02312 4.14852 190 190 190 255 
1.56922 2.04384 4.26193 190 190 190 255 
1.5677 2.06801 4.27285 190 190 190 255 
1.45525 2.1216 4.17989 190 190 190 255 
1.55822 2.11442 4.3004 190 190 190 255 
1.44779 2.14494 4.19278 190 190 190 255 
1.43834 2.16683 4.2075 190 190 190 255 
1.55021 2.13574 4.31672 190 190 190 255 
1.42701 2.18682 4.22385 190 190 190 255 
1.5401 2.15522 4.33444 190 190 190 255 
1.51434 2.1872 4.37272 190 190 190 255 
1.6329 1.94462 4.31264 190 190 190 255 
1.6564 1.95498 4.3389 190 190 190 255 
1.56876 2.01963 4.25299 190 190 190 255 
1.66235 2.00119 4.35891 190 190 190 255 
1.66234 2.02443 4.37179 190 190 190 255 
1.66012 2.0472 4.38648 190 190 190 255 
1.56405 2.09169 4.28571 190 190 190 255 
1.63951 2.10828 4.43967 190 190 190 255 
1.52806 2.17247 4.35322 190 190 190 255 
1.48304 2.20842 4.41238 190 190 190 255 
1.49923 2.19921 4.39256 190 190 190 255 
1.38404 2.23199 4.27951 190 190 190 255 
0.223886 0.427355 3.25608 190 190 190 255 
0.764777 0.728058 3.61677 190 190 190 255 
2.22538 0.709265 5.1519 190 190 190 255 
2.20655 0.745289 5.11415 190 190 190 255 
2.28189 1.30863 5.27191 190 190 190 255 
2.28083 1.31026 5.26933 190 190 190 255 
2.15829 0.807113 5.02375 190 190 190 255 
2.27675 1.31658 5.2594 190 190 190 255 
2.13184 0.828315 4.97777 190 190 190 255 
2.10437 0.850338 4.93002 190 190 190 255 
2.10013 1.5379 4.92745 190 190 190 255 
2.03483 1.61164 4.81861 190 190 190 255 
2.00464 0.883476 4.77431 190 190 190 255 
1.99279 1.65228 4.75899 190 190 190 255 
1.89294 1.74882 4.61738 190 190 190 255 
1.88886 1.75219 4.61241 190 190 190 255 
2.30948 0.381 5.334 190 190 190 255 
2.35238 1.1996 5.44353 190 190 190 255 
2.36762 1.17603 5.48064 190 190 190 255 
2.43559 1.04978 5.68857 190 190 190 255 
2.47568 0.966971 5.82782 190 190 190 255 
2.43948 0.381117 5.70062 190 190 190 255 
2.45763 1.00883 5.75603 190 190 190 255 
2.29211 0.508168 5.29374 190 190 190 255 
2.55517 0.768618 6.17167 190 190 190 255 
2.54269 0.380961 6.09916 190 190 190 255 
2.53474 0.830006 6.06273 190 190 190 255 
2.54202 0.38098 6.09587 190 190 190 255 
2.54135 0.38096 6.09284 190 190 190 255 
2.57554 0.7074 6.28031 190 190 190 255 
2.59644 0.644601 6.39175 190 190 190 255 
1.55882 0.889 4.23703 190 190 190 255 
1.19259 0.889 3.91468 190 190 190 255 
1.41613 2.00818 4.10222 190 190 190 255 
1.19251 2.02863 3.91479 190 190 190 255 
1.05361 0.889 3.81 190 190 190 255 
0.805978 0.748943 3.64183 190 190 190 255 
0.680484 2.06793 3.56427 190 190 190 255 
0.728381 2.06444 3.59494 190 190 190 255 
0.322167 2.09689 3.33681 190 190 190 255 
0.432101 2.08699 3.4108 190 190 190 255 
0.184457 2.11483 3.21542 190 190 190 255 
0.205844 2.1111 3.23923 190 190 190 255 
0.231144 2.10801 3.26046 190 190 190 255 
0.33372 0.501881 3.34539 190 190 190 255 
0.0646517 2.13947 3.06208 190 190 190 255 
0.117133 2.12657 3.14046 190 190 190 255 
-0.00492363 2.16706 2.89715 190 190 190 255 
0.00740012 2.15925 2.9439 190 190 190 255 
-0.0138071 0.254 2.87431 190 190 190 255 
0.0237694 2.15316 2.98023 190 190 190 255 
0.0263658 0.254 2.99101 190 190 190 255 
0.0515679 2.14281 3.04191 190 190 190 255 
0.0677843 0.272472 3.07006 190 190 190 255 
-0.0254875 2.18009 2.81915 190 190 190 255 
-0.0111389 2.171 2.87358 190 190 190 255 
-0.038096 2.20476 2.66697 190 190 190 255 
-0.0381 0.254 2.667 190 190 190 255 
-1.20715 0.31112 6.97143 190 190 190 255 
-2.58591 0.328221 6.96105 190 190 190 255 
-2.58975 0.336746 6.95434 190 190 190 255 
-2.59311 0.344667 6.94693 190 190 190 255 
-1.19531 0.352886 6.93698 190 190 190 255 
-2.60139 0.369231 6.91139 190 190 190 255 
-2.60208 0.373368 6.90136 190 190 190 255 
-2.60221 0.376633 6.89102 190 190 190 255 
-1.17783 0.376633 6.89102 190 190 190 255 
-2.60178 0.379004 6.88043 190 190 190 255 
-2.59451 0.37929 6.83723 190 190 190 255 
-1.14977 0.37706 6.82661 190 190 190 255 
-2.58775 0.373932 6.81622 190 190 190 255 
-1.13994 0.369929 6.80614 190 190 190 255 
-2.56338 0.345838 6.77028 190 190 190 255 
-2.55139 0.32958 6.75594 190 190 190 255 
-1.11388 0.32958 6.75594 190 190 190 255 
-1.27 0.329476 7.51786 190 190 190 255 
-2.60102 0.329476 7.51786 190 190 190 255 
-1.27 0.345659 7.53209 190 190 190 255 
-2.60947 0.345659 7.53209 190 190 190 255 
-1.27 0.359202 7.54885 190 190 190 255 
-2.62413 0.373739 7.57767 190 190 190 255 
-1.27 0.369716 7.56767 190 190 190 255 
-1.27 0.376898 7.58799 190 190 190 255 
-1.27 0.380542 7.60922 190 190 190 255 
-2.62792 0.381 7.62 190 190 190 255 
-1.27 0.380542 7.63078 190 190 190 255 
-2.62696 0.379172 7.64147 190 190 190 255 
-2.62578 0.376898 7.65202 190 190 190 255 
-1.27 0.376898 7.65202 190 190 190 255 
-2.62413 0.373739 7.66233 190 190 190 255 
-1.27 0.369716 7.67233 190 190 190 255 
-2.61949 0.364859 7.68196 190 190 190 255 
-1.27 0.31112 7.73343 190 190 190 255 
-2.59144 0.31112 7.73343 190 190 190 255 
-2.59144 0.31112 8.26857 190 190 190 255 
-1.27 0.329476 8.27986 190 190 190 255 
-1.27 0.345659 8.29409 190 190 190 255 
-2.60947 0.345659 8.29409 190 190 190 255 
-1.27 0.359202 8.31085 190 190 190 255 
-2.61654 0.359202 8.31085 190 190 190 255 
-2.61949 0.364859 8.32004 190 190 190 255 
-2.62413 0.373739 8.33967 190 190 190 255 
-2.62578 0.376898 8.34998 190 190 190 255 
-1.27 0.376898 8.34998 190 190 190 255 
-2.62696 0.379172 8.36053 190 190 190 255 
-1.27 0.380542 8.37123 190 190 190 255 
-1.27 0.380542 8.39277 190 190 190 255 
-2.62792 0.381 8.382 190 190 190 255 
-2.62768 0.380542 8.39277 190 190 190 255 
-1.27 0.376898 8.41401 190 190 190 255 
-2.61949 0.364859 8.44396 190 190 190 255 
-1.27 0.345659 8.46991 190 190 190 255 
-2.60947 0.345659 8.46991 190 190 190 255 
-1.27 0.329476 8.48414 190 190 190 255 
-1.27 0.31112 8.49543 190 190 190 255 
-2.59144 0.31112 9.03057 190 190 190 255 
-1.27 0.329476 9.04186 190 190 190 255 
-2.60102 0.329476 9.04186 190 190 190 255 
-1.27 0.359202 9.07286 190 190 190 255 
-2.61949 0.364859 9.08204 190 190 190 255 
-1.27 0.376898 9.11198 190 190 190 255 
-2.62696 0.379172 9.12253 190 190 190 255 
-2.62768 0.380542 9.13322 190 190 190 255 
-1.27 0.380542 9.13322 190 190 190 255 
-1.27 0.380542 9.15478 190 190 190 255 
-2.62578 0.376898 9.17601 190 190 190 255 
-2.62413 0.373739 9.18633 190 190 190 255 
-2.61949 0.364859 9.20596 190 190 190 255 
-1.27 0.359202 9.21515 190 190 190 255 
-2.61654 0.359202 9.21515 190 190 190 255 
-2.60102 0.329476 9.24614 190 190 190 255 
-1.27 0.31112 9.25743 190 190 190 255 
-1.27 0.329476 9.80386 190 190 190 255 
-1.27 0.345659 9.81809 190 190 190 255 
-2.60947 0.345659 9.81809 190 190 190 255 
-2.61654 0.359202 9.83486 190 190 190 255 
-2.61949 0.364859 9.84404 190 190 190 255 
-2.62203 0.369716 9.85367 190 190 190 255 
-2.62413 0.373739 9.86367 190 190 190 255 
-2.62578 0.376898 9.87399 190 190 190 255 
-1.27 0.380542 9.89523 190 190 190 255 
-2.62768 0.380542 9.89523 190 190 190 255 
-2.62768 0.380542 9.91678 190 190 190 255 
-2.62696 0.379172 9.92747 190 190 190 255 
-2.62413 0.373739 9.94833 190 190 190 255 
-1.27 0.376898 9.93802 190 190 190 255 
-1.27 0.359202 9.97714 190 190 190 255 
-2.61949 0.364859 9.96796 190 190 190 255 
-2.60102 0.329476 10.0081 190 190 190 255 
-1.27 0.329476 10.0081 190 190 190 255 
-1.27 0.329476 10.5659 190 190 190 255 
-1.27 0.345659 10.5801 190 190 190 255 
-2.61949 0.364859 10.606 190 190 190 255 
-1.27 0.359202 10.5969 190 190 190 255 
-2.62413 0.373739 10.6257 190 190 190 255 
-2.62578 0.376898 10.636 190 190 190 255 
-2.62696 0.379172 10.6465 190 190 190 255 
-2.62768 0.380542 10.6572 190 190 190 255 
-2.62768 0.380542 10.6788 190 190 190 255 
-2.62578 0.376898 10.7 190 190 190 255 
-2.62413 0.373739 10.7103 190 190 190 255 
-2.61949 0.364859 10.73 190 190 190 255 
-1.27 0.345659 10.7559 190 190 190 255 
-2.60947 0.345659 10.7559 190 190 190 255 
-1.27 0.31112 10.7814 190 190 190 255 
-2.59144 0.31112 10.7814 190 190 190 255 
-1.27 0.31112 11.3166 190 190 190 255 
-2.59144 0.31112 11.3166 190 190 190 255 
-2.60102 0.329476 11.3279 190 190 190 255 
-2.61654 0.359202 11.3589 190 190 190 255 
-2.62203 0.369716 11.3777 190 190 190 255 
-2.62413 0.373739 11.3877 190 190 190 255 
-2.62696 0.379172 11.4085 190 190 190 255 
-1.27 0.380542 11.4192 190 190 190 255 
-2.62768 0.380542 11.4408 190 190 190 255 
-2.62696 0.379172 11.4515 190 190 190 255 
-1.27 0.376898 11.462 190 190 190 255 
-1.27 0.369716 11.4823 190 190 190 255 
-1.27 0.359202 11.5011 190 190 190 255 
-2.61654 0.359202 11.5011 190 190 190 255 
-2.60102 0.329476 12.0899 190 190 190 255 
-1.27 0.345659 12.1041 190 190 190 255 
-2.60947 0.345659 12.1041 190 190 190 255 
-1.27 0.359202 12.1209 190 190 190 255 
-2.61654 0.359202 12.1209 190 190 190 255 
-1.27 0.369716 12.1397 190 190 190 255 
-2.62203 0.369716 12.1397 190 190 190 255 
-2.62413 0.373739 12.1497 190 190 190 255 
-1.27 0.376898 12.16 190 190 190 255 
-1.27 0.380542 12.1812 190 190 190 255 
-2.62768 0.380542 12.1812 190 190 190 255 
-2.62768 0.380542 12.2028 190 190 190 255 
-1.27 0.380542 12.2028 190 190 190 255 
-1.27 0.376898 12.224 190 190 190 255 
-2.62578 0.376898 12.224 190 190 190 255 
-1.27 0.359202 12.2631 190 190 190 255 
-2.61654 0.359202 12.2631 190 190 190 255 
-1.27 0.345659 12.2799 190 190 190 255 
-2.60102 0.329476 12.2941 190 190 190 255 
-1.27 0.31112 12.3054 190 190 190 255 
-2.59144 0.31112 12.3054 190 190 190 255 
-1.27 0.329476 12.8519 190 190 190 255 
-2.60947 0.345659 12.8661 190 190 190 255 
-2.61654 0.359202 12.8829 190 190 190 255 
-2.62203 0.369716 12.9017 190 190 190 255 
-1.27 0.369716 12.9017 190 190 190 255 
-2.62696 0.379172 12.9325 190 190 190 255 
-1.27 0.380542 12.9432 190 190 190 255 
-1.27 0.380542 12.9648 190 190 190 255 
-2.62696 0.379172 12.9755 190 190 190 255 
-2.62578 0.376898 12.986 190 190 190 255 
-1.27 0.376898 12.986 190 190 190 255 
-2.62413 0.373739 12.9963 190 190 190 255 
-1.27 0.369716 13.0063 190 190 190 255 
-2.61949 0.364859 13.016 190 190 190 255 
-1.27 0.359202 13.0251 190 190 190 255 
-2.60947 0.345659 13.0419 190 190 190 255 
-2.60102 0.329476 13.0561 190 190 190 255 
-1.27 0.329476 13.6139 190 190 190 255 
-2.61949 0.364859 13.654 190 190 190 255 
-1.27 0.369716 13.6637 190 190 190 255 
-2.62203 0.369716 13.6637 190 190 190 255 
-2.62413 0.373739 13.6737 190 190 190 255 
-2.62578 0.376898 13.684 190 190 190 255 
-1.27 0.376898 13.684 190 190 190 255 
-2.62696 0.379172 13.6945 190 190 190 255 
-1.27 0.380542 13.7052 190 190 190 255 
-1.27 0.380542 13.7268 190 190 190 255 
-2.62578 0.376898 13.748 190 190 190 255 
-2.62413 0.373739 13.7583 190 190 190 255 
-1.27 0.369716 13.7683 190 190 190 255 
-1.27 0.359202 13.7871 190 190 190 255 
-1.27 0.345659 13.8039 190 190 190 255 
-1.27 0.31112 13.8294 190 190 190 255 
-1.27 0.329476 14.3759 190 190 190 255 
-2.60947 0.345659 14.3901 190 190 190 255 
-1.27 0.359202 14.4069 190 190 190 255 
-2.61654 0.359202 14.4069 190 190 190 255 
-2.61949 0.364859 14.416 190 190 190 255 
-1.27 0.369716 14.4257 190 190 190 255 
-2.62413 0.373739 14.4357 190 190 190 255 
-1.27 0.376898 14.446 190 190 190 255 
-2.62696 0.379172 14.4995 190 190 190 255 
-1.27 0.376898 14.51 190 190 190 255 
-1.27 0.369716 14.5303 190 190 190 255 
-2.61949 0.364859 14.54 190 190 190 255 
-1.27 0.359202 14.5491 190 190 190 255 
-2.59144 0.31112 15.1266 190 190 190 255 
-2.60102 0.329476 15.1379 190 190 190 255 
-2.60947 0.345659 15.1521 190 190 190 255 
-1.27 0.359202 15.1689 190 190 190 255 
-2.62203 0.369716 15.1877 190 190 190 255 
-2.62413 0.373739 15.1977 190 190 190 255 
-2.62578 0.376898 15.208 190 190 190 255 
-1.27 0.376898 15.208 190 190 190 255 
-1.27 0.380542 15.2508 190 190 190 255 
-2.62768 0.380542 15.2508 190 190 190 255 
-1.27 0.376898 15.272 190 190 190 255 
-2.62413 0.373739 15.2823 190 190 190 255 
-1.27 0.369716 15.2923 190 190 190 255 
-2.61949 0.364859 15.302 190 190 190 255 
-1.27 0.359202 15.3111 190 190 190 255 
-2.61654 0.359202 15.3111 190 190 190 255 
-2.60947 0.345659 15.3279 190 190 190 255 
-2.60102 0.329476 15.8999 190 190 190 255 
-2.60947 0.345659 15.9141 190 190 190 255 
-2.61654 0.359202 15.9309 190 190 190 255 
-1.27 0.359202 15.9309 190 190 190 255 
-1.27 0.369716 15.9497 190 190 190 255 
-2.62203 0.369716 15.9497 190 190 190 255 
-1.27 0.376898 15.97 190 190 190 255 
-2.62578 0.376898 15.97 190 190 190 255 
-2.62696 0.379172 15.9805 190 190 190 255 
-2.62768 0.380542 15.9912 190 190 190 255 
-1.27 0.380542 16.0128 190 190 190 255 
-1.27 0.376898 16.034 190 190 190 255 
-2.62696 0.379172 16.0235 190 190 190 255 
-2.62413 0.373739 16.0443 190 190 190 255 
-1.27 0.369716 16.0543 190 190 190 255 
-2.61654 0.359202 16.0731 190 190 190 255 
-1.27 0.359202 16.0731 190 190 190 255 
-1.27 0.329476 16.1041 190 190 190 255 
-2.60102 0.329476 16.1041 190 190 190 255 
-2.5835 0.316897 17.4157 190 190 190 255 
-1.20613 0.316921 17.4157 190 190 190 255 
-2.58431 0.318649 17.4167 190 190 190 255 
-1.20222 0.333983 17.4274 190 190 190 255 
-2.59104 0.333891 17.4275 190 190 190 255 
-2.59181 0.335648 17.4287 190 190 190 255 
-2.59718 0.348854 17.4417 190 190 190 255 
-2.59759 0.349854 17.4427 190 190 190 255 
-1.19726 0.348926 17.4416 190 190 190 255 
-2.60414 0.370701 17.4766 190 190 190 255 
-1.19129 0.361355 17.4581 190 190 190 255 
-2.60162 0.361248 17.4582 190 190 190 255 
-2.60135 0.360297 17.4565 190 190 190 255 
-2.60474 0.377118 17.4962 190 190 190 255 
-1.16807 0.380645 17.5165 190 190 190 255 
-2.60447 0.379558 17.5069 190 190 190 255 
-2.59935 0.38004 17.5416 190 190 190 255 
-2.59497 0.37681 17.5575 190 190 190 255 
-1.13122 0.360446 17.5953 190 190 190 255 
-1.14032 0.370273 17.5771 190 190 190 255 
-2.5796 0.360311 17.5952 190 190 190 255 
-2.56905 0.34676 17.6127 190 190 190 255 
-2.559 0.332578 17.6256 190 190 190 255 
-1.10886 0.315454 17.6371 190 190 190 255 
-2.54757 0.315262 17.6368 190 190 190 255 
-1.27 0.329476 16.6619 190 190 190 255 
-1.27 0.345659 16.6761 190 190 190 255 
-2.60947 0.345659 16.6761 190 190 190 255 
-2.61654 0.359202 16.6929 190 190 190 255 
-2.61949 0.364859 16.702 190 190 190 255 
-2.62203 0.369716 16.7117 190 190 190 255 
-2.62413 0.373739 16.7217 190 190 190 255 
-1.27 0.376898 16.732 190 190 190 255 
-2.62578 0.376898 16.732 190 190 190 255 
-1.27 0.380542 16.7532 190 190 190 255 
-2.62696 0.379172 16.7425 190 190 190 255 
-2.62768 0.380542 16.7532 190 190 190 255 
-1.27 0.380542 16.7748 190 190 190 255 
-2.62696 0.379172 16.7855 190 190 190 255 
-2.62203 0.369716 16.8163 190 190 190 255 
-1.27 0.369716 16.8163 190 190 190 255 
-2.61654 0.359202 16.8351 190 190 190 255 
-2.60947 0.345659 16.8519 190 190 190 255 
-2.59144 0.31112 16.8774 190 190 190 255 
-1.20736 0.254 2.98176 190 190 190 255 
-1.38602 0.254 2.88483 190 190 190 255 
-1.38602 -0.381 2.88483 190 190 190 255 
-1.5463 0.254 2.75984 190 190 190 255 
-1.68385 0.254 2.6102 190 190 190 255 
-1.68385 -0.381 2.6102 190 190 190 255 
-1.79492 0.254 2.43998 190 190 190 255 
-1.79492 -0.381 2.43998 190 190 190 255 
-1.92633 0.254 2.05676 190 190 190 255 
-1.9431 0.254 1.8542 190 190 190 255 
-1.71299 -0.477229 2.00775 190 190 190 255 
-1.45695 -0.381 2.22422 190 190 190 255 
-1.71299 -1.57373 1.34411 190 190 190 255 
-1.71299 -1.80556 1.00306 190 190 190 255 
-1.71299 -1.68461 1.19619 190 190 190 255 
-1.71299 -1.99008 0.547978 190 190 190 255 
-1.71299 -2.03865 0.344826 190 190 190 255 
-1.71299 -1.83815 0.95103 190 190 190 255 
-1.45719 -2.04805 0.948491 190 190 190 255 
-1.71299 -1.87753 0.856883 190 190 190 255 
-1.71299 -1.94109 0.704927 190 190 190 255 
-1.45719 -1.9529 1.13152 190 190 190 255 
-1.45719 -1.84041 1.30655 190 190 190 255 
-1.45719 -2.24931 0.186382 190 190 190 255 
-1.1811 -2.37152 0.401507 190 190 190 255 
-1.45719 -2.18425 0.568515 190 190 190 255 
-1.1811 -2.35243 0.537254 190 190 190 255 
-1.45719 -2.12523 0.759974 190 190 190 255 
-1.1811 -2.26516 0.810278 190 190 190 255 
-1.1811 -2.22793 0.926768 190 190 190 255 
-1.1811 -2.18409 1.01118 190 190 190 255 
-1.1811 -0.381 2.38273 190 190 190 255 
-1.1811 -0.556181 2.33923 190 190 190 255 
-1.1811 -0.755003 2.28986 190 190 190 255 
-1.45719 -0.706625 2.14356 190 190 190 255 
-1.45719 -1.2455 1.88226 190 190 190 255 
-1.1811 -1.49385 1.89499 190 190 190 255 
-1.45719 -1.0707 1.9869 190 190 190 255 
-1.1811 -1.1444 2.12354 190 190 190 255 
-1.71299 -0.646724 1.96111 190 190 190 255 
-1.71299 -0.713334 1.94278 190 190 190 255 
-1.1811 -0.777875 2.28418 190 190 190 255 
-1.45719 -0.890253 2.07403 190 190 190 255 
-1.71299 -0.572373 1.98157 190 190 190 255 
-1.45719 -0.522159 2.19579 190 190 190 255 
-1.47124 -0.381 2.21537 190 190 190 255 
-1.71299 -1.29313 1.61193 190 190 190 255 
-1.71299 -1.13815 1.72035 190 190 190 255 
-1.71299 -0.979861 1.8178 190 190 190 255 
-1.45659 -2.256 1.42693e-008 190 190 190 255 
-1.45719 -2.22539 0.376562 190 190 190 255 
-1.71299 -2.04496 0.318419 190 190 190 255 
-1.71299 -2.05217 0.225199 190 190 190 255 
-1.71299 -2.05641 0.170431 190 190 190 255 
-1.45719 -1.5683 1.62314 190 190 190 255 
-1.45719 -1.41217 1.76066 190 190 190 255 
-1.1811 -1.67096 1.72919 190 190 190 255 
-1.1811 -1.50864 1.88114 190 190 190 255 
-1.71299 -1.32663 1.58849 190 190 190 255 
-1.71299 -1.43303 1.48326 190 190 190 255 
-1.71299 -1.52608 1.39123 190 190 190 255 
-1.45719 -1.71169 1.47115 190 190 190 255 
-1.24023 1.37432 -1.94696 190 190 190 255 
-1.71299 -0.379656 -2.03201 190 190 190 255 
-1.47851 2.05741 -0.89366 190 190 190 255 
-1.71299 2.00546 -0.497715 190 190 190 255 
-1.71299 1.28634 -1.61527 190 190 190 255 
-1.71299 1.41261 -1.51254 190 190 190 255 
-1.71299 0.717212 -1.93962 190 190 190 255 
-1.47851 0.456375 -2.1962 190 190 190 255 
-1.71299 0.0822919 -2.06478 190 190 190 255 
-1.71299 0.141235 -2.06478 190 190 190 255 
-1.71299 0.241338 -2.05102 190 190 190 255 
-1.71299 -0.918225 -1.8523 190 190 190 255 
-1.47851 -0.751174 -2.1136 190 190 190 255 
-1.71299 -0.693067 -1.9501 190 190 190 255 
-1.71299 -1.14305 -1.72148 190 190 190 255 
-1.71299 -0.952151 -1.83757 190 190 190 255 
-1.47851 -1.03198 -1.99163 190 190 190 255 
-1.71299 -1.51112 -1.40707 190 190 190 255 
-1.47851 -1.53105 -1.63935 190 190 190 255 
-1.71299 -1.41261 -1.51254 190 190 190 255 
-1.71299 -1.33644 -1.57451 190 190 190 255 
-1.47851 -1.29356 -1.83256 190 190 190 255 
-1.47851 -1.91656 -1.16549 190 190 190 255 
-1.71299 -1.76831 -1.07533 190 190 190 255 
-1.71299 -1.89826 -0.824532 190 190 190 255 
-1.47851 -2.15994 -0.605186 190 190 190 255 
-1.71299 -2.02302 -0.41323 190 190 190 255 
-1.71299 -1.99285 -0.558372 190 190 190 255 
-1.71299 -1.94006 -0.706925 190 190 190 255 
-1.71299 -2.0696 1.42693e-008 190 190 190 255 
-1.71299 -2.06282 -0.0992035 190 190 190 255 
-1.71299 1.92094 -0.760717 190 190 190 255 
-1.47851 2.15994 -0.605186 190 190 190 255 
-1.71299 1.79493 -1.02396 190 190 190 255 
-1.47851 1.91656 -1.16549 190 190 190 255 
-1.47851 0.751174 -2.1136 190 190 190 255 
-1.24023 0.162632 -2.37759 190 190 190 255 
-1.47851 0.153076 -2.23789 190 190 190 255 
-1.47851 -0.153076 -2.23789 190 190 190 255 
-1.47851 -0.456375 -2.1962 190 190 190 255 
-1.24023 -0.798069 -2.24555 190 190 190 255 
-1.24023 -1.0964 -2.11596 190 190 190 255 
-1.24023 -1.37432 -1.94696 190 190 190 255 
-1.24023 -2.03621 -1.23825 190 190 190 255 
-1.24023 -2.18585 -0.94945 190 190 190 255 
-1.47851 -2.05741 -0.89366 190 190 190 255 
-1.24023 -2.29478 -0.642966 190 190 190 255 
-1.47851 -2.22222 -0.305437 190 190 190 255 
-1.47851 2.24312 1.42693e-008 190 190 190 255 
-1.1811 2.39053 -0.32857 190 190 190 255 
-1.24023 2.36095 -0.324505 190 190 190 255 
-1.47851 2.22222 -0.305437 190 190 190 255 
-1.71299 1.99285 -0.558372 190 190 190 255 
-1.24023 2.29478 -0.642966 190 190 190 255 
-1.24023 2.18585 -0.94945 190 190 190 255 
-1.1811 2.13345 -1.11532 190 190 190 255 
-1.24023 1.84864 -1.50398 190 190 190 255 
-1.24023 2.03621 -1.23825 190 190 190 255 
-1.71299 1.62511 -1.27819 190 190 190 255 
-1.24023 1.62663 -1.74169 190 190 190 255 
-1.1811 1.87179 -1.52282 190 190 190 255 
-1.1811 1.647 -1.76351 190 190 190 255 
-1.71299 1.52125 -1.39621 190 190 190 255 
-1.47851 1.74001 -1.4156 190 190 190 255 
-1.47851 1.53105 -1.63935 190 190 190 255 
-1.47851 1.03198 -1.99163 190 190 190 255 
-1.47851 1.29356 -1.83256 190 190 190 255 
-1.71299 1.1561 -1.71354 190 190 190 255 
-1.24023 1.0964 -2.11596 190 190 190 255 
-1.1811 1.11014 -2.14247 190 190 190 255 
-1.1811 0.960517 -2.20746 190 190 190 255 
-1.24023 0.798069 -2.24555 190 190 190 255 
-1.24023 0.484866 -2.3333 190 190 190 255 
-1.24023 -0.162632 -2.37759 190 190 190 255 
-1.1811 0.171282 -2.40647 190 190 190 255 
-1.1811 0.490939 -2.36253 190 190 190 255 
-1.24023 -0.484866 -2.3333 190 190 190 255 
-1.71299 -0.421073 -2.02631 190 190 190 255 
-1.1811 -0.237018 -2.39743 190 190 190 255 
-1.1811 -1.647 -1.76351 190 190 190 255 
-1.1811 -1.11014 -2.14247 190 190 190 255 
-1.1811 -1.02145 -2.18099 190 190 190 255 
-1.24023 -1.62663 -1.74169 190 190 190 255 
-1.1811 -1.68983 -1.71765 190 190 190 255 
-1.47851 -1.74001 -1.4156 190 190 190 255 
-1.24023 -1.84864 -1.50398 190 190 190 255 
-1.1811 -2.39053 -0.32857 190 190 190 255 
-1.1811 -2.39411 -0.27623 190 190 190 255 
-1.71299 -2.0519 -0.258737 190 190 190 255 
-1.47851 -2.24312 1.42693e-008 190 190 190 255 
-1.24023 -2.36095 -0.324505 190 190 190 255 
-1.24023 -2.38315 1.42693e-008 190 190 190 255 
-1.9812 1.12564 0.19848 190 190 190 255 
-1.9812 0.596731 -0.217193 190 190 190 255 
-1.9812 1.07407 -0.390929 190 190 190 255 
-1.9812 0.989867 -0.5715 190 190 190 255 
-1.9812 0.48646 -0.408188 190 190 190 255 
-1.9812 0.408188 -0.48646 190 190 190 255 
-1.9812 0.734706 -0.875588 190 190 190 255 
-1.9812 0.217192 -0.596731 190 190 190 255 
-1.9812 0.5715 -0.989867 190 190 190 255 
-1.9812 0.390929 -1.07407 190 190 190 255 
-1.9812 0.19848 -1.12564 190 190 190 255 
-1.9812 1.73472e-015 -0.635028 190 190 190 255 
-1.9812 -2.1684e-016 -1.143 190 190 190 255 
-1.9812 -0.19848 -1.12564 190 190 190 255 
-1.9812 -0.110271 -0.62538 190 190 190 255 
-1.9812 -0.217192 -0.596731 190 190 190 255 
-1.9812 -0.390929 -1.07407 190 190 190 255 
-1.9812 -0.408188 -0.48646 190 190 190 255 
-1.9812 -0.48646 -0.408188 190 190 190 255 
-1.9812 -0.54995 -0.317514 190 190 190 255 
-1.9812 -1.07407 -0.390929 190 190 190 255 
-1.9812 -0.62538 -0.110271 190 190 190 255 
-1.9812 -1.143 1.42693e-008 190 190 190 255 
-1.9812 -0.62538 0.110271 190 190 190 255 
-1.9812 -1.12564 0.19848 190 190 190 255 
-1.9812 -0.596731 0.217192 190 190 190 255 
-1.9812 -0.54995 0.317514 190 190 190 255 
-1.9812 -0.989867 0.5715 190 190 190 255 
-1.9812 -0.875589 0.734706 190 190 190 255 
-1.9812 -0.408188 0.48646 190 190 190 255 
-1.9812 -0.19848 1.12564 190 190 190 255 
-1.9812 2.79954e-016 1.143 190 190 190 255 
-1.9812 0.110271 0.62538 190 190 190 255 
-1.9812 0.19848 1.12564 190 190 190 255 
-1.9812 0.390929 1.07407 190 190 190 255 
-1.9812 0.317514 0.549951 190 190 190 255 
-1.9812 0.5715 0.989867 190 190 190 255 
-1.9812 0.875589 0.734706 190 190 190 255 
-1.9812 0.596731 0.217192 190 190 190 255 
-1.9812 0.989867 0.5715 190 190 190 255 
-0.285229 -1.02331 -2.18527 190 190 190 255 
-0.285229 2.38859 -0.34233 190 190 190 255 
-0.285229 2.16907 -1.04477 190 190 190 255 
-0.285229 2.29649 -0.740751 190 190 190 255 
-0.285229 2.08795 -1.19725 190 190 190 255 
-0.285229 1.64437 -1.76596 190 190 190 255 
-0.285229 1.76512 -1.6327 190 190 190 255 
-0.285229 1.32255 -2.01827 190 190 190 255 
-0.285229 1.33752 -2.00653 190 190 190 255 
-0.0381 1.64437 -1.76596 190 190 190 255 
-0.285229 0.998749 -2.19317 190 190 190 255 
-0.0381 0.575312 -2.34341 190 190 190 255 
-0.0381 0.962758 -2.21262 190 190 190 255 
-0.285229 0.817979 -2.26149 190 190 190 255 
-0.285229 0.44778 -2.36346 190 190 190 255 
-0.285229 -0.111916 -2.40301 190 190 190 255 
-0.0381 -0.639614 -2.32668 190 190 190 255 
-0.285229 -0.638135 -2.32696 190 190 190 255 
-0.285229 -0.467359 -2.35864 190 190 190 255 
-0.285229 -0.292395 -2.3911 190 190 190 255 
-0.285229 -0.797027 -2.26867 190 190 190 255 
-0.285229 -1.35968 -1.99143 190 190 190 255 
-0.0381 -1.02331 -2.18527 190 190 190 255 
-0.0381 -1.37762 -1.98109 190 190 190 255 
-0.0381 -1.69236 -1.72002 190 190 190 255 
-0.285229 -1.69236 -1.72002 190 190 190 255 
-0.285229 -1.78246 -1.61492 190 190 190 255 
-0.0381 -1.9585 -1.40955 190 190 190 255 
-0.285229 -1.9585 -1.40955 190 190 190 255 
-0.285229 -2.14179 -1.10308 190 190 190 255 
-0.285229 -2.27321 -0.787809 190 190 190 255 
-0.285229 -2.21059 -0.949597 190 190 190 255 
-0.0381 -2.1684 -1.0586 190 190 190 255 
-0.0381 -2.39711 -0.276436 190 190 190 255 
-0.0381 -2.31601 -0.677242 190 190 190 255 
-0.285229 -2.31601 -0.677242 190 190 190 255 
-0.0381 -2.40937 0.132308 190 190 190 255 
-0.285229 -2.40937 0.132308 190 190 190 255 
-0.285229 -2.40321 -0.0731833 190 190 190 255 
-0.285229 -2.35792 0.498191 190 190 190 255 
-0.285229 -2.30547 0.684169 190 190 190 255 
-0.0381 -2.35243 0.537254 190 190 190 255 
-0.285229 -2.35243 0.537254 190 190 190 255 
-0.285229 -2.07828 1.21489 190 190 190 255 
-0.285229 -1.79238 1.61553 190 190 190 255 
-0.0381 -2.03944 1.28967 190 190 190 255 
-0.285229 -2.03944 1.28967 190 190 190 255 
-0.285229 -1.49385 1.89499 190 190 190 255 
-0.285229 -1.18957 2.09554 190 190 190 255 
-0.0381 -0.777875 2.28418 190 190 190 255 
-0.285229 -0.895522 2.23262 190 190 190 255 
-0.285229 -0.381 2.38273 190 190 190 255 
-0.982535 0.286366 -2.22981 190 190 190 255 
-0.789321 0 -2.10546 190 190 190 255 
-0.982535 1.71773 1.45034 190 190 190 255 
-0.919967 1.8701 1.10819 190 190 190 255 
-0.891983 2.01633 0.75199 190 190 190 255 
-0.7112 2.09479 -0.0545801 190 190 190 255 
-0.400676 2.31208 0.402221 190 190 190 255 
-0.425807 2.25605 -0.284102 190 190 190 255 
-0.425807 1.97106 -1.13376 190 190 190 255 
-0.924848 1.02873 1.92088 190 190 190 255 
-0.750733 1.02362 1.83131 190 190 190 255 
-0.672675 0.930612 1.88014 190 190 190 255 
-0.39651 1.42357 1.89589 190 190 190 255 
-0.4064 1.3955 1.8585 190 190 190 255 
-0.413704 1.2371 1.94442 190 190 190 255 
-0.415779 1.22537 1.94488 190 190 190 255 
-0.414754 1.25103 1.92918 190 190 190 255 
-0.439865 1.22318 1.88624 190 190 190 255 
-0.452819 1.10289 1.9375 190 190 190 255 
-0.440301 1.13308 1.94161 190 190 190 255 
-0.436549 1.14537 1.94246 190 190 190 255 
-0.45776 1.09217 1.93573 190 190 190 255 
-0.465828 1.07466 1.93284 190 190 190 255 
-0.497021 1.02842 1.92101 190 190 190 255 
-0.502433 1.18274 1.82386 190 190 190 255 
-0.493031 1.03284 1.92245 190 190 190 255 
-0.47858 1.05506 1.92797 190 190 190 255 
-0.502826 1.02199 1.91892 190 190 190 255 
-0.530417 1.17088 1.80558 190 190 190 255 
-0.522672 1.00001 1.91179 190 190 190 255 
-0.530676 0.993586 1.90925 190 190 190 255 
-0.596181 1.15188 1.77627 190 190 190 255 
-0.630728 0.939192 1.88483 190 190 190 255 
-0.803245 0.942752 1.88671 190 190 190 255 
-0.791409 0.939824 1.88513 190 190 190 255 
-0.789354 1.02718 1.83768 190 190 190 255 
-0.82596 0.952367 1.89148 190 190 190 255 
-0.829271 0.953769 1.89217 190 190 190 255 
-0.843074 0.959611 1.89507 190 190 190 255 
-0.891615 0.993755 1.90927 190 190 190 255 
-0.860307 0.970458 1.89984 190 190 190 255 
-0.891983 1.17088 1.80558 190 190 190 255 
-0.908507 1.00865 1.91484 190 190 190 255 
-0.94438 1.19565 1.84377 190 190 190 255 
-0.944019 1.05471 1.92801 190 190 190 255 
-0.919967 1.18274 1.82386 190 190 190 255 
-0.939217 1.04639 1.92618 190 190 190 255 
-0.995649 1.17805 1.94457 190 190 190 255 
-0.982535 1.22318 1.88624 190 190 190 255 
-0.987779 1.14775 1.94347 190 190 190 255 
-0.969724 1.10268 1.93755 190 190 190 255 
-0.998835 1.19032 1.94502 190 190 190 255 
-1.01287 1.26098 1.94337 190 190 190 255 
-1.00765 1.25103 1.92918 190 190 190 255 
-1.00762 1.22436 1.9462 190 190 190 255 
-1.01629 1.28493 1.94153 190 190 190 255 
-1.01482 1.27465 1.94232 190 190 190 255 
-1.02707 1.43987 1.91598 190 190 190 255 
-1.02669 1.4313 1.91764 190 190 190 255 
-1.02447 1.38217 1.92718 190 190 190 255 
-1.0287 2.286 0.772511 190 190 190 255 
-1.0287 2.25647 0.8413 190 190 190 255 
-1.02589 2.22139 0.828468 190 190 190 255 
-1.02589 2.28864 0.618924 190 190 190 255 
-1.02385 2.30317 0.522487 190 190 190 255 
-1.01594 2.32154 0.0319956 190 190 190 255 
-0.996593 2.2731 -0.0592265 190 190 190 255 
-1.01547 2.31895 -0.0603469 190 190 190 255 
-1.01547 2.3048 -0.272835 190 190 190 255 
-1.01547 2.30818 -0.255555 190 190 190 255 
-1.01547 2.25711 -0.516734 190 190 190 255 
-0.996593 2.1551 -0.725295 190 190 190 255 
-1.01547 2.15061 -0.855635 190 190 190 255 
-1.01547 2.1947 -0.738376 190 190 190 255 
-1.01547 2.00732 -1.15125 190 190 190 255 
-1.01547 2.09769 -0.99634 190 190 190 255 
-0.996593 1.85233 -1.31885 190 190 190 255 
-0.996593 1.97106 -1.13376 190 190 190 255 
-1.01547 1.74933 -1.51482 190 190 190 255 
-1.01547 1.81485 -1.43677 190 190 190 255 
-1.01547 1.7004 -1.5731 190 190 190 255 
-1.01547 1.60502 -1.67328 190 190 190 255 
-0.996593 1.57389 -1.64114 190 190 190 255 
-1.01547 1.35375 -1.8869 190 190 190 255 
-1.01547 1.12663 -2.02481 190 190 190 255 
-0.996593 0.929477 -2.07523 190 190 190 255 
-1.01547 0.960583 -2.10843 190 190 190 255 
-1.00765 0.608815 -2.21724 190 190 190 255 
-1.01547 0.723573 -2.20668 190 190 190 255 
-1.01547 0.382937 -2.2905 190 190 190 255 
-0.414754 0.292885 -2.28058 190 190 190 255 
-0.406935 0.250286 -2.30185 190 190 190 255 
-0.406935 0.431245 -2.27834 190 190 190 255 
-0.406935 0.779216 -2.18305 190 190 190 255 
-0.406935 0.611012 -2.23485 190 190 190 255 
-0.406935 0.787937 -2.17949 190 190 190 255 
-0.406935 1.03733 -2.07773 190 190 190 255 
-0.425807 0.929477 -2.07523 190 190 190 255 
-0.406935 1.2838 -1.92991 190 190 190 255 
-0.406935 1.12637 -2.02433 190 190 190 255 
-0.425807 1.09505 -1.99283 190 190 190 255 
-0.406935 1.11566 -2.03075 190 190 190 255 
-0.425807 1.41972 -1.7762 190 190 190 255 
-0.425807 1.25924 -1.89336 190 190 190 255 
-0.406935 1.34445 -1.89353 190 190 190 255 
-0.406935 1.57608 -1.70357 190 190 190 255 
-0.425807 1.57389 -1.64114 190 190 190 255 
-0.406935 1.59373 -1.68909 190 190 190 255 
-0.406935 1.69956 -1.57206 190 190 190 255 
-0.406935 2.00948 -1.1556 190 190 190 255 
-0.406935 1.91793 -1.29676 190 190 190 255 
-0.425807 2.0727 -0.935096 190 190 190 255 
-0.406935 2.04375 -1.10277 190 190 190 255 
-0.406935 2.25665 -0.516233 190 190 190 255 
-0.425807 2.21657 -0.507236 190 190 190 255 
-0.406935 2.19985 -0.740451 190 190 190 255 
-0.406935 2.19624 -0.754671 190 190 190 255 
-0.405163 2.31598 0.167922 190 190 190 255 
-0.397226 2.29918 0.585385 190 190 190 255 
-0.39651 2.28864 0.618924 190 190 190 255 
-0.3937 2.25766 0.841881 190 190 190 255 
-0.4064 2.24351 0.606719 190 190 190 255 
-0.395415 2.29241 0.681506 190 190 190 255 
-0.39651 2.22139 0.828468 190 190 190 255 
-0.671667 2.09726 -0.0546444 190 190 190 255 
-0.633046 2.09978 0.151902 190 190 190 255 
-0.596181 2.11155 0.152754 190 190 190 255 
-0.596181 2.08688 0.35624 190 190 190 255 
-0.530417 2.07737 0.561791 190 190 190 255 
-0.502433 2.03675 0.759605 190 190 190 255 
-0.530417 2.01633 0.75199 190 190 190 255 
-0.502433 1.95989 0.940301 190 190 190 255 
-0.425807 1.61717 1.59852 190 190 190 255 
-0.633046 2.07525 0.354256 190 190 190 255 
-0.561788 2.05889 0.556793 190 190 190 255 
-0.596181 2.04365 0.552672 190 190 190 255 
-0.530417 1.94025 0.930874 190 190 190 255 
-0.47802 1.89051 1.12028 190 190 190 255 
-0.47802 1.789 1.27615 190 190 190 255 
-0.4572 1.80934 1.29065 190 190 190 255 
-0.439865 1.71773 1.45034 190 190 190 255 
-0.4064 1.65289 1.63383 190 190 190 255 
-0.4064 1.5255 1.75336 190 190 190 255 
-0.671667 1.02362 1.83131 190 190 190 255 
-0.633046 1.02718 1.83768 190 190 190 255 
-0.671667 1.14149 1.76025 190 190 190 255 
-0.633046 1.14546 1.76638 190 190 190 255 
-0.7112 1.02241 1.82915 190 190 190 255 
-0.671667 1.25972 1.67767 190 190 190 255 
-0.7112 1.37545 1.5809 190 190 190 255 
-0.439865 1.59886 1.58042 190 190 190 255 
-0.4572 1.69815 1.43381 190 190 190 255 
-0.502433 1.8701 1.10819 190 190 190 255 
-0.502433 1.76968 1.26237 190 190 190 255 
-0.561788 1.9984 0.745301 190 190 190 255 
-0.561788 1.92299 0.922593 190 190 190 255 
-0.671667 2.06806 0.353027 190 190 190 255 
-0.7112 2.09004 0.151197 190 190 190 255 
-0.671667 2.0925 0.151375 190 190 190 255 
-0.750733 2.0925 0.151375 190 190 190 255 
-0.789354 2.09978 0.151902 190 190 190 255 
-0.789354 2.07525 0.354256 190 190 190 255 
-0.750733 2.06806 0.353027 190 190 190 255 
-0.671667 2.02522 0.547687 190 190 190 255 
-0.633046 2.03227 0.549592 190 190 190 255 
-0.596181 1.9836 0.739785 190 190 190 255 
-0.596181 1.90875 0.915765 190 190 190 255 
-0.530417 1.85135 1.09708 190 190 190 255 
-0.530417 1.75194 1.24971 190 190 190 255 
-0.47802 1.67906 1.41769 190 190 190 255 
-0.502433 1.66093 1.40238 190 190 190 255 
-0.4572 1.58063 1.56241 190 190 190 255 
-0.439865 1.47563 1.69605 190 190 190 255 
-0.47802 1.56286 1.54484 190 190 190 255 
-0.530417 1.64428 1.38832 190 190 190 255 
-0.561788 1.73636 1.23859 190 190 190 255 
-0.561788 1.83488 1.08732 190 190 190 255 
-0.633046 1.89812 0.910662 190 190 190 255 
-0.633046 1.97255 0.735663 190 190 190 255 
-0.7112 2.02284 0.547042 190 190 190 255 
-0.750733 2.02522 0.547687 190 190 190 255 
-0.7112 2.06562 0.352612 190 190 190 255 
-0.789354 2.03227 0.549592 190 190 190 255 
-0.826219 2.04365 0.552672 190 190 190 255 
-0.860612 2.05889 0.556793 190 190 190 255 
-0.860612 1.9984 0.745301 190 190 190 255 
-0.826219 1.9836 0.739785 190 190 190 255 
-0.7112 1.9634 0.732249 190 190 190 255 
-0.671667 1.96571 0.733112 190 190 190 255 
-0.596181 1.8213 1.07927 190 190 190 255 
-0.502433 1.42684 1.63997 190 190 190 255 
-0.502433 1.54599 1.52816 190 190 190 255 
-0.530417 1.53049 1.51284 190 190 190 255 
-0.561788 1.51687 1.49938 190 190 190 255 
-0.561788 1.62965 1.37597 190 190 190 255 
-0.596181 1.61759 1.36579 190 190 190 255 
-0.596181 1.72351 1.22943 190 190 190 255 
-0.633046 1.7139 1.22258 190 190 190 255 
-0.633046 1.81115 1.07326 190 190 190 255 
-0.671667 1.89154 0.907505 190 190 190 255 
-0.671667 1.80488 1.06954 190 190 190 255 
-0.750733 1.89154 0.907505 190 190 190 255 
-0.750733 1.96571 0.733112 190 190 190 255 
-0.789354 1.97255 0.735663 190 190 190 255 
-0.789354 1.89812 0.910662 190 190 190 255 
-0.826219 1.90875 0.915765 190 190 190 255 
-0.891983 1.94025 0.930874 190 190 190 255 
-0.860612 1.92299 0.922593 190 190 190 255 
-0.891983 1.85135 1.09708 190 190 190 255 
-0.860612 1.83488 1.08732 190 190 190 255 
-0.826219 1.8213 1.07927 190 190 190 255 
-0.7112 1.88931 0.906437 190 190 190 255 
-0.671667 1.70796 1.21834 190 190 190 255 
-0.596181 1.50565 1.48829 190 190 190 255 
-0.530417 1.41253 1.62352 190 190 190 255 
-0.633046 1.60857 1.35818 190 190 190 255 
-0.7112 1.70595 1.2169 190 190 190 255 
-0.750733 1.70796 1.21834 190 190 190 255 
-0.7112 1.80275 1.06828 190 190 190 255 
-0.750733 1.80488 1.06954 190 190 190 255 
-0.789354 1.7139 1.22258 190 190 190 255 
-0.789354 1.81115 1.07326 190 190 190 255 
-0.826219 1.72351 1.22943 190 190 190 255 
-0.860612 1.73636 1.23859 190 190 190 255 
-0.891983 1.75194 1.24971 190 190 190 255 
-0.94438 1.789 1.27615 190 190 190 255 
-0.919967 1.76968 1.26237 190 190 190 255 
-0.919967 1.66093 1.40238 190 190 190 255 
-0.789354 1.60857 1.35818 190 190 190 255 
-0.7112 1.60111 1.35187 190 190 190 255 
-0.671667 1.603 1.35347 190 190 190 255 
-0.633046 1.49726 1.47999 190 190 190 255 
-0.596181 1.27119 1.69294 190 190 190 255 
-0.596181 1.38961 1.59717 190 190 190 255 
-0.561788 1.39997 1.60908 190 190 190 255 
-0.561788 1.16047 1.78952 190 190 190 255 
-0.47802 1.44241 1.65787 190 190 190 255 
-0.47802 1.19565 1.84377 190 190 190 255 
-0.4572 1.45881 1.67672 190 190 190 255 
-0.4572 1.20924 1.86474 190 190 190 255 
-0.425807 1.49253 1.71547 190 190 190 255 
-0.425807 1.23719 1.90784 190 190 190 255 
-0.414754 1.50923 1.73466 190 190 190 255 
-0.407083 1.2745 1.94296 190 190 190 255 
-0.826219 1.38961 1.59717 190 190 190 255 
-0.826219 1.27119 1.69294 190 190 190 255 
-0.789354 1.14546 1.76638 190 190 190 255 
-0.789354 1.2641 1.68351 190 190 190 255 
-0.7112 1.25824 1.6757 190 190 190 255 
-0.750733 1.25972 1.67767 190 190 190 255 
-0.750733 1.14149 1.76025 190 190 190 255 
-0.7112 1.14014 1.75818 190 190 190 255 
-0.720002 0.928306 1.8788 190 190 190 255 
-0.633046 1.2641 1.68351 190 190 190 255 
-0.633046 1.38186 1.58827 190 190 190 255 
-0.671667 1.49207 1.47486 190 190 190 255 
-0.7112 1.49031 1.47313 190 190 190 255 
-0.750733 1.603 1.35347 190 190 190 255 
-0.826219 1.50565 1.48829 190 190 190 255 
-0.826219 1.61759 1.36579 190 190 190 255 
-0.860612 1.62965 1.37597 190 190 190 255 
-0.919967 1.54599 1.52816 190 190 190 255 
-0.891983 1.64428 1.38832 190 190 190 255 
-0.94438 1.56286 1.54484 190 190 190 255 
-0.94438 1.67906 1.41769 190 190 190 255 
-0.9652 1.58063 1.56241 190 190 190 255 
-0.9652 1.69815 1.43381 190 190 190 255 
-0.671667 2.08153 -0.262124 190 190 190 255 
-0.7112 2.07908 -0.261815 190 190 190 255 
-0.7112 2.0427 -0.467447 190 190 190 255 
-0.750733 2.08153 -0.262124 190 190 190 255 
-0.750733 2.09726 -0.0546444 190 190 190 255 
-0.789354 2.10456 -0.0548344 190 190 190 255 
-0.826219 2.08688 0.35624 190 190 190 255 
-0.891983 2.07737 0.561791 190 190 190 255 
-0.94438 1.98129 0.950565 190 190 190 255 
-0.919967 1.95989 0.940301 190 190 190 255 
-0.94438 1.89051 1.12028 190 190 190 255 
-0.9652 1.80934 1.29065 190 190 190 255 
-0.996593 1.61717 1.59852 190 190 190 255 
-0.996593 1.7374 1.46695 190 190 190 255 
-1.016 1.65289 1.63383 190 190 190 255 
-1.016 1.77578 1.49935 190 190 190 255 
-1.02589 1.68614 1.6667 190 190 190 255 
-1.02589 1.93012 1.37681 190 190 190 255 
-0.996593 1.23719 1.90784 190 190 190 255 
-0.982535 1.47563 1.69605 190 190 190 255 
-0.9652 1.20924 1.86474 190 190 190 255 
-0.94438 1.44241 1.65787 190 190 190 255 
-0.891983 1.41253 1.62352 190 190 190 255 
-0.860612 1.39997 1.60908 190 190 190 255 
-0.860612 1.16047 1.78952 190 190 190 255 
-0.826219 1.15188 1.77627 190 190 190 255 
-1.016 1.3955 1.8585 190 190 190 255 
-1.02589 1.42357 1.89589 190 190 190 255 
-0.671667 1.37707 1.58277 190 190 190 255 
-0.750733 1.37707 1.58277 190 190 190 255 
-0.750733 1.49207 1.47486 190 190 190 255 
-0.789354 1.38186 1.58827 190 190 190 255 
-0.789354 1.49726 1.47999 190 190 190 255 
-0.860612 1.51687 1.49938 190 190 190 255 
-0.891983 1.53049 1.51284 190 190 190 255 
-0.919967 1.42684 1.63997 190 190 190 255 
-0.9652 1.45881 1.67672 190 190 190 255 
-0.982535 1.59886 1.58042 190 190 190 255 
-0.996593 1.49253 1.71547 190 190 190 255 
-1.00765 1.50923 1.73466 190 190 190 255 
-1.016 1.5255 1.75336 190 190 190 255 
-1.02589 1.55619 1.78864 190 190 190 255 
-0.842694 0 -2.12401 190 190 190 255 
-0.917343 0 -2.1729 190 190 190 255 
-0.94438 0.279919 -2.17962 190 190 190 255 
-0.942102 0 -2.19646 190 190 190 255 
-0.7112 0.704601 -1.97349 190 190 190 255 
-0.750733 0.705432 -1.97582 190 190 190 255 
-0.7112 0.856566 -1.91244 190 190 190 255 
-0.7112 1.00915 -1.8365 190 190 190 255 
-0.7112 1.16046 -1.74484 190 190 190 255 
-0.750733 1.16183 -1.74689 190 190 190 255 
-0.7112 1.58419 -1.37167 190 190 190 255 
-0.7112 1.70703 -1.21539 190 190 190 255 
-0.750733 1.58605 -1.37329 190 190 190 255 
-0.750733 1.70904 -1.21682 190 190 190 255 
-0.750733 1.91236 -0.86276 190 190 190 255 
-0.7112 1.98604 -0.6684 190 190 190 255 
-0.750733 1.98838 -0.669189 190 190 190 255 
-0.750733 2.04511 -0.467998 190 190 190 255 
-0.789354 2.08877 -0.263036 190 190 190 255 
-0.826219 2.11635 -0.0551417 190 190 190 255 
-0.826219 2.11155 0.152754 190 190 190 255 
-0.891983 2.12131 0.362118 190 190 190 255 
-0.860612 2.10244 0.358897 190 190 190 255 
-0.919967 2.03675 0.759605 190 190 190 255 
-0.94438 2.05898 0.767897 190 190 190 255 
-0.9652 1.91201 1.13302 190 190 190 255 
-0.982535 1.93405 1.14608 190 190 190 255 
-0.996593 1.85116 1.32049 190 190 190 255 
-0.982535 1.8302 1.30554 190 190 190 255 
-1.02589 1.8115 1.52951 190 190 190 255 
-1.0287 1.83871 1.55241 190 190 190 255 
-0.789354 0.860559 -1.92135 190 190 190 255 
-0.789354 1.01385 -1.84506 190 190 190 255 
-0.826219 0.865381 -1.93212 190 190 190 255 
-0.789354 1.16587 -1.75297 190 190 190 255 
-0.789354 1.31445 -1.6445 190 190 190 255 
-0.789354 1.45719 -1.51945 190 190 190 255 
-0.826219 1.46536 -1.52797 190 190 190 255 
-0.789354 1.59157 -1.37806 190 190 190 255 
-0.789354 1.71499 -1.22106 190 190 190 255 
-0.826219 1.60049 -1.38579 190 190 190 255 
-0.826219 1.7246 -1.2279 190 190 190 255 
-0.826219 1.83514 -1.05558 190 190 190 255 
-0.826219 1.92977 -0.870612 190 190 190 255 
-0.789354 1.9953 -0.671516 190 190 190 255 
-0.826219 2.00648 -0.67528 190 190 190 255 
-0.860612 2.13213 -0.0555534 190 190 190 255 
-0.860612 2.11614 -0.266483 190 190 190 255 
-0.891983 2.15126 -0.0560516 190 190 190 255 
-0.919967 2.16812 0.156846 190 190 190 255 
-0.982535 2.02692 0.972456 190 190 190 255 
-0.996593 2.05013 0.983593 190 190 190 255 
-1.02589 2.03964 1.20865 190 190 190 255 
-0.750733 0.857576 -1.91469 190 190 190 255 
-0.789354 0.707886 -1.98269 190 190 190 255 
-0.750733 1.01034 -1.83867 190 190 190 255 
-0.750733 1.30989 -1.6388 190 190 190 255 
-0.750733 1.45214 -1.51419 190 190 190 255 
-0.750733 1.81858 -1.04606 190 190 190 255 
-0.789354 1.82491 -1.0497 190 190 190 255 
-0.789354 1.91901 -0.865761 190 190 190 255 
-0.789354 2.05222 -0.469626 190 190 190 255 
-0.826219 2.10048 -0.264511 190 190 190 255 
-0.860612 2.12729 0.153893 190 190 190 255 
-0.891983 2.14639 0.155274 190 190 190 255 
-0.919967 2.14279 0.365785 190 190 190 255 
-0.919967 2.09841 0.567479 190 190 190 255 
-0.94438 2.12131 0.573674 190 190 190 255 
-0.9652 2.00381 0.961372 190 190 190 255 
-0.9652 2.08239 0.776627 190 190 190 255 
-0.996593 1.9562 1.15921 190 190 190 255 
-1.016 1.89205 1.34966 190 190 190 255 
-1.016 1.99941 1.18482 190 190 190 255 
-1.0287 2.07073 1.2269 190 190 190 255 
-1.0287 1.96212 1.39983 190 190 190 255 
-0.826219 0.269671 -2.09982 190 190 190 255 
-0.860612 0.271682 -2.11548 190 190 190 255 
-0.860612 0.564741 -2.05673 190 190 190 255 
-0.860612 0.717161 -2.00867 190 190 190 255 
-0.891983 0.569809 -2.07519 190 190 190 255 
-0.891983 0.723597 -2.02669 190 190 190 255 
-0.860612 0.871834 -1.94653 190 190 190 255 
-0.860612 1.18115 -1.77594 190 190 190 255 
-0.891983 1.19175 -1.79188 190 190 190 255 
-0.891983 1.34362 -1.681 190 190 190 255 
-0.860612 1.47629 -1.53936 190 190 190 255 
-0.860612 1.61242 -1.39612 190 190 190 255 
-0.860612 1.73746 -1.23706 190 190 190 255 
-0.891983 1.6269 -1.40865 190 190 190 255 
-0.891983 1.75305 -1.24816 190 190 190 255 
-0.891983 1.86541 -1.07299 190 190 190 255 
-0.860612 1.94416 -0.877105 190 190 190 255 
-0.860612 2.02144 -0.680314 190 190 190 255 
-0.891983 2.09777 -0.480049 190 190 190 255 
-0.860612 2.07911 -0.475779 190 190 190 255 
-0.919967 2.17305 -0.0566197 190 190 190 255 
-0.94438 2.19677 -0.0572372 190 190 190 255 
-0.9652 2.21671 0.160361 190 190 190 255 
-0.982535 2.21607 0.378294 190 190 190 255 
-0.996593 2.13052 0.794578 190 190 190 255 
-1.016 2.17759 0.81213 190 190 190 255 
-0.889903 0 -2.15057 190 190 190 255 
-0.919967 0.57558 -2.0962 190 190 190 255 
-0.94438 0.581863 -2.11908 190 190 190 255 
-0.919967 0.730925 -2.04722 190 190 190 255 
-0.919967 1.04685 -1.90511 190 190 190 255 
-0.919967 1.20381 -1.81002 190 190 190 255 
-0.919967 1.35723 -1.69802 190 190 190 255 
-0.919967 1.50462 -1.56891 190 190 190 255 
-0.919967 1.7708 -1.2608 190 190 190 255 
-0.94438 1.79013 -1.27456 190 190 190 255 
-0.94438 1.90487 -1.09569 190 190 190 255 
-0.94438 2.0031 -0.903697 190 190 190 255 
-0.919967 1.98147 -0.893938 190 190 190 255 
-0.94438 2.08273 -0.70094 190 190 190 255 
-0.94438 2.14214 -0.490203 190 190 190 255 
-0.94438 2.1803 -0.274561 190 190 190 255 
-0.9652 2.20508 -0.277683 190 190 190 255 
-0.9652 2.22175 -0.0578882 190 190 190 255 
-0.982535 2.24736 -0.058556 190 190 190 255 
-0.996593 2.26794 0.164067 190 190 190 255 
-0.982535 2.24227 0.162209 190 190 190 255 
-0.996593 2.24145 0.382626 190 190 190 255 
-0.860084 0 -2.13379 190 190 190 255 
-0.861603 0 -2.13465 190 190 190 255 
-0.891983 0.274121 -2.13446 190 190 190 255 
-0.891983 0.879659 -1.964 190 190 190 255 
-0.919967 0.888567 -1.98389 190 190 190 255 
-0.891983 1.03635 -1.88601 190 190 190 255 
-0.891983 1.48954 -1.55318 190 190 190 255 
-0.919967 1.64337 -1.42291 190 190 190 255 
-0.919967 1.8843 -1.08386 190 190 190 255 
-0.891983 1.96161 -0.884976 190 190 190 255 
-0.891983 2.03959 -0.68642 190 190 190 255 
-0.919967 2.06024 -0.693372 190 190 190 255 
-0.919967 2.11901 -0.484911 190 190 190 255 
-0.919967 2.15675 -0.271597 190 190 190 255 
-0.996593 2.19502 0.593606 190 190 190 255 
-1.016 2.29096 0.391078 190 190 190 255 
-1.016 2.24351 0.606719 190 190 190 255 
-1.02138 2.31193 0.394901 190 190 190 255 
-0.7112 0.554851 -2.02071 190 190 190 255 
-0.750733 0.555505 -2.02309 190 190 190 255 
-0.789354 0.410522 -2.06486 190 190 190 255 
-0.789354 0.557437 -2.03013 190 190 190 255 
-0.826219 0.560561 -2.0415 190 190 190 255 
-0.826219 0.412822 -2.07643 190 190 190 255 
-0.826219 0.711853 -1.9938 190 190 190 255 
-0.826219 1.01953 -1.8554 190 190 190 255 
-0.860612 1.02714 -1.86924 190 190 190 255 
-0.826219 1.1724 -1.76279 190 190 190 255 
-0.826219 1.32181 -1.65372 190 190 190 255 
-0.860612 1.33167 -1.66605 190 190 190 255 
-0.860612 1.84882 -1.06345 190 190 190 255 
-0.826219 2.06372 -0.472258 190 190 190 255 
-0.891983 2.13513 -0.268875 190 190 190 255 
-0.94438 2.19179 0.158558 190 190 190 255 
-0.9652 2.19081 0.373982 190 190 190 255 
-0.94438 2.16618 0.369778 190 190 190 255 
-0.9652 2.14543 0.580196 190 190 190 255 
-0.982535 2.1064 0.785582 190 190 190 255 
-0.982535 2.17017 0.586886 190 190 190 255 
-1.016 2.09542 1.00532 190 190 190 255 
-1.02589 2.13757 1.02554 190 190 190 255 
-1.0287 2.17048 1.04159 190 190 190 255 
-0.981546 0 -2.24873 190 190 190 255 
-0.996593 0.289645 -2.25535 190 190 190 255 
-0.999047 -1.02224e-009 -2.28059 190 190 190 255 
-1.00765 0.292885 -2.28058 190 190 190 255 
-1.01547 0.779394 -2.18354 190 190 190 255 
-0.996593 0.764577 -2.14147 190 190 190 255 
-1.01547 0.788093 -2.17994 190 190 190 255 
-0.9652 0.588478 -2.14318 190 190 190 255 
-0.9652 0.283102 -2.2044 190 190 190 255 
-0.982535 0.595263 -2.16789 190 190 190 255 
-0.9652 0.747304 -2.09309 190 190 190 255 
-0.982535 0.755921 -2.11723 190 190 190 255 
-0.9652 1.07031 -1.94781 190 190 190 255 
-0.9652 1.38764 -1.73608 190 190 190 255 
-0.982535 1.24498 -1.87192 190 190 190 255 
-0.982535 1.55608 -1.62256 190 190 190 255 
-0.9652 1.6802 -1.4548 190 190 190 255 
-0.982535 1.69957 -1.47157 190 190 190 255 
-0.982535 1.83136 -1.30391 190 190 190 255 
-0.9652 1.92653 -1.10815 190 190 190 255 
-0.9652 2.02587 -0.91397 190 190 190 255 
-0.9652 2.10641 -0.70891 190 190 190 255 
-0.982535 2.1307 -0.717083 190 190 190 255 
-0.982535 2.19148 -0.501493 190 190 190 255 
-0.9652 2.1665 -0.495777 190 190 190 255 
-0.996593 2.25605 -0.284102 190 190 190 255 
-0.967493 0 -2.2256 190 190 190 255 
-0.996593 0.60208 -2.19271 190 190 190 255 
-0.982535 0.918954 -2.05173 190 190 190 255 
-0.982535 1.08265 -1.97026 190 190 190 255 
-0.996593 1.09505 -1.99283 190 190 190 255 
-0.996593 1.25924 -1.89336 190 190 190 255 
-0.982535 1.40364 -1.75609 190 190 190 255 
-0.996593 1.41972 -1.7762 190 190 190 255 
-0.996593 1.71903 -1.48843 190 190 190 255 
-0.982535 1.94874 -1.12092 190 190 190 255 
-0.982535 2.04923 -0.924509 190 190 190 255 
-0.996593 2.0727 -0.935096 190 190 190 255 
-0.996593 2.21657 -0.507236 190 190 190 255 
-0.919967 0.276897 -2.15608 190 190 190 255 
-0.94438 0.738904 -2.06957 190 190 190 255 
-0.94438 0.898266 -2.00554 190 190 190 255 
-0.9652 0.908479 -2.02834 190 190 190 255 
-0.94438 1.05828 -1.92591 190 190 190 255 
-0.9652 1.23079 -1.85058 190 190 190 255 
-0.94438 1.21696 -1.82978 190 190 190 255 
-0.94438 1.37204 -1.71656 190 190 190 255 
-0.94438 1.52104 -1.58603 190 190 190 255 
-0.9652 1.53834 -1.60406 190 190 190 255 
-0.94438 1.66131 -1.43845 190 190 190 255 
-0.9652 1.81048 -1.28905 190 190 190 255 
-0.982535 2.23051 -0.280885 190 190 190 255 
-1.01714 2.31641 0.167915 190 190 190 255 
-0.425807 0.764577 -2.14147 190 190 190 255 
-0.425807 0.60208 -2.19271 190 190 190 255 
-0.414754 0.608815 -2.21724 190 190 190 255 
-0.503045 0 -2.17454 190 190 190 255 
-0.49049 0 -2.18476 190 190 190 255 
-0.579706 0 -2.12401 190 190 190 255 
-0.596181 0.269671 -2.09982 190 190 190 255 
-0.633079 0 -2.10546 190 190 190 255 
-0.633046 0.131147 -2.10118 190 190 190 255 
-0.596524 0 -2.11803 190 190 190 255 
-0.561788 0.271682 -2.11548 190 190 190 255 
-0.633046 0.268169 -2.08812 190 190 190 255 
-0.671667 0.130693 -2.0939 190 190 190 255 
-0.651653 0 -2.10226 190 190 190 255 
-0.439865 2.1307 -0.717083 190 190 190 255 
-0.425807 2.1551 -0.725295 190 190 190 255 
-0.439865 2.04923 -0.924509 190 190 190 255 
-0.425807 1.85233 -1.31885 190 190 190 255 
-0.439865 1.94874 -1.12092 190 190 190 255 
-0.425807 1.71903 -1.48843 190 190 190 255 
-0.439865 1.69957 -1.47157 190 190 190 255 
-0.439865 1.40364 -1.75609 190 190 190 255 
-0.439865 1.24498 -1.87192 190 190 190 255 
-0.439865 0.595263 -2.16789 190 190 190 255 
-0.425807 0.289645 -2.25535 190 190 190 255 
-0.439865 0.286366 -2.22981 190 190 190 255 
-0.40084 2.31235 0.391723 190 190 190 255 
-0.425807 2.2731 -0.0592265 190 190 190 255 
-0.439865 2.23051 -0.280885 190 190 190 255 
-0.4572 2.20508 -0.277683 190 190 190 255 
-0.4572 2.1665 -0.495777 190 190 190 255 
-0.47802 2.14214 -0.490203 190 190 190 255 
-0.47802 2.08273 -0.70094 190 190 190 255 
-0.4572 2.10641 -0.70891 190 190 190 255 
-0.4572 2.02587 -0.91397 190 190 190 255 
-0.4572 1.92653 -1.10815 190 190 190 255 
-0.4572 1.6802 -1.4548 190 190 190 255 
-0.47802 1.66131 -1.43845 190 190 190 255 
-0.4572 1.53834 -1.60406 190 190 190 255 
-0.4572 1.23079 -1.85058 190 190 190 255 
-0.4572 1.07031 -1.94781 190 190 190 255 
-0.47802 1.05828 -1.92591 190 190 190 255 
-0.47802 0.898266 -2.00554 190 190 190 255 
-0.4572 0.747304 -2.09309 190 190 190 255 
-0.4572 0.283102 -2.2044 190 190 190 255 
-0.3937 2.17313 1.04885 190 190 190 255 
-0.425807 2.19502 0.593606 190 190 190 255 
-0.425807 2.24145 0.382626 190 190 190 255 
-0.439865 2.21607 0.378294 190 190 190 255 
-0.439865 2.24227 0.162209 190 190 190 255 
-0.530417 2.09777 -0.480049 190 190 190 255 
-0.502433 1.98147 -0.893938 190 190 190 255 
-0.530417 2.03959 -0.68642 190 190 190 255 
-0.502433 1.8843 -1.08386 190 190 190 255 
-0.502433 1.64337 -1.42291 190 190 190 255 
-0.530417 1.75305 -1.24816 190 190 190 255 
-0.530417 1.34362 -1.681 190 190 190 255 
-0.530417 0.879659 -1.964 190 190 190 255 
-0.502433 0.730925 -2.04722 190 190 190 255 
-0.502433 0.57558 -2.0962 190 190 190 255 
-0.505057 0 -2.1729 190 190 190 255 
-0.530417 0.274121 -2.13446 190 190 190 255 
-0.532497 0 -2.15057 190 190 190 255 
-0.398263 2.30306 0.530303 190 190 190 255 
-0.4064 2.29096 0.391078 190 190 190 255 
-0.425807 2.26794 0.164067 190 190 190 255 
-0.439865 2.24736 -0.058556 190 190 190 255 
-0.4572 2.22175 -0.0578882 190 190 190 255 
-0.47802 2.1803 -0.274561 190 190 190 255 
-0.502433 2.11901 -0.484911 190 190 190 255 
-0.502433 2.06024 -0.693372 190 190 190 255 
-0.47802 2.0031 -0.903697 190 190 190 255 
-0.47802 1.90487 -1.09569 190 190 190 255 
-0.502433 1.7708 -1.2608 190 190 190 255 
-0.47802 1.79013 -1.27456 190 190 190 255 
-0.502433 1.50462 -1.56891 190 190 190 255 
-0.47802 1.52104 -1.58603 190 190 190 255 
-0.502433 1.35723 -1.69802 190 190 190 255 
-0.47802 1.37204 -1.71656 190 190 190 255 
-0.47802 1.21696 -1.82978 190 190 190 255 
-0.502433 1.20381 -1.81002 190 190 190 255 
-0.502433 1.04685 -1.90511 190 190 190 255 
-0.502433 0.888567 -1.98389 190 190 190 255 
-0.47802 0.738904 -2.06957 190 190 190 255 
-0.47802 0.581863 -2.11908 190 190 190 255 
-0.47802 0.279919 -2.17962 190 190 190 255 
-0.502433 0.276897 -2.15608 190 190 190 255 
-0.3937 1.96206 1.39938 190 190 190 255 
-0.39651 1.93012 1.37681 190 190 190 255 
-0.4064 1.99941 1.18482 190 190 190 255 
-0.425807 2.13052 0.794578 190 190 190 255 
-0.4572 2.14543 0.580196 190 190 190 255 
-0.502433 2.16812 0.156846 190 190 190 255 
-0.530417 2.15126 -0.0560516 190 190 190 255 
-0.561788 2.11614 -0.266483 190 190 190 255 
-0.561788 2.07911 -0.475779 190 190 190 255 
-0.596181 2.06372 -0.472258 190 190 190 255 
-0.596181 2.00648 -0.67528 190 190 190 255 
-0.561788 1.84882 -1.06345 190 190 190 255 
-0.596181 1.83514 -1.05558 190 190 190 255 
-0.561788 1.61242 -1.39612 190 190 190 255 
-0.596181 1.46536 -1.52797 190 190 190 255 
-0.596181 1.32181 -1.65372 190 190 190 255 
-0.561788 1.18115 -1.77594 190 190 190 255 
-0.561788 1.02714 -1.86924 190 190 190 255 
-0.596181 1.1724 -1.76279 190 190 190 255 
-0.596181 1.01953 -1.8554 190 190 190 255 
-0.561788 0.871834 -1.94653 190 190 190 255 
-0.561788 0.564741 -2.05673 190 190 190 255 
-0.596181 0.711853 -1.9938 190 190 190 255 
-0.596181 0.412822 -2.07643 190 190 190 255 
-0.7112 0.130539 -2.09143 190 190 190 255 
-0.39651 1.68614 1.6667 190 190 190 255 
-0.39651 1.8115 1.52951 190 190 190 255 
-0.4064 1.77578 1.49935 190 190 190 255 
-0.425807 1.85116 1.32049 190 190 190 255 
-0.425807 1.9562 1.15921 190 190 190 255 
-0.47802 2.05898 0.767897 190 190 190 255 
-0.502433 2.09841 0.567479 190 190 190 255 
-0.47802 2.12131 0.573674 190 190 190 255 
-0.530417 2.12131 0.362118 190 190 190 255 
-0.561788 2.13213 -0.0555534 190 190 190 255 
-0.633046 2.08877 -0.263036 190 190 190 255 
-0.596181 2.10048 -0.264511 190 190 190 255 
-0.633046 2.05222 -0.469626 190 190 190 255 
-0.671667 2.04511 -0.467998 190 190 190 255 
-0.671667 1.98838 -0.669189 190 190 190 255 
-0.671667 1.81858 -1.04606 190 190 190 255 
-0.633046 1.71499 -1.22106 190 190 190 255 
-0.671667 1.58605 -1.37329 190 190 190 255 
-0.633046 1.31445 -1.6445 190 190 190 255 
-0.633046 1.16587 -1.75297 190 190 190 255 
-0.671667 1.16183 -1.74689 190 190 190 255 
-0.671667 1.01034 -1.83867 190 190 190 255 
-0.633046 0.860559 -1.92135 190 190 190 255 
-0.633046 0.707886 -1.98269 190 190 190 255 
-0.671667 0.705432 -1.97582 190 190 190 255 
-0.671667 0.555505 -2.02309 190 190 190 255 
-0.671667 0.409099 -2.0577 190 190 190 255 
-0.7112 0.266924 -2.07843 190 190 190 255 
-0.750733 0.130693 -2.0939 190 190 190 255 
-0.750593 0 -2.09878 190 190 190 255 
-0.770747 0 -2.10226 190 190 190 255 
-0.3937 1.83906 1.55298 190 190 190 255 
-0.4064 1.89205 1.34966 190 190 190 255 
-0.425807 2.05013 0.983593 190 190 190 255 
-0.439865 2.02692 0.972456 190 190 190 255 
-0.439865 2.1064 0.785582 190 190 190 255 
-0.4572 2.08239 0.776627 190 190 190 255 
-0.502433 2.14279 0.365785 190 190 190 255 
-0.47802 2.16618 0.369778 190 190 190 255 
-0.530417 2.14639 0.155274 190 190 190 255 
-0.633046 1.9953 -0.671516 190 190 190 255 
-0.633046 1.91901 -0.865761 190 190 190 255 
-0.596181 1.92977 -0.870612 190 190 190 255 
-0.596181 1.7246 -1.2279 190 190 190 255 
-0.633046 1.82491 -1.0497 190 190 190 255 
-0.633046 1.59157 -1.37806 190 190 190 255 
-0.596181 1.60049 -1.38579 190 190 190 255 
-0.633046 1.45719 -1.51945 190 190 190 255 
-0.633046 1.01385 -1.84506 190 190 190 255 
-0.596181 0.865381 -1.93212 190 190 190 255 
-0.633046 0.557437 -2.03013 190 190 190 255 
-0.596181 0.560561 -2.0415 190 190 190 255 
-0.633046 0.410522 -2.06486 190 190 190 255 
-0.671667 0.267239 -2.08088 190 190 190 255 
-0.738283 0 -2.09666 190 190 190 255 
-0.3937 1.99108 1.36314 190 190 190 255 
-0.39651 2.03964 1.20865 190 190 190 255 
-0.39651 2.13757 1.02554 190 190 190 255 
-0.4064 2.09542 1.00532 190 190 190 255 
-0.4064 2.17759 0.81213 190 190 190 255 
-0.439865 2.17017 0.586886 190 190 190 255 
-0.4572 2.19081 0.373982 190 190 190 255 
-0.4572 2.21671 0.160361 190 190 190 255 
-0.47802 2.19179 0.158558 190 190 190 255 
-0.47802 2.19677 -0.0572372 190 190 190 255 
-0.502433 2.17305 -0.0566197 190 190 190 255 
-0.502433 2.15675 -0.271597 190 190 190 255 
-0.530417 2.13513 -0.268875 190 190 190 255 
-0.561788 2.02144 -0.680314 190 190 190 255 
-0.530417 1.96161 -0.884976 190 190 190 255 
-0.561788 1.94416 -0.877105 190 190 190 255 
-0.530417 1.86541 -1.07299 190 190 190 255 
-0.561788 1.73746 -1.23706 190 190 190 255 
-0.530417 1.6269 -1.40865 190 190 190 255 
-0.530417 1.48954 -1.55318 190 190 190 255 
-0.561788 1.47629 -1.53936 190 190 190 255 
-0.530417 1.19175 -1.79188 190 190 190 255 
-0.561788 1.33167 -1.66605 190 190 190 255 
-0.530417 1.03635 -1.88601 190 190 190 255 
-0.530417 0.723597 -2.02669 190 190 190 255 
-0.530417 0.569809 -2.07519 190 190 190 255 
-0.561788 0.717161 -2.00867 190 190 190 255 
-0.406933 2.3173 -0.0601401 190 190 190 255 
-0.406934 2.29971 -0.272566 190 190 190 255 
-0.439865 2.19148 -0.501493 190 190 190 255 
-0.439865 1.83136 -1.30391 190 190 190 255 
-0.4572 1.81048 -1.28905 190 190 190 255 
-0.439865 1.55608 -1.62256 190 190 190 255 
-0.4572 1.38764 -1.73608 190 190 190 255 
-0.439865 1.08265 -1.97026 190 190 190 255 
-0.439865 0.918954 -2.05173 190 190 190 255 
-0.4572 0.908479 -2.02834 190 190 190 255 
-0.439865 0.755921 -2.11723 190 190 190 255 
-0.4572 0.588478 -2.14318 190 190 190 255 
-0.393694 1.57893 1.81504 190 190 190 255 
-0.39651 1.55619 1.78864 190 190 190 255 
-0.425807 1.7374 1.46695 190 190 190 255 
-0.439865 1.8302 1.30554 190 190 190 255 
-0.439865 1.93405 1.14608 190 190 190 255 
-0.4572 1.91201 1.13302 190 190 190 255 
-0.4572 2.00381 0.961372 190 190 190 255 
-0.47802 1.98129 0.950565 190 190 190 255 
-0.561788 2.10244 0.358897 190 190 190 255 
-0.561788 2.12729 0.153893 190 190 190 255 
-0.633046 2.10456 -0.0548344 190 190 190 255 
-0.596181 2.11635 -0.0551417 190 190 190 255 
-0.671667 1.91236 -0.86276 190 190 190 255 
-0.7112 1.91011 -0.861743 190 190 190 255 
-0.7112 1.81644 -1.04483 190 190 190 255 
-0.671667 1.70904 -1.21682 190 190 190 255 
-0.671667 1.45214 -1.51419 190 190 190 255 
-0.671667 1.30989 -1.6388 190 190 190 255 
-0.7112 1.45043 -1.5124 190 190 190 255 
-0.7112 1.30835 -1.63687 190 190 190 255 
-0.671667 0.857576 -1.91469 190 190 190 255 
-0.7112 0.408617 -2.05527 190 190 190 255 
-0.750733 0.409099 -2.0577 190 190 190 255 
-0.750733 0.267239 -2.08088 190 190 190 255 
-0.789354 0.268169 -2.08812 190 190 190 255 
-0.789354 0.131147 -2.10118 190 190 190 255 
-1.1811 2.3877 -0.342146 190 190 190 255 
-1.13717 2.33333 -0.581383 190 190 190 255 
-1.1811 2.32352 -0.65102 190 190 190 255 
-1.1811 2.29217 -0.739218 190 190 190 255 
-1.1811 2.21323 -0.961342 190 190 190 255 
-1.1811 2.06171 -1.25376 190 190 190 255 
-1.1811 1.91569 -1.46063 190 190 190 255 
-1.13717 1.91895 -1.46294 190 190 190 255 
-1.13717 1.88927 -1.49569 190 190 190 255 
-1.13717 1.76512 -1.6327 190 190 190 255 
-1.13717 1.64437 -1.76596 190 190 190 255 
-1.1811 1.64421 -1.76578 190 190 190 255 
-1.13717 1.63821 -1.77079 190 190 190 255 
-1.1811 1.39153 -1.97135 190 190 190 255 
-1.1811 1.32034 -2.01464 190 190 190 255 
-1.13717 0.998749 -2.19317 190 190 190 255 
-1.13717 0.962758 -2.21262 190 190 190 255 
-1.1811 0.808064 -2.27368 190 190 190 255 
-1.13717 0.63476 -2.32334 190 190 190 255 
-1.1811 0.574137 -2.33922 190 190 190 255 
-1.1811 0.164669 -2.40737 190 190 190 255 
-1.13717 0.0731799 -2.40556 190 190 190 255 
-1.13717 -0.111916 -2.40301 190 190 190 255 
-1.1811 -0.164669 -2.40737 190 190 190 255 
-1.13717 -0.292395 -2.3911 190 190 190 255 
-1.1811 -0.490939 -2.36253 190 190 190 255 
-1.13717 -0.467359 -2.35864 190 190 190 255 
-1.1811 -0.638104 -2.3213 190 190 190 255 
-1.1811 -0.808064 -2.27368 190 190 190 255 
-1.13717 -0.797027 -2.26867 190 190 190 255 
-1.13717 -1.02331 -2.18527 190 190 190 255 
-1.13717 -1.09549 -2.14367 190 190 190 255 
-1.1811 -1.37705 -1.98015 190 190 190 255 
-1.13717 -1.37762 -1.98109 190 190 190 255 
-1.1811 -1.39153 -1.97135 190 190 190 255 
-1.13717 -1.58072 -1.81262 190 190 190 255 
-1.13717 -1.69236 -1.72002 190 190 190 255 
-1.1811 -1.87179 -1.52282 190 190 190 255 
-1.13717 -1.9585 -1.40955 190 190 190 255 
-1.13717 -1.97562 -1.38094 190 190 190 255 
-1.1811 -1.95399 -1.40636 190 190 190 255 
-1.1811 -2.06171 -1.25376 190 190 190 255 
-1.1811 -2.16401 -1.05633 190 190 190 255 
-1.13717 -2.1684 -1.0586 190 190 190 255 
-1.1811 -2.21323 -0.961342 190 190 190 255 
-1.1811 -2.3144 -0.67667 190 190 190 255 
-1.1811 -2.32352 -0.65102 190 190 190 255 
-1.1811 -2.413 1.42693e-008 190 190 190 255 
-1.13717 -2.4089 0.116759 190 190 190 255 
-1.1811 -2.40937 0.132308 190 190 190 255 
-1.1811 -2.40005 0.1986 190 190 190 255 
-1.13717 -2.40937 0.132308 190 190 190 255 
-1.1811 -2.33037 0.606262 190 190 190 255 
-1.13717 -2.30547 0.684169 190 190 190 255 
-1.1811 -2.08243 1.2069 190 190 190 255 
-1.13717 -2.07828 1.21489 190 190 190 255 
-1.1811 -2.03944 1.28967 190 190 190 255 
-1.13717 -2.03944 1.28967 190 190 190 255 
-1.1811 -1.96162 1.39231 190 190 190 255 
-1.13717 -1.97549 1.37401 190 190 190 255 
-1.1811 -1.82667 1.5703 190 190 190 255 
-1.13717 -1.86183 1.52392 190 190 190 255 
-1.13717 -1.79238 1.61553 190 190 190 255 
-1.1811 -1.79238 1.61553 190 190 190 255 
-1.13717 -1.60852 1.78765 190 190 190 255 
-1.13717 -1.47644 1.90647 190 190 190 255 
-1.1811 -1.3268 2.00509 190 190 190 255 
-1.1811 -1.15241 2.12003 190 190 190 255 
-1.13717 -0.895522 2.23262 190 190 190 255 
-1.1811 -0.948321 2.20948 190 190 190 255 
-1.13717 -0.606392 2.32676 190 190 190 255 
-1.27051 1.34789 13.7972 190 190 190 255 
-1.30741 1.29045 17.0208 190 190 190 255 
-1.27088 1.21226 17.0183 190 190 190 255 
-1.27212 1.28326 15.408 190 190 190 255 
-1.29634 1.2783 17.0204 190 190 190 255 
-1.2984 1.34015 15.4104 190 190 190 255 
-1.28467 1.26013 17.0199 190 190 190 255 
-1.27892 1.30688 15.409 190 190 190 255 
-1.27616 1.23999 17.0192 190 190 190 255 
-1.27515 1.23575 17.0191 190 190 190 255 
-1.38559 1.32724 17.022 190 190 190 255 
-1.38425 1.38975 15.4125 190 190 190 255 
-1.27 1.2628 15.4071 190 190 190 255 
-1.27051 1.27157 15.4075 190 190 190 255 
-1.2749 1.29508 15.4085 190 190 190 255 
-1.27212 1.35957 13.7978 190 190 190 255 
-1.2749 1.37139 13.7984 190 190 190 255 
-1.28419 1.31845 15.4095 190 190 190 255 
-1.2907 1.3296 15.41 190 190 190 255 
-1.2907 1.40589 13.8003 190 190 190 255 
-1.3072 1.34989 15.4108 190 190 190 255 
-1.3072 1.42617 13.8013 190 190 190 255 
-1.3275 1.44264 13.8022 190 190 190 255 
-1.33867 1.44915 13.8025 190 190 190 255 
-1.35025 1.45441 13.8028 190 190 190 255 
-1.36205 1.38216 15.4122 190 190 190 255 
-1.36205 1.45842 13.803 190 190 190 255 
-1.37389 1.4612 13.8032 190 190 190 255 
-1.37389 1.38494 15.4123 190 190 190 255 
-1.36211 1.32276 17.0218 190 190 190 255 
-1.3533 1.31965 17.0217 190 190 190 255 
-1.35025 1.37815 15.412 190 190 190 255 
-1.33867 1.37288 15.4118 190 190 190 255 
-1.397 1.47132 13.8037 190 190 190 255 
-1.27051 1.44121 12.1879 190 190 190 255 
-1.27051 1.55154 10.5796 190 190 190 255 
-1.27212 1.5632 10.5805 190 190 190 255 
-1.27212 1.45288 12.1886 190 190 190 255 
-1.2749 1.4647 12.1894 190 190 190 255 
-1.28419 1.48803 12.1908 190 190 190 255 
-1.28419 1.59833 10.5831 190 190 190 255 
-1.3072 1.62972 10.5854 190 190 190 255 
-1.31695 1.52822 12.1934 190 190 190 255 
-1.31695 1.63849 10.5861 190 190 190 255 
-1.35025 1.54767 12.1946 190 190 190 255 
-1.35025 1.65792 10.5875 190 190 190 255 
-1.2984 1.74726 8.97833 190 190 190 255 
-1.28419 1.72562 8.9765 190 190 190 255 
-1.28451 1.86969 7.37151 190 190 190 255 
-1.2907 1.73674 8.97744 190 190 190 255 
-1.29107 1.88157 7.37264 190 190 190 255 
-1.27212 1.69052 8.97353 190 190 190 255 
-1.2749 1.70232 8.97453 190 190 190 255 
-1.27504 1.84654 7.36931 190 190 190 255 
-1.27512 1.84674 7.36933 190 190 190 255 
-1.27057 1.82315 7.36708 190 190 190 255 
-1.27065 1.82467 7.36723 190 190 190 255 
-1.36305 1.93331 7.37757 190 190 190 255 
-1.37721 1.93668 7.37789 190 190 190 255 
-1.38559 1.79353 8.98224 190 190 190 255 
-1.38666 1.93742 7.37796 190 190 190 255 
-1.397 1.76544 9.32518 190 190 190 255 
-1.397 1.67632 10.5888 190 190 190 255 
-1.37389 1.79193 8.98211 190 190 190 255 
-1.36212 1.93309 7.37755 190 190 190 255 
-1.33774 1.92362 7.37665 190 190 190 255 
-1.35042 1.92895 7.37715 190 190 190 255 
-1.3275 1.77342 8.98054 190 190 190 255 
-1.31957 1.91202 7.37554 190 190 190 255 
-1.32775 1.91724 7.37604 190 190 190 255 
-1.33867 1.77991 8.98109 190 190 190 255 
-1.3284 1.91766 7.37608 190 190 190 255 
-1.31695 1.76574 8.97989 190 190 190 255 
-1.30739 1.90099 7.37449 190 190 190 255 
-1.3275 1.36637 15.4115 190 190 190 255 
-1.31695 1.35868 15.4112 190 190 190 255 
-1.31048 1.29381 17.0209 190 190 190 255 
-1.27892 1.47648 12.1901 190 190 190 255 
-1.27892 1.38317 13.7991 190 190 190 255 
-1.28419 1.39474 13.7997 190 190 190 255 
-1.2984 1.41643 13.8008 190 190 190 255 
-1.2907 1.49918 12.1915 190 190 190 255 
-1.2984 1.50971 12.1922 190 190 190 255 
-1.3072 1.51944 12.1928 190 190 190 255 
-1.31695 1.43495 13.8018 190 190 190 255 
-1.3275 1.53591 12.1939 190 190 190 255 
-1.33867 1.54241 12.1943 190 190 190 255 
-1.36205 1.55167 12.1949 190 190 190 255 
-1.38437 1.46584 13.8034 190 190 190 255 
-1.37389 1.55445 12.195 190 190 190 255 
-1.38473 1.55852 12.1953 190 190 190 255 
-1.27051 1.67887 8.97255 190 190 190 255 
-1.2749 1.57501 10.5814 190 190 190 255 
-1.27892 1.58678 10.5822 190 190 190 255 
-1.27892 1.71408 8.97553 190 190 190 255 
-1.2907 1.60946 10.5839 190 190 190 255 
-1.2984 1.61999 10.5847 190 190 190 255 
-1.3072 1.75698 8.97915 190 190 190 255 
-1.3275 1.64617 10.5866 190 190 190 255 
-1.33867 1.65266 10.5871 190 190 190 255 
-1.36205 1.66192 10.5878 190 190 190 255 
-1.35025 1.78516 8.98154 190 190 190 255 
-1.36205 1.78916 8.98187 190 190 190 255 
-1.37389 1.6647 10.588 190 190 190 255 
-1.38401 1.66982 10.5884 190 190 190 255 
-0.749275 1.92286 6.34559 190 190 190 255 
-0.176749 1.9494 6.11248 190 190 190 255 
0.657094 1.94188 6.2786 190 190 190 255 
0.852944 1.9139 6.42506 190 190 190 255 
1.31721 1.90963 7.37531 190 190 190 255 
1.37495 1.93591 7.37782 190 190 190 255 
1.36796 1.9509 7.22758 190 190 190 255 
1.14484 2.01593 6.58356 190 190 190 255 
-0.91123 2.04268 6.32001 190 190 190 255 
-1.34482 1.97177 7.02778 190 190 190 255 
-1.35528 1.97083 7.03953 190 190 190 255 
-1.29206 1.98806 6.86254 190 190 190 255 
-1.30357 1.98684 6.87617 190 190 190 255 
-1.23197 2.00233 6.71988 190 190 190 255 
-1.01797 2.0321 6.42386 190 190 190 255 
-1.03437 2.03048 6.43982 190 190 190 255 
-1.12713 2.01848 6.55825 190 190 190 255 
-1.12857 2.01861 6.55728 190 190 190 255 
-0.836266 2.04851 6.26318 190 190 190 255 
-0.676428 2.05773 6.169 190 190 190 255 
-0.825438 2.04935 6.25497 190 190 190 255 
-0.626028 2.06221 6.13018 190 190 190 255 
-0.680485 2.05895 6.16179 190 190 190 255 
-0.525382 2.06666 6.0873 190 190 190 255 
-0.522543 2.06553 6.09427 190 190 190 255 
-0.362869 2.07234 6.03261 190 190 190 255 
-0.468011 2.06919 6.06286 190 190 190 255 
-0.193864 2.07491 6.00485 190 190 190 255 
-0.194765 2.07592 5.99826 190 190 190 255 
-0.0243057 2.07733 5.98484 190 190 190 255 
0.208033 2.07598 5.99774 190 190 190 255 
0.072649 2.07615 5.99303 190 190 190 255 
0.0729689 2.07722 5.98585 190 190 190 255 
0.375781 2.07223 6.03365 190 190 190 255 
0.691459 2.05859 6.16515 190 190 190 255 
0.56575 2.06359 6.11289 190 190 190 255 
0.537588 2.06641 6.08969 190 190 190 255 
0.716208 2.0553 6.19237 190 190 190 255 
1.18251 2.01082 6.63482 190 190 190 255 
1.08232 2.02484 6.49547 190 190 190 255 
1.30241 1.98535 6.88993 190 190 190 255 
1.30579 1.98563 6.88874 190 190 190 255 
1.35658 1.96937 7.05474 190 190 190 255 
1.26303 1.83784 7.22824 190 190 190 255 
1.27515 1.84653 7.36931 190 190 190 255 
1.26769 1.86141 7.23 190 190 190 255 
1.27617 1.85075 7.36971 190 190 190 255 
1.27186 1.87323 7.23067 190 190 190 255 
1.27931 1.85817 7.37042 190 190 190 255 
1.37396 1.93572 7.3778 190 190 190 255 
1.38664 1.9377 7.37799 190 190 190 255 
1.31776 1.91006 7.37535 190 190 190 255 
1.33885 1.92378 7.37666 190 190 190 255 
1.34424 1.94429 7.22955 190 190 190 255 
1.26477 1.84956 7.22918 190 190 190 255 
1.24093 1.87801 7.07338 190 190 190 255 
1.24515 1.88983 7.07353 190 190 190 255 
1.27728 1.88482 7.23119 190 190 190 255 
1.28395 1.89598 7.23153 190 190 190 255 
1.25725 1.91259 7.07285 190 190 190 255 
1.29181 1.90652 7.23169 190 190 190 255 
1.26507 1.92313 7.07202 190 190 190 255 
1.03892 2.0296 6.44854 190 190 190 255 
1.23321 2.00105 6.73191 190 190 190 255 
1.29136 1.98384 6.89392 190 190 190 255 
1.35157 1.96902 7.05585 190 190 190 255 
1.3401 1.96751 7.05844 190 190 190 255 
1.37965 1.95241 7.22644 190 190 190 255 
0.862335 2.04657 6.28206 190 190 190 255 
0.982521 2.03341 6.4042 190 190 190 255 
0.856009 2.04517 6.29007 190 190 190 255 
0.0667149 1.97434 6.09561 190 190 190 255 
0.221553 1.97232 6.11329 190 190 190 255 
0.067205 1.99812 6.08874 190 190 190 255 
0.067548 2.00976 6.08342 190 190 190 255 
0.225656 2.01895 6.09491 190 190 190 255 
-0.621814 1.95605 6.25618 190 190 190 255 
-0.626218 1.9798 6.25076 190 190 190 255 
-0.763135 1.98178 6.33293 190 190 190 255 
-0.633045 2.00263 6.24091 190 190 190 255 
-0.637313 2.01321 6.23436 190 190 190 255 
-0.772718 2.00354 6.32211 190 190 190 255 
-0.778462 2.0133 6.3153 190 190 190 255 
-0.927153 1.91729 6.49732 190 190 190 255 
-0.87498 1.93508 6.44255 190 190 190 255 
-0.877519 1.94696 6.44108 190 190 190 255 
-0.885172 1.97042 6.43537 190 190 190 255 
-0.890271 1.98161 6.43112 190 190 190 255 
-0.896162 1.99217 6.42596 190 190 190 255 
-0.958213 1.99584 6.47616 190 190 190 255 
-1.1403 1.95778 6.74428 190 190 190 255 
-1.13303 1.94724 6.74724 190 190 190 255 
-1.20888 1.94215 6.89123 190 190 190 255 
-1.19478 1.92044 6.89472 190 190 190 255 
-1.11756 1.91264 6.75233 190 190 190 255 
-1.1146 1.90077 6.75278 190 190 190 255 
-1.18525 1.89702 6.89621 190 190 190 255 
-1.18223 1.88516 6.89625 190 190 190 255 
-1.22972 1.85719 7.0466 190 190 190 255 
-1.18032 1.87344 6.89585 190 190 190 255 
-1.25868 1.92588 7.04575 190 190 190 255 
-1.20128 1.93161 6.89322 190 190 190 255 
-1.25088 1.91534 7.04676 190 190 190 255 
-1.18943 1.90884 6.89571 190 190 190 255 
-1.24424 1.90417 7.0474 190 190 190 255 
-1.2388 1.89258 7.04769 190 190 190 255 
-1.23458 1.88076 7.04763 190 190 190 255 
1.3561 1.94822 7.22863 190 190 190 255 
1.28013 1.98115 6.89787 190 190 190 255 
1.22275 1.99954 6.73725 190 190 190 255 
1.13512 2.01442 6.59016 190 190 190 255 
1.03055 2.02811 6.45584 190 190 190 255 
1.02154 2.02542 6.46363 190 190 190 255 
0.848518 2.04248 6.29932 190 190 190 255 
0.709934 2.05261 6.20248 190 190 190 255 
0.406691 2.06989 6.05263 190 190 190 255 
0.241232 2.07411 6.01243 190 190 190 255 
0.239115 2.07141 6.02415 190 190 190 255 
-0.0242322 2.07633 5.99132 190 190 190 255 
-0.0240195 2.07363 6.00322 190 190 190 255 
-0.192163 2.07221 6.01663 190 190 190 255 
-0.361063 2.07128 6.03936 190 190 190 255 
-0.357895 2.06858 6.05083 190 190 190 255 
-0.517961 2.06283 6.10526 190 190 190 255 
-0.812791 2.04535 6.27185 190 190 190 255 
-0.819968 2.04804 6.26235 190 190 190 255 
-0.950723 2.03664 6.37276 190 190 190 255 
-0.94241 2.03395 6.38129 190 190 190 255 
-1.0002 2.02786 6.44002 190 190 190 255 
-1.19829 1.99951 6.71641 190 190 190 255 
-1.20882 2.0022 6.71086 190 190 190 255 
-1.2811 1.98655 6.86677 190 190 190 255 
-1.26995 1.98386 6.87096 190 190 190 255 
-1.33341 1.97026 7.03061 190 190 190 255 
-1.36483 1.95365 7.19953 190 190 190 255 
-1.32183 1.96758 7.03336 190 190 190 255 
-1.01766 2.03207 6.42407 190 190 190 255 
-1.00901 2.03056 6.43203 190 190 190 255 
-1.11755 2.01697 6.56507 190 190 190 255 
-1.21917 2.00371 6.7053 190 190 190 255 
-1.30404 1.89796 7.3742 190 190 190 255 
-1.26464 1.86415 7.204 190 190 190 255 
-1.27428 1.84439 7.3691 190 190 190 255 
-1.2617 1.8523 7.20324 190 190 190 255 
-1.25994 1.84058 7.20234 190 190 190 255 
-1.27253 1.83487 7.3682 190 190 190 255 
-1.2725 1.83473 7.36818 190 190 190 255 
-1.29906 1.89166 7.3736 190 190 190 255 
-1.29872 1.89123 7.37356 190 190 190 255 
-1.28469 1.87002 7.37154 190 190 190 255 
-1.28111 1.86353 7.37093 190 190 190 255 
1.33259 1.9391 7.23034 190 190 190 255 
1.20141 1.99292 6.74778 190 190 190 255 
1.25777 1.97203 6.90536 190 190 190 255 
1.19086 1.98773 6.7528 190 190 190 255 
1.10544 2.0026 6.60959 190 190 190 255 
1.01249 2.02149 6.47133 190 190 190 255 
0.965295 2.02679 6.42061 190 190 190 255 
0.956741 2.02158 6.42856 190 190 190 255 
0.840977 2.03854 6.30851 190 190 190 255 
0.697342 2.04346 6.2224 190 190 190 255 
0.555789 2.05695 6.13449 190 190 190 255 
0.550825 2.05174 6.14506 190 190 190 255 
0.39595 2.05804 6.08643 190 190 190 255 
0.236978 2.06747 6.03584 190 190 190 255 
0.0707281 2.06429 6.02844 190 190 190 255 
-0.0238048 2.06969 6.0151 190 190 190 255 
-0.0235915 2.06447 6.02677 190 190 190 255 
-0.354699 2.06464 6.06228 190 190 190 255 
-0.508753 2.05368 6.12694 190 190 190 255 
-0.658602 2.04589 6.19966 190 190 190 255 
-0.798397 2.0362 6.2905 190 190 190 255 
-0.934047 2.03002 6.38973 190 190 190 255 
-0.925763 2.02481 6.39797 190 190 190 255 
-0.99133 2.02393 6.44794 190 190 190 255 
-1.09801 2.01034 6.57863 190 190 190 255 
-1.08832 2.00515 6.58516 190 190 190 255 
-1.17728 1.99038 6.7271 190 190 190 255 
-1.32952 1.94184 7.20301 190 190 190 255 
1.31065 1.92501 7.23139 190 190 190 255 
1.29425 1.94926 7.0676 190 190 190 255 
1.28372 1.94162 7.06937 190 190 190 255 
1.23679 1.95793 6.91184 190 190 190 255 
1.09588 1.99614 6.61557 190 190 190 255 
0.940458 2.00746 6.44328 190 190 190 255 
0.691225 2.037 6.23187 190 190 190 255 
0.685368 2.02933 6.24078 190 190 190 255 
0.541334 2.0376 6.16483 190 190 190 255 
0.230792 2.0481 6.06886 190 190 190 255 
0.232782 2.05578 6.05839 190 190 190 255 
0.070103 2.05782 6.03969 190 190 190 255 
0.0695032 2.05013 6.05033 190 190 190 255 
-0.023383 2.058 6.03804 190 190 190 255 
-0.499981 2.03954 6.14704 190 190 190 255 
-0.791412 2.02974 6.29935 190 190 190 255 
-0.784728 2.02207 6.30767 190 190 190 255 
-0.965848 2.00461 6.46989 190 190 190 255 
-1.06992 1.99104 6.59713 190 190 190 255 
-1.16715 1.98393 6.73206 190 190 190 255 
-1.23708 1.96829 6.88255 190 190 190 255 
-1.22693 1.96064 6.88585 190 190 190 255 
-1.28776 1.95201 7.04072 190 190 190 255 
-1.31827 1.9354 7.20386 190 190 190 255 
1.32132 1.93265 7.23096 190 190 190 255 
1.30535 1.95571 7.06558 190 190 190 255 
1.24702 1.96558 6.90876 190 190 190 255 
1.18062 1.98128 6.75752 190 190 190 255 
1.00353 2.01629 6.47883 190 190 190 255 
0.994816 2.00983 6.48598 190 190 190 255 
0.833502 2.03334 6.31748 190 190 190 255 
0.948414 2.01513 6.43616 190 190 190 255 
0.826217 2.02688 6.32608 190 190 190 255 
0.545978 2.04527 6.15523 190 190 190 255 
0.392458 2.05157 6.09714 190 190 190 255 
0.234856 2.06225 6.04732 190 190 190 255 
-0.187072 2.05658 6.05108 190 190 190 255 
-0.188739 2.06305 6.03994 190 190 190 255 
-0.348424 2.05296 6.08435 190 190 190 255 
-0.351525 2.05943 6.07352 190 190 190 255 
-0.504274 2.04721 6.13728 190 190 190 255 
-0.65282 2.03942 6.20934 190 190 190 255 
-0.917697 2.01835 6.40584 190 190 190 255 
-0.974008 2.01227 6.46301 190 190 190 255 
-0.982552 2.01873 6.45565 190 190 190 255 
-1.0789 1.99869 6.59136 190 190 190 255 
-1.24776 1.97474 6.87892 190 190 190 255 
-1.29881 1.95846 7.03847 190 190 190 255 
-1.3765 1.95516 7.19815 190 190 190 255 
-1.38562 1.93734 7.37795 190 190 190 255 
1.32847 1.96483 7.06095 190 190 190 255 
1.31682 1.9609 7.06335 190 190 190 255 
1.26887 1.97722 6.90171 190 190 190 255 
1.2121 1.99685 6.74257 190 190 190 255 
1.12522 2.01172 6.59677 190 190 190 255 
1.11527 2.00779 6.60328 190 190 190 255 
0.973933 2.03072 6.41244 190 190 190 255 
0.560789 2.06089 6.12371 190 190 190 255 
0.703613 2.04867 6.21255 190 190 190 255 
0.403123 2.06719 6.06399 190 190 190 255 
0.399524 2.06325 6.07531 190 190 190 255 
0.0720112 2.07345 6.00492 190 190 190 255 
0.0713676 2.0695 6.01678 190 190 190 255 
-0.190446 2.06826 6.02839 190 190 190 255 
-0.513341 2.05889 6.11621 190 190 190 255 
-0.670501 2.05504 6.17933 190 190 190 255 
-0.664528 2.0511 6.1896 190 190 190 255 
-0.805563 2.04141 6.28128 190 190 190 255 
-1.1078 2.01428 6.57189 190 190 190 255 
-1.18772 1.99558 6.72186 190 190 190 255 
-1.25878 1.97993 6.87503 190 190 190 255 
-1.31024 1.96365 7.036 190 190 190 255 
-1.34116 1.94703 7.20199 190 190 190 255 
-1.353 1.95096 7.20082 190 190 190 255 
-1.35787 1.93208 7.37745 190 190 190 255 
-1.35125 1.9293 7.37719 190 190 190 255 
1.27088 1.82313 7.36709 190 190 190 255 
1.26829 1.8139 7.34607 190 190 190 255 
1.30075 1.91625 7.23164 190 190 190 255 
1.23133 1.84294 7.07234 190 190 190 255 
1.25145 1.83463 7.14974 190 190 190 255 
1.23609 1.85444 7.07224 190 190 190 255 
1.23793 1.86616 7.07294 190 190 190 255 
1.19908 1.90614 6.92088 190 190 190 255 
1.25059 1.90142 7.07335 190 190 190 255 
1.21863 1.93944 6.91683 190 190 190 255 
1.22728 1.94918 6.91455 190 190 190 255 
1.27393 1.93286 7.07085 190 190 190 255 
1.1535 1.95513 6.76914 190 190 190 255 
1.14616 1.94458 6.77194 190 190 190 255 
1.21099 1.9289 6.91866 190 190 190 255 
1.20446 1.91773 6.92001 190 190 190 255 
1.13987 1.93341 6.77413 190 190 190 255 
1.13467 1.92181 6.7757 190 190 190 255 
1.19489 1.89432 6.92129 190 190 190 255 
1.19187 1.88246 6.92126 190 190 190 255 
1.13058 1.90998 6.77667 190 190 190 255 
1.18997 1.87074 6.92082 190 190 190 255 
1.12568 1.8864 6.77689 190 190 190 255 
1.12301 1.87489 6.77701 190 190 190 255 
1.05272 1.93665 6.63957 190 190 190 255 
1.1276 1.89812 6.77705 190 190 190 255 
0.959815 1.90114 6.53935 190 190 190 255 
0.99602 1.89681 6.57807 190 190 190 255 
1.07049 1.96998 6.63058 190 190 190 255 
0.965247 1.9731 6.50873 190 190 190 255 
1.06359 1.95943 6.63431 190 190 190 255 
1.05765 1.94825 6.63731 190 190 190 255 
0.95521 1.95031 6.51541 190 190 190 255 
1.04883 1.92482 6.64109 190 190 190 255 
1.04595 1.91295 6.64189 190 190 190 255 
1.04406 1.90122 6.64202 190 190 190 255 
0.902652 1.92013 6.47189 190 190 190 255 
0.943155 1.90312 6.52153 190 190 190 255 
0.947084 1.91486 6.51909 190 190 190 255 
0.904404 1.93187 6.47134 190 190 190 255 
0.907008 1.94374 6.46997 190 190 190 255 
0.948887 1.92659 6.51867 190 190 190 255 
0.951584 1.93847 6.51746 190 190 190 255 
0.910497 1.95558 6.46771 190 190 190 255 
0.959771 1.96192 6.5125 190 190 190 255 
0.914878 1.9672 6.46455 190 190 190 255 
0.920129 1.97838 6.46048 190 190 190 255 
0.9262 1.98895 6.45553 190 190 190 255 
0.971586 1.98366 6.50413 190 190 190 255 
0.806733 2.00068 6.34818 190 190 190 255 
0.789776 1.95545 6.36511 190 190 190 255 
0.782369 1.92 6.37098 190 190 190 255 
0.785852 1.93182 6.36768 190 190 190 255 
0.655145 1.93018 6.28088 190 190 190 255 
0.686666 1.92827 6.29764 190 190 190 255 
0.658471 1.95364 6.27753 190 190 190 255 
0.787443 1.94357 6.36686 190 190 190 255 
0.66047 1.96553 6.27545 190 190 190 255 
0.792879 1.9673 6.36238 190 190 190 255 
0.666401 1.98901 6.26804 190 190 190 255 
0.796757 1.97892 6.35864 190 190 190 255 
0.67032 2.00021 6.26271 190 190 190 255 
0.80139 1.99011 6.35389 190 190 190 255 
0.67483 2.01078 6.25633 190 190 190 255 
0.679872 2.02054 6.24898 190 190 190 255 
0.812717 2.01043 6.34157 190 190 190 255 
0.529378 2.00847 6.18857 190 190 190 255 
0.663112 1.97738 6.27229 190 190 190 255 
0.521511 1.97377 6.20257 190 190 190 255 
0.519902 1.96187 6.20494 190 190 190 255 
0.620397 1.93228 6.2624 190 190 190 255 
0.372782 1.95636 6.15141 190 190 190 255 
0.518784 1.95011 6.20622 190 190 190 255 
0.374775 1.98003 6.14737 190 190 190 255 
0.523628 1.98563 6.19907 190 190 190 255 
0.378218 2.00354 6.13859 190 190 190 255 
0.380478 2.01475 6.13239 190 190 190 255 
0.526255 1.99726 6.1944 190 190 190 255 
0.532966 2.01904 6.18163 190 190 190 255 
0.385964 2.0351 6.11661 190 190 190 255 
0.228921 2.03931 6.07854 190 190 190 255 
0.383071 2.02533 6.12503 190 190 190 255 
0.2272 2.02953 6.08727 190 190 190 255 
0.376313 1.9919 6.14359 190 190 190 255 
0.22431 2.00773 6.10137 190 190 190 255 
0.223174 1.99609 6.10659 190 190 190 255 
0.222255 1.98422 6.11056 190 190 190 255 
0.373602 1.96813 6.14996 190 190 190 255 
0.22106 1.96055 6.11486 190 190 190 255 
0.220096 1.9486 6.11943 190 190 190 255 
0.0981888 1.95085 6.09981 190 190 190 255 
0.0665655 1.96257 6.09723 190 190 190 255 
0.0669274 1.98625 6.0928 190 190 190 255 
-0.0224162 1.9983 6.08717 190 190 190 255 
0.0679544 2.02098 6.07683 190 190 190 255 
-0.0228216 2.03175 6.06745 190 190 190 255 
0.0684202 2.03157 6.06905 190 190 190 255 
-0.0226662 2.02116 6.07524 190 190 190 255 
-0.0225306 2.00994 6.08183 190 190 190 255 
-0.18026 2.00853 6.09435 190 190 190 255 
-0.0223236 1.98643 6.09123 190 190 190 255 
-0.179346 1.99688 6.09961 190 190 190 255 
-0.0222527 1.97452 6.09405 190 190 190 255 
-0.0222028 1.96275 6.09567 190 190 190 255 
-0.329879 1.94606 6.14156 190 190 190 255 
-0.183968 2.0401 6.07136 190 190 190 255 
-0.182585 2.03033 6.08015 190 190 190 255 
-0.340083 2.02672 6.11256 190 190 190 255 
-0.181343 2.01974 6.08784 190 190 190 255 
-0.335768 2.00492 6.1263 190 190 190 255 
-0.334074 1.99328 6.13137 190 190 190 255 
-0.178607 1.98501 6.10361 190 190 190 255 
-0.178041 1.97311 6.10638 190 190 190 255 
-0.331661 1.96951 6.13785 190 190 190 255 
-0.177644 1.96134 6.10797 190 190 190 255 
-0.304932 1.94702 6.13315 190 190 190 255 
-0.442737 1.94171 6.1796 190 190 190 255 
-0.33093 1.95774 6.13934 190 190 190 255 
-0.481638 1.9757 6.18551 190 190 190 255 
-0.332706 1.98141 6.13521 190 190 190 255 
-0.486032 1.9992 6.17715 190 190 190 255 
-0.488923 2.0104 6.17121 190 190 190 255 
-0.337778 2.01613 6.12001 190 190 190 255 
-0.492243 2.02098 6.16414 190 190 190 255 
-0.629334 1.99143 6.24639 190 190 190 255 
-0.4836 1.98756 6.18192 190 190 190 255 
-0.623712 1.96795 6.25402 190 190 190 255 
-0.480146 1.9638 6.18795 190 190 190 255 
-0.479107 1.95204 6.18928 190 190 190 255 
-0.75263 1.93467 6.34239 190 190 190 255 
-0.620503 1.9443 6.25731 190 190 190 255 
-0.617788 1.93243 6.2611 190 190 190 255 
-0.902768 2.00192 6.41997 190 190 190 255 
-0.767587 1.99297 6.32802 190 190 190 255 
-0.759406 1.97016 6.33681 190 190 190 255 
-0.880915 1.9588 6.43869 190 190 190 255 
-0.756419 1.95831 6.33966 190 190 190 255 
-0.754169 1.94642 6.34151 190 190 190 255 
-1.02423 1.89215 6.62026 190 190 190 255 
-0.998489 1.89646 6.5812 190 190 190 255 
-0.975969 1.89917 6.55697 190 190 190 255 
-0.871091 1.91177 6.44413 190 190 190 255 
-0.873265 1.92334 6.44317 190 190 190 255 
-0.951232 1.9861 6.48172 190 190 190 255 
-0.945013 1.97554 6.48648 190 190 190 255 
-1.04706 1.96198 6.61084 190 190 190 255 
-0.939637 1.96435 6.49039 190 190 190 255 
-0.935156 1.95274 6.49341 190 190 190 255 
-0.931591 1.9409 6.49556 190 190 190 255 
-0.928935 1.92902 6.49684 190 190 190 255 
-1.03247 1.92736 6.61798 190 190 190 255 
-1.02962 1.91549 6.61886 190 190 190 255 
-1.11268 1.88905 6.75267 190 190 190 255 
-1.02775 1.90376 6.61904 190 190 190 255 
-1.12162 1.92446 6.75127 190 190 190 255 
-1.03632 1.93919 6.61637 190 190 190 255 
-1.12678 1.93606 6.74957 190 190 190 255 
-1.0412 1.9508 6.61399 190 190 190 255 
-1.05387 1.97253 6.60695 190 190 190 255 
-1.23157 1.8689 7.04726 190 190 190 255 
-1.25247 1.83399 7.15574 190 190 190 255 
-1.19428 1.85743 6.93744 190 190 190 255 
-1.26881 1.87597 7.2046 190 190 190 255 
-1.27425 1.88756 7.205 190 190 190 255 
-1.28093 1.89873 7.20521 190 190 190 255 
-1.28879 1.90927 7.20519 190 190 190 255 
-1.29773 1.919 7.20496 190 190 190 255 
-1.27057 1.82322 7.36709 190 190 190 255 
1.16177 1.96486 6.76577 190 190 190 255 
1.17086 1.97362 6.76187 190 190 190 255 
1.08677 1.98849 6.62113 190 190 190 255 
1.07826 1.97973 6.62616 190 190 190 255 
0.98649 2.00217 6.49266 190 190 190 255 
0.978703 1.99341 6.49874 190 190 190 255 
0.933011 1.99869 6.44977 190 190 190 255 
0.819248 2.01921 6.33416 190 190 190 255 
0.536972 2.02881 6.17368 190 190 190 255 
0.38911 2.04389 6.10726 190 190 190 255 
0.0689391 2.04134 6.06017 190 190 190 255 
-0.0231829 2.05031 6.04869 190 190 190 255 
-0.0229947 2.04152 6.05855 190 190 190 255 
-0.185473 2.04889 6.06162 190 190 190 255 
-0.342653 2.03649 6.10404 190 190 190 255 
-0.345449 2.04528 6.09458 190 190 190 255 
-0.495948 2.03075 6.15605 190 190 190 255 
-0.647281 2.03175 6.21845 190 190 190 255 
-0.642084 2.02297 6.22684 190 190 190 255 
-0.909986 2.01069 6.41322 190 190 190 255 
-1.06153 1.98227 6.60236 190 190 190 255 
-1.15749 1.97628 6.73662 190 190 190 255 
-1.14849 1.96752 6.74072 190 190 190 255 
-1.21747 1.95188 6.88876 190 190 190 255 
-1.27726 1.94436 7.04271 190 190 190 255 
-1.26751 1.93561 7.0444 190 190 190 255 
-1.30761 1.92775 7.20451 190 190 190 255 
-1.30785 1.90141 7.37453 190 190 190 255 
1.397 1.76544 9.32518 190 190 190 255 
1.397 1.79586 8.98245 190 190 190 255 
1.2984 1.74726 8.97833 190 190 190 255 
1.3072 1.75698 8.97915 190 190 190 255 
1.3275 1.36637 15.4115 190 190 190 255 
1.33867 1.37288 15.4118 190 190 190 255 
1.27057 1.21229 17.0184 190 190 190 255 
1.27058 1.21249 17.0184 190 190 190 255 
1.27066 1.21392 17.0184 190 190 190 255 
1.29111 1.27098 17.0202 190 190 190 255 
1.2984 1.34015 15.4104 190 190 190 255 
1.29872 1.28064 17.0205 190 190 190 255 
1.28451 1.25901 17.0198 190 190 190 255 
1.2907 1.3296 15.41 190 190 190 255 
1.28508 1.26005 17.0199 190 190 190 255 
1.38426 1.38974 15.4125 190 190 190 255 
1.36205 1.38216 15.4122 190 190 190 255 
1.35025 1.37815 15.412 190 190 190 255 
1.3072 1.34989 15.4108 190 190 190 255 
1.3072 1.42617 13.8013 190 190 190 255 
1.28419 1.31845 15.4095 190 190 190 255 
1.27892 1.38317 13.7991 190 190 190 255 
1.2749 1.29508 15.4085 190 190 190 255 
1.27212 1.28326 15.408 190 190 190 255 
1.27051 1.27157 15.4075 190 190 190 255 
1.27051 1.34789 13.7972 190 190 190 255 
1.2725 1.22391 17.0187 190 190 190 255 
1.27258 1.22433 17.0187 190 190 190 255 
1.2743 1.2337 17.019 190 190 190 255 
1.27504 1.23576 17.0191 190 190 190 255 
1.27526 1.23639 17.0191 190 190 190 255 
1.27892 1.30688 15.409 190 190 190 255 
1.28114 1.2529 17.0196 190 190 190 255 
1.384 1.66983 10.5884 190 190 190 255 
1.37389 1.6647 10.588 190 190 190 255 
1.35025 1.65792 10.5875 190 190 190 255 
1.33867 1.65266 10.5871 190 190 190 255 
1.3275 1.64617 10.5866 190 190 190 255 
1.2984 1.50971 12.1922 190 190 190 255 
1.28419 1.48803 12.1908 190 190 190 255 
1.27892 1.47648 12.1901 190 190 190 255 
1.27051 1.55154 10.5796 190 190 190 255 
1.27 1.4655 11.6388 190 190 190 255 
1.27 1.54269 10.579 190 190 190 255 
1.31045 1.90433 7.37481 190 190 190 255 
1.31695 1.76574 8.97989 190 190 190 255 
1.32691 1.91724 7.37604 190 190 190 255 
1.3275 1.77342 8.98054 190 190 190 255 
1.33959 1.92418 7.3767 190 190 190 255 
1.34503 1.92716 7.37698 190 190 190 255 
1.35121 1.92935 7.37719 190 190 190 255 
1.37389 1.79193 8.98211 190 190 190 255 
1.36426 1.93395 7.37763 190 190 190 255 
1.36211 1.93319 7.37756 190 190 190 255 
1.38407 1.93757 7.37797 190 190 190 255 
1.38559 1.93765 7.37798 190 190 190 255 
1.397 1.93823 7.37804 190 190 190 255 
1.2749 1.70232 8.97453 190 190 190 255 
1.27154 1.8315 7.36788 190 190 190 255 
1.27089 1.8232 7.3671 190 190 190 255 
1.28419 1.72562 8.9765 190 190 190 255 
1.27943 1.85845 7.37044 190 190 190 255 
1.30741 1.901 7.37449 190 190 190 255 
1.29632 1.88887 7.37334 190 190 190 255 
1.29133 1.88113 7.3726 190 190 190 255 
1.29108 1.88074 7.37256 190 190 190 255 
1.28466 1.87079 7.37162 190 190 190 255 
1.38437 1.46584 13.8034 190 190 190 255 
1.36212 1.32266 17.0218 190 190 190 255 
1.37389 1.38494 15.4123 190 190 190 255 
1.3772 1.32627 17.022 190 190 190 255 
1.29981 1.28202 17.0206 190 190 190 255 
1.30407 1.28742 17.0207 190 190 190 255 
1.31695 1.35868 15.4112 190 190 190 255 
1.397 1.67632 10.5888 190 190 190 255 
1.37389 1.4612 13.8032 190 190 190 255 
1.38473 1.55852 12.1953 190 190 190 255 
1.36205 1.45842 13.803 190 190 190 255 
1.37389 1.55445 12.195 190 190 190 255 
1.36205 1.55167 12.1949 190 190 190 255 
1.35025 1.45441 13.8028 190 190 190 255 
1.35025 1.54767 12.1946 190 190 190 255 
1.33867 1.54241 12.1943 190 190 190 255 
1.33867 1.44915 13.8025 190 190 190 255 
1.3275 1.44264 13.8022 190 190 190 255 
1.31695 1.43495 13.8018 190 190 190 255 
1.3275 1.53591 12.1939 190 190 190 255 
1.31695 1.52822 12.1934 190 190 190 255 
1.3072 1.51944 12.1928 190 190 190 255 
1.2984 1.41643 13.8008 190 190 190 255 
1.2907 1.40589 13.8003 190 190 190 255 
1.2907 1.49918 12.1915 190 190 190 255 
1.28419 1.39474 13.7997 190 190 190 255 
1.2749 1.37139 13.7984 190 190 190 255 
1.2749 1.4647 12.1894 190 190 190 255 
1.27212 1.35957 13.7978 190 190 190 255 
1.27212 1.45288 12.1886 190 190 190 255 
1.27051 1.44121 12.1879 190 190 190 255 
1.38559 1.79353 8.98224 190 190 190 255 
1.36205 1.66192 10.5878 190 190 190 255 
1.36205 1.78916 8.98187 190 190 190 255 
1.35025 1.78516 8.98154 190 190 190 255 
1.33867 1.77991 8.98109 190 190 190 255 
1.31695 1.63849 10.5861 190 190 190 255 
1.3072 1.62972 10.5854 190 190 190 255 
1.2984 1.61999 10.5847 190 190 190 255 
1.2907 1.60946 10.5839 190 190 190 255 
1.28419 1.59833 10.5831 190 190 190 255 
1.2907 1.73674 8.97744 190 190 190 255 
1.27892 1.58678 10.5822 190 190 190 255 
1.27892 1.71408 8.97553 190 190 190 255 
1.2749 1.57501 10.5814 190 190 190 255 
1.27212 1.5632 10.5805 190 190 190 255 
1.27212 1.69052 8.97353 190 190 190 255 
1.27051 1.67887 8.97255 190 190 190 255 
1.27 1.59587 9.84869 190 190 190 255 
1.27 1.67012 8.97181 190 190 190 255 
0.46587 1.16556 18.1963 190 190 190 255 
0.160799 1.16361 18.2742 190 190 190 255 
-0.167736 1.16364 18.2731 190 190 190 255 
-0.473426 1.17716 18.197 190 190 190 255 
-0.74683 1.16961 18.0405 190 190 190 255 
-1.11602 1.18133 17.6241 190 190 190 255 
-1.31904 1.30055 17.0211 190 190 190 255 
-1.2709 1.21246 17.0184 190 190 190 255 
-1.3451 1.31674 17.0217 190 190 190 255 
-1.33783 1.31194 17.1136 190 190 190 255 
-1.37396 1.32531 17.0219 190 190 190 255 
1.3553 1.31753 17.3605 190 190 190 255 
1.23203 1.30851 17.6801 190 190 190 255 
1.22282 1.30811 17.695 190 190 190 255 
1.21548 1.30787 17.691 190 190 190 255 
1.12261 1.30397 17.8365 190 190 190 255 
1.12955 1.30421 17.8415 190 190 190 255 
1.03447 1.30115 17.9601 190 190 190 255 
1.01253 1.30053 17.9693 190 190 190 255 
1.01891 1.30077 17.9752 190 190 190 255 
0.911322 1.29816 18.0799 190 190 190 255 
0.945289 1.29885 18.0362 190 190 190 255 
0.811949 1.29616 18.1454 190 190 190 255 
0.816526 1.29642 18.1518 190 190 190 255 
0.625953 1.29361 18.2699 190 190 190 255 
0.666028 1.29396 18.2373 190 190 190 255 
0.509677 1.29225 18.3105 190 190 190 255 
0.46769 1.29206 18.3373 190 190 190 255 
-0.355581 1.2913 18.3706 190 190 190 255 
-0.0388625 1.29025 18.4173 190 190 190 255 
-0.516789 1.29231 18.3076 190 190 190 255 
-0.54015 1.2927 18.3093 190 190 190 255 
-0.520277 1.29254 18.3162 190 190 190 255 
-1.1705 1.30583 17.7665 190 190 190 255 
-1.17793 1.30606 17.7712 190 190 190 255 
-1.06882 1.30217 17.9056 190 190 190 255 
-0.968793 1.29945 18.0277 190 190 190 255 
-1.26209 1.31018 17.6191 190 190 190 255 
-1.18493 1.30632 17.7614 190 190 190 255 
-1.37212 1.31978 17.2843 190 190 190 255 
-1.37063 1.31961 17.2901 190 190 190 255 
-1.31868 1.31448 17.4554 190 190 190 255 
-1.28831 1.26859 17.1089 190 190 190 255 
-1.29108 1.2701 17.0202 190 190 190 255 
-1.27154 1.22067 17.0186 190 190 190 255 
-1.27199 1.23346 17.1067 190 190 190 255 
-1.27931 1.24744 17.0195 190 190 190 255 
-1.27613 1.24548 17.1073 190 190 190 255 
-1.27967 1.24829 17.0195 190 190 190 255 
-1.28157 1.25726 17.1081 190 190 190 255 
-1.36435 1.32356 17.0219 190 190 190 255 
-1.37747 1.32595 17.0219 190 190 190 255 
-1.397 1.32782 17.022 190 190 190 255 
-1.38933 1.32743 17.022 190 190 190 255 
-1.38578 1.3246 17.1173 190 190 190 255 
-1.38418 1.32717 17.022 190 190 190 255 
-1.32696 1.30678 17.0213 190 190 190 255 
-0.870879 1.18384 17.9431 190 190 190 255 
-0.871874 1.19576 17.9445 190 190 190 255 
-0.979873 1.19895 17.8294 190 190 190 255 
-0.981947 1.211 17.8314 190 190 190 255 
-0.985011 1.22302 17.8342 190 190 190 255 
-0.889893 1.25363 17.965 190 190 190 255 
-0.994164 1.24614 17.8424 190 190 190 255 
-0.896035 1.26346 17.9718 190 190 190 255 
-1.00712 1.26665 17.8537 190 190 190 255 
0.868553 1.20768 17.9515 190 190 190 255 
0.933179 1.22139 17.893 190 190 190 255 
0.871248 1.2197 17.9547 190 190 190 255 
0.874839 1.23148 17.9589 190 190 190 255 
0.879317 1.24282 17.9639 190 190 190 255 
0.954093 1.26502 17.9137 190 190 190 255 
0.890748 1.26333 17.9767 190 190 190 255 
1.18023 1.19708 17.4884 190 190 190 255 
1.23376 1.22578 17.34 190 190 190 255 
1.19297 1.24485 17.4948 190 190 190 255 
1.19915 1.25618 17.4976 190 190 190 255 
1.20649 1.26686 17.5008 190 190 190 255 
1.25708 1.27159 17.3474 190 190 190 255 
-1.36181 1.32081 17.1156 190 190 190 255 
-1.37388 1.32331 17.1165 190 190 190 255 
-1.35105 1.31809 17.2862 190 190 190 255 
-1.33918 1.31559 17.2838 190 190 190 255 
-1.30737 1.31319 17.4517 190 190 190 255 
-1.29588 1.31069 17.4478 190 190 190 255 
-0.942742 1.29769 18.0222 190 190 190 255 
-1.05035 1.29838 17.8902 190 190 190 255 
-0.803991 1.29248 18.1215 190 190 190 255 
-0.66696 1.29276 18.2232 190 190 190 255 
-0.0123828 1.28875 18.3954 190 190 190 255 
0.00413353 1.28875 18.3954 190 190 190 255 
-0.0122742 1.28625 18.3832 190 190 190 255 
0.173139 1.2865 18.3723 190 190 190 255 
0.174671 1.289 18.3843 190 190 190 255 
0.342796 1.28974 18.3521 190 190 190 255 
0.505304 1.29096 18.2994 190 190 190 255 
0.654521 1.29017 18.2162 190 190 190 255 
0.797921 1.29237 18.1259 190 190 190 255 
0.937179 1.29756 18.0274 190 190 190 255 
0.928955 1.29506 18.0185 190 190 190 255 
1.00384 1.29925 17.9612 190 190 190 255 
1.11297 1.30268 17.8295 190 190 190 255 
1.20505 1.30658 17.6852 190 190 190 255 
1.32044 1.31314 17.3651 190 190 190 255 
-1.36275 1.31938 17.2885 190 190 190 255 
-1.2543 1.30995 17.6155 190 190 190 255 
-1.24354 1.30866 17.6103 190 190 190 255 
-1.16046 1.30454 17.76 190 190 190 255 
-1.05965 1.30088 17.898 190 190 190 255 
-0.950901 1.29898 18.0309 190 190 190 255 
-0.818126 1.29627 18.1409 190 190 190 255 
-0.811107 1.29498 18.1313 190 190 190 255 
-0.672732 1.29405 18.2336 190 190 190 255 
-0.512355 1.29103 18.2966 190 190 190 255 
-0.353179 1.29107 18.3617 190 190 190 255 
-0.350149 1.28978 18.3502 190 190 190 255 
-0.182218 1.28902 18.3833 190 190 190 255 
-0.183795 1.29031 18.3951 190 190 190 255 
-0.0124899 1.29004 18.4073 190 190 190 255 
0.0041693 1.29004 18.4073 190 190 190 255 
0.176183 1.29029 18.3961 190 190 190 255 
0.345762 1.29103 18.3636 190 190 190 255 
0.660313 1.29267 18.2268 190 190 190 255 
0.804983 1.29487 18.1357 190 190 190 255 
1.28949 1.3122 17.5352 190 190 190 255 
1.27842 1.31091 17.5307 190 190 190 255 
1.34368 1.31693 17.3713 190 190 190 255 
1.33215 1.31564 17.3682 190 190 190 255 
1.37711 1.32199 17.202 190 190 190 255 
1.30739 1.29043 17.0208 190 190 190 255 
1.28823 1.27666 17.189 190 190 190 255 
1.27366 1.25465 17.1864 190 190 190 255 
1.25975 1.20689 17.1832 190 190 190 255 
1.26136 1.2188 17.1837 190 190 190 255 
1.26418 1.23085 17.1845 190 190 190 255 
1.35787 1.32165 17.0218 190 190 190 255 
1.35042 1.31851 17.0217 190 190 190 255 
-1.31562 1.30672 17.2789 190 190 190 255 
-1.2844 1.30691 17.4439 190 190 190 255 
-1.27311 1.30182 17.4401 190 190 190 255 
-1.22171 1.30238 17.5998 190 190 190 255 
-1.21098 1.29729 17.5946 190 190 190 255 
-1.14009 1.29826 17.7469 190 190 190 255 
-1.03193 1.28951 17.8748 190 190 190 255 
-0.926207 1.29142 18.0045 190 190 190 255 
-0.789903 1.28361 18.102 190 190 190 255 
-0.655267 1.28648 18.2019 190 190 190 255 
-0.649529 1.28139 18.1915 190 190 190 255 
-0.498967 1.27965 18.263 190 190 190 255 
-0.341 1.27841 18.3152 190 190 190 255 
-0.177458 1.27765 18.3475 190 190 190 255 
-0.0121658 1.28247 18.3711 190 190 190 255 
0.00402554 1.27738 18.3592 190 190 190 255 
0.170108 1.27763 18.3484 190 190 190 255 
0.336787 1.28346 18.3286 190 190 190 255 
0.4921 1.27959 18.2657 190 190 190 255 
0.790868 1.2886 18.116 190 190 190 255 
0.920741 1.29128 18.0096 190 190 190 255 
0.912672 1.28619 18.0008 190 190 190 255 
0.986235 1.29297 17.9445 190 190 190 255 
0.977589 1.28788 17.9363 190 190 190 255 
1.09344 1.2964 17.8152 190 190 190 255 
1.1839 1.3003 17.6734 190 190 190 255 
1.25597 1.30463 17.5216 190 190 190 255 
1.33775 1.31317 17.0215 190 190 190 255 
1.32994 1.30816 17.0214 190 190 190 255 
-1.30434 1.30033 17.2765 190 190 190 255 
-1.29366 1.29268 17.2742 190 190 190 255 
-1.26221 1.29542 17.4363 190 190 190 255 
-1.19083 1.28324 17.5847 190 190 190 255 
-1.20062 1.29089 17.5895 190 190 190 255 
-0.783172 1.27721 18.0926 190 190 190 255 
-0.776813 1.26956 18.0837 190 190 190 255 
-0.643997 1.27499 18.1814 190 190 190 255 
-0.638771 1.26734 18.1718 190 190 190 255 
-0.338098 1.27201 18.304 190 190 190 255 
-0.335357 1.26436 18.2934 190 190 190 255 
-0.174522 1.2636 18.3252 190 190 190 255 
-0.0119567 1.27098 18.3477 190 190 190 255 
0.00395894 1.26333 18.3368 190 190 190 255 
0.00399128 1.27098 18.3477 190 190 190 255 
0.167293 1.26358 18.3261 190 190 190 255 
0.330998 1.27197 18.3059 190 190 190 255 
0.328315 1.26432 18.2953 190 190 190 255 
0.48791 1.27319 18.255 190 190 190 255 
0.637579 1.2749 18.1849 190 190 190 255 
0.777259 1.27711 18.0969 190 190 190 255 
0.897537 1.27214 17.9842 190 190 190 255 
0.961369 1.27383 17.9208 190 190 190 255 
1.16347 1.28882 17.6618 190 190 190 255 
1.15399 1.28117 17.6564 190 190 190 255 
1.23428 1.29315 17.5127 190 190 190 255 
1.31806 1.30294 17.1937 190 190 190 255 
1.32775 1.30675 17.0213 190 190 190 255 
1.3196 1.30153 17.0212 190 190 190 255 
-1.33885 1.31331 17.0215 190 190 190 255 
-1.32633 1.30555 17.1126 190 190 190 255 
-1.13009 1.29317 17.7404 190 190 190 255 
-1.12044 1.28678 17.7341 190 190 190 255 
-1.02313 1.28311 17.8673 190 190 190 255 
-0.91809 1.28632 17.9958 190 190 190 255 
-0.910261 1.27993 17.9873 190 190 190 255 
-0.494719 1.27326 18.2523 190 190 190 255 
-0.175948 1.27125 18.336 190 190 190 255 
-0.0120593 1.27738 18.3592 190 190 190 255 
0.16866 1.27123 18.337 190 190 190 255 
0.33384 1.27837 18.317 190 190 190 255 
0.643056 1.2813 18.195 190 190 190 255 
0.78394 1.2835 18.1063 190 190 190 255 
0.90489 1.2798 17.9923 190 190 190 255 
0.96925 1.28148 17.9283 190 190 190 255 
1.0746 1.28492 17.8012 190 190 190 255 
1.08385 1.29131 17.8081 190 190 190 255 
1.1735 1.29521 17.6675 190 190 190 255 
1.24493 1.29954 17.5171 190 190 190 255 
1.29723 1.30427 17.3588 190 190 190 255 
1.28611 1.29787 17.3557 190 190 190 255 
1.32947 1.30934 17.1954 190 190 190 255 
1.38666 1.32256 17.1921 190 190 190 255 
1.38935 1.32722 17.022 190 190 190 255 
1.36529 1.32071 17.2004 190 190 190 255 
1.38562 1.32693 17.022 190 190 190 255 
1.36537 1.32344 17.0219 190 190 190 255 
-1.34972 1.31703 17.1146 190 190 190 255 
-1.32731 1.31181 17.2814 190 190 190 255 
-1.23262 1.30616 17.6051 190 190 190 255 
-1.15027 1.30204 17.7535 190 190 190 255 
-1.04106 1.2946 17.8825 190 190 190 255 
-0.93447 1.29519 18.0134 190 190 190 255 
-0.796884 1.2887 18.1117 190 190 190 255 
-0.661109 1.29026 18.2126 190 190 190 255 
-0.507861 1.28853 18.2853 190 190 190 255 
-0.503374 1.28475 18.2741 190 190 190 255 
-0.347078 1.28728 18.3384 190 190 190 255 
-0.344011 1.2835 18.3267 190 190 190 255 
-0.18062 1.28652 18.3713 190 190 190 255 
-0.179025 1.28275 18.3593 190 190 190 255 
0.00409728 1.28625 18.3833 190 190 190 255 
0.00406108 1.28247 18.3712 190 190 190 255 
0.17161 1.28272 18.3603 190 190 190 255 
0.339789 1.28724 18.3403 190 190 190 255 
0.500872 1.28846 18.2881 190 190 190 255 
0.496446 1.28468 18.2768 190 190 190 255 
0.648737 1.28639 18.2055 190 190 190 255 
0.995035 1.29675 17.9529 190 190 190 255 
1.10321 1.30018 17.8224 190 190 190 255 
1.19447 1.30408 17.6793 190 190 190 255 
1.2672 1.30841 17.5262 190 190 190 255 
1.30874 1.30936 17.362 190 190 190 255 
1.35329 1.31821 17.1988 190 190 190 255 
1.34129 1.31443 17.1971 190 190 190 255 
-1.29187 1.27134 17.0202 190 190 190 255 
-1.30537 1.28909 17.1107 190 190 190 255 
-1.26834 1.20021 17.0379 190 190 190 255 
-1.2675 1.2095 17.1056 190 190 190 255 
-1.26277 1.19794 17.1049 190 190 190 255 
-1.2468 1.20427 17.2624 190 190 190 255 
-1.26913 1.22141 17.1061 190 190 190 255 
-1.25516 1.24025 17.2651 190 190 190 255 
-1.26048 1.25203 17.2665 190 190 190 255 
-1.26706 1.26336 17.2682 190 190 190 255 
-1.28378 1.28387 17.272 190 190 190 255 
-1.29628 1.27927 17.1098 190 190 190 255 
-1.23376 1.26914 17.4262 190 190 190 255 
-1.27486 1.27404 17.27 190 190 190 255 
-1.22624 1.25846 17.4234 190 190 190 255 
-1.2199 1.24712 17.421 190 190 190 255 
-1.21479 1.23534 17.419 190 190 190 255 
-1.21093 1.22333 17.4174 190 190 190 255 
-1.25114 1.22824 17.264 190 190 190 255 
-1.20829 1.21127 17.4162 190 190 190 255 
-1.24837 1.21618 17.2631 190 190 190 255 
-1.20681 1.19936 17.4153 190 190 190 255 
-1.24402 1.1927 17.2614 190 190 190 255 
-1.14954 1.20674 17.563 190 190 190 255 
-1.18177 1.27444 17.5801 190 190 190 255 
-1.17362 1.26461 17.576 190 190 190 255 
-1.09529 1.26049 17.7174 190 190 190 255 
-1.08866 1.24981 17.7129 190 190 190 255 
-1.1665 1.25393 17.5723 190 190 190 255 
-1.16049 1.24259 17.5692 190 190 190 255 
-1.15566 1.23081 17.5666 190 190 190 255 
-1.15202 1.21879 17.5645 190 190 190 255 
-1.14816 1.19483 17.562 190 190 190 255 
-1.00082 1.17621 17.7998 190 190 190 255 
-1.07167 1.1907 17.7005 190 190 190 255 
-1.07293 1.20261 17.7016 190 190 190 255 
-1.07522 1.21467 17.7034 190 190 190 255 
-1.0786 1.22669 17.7058 190 190 190 255 
-0.989087 1.23481 17.8379 190 190 190 255 
-1.08308 1.23847 17.709 190 190 190 255 
-1.0002 1.25682 17.8477 190 190 190 255 
-0.801943 1.17075 17.9977 190 190 190 255 
-0.869754 1.17226 17.9417 190 190 190 255 
-0.978739 1.18704 17.8281 190 190 190 255 
-0.751775 1.2051 18.0479 190 190 190 255 
-0.873705 1.20781 17.9467 190 190 190 255 
-0.876417 1.21983 17.9499 190 190 190 255 
-0.88003 1.23162 17.954 190 190 190 255 
-0.761065 1.24024 18.0615 190 190 190 255 
-0.884535 1.24295 17.9591 190 190 190 255 
-0.765667 1.25092 18.068 190 190 190 255 
-0.629615 1.2487 18.1548 190 190 190 255 
-0.625836 1.23801 18.1478 190 190 190 255 
-0.757198 1.2289 18.0559 190 190 190 255 
-0.754099 1.21712 18.0514 190 190 190 255 
-0.62012 1.21489 18.1369 190 190 190 255 
-0.750209 1.19304 18.0455 190 190 190 255 
-0.618215 1.20287 18.1332 190 190 190 255 
-0.749363 1.18113 18.044 190 190 190 255 
-0.692649 1.16849 18.0825 190 190 190 255 
-0.507567 1.16591 18.1822 190 190 190 255 
-0.616244 1.1789 18.1291 190 190 190 255 
-0.474933 1.20114 18.2013 190 190 190 255 
-0.616933 1.19081 18.1306 190 190 190 255 
-0.622662 1.22668 18.1418 190 190 190 255 
-0.483678 1.24696 18.2242 190 190 190 255 
-0.332828 1.25555 18.2836 190 190 190 255 
-0.480778 1.23628 18.2167 190 190 190 255 
-0.478343 1.22494 18.2104 190 190 190 255 
-0.476393 1.21316 18.2052 190 190 190 255 
-0.326913 1.2237 18.2605 190 190 190 255 
-0.473953 1.18908 18.1986 190 190 190 255 
-0.323111 1.16433 18.245 190 190 190 255 
-0.420018 1.16516 18.212 190 190 190 255 
-0.323559 1.17592 18.2466 190 190 190 255 
-0.168571 1.18707 18.279 190 190 190 255 
-0.323917 1.18783 18.2483 190 190 190 255 
-0.168919 1.19913 18.2818 190 190 190 255 
-0.324586 1.19989 18.2511 190 190 190 255 
-0.169437 1.21115 18.286 190 190 190 255 
-0.325582 1.21191 18.2551 190 190 190 255 
-0.170129 1.22294 18.2914 190 190 190 255 
-0.328575 1.23503 18.267 190 190 190 255 
-0.172024 1.24496 18.3061 190 190 190 255 
-0.330556 1.24572 18.2748 190 190 190 255 
-0.173206 1.25479 18.3151 190 190 190 255 
-0.170994 1.23428 18.2981 190 190 190 255 
-0.01169 1.24468 18.3175 190 190 190 255 
-0.0114791 1.19886 18.293 190 190 190 255 
-0.0114429 1.17488 18.2885 190 190 190 255 
-0.168386 1.17516 18.2773 190 190 190 255 
-0.0114404 1.16337 18.2839 190 190 190 255 
-0.01162 1.234 18.3095 190 190 190 255 
-0.0115613 1.22266 18.3027 190 190 190 255 
0.0038593 1.22266 18.3027 190 190 190 255 
-0.0115143 1.21088 18.2972 190 190 190 255 
0.00383186 1.19886 18.2931 190 190 190 255 
-0.0114555 1.1868 18.2901 190 190 190 255 
0.00382398 1.1868 18.2902 190 190 190 255 
0.00381977 1.17488 18.2885 190 190 190 255 
0.101479 1.16337 18.2839 190 190 190 255 
0.00381897 1.16337 18.2839 190 190 190 255 
0.161923 1.19911 18.2828 190 190 190 255 
0.162419 1.21113 18.2869 190 190 190 255 
0.163082 1.22291 18.2923 190 190 190 255 
0.0038436 1.21088 18.2973 190 190 190 255 
0.163911 1.23425 18.2991 190 190 190 255 
0.00387891 1.234 18.3095 190 190 190 255 
0.00390228 1.24468 18.3175 190 190 190 255 
0.164899 1.24494 18.307 190 190 190 255 
0.166032 1.25477 18.3161 190 190 190 255 
0.323614 1.24567 18.2766 190 190 190 255 
0.320048 1.22365 18.2622 190 190 190 255 
0.161589 1.18705 18.2799 190 190 190 255 
0.317116 1.18779 18.25 190 190 190 255 
0.161411 1.17514 18.2782 190 190 190 255 
0.316765 1.17587 18.2484 190 190 190 255 
0.230761 1.16389 18.2627 190 190 190 255 
0.468398 1.20107 18.2039 190 190 190 255 
0.469838 1.21309 18.2079 190 190 190 255 
0.31777 1.19985 18.2529 190 190 190 255 
0.318745 1.21187 18.2569 190 190 190 255 
0.474162 1.23621 18.2193 190 190 190 255 
0.321676 1.23499 18.2688 190 190 190 255 
0.477022 1.2469 18.2268 190 190 190 255 
0.623341 1.24861 18.1583 190 190 190 255 
0.6196 1.23793 18.1512 190 190 190 255 
0.47176 1.22488 18.213 190 190 190 255 
0.613941 1.21481 18.1403 190 190 190 255 
0.467431 1.18901 18.2012 190 190 190 255 
0.610787 1.19073 18.134 190 190 190 255 
0.466912 1.1771 18.1996 190 190 190 255 
0.6929 1.16849 18.0823 190 190 190 255 
0.641348 1.16777 18.1101 190 190 190 255 
0.610104 1.17881 18.1325 190 190 190 255 
0.74132 1.16949 18.0447 190 190 190 255 
0.743709 1.18102 18.0481 190 190 190 255 
0.748408 1.21701 18.0555 190 190 190 255 
0.612056 1.20279 18.1366 190 190 190 255 
0.616458 1.22659 18.1452 190 190 190 255 
0.755321 1.24013 18.0656 190 190 190 255 
0.759887 1.25081 18.0722 190 190 190 255 
0.765124 1.26064 18.0797 190 190 190 255 
0.884643 1.2535 17.9699 190 190 190 255 
0.751483 1.22879 18.06 190 190 190 255 
0.746102 1.20499 18.052 190 190 190 255 
0.744548 1.19293 18.0496 190 190 190 255 
0.866733 1.19562 17.9493 190 190 190 255 
0.865744 1.18371 17.9479 190 190 190 255 
0.947547 1.25519 17.9073 190 190 190 255 
1.05777 1.26846 17.7885 190 190 190 255 
0.941836 1.24451 17.9017 190 190 190 255 
0.937033 1.23317 17.8969 190 190 190 255 
1.03452 1.22483 17.7705 190 190 190 255 
0.930284 1.20937 17.89 190 190 190 255 
0.928327 1.19731 17.8879 190 190 190 255 
0.92726 1.1854 17.8866 190 190 190 255 
1.11273 1.19275 17.6312 190 190 190 255 
1.0279 1.18884 17.7648 190 190 190 255 
1.11406 1.20466 17.6323 190 190 190 255 
1.0291 1.20075 17.7659 190 190 190 255 
1.03129 1.21281 17.7678 190 190 190 255 
1.11997 1.22873 17.6362 190 190 190 255 
1.12464 1.24051 17.6391 190 190 190 255 
1.03881 1.23661 17.7739 190 190 190 255 
1.04415 1.24794 17.7781 190 190 190 255 
1.13733 1.26253 17.6467 190 190 190 255 
1.0505 1.25863 17.783 190 190 190 255 
1.18166 1.20899 17.4893 190 190 190 255 
1.18423 1.22105 17.4907 190 190 190 255 
1.18799 1.23306 17.4925 190 190 190 255 
1.11645 1.21671 17.6339 190 190 190 255 
1.13044 1.25185 17.6426 190 190 190 255 
1.21488 1.27669 17.5045 190 190 190 255 
1.14522 1.27236 17.6513 190 190 190 255 
1.22952 1.20182 17.3382 190 190 190 255 
1.23105 1.21373 17.339 190 190 190 255 
1.26827 1.24287 17.1854 190 190 190 255 
1.23771 1.2378 17.3414 190 190 190 255 
1.24293 1.24958 17.3431 190 190 190 255 
1.28033 1.26598 17.1876 190 190 190 255 
1.24941 1.26091 17.3451 190 190 190 255 
1.29725 1.28649 17.1905 190 190 190 255 
-1.31721 1.29911 17.0211 190 190 190 255 
-1.31545 1.2979 17.1117 190 190 190 255 
-1.25189 1.28777 17.4327 190 190 190 255 
-1.24235 1.27897 17.4293 190 190 190 255 
-1.11131 1.27913 17.7281 190 190 190 255 
-1.10288 1.27032 17.7225 190 190 190 255 
-1.0148 1.27546 17.8602 190 190 190 255 
-0.902864 1.27227 17.9793 190 190 190 255 
-0.770944 1.26075 18.0755 190 190 190 255 
-0.633949 1.25853 18.1629 190 190 190 255 
-0.487005 1.25679 18.2327 190 190 190 255 
-0.490707 1.2656 18.2421 190 190 190 255 
-0.0118598 1.26333 18.3367 190 190 190 255 
-0.0117704 1.25452 18.3266 190 190 190 255 
0.00392909 1.25452 18.3267 190 190 190 255 
0.483954 1.26554 18.2448 190 190 190 255 
0.325839 1.25551 18.2854 190 190 190 255 
0.480303 1.25673 18.2353 190 190 190 255 
0.632406 1.26725 18.1753 190 190 190 255 
0.627632 1.25844 18.1663 190 190 190 255 
0.770949 1.26945 18.088 190 190 190 255 
1.06585 1.27727 17.7946 190 190 190 255 
1.2242 1.2855 17.5084 190 190 190 255 
1.26586 1.28142 17.35 190 190 190 255 
1.27559 1.29023 17.3528 190 190 190 255 
1.30725 1.29529 17.1921 190 190 190 255 
1.3089 1.29181 17.0209 190 190 190 255 
-2.00908 1.32265 16.9806 190 190 190 255 
-2.01799 1.31714 17.2039 190 190 190 255 
-2.15842 1.28541 16.9719 190 190 190 255 
-2.52253 0.893381 17.4158 190 190 190 255 
-2.48284 0.955997 17.5124 190 190 190 255 
-2.24447 0.868813 18.3265 190 190 190 255 
-2.20229 0.867082 18.3981 190 190 190 255 
2.35534 1.16433 16.9586 190 190 190 255 
2.35043 1.16847 16.959 190 190 190 255 
1.93049 1.329 16.9848 190 190 190 255 
2.00706 1.32292 16.9807 190 190 190 255 
2.08574 1.30828 16.9764 190 190 190 255 
2.23919 1.24696 17.1851 190 190 190 255 
2.46897 1.03657 17.1815 190 190 190 255 
2.45943 1.04292 16.9498 190 190 190 255 
2.53614 0.903292 17.0867 190 190 190 255 
2.50082 0.972934 16.9456 190 190 190 255 
2.53473 0.901223 17.1548 190 190 190 255 
2.50688 0.889934 17.535 190 190 190 255 
2.52216 0.893991 17.3963 190 190 190 255 
2.4863 0.956689 17.4881 190 190 190 255 
2.53152 0.896475 17.3113 190 190 190 255 
2.53426 0.900515 17.1782 190 190 190 255 
2.45023 0.882639 17.7962 190 190 190 255 
2.46238 0.88373 17.7557 190 190 190 255 
2.33406 0.873688 18.1339 190 190 190 255 
2.35064 0.874756 18.0926 190 190 190 255 
2.39255 0.877455 17.9884 190 190 190 255 
2.42527 0.948331 17.7914 190 190 190 255 
2.32716 0.940788 18.0849 190 190 190 255 
2.22779 0.868031 18.3575 190 190 190 255 
2.07385 0.862191 18.6015 190 190 190 255 
2.02597 0.928306 18.6249 190 190 190 255 
2.11408 0.863483 18.5458 190 190 190 255 
2.21702 0.8676 18.3754 190 190 190 255 
1.90373 0.857284 18.8171 190 190 190 255 
1.70894 0.852951 19.0166 190 190 190 255 
1.71831 0.853115 19.0087 190 190 190 255 
1.7377 0.853532 18.9893 190 190 190 255 
1.82725 0.923371 18.8633 190 190 190 255 
1.84697 0.855884 18.8804 190 190 190 255 
1.86612 0.856296 18.8613 190 190 190 255 
1.60032 0.919276 19.0755 190 190 190 255 
1.61674 0.851334 19.094 190 190 190 255 
1.34842 0.915972 19.2583 190 190 190 255 
1.36319 0.847535 19.2801 190 190 190 255 
0.79362 0.842417 19.5485 190 190 190 255 
0.815068 0.842559 19.5408 190 190 190 255 
1.03751 0.844185 19.4536 190 190 190 255 
1.07537 0.913408 19.4088 190 190 190 255 
0.785347 0.911534 19.5245 190 190 190 255 
0.962487 0.843528 19.4883 190 190 190 255 
0.963964 0.843538 19.4878 190 190 190 255 
0.484222 0.840936 19.6299 190 190 190 255 
0.482843 0.910303 19.6034 190 190 190 255 
0.512585 0.841017 19.6254 190 190 190 255 
0.61908 0.841509 19.5983 190 190 190 255 
0.174407 0.840228 19.6689 190 190 190 255 
0.27898 0.840351 19.6622 190 190 190 255 
0.172608 0.909681 19.6442 190 190 190 255 
-0.141561 0.840157 19.6717 190 190 190 255 
-0.429274 0.840683 19.6411 190 190 190 255 
-0.140018 0.90965 19.6462 190 190 190 255 
-0.194003 0.840181 19.6702 190 190 190 255 
-0.660929 0.841591 19.5902 190 190 190 255 
-0.451034 0.91021 19.6094 190 190 190 255 
-0.45594 0.840787 19.6352 190 190 190 255 
-0.909542 0.843096 19.5094 190 190 190 255 
-0.755055 0.91138 19.5342 190 190 190 255 
-0.698615 0.841812 19.5782 190 190 190 255 
-1.04726 0.913192 19.4219 190 190 190 255 
-1.17261 0.845479 19.3885 190 190 190 255 
-1.62256 0.851516 19.0891 190 190 190 255 
-1.5939 0.851037 19.1123 190 190 190 255 
-1.50685 0.849584 19.1828 190 190 190 255 
-1.32293 0.915693 19.2743 190 190 190 255 
-1.40877 0.848267 19.2483 190 190 190 255 
-1.82733 0.855511 18.9004 190 190 190 255 
-1.81523 0.85526 18.9121 190 190 190 255 
-1.57786 0.918935 19.0938 190 190 190 255 
-2.0027 0.85994 18.7003 190 190 190 255 
-2.00951 0.927832 18.647 190 190 190 255 
-1.8081 0.922972 18.8833 190 190 190 255 
-1.85242 0.856033 18.8759 190 190 190 255 
-2.13503 0.86432 18.5122 190 190 190 255 
-2.12522 0.863917 18.5289 190 190 190 255 
-2.31742 0.940202 18.1086 190 190 190 255 
-2.41873 0.947691 17.8155 190 190 190 255 
-2.43884 0.881519 17.8369 190 190 190 255 
-2.36109 0.875382 18.0679 190 190 190 255 
-2.34259 0.874087 18.1173 190 190 190 255 
-2.18035 0.933576 18.3872 190 190 190 255 
-2.25972 0.869633 18.294 190 190 190 255 
-2.49325 0.887979 17.604 190 190 190 255 
-2.53555 0.901701 17.1439 190 190 190 255 
-2.5367 0.900573 17.1752 190 190 190 255 
-2.53509 0.899754 17.2026 190 190 190 255 
-2.5251 0.894683 17.3722 190 190 190 255 
-2.50075 0.973834 16.9456 190 190 190 255 
-2.44783 1.0628 16.9509 190 190 190 255 
-2.40645 1.1118 16.9544 190 190 190 255 
-2.36407 1.15786 17.2067 190 190 190 255 
-2.22977 1.25368 16.9674 190 190 190 255 
-2.08448 1.3082 16.9763 190 190 190 255 
-1.93846 1.32278 17.1847 190 190 190 255 
-1.92527 1.31682 17.385 190 190 190 255 
-1.99709 1.30985 17.4511 190 190 190 255 
-1.89125 1.31118 17.5829 190 190 190 255 
-1.94556 1.30307 17.6941 190 190 190 255 
-1.83667 1.30593 17.7761 190 190 190 255 
-1.86602 1.30875 17.6722 190 190 190 255 
-1.66817 1.29667 18.1409 190 190 190 255 
-1.86413 1.29689 17.9291 190 190 190 255 
-1.78812 1.30277 17.8976 190 190 190 255 
-1.61659 1.28646 18.3608 190 190 190 255 
-1.42708 1.28923 18.4633 190 190 190 255 
-1.39585 1.28857 18.4937 190 190 190 255 
-1.2177 1.28513 18.6551 190 190 190 255 
-0.952746 1.28145 18.8371 190 190 190 255 
-1.06442 1.27586 18.864 190 190 190 255 
-1.26947 1.27874 18.7192 190 190 190 255 
-0.842652 1.2736 18.9824 190 190 190 255 
-0.581082 1.27839 18.9972 190 190 190 255 
-0.60756 1.27195 19.0725 190 190 190 255 
-0.38466 1.27747 19.0474 190 190 190 255 
-0.362936 1.27087 19.1328 190 190 190 255 
-0.11267 1.27035 19.1624 190 190 190 255 
-0.108115 1.27688 19.0803 190 190 190 255 
0.018786 1.27678 19.0856 190 190 190 255 
0.133247 1.27691 19.0786 190 190 190 255 
0.138895 1.27038 19.1608 190 190 190 255 
0.830491 1.28026 18.8987 190 190 190 255 
0.986294 1.28182 18.8178 190 190 190 255 
1.08493 1.2761 18.8512 190 190 190 255 
1.47004 1.28262 18.5342 190 190 190 255 
1.41028 1.28892 18.478 190 190 190 255 
1.28754 1.27904 18.7045 190 190 190 255 
1.31192 1.28675 18.5777 190 190 190 255 
1.6886 1.29753 18.1058 190 190 190 255 
1.77884 1.30203 17.9255 190 190 190 255 
1.84952 1.30697 17.7369 190 190 190 255 
1.87196 1.29737 17.91 190 190 190 255 
1.87108 1.30926 17.6537 190 190 190 255 
1.91818 1.31582 17.4205 190 190 190 255 
1.95082 1.3036 17.6748 190 190 190 255 
1.93854 1.32409 17.1418 190 190 190 255 
2.01833 1.31773 17.1845 190 190 190 255 
1.99987 1.31041 17.4316 190 190 190 255 
-2.03434 1.32061 16.9792 190 190 190 255 
-2.07204 1.29521 17.4617 190 190 190 255 
-2.01858 1.28819 17.7139 190 190 190 255 
-1.75395 1.29134 18.1525 190 190 190 255 
-1.93408 1.28181 17.9578 190 190 190 255 
-1.45464 1.28227 18.5503 190 190 190 255 
-1.10432 1.26025 18.9281 190 190 190 255 
-0.37653 1.25518 19.2071 190 190 190 255 
0.144097 1.25469 19.2361 190 190 190 255 
0.388531 1.27095 19.128 190 190 190 255 
0.631932 1.27209 19.0647 190 190 190 255 
0.655606 1.25642 19.1364 190 190 190 255 
0.897686 1.25815 19.0401 190 190 190 255 
0.865265 1.2738 18.9719 190 190 190 255 
1.12559 1.2605 18.9148 190 190 190 255 
1.52516 1.26715 18.5859 190 190 190 255 
1.62982 1.28687 18.343 190 190 190 255 
1.69095 1.2715 18.3874 190 190 190 255 
1.83071 1.27656 18.1703 190 190 190 255 
1.76451 1.29179 18.1338 190 190 190 255 
2.07493 1.29579 17.4415 190 190 190 255 
-2.08562 1.30792 16.9762 190 190 190 255 
-2.09374 1.30277 17.2051 190 190 190 255 
-2.16773 1.27911 17.206 190 190 190 255 
-2.08991 1.26404 17.733 190 190 190 255 
-1.81975 1.2761 18.1896 190 190 190 255 
-2.00241 1.25746 17.9856 190 190 190 255 
-1.67722 1.27109 18.4059 190 190 190 255 
-1.50918 1.26679 18.6026 190 190 190 255 
-1.56246 1.24206 18.6534 190 190 190 255 
-1.31706 1.26318 18.7778 190 190 190 255 
-0.874225 1.25795 19.051 190 190 190 255 
-0.63032 1.25628 19.1445 190 190 190 255 
-0.11689 1.25466 19.2378 190 190 190 255 
0.14918 1.22974 19.3095 190 190 190 255 
0.403085 1.25527 19.2021 190 190 190 255 
0.417302 1.23033 19.2743 190 190 190 255 
0.678733 1.23149 19.2062 190 190 190 255 
1.3358 1.26349 18.7626 190 190 190 255 
1.57901 1.24242 18.6361 190 190 190 255 
2.01083 1.25798 17.9652 190 190 190 255 
1.9422 1.28231 17.9381 190 190 190 255 
2.02403 1.28874 17.6939 190 190 190 255 
2.14826 1.27189 17.4508 190 190 190 255 
2.09408 1.30338 17.185 190 190 190 255 
2.16809 1.27974 17.1852 190 190 190 255 
2.12254 1.29955 16.9743 190 190 190 255 
-2.15949 1.28496 16.9718 190 190 190 255 
-2.14527 1.27128 17.4718 190 190 190 255 
-2.21562 1.23823 17.4812 190 190 190 255 
-2.06806 1.224 18.0121 190 190 190 255 
-1.88403 1.25159 18.2257 190 190 190 255 
-1.73646 1.24645 18.4497 190 190 190 255 
-1.36355 1.23837 18.8349 190 190 190 255 
-1.40821 1.20446 18.8895 190 190 190 255 
-1.14329 1.23538 18.9905 190 190 190 255 
-0.905069 1.23305 19.1178 190 190 190 255 
-0.652555 1.23135 19.2146 190 190 190 255 
-0.389811 1.23024 19.2795 190 190 190 255 
-0.121013 1.22971 19.3113 190 190 190 255 
-0.124973 1.19568 19.3816 190 190 190 255 
0.154062 1.1957 19.3798 190 190 190 255 
0.929359 1.23325 19.1065 190 190 190 255 
0.959785 1.19926 19.1701 190 190 190 255 
1.20347 1.20168 19.0361 190 190 190 255 
1.16531 1.23564 18.9768 190 190 190 255 
1.38295 1.23868 18.8191 190 190 190 255 
1.42825 1.20478 18.8732 190 190 190 255 
1.75067 1.24687 18.4306 190 190 190 255 
1.89538 1.25207 18.2057 190 190 190 255 
2.16427 1.23135 17.7297 190 190 190 255 
2.09556 1.2646 17.7123 190 190 190 255 
2.21871 1.23885 17.4595 190 190 190 255 
-2.23882 1.24631 17.2066 190 190 190 255 
-2.2819 1.19637 17.4898 190 190 190 255 
-2.15843 1.23077 17.7511 190 190 190 255 
-1.94578 1.21797 18.2602 190 190 190 255 
-2.00397 1.17558 18.2924 190 190 190 255 
-1.79336 1.21271 18.4916 190 190 190 255 
-1.61365 1.20822 18.7021 190 190 190 255 
-1.18072 1.20142 19.0503 190 190 190 255 
-0.9347 1.19906 19.1818 190 190 190 255 
-0.673915 1.19733 19.2818 190 190 190 255 
-0.962619 1.1563 19.2419 190 190 190 255 
-0.694042 1.15455 19.345 190 190 190 255 
-0.402569 1.19621 19.3488 190 190 190 255 
0.43096 1.1963 19.3435 190 190 190 255 
0.44383 1.15351 19.4085 190 190 190 255 
0.70095 1.19748 19.2732 190 190 190 255 
0.988455 1.15651 19.2299 190 190 190 255 
1.47093 1.16211 18.924 190 190 190 255 
1.63074 1.20859 18.6842 190 190 190 255 
1.80804 1.21315 18.4718 190 190 190 255 
1.67948 1.16599 18.7292 190 190 190 255 
1.8621 1.17064 18.5105 190 190 190 255 
1.9575 1.21846 18.2395 190 190 190 255 
2.07675 1.22453 17.991 190 190 190 255 
2.22901 1.18929 17.7457 190 190 190 255 
2.30618 1.20536 17.1847 190 190 190 255 
2.30039 1.21065 16.9627 190 190 190 255 
-2.3058 1.20468 17.2068 190 190 190 255 
-2.30452 1.20767 16.9623 190 190 190 255 
-2.33956 1.14934 17.4969 190 190 190 255 
-2.22299 1.1887 17.7678 190 190 190 255 
-2.27916 1.14148 17.7821 190 190 190 255 
-2.12991 1.18176 18.0367 190 190 190 255 
-2.05458 1.12808 18.3201 190 190 190 255 
-1.84697 1.1702 18.5308 190 190 190 255 
-1.66188 1.16562 18.7476 190 190 190 255 
-1.70384 1.11793 18.7871 190 190 190 255 
-1.45029 1.16179 18.9408 190 190 190 255 
-1.216 1.1587 19.1064 190 190 190 255 
-1.24669 1.11091 19.155 190 190 190 255 
-0.414591 1.15342 19.414 190 190 190 255 
-0.128705 1.15288 19.4478 190 190 190 255 
-0.425049 1.10558 19.4704 190 190 190 255 
-0.131951 1.10503 19.5051 190 190 190 255 
0.158662 1.15291 19.4459 190 190 190 255 
0.721885 1.1547 19.336 190 190 190 255 
1.23942 1.15896 19.0918 190 190 190 255 
1.2707 1.11118 19.14 190 190 190 255 
2.01604 1.17608 18.271 190 190 190 255 
2.13886 1.1823 18.015 190 190 190 255 
2.28508 1.19701 17.4674 190 190 190 255 
2.28533 1.14209 17.7595 190 190 190 255 
2.34283 1.14999 17.474 190 190 190 255 
2.36446 1.15854 17.184 190 190 190 255 
-2.39488 1.09171 17.5034 190 190 190 255 
-2.18372 1.13438 18.0579 190 190 190 255 
-1.89362 1.12259 18.5647 190 190 190 255 
-1.74409 1.05968 18.8246 190 190 190 255 
-1.4869 1.11405 18.9852 190 190 190 255 
-1.52202 1.05574 19.0275 190 190 190 255 
-1.27612 1.05256 19.2014 190 190 190 255 
-0.986908 1.10848 19.294 190 190 190 255 
-0.711551 1.10672 19.3997 190 190 190 255 
-1.01021 1.05011 19.3437 190 190 190 255 
0.162664 1.10506 19.5032 190 190 190 255 
0.455025 1.10567 19.4648 190 190 190 255 
0.166503 1.04665 19.5579 190 190 190 255 
0.465765 1.04726 19.5186 190 190 190 255 
0.740097 1.10687 19.3905 190 190 190 255 
0.757566 1.04847 19.4425 190 190 190 255 
1.03732 1.05032 19.3311 190 190 190 255 
1.0134 1.10869 19.2816 190 190 190 255 
1.30071 1.05283 19.186 190 190 190 255 
1.50806 1.11437 18.9679 190 190 190 255 
1.54368 1.05607 19.0098 190 190 190 255 
1.72189 1.11832 18.7682 190 190 190 255 
1.76256 1.06007 18.8053 190 190 190 255 
1.90912 1.12305 18.5438 190 190 190 255 
1.95423 1.06488 18.5755 190 190 190 255 
2.06697 1.12859 18.2982 190 190 190 255 
2.1929 1.13494 18.0356 190 190 190 255 
2.33936 1.0843 17.7723 190 190 190 255 
2.42036 1.10113 17.1829 190 190 190 255 
2.40642 1.11175 16.9545 190 190 190 255 
-2.41996 1.10043 17.2062 190 190 190 255 
-2.46856 1.03585 17.2053 190 190 190 255 
-2.33304 1.08368 17.7955 190 190 190 255 
-2.37989 1.01877 17.8067 190 190 190 255 
-2.23534 1.07643 18.0779 190 190 190 255 
-2.10314 1.07 18.3464 190 190 190 255 
-1.93836 1.06442 18.5969 190 190 190 255 
-1.97726 0.999186 18.6245 190 190 190 255 
-1.55255 0.990388 19.0639 190 190 190 255 
-1.03046 0.984696 19.3866 190 190 190 255 
-0.728347 1.04832 19.4519 190 190 190 255 
-0.742949 0.982897 19.4971 190 190 190 255 
-0.435081 1.04717 19.5244 190 190 190 255 
-0.135066 1.04662 19.5599 190 190 190 255 
-0.137773 0.981178 19.6073 190 190 190 255 
1.57464 0.990725 19.0459 190 190 190 255 
1.99345 0.999654 18.6027 190 190 190 255 
2.11581 1.07052 18.324 190 190 190 255 
2.15829 1.00539 18.3461 190 190 190 255 
2.24473 1.077 18.0551 190 190 190 255 
2.39822 1.09237 17.4799 190 190 190 255 
2.38633 1.0194 17.783 190 190 190 255 
2.44638 1.02763 17.4847 190 190 190 255 
2.45607 1.04846 16.9502 190 190 190 255 
-2.49786 0.978679 16.9459 190 190 190 255 
-2.50885 0.965035 17.204 190 190 190 255 
-2.44297 1.02695 17.5086 190 190 190 255 
-2.28021 1.01139 18.0949 190 190 190 255 
-2.14536 1.00486 18.3689 190 190 190 255 
-1.77909 0.994382 18.8569 190 190 190 255 
-1.30172 0.987176 19.2415 190 190 190 255 
-0.443803 0.981735 19.571 190 190 190 255 
0.169841 0.981209 19.6053 190 190 190 255 
0.475102 0.981827 19.5651 190 190 190 255 
0.772755 0.98305 19.4875 190 190 190 255 
1.05812 0.98491 19.3738 190 190 190 255 
1.32679 0.987452 19.2257 190 190 190 255 
1.79793 0.994777 18.8372 190 190 190 255 
2.1935 0.934111 18.3639 190 190 190 255 
2.2898 1.01197 18.0716 190 190 190 255 
2.49847 0.978453 16.9459 190 190 190 255 
2.50926 0.965768 17.1799 190 190 190 255 
1.3701 2.15806 5.23031 190 190 190 255 
1.39003 2.1391 5.40812 190 190 190 255 
1.93591 1.85847 6.55165 190 190 190 255 
1.91389 1.88537 5.97702 190 190 190 255 
2.10649 1.66551 7.96883 190 190 190 255 
2.22565 1.50367 9.09131 190 190 190 255 
2.11513 1.65643 7.75702 190 190 190 255 
2.2548 1.46036 9.61284 190 190 190 255 
2.35437 1.29403 11.1728 190 190 190 255 
2.45098 1.09895 13.6054 190 190 190 255 
2.44049 1.12213 13.6068 190 190 190 255 
2.41531 1.17636 12.5499 190 190 190 255 
2.52808 0.909041 16.9423 190 190 190 255 
2.44382 1.08539 15.924 190 190 190 255 
2.49821 0.978882 16.9459 190 190 190 255 
2.50925 0.95912 15.9182 190 190 190 255 
2.41062 1.10685 16.9542 190 190 190 255 
2.44503 1.0667 16.9513 190 190 190 255 
2.23064 1.25287 16.9675 190 190 190 255 
2.29524 1.21376 16.963 190 190 190 255 
2.15636 1.28577 16.9722 190 190 190 255 
2.0826 1.30903 16.9766 190 190 190 255 
1.24625 2.26051 4.32022 190 190 190 255 
1.26342 2.24716 4.43598 190 190 190 255 
1.41396 2.229 4.41143 190 190 190 255 
1.40365 2.23217 4.40558 190 190 190 255 
1.36678 2.24349 4.38466 190 190 190 255 
1.3307 2.24858 4.36537 190 190 190 255 
1.49622 2.20162 4.45849 190 190 190 255 
1.54314 2.12213 5.38831 190 190 190 255 
1.48584 2.20666 4.45226 190 190 190 255 
1.46034 2.21476 4.43774 190 190 190 255 
1.6497 2.11567 4.55256 190 190 190 255 
1.64085 2.1218 4.54693 190 190 190 255 
1.5948 2.1537 4.51767 190 190 190 255 
1.90663 1.39135 15.3112 190 190 190 255 
1.91563 1.36782 15.9427 190 190 190 255 
2.50064 0.98202 15.45 190 190 190 255 
2.48482 1.01509 15.9207 190 190 190 255 
2.46363 1.0715 13.9796 190 190 190 255 
2.40138 1.20328 12.2349 190 190 190 255 
2.33654 1.32077 11.4995 190 190 190 255 
2.36862 1.26653 11.4947 190 190 190 255 
1.85095 1.51686 12.8764 190 190 190 255 
1.71825 1.75381 9.46738 190 190 190 255 
1.88654 1.59517 11.5343 190 190 190 255 
1.80798 1.60133 11.5376 190 190 190 255 
1.83272 1.55531 12.215 190 190 190 255 
2.39949 1.19235 13.6116 190 190 190 255 
2.26172 1.44835 9.61158 190 190 190 255 
1.70967 1.76599 9.32523 190 190 190 255 
1.8051 1.73378 9.65774 190 190 190 255 
1.63853 1.86696 8.14724 190 190 190 255 
2.377 1.14608 16.957 190 190 190 255 
2.39457 1.14937 15.9272 190 190 190 255 
2.29381 1.31292 13.6206 190 190 190 255 
2.35026 1.25625 13.6162 190 190 190 255 
2.28732 1.38456 11.5056 190 190 190 255 
2.20562 1.52401 9.62046 190 190 190 255 
2.0137 1.77808 6.78568 190 190 190 255 
1.55719 1.96772 7.07151 190 190 190 255 
1.62902 1.87875 8.02142 190 190 190 255 
1.46684 2.06601 6.09349 190 190 190 255 
2.01027 1.32267 16.9806 190 190 190 255 
2.03259 1.32089 16.9794 190 190 190 255 
1.99358 1.36106 15.9413 190 190 190 255 
2.0694 1.34716 15.9397 190 190 190 255 
1.94933 1.46749 13.6372 190 190 190 255 
1.70641 1.8742 8.01562 190 190 190 255 
1.59275 2.00982 6.59821 190 190 190 255 
1.66827 1.99662 6.58998 190 190 190 255 
1.46781 2.13505 5.39856 190 190 190 255 
2.14353 1.32398 15.9377 190 190 190 255 
2.02515 1.45367 13.6346 190 190 190 255 
1.96233 1.58144 11.5307 190 190 190 255 
2.03641 1.55843 11.5264 190 190 190 255 
1.88083 1.72018 9.65278 190 190 190 255 
1.85602 1.8381 8.00193 190 190 190 255 
1.78206 1.86079 8.00914 190 190 190 255 
1.7421 1.97417 6.58098 190 190 190 255 
2.15936 1.28455 16.972 190 190 190 255 
2.21721 1.26099 16.9684 190 190 190 255 
2.17051 1.39828 13.6282 190 190 190 255 
2.09926 1.43055 13.6316 190 190 190 255 
1.95487 1.69731 9.64716 190 190 190 255 
1.92712 1.80628 7.9941 190 190 190 255 
1.61677 2.09994 5.37727 190 190 190 255 
1.81308 1.94257 6.57132 190 190 190 255 
1.57537 2.16314 4.506 190 190 190 255 
1.58881 2.15661 4.51408 190 190 190 255 
2.22788 1.25454 16.9677 190 190 190 255 
2.21479 1.29163 15.9354 190 190 190 255 
2.23767 1.35718 13.6243 190 190 190 255 
2.10764 1.52627 11.5217 190 190 190 255 
2.02605 1.6653 9.64095 190 190 190 255 
2.09315 1.62446 9.63425 190 190 190 255 
1.99415 1.76562 7.98574 190 190 190 255 
1.87999 1.90214 6.56114 190 190 190 255 
1.68755 2.06862 5.36556 190 190 190 255 
1.75429 2.02845 5.35338 190 190 190 255 
1.76846 2.02171 5.00868 190 190 190 255 
2.28197 1.25046 15.9328 190 190 190 255 
2.33811 1.20613 15.9303 190 190 190 255 
2.17478 1.48528 11.5165 190 190 190 255 
2.23089 1.44112 11.5115 190 190 190 255 
2.14922 1.58043 9.62786 190 190 190 255 
2.05016 1.72176 7.97786 190 190 190 255 
1.81006 1.98501 5.34212 190 190 190 255 
-0.0569988 2.29685 2.72696 190 190 190 255 
-0.190192 2.413 2.98097 190 190 190 255 
-0.212155 2.413 3.03686 190 190 190 255 
-0.231194 2.413 3.04762 190 190 190 255 
-0.0667152 2.37927 3.31393 190 190 190 255 
1.02284 2.28216 4.13387 190 190 190 255 
0.927142 2.29029 4.06467 190 190 190 255 
0.780968 2.3027 3.95897 190 190 190 255 
0.11138 2.35475 3.52343 190 190 190 255 
0.235613 2.34339 3.61754 190 190 190 255 
0.583546 2.31978 3.8068 190 190 190 255 
0.571335 2.31839 3.82668 190 190 190 255 
-0.0824148 2.37876 3.32596 190 190 190 255 
0.0173985 2.36756 3.40984 190 190 190 255 
-0.109613 2.38282 3.29273 190 190 190 255 
-0.216327 2.413 3.04084 190 190 190 255 
-0.209528 2.4052 3.11101 190 190 190 255 
-0.220697 2.413 3.04389 190 190 190 255 
-0.1684 2.40299 3.09318 190 190 190 255 
-0.20702 2.413 3.03015 190 190 190 255 
-0.182147 2.4111 2.97826 190 190 190 255 
-0.191149 2.413 2.98749 190 190 190 255 
-0.197546 2.413 3.01009 190 190 190 255 
-0.148804 2.41283 2.69328 190 190 190 255 
-0.124186 2.393 2.69079 190 190 190 255 
-0.126483 2.39485 2.69103 190 190 190 255 
-0.104168 2.37301 2.68828 190 190 190 255 
-0.0882384 2.35509 2.68601 190 190 190 255 
-0.0844701 2.34537 2.7344 190 190 190 255 
-0.0847365 2.34949 2.6853 190 190 190 255 
-0.0463294 2.26457 2.67456 190 190 190 255 
-0.0494253 2.27706 2.67614 190 190 190 255 
-0.0476948 2.27126 2.72328 190 190 190 255 
-0.0404111 2.23462 2.67077 190 190 190 255 
-0.0377275 2.20055 2.69355 190 190 190 255 
-0.0397179 2.22568 2.66963 190 190 190 255 
-0.0358001 2.19733 2.71333 190 190 190 255 
-0.0262677 2.18273 2.81062 190 190 190 255 
-0.0263322 2.1815 2.81048 190 190 190 255 
0.0222432 2.16117 2.9819 190 190 190 255 
0.0282422 2.15149 2.99015 190 190 190 255 
0.0810132 2.13531 3.08729 190 190 190 255 
0.111333 2.12759 3.13401 190 190 190 255 
0.117157 2.14126 3.1423 190 190 190 255 
0.155511 2.11988 3.18319 190 190 190 255 
0.183633 2.1319 3.21818 190 190 190 255 
0.273194 2.10288 3.29573 190 190 190 255 
0.431727 2.10796 3.41384 190 190 190 255 
0.420287 2.08805 3.40285 190 190 190 255 
0.703618 2.06625 3.57908 190 190 190 255 
0.48829 2.08193 3.44862 190 190 190 255 
1.07739 2.03796 3.83046 190 190 190 255 
0.947035 2.04853 3.73497 190 190 190 255 
0.704674 2.08787 3.57995 190 190 190 255 
0.764119 2.06184 3.61783 190 190 190 255 
1.255 2.02294 3.9669 190 190 190 255 
1.41612 2.02983 4.10474 190 190 190 255 
1.41579 2.05452 4.10796 190 190 190 255 
1.4129 2.07944 4.11405 190 190 190 255 
1.25409 2.09209 3.97611 190 190 190 255 
1.25007 2.11741 3.98401 190 190 190 255 
1.40914 2.10117 4.12074 190 190 190 255 
1.23638 2.16613 4.00652 190 190 190 255 
1.40273 2.12823 4.13099 190 190 190 255 
1.39457 2.14983 4.14256 190 190 190 255 
1.39369 2.15218 4.14381 190 190 190 255 
1.37257 2.19368 4.17209 190 190 190 255 
1.37281 2.19324 4.17177 190 190 190 255 
1.21541 2.209 4.03728 190 190 190 255 
1.22675 2.18854 4.02096 190 190 190 255 
1.0286 2.24293 3.92092 190 190 190 255 
1.35792 2.21192 4.19047 190 190 190 255 
1.3502 2.22138 4.20016 190 190 190 255 
1.32569 2.24152 4.22973 190 190 190 255 
1.31148 2.24856 4.24634 190 190 190 255 
0.956436 2.29054 4.02478 190 190 190 255 
1.29427 2.25594 4.26632 190 190 190 255 
1.26084 2.26068 4.30402 190 190 190 255 
1.26096 2.26068 4.30389 190 190 190 255 
1.27256 2.26082 4.29102 190 190 190 255 
-0.102341 2.3673 2.73802 190 190 190 255 
0.0795055 2.2886 3.1895 190 190 190 255 
0.149593 2.27877 3.26942 190 190 190 255 
0.24217 2.26847 3.35355 190 190 190 255 
0.405723 2.25412 3.47143 190 190 190 255 
1.04065 2.2249 3.9024 190 190 190 255 
-0.0587158 2.30261 2.67937 190 190 190 255 
-0.0692876 2.32173 2.73069 190 190 190 255 
-0.0588132 2.30901 2.8317 190 190 190 255 
-0.0266161 2.27305 2.9165 190 190 190 255 
-0.00750583 2.28671 3.01013 190 190 190 255 
0.0359822 2.27606 3.09588 190 190 190 255 
0.0465919 2.25186 3.08663 190 190 190 255 
0.160483 2.2563 3.25601 190 190 190 255 
0.414042 2.23188 3.45595 190 190 190 255 
0.694228 2.18805 3.60905 190 190 190 255 
1.06764 2.15835 3.85785 190 190 190 255 
-0.0738166 2.33245 2.83708 190 190 190 255 
-0.0530657 2.32081 2.93002 190 190 190 255 
-0.0384478 2.29758 2.92294 190 190 190 255 
-0.0215002 2.30973 3.01895 190 190 190 255 
0.0228743 2.29887 3.10643 190 190 190 255 
0.091551 2.26598 3.1774 190 190 190 255 
0.251849 2.24612 3.33904 190 190 190 255 
0.67987 2.234 3.63813 190 190 190 255 
0.687806 2.21178 3.62243 190 190 190 255 
-0.0374753 2.25884 2.82194 190 190 190 255 
-0.0115546 2.22205 2.90583 190 190 190 255 
0.0182404 2.21156 2.98985 190 190 190 255 
0.0546246 2.22678 3.0788 190 190 190 255 
0.108682 2.21696 3.15813 190 190 190 255 
0.0600977 2.2013 3.07243 190 190 190 255 
0.113712 2.19155 3.15112 190 190 190 255 
0.180518 2.18215 3.22734 190 190 190 255 
0.425874 2.1834 3.43191 190 190 190 255 
-0.0324607 2.19175 2.7476 190 190 190 255 
-0.0292233 2.18634 2.78082 190 190 190 255 
-0.0378615 2.21983 2.71633 190 190 190 255 
-0.00819051 2.19655 2.9017 190 190 190 255 
-0.00737349 2.1716 2.89836 190 190 190 255 
0.021461 2.18611 2.98532 190 190 190 255 
0.0638469 2.15095 3.06403 190 190 190 255 
0.116484 2.16618 3.14587 190 190 190 255 
0.183025 2.15681 3.22181 190 190 190 255 
0.272426 2.12198 3.29893 190 190 190 255 
0.431262 2.13287 3.41754 190 190 190 255 
-0.0413555 2.24543 2.71972 190 190 190 255 
-0.0277579 2.20755 2.81394 190 190 190 255 
-0.0312108 2.2331 2.8177 190 190 190 255 
0.0631143 2.17588 3.06753 190 190 190 255 
0.271885 2.14689 3.3026 190 190 190 255 
0.269658 2.1722 3.30838 190 190 190 255 
0.429347 2.15815 3.42353 190 190 190 255 
0.702404 2.13806 3.58965 190 190 190 255 
0.70423 2.11278 3.58364 190 190 190 255 
1.07903 2.08293 3.83349 190 190 190 255 
-0.0466694 2.28431 2.82663 190 190 190 255 
-0.0176581 2.2477 2.91078 190 190 190 255 
0.00382132 2.26235 3.00228 190 190 190 255 
0.0123972 2.23713 2.9955 190 190 190 255 
0.101301 2.24193 3.1669 190 190 190 255 
0.169298 2.23238 3.24445 190 190 190 255 
0.175971 2.20749 3.23488 190 190 190 255 
0.259684 2.2223 3.3266 190 190 190 255 
0.265616 2.19749 3.31637 190 190 190 255 
0.420775 2.20814 3.44273 190 190 190 255 
0.699091 2.16331 3.5981 190 190 190 255 
0.609801 2.31537 3.76308 190 190 190 255 
0.596576 2.3189 3.78526 190 190 190 255 
0.318395 2.33915 3.61612 190 190 190 255 
0.140561 2.35464 3.4879 190 190 190 255 
-0.0469367 2.37772 3.29841 190 190 190 255 
-0.114721 2.38993 3.19895 190 190 190 255 
-0.0928745 2.38542 3.18548 190 190 190 255 
-0.145076 2.39813 3.08262 190 190 190 255 
-0.191379 2.40519 3.10326 190 190 190 255 
-0.136244 2.39179 3.2119 190 190 190 255 
0.0352798 2.36627 3.39215 190 190 190 255 
0.124667 2.35572 3.50741 190 190 190 255 
0.304735 2.34006 3.63726 190 190 190 255 
0.941599 2.2916 4.04511 190 190 190 255 
1.27741 2.25973 4.2855 190 190 190 255 
1.00126 2.27078 3.96143 190 190 190 255 
0.98653 2.28029 3.9826 190 190 190 255 
0.635933 2.29967 3.71822 190 190 190 255 
0.359658 2.31985 3.55026 190 190 190 255 
0.188572 2.3348 3.42694 190 190 190 255 
0.172797 2.34433 3.44733 190 190 190 255 
0.0715466 2.35554 3.35528 190 190 190 255 
0.0128084 2.35649 3.2495 190 190 190 255 
-0.0710676 2.37807 3.17169 190 190 190 255 
-0.121795 2.39043 3.07174 190 190 190 255 
-0.134006 2.39206 2.96209 190 190 190 255 
-0.17682 2.413 2.88995 190 190 190 255 
0.384837 2.29229 3.50817 190 190 190 255 
0.648336 2.28735 3.69636 190 190 190 255 
0.122253 2.31753 3.30094 190 190 190 255 
-0.0292184 2.35454 3.14406 190 190 190 255 
-0.0771156 2.36623 3.04968 190 190 190 255 
-0.133442 2.39064 2.85408 190 190 190 255 
-0.144807 2.40439 2.74474 190 190 190 255 
-0.146193 2.41072 2.69301 190 190 190 255 
-0.156891 2.40487 2.85968 190 190 190 255 
-0.111159 2.37816 2.95381 190 190 190 255 
-0.0989885 2.37979 3.06069 190 190 190 255 
-0.0497058 2.36778 3.1578 190 190 190 255 
0.0316352 2.34354 3.23332 190 190 190 255 
0.089294 2.3458 3.3367 190 190 190 255 
0.106315 2.3331 3.31846 190 190 190 255 
0.203701 2.32229 3.40698 190 190 190 255 
0.372661 2.30752 3.52875 190 190 190 255 
1.01538 2.25829 3.94074 190 190 190 255 
1.34319 2.22714 4.20861 190 190 190 255 
1.34405 2.22643 4.20758 190 190 190 255 
-0.157828 2.40304 2.97029 190 190 190 255 
-0.0268612 2.37352 3.28233 190 190 190 255 
-0.00682193 2.36648 3.26594 190 190 190 255 
0.0534296 2.36233 3.37387 190 190 190 255 
0.156694 2.3509 3.46777 190 190 190 255 
0.332261 2.3356 3.59434 190 190 190 255 
0.346101 2.32921 3.57226 190 190 190 255 
0.623002 2.309 3.74061 190 190 190 255 
0.971497 2.28684 4.00384 190 190 190 255 
1.196 2.02835 3.91735 190 190 190 255 
1.25685 2.04183 3.96687 190 190 190 255 
1.25631 2.06675 3.97044 190 190 190 255 
1.07954 2.05801 3.82988 190 190 190 255 
1.07695 2.10825 3.83929 190 190 190 255 
1.07318 2.13355 3.8474 190 190 190 255 
1.24417 2.14226 3.99415 190 190 190 255 
1.06033 2.18217 3.8706 190 190 190 255 
1.05129 2.20451 3.88553 190 190 190 255 
0.67053 2.25426 3.65591 190 190 190 255 
0.659949 2.27215 3.67544 190 190 190 255 
0.39593 2.27439 3.48894 190 190 190 255 
0.217868 2.30691 3.38784 190 190 190 255 
0.230776 2.28886 3.36991 190 190 190 255 
0.136775 2.29932 3.28449 190 190 190 255 
0.0653273 2.30933 3.20303 190 190 190 255 
0.0492643 2.32775 3.21773 190 190 190 255 
-0.0100343 2.33848 3.13075 190 190 190 255 
0.00744548 2.31981 3.11812 190 190 190 255 
-0.0379724 2.33092 3.0286 190 190 190 255 
-0.0566342 2.34986 3.03891 190 190 190 255 
-0.0897648 2.36148 2.9456 190 190 190 255 
-0.0702716 2.34225 2.93762 190 190 190 255 
-0.0914763 2.35414 2.84267 190 190 190 255 
-0.111484 2.37365 2.84837 190 190 190 255 
-0.122587 2.3871 2.74149 190 190 190 255 
-1.27 0.31112 7.50657 190 190 190 255 
-1.27 -0.0850722 7.93294 190 190 190 255 
-1.27 0.31112 8.26857 190 190 190 255 
-1.27 -0.0850722 8.69494 190 190 190 255 
-1.27 -0.0850722 9.59306 190 190 190 255 
-2.38462 -0.0850722 9.59306 190 190 190 255 
-1.27 0.31112 10.5546 190 190 190 255 
-2.59144 0.31112 10.5546 190 190 190 255 
-2.38462 -0.0850722 11.1171 190 190 190 255 
-2.38462 -0.0850722 11.7429 190 190 190 255 
-1.27 0.31112 11.5434 190 190 190 255 
-2.59144 0.31112 11.5434 190 190 190 255 
-1.27 0.31112 12.0786 190 190 190 255 
-2.59144 0.31112 12.0786 190 190 190 255 
-1.27 -0.0850722 11.8791 190 190 190 255 
-2.38462 -0.0850722 11.8791 190 190 190 255 
-2.59144 0.31112 12.8406 190 190 190 255 
-1.27 0.31112 13.0674 190 190 190 255 
-1.27 0.31112 13.6026 190 190 190 255 
-1.27 -0.0850722 13.4031 190 190 190 255 
-2.59144 0.31112 13.6026 190 190 190 255 
-2.59144 0.31112 14.3646 190 190 190 255 
-1.27 -0.0850722 14.7909 190 190 190 255 
-1.27 0.31112 14.5914 190 190 190 255 
-1.27 0.31112 15.3534 190 190 190 255 
-2.59144 0.31112 15.3534 190 190 190 255 
-2.59144 0.31112 16.6506 190 190 190 255 
-2.58082 0.31112 17.4126 190 190 190 255 
-1.24447 0.00170542 17.2568 190 190 190 255 
-2.3887 -0.0850722 17.2131 190 190 190 255 
-1.27 0.31112 16.8774 190 190 190 255 
-1.26953 -0.00786262 17.0381 190 190 190 255 
-2.38462 -0.0850722 17.0769 190 190 190 255 
-2.46144 0.343538 6.18607 190 190 190 255 
-2.57425 0.359419 6.78718 190 190 190 255 
-2.59138 0.37706 6.82661 190 190 190 255 
-2.59713 0.380606 6.848 190 190 190 255 
-2.47024 0.370024 6.14697 190 190 190 255 
-2.46929 0.365549 6.15671 190 190 190 255 
-2.46635 0.356223 6.17136 190 190 190 255 
-2.58367 0.369929 6.80614 190 190 190 255 
-2.4485 0.315306 6.2069 190 190 190 255 
-2.24709 -0.0884541 6.41097 190 190 190 255 
-2.24384 -0.0951977 6.41503 190 190 190 255 
-2.2423 -0.0986818 6.41793 190 190 190 255 
-2.23857 -0.107567 6.42653 190 190 190 255 
-2.25035 -0.114471 6.51844 190 190 190 255 
-2.25275 -0.11169 6.52286 190 190 190 255 
-2.26322 -0.0978666 6.53669 190 190 190 255 
-2.53862 0.31112 6.74457 190 190 190 255 
-2.23438 -0.120835 6.44732 190 190 190 255 
-2.24256 -0.12291 6.50186 190 190 190 255 
-2.23509 -0.126673 6.47131 190 190 190 255 
-2.23408 -0.124806 6.45907 190 190 190 255 
-2.23407 -0.124997 6.45969 190 190 190 255 
-2.33025 0.343538 5.42407 190 190 190 255 
-2.32344 0.328044 5.43718 190 190 190 255 
-2.46362 0.379492 6.07649 190 190 190 255 
-2.33864 0.379869 5.34895 190 190 190 255 
-2.33971 0.377914 5.36183 190 190 190 255 
-2.33967 0.375324 5.37045 190 190 190 255 
-2.46789 0.381 6.096 190 190 190 255 
-2.33962 0.372732 5.37907 190 190 190 255 
-2.33504 0.355922 5.40971 190 190 190 255 
-2.42979 0.342794 6.0052 190 190 190 255 
-2.32147 0.323964 5.43965 190 190 190 255 
-2.44156 0.357632 6.02259 190 190 190 255 
-2.44456 0.361079 6.02831 190 190 190 255 
-2.31528 0.31112 5.44743 190 190 190 255 
-2.40742 0.31112 5.98257 190 190 190 255 
-2.4113 0.31681 5.98587 190 190 190 255 
-2.10794 -0.125704 5.7295 190 190 190 255 
-2.11136 -0.12291 5.73986 190 190 190 255 
-2.11382 -0.120399 5.74559 190 190 190 255 
-2.11585 -0.118321 5.75032 190 190 190 255 
-2.10893 -0.103584 5.66002 190 190 190 255 
-2.10288 -0.124806 5.69707 190 190 190 255 
-2.10474 -0.114983 5.67442 190 190 190 255 
-2.10388 -0.117663 5.67855 190 190 190 255 
-2.10318 -0.120835 5.68532 190 190 190 255 
-1.87649 0.254 2.25381 190 190 190 255 
-1.01521 0.254 3.048 190 190 190 255 
-1.77323 -1.47301 -1.3716 190 190 190 255 
-1.9431 -1.50954 -0.468019 190 190 190 255 
-1.93818 -1.46363 -0.78182 190 190 190 255 
-1.9431 -1.5735 -0.075683 190 190 190 255 
-1.9431 -1.56486 -0.221288 190 190 190 255 
-1.71299 -1.60541 -1.3061 190 190 190 255 
-1.77323 -2.0104 -0.09677 190 190 190 255 
-1.77323 -1.94055 0.534154 190 190 190 255 
-1.71299 -1.65806 1.23858 190 190 190 255 
-1.93818 1.64792 -0.194477 190 190 190 255 
-1.93791 -0.381 1.6172 190 190 190 255 
-1.91294 -0.381 1.73241 190 190 190 255 
-1.92313 -0.482345 1.67016 190 190 190 255 
-1.92165 -0.381 1.69579 190 190 190 255 
-1.89664 -0.381 1.77309 190 190 190 255 
-1.87475 -0.381 1.82772 190 190 190 255 
-1.82271 -0.54173 1.87579 190 190 190 255 
-1.82149 -0.381 1.91663 190 190 190 255 
-1.77323 -0.0733533 -2.01139 190 190 190 255 
-1.77323 0.391047 -1.97437 190 190 190 255 
-1.71299 0.421073 -2.02631 190 190 190 255 
-1.71299 0.559951 -1.9874 190 190 190 255 
-1.77323 0.545828 -1.9373 190 190 190 255 
-1.71299 0.693067 -1.9501 190 190 190 255 
-1.77323 0.235292 -1.99892 190 190 190 255 
-1.71299 -0.0754262 -2.06478 190 190 190 255 
-1.71299 -0.141235 -2.06478 190 190 190 255 
-1.77323 -0.369545 -1.97851 190 190 190 255 
-1.77323 -0.644931 -1.9066 190 190 190 255 
-1.71299 -0.662638 -1.95863 190 190 190 255 
-1.71299 0.952151 -1.83757 190 190 190 255 
-1.77323 1.25388 -1.57443 190 190 190 255 
-1.77323 1.87137 -0.740956 190 190 190 255 
-1.77323 1.74831 -0.997224 190 190 190 255 
-1.77323 1.95349 -0.48469 190 190 190 255 
-1.71299 1.89826 -0.824532 190 190 190 255 
-1.71299 1.76831 -1.07533 190 190 190 255 
-1.71299 0.868714 -1.87381 190 190 190 255 
-1.77323 0.846472 -1.82607 190 190 190 255 
-1.77323 -1.11325 -1.67682 190 190 190 255 
-1.82271 -1.07991 -1.6266 190 190 190 255 
-1.77323 -0.893841 -1.80336 190 190 190 255 
-1.82271 -0.625616 -1.8495 190 190 190 255 
-1.82271 -0.358477 -1.91925 190 190 190 255 
-1.77323 0.0800303 -2.01113 190 190 190 255 
-1.82271 0.677226 -1.83123 190 190 190 255 
-1.77323 0.698134 -1.88777 190 190 190 255 
-1.82271 0.529481 -1.87928 190 190 190 255 
-1.82271 -0.867072 -1.74935 190 190 190 255 
-1.86473 -0.604334 -1.78658 190 190 190 255 
-1.86473 -0.346283 -1.85397 190 190 190 255 
-1.82271 -0.0711565 -1.95115 190 190 190 255 
-1.86473 -0.0687359 -1.88477 190 190 190 255 
-1.82271 0.0776335 -1.9509 190 190 190 255 
-1.77323 1.37322 -1.4715 190 190 190 255 
-1.82271 1.33209 -1.42743 190 190 190 255 
-1.86473 1.28678 -1.37888 190 190 190 255 
-1.86473 0.366431 -1.85009 190 190 190 255 
-1.86473 0.511469 -1.81535 190 190 190 255 
-1.86473 0.654188 -1.76894 190 190 190 255 
-1.82271 0.821121 -1.77138 190 190 190 255 
-1.89844 -0.333123 -1.78351 190 190 190 255 
-1.89844 -0.581368 -1.71869 190 190 190 255 
-1.86473 -0.837576 -1.68984 190 190 190 255 
-1.89844 -1.00353 -1.51156 190 190 190 255 
-1.86473 -1.04318 -1.57127 190 190 190 255 
-1.86473 -1.22042 -1.43794 190 190 190 255 
-1.71299 1.1935 -1.6908 190 190 190 255 
-1.77323 1.1256 -1.66855 190 190 190 255 
-1.82271 1.09189 -1.61858 190 190 190 255 
-1.82271 1.21633 -1.52728 190 190 190 255 
-1.86473 1.17495 -1.47533 190 190 190 255 
-1.71299 0.40193 -2.02894 190 190 190 255 
-1.82271 0.379335 -1.91524 190 190 190 255 
-1.82271 0.228246 -1.93906 190 190 190 255 
-1.86473 0.220481 -1.8731 190 190 190 255 
-1.89844 0.492032 -1.74636 190 190 190 255 
-1.89844 0.629327 -1.70171 190 190 190 255 
-1.89844 0.763045 -1.6461 190 190 190 255 
-1.89844 -0.805746 -1.62562 190 190 190 255 
-1.92313 -0.557036 -1.64676 190 190 190 255 
-1.89844 -0.0661237 -1.81315 190 190 190 255 
-1.89844 0.212102 -1.80191 190 190 190 255 
-1.92313 0.471439 -1.67327 190 190 190 255 
-1.86473 0.793189 -1.71113 190 190 190 255 
-1.93818 -1.07374 -1.26512 190 190 190 255 
-1.9431 -1.01916 -1.2009 190 190 190 255 
-1.93818 -0.736912 -1.48675 190 190 190 255 
-1.93818 0.193983 -1.64798 190 190 190 255 
-1.9431 -0.231518 -1.56338 190 190 190 255 
-1.9431 -0.0573217 -1.57535 190 190 190 255 
-1.9431 0.0153744 -1.58035 190 190 190 255 
-1.9431 0.184237 -1.56418 190 190 190 255 
-1.9431 -0.506055 -1.49624 190 190 190 255 
-1.93818 -0.531702 -1.57186 190 190 190 255 
-1.93818 -0.304665 -1.63115 190 190 190 255 
-1.9431 0.880843 -1.30577 190 190 190 255 
-1.9431 0.99438 -1.22839 190 190 190 255 
-1.9431 1.46687 -0.580945 190 190 190 255 
-1.93818 1.61052 -0.399594 190 190 190 255 
-1.9431 1.07475 -1.15175 190 190 190 255 
-1.9431 1.17988 -1.05149 190 190 190 255 
-1.93818 1.30432 -1.02577 190 190 190 255 
-1.9431 1.33251 -0.849794 190 190 190 255 
-1.93818 1.44137 -0.822144 190 190 190 255 
-1.9431 1.36885 -0.780949 190 190 190 255 
-1.9431 0.6624 -1.42897 190 190 190 255 
-1.93818 0.927986 -1.37561 190 190 190 255 
-1.71299 -0.81691 1.89421 190 190 190 255 
-1.77323 -0.797245 1.84809 190 190 190 255 
-1.71299 -0.813513 1.8958 190 190 190 255 
-1.77323 -1.48725 1.35615 190 190 190 255 
-1.71299 -1.56918 1.34861 190 190 190 255 
-1.71299 -1.87302 0.867654 190 190 190 255 
-1.71299 -1.71947 1.14053 190 190 190 255 
-1.77323 -1.27048 1.56107 190 190 190 255 
-1.71299 -1.3052 1.60348 190 190 190 255 
-1.71299 -1.06511 1.77145 190 190 190 255 
-1.71299 -1.03748 1.79078 190 190 190 255 
-1.71299 -2.06479 0.0621565 190 190 190 255 
-1.71299 -2.02848 0.387338 190 190 190 255 
-1.71299 -1.9968 0.519855 190 190 190 255 
-1.77323 -1.8911 -0.689046 190 190 190 255 
-1.71299 -1.82135 -0.972967 190 190 190 255 
-1.77323 -1.972 -0.402825 190 190 190 255 
-1.71299 -2.05032 -0.281811 190 190 190 255 
-1.77323 -1.89176 0.687234 190 190 190 255 
-1.71299 -1.96784 0.640973 190 190 190 255 
-1.71299 -1.9451 0.69534 190 190 190 255 
-1.86473 -1.39363 1.27078 190 190 190 255 
-1.77323 -1.58628 1.23886 190 190 190 255 
-1.82271 -1.44271 1.31553 190 190 190 255 
-1.71299 -1.63035 1.27326 190 190 190 255 
-1.86473 -1.57179 1.04239 190 190 190 255 
-1.82271 -1.62714 1.0791 190 190 190 255 
-1.82271 -1.70666 0.948348 190 190 190 255 
-1.77323 -1.75935 0.977626 190 190 190 255 
-1.71299 -1.78586 1.03452 190 190 190 255 
-1.77323 -1.67737 1.11242 190 190 190 255 
-1.82271 -1.93712 -0.244184 190 190 190 255 
-1.82271 -1.91294 -0.390762 190 190 190 255 
-1.89844 -1.70531 0.619502 190 190 190 255 
-1.89844 -1.65065 0.753158 190 190 190 255 
-1.86473 -1.77268 0.643975 190 190 190 255 
-1.82271 -1.95156 0.0589201 190 190 190 255 
-1.89844 -1.78212 0.340479 190 190 190 255 
-1.89844 -1.80354 0.19777 190 190 190 255 
-1.86473 -1.87479 0.205583 190 190 190 255 
-1.86473 -1.85252 0.35393 190 190 190 255 
-1.77323 -2.00073 0.219394 190 190 190 255 
-1.77323 -1.97697 0.377705 190 190 190 255 
-1.77323 -1.03729 1.72484 190 190 190 255 
-1.82271 -1.00623 1.67319 190 190 190 255 
-1.86473 -0.74706 1.73176 190 190 190 255 
-1.89844 -0.935058 1.55484 190 190 190 255 
-1.89844 -0.71867 1.66595 190 190 190 255 
-1.92313 -0.895923 1.48977 190 190 190 255 
-1.77323 -0.558455 1.9337 190 190 190 255 
-1.82271 -0.773369 1.79275 190 190 190 255 
-1.86473 -0.523302 1.81198 190 190 190 255 
-1.89844 -0.503415 1.74312 190 190 190 255 
-1.93818 -0.460408 1.5942 190 190 190 255 
-1.92313 -0.688592 1.59623 190 190 190 255 
-1.82271 -1.23243 1.51432 190 190 190 255 
-1.89844 -1.14527 1.40721 190 190 190 255 
-1.92313 -1.09733 1.34832 190 190 190 255 
-1.93818 -1.04743 1.28699 190 190 190 255 
-1.82271 -1.58425 -1.14114 190 190 190 255 
-1.82271 -1.4289 -1.33052 190 190 190 255 
-1.86473 -1.53036 -1.10232 190 190 190 255 
-1.92313 -1.41058 -1.01604 190 190 190 255 
-1.77323 -1.83112 0.835503 190 190 190 255 
-1.86473 -1.6486 0.916087 190 190 190 255 
-1.82271 -1.77628 0.810482 190 190 190 255 
-1.86473 -1.71585 0.782911 190 190 190 255 
-1.93818 -1.38288 0.917112 190 190 190 255 
-1.93818 -1.22614 1.11805 190 190 190 255 
-1.9431 -1.04641 1.18439 190 190 190 255 
-1.82271 -1.53877 1.20176 190 190 190 255 
-1.89844 -1.51206 1.00278 190 190 190 255 
-1.89844 -1.34067 1.22249 190 190 190 255 
-1.92313 -1.44877 0.960808 190 190 190 255 
-1.92313 -1.28456 1.17132 190 190 190 255 
-1.93804 -0.381 1.61501 190 190 190 255 
-1.93818 -0.657275 1.52363 190 190 190 255 
-1.9431 -0.630892 1.44904 190 190 190 255 
-1.86473 -0.971997 1.61627 190 190 190 255 
-1.86473 -1.19051 1.4628 190 190 190 255 
-1.93818 -0.855177 1.42202 190 190 190 255 
-1.9431 -0.848881 1.3331 190 190 190 255 
-1.9431 -0.995371 1.22281 190 190 190 255 
-1.82271 -1.91776 0.366393 190 190 190 255 
-1.89844 -1.74929 0.481509 190 190 190 255 
-1.93818 -1.59985 0.440374 190 190 190 255 
-1.93818 -1.64947 0.180875 190 190 190 255 
-1.9431 -1.55309 0.292649 190 190 190 255 
-1.77323 -1.99692 -0.251723 190 190 190 255 
-1.82271 -1.95019 -0.0938717 190 190 190 255 
-1.86473 -1.88385 -0.0906782 190 190 190 255 
-1.89844 -1.77764 -0.363124 190 190 190 255 
-1.89844 -1.81225 -0.0872323 190 190 190 255 
-1.92313 -1.70324 -0.347925 190 190 190 255 
-1.93818 -1.62578 -0.332102 190 190 190 255 
-1.77323 -2.01181 0.060739 190 190 190 255 
-1.82271 -1.94081 0.212823 190 190 190 255 
-1.86473 -1.88517 0.0569159 190 190 190 255 
-1.92313 -1.72806 0.189493 190 190 190 255 
-1.92313 -1.73641 -0.0835815 190 190 190 255 
-1.93818 -1.65744 -0.0797799 190 190 190 255 
-1.9431 -1.56572 0.171719 190 190 190 255 
-1.9431 -1.58005 0.0345055 190 190 190 255 
-1.77323 -1.77532 -0.948313 190 190 190 255 
-1.92313 -1.63337 -0.595139 190 190 190 255 
-1.92313 -1.53337 -0.819071 190 190 190 255 
-1.9431 -1.48082 -0.539399 190 190 190 255 
-1.89844 -1.4722 -1.06043 190 190 190 255 
-1.89844 -1.60035 -0.854849 190 190 190 255 
-1.86473 -1.66357 -0.888619 190 190 190 255 
-1.82271 -1.72215 -0.919912 190 190 190 255 
-1.77323 -1.63316 -1.17637 190 190 190 255 
-1.71299 -1.67545 -1.20688 190 190 190 255 
-1.86473 -1.84787 -0.377469 190 190 190 255 
-1.82271 -1.83447 -0.668411 190 190 190 255 
-1.86473 -1.77206 -0.645673 190 190 190 255 
-1.89844 -1.70472 -0.621135 190 190 190 255 
-1.93818 -1.55909 -0.568072 190 190 190 255 
-1.82271 -1.83511 0.666653 190 190 190 255 
-1.82271 -1.88243 0.518157 190 190 190 255 
-1.86473 -1.8184 0.50053 190 190 190 255 
-1.92313 -1.58156 0.721636 190 190 190 255 
-1.92313 -1.67608 0.461357 190 190 190 255 
-1.93818 -1.50963 0.688816 190 190 190 255 
-1.71299 2.05032 -0.281811 190 190 190 255 
-1.77323 1.99885 -0.235892 190 190 190 255 
-1.71299 2.05302 -0.2424 190 190 190 255 
-1.82187 1.95176 1.42693e-008 190 190 190 255 
-1.77274 2.01233 1.42693e-008 190 190 190 255 
-1.82271 1.81533 -0.718766 190 190 190 255 
-1.82271 1.69595 -0.967358 190 190 190 255 
-1.82271 1.93899 -0.228828 190 190 190 255 
-1.86473 1.83052 -0.45418 190 190 190 255 
-1.82271 1.89499 -0.470174 190 190 190 255 
-1.86473 1.63826 -0.934451 190 190 190 255 
-1.82271 1.43841 -1.32023 190 190 190 255 
-1.82271 1.5347 -1.20695 190 190 190 255 
-1.77323 1.58208 -1.24422 190 190 190 255 
-1.77323 1.48282 -1.36099 190 190 190 255 
-1.71299 1.60541 -1.3061 190 190 190 255 
-1.8827 1.85072 1.42693e-008 190 190 190 255 
-1.86473 1.87303 -0.221043 190 190 190 255 
-1.89844 1.576 -0.89894 190 190 190 255 
-1.86473 1.75358 -0.694315 190 190 190 255 
-1.86473 1.48249 -1.1659 190 190 190 255 
-1.89844 1.42615 -1.12159 190 190 190 255 
-1.89844 1.23788 -1.32647 190 190 190 255 
-1.92313 1.72644 -0.203744 190 190 190 255 
-1.89844 1.80185 -0.212643 190 190 190 255 
-1.92313 1.68726 -0.418633 190 190 190 255 
-1.89844 1.76096 -0.43692 190 190 190 255 
-1.89844 1.68693 -0.66793 190 190 190 255 
-1.92313 1.51004 -0.861316 190 190 190 255 
-1.92313 1.18607 -1.27096 190 190 190 255 
-1.92313 0.972201 -1.44115 190 190 190 255 
-1.89844 1.01467 -1.5041 190 190 190 255 
-1.86473 1.05475 -1.56352 190 190 190 255 
-1.89844 0.891892 -1.58 190 190 190 255 
-1.86473 0.927126 -1.64242 190 190 190 255 
-1.82271 0.959775 -1.70026 190 190 190 255 
-1.77323 0.989406 -1.75275 190 190 190 255 
-1.71299 1.01543 -1.79909 190 190 190 255 
-1.922 1.73819 1.42693e-008 190 190 190 255 
-1.93818 1.54282 -0.610868 190 190 190 255 
-1.92313 1.61633 -0.639974 190 190 190 255 
-1.92313 1.36646 -1.07465 190 190 190 255 
-1.93818 1.13213 -1.21316 190 190 190 255 
-1.93818 0.697859 -1.50547 190 190 190 255 
-1.93818 0.449998 -1.59717 190 190 190 255 
-1.92313 0.73111 -1.5772 190 190 190 255 
-1.92313 0.203225 -1.7265 190 190 190 255 
-1.92313 -0.0633563 -1.73726 190 190 190 255 
-1.93818 -0.0604749 -1.65825 190 190 190 255 
-1.92313 -0.319181 -1.70886 190 190 190 255 
-1.92313 -0.772023 -1.55759 190 190 190 255 
-1.93818 -0.917801 -1.38242 190 190 190 255 
-1.92313 -0.961531 -1.44829 190 190 190 255 
-1.92313 -1.1249 -1.3254 190 190 190 255 
-1.9431 1.53339 -0.380496 190 190 190 255 
-1.71299 -1.1935 -1.6908 190 190 190 255 
-1.9431 -1.39172 -0.743248 190 190 190 255 
-1.9431 -1.28609 -0.918535 190 190 190 255 
-1.93818 -1.34643 -0.969835 190 190 190 255 
-1.93818 -1.2144 -1.13079 190 190 190 255 
-1.9431 -1.15474 -1.07541 190 190 190 255 
-1.77323 -1.3024 -1.53454 190 190 190 255 
-1.82271 -1.2634 -1.48858 190 190 190 255 
-1.86473 -1.38029 -1.28526 190 190 190 255 
-1.89844 -1.17404 -1.3833 190 190 190 255 
-1.89844 -1.32784 -1.23642 190 190 190 255 
-1.92313 -1.27226 -1.18467 190 190 190 255 
-1.9431 -1.13023 -1.10468 190 190 190 255 
-1.9431 -0.19848 1.12564 190 190 190 255 
-1.9812 -0.390929 1.07407 190 190 190 255 
-1.9812 -0.5715 0.989867 190 190 190 255 
-1.9431 -0.5715 0.989867 190 190 190 255 
-1.9812 -0.734706 0.875589 190 190 190 255 
-1.9431 -0.875589 0.734706 190 190 190 255 
-1.9431 -1.07407 0.390929 190 190 190 255 
-1.9812 -1.07407 0.390929 190 190 190 255 
-1.9812 -1.12564 -0.19848 190 190 190 255 
-1.9431 -1.12564 -0.19848 190 190 190 255 
-1.9812 -0.989867 -0.5715 190 190 190 255 
-1.9812 -0.875589 -0.734706 190 190 190 255 
-1.9812 -0.734706 -0.875588 190 190 190 255 
-1.9431 -0.875589 -0.734706 190 190 190 255 
-1.9431 -0.734706 -0.875588 190 190 190 255 
-1.9812 -0.5715 -0.989867 190 190 190 255 
-1.9812 -1.39977e-016 -1.143 190 190 190 255 
-1.9431 -1.39977e-016 -1.143 190 190 190 255 
-1.9431 0.19848 -1.12564 190 190 190 255 
-1.9431 0.734706 -0.875588 190 190 190 255 
-1.9812 0.875589 -0.734706 190 190 190 255 
-1.9431 0.875589 -0.734706 190 190 190 255 
-1.9431 0.989867 -0.5715 190 190 190 255 
-1.9431 1.12564 -0.19848 190 190 190 255 
-1.9812 1.12564 -0.19848 190 190 190 255 
-1.9812 1.143 1.42693e-008 190 190 190 255 
-1.9431 1.143 1.42693e-008 190 190 190 255 
-1.9431 1.12564 0.19848 190 190 190 255 
-1.9812 1.07407 0.390929 190 190 190 255 
-1.9431 0.989867 0.5715 190 190 190 255 
-1.9812 0.734706 0.875589 190 190 190 255 
-1.9431 0.875589 0.734706 190 190 190 255 
-1.9431 0.734706 0.875589 190 190 190 255 
-0.399989 -2.33931 -0.0712331 190 190 190 255 
-0.406935 -2.3133 -0.0750292 190 190 190 255 
-0.406935 -1.55173 1.72406 190 190 190 255 
-0.406935 -1.31475 1.91341 190 190 190 255 
-0.285229 -2.39758 -0.260703 190 190 190 255 
-0.285229 -1.47644 1.90647 190 190 190 255 
-0.343318 -1.85654 1.51926 190 190 190 255 
-0.304835 1.76747 -1.6348 190 190 190 255 
-0.285229 1.88927 -1.49569 190 190 190 255 
-0.304494 1.88872 -1.49546 190 190 190 255 
-0.285229 1.91895 -1.46294 190 190 190 255 
-0.343318 -0.291433 -2.38117 190 190 190 255 
-0.361126 2.1514 -1.03595 190 190 190 255 
-0.376861 0.256424 -2.36005 190 190 190 255 
-0.399759 -0.381 2.30906 190 190 190 255 
-0.401676 -0.381 2.30542 190 190 190 255 
-0.361934 -0.381 2.35662 190 190 190 255 
-0.352234 -0.381 2.36292 190 190 190 255 
-0.343318 -0.604899 2.32142 190 190 190 255 
-0.333869 -0.606003 2.32566 190 190 190 255 
-0.33372 -0.381 2.37258 190 190 190 255 
-0.326866 -0.381 2.37562 190 190 190 255 
-0.324193 -0.6069 2.3291 190 190 190 255 
-0.314305 -0.381 2.37892 190 190 190 255 
-0.305154 -0.381 2.38114 190 190 190 255 
-0.406935 -1.36789 -1.87667 190 190 190 255 
-0.399989 -1.53809 -1.76402 190 190 190 255 
-0.406935 -1.37797 -1.86807 190 190 190 255 
-0.406935 -1.52186 -1.7453 190 190 190 255 
-0.406935 -0.719856 -2.2079 190 190 190 255 
-0.399989 -1.06526 -2.08391 190 190 190 255 
-0.399989 -0.775863 -2.20805 190 190 190 255 
-0.406935 -1.30689 -1.9139 190 190 190 255 
-0.406935 -1.04357 -2.0746 190 190 190 255 
-0.399989 -0.454802 -2.29578 190 190 190 255 
-0.406935 -0.281609 -2.29891 190 190 190 255 
-0.399989 -0.284322 -2.32306 190 190 190 255 
-0.406935 0.613644 -2.23421 190 190 190 255 
-0.399989 0.435437 -2.29954 190 190 190 255 
-0.406935 0.376796 -2.29151 190 190 190 255 
-0.406935 0.295387 -2.29816 190 190 190 255 
-0.399989 0.0708935 -2.33932 190 190 190 255 
-0.406935 0.0699652 -2.31657 190 190 190 255 
-0.406935 -0.644362 -2.2264 190 190 190 255 
-0.406935 -0.471144 -2.26887 190 190 190 255 
-0.406935 0.712372 -2.21033 190 190 190 255 
-0.399989 0.795889 -2.20092 190 190 190 255 
-0.399989 0.970142 -2.12986 190 190 190 255 
-0.406935 0.947257 -2.11448 190 190 190 255 
-0.406935 0.960826 -2.10895 190 190 190 255 
-0.399989 1.13811 -2.04504 190 190 190 255 
-0.399989 1.2982 -1.94734 190 190 190 255 
-0.406935 1.28596 -1.92861 190 190 190 255 
-0.406935 1.60635 -1.67513 190 190 190 255 
-0.399989 1.71816 -1.58915 190 190 190 255 
-0.406935 1.75063 -1.51559 190 190 190 255 
-0.406935 1.43451 -1.81967 190 190 190 255 
-0.399989 1.44901 -1.83789 190 190 190 255 
-0.406935 1.44651 -1.80983 190 190 190 255 
-0.399989 1.58931 -1.71801 190 190 190 255 
-0.399989 2.10867 -1.01537 190 190 190 255 
-0.406935 2.08658 -1.00499 190 190 190 255 
-0.406935 2.10983 -0.951936 190 190 190 255 
-0.399989 2.17466 -0.865048 190 190 190 255 
-0.406935 2.24572 -0.559381 190 190 190 255 
-0.406935 2.29064 -0.382088 190 190 190 255 
-0.406935 2.15195 -0.855776 190 190 190 255 
-0.399989 2.271 -0.56571 190 190 190 255 
-0.406935 1.88728 -1.34402 190 190 190 255 
-0.399989 2.03017 -1.16443 190 190 190 255 
-0.406935 2.01104 -1.1532 190 190 190 255 
-0.406934 2.29829 -0.28967 190 190 190 255 
-0.399989 2.32416 -0.275232 190 190 190 255 
-0.400653 2.33896 1.42693e-008 190 190 190 255 
-0.389933 -0.286445 -2.34041 190 190 190 255 
-0.376861 -0.110204 -2.37138 190 190 190 255 
-0.389933 -0.623579 -2.27392 190 190 190 255 
-0.376861 -0.288396 -2.35635 190 190 190 255 
-0.376861 -0.461319 -2.32868 190 190 190 255 
-0.383758 2.19857 -0.874558 190 190 190 255 
-0.389933 2.34151 -0.277287 190 190 190 255 
-0.384517 2.36452 1.42693e-008 190 190 190 255 
-0.383758 2.34971 -0.278259 190 190 190 255 
-0.376861 0.441677 -2.33249 190 190 190 255 
-0.389933 0.438689 -2.31671 190 190 190 255 
-0.389933 0.801832 -2.21735 190 190 190 255 
-0.376861 1.15442 -2.07434 190 190 190 255 
-0.389933 1.14661 -2.06031 190 190 190 255 
-0.376861 1.31681 -1.97524 190 190 190 255 
-0.376861 1.74278 -1.61192 190 190 190 255 
-0.376861 1.86113 -1.47369 190 190 190 255 
-0.389933 1.73099 -1.60102 190 190 190 255 
-0.376861 1.61209 -1.74263 190 190 190 255 
-0.369295 1.47426 -1.86993 190 190 190 255 
-0.369295 1.32083 -1.98128 190 190 190 255 
-0.376861 1.46977 -1.86423 190 190 190 255 
-0.369295 0.987052 -2.16698 190 190 190 255 
-0.376861 0.984043 -2.16038 190 190 190 255 
-0.376861 0.807293 -2.23245 190 190 190 255 
-0.376861 0.625904 -2.28994 190 190 190 255 
-0.369295 0.443028 -2.33962 190 190 190 255 
-0.376861 0.0719094 -2.37285 190 190 190 255 
-0.389933 0.0714229 -2.35679 190 190 190 255 
-0.376861 2.20582 -0.877443 190 190 190 255 
-0.376861 2.35746 -0.279176 190 190 190 255 
-0.361126 2.07131 -1.18802 190 190 190 255 
-0.376861 1.96669 -1.32955 190 190 190 255 
-0.361126 1.9782 -1.33733 190 190 190 255 
-0.389933 2.12441 -1.02296 190 190 190 255 
-0.376861 2.13888 -1.02992 190 190 190 255 
-0.383758 2.29597 -0.571931 190 190 190 255 
-0.376861 2.30354 -0.573817 190 190 190 255 
-0.389933 -0.109459 -2.35533 190 190 190 255 
-0.369295 0.257209 -2.36726 190 190 190 255 
-0.361126 0.0723301 -2.38673 190 190 190 255 
-0.369295 0.627818 -2.29694 190 190 190 255 
-0.361126 0.444262 -2.34613 190 190 190 255 
-0.361126 0.629566 -2.30334 190 190 190 255 
-0.369295 0.809762 -2.23928 190 190 190 255 
-0.361126 0.812017 -2.24552 190 190 190 255 
-0.361126 1.16117 -2.08648 190 190 190 255 
-0.369295 1.15795 -2.08068 190 190 190 255 
-0.361126 1.32451 -1.9868 190 190 190 255 
-0.369295 1.61702 -1.74795 190 190 190 255 
-0.361126 1.62152 -1.75282 190 190 190 255 
-0.361126 1.75298 -1.62135 190 190 190 255 
-0.390795 2.3566 1.42693e-008 190 190 190 255 
-0.389933 2.28796 -0.569935 190 190 190 255 
-0.389933 2.1909 -0.871507 190 190 190 255 
-0.389933 2.04533 -1.17312 190 190 190 255 
-0.333869 -0.291965 -2.38552 190 190 190 255 
-0.333869 -0.467028 -2.3575 190 190 190 255 
-0.333869 -0.635597 -2.31775 190 190 190 255 
-0.352437 -0.465171 -2.34813 190 190 190 255 
-0.343318 -0.634439 -2.31352 190 190 190 255 
-0.352437 -0.63307 -2.30853 190 190 190 255 
-0.361126 -0.464018 -2.34231 190 190 190 255 
-0.361126 -0.6315 -2.30281 190 190 190 255 
-0.285229 -1.58072 -1.81262 190 190 190 255 
-0.285229 -1.37762 -1.98109 190 190 190 255 
-0.295918 -1.58267 -1.81502 190 190 190 255 
-0.304572 -1.35968 -1.99166 190 190 190 255 
-0.314394 -1.3586 -1.99008 190 190 190 255 
-0.333869 -1.35505 -1.98488 190 190 190 255 
-0.343318 -1.57656 -1.80814 190 190 190 255 
-0.361126 -0.791586 -2.2528 190 190 190 255 
-0.343318 -1.0919 -2.13603 190 190 190 255 
-0.343318 -0.795269 -2.26328 190 190 190 255 
-0.314394 -1.09676 -2.14553 190 190 190 255 
-0.314394 -0.798806 -2.27335 190 190 190 255 
-0.304572 -1.09763 -2.14724 190 190 190 255 
-0.285229 -0.639614 -2.32668 190 190 190 255 
-0.295408 -1.09637 -2.14506 190 190 190 255 
-0.294843 -1.35935 -1.99105 190 190 190 255 
-0.324193 -1.09552 -2.1431 190 190 190 255 
-0.324193 -1.35706 -1.98782 190 190 190 255 
-0.333869 -1.0939 -2.13993 190 190 190 255 
-0.343318 -1.35258 -1.98127 190 190 190 255 
-0.352437 -1.34967 -1.97699 190 190 190 255 
-0.352437 -1.08955 -2.13142 190 190 190 255 
-0.304866 -0.467494 -2.35956 190 190 190 255 
-0.324193 -0.46772 -2.36099 190 190 190 255 
-0.30442 -0.292358 -2.38961 190 190 190 255 
-0.285229 0.575312 -2.34341 190 190 190 255 
-0.285229 0.259722 -2.39302 190 190 190 255 
-0.304621 0.260046 -2.39425 190 190 190 255 
-0.285229 0.171343 -2.40691 190 190 190 255 
-0.304646 0.0730301 -2.40712 190 190 190 255 
-0.285229 0.0731799 -2.40556 190 190 190 255 
-0.304732 -0.111862 -2.40532 190 190 190 255 
-0.285229 -0.237547 -2.40128 190 190 190 255 
-0.30437 -0.637162 -2.32337 190 190 190 255 
-0.361126 -0.110849 -2.38525 190 190 190 255 
-0.352437 -0.111125 -2.39118 190 190 190 255 
-0.361126 0.257925 -2.37386 190 190 190 255 
-0.352437 0.0725099 -2.39266 190 190 190 255 
-0.352437 0.258566 -2.37975 190 190 190 255 
-0.352437 0.445365 -2.35196 190 190 190 255 
-0.361126 0.989801 -2.17302 190 190 190 255 
-0.352437 1.16406 -2.09166 190 190 190 255 
-0.352437 1.3278 -1.99174 190 190 190 255 
-0.361126 1.47837 -1.87514 190 190 190 255 
-0.352437 1.48204 -1.87979 190 190 190 255 
-0.361126 1.87202 -1.48231 190 190 190 255 
-0.352437 1.98311 -1.34066 190 190 190 255 
-0.352437 2.07645 -1.19098 190 190 190 255 
-0.352437 2.15675 -1.03852 190 190 190 255 
-0.352437 2.22425 -0.88477 190 190 190 255 
-0.361126 2.37126 -0.28081 190 190 190 255 
-0.343318 -0.111365 -2.39635 190 190 190 255 
-0.343318 0.0726667 -2.39784 190 190 190 255 
-0.343318 0.259125 -2.3849 190 190 190 255 
-0.343318 0.446329 -2.35705 190 190 190 255 
-0.352437 0.63113 -2.30906 190 190 190 255 
-0.352437 0.814035 -2.2511 190 190 190 255 
-0.343318 0.815795 -2.25596 190 190 190 255 
-0.352437 0.992261 -2.17842 190 190 190 255 
-0.343318 1.16658 -2.09619 190 190 190 255 
-0.343318 1.33067 -1.99605 190 190 190 255 
-0.343318 1.48525 -1.88386 190 190 190 255 
-0.343318 1.62907 -1.76098 190 190 190 255 
-0.352437 1.62555 -1.75718 190 190 190 255 
-0.343318 1.76113 -1.6289 190 190 190 255 
-0.352437 1.75733 -1.62538 190 190 190 255 
-0.352437 1.87667 -1.486 190 190 190 255 
-0.343318 1.9874 -1.34356 190 190 190 255 
-0.343318 2.22906 -0.886684 190 190 190 255 
-0.352437 2.32278 -0.578609 190 190 190 255 
-0.343318 2.3278 -0.57986 190 190 190 255 
-0.333869 0.0727994 -2.40221 190 190 190 255 
-0.333869 0.259598 -2.38926 190 190 190 255 
-0.333869 0.63365 -2.31828 190 190 190 255 
-0.343318 0.632495 -2.31405 190 190 190 255 
-0.333869 0.817285 -2.26008 190 190 190 255 
-0.343318 0.994407 -2.18313 190 190 190 255 
-0.333869 0.996222 -2.18711 190 190 190 255 
-0.333869 1.16871 -2.10001 190 190 190 255 
-0.333869 1.48796 -1.8873 190 190 190 255 
-0.333869 1.63204 -1.76419 190 190 190 255 
-0.333869 1.76435 -1.63187 190 190 190 255 
-0.343318 1.88073 -1.48921 190 190 190 255 
-0.333869 1.88416 -1.49193 190 190 190 255 
-0.333869 1.99103 -1.34601 190 190 190 255 
-0.343318 2.08094 -1.19355 190 190 190 255 
-0.343318 2.16141 -1.04077 190 190 190 255 
-0.333869 2.33205 -0.580919 190 190 190 255 
-0.324193 1.99398 -1.348 190 190 190 255 
-0.324193 1.88695 -1.49414 190 190 190 255 
-0.314394 1.76897 -1.63614 190 190 190 255 
-0.314394 1.63631 -1.76881 190 190 190 255 
-0.314394 1.49186 -1.89224 190 190 190 255 
-0.324193 1.49016 -1.89009 190 190 190 255 
-0.314394 1.33659 -2.00492 190 190 190 255 
-0.324193 1.17044 -2.10312 190 190 190 255 
-0.314394 0.998829 -2.19284 190 190 190 255 
-0.324193 0.997697 -2.19035 190 190 190 255 
-0.314394 0.819424 -2.266 190 190 190 255 
-0.314394 0.448314 -2.36753 190 190 190 255 
-0.324193 0.447806 -2.36485 190 190 190 255 
-0.304467 1.33661 -2.00503 190 190 190 255 
-0.304829 1.17082 -2.10375 190 190 190 255 
-0.285229 1.63821 -1.77079 190 190 190 255 
-0.285229 1.48861 -1.88808 190 190 190 255 
-0.314394 1.88909 -1.49583 190 190 190 255 
-0.314394 2.23897 -0.890628 190 190 190 255 
-0.324193 2.39017 -0.283049 190 190 190 255 
-0.314394 2.33815 -0.582439 190 190 190 255 
-0.285229 2.33333 -0.581383 190 190 190 255 
-0.294821 2.3411 -0.583172 190 190 190 255 
-0.305455 2.2388 -0.887848 190 190 190 255 
-0.304572 2.34001 -0.582902 190 190 190 255 
-0.324193 2.16856 -1.04421 190 190 190 255 
-0.324193 2.23643 -0.889618 190 190 190 255 
-0.314394 2.39289 -0.283371 190 190 190 255 
-0.296019 2.2397 -0.885056 190 190 190 255 
-0.285229 2.23449 -0.888683 190 190 190 255 
-0.304512 2.16866 -1.0444 190 190 190 255 
-0.304578 2.08752 -1.19719 190 190 190 255 
-0.285229 2.13843 -1.1179 190 190 190 255 
-0.304769 1.99293 -1.34743 190 190 190 255 
-0.352437 2.37715 -0.281507 190 190 190 255 
-0.343318 2.38229 -0.282116 190 190 190 255 
-0.345586 2.39774 1.42693e-008 190 190 190 255 
-0.333698 2.40292 1.42693e-008 190 190 190 255 
-0.333869 2.38664 -0.282631 190 190 190 255 
-0.332945 2.40325 1.42693e-008 190 190 190 255 
-0.324193 -0.292397 -2.38905 190 190 190 255 
-0.333869 -0.111568 -2.40073 190 190 190 255 
-0.324193 -0.111734 -2.40428 190 190 190 255 
-0.324193 0.0729072 -2.40577 190 190 190 255 
-0.324193 0.259983 -2.39279 190 190 190 255 
-0.333869 0.447143 -2.36135 190 190 190 255 
-0.324193 0.634588 -2.32171 190 190 190 255 
-0.324193 0.818495 -2.26343 190 190 190 255 
-0.333869 1.3331 -1.99969 190 190 190 255 
-0.324193 1.33508 -2.00265 190 190 190 255 
-0.324193 1.63446 -1.76681 190 190 190 255 
-0.324193 1.76696 -1.63429 190 190 190 255 
-0.333869 2.08474 -1.19573 190 190 190 255 
-0.324193 2.08783 -1.1975 190 190 190 255 
-0.333869 2.16536 -1.04267 190 190 190 255 
-0.333869 2.23313 -0.888303 190 190 190 255 
-0.324193 2.3355 -0.581779 190 190 190 255 
-0.285229 1.16938 -2.10101 190 190 190 255 
-0.304489 0.998591 -2.19249 190 190 190 255 
-0.285229 0.962758 -2.21262 190 190 190 255 
-0.304794 0.818822 -2.26419 190 190 190 255 
-0.285229 0.63476 -2.32334 190 190 190 255 
-0.352437 -1.96501 1.36705 190 190 190 255 
-0.361126 -1.96014 1.36366 190 190 190 255 
-0.352437 -2.06671 1.2078 190 190 190 255 
-0.361126 -2.15096 1.03686 190 190 190 255 
-0.352437 -2.15631 1.03943 190 190 190 255 
-0.361126 -2.22711 0.861215 190 190 190 255 
-0.352437 -2.23264 0.863356 190 190 190 255 
-0.361126 -2.33629 0.493411 190 190 190 255 
-0.352437 -2.37418 0.305559 190 190 190 255 
-0.361126 -2.38672 -0.0726767 190 190 190 255 
-0.343318 -1.96926 1.37001 190 190 190 255 
-0.343318 -2.07118 1.21042 190 190 190 255 
-0.343318 -2.16097 1.04168 190 190 190 255 
-0.352437 -2.29479 0.681177 190 190 190 255 
-0.343318 -2.29976 0.68265 190 190 190 255 
-0.352437 -2.3421 0.494637 190 190 190 255 
-0.352437 -2.39096 0.11579 190 190 190 255 
-0.343318 -2.39613 0.116041 190 190 190 255 
-0.333869 -1.97285 1.37251 190 190 190 255 
-0.333869 -2.07496 1.21263 190 190 190 255 
-0.333869 -2.16492 1.04358 190 190 190 255 
-0.343318 -2.23747 0.865223 190 190 190 255 
-0.343318 -2.34716 0.495707 190 190 190 255 
-0.333869 -2.35145 0.496612 190 190 190 255 
-0.333869 -2.38366 0.306779 190 190 190 255 
-0.343318 -2.37931 0.30622 190 190 190 255 
-0.333869 -2.4005 0.116252 190 190 190 255 
-0.343318 -1.77794 -1.61053 190 190 190 255 
-0.352437 -1.7741 -1.60706 190 190 190 255 
-0.343318 -1.96632 -1.37422 190 190 190 255 
-0.352437 -1.96208 -1.37125 190 190 190 255 
-0.324193 -1.97283 -1.37876 190 190 190 255 
-0.324193 -2.13965 -1.10225 190 190 190 255 
-0.333869 -1.96991 -1.37672 190 190 190 255 
-0.343318 -2.13259 -1.09862 190 190 190 255 
-0.361126 -2.12271 -1.09353 190 190 190 255 
-0.324193 -1.86269 1.52429 190 190 190 255 
-0.324193 -1.97577 1.37454 190 190 190 255 
-0.333869 -2.24156 0.866802 190 190 190 255 
-0.324193 -2.24488 0.868086 190 190 190 255 
-0.333869 -2.30396 0.683896 190 190 190 255 
-0.324193 -2.40406 0.116425 190 190 190 255 
-0.361126 -1.179 2.07646 190 190 190 255 
-0.343318 -1.18448 2.08612 190 190 190 255 
-0.343318 -0.893289 2.22642 190 190 190 255 
-0.324193 -0.896245 2.23378 190 190 190 255 
-0.324193 -1.1884 2.09302 190 190 190 255 
-0.314394 -1.18975 2.0954 190 190 190 255 
-0.305082 -1.18762 2.09628 190 190 190 255 
-0.294821 -0.89839 2.23913 190 190 190 255 
-0.294791 -0.381 2.38197 190 190 190 255 
-0.285229 -0.606392 2.32676 190 190 190 255 
-0.361126 -0.889152 2.21611 190 190 190 255 
-0.352437 -0.603593 2.31641 190 190 190 255 
-0.352437 -0.891361 2.22161 190 190 190 255 
-0.333869 -0.894919 2.23048 190 190 190 255 
-0.314394 -0.607589 2.33174 190 190 190 255 
-0.314394 -0.897261 2.23632 190 190 190 255 
-0.304572 -0.608071 2.3336 190 190 190 255 
-0.296047 -0.607222 2.33019 190 190 190 255 
-0.304572 -0.897974 2.23809 190 190 190 255 
-0.285229 -0.777875 2.28418 190 190 190 255 
-0.304558 -1.7416 1.66388 190 190 190 255 
-0.285229 -1.74131 1.66333 190 190 190 255 
-0.304833 -1.60911 1.78819 190 190 190 255 
-0.285229 -1.60852 1.78765 190 190 190 255 
-0.304747 -2.16902 1.04549 190 190 190 255 
-0.285229 -2.22793 0.926768 190 190 190 255 
-0.285229 -2.16689 1.04428 190 190 190 255 
-0.304605 -2.07931 1.21527 190 190 190 255 
-0.285229 -1.97549 1.37401 190 190 190 255 
-0.285229 -1.86183 1.52392 190 190 190 255 
-0.285229 -1.79238 1.61553 190 190 190 255 
-0.304884 -1.33178 2.00312 190 190 190 255 
-0.285229 -1.33119 2.00219 190 190 190 255 
-0.295014 -1.18575 2.09846 190 190 190 255 
-0.352437 -2.12799 -1.09625 190 190 190 255 
-0.352437 -2.19952 -0.944563 190 190 190 255 
-0.343318 -2.20428 -0.946607 190 190 190 255 
-0.333869 -2.13648 -1.10062 190 190 190 255 
-0.333869 -2.2083 -0.948335 190 190 190 255 
-0.324193 -1.78383 -1.61586 190 190 190 255 
-0.314394 -1.97507 -1.38033 190 190 190 255 
-0.30443 -2.32626 -0.619153 190 190 190 255 
-0.285229 -2.4089 0.116759 190 190 190 255 
-0.285229 -2.38483 0.30683 190 190 190 255 
-0.294932 -1.97561 -1.38081 190 190 190 255 
-0.295087 -2.14026 -1.10796 190 190 190 255 
-0.285229 -2.1684 -1.0586 190 190 190 255 
-0.304572 -2.14377 -1.10438 190 190 190 255 
-0.285229 -2.32766 -0.619685 190 190 190 255 
-0.3047 -2.27328 -0.787966 190 190 190 255 
-0.304486 -2.35721 0.497904 190 190 190 255 
-0.304534 -2.24664 0.868862 190 190 190 255 
-0.285229 -2.24641 0.868958 190 190 190 255 
-0.406935 -1.00696 2.09262 190 190 190 255 
-0.406935 -0.60726 2.23708 190 190 190 255 
-0.389933 -0.594545 2.28169 190 190 190 255 
-0.399989 -0.590138 2.26477 190 190 190 255 
-0.399989 -0.871491 2.17209 190 190 190 255 
-0.406935 -1.14343 2.0139 190 190 190 255 
-0.406935 -1.28484 1.93233 190 190 190 255 
-0.406935 -1.30726 1.91939 190 190 190 255 
-0.406935 -1.58357 1.69863 190 190 190 255 
-0.406935 -2.16495 0.837088 190 190 190 255 
-0.406935 -2.09033 0.994703 190 190 190 255 
-0.399989 -2.18288 0.84411 190 190 190 255 
-0.406935 -2.01327 1.15749 190 190 190 255 
-0.399989 -2.10824 1.01626 190 190 190 255 
-0.406935 -1.79638 1.46993 190 190 190 255 
-0.406935 -1.80795 1.4575 190 190 190 255 
-0.406935 -1.82346 1.43485 190 190 190 255 
-0.376861 -1.31433 1.97689 190 190 190 255 
-0.376861 -1.17214 2.06438 190 190 190 255 
-0.383758 -0.881073 2.19597 190 190 190 255 
-0.376861 -0.598595 2.29723 190 190 190 255 
-0.392136 -0.381 2.32353 190 190 190 255 
-0.363806 -0.381 2.35515 190 190 190 255 
-0.369295 -0.886682 2.20995 190 190 190 255 
-0.361126 -0.602097 2.31067 190 190 190 255 
-0.369295 -1.17572 2.07069 190 190 190 255 
-0.352437 -1.18193 2.08162 190 190 190 255 
-0.343318 -1.32817 1.99771 190 190 190 255 
-0.333869 -1.18664 2.08993 190 190 190 255 
-0.333869 -1.3306 2.00136 190 190 190 255 
-0.285229 -1.15241 2.12003 190 190 190 255 
-0.383758 -0.596627 2.28968 190 190 190 255 
-0.389933 -0.877999 2.18831 190 190 190 255 
-0.389933 -1.16421 2.05041 190 190 190 255 
-0.383758 -1.16828 2.05759 190 190 190 255 
-0.389933 -1.30544 1.96352 190 190 190 255 
-0.376861 -1.45344 1.87698 190 190 190 255 
-0.352437 -1.60126 1.77934 190 190 190 255 
-0.343318 -1.46875 1.89675 190 190 190 255 
-0.333869 -1.47143 1.90021 190 190 190 255 
-0.343318 -1.60472 1.78319 190 190 190 255 
-0.324193 -1.47361 1.90303 190 190 190 255 
-0.314394 -1.74223 1.66459 190 190 190 255 
-0.304701 -1.86352 1.52508 190 190 190 255 
-0.314394 -1.97802 1.3761 190 190 190 255 
-0.30467 -1.97685 1.37519 190 190 190 255 
-0.314394 -2.08039 1.2158 190 190 190 255 
-0.304797 -2.30816 0.685094 190 190 190 255 
-0.314394 -2.38989 0.307581 190 190 190 255 
-0.304831 -2.38792 0.307299 190 190 190 255 
-0.304468 -2.40697 0.116603 190 190 190 255 
-0.399989 -1.43291 1.85047 190 190 190 255 
-0.389933 -1.44361 1.86429 190 190 190 255 
-0.376861 -1.71644 1.63994 190 190 190 255 
-0.361126 -1.84794 1.51222 190 190 190 255 
-0.361126 -1.72648 1.64954 190 190 190 255 
-0.352437 -1.73077 1.65364 190 190 190 255 
-0.352437 -1.85254 1.51598 190 190 190 255 
-0.333869 -1.85993 1.52203 190 190 190 255 
-0.324193 -1.74025 1.6627 190 190 190 255 
-0.399989 -1.15558 2.03522 190 190 190 255 
-0.399989 -1.29576 1.94897 190 190 190 255 
-0.376861 -1.588 1.76461 190 190 190 255 
-0.361126 -1.59729 1.77493 190 190 190 255 
-0.343318 -1.73451 1.65722 190 190 190 255 
-0.333869 -1.60765 1.78645 190 190 190 255 
-0.324193 -1.61003 1.78909 190 190 190 255 
-0.333869 -1.73768 1.66024 190 190 190 255 
-0.314394 -1.8648 1.52601 190 190 190 255 
-0.324193 -2.07803 1.21442 190 190 190 255 
-0.324193 -2.16812 1.04513 190 190 190 255 
-0.314394 -2.17058 1.04631 190 190 190 255 
-0.314394 -2.24742 0.869071 190 190 190 255 
-0.324193 -2.30737 0.68491 190 190 190 255 
-0.314394 -2.30999 0.685686 190 190 190 255 
-0.314394 -2.3576 0.497911 190 190 190 255 
-0.324193 -2.35493 0.497347 190 190 190 255 
-0.324193 -2.38719 0.307233 190 190 190 255 
-0.314394 -2.40679 0.116557 190 190 190 255 
-0.314394 -2.40849 -0.0733398 190 190 190 255 
-0.304347 -1.47461 1.90424 190 190 190 255 
-0.324193 -1.33257 2.00432 190 190 190 255 
-0.352437 -1.46558 1.89266 190 190 190 255 
-0.352437 -1.32531 1.9934 190 190 190 255 
-0.361126 -1.32202 1.98846 190 190 190 255 
-0.361126 -1.46195 1.88797 190 190 190 255 
-0.376861 -0.883979 2.20321 190 190 190 255 
-0.369295 -0.600425 2.30425 190 190 190 255 
-0.406935 -2.27569 0.462866 190 190 190 255 
-0.399989 -2.32125 0.298748 190 190 190 255 
-0.406935 -2.29119 -0.354661 190 190 190 255 
-0.406935 -2.31742 0.112078 190 190 190 255 
-0.389933 -2.35678 -0.0717658 190 190 190 255 
-0.399989 -2.33766 0.113209 190 190 190 255 
-0.399989 -2.28989 0.483611 190 190 190 255 
-0.389933 -2.30699 0.487222 190 190 190 255 
-0.399989 -2.24364 0.665992 190 190 190 255 
-0.389933 -2.19918 0.850414 190 190 190 255 
-0.399989 -2.02064 1.18088 190 190 190 255 
-0.389933 -2.12398 1.02385 190 190 190 255 
-0.399989 -1.9212 1.33658 190 190 190 255 
-0.389933 -1.93555 1.34656 190 190 190 255 
-0.399989 -1.81124 1.48219 190 190 190 255 
-0.406935 -2.23938 -0.596173 190 190 190 255 
-0.399989 -2.21128 -0.76661 190 190 190 255 
-0.406935 -2.1382 -0.885147 190 190 190 255 
-0.406935 -1.87083 -1.37586 190 190 190 255 
-0.406935 -2.06238 -1.06225 190 190 190 255 
-0.406935 -2.02287 -1.12694 190 190 190 255 
-0.399989 -1.91834 -1.34068 190 190 190 255 
-0.406935 -1.88648 -1.35024 190 190 190 255 
-0.406935 -1.72543 -1.54467 190 190 190 255 
-0.314394 -2.36854 -0.442955 190 190 190 255 
-0.333869 -2.32249 -0.618042 190 190 190 255 
-0.333869 -2.36236 -0.441798 190 190 190 255 
-0.343318 -2.35805 -0.440993 190 190 190 255 
-0.352437 -2.35297 -0.440042 190 190 190 255 
-0.361126 -2.34713 -0.438951 190 190 190 255 
-0.376861 -2.36003 -0.256521 190 190 190 255 
-0.389933 -2.34407 -0.254786 190 190 190 255 
-0.376861 -2.37284 -0.0722539 190 190 190 255 
-0.389933 -2.35512 0.114054 190 190 190 255 
-0.389933 -2.33859 0.300978 190 190 190 255 
-0.376861 -2.37116 0.114831 190 190 190 255 
-0.389933 -2.26039 0.670966 190 190 190 255 
-0.376861 -2.27579 0.675536 190 190 190 255 
-0.376861 -2.21415 0.856206 190 190 190 255 
-0.389933 -2.03573 1.1897 190 190 190 255 
-0.376861 -2.13845 1.03082 190 190 190 255 
-0.376861 -2.0496 1.1978 190 190 190 255 
-0.399989 -1.69219 1.61678 190 190 190 255 
-0.389933 -1.82477 1.49325 190 190 190 255 
-0.376861 -1.94873 1.35573 190 190 190 255 
-0.369295 -1.95469 1.35988 190 190 190 255 
-0.369295 -2.22093 0.858824 190 190 190 255 
-0.369295 -2.28275 0.677601 190 190 190 255 
-0.376861 -2.3227 0.490541 190 190 190 255 
-0.369295 -2.36172 0.303955 190 190 190 255 
-0.376861 -2.35452 0.303028 190 190 190 255 
-0.369295 -2.37841 0.115182 190 190 190 255 
-0.361126 -2.37385 -0.258022 190 190 190 255 
-0.343318 -2.38489 -0.259222 190 190 190 255 
-0.324193 -2.39278 -0.26008 190 190 190 255 
-0.324193 -2.36586 -0.442453 190 190 190 255 
-0.314394 -2.3955 -0.260375 190 190 190 255 
-0.285229 -2.39711 -0.276436 190 190 190 255 
-0.304819 -2.36656 -0.442538 190 190 190 255 
-0.285229 -2.36363 -0.44191 190 190 190 255 
-0.406935 -2.30269 -0.301057 190 190 190 255 
-0.399989 -2.3267 -0.252897 190 190 190 255 
-0.399989 -2.30051 -0.430232 190 190 190 255 
-0.376861 -2.24297 -0.777595 190 190 190 255 
-0.361126 -2.19407 -0.942223 190 190 190 255 
-0.343318 -2.26659 -0.785784 190 190 190 255 
-0.333869 -2.27073 -0.787218 190 190 190 255 
-0.324193 -2.21157 -0.949739 190 190 190 255 
-0.314394 -2.14207 -1.1035 190 190 190 255 
-0.304572 -1.97664 -1.38142 190 190 190 255 
-0.285229 1.99252 -1.34728 190 190 190 255 
-0.304473 1.63658 -1.76909 190 190 190 255 
-0.304847 1.4906 -1.89064 190 190 190 255 
-0.314394 1.17176 -2.10551 190 190 190 255 
-0.30454 0.634999 -2.32355 190 190 190 255 
-0.314394 0.635308 -2.32435 190 190 190 255 
-0.304738 0.448059 -2.36582 190 190 190 255 
-0.314394 0.260278 -2.39551 190 190 190 255 
-0.314394 0.0729899 -2.4085 190 190 190 255 
-0.314394 -0.11186 -2.40701 190 190 190 255 
-0.352437 -0.290804 -2.37603 190 190 190 255 
-0.343318 -0.466177 -2.35321 190 190 190 255 
-0.361126 -0.290083 -2.37014 190 190 190 255 
-0.389933 -0.781657 -2.22454 190 190 190 255 
-0.389933 -1.07321 -2.09947 190 190 190 255 
-0.383758 -1.33409 -1.95417 190 190 190 255 
-0.383758 -1.555 -1.78341 190 190 190 255 
-0.389933 -1.74751 -1.58297 190 190 190 255 
-0.383758 -2.10343 -1.08359 190 190 190 255 
-0.389933 -2.09609 -1.07981 190 190 190 255 
-0.376861 -1.94583 -1.35989 190 190 190 255 
-0.376861 -1.75941 -1.59375 190 190 190 255 
-0.369295 -1.76479 -1.59862 190 190 190 255 
-0.376861 -1.56013 -1.7893 190 190 190 255 
-0.369295 -1.5649 -1.79477 190 190 190 255 
-0.376861 -1.08052 -2.11377 190 190 190 255 
-0.389933 -2.16655 -0.930404 190 190 190 255 
-0.376861 -2.11036 -1.08717 190 190 190 255 
-0.383758 -1.93943 -1.35542 190 190 190 255 
-0.383758 -1.75363 -1.58851 190 190 190 255 
-0.376861 -1.33849 -1.96062 190 190 190 255 
-0.383758 -1.07697 -2.10682 190 190 190 255 
-0.376861 -0.786981 -2.23969 190 190 190 255 
-0.383758 -0.784394 -2.23233 190 190 190 255 
-0.376861 -0.627827 -2.28941 190 190 190 255 
-0.406935 -2.31352 -0.0703214 190 190 190 255 
-0.376861 -2.33348 -0.436397 190 190 190 255 
-0.389933 -2.31769 -0.433445 190 190 190 255 
-0.376861 -2.2941 -0.610487 190 190 190 255 
-0.361126 -2.30752 -0.614059 190 190 190 255 
-0.352437 -2.31325 -0.615585 190 190 190 255 
-0.361126 -2.2561 -0.782145 190 190 190 255 
-0.352437 -2.2617 -0.784088 190 190 190 255 
-0.343318 -2.31826 -0.616916 190 190 190 255 
-0.324193 -2.32593 -0.618958 190 190 190 255 
-0.324193 -2.27409 -0.788384 190 190 190 255 
-0.304686 -2.21099 -0.949617 190 190 190 255 
-0.389933 1.84854 -1.46372 190 190 190 255 
-0.389933 1.60118 -1.73084 190 190 190 255 
-0.389933 1.45983 -1.85162 190 190 190 255 
-0.389933 1.3079 -1.96188 190 190 190 255 
-0.389933 0.977386 -2.14576 190 190 190 255 
-0.399989 0.617062 -2.25759 190 190 190 255 
-0.389933 0.621669 -2.27445 190 190 190 255 
-0.399989 0.252802 -2.32671 190 190 190 255 
-0.389933 0.25469 -2.34408 190 190 190 255 
-0.399989 -0.108648 -2.33788 190 190 190 255 
-0.389933 -0.458198 -2.31293 190 190 190 255 
-0.399989 -0.618957 -2.25707 190 190 190 255 
-0.399989 -1.31958 -1.93292 190 190 190 255 
-0.389933 -1.32943 -1.94735 190 190 190 255 
-0.389933 -1.54957 -1.77719 190 190 190 255 
-0.399989 -1.73456 -1.57123 190 190 190 255 
-0.389933 -1.93267 -1.35069 190 190 190 255 
-0.399989 -2.08055 -1.07181 190 190 190 255 
-0.399989 -2.15049 -0.923508 190 190 190 255 
-0.389933 -2.2278 -0.772335 190 190 190 255 
-0.406935 -1.41778 1.83109 190 190 190 255 
-0.399989 -1.56556 1.73968 190 190 190 255 
-0.389933 -1.57725 1.75267 190 190 190 255 
-0.389933 -1.70482 1.62885 190 190 190 255 
-0.376861 -1.83719 1.50342 190 190 190 255 
-0.369295 -2.05586 1.20146 190 190 190 255 
-0.369295 -2.14499 1.03398 190 190 190 255 
-0.361126 -2.06159 1.20481 190 190 190 255 
-0.361126 -2.28911 0.679488 190 190 190 255 
-0.369295 -2.3298 0.492041 190 190 190 255 
-0.361126 -2.36829 0.304801 190 190 190 255 
-0.361126 -2.38503 0.115504 190 190 190 255 
-0.369295 -2.38009 -0.0724755 190 190 190 255 
-0.352437 -2.39265 -0.0728574 190 190 190 255 
-0.352437 -2.37974 -0.258663 190 190 190 255 
-0.343318 -2.39783 -0.0730147 190 190 190 255 
-0.333869 -2.4022 -0.0731489 190 190 190 255 
-0.324193 -2.40576 -0.0732569 190 190 190 255 
-0.333869 -2.38924 -0.259696 190 190 190 255 
-0.304847 -2.40646 -0.0732764 190 190 190 255 
-0.304467 -2.39569 -0.260421 190 190 190 255 
-0.285229 2.39279 -0.283523 190 190 190 255 
-0.294791 2.41225 -2.7797e-006 190 190 190 255 
-0.294821 2.3959 -0.283727 190 190 190 255 
-0.304572 2.39478 -0.283596 190 190 190 255 
-0.406935 1.81892 -1.44007 190 190 190 255 
-0.406935 1.84038 -1.41634 190 190 190 255 
-0.399989 1.9389 -1.31077 190 190 190 255 
-0.399989 1.83484 -1.45287 190 190 190 255 
-0.389933 1.95338 -1.32056 190 190 190 255 
-0.376861 2.05926 -1.18111 190 190 190 255 
-0.369295 2.21257 -0.880126 190 190 190 255 
-0.361126 2.21873 -0.882577 190 190 190 255 
-0.369295 2.31059 -0.575572 190 190 190 255 
-0.369295 2.36467 -0.28003 190 190 190 255 
-0.361126 2.31702 -0.577175 190 190 190 255 
-0.36274 2.3866 1.42693e-008 190 190 190 255 
-0.295899 -1.78469 -1.61677 190 190 190 255 
-0.285229 -1.97562 -1.38094 190 190 190 255 
-0.361126 -1.56925 -1.79977 190 190 190 255 
-0.352437 -1.57315 -1.80424 190 190 190 255 
-0.333869 -1.78119 -1.61347 190 190 190 255 
-0.333869 -1.57943 -1.81144 190 190 190 255 
-0.324193 -1.58177 -1.81412 190 190 190 255 
-0.314394 -1.78585 -1.6177 190 190 190 255 
-0.304572 -1.78727 -1.61898 190 190 190 255 
-0.314394 -1.58357 -1.81618 190 190 190 255 
-0.304572 -1.58482 -1.81762 190 190 190 255 
-0.399989 -2.26169 -0.601863 190 190 190 255 
-0.389933 -2.27858 -0.606357 190 190 190 255 
-0.376861 -2.1813 -0.936741 190 190 190 255 
-0.369295 -2.11682 -1.09049 190 190 190 255 
-0.361126 -1.95722 -1.36785 190 190 190 255 
-0.369295 -1.95178 -1.36405 190 190 190 255 
-0.361126 -1.76971 -1.60308 190 190 190 255 
-0.361126 -1.34632 -1.97209 190 190 190 255 
-0.369295 -1.34258 -1.96661 190 190 190 255 
-0.369295 -1.08383 -2.12024 190 190 190 255 
-0.361126 -1.08685 -2.12614 190 190 190 255 
-0.369295 -0.789388 -2.24654 190 190 190 255 
-0.352437 -0.793553 -2.2584 190 190 190 255 
-0.333869 -0.796721 -2.26741 190 190 190 255 
-0.324193 -0.797901 -2.27077 190 190 190 255 
-0.324193 -0.636538 -2.32118 190 190 190 255 
-0.30451 -0.799131 -2.27429 190 190 190 255 
-0.294821 -0.799811 -2.27621 190 190 190 255 
-0.285229 -1.09549 -2.14367 190 190 190 255 
-1.12731 -2.14029 -1.10798 190 190 190 255 
-1.11805 -1.47463 1.90421 190 190 190 255 
-1.09821 -1.61003 1.78909 190 190 190 255 
-1.13717 -1.18957 2.09554 190 190 190 255 
-1.02241 -2.26169 -0.601863 190 190 190 255 
-1.01547 -1.82263 1.43383 190 190 190 255 
-1.01547 -1.64216 1.64205 190 190 190 255 
-1.01547 -1.54946 1.72157 190 190 190 255 
-1.05311 -2.36172 0.303955 190 190 190 255 
-1.06127 -2.38503 0.115504 190 190 190 255 
-1.05311 -2.3298 0.492041 190 190 190 255 
-1.06127 -2.33629 0.493411 190 190 190 255 
-1.01547 0.613513 -2.23376 190 190 190 255 
-1.02241 0.617062 -2.25759 190 190 190 255 
-1.01547 0.250249 -2.30151 190 190 190 255 
-1.02241 0.252802 -2.32671 190 190 190 255 
-1.06127 -0.791586 -2.2528 190 190 190 255 
-1.06127 -0.6315 -2.30281 190 190 190 255 
-1.07908 -0.634439 -2.31352 190 190 190 255 
-1.11781 2.08749 -1.19714 190 190 190 255 
-1.11768 -0.111848 -2.40529 190 190 190 255 
-1.10805 -0.381 2.37905 190 190 190 255 
-1.08853 -0.606003 2.32566 190 190 190 255 
-1.06996 -0.603593 2.31641 190 190 190 255 
-1.07012 -0.381 2.36296 190 190 190 255 
-1.03247 -0.594545 2.28169 190 190 190 255 
-1.03444 -0.381 2.32973 190 190 190 255 
-1.02248 -0.381 2.30915 190 190 190 255 
-1.02241 -0.590138 2.26477 190 190 190 255 
-1.12755 -1.35933 -1.99104 190 190 190 255 
-1.12646 -1.58263 -1.81499 190 190 190 255 
-1.13717 -1.35968 -1.99143 190 190 190 255 
-1.13717 0.575312 -2.34341 190 190 190 255 
-1.11775 0.0730405 -2.40711 190 190 190 255 
-1.13717 0.171343 -2.40691 190 190 190 255 
-1.13717 0.259722 -2.39302 190 190 190 255 
-1.11766 0.448065 -2.36581 190 190 190 255 
-1.13717 0.44778 -2.36346 190 190 190 255 
-1.12758 -0.799811 -2.27621 190 190 190 255 
-1.13717 -0.639614 -2.32668 190 190 190 255 
-1.13717 -0.638135 -2.32696 190 190 190 255 
-1.11804 -0.637228 -2.32367 190 190 190 255 
-1.09821 -0.636538 -2.32118 190 190 190 255 
-1.10801 -0.798806 -2.27335 190 190 190 255 
-1.1176 0.818824 -2.26417 190 190 190 255 
-1.13717 0.817979 -2.26149 190 190 190 255 
-1.11757 1.7675 -1.63481 190 190 190 255 
-1.13717 1.16938 -2.10101 190 190 190 255 
-1.11757 1.17082 -2.10373 190 190 190 255 
-1.13717 1.32255 -2.01827 190 190 190 255 
-1.11793 1.33662 -2.00502 190 190 190 255 
-1.11755 1.4906 -1.89063 190 190 190 255 
-1.13717 1.33752 -2.00653 190 190 190 255 
-1.13717 1.48861 -1.88808 190 190 190 255 
-1.13717 2.23449 -0.888683 190 190 190 255 
-1.12758 2.3411 -0.583172 190 190 190 255 
-1.13717 2.413 -6.50499e-006 190 190 190 255 
-1.13717 2.39279 -0.283523 190 190 190 255 
-1.12758 2.3959 -0.283727 190 190 190 255 
-1.13717 2.38859 -0.34233 190 190 190 255 
-1.13717 2.29649 -0.740751 190 190 190 255 
-1.13717 2.08795 -1.19725 190 190 190 255 
-1.13717 1.99252 -1.34728 190 190 190 255 
-1.1179 1.88879 -1.49549 190 190 190 255 
-1.11695 2.23879 -0.887845 190 190 190 255 
-1.11783 2.34001 -0.582902 190 190 190 255 
-1.13717 -0.237547 -2.40128 190 190 190 255 
-1.11778 0.260058 -2.39426 190 190 190 255 
-1.10801 0.260278 -2.39551 190 190 190 255 
-1.11786 0.635011 -2.32355 190 190 190 255 
-1.10801 0.819424 -2.266 190 190 190 255 
-1.11791 0.998603 -2.19249 190 190 190 255 
-1.10801 1.17176 -2.10551 190 190 190 255 
-1.10801 1.49186 -1.89224 190 190 190 255 
-1.10801 1.63631 -1.76881 190 190 190 255 
-1.11793 1.63659 -1.76908 190 190 190 255 
-1.10801 1.88909 -1.49583 190 190 190 255 
-1.09821 1.99398 -1.348 190 190 190 255 
-1.11763 1.99306 -1.34749 190 190 190 255 
-1.10809 2.40921 1.42693e-008 190 190 190 255 
-1.12704 2.41232 -2.7797e-006 190 190 190 255 
-1.13717 2.13843 -1.1179 190 190 190 255 
-1.13717 2.16907 -1.04477 190 190 190 255 
-1.12638 2.2397 -0.885056 190 190 190 255 
-1.11783 2.39478 -0.283596 190 190 190 255 
-1.1276 2.41236 -2.7797e-006 190 190 190 255 
-1.11754 -0.467499 -2.35967 190 190 190 255 
-1.11797 -0.292319 -2.38949 190 190 190 255 
-1.10801 -0.11186 -2.40701 190 190 190 255 
-1.09821 -0.111734 -2.40428 190 190 190 255 
-1.10801 0.0729899 -2.4085 190 190 190 255 
-1.10801 0.448314 -2.36753 190 190 190 255 
-1.09821 0.447806 -2.36485 190 190 190 255 
-1.10801 0.635308 -2.32435 190 190 190 255 
-1.10801 0.998829 -2.19284 190 190 190 255 
-1.09821 0.818495 -2.26343 190 190 190 255 
-1.10801 1.33659 -2.00492 190 190 190 255 
-1.09821 1.17044 -2.10312 190 190 190 255 
-1.09821 1.33508 -2.00265 190 190 190 255 
-1.09821 1.49016 -1.89009 190 190 190 255 
-1.09821 1.63446 -1.76681 190 190 190 255 
-1.10801 1.76897 -1.63614 190 190 190 255 
-1.09821 1.76696 -1.63429 190 190 190 255 
-1.09821 -0.797901 -2.27077 190 190 190 255 
-1.06996 -0.793553 -2.2584 190 190 190 255 
-1.09821 -0.46772 -2.36099 190 190 190 255 
-1.09821 -0.292397 -2.38905 190 190 190 255 
-1.08853 -0.291965 -2.38552 190 190 190 255 
-1.08853 0.0727994 -2.40221 190 190 190 255 
-1.09821 0.0729072 -2.40577 190 190 190 255 
-1.09821 0.259983 -2.39279 190 190 190 255 
-1.08853 0.447143 -2.36135 190 190 190 255 
-1.08853 0.63365 -2.31828 190 190 190 255 
-1.09821 0.634588 -2.32171 190 190 190 255 
-1.09821 0.997697 -2.19035 190 190 190 255 
-1.08853 1.16871 -2.10001 190 190 190 255 
-1.08853 1.3331 -1.99969 190 190 190 255 
-1.08853 1.48796 -1.8873 190 190 190 255 
-1.08853 1.76435 -1.63187 190 190 190 255 
-1.09821 1.88695 -1.49414 190 190 190 255 
-1.08853 1.99103 -1.34601 190 190 190 255 
-1.09821 2.08783 -1.1975 190 190 190 255 
-1.09821 2.16856 -1.04421 190 190 190 255 
-1.08853 2.38664 -0.282631 190 190 190 255 
-1.09821 2.39017 -0.283049 190 190 190 255 
-1.06996 -0.63307 -2.30853 190 190 190 255 
-1.06996 -0.465171 -2.34813 190 190 190 255 
-1.07908 -0.466177 -2.35321 190 190 190 255 
-1.06996 -0.290804 -2.37603 190 190 190 255 
-1.07908 -0.111365 -2.39635 190 190 190 255 
-1.06996 0.445365 -2.35196 190 190 190 255 
-1.07908 0.815795 -2.25596 190 190 190 255 
-1.06996 0.814035 -2.2511 190 190 190 255 
-1.07908 1.16658 -2.09619 190 190 190 255 
-1.06996 1.3278 -1.99174 190 190 190 255 
-1.07908 1.48525 -1.88386 190 190 190 255 
-1.06996 1.62555 -1.75718 190 190 190 255 
-1.06996 1.75733 -1.62538 190 190 190 255 
-1.07908 1.76113 -1.6289 190 190 190 255 
-1.07908 1.9874 -1.34356 190 190 190 255 
-1.07908 2.08094 -1.19355 190 190 190 255 
-1.06996 2.15675 -1.03852 190 190 190 255 
-1.07908 2.3278 -0.57986 190 190 190 255 
-1.07908 2.38229 -0.282116 190 190 190 255 
-1.08853 -0.467028 -2.3575 190 190 190 255 
-1.07908 -0.291433 -2.38117 190 190 190 255 
-1.08853 -0.111568 -2.40073 190 190 190 255 
-1.07908 0.0726667 -2.39784 190 190 190 255 
-1.08853 0.259598 -2.38926 190 190 190 255 
-1.07908 0.259125 -2.3849 190 190 190 255 
-1.07908 0.446329 -2.35705 190 190 190 255 
-1.07908 0.632495 -2.31405 190 190 190 255 
-1.08853 0.817285 -2.26008 190 190 190 255 
-1.08853 0.996222 -2.18711 190 190 190 255 
-1.07908 0.994407 -2.18313 190 190 190 255 
-1.07908 1.33067 -1.99605 190 190 190 255 
-1.07908 1.62907 -1.76098 190 190 190 255 
-1.08853 1.63204 -1.76419 190 190 190 255 
-1.08853 1.88416 -1.49193 190 190 190 255 
-1.07908 1.88073 -1.48921 190 190 190 255 
-1.08853 2.08474 -1.19573 190 190 190 255 
-1.08853 2.16536 -1.04267 190 190 190 255 
-1.07908 2.16141 -1.04077 190 190 190 255 
-1.08853 2.23313 -0.888303 190 190 190 255 
-1.07908 2.22906 -0.886684 190 190 190 255 
-1.08853 2.33205 -0.580919 190 190 190 255 
-1.11789 2.16843 -1.04428 190 190 190 255 
-1.10801 2.23897 -0.890628 190 190 190 255 
-1.09821 2.23643 -0.889618 190 190 190 255 
-1.10801 2.33815 -0.582439 190 190 190 255 
-1.09821 2.3355 -0.581779 190 190 190 255 
-1.10801 2.39289 -0.283371 190 190 190 255 
-1.10001 2.40744 1.42693e-008 190 190 190 255 
-1.04554 -0.627827 -2.28941 190 190 190 255 
-1.06127 0.0723301 -2.38673 190 190 190 255 
-1.04554 -0.461319 -2.32868 190 190 190 255 
-1.02241 -1.06526 -2.08391 190 190 190 255 
-1.01547 -0.653277 -2.22851 190 190 190 255 
-1.01547 -0.645315 -2.23023 190 190 190 255 
-1.01547 -0.82246 -2.16507 190 190 190 255 
-1.02241 -0.775863 -2.20805 190 190 190 255 
-1.01547 -0.972933 -2.10865 190 190 190 255 
-1.01547 -1.05434 -2.063 190 190 190 255 
-1.01547 -0.306512 -2.30077 190 190 190 255 
-1.01547 -0.324421 -2.29951 190 190 190 255 
-1.03247 -0.458198 -2.31293 190 190 190 255 
-1.04554 -0.786981 -2.23969 190 190 190 255 
-1.01547 0.0699512 -2.31648 190 190 190 255 
-1.03247 -0.109459 -2.35533 190 190 190 255 
-1.02241 0.0708935 -2.33932 190 190 190 255 
-1.02241 -0.108648 -2.33788 190 190 190 255 
-1.01547 -5.91698e-009 -2.32229 190 190 190 255 
-1.06127 -0.290083 -2.37014 190 190 190 255 
-1.04554 -0.110204 -2.37138 190 190 190 255 
-1.04554 -0.288396 -2.35635 190 190 190 255 
-1.03247 -0.286445 -2.34041 190 190 190 255 
-1.02241 -0.284322 -2.32306 190 190 190 255 
-1.01547 0.431295 -2.2786 190 190 190 255 
-1.05311 0.627818 -2.29694 190 190 190 255 
-1.05311 0.443028 -2.33962 190 190 190 255 
-1.04554 0.441677 -2.33249 190 190 190 255 
-1.01547 0.295347 -2.29777 190 190 190 255 
-1.05311 0.809762 -2.23928 190 190 190 255 
-1.04554 0.625904 -2.28994 190 190 190 255 
-1.04554 0.807293 -2.23245 190 190 190 255 
-1.03247 0.621669 -2.27445 190 190 190 255 
-1.03247 0.801832 -2.21735 190 190 190 255 
-1.02241 0.795889 -2.20092 190 190 190 255 
-1.03247 0.438689 -2.31671 190 190 190 255 
-1.02241 0.435437 -2.29954 190 190 190 255 
-1.01547 0.610882 -2.23441 190 190 190 255 
-1.05311 0.257209 -2.36726 190 190 190 255 
-1.04554 0.256424 -2.36005 190 190 190 255 
-1.04554 0.0719094 -2.37285 190 190 190 255 
-1.03247 0.25469 -2.34408 190 190 190 255 
-1.03247 0.0714229 -2.35679 190 190 190 255 
-1.01547 -0.450066 -2.27238 190 190 190 255 
-1.02241 -0.454802 -2.29578 190 190 190 255 
-1.01547 -0.471067 -2.26785 190 190 190 255 
-1.02241 -0.618957 -2.25707 190 190 190 255 
-1.03247 -0.623579 -2.27392 190 190 190 255 
-1.03247 -0.781657 -2.22454 190 190 190 255 
-1.03864 -0.784394 -2.23233 190 190 190 255 
-1.03247 -1.07321 -2.09947 190 190 190 255 
-1.03864 -1.07697 -2.10682 190 190 190 255 
-1.03247 -1.32943 -1.94735 190 190 190 255 
-1.05311 1.47426 -1.86993 190 190 190 255 
-1.06127 2.07131 -1.18802 190 190 190 255 
-1.06127 2.1514 -1.03595 190 190 190 255 
-1.05311 2.36467 -0.28003 190 190 190 255 
-1.06127 2.37126 -0.28081 190 190 190 255 
-1.04554 2.20582 -0.877443 190 190 190 255 
-1.05311 2.31059 -0.575572 190 190 190 255 
-1.05311 2.21257 -0.880126 190 190 190 255 
-1.06127 2.31702 -0.577175 190 190 190 255 
-1.03864 2.19857 -0.874558 190 190 190 255 
-1.04554 2.30354 -0.573817 190 190 190 255 
-1.03864 2.29597 -0.571931 190 190 190 255 
-1.06127 1.87202 -1.48231 190 190 190 255 
-1.04554 1.86113 -1.47369 190 190 190 255 
-1.04554 1.96669 -1.32955 190 190 190 255 
-1.03247 1.95338 -1.32056 190 190 190 255 
-1.04554 0.984043 -2.16038 190 190 190 255 
-1.03247 1.14661 -2.06031 190 190 190 255 
-1.04554 1.46977 -1.86423 190 190 190 255 
-1.03247 1.3079 -1.96188 190 190 190 255 
-1.03247 1.45983 -1.85162 190 190 190 255 
-1.01547 1.44555 -1.80885 190 190 190 255 
-1.01547 1.43374 -1.8189 190 190 190 255 
-1.02241 1.2982 -1.94734 190 190 190 255 
-1.01547 1.2857 -1.92822 190 190 190 255 
-1.01547 1.28354 -1.92953 190 190 190 255 
-1.04554 1.15442 -2.07434 190 190 190 255 
-1.04554 1.31681 -1.97524 190 190 190 255 
-1.02241 1.13811 -2.04504 190 190 190 255 
-1.01547 1.64438 -1.63982 190 190 190 255 
-1.02241 1.58931 -1.71801 190 190 190 255 
-1.02241 1.9389 -1.31077 190 190 190 255 
-1.01547 1.92113 -1.29901 190 190 190 255 
-1.01547 1.89976 -1.33563 190 190 190 255 
-1.01547 1.8909 -1.34619 190 190 190 255 
-1.02241 1.83484 -1.45287 190 190 190 255 
-1.03247 1.73099 -1.60102 190 190 190 255 
-1.04554 1.74278 -1.61192 190 190 190 255 
-1.02241 1.71816 -1.58915 190 190 190 255 
-1.04554 1.61209 -1.74263 190 190 190 255 
-1.03247 1.60118 -1.73084 190 190 190 255 
-1.02241 1.44901 -1.83789 190 190 190 255 
-1.01547 1.57325 -1.70029 190 190 190 255 
-1.03247 2.1909 -0.871507 190 190 190 255 
-1.03247 2.12441 -1.02296 190 190 190 255 
-1.01547 2.09147 -1.007 190 190 190 255 
-1.06127 1.9782 -1.33733 190 190 190 255 
-1.03247 2.04533 -1.17312 190 190 190 255 
-1.02241 2.10867 -1.01537 190 190 190 255 
-1.01547 2.11368 -0.953821 190 190 190 255 
-1.03247 2.28796 -0.569935 190 190 190 255 
-1.02241 2.32416 -0.275232 190 190 190 255 
-1.01547 2.24857 -0.560384 190 190 190 255 
-1.02241 2.271 -0.56571 190 190 190 255 
-1.01547 2.23442 -0.632753 190 190 190 255 
-1.02241 2.17466 -0.865048 190 190 190 255 
-1.02241 2.03017 -1.16443 190 190 190 255 
-1.01547 2.00588 -1.15373 190 190 190 255 
-1.03247 1.84854 -1.46372 190 190 190 255 
-1.05311 1.61702 -1.74795 190 190 190 255 
-1.05311 1.32083 -1.98128 190 190 190 255 
-1.05311 1.15795 -2.08068 190 190 190 255 
-1.0558 2.38295 1.42693e-008 190 190 190 255 
-1.05339 2.38087 1.42693e-008 190 190 190 255 
-1.04554 2.35746 -0.279176 190 190 190 255 
-1.04647 2.37488 1.42693e-008 190 190 190 255 
-1.04554 2.05926 -1.18111 190 190 190 255 
-1.04554 2.13888 -1.02992 190 190 190 255 
-1.03864 2.34971 -0.278259 190 190 190 255 
-1.01547 1.11596 -2.0313 190 190 190 255 
-1.01547 1.04995 -2.07138 190 190 190 255 
-1.05311 0.987052 -2.16698 190 190 190 255 
-1.03247 0.977386 -2.14576 190 190 190 255 
-1.02241 0.970142 -2.12986 190 190 190 255 
-1.01547 0.947042 -2.11404 190 190 190 255 
-1.04554 -1.17214 2.06438 190 190 190 255 
-1.04554 -0.883979 2.20321 190 190 190 255 
-1.04554 -0.598595 2.29723 190 190 190 255 
-1.05311 -0.886682 2.20995 190 190 190 255 
-1.05334 -0.381 2.35023 190 190 190 255 
-1.05311 -1.95469 1.35988 190 190 190 255 
-1.06127 -1.84794 1.51222 190 190 190 255 
-1.03247 -1.57725 1.75267 190 190 190 255 
-1.04554 -1.588 1.76461 190 190 190 255 
-1.06127 -1.59729 1.77493 190 190 190 255 
-1.04554 -2.1813 -0.936741 190 190 190 255 
-1.06127 -2.19407 -0.942223 190 190 190 255 
-1.05311 -2.11682 -1.09049 190 190 190 255 
-1.03864 -2.10343 -1.08359 190 190 190 255 
-1.04554 -2.11036 -1.08717 190 190 190 255 
-1.04554 -1.94583 -1.35989 190 190 190 255 
-1.06127 -1.76971 -1.60308 190 190 190 255 
-1.04554 -2.37284 -0.0722539 190 190 190 255 
-1.04554 -2.36003 -0.256521 190 190 190 255 
-1.03247 -2.34407 -0.254786 190 190 190 255 
-1.04554 -2.2941 -0.610487 190 190 190 255 
-1.06127 -2.2561 -0.782145 190 190 190 255 
-1.02241 -1.91834 -1.34068 190 190 190 255 
-1.03247 -2.09609 -1.07981 190 190 190 255 
-1.03247 -1.93267 -1.35069 190 190 190 255 
-1.03864 -1.75363 -1.58851 190 190 190 255 
-1.04554 -1.56013 -1.7893 190 190 190 255 
-1.05311 -1.5649 -1.79477 190 190 190 255 
-1.05311 -1.34258 -1.96661 190 190 190 255 
-1.06127 -1.34632 -1.97209 190 190 190 255 
-1.03864 -1.93943 -1.35542 190 190 190 255 
-1.04554 -1.75941 -1.59375 190 190 190 255 
-1.05311 -1.76479 -1.59862 190 190 190 255 
-1.02282 -0.381 2.31004 190 190 190 255 
-1.03247 -1.16421 2.05041 190 190 190 255 
-1.02241 -1.29576 1.94897 190 190 190 255 
-1.06127 -1.72648 1.64954 190 190 190 255 
-1.04554 -1.83719 1.50342 190 190 190 255 
-1.04554 -1.71644 1.63994 190 190 190 255 
-1.03247 -1.70482 1.62885 190 190 190 255 
-1.05311 -2.05586 1.20146 190 190 190 255 
-1.05311 -2.14499 1.03398 190 190 190 255 
-1.03247 -2.03573 1.1897 190 190 190 255 
-1.02241 -2.02064 1.18088 190 190 190 255 
-1.03247 -1.93555 1.34656 190 190 190 255 
-1.05311 -2.22093 0.858824 190 190 190 255 
-1.02241 -0.871491 2.17209 190 190 190 255 
-1.02241 -1.15558 2.03522 190 190 190 255 
-1.01547 -1.13291 2.02238 190 190 190 255 
-1.01547 -0.778698 2.18582 190 190 190 255 
-1.01547 -0.753515 2.19664 190 190 190 255 
-1.02241 -1.56556 1.73968 190 190 190 255 
-1.03247 -1.30544 1.96352 190 190 190 255 
-1.04757 -0.381 2.34526 190 190 190 255 
-1.02241 -1.81124 1.48219 190 190 190 255 
-1.01547 -1.66264 1.61842 190 190 190 255 
-1.02241 -1.69219 1.61678 190 190 190 255 
-1.04554 -1.45344 1.87698 190 190 190 255 
-1.03247 -1.44361 1.86429 190 190 190 255 
-1.04554 -1.31433 1.97689 190 190 190 255 
-1.05311 -1.17572 2.07069 190 190 190 255 
-1.06127 -0.889152 2.21611 190 190 190 255 
-1.05311 -0.600425 2.30425 190 190 190 255 
-1.06127 -0.602097 2.31067 190 190 190 255 
-1.02241 -2.18288 0.84411 190 190 190 255 
-1.01547 -2.091 0.995297 190 190 190 255 
-1.02241 -2.10824 1.01626 190 190 190 255 
-1.01547 -2.05056 1.09005 190 190 190 255 
-1.03247 -2.12398 1.02385 190 190 190 255 
-1.04554 -2.0496 1.1978 190 190 190 255 
-1.04554 -2.13845 1.03082 190 190 190 255 
-1.06127 -2.22711 0.861215 190 190 190 255 
-1.01547 -2.0005 1.16888 190 190 190 255 
-1.06127 -2.06159 1.20481 190 190 190 255 
-1.04554 -1.94873 1.35573 190 190 190 255 
-1.03247 -1.82477 1.49325 190 190 190 255 
-1.02241 -1.9212 1.33658 190 190 190 255 
-1.01547 -1.85866 1.39226 190 190 190 255 
-1.02241 -1.43291 1.85047 190 190 190 255 
-1.03864 -1.16828 2.05759 190 190 190 255 
-1.03864 -0.881073 2.19597 190 190 190 255 
-1.03247 -0.877999 2.18831 190 190 190 255 
-1.03864 -0.596627 2.28968 190 190 190 255 
-1.04554 -2.3227 0.490541 190 190 190 255 
-1.03247 -2.30699 0.487222 190 190 190 255 
-1.05311 -2.37841 0.115182 190 190 190 255 
-1.02241 -2.32125 0.298748 190 190 190 255 
-1.03247 -2.27858 -0.606357 190 190 190 255 
-1.03247 -2.31769 -0.433445 190 190 190 255 
-1.01547 -2.03115 -1.12581 190 190 190 255 
-1.02241 -2.08055 -1.07181 190 190 190 255 
-1.01547 -2.06027 -1.06162 190 190 190 255 
-1.02241 -2.15049 -0.923508 190 190 190 255 
-1.01547 -2.30568 0.205395 190 190 190 255 
-1.03247 -2.33859 0.300978 190 190 190 255 
-1.04554 -2.35452 0.303028 190 190 190 255 
-1.06127 -2.38672 -0.0726767 190 190 190 255 
-1.02241 -2.30051 -0.430232 190 190 190 255 
-1.01547 -2.28363 -0.421941 190 190 190 255 
-1.02241 -2.3267 -0.252897 190 190 190 255 
-1.04554 -2.33348 -0.436397 190 190 190 255 
-1.01547 -2.3009 -0.250157 190 190 190 255 
-1.02241 -2.33931 -0.0712331 190 190 190 255 
-1.01547 -2.3185 -0.0751354 190 190 190 255 
-1.01547 -2.31897 -0.0704573 190 190 190 255 
-1.01547 -2.32192 -0.0410974 190 190 190 255 
-1.05311 -2.38009 -0.0724755 190 190 190 255 
-1.04554 -2.37116 0.114831 190 190 190 255 
-1.03247 -2.35678 -0.0717658 190 190 190 255 
-1.03247 -2.35512 0.114054 190 190 190 255 
-1.02241 -2.33766 0.113209 190 190 190 255 
-1.01547 -2.31185 0.111824 190 190 190 255 
-1.01547 -2.12749 -0.913476 190 190 190 255 
-1.02241 -2.21128 -0.76661 190 190 190 255 
-1.01547 -2.14014 -0.885595 190 190 190 255 
-1.01547 -2.18485 -0.787034 190 190 190 255 
-1.01547 -1.72527 -1.54425 190 190 190 255 
-1.03247 -2.16655 -0.930404 190 190 190 255 
-1.05311 -1.95178 -1.36405 190 190 190 255 
-1.06127 -1.95722 -1.36785 190 190 190 255 
-1.04554 -2.24297 -0.777595 190 190 190 255 
-1.03247 -2.2278 -0.772335 190 190 190 255 
-1.01547 -2.19213 -0.760126 190 190 190 255 
-1.01547 -2.29646 0.345353 190 190 190 255 
-1.02241 -2.28989 0.483611 190 190 190 255 
-1.01547 -2.2643 0.480482 190 190 190 255 
-1.04554 -2.27579 0.675536 190 190 190 255 
-1.05311 -2.28275 0.677601 190 190 190 255 
-1.03247 -2.26039 0.670966 190 190 190 255 
-1.04554 -2.21415 0.856206 190 190 190 255 
-1.03247 -2.19918 0.850414 190 190 190 255 
-1.02241 -2.24364 0.665992 190 190 190 255 
-1.03864 -1.555 -1.78341 190 190 190 255 
-1.01547 -1.88376 -1.34833 190 190 190 255 
-1.12759 -0.381 2.38221 190 190 190 255 
-1.13717 -0.777875 2.28418 190 190 190 255 
-1.12635 -0.607223 2.33019 190 190 190 255 
-1.12758 -0.89839 2.23913 190 190 190 255 
-1.10801 -0.607589 2.33174 190 190 190 255 
-1.11783 -0.608071 2.3336 190 190 190 255 
-1.12361 -0.381 2.382 190 190 190 255 
-1.12739 -1.18575 2.09846 190 190 190 255 
-1.13717 -1.15241 2.12003 190 190 190 255 
-1.11732 -1.18762 2.09628 190 190 190 255 
-1.13717 -1.33119 2.00219 190 190 190 255 
-1.11783 -0.897974 2.23809 190 190 190 255 
-1.13717 -1.74131 1.66333 190 190 190 255 
-1.11784 -1.74155 1.66381 190 190 190 255 
-1.13717 -1.79238 1.61553 190 190 190 255 
-1.11773 -1.97684 1.37517 190 190 190 255 
-1.13717 -2.16689 1.04428 190 190 190 255 
-1.13717 -2.22793 0.926768 190 190 190 255 
-1.11787 -2.24664 0.868852 190 190 190 255 
-1.1176 -2.30815 0.685083 190 190 190 255 
-1.1175 -1.33187 2.00325 190 190 190 255 
-1.09821 -1.33257 2.00432 190 190 190 255 
-1.09821 -0.896245 2.23378 190 190 190 255 
-1.10801 -1.18975 2.0954 190 190 190 255 
-1.09821 -0.6069 2.3291 190 190 190 255 
-1.10801 -0.897261 2.23632 190 190 190 255 
-1.10414 -0.381 2.37831 190 190 190 255 
-1.13717 -2.24641 0.868958 190 190 190 255 
-1.13717 -2.35243 0.537254 190 190 190 255 
-1.11791 -2.35722 0.497892 190 190 190 255 
-1.13717 -2.35792 0.498191 190 190 190 255 
-1.13717 -2.32766 -0.619685 190 190 190 255 
-1.13717 -2.36363 -0.44191 190 190 190 255 
-1.13717 -2.39711 -0.276436 190 190 190 255 
-1.13717 -2.38483 0.30683 190 190 190 255 
-1.11757 -2.3879 0.307291 190 190 190 255 
-1.11793 -2.40697 0.116591 190 190 190 255 
-1.13717 -2.40321 -0.0731833 190 190 190 255 
-1.11793 -2.39569 -0.260434 190 190 190 255 
-1.13717 -2.39758 -0.260703 190 190 190 255 
-1.10801 -1.97802 1.3761 190 190 190 255 
-1.09821 -1.86269 1.52429 190 190 190 255 
-1.10801 -2.17058 1.04631 190 190 190 255 
-1.09821 -2.16812 1.04513 190 190 190 255 
-1.09821 -2.24488 0.868086 190 190 190 255 
-1.10801 -2.30999 0.685686 190 190 190 255 
-1.09821 -2.38719 0.307233 190 190 190 255 
-1.10801 -2.38989 0.307581 190 190 190 255 
-1.10801 -2.40679 0.116557 190 190 190 255 
-1.09821 -2.40576 -0.0732569 190 190 190 255 
-1.09821 -2.39278 -0.26008 190 190 190 255 
-1.09821 -2.27409 -0.788384 190 190 190 255 
-1.12748 -1.97563 -1.38084 190 190 190 255 
-1.13717 -1.78246 -1.61492 190 190 190 255 
-1.13717 -2.21059 -0.949597 190 190 190 255 
-1.11771 -2.21072 -0.949517 190 190 190 255 
-1.10801 -2.14207 -1.1035 190 190 190 255 
-1.11783 -1.97664 -1.38142 190 190 190 255 
-1.10801 -1.97507 -1.38033 190 190 190 255 
-1.11783 -1.58482 -1.81762 190 190 190 255 
-1.11783 -1.35968 -1.99166 190 190 190 255 
-1.10801 -1.3586 -1.99008 190 190 190 255 
-1.11789 -0.799134 -2.2743 190 190 190 255 
-1.11783 -1.09763 -2.14724 190 190 190 255 
-1.12699 -1.09636 -2.14503 190 190 190 255 
-1.12652 -1.78472 -1.6168 190 190 190 255 
-1.11783 -1.78727 -1.61898 190 190 190 255 
-1.11783 -2.14377 -1.10438 190 190 190 255 
-1.13717 -2.14179 -1.10308 190 190 190 255 
-1.13717 -1.49385 1.89499 190 190 190 255 
-1.11758 -1.60911 1.78817 190 190 190 255 
-1.10801 -1.74223 1.66459 190 190 190 255 
-1.10801 -1.8648 1.52601 190 190 190 255 
-1.1177 -1.86353 1.52508 190 190 190 255 
-1.10801 -2.08039 1.2158 190 190 190 255 
-1.1178 -2.07932 1.21527 190 190 190 255 
-1.11765 -2.16902 1.04547 190 190 190 255 
-1.10801 -2.24742 0.869071 190 190 190 255 
-1.10801 -2.3576 0.497911 190 190 190 255 
-1.10801 -2.40849 -0.0733398 190 190 190 255 
-1.11755 -2.40646 -0.073282 190 190 190 255 
-1.11758 -2.36665 -0.442564 190 190 190 255 
-1.10801 -2.3955 -0.260375 190 190 190 255 
-1.10801 -2.36854 -0.442955 190 190 190 255 
-1.11796 -2.32634 -0.619199 190 190 190 255 
-1.08853 -1.35505 -1.98488 190 190 190 255 
-1.09821 -1.09552 -2.1431 190 190 190 255 
-1.09821 -1.35706 -1.98782 190 190 190 255 
-1.08853 -1.57943 -1.81144 190 190 190 255 
-1.08853 -1.78119 -1.61347 190 190 190 255 
-1.09821 -1.58177 -1.81412 190 190 190 255 
-1.09821 -1.78383 -1.61586 190 190 190 255 
-1.09821 -1.97283 -1.37876 190 190 190 255 
-1.08853 -2.13648 -1.10062 190 190 190 255 
-1.09821 -2.21157 -0.949739 190 190 190 255 
-1.08853 -2.2083 -0.948335 190 190 190 255 
-1.08853 -2.27073 -0.787218 190 190 190 255 
-1.08853 -2.36236 -0.441798 190 190 190 255 
-1.09821 -2.32593 -0.618958 190 190 190 255 
-1.09821 -2.36586 -0.442453 190 190 190 255 
-1.08853 -2.38924 -0.259696 190 190 190 255 
-1.08853 -2.4022 -0.0731489 190 190 190 255 
-1.09821 -2.40406 0.116425 190 190 190 255 
-1.08853 -2.38366 0.306779 190 190 190 255 
-1.09821 -2.35493 0.497347 190 190 190 255 
-1.09821 -2.30737 0.68491 190 190 190 255 
-1.08853 -2.16492 1.04358 190 190 190 255 
-1.08853 -2.07496 1.21263 190 190 190 255 
-1.09821 -2.07803 1.21442 190 190 190 255 
-1.09821 -1.97577 1.37454 190 190 190 255 
-1.08853 -1.85993 1.52203 190 190 190 255 
-1.08853 -1.73768 1.66024 190 190 190 255 
-1.09821 -1.74025 1.6627 190 190 190 255 
-1.08853 -1.60765 1.78645 190 190 190 255 
-1.09821 -1.47361 1.90303 190 190 190 255 
-1.08853 -1.47143 1.90021 190 190 190 255 
-1.08853 -1.3306 2.00136 190 190 190 255 
-1.08853 -1.18664 2.08993 190 190 190 255 
-1.09821 -1.1884 2.09302 190 190 190 255 
-1.10105 -0.381 2.37742 190 190 190 255 
-1.07908 -1.0919 -2.13603 190 190 190 255 
-1.07908 -1.57656 -1.80814 190 190 190 255 
-1.07908 -1.77794 -1.61053 190 190 190 255 
-1.06996 -1.96208 -1.37125 190 190 190 255 
-1.07908 -1.96632 -1.37422 190 190 190 255 
-1.07908 -2.13259 -1.09862 190 190 190 255 
-1.07908 -2.20428 -0.946607 190 190 190 255 
-1.07908 -2.31826 -0.616916 190 190 190 255 
-1.06996 -2.37974 -0.258663 190 190 190 255 
-1.06996 -2.39265 -0.0728574 190 190 190 255 
-1.06996 -2.37418 0.305559 190 190 190 255 
-1.07908 -2.37931 0.30622 190 190 190 255 
-1.06996 -2.3421 0.494637 190 190 190 255 
-1.06996 -2.29479 0.681177 190 190 190 255 
-1.07908 -2.29976 0.68265 190 190 190 255 
-1.07908 -2.16097 1.04168 190 190 190 255 
-1.07908 -2.07118 1.21042 190 190 190 255 
-1.07908 -1.96926 1.37001 190 190 190 255 
-1.06996 -1.85254 1.51598 190 190 190 255 
-1.07908 -1.85654 1.51926 190 190 190 255 
-1.07908 -1.73451 1.65722 190 190 190 255 
-1.06996 -1.73077 1.65364 190 190 190 255 
-1.07908 -1.60472 1.78319 190 190 190 255 
-1.06996 -1.60126 1.77934 190 190 190 255 
-1.06996 -1.46558 1.89266 190 190 190 255 
-1.07908 -1.32817 1.99771 190 190 190 255 
-1.08865 -0.381 2.3726 190 190 190 255 
-1.07908 -0.604899 2.32142 190 190 190 255 
-1.08853 -0.894919 2.23048 190 190 190 255 
-1.07908 -0.893289 2.22642 190 190 190 255 
-1.07908 -1.18448 2.08612 190 190 190 255 
-1.07908 -1.46875 1.89675 190 190 190 255 
-1.08853 -1.97285 1.37251 190 190 190 255 
-1.08853 -2.24156 0.866802 190 190 190 255 
-1.07908 -2.23747 0.865223 190 190 190 255 
-1.08853 -2.30396 0.683896 190 190 190 255 
-1.07908 -2.34716 0.495707 190 190 190 255 
-1.08853 -2.35145 0.496612 190 190 190 255 
-1.08853 -2.4005 0.116252 190 190 190 255 
-1.07908 -2.39613 0.116041 190 190 190 255 
-1.07908 -2.39783 -0.0730147 190 190 190 255 
-1.07908 -2.38489 -0.259222 190 190 190 255 
-1.07908 -2.35805 -0.440993 190 190 190 255 
-1.08853 -2.32249 -0.618042 190 190 190 255 
-1.07908 -2.26659 -0.785784 190 190 190 255 
-1.08853 -1.96991 -1.37672 190 190 190 255 
-1.07908 -1.35258 -1.98127 190 190 190 255 
-1.08853 -1.0939 -2.13993 190 190 190 255 
-1.13717 -2.31601 -0.677242 190 190 190 255 
-1.11771 -2.27332 -0.788009 190 190 190 255 
-1.13717 -2.27321 -0.787809 190 190 190 255 
-1.09821 -2.13965 -1.10225 190 190 190 255 
-1.10801 -1.78585 -1.6177 190 190 190 255 
-1.10801 -1.58357 -1.81618 190 190 190 255 
-1.10801 -1.09676 -2.14553 190 190 190 255 
-1.08853 -0.796721 -2.26741 190 190 190 255 
-1.07908 -0.795269 -2.26328 190 190 190 255 
-1.08853 -0.635597 -2.31775 190 190 190 255 
-1.01547 2.30151 -0.289648 190 190 190 255 
-1.03247 2.34151 -0.277287 190 190 190 255 
-1.02262 2.34081 1.42693e-008 190 190 190 255 
-1.01547 -1.55724 -1.71942 190 190 190 255 
-1.01547 -1.30896 -1.91824 190 190 190 255 
-1.02241 -1.31958 -1.93292 190 190 190 255 
-1.01547 -1.52322 -1.74667 190 190 190 255 
-1.05311 -0.789388 -2.24654 190 190 190 255 
-1.05311 -1.08383 -2.12024 190 190 190 255 
-1.04554 -1.08052 -2.11377 190 190 190 255 
-1.04554 -1.33849 -1.96062 190 190 190 255 
-1.03864 -1.33409 -1.95417 190 190 190 255 
-1.03247 -1.54957 -1.77719 190 190 190 255 
-1.03247 -1.74751 -1.58297 190 190 190 255 
-1.02241 -1.53809 -1.76402 190 190 190 255 
-1.02241 -1.73456 -1.57123 190 190 190 255 
-1.01547 -1.58569 -1.69665 190 190 190 255 
-1.06996 -0.891361 2.22161 190 190 190 255 
-1.06996 -1.18193 2.08162 190 190 190 255 
-1.06127 -1.179 2.07646 190 190 190 255 
-1.06996 -1.32531 1.9934 190 190 190 255 
-1.06127 -1.32202 1.98846 190 190 190 255 
-1.06127 -1.46195 1.88797 190 190 190 255 
-1.06127 -1.96014 1.36366 190 190 190 255 
-1.06996 -1.96501 1.36705 190 190 190 255 
-1.06996 -2.06671 1.2078 190 190 190 255 
-1.06996 -2.15631 1.03943 190 190 190 255 
-1.06127 -2.15096 1.03686 190 190 190 255 
-1.06996 -2.23264 0.863356 190 190 190 255 
-1.06127 -2.28911 0.679488 190 190 190 255 
-1.06127 -2.36829 0.304801 190 190 190 255 
-1.06996 -2.39096 0.11579 190 190 190 255 
-1.06996 -2.35297 -0.440042 190 190 190 255 
-1.06127 -2.37385 -0.258022 190 190 190 255 
-1.06127 -2.34713 -0.438951 190 190 190 255 
-1.06127 -2.30752 -0.614059 190 190 190 255 
-1.06996 -2.31325 -0.615585 190 190 190 255 
-1.06996 -2.2617 -0.784088 190 190 190 255 
-1.06996 -2.19952 -0.944563 190 190 190 255 
-1.06996 -2.12799 -1.09625 190 190 190 255 
-1.06127 -2.12271 -1.09353 190 190 190 255 
-1.06996 -1.7741 -1.60706 190 190 190 255 
-1.06996 -1.57315 -1.80424 190 190 190 255 
-1.06127 -1.56925 -1.79977 190 190 190 255 
-1.06996 -1.34967 -1.97699 190 190 190 255 
-1.06127 -1.08685 -2.12614 190 190 190 255 
-1.06996 -1.08955 -2.13142 190 190 190 255 
-1.06127 -0.464018 -2.34231 190 190 190 255 
-1.06996 -0.111125 -2.39118 190 190 190 255 
-1.06996 0.0725099 -2.39266 190 190 190 255 
-1.06127 -0.110849 -2.38525 190 190 190 255 
-1.06996 0.258566 -2.37975 190 190 190 255 
-1.06127 0.257925 -2.37386 190 190 190 255 
-1.06127 0.444262 -2.34613 190 190 190 255 
-1.06996 0.63113 -2.30906 190 190 190 255 
-1.06127 0.629566 -2.30334 190 190 190 255 
-1.06127 0.812017 -2.24552 190 190 190 255 
-1.06996 0.992261 -2.17842 190 190 190 255 
-1.06127 0.989801 -2.17302 190 190 190 255 
-1.06996 1.16406 -2.09166 190 190 190 255 
-1.06127 1.16117 -2.08648 190 190 190 255 
-1.06127 1.32451 -1.9868 190 190 190 255 
-1.06996 1.48204 -1.87979 190 190 190 255 
-1.06127 1.47837 -1.87514 190 190 190 255 
-1.06127 1.62152 -1.75282 190 190 190 255 
-1.06127 1.75298 -1.62135 190 190 190 255 
-1.06996 1.87667 -1.486 190 190 190 255 
-1.06996 1.98311 -1.34066 190 190 190 255 
-1.06996 2.07645 -1.19098 190 190 190 255 
-1.06996 2.22425 -0.88477 190 190 190 255 
-1.06127 2.21873 -0.882577 190 190 190 255 
-1.06996 2.32278 -0.578609 190 190 190 255 
-1.06996 2.37715 -0.281507 190 190 190 255 
-1.07019 2.39338 1.42693e-008 190 190 190 255 
-1.397 1.93823 7.37804 190 190 190 255 
-1.57231 1.94993 7.25562 190 190 190 255 
-1.64253 1.85714 8.28925 190 190 190 255 
-1.397 1.79586 8.98245 190 190 190 255 
-1.70011 1.78106 9.13684 190 190 190 255 
-1.38465 1.95556 7.19715 190 190 190 255 
-1.38665 1.95452 7.20791 190 190 190 255 
-1.35107 1.97214 7.02623 190 190 190 255 
-1.29655 1.98836 6.86083 190 190 190 255 
-1.22204 2.00394 6.70379 190 190 190 255 
-1.14173 2.01696 6.57369 190 190 190 255 
-0.957823 2.03806 6.36534 190 190 190 255 
-1.43248 2.09922 5.78093 190 190 190 255 
-0.774517 2.05331 6.21637 190 190 190 255 
-0.30336 2.07413 6.01549 190 190 190 255 
-0.133794 2.07693 5.98859 190 190 190 255 
0.242479 2.07521 6.00512 190 190 190 255 
0.408961 2.07104 6.04514 190 190 190 255 
1.43181 2.09934 5.78094 190 190 190 255 
0.569181 2.0648 6.10518 190 190 190 255 
0.720991 2.05661 6.18446 190 190 190 255 
0.835083 2.04893 6.25904 190 190 190 255 
0.83902 2.04859 6.26236 190 190 190 255 
0.965904 2.03762 6.36959 190 190 190 255 
0.990577 2.03491 6.39627 190 190 190 255 
1.2351 2.00124 6.73099 190 190 190 255 
1.14541 2.01601 6.58322 190 190 190 255 
1.51418 2.01452 6.60586 190 190 190 255 
1.26476 1.99583 6.78522 190 190 190 255 
1.32796 1.98011 6.94469 190 190 190 255 
1.37118 1.9639 7.1109 190 190 190 255 
1.38636 1.95282 7.22579 190 190 190 255 
1.39372 1.94745 7.28144 190 190 190 255 
-1.70666 1.77021 9.28047 190 190 190 255 
-1.70871 1.76683 9.32529 190 190 190 255 
-1.397 1.56299 12.1956 190 190 190 255 
-1.75201 1.69518 10.274 190 190 190 255 
-1.81053 1.59837 11.5561 190 190 190 255 
-1.83214 1.55371 12.31 190 190 190 255 
-1.397 1.51499 12.8763 190 190 190 255 
1.397 1.32782 17.022 190 190 190 255 
1.1418 1.3046 17.8262 190 190 190 255 
1.69412 1.2978 18.0948 190 190 190 255 
1.79604 1.30324 17.8796 190 190 190 255 
1.29703 1.31244 17.5381 190 190 190 255 
1.3036 1.31284 17.5238 190 190 190 255 
1.90001 1.31232 17.5421 190 190 190 255 
1.35126 1.31717 17.3732 190 190 190 255 
1.92978 1.31805 17.3429 190 190 190 255 
1.38463 1.32223 17.203 190 190 190 255 
1.93672 1.32284 17.1836 190 190 190 255 
0.512648 1.2925 18.3181 190 190 190 255 
0.669864 1.29422 18.2444 190 190 190 255 
0.774528 1.29565 18.1837 190 190 190 255 
1.04076 1.28255 18.7819 190 190 190 255 
1.1554 1.28407 18.7063 190 190 190 255 
1.23494 1.28543 18.6409 190 190 190 255 
0.950488 1.29911 18.0418 190 190 190 255 
1.45385 1.28988 18.4338 190 190 190 255 
1.56445 1.29303 18.2952 190 190 190 255 
1.57993 1.29347 18.2759 190 190 190 255 
0.132829 1.29038 18.4115 190 190 190 255 
0.221476 1.27701 19.0731 190 190 190 255 
0.1772 1.29053 18.4045 190 190 190 255 
0.372855 1.27747 19.0478 190 190 190 255 
0.302749 1.29098 18.3847 190 190 190 255 
0.347791 1.29127 18.3717 190 190 190 255 
0.421661 1.27761 19.0396 190 190 190 255 
0.606817 1.27856 18.9884 190 190 190 255 
0.617396 1.27861 18.9854 190 190 190 255 
0.806211 1.28001 18.9113 190 190 190 255 
0.00413474 1.29028 18.4158 190 190 190 255 
-0.0126299 1.29027 18.4164 190 190 190 255 
-0.183834 1.27693 19.0771 190 190 190 255 
-0.348365 1.27737 19.0528 190 190 190 255 
-0.185069 1.29054 18.4042 190 190 190 255 
-0.209839 1.29059 18.402 190 190 190 255 
-0.378002 1.29141 18.3658 190 190 190 255 
-0.77116 1.27972 18.9268 190 190 190 255 
-0.808578 1.28007 18.9083 190 190 190 255 
-0.677259 1.29428 18.2417 190 190 190 255 
-0.694287 1.29447 18.2333 190 190 190 255 
-1.021 1.28231 18.794 190 190 190 255 
-1.12373 1.2836 18.7291 190 190 190 255 
-0.823576 1.2965 18.1483 190 190 190 255 
-0.838001 1.29673 18.1388 190 190 190 255 
-1.28252 1.28619 18.604 190 190 190 255 
-0.957174 1.29921 18.0375 190 190 190 255 
-1.07576 1.3024 17.9113 190 190 190 255 
-1.32945 1.31491 17.4508 190 190 190 255 
-1.32661 1.31471 17.458 190 190 190 255 
-1.26676 1.31041 17.6105 190 190 190 255 
-1.76208 1.30108 17.9628 190 190 190 255 
-1.68327 1.29738 18.1123 190 190 190 255 
-1.08505 1.30266 17.9012 190 190 190 255 
-1.55619 1.29272 18.3083 190 190 190 255 
-1.55241 1.29262 18.3129 190 190 190 255 
-1.84839 1.52016 12.8766 190 190 190 255 
-1.397 1.39555 15.4128 190 190 190 255 
-1.397 1.34755 16.4323 190 190 190 255 
-1.39405 1.32496 17.1137 190 190 190 255 
-1.93049 1.329 16.9848 190 190 190 255 
-1.39352 1.32483 17.1179 190 190 190 255 
-1.9373 1.32226 17.2022 190 190 190 255 
-1.91593 1.31527 17.4393 190 190 190 255 
1.92261 1.34958 16.4324 190 190 190 255 
1.397 1.34755 16.4323 190 190 190 255 
1.397 1.39555 15.4128 190 190 190 255 
1.87465 1.46686 13.7363 190 190 190 255 
1.397 1.47132 13.8037 190 190 190 255 
1.87198 1.4725 13.6393 190 190 190 255 
1.397 1.51499 12.8763 190 190 190 255 
1.397 1.56299 12.1956 190 190 190 255 
1.77994 1.65346 10.7703 190 190 190 255 
1.72747 1.73881 9.66211 190 190 190 255 
0.0374686 2.07755 5.98272 190 190 190 255 
0.521853 2.32209 3.79545 190 190 190 255 
0.293888 2.33905 3.65376 190 190 190 255 
-1.42385 2.10843 5.68996 190 190 190 255 
-1.39234 2.13565 5.44399 190 190 190 255 
0.09189 2.35653 3.50867 190 190 190 255 
0.00269101 2.36679 3.42409 190 190 190 255 
-1.25102 2.25605 4.36048 190 190 190 255 
-0.0187523 2.36926 3.40376 190 190 190 255 
-0.152758 2.39157 3.22159 190 190 190 255 
-0.185578 2.39822 3.16748 190 190 190 255 
-1.10206 2.36003 3.48147 190 190 190 255 
-0.7112 2.413 3.048 190 190 190 255 
-2.60078 0.380462 6.86968 190 190 190 255 
-2.60013 0.364254 6.92103 190 190 190 255 
-2.36533 -0.122039 7.21195 190 190 190 255 
-2.36894 -0.109556 7.19048 190 190 190 255 
-2.3657 -0.119939 7.20696 190 190 190 255 
-2.36754 -0.113483 7.19567 190 190 190 255 
-2.59832 0.358471 6.93021 190 190 190 255 
-2.59598 0.351927 6.93887 190 190 190 255 
-2.62792 0.381 7.02544 190 190 190 255 
-2.57768 0.31112 6.97143 190 190 190 255 
-2.36645 -0.116952 7.20118 190 190 190 255 
-1.25588 -0.0953327 7.17717 190 190 190 255 
-2.37992 -0.0850722 7.17094 190 190 190 255 
-1.25713 -0.1052 7.18564 190 190 190 255 
-2.37066 -0.1052 7.18564 190 190 190 255 
-2.37268 -0.100448 7.18119 190 190 190 255 
-2.37498 -0.0953327 7.17717 190 190 190 255 
-1.25853 -0.113483 7.19567 190 190 190 255 
-2.36336 -0.125802 7.22554 190 190 190 255 
-1.26291 -0.126677 7.23199 190 190 190 255 
-2.36327 -0.125974 7.25146 190 190 190 255 
-1.26422 -0.126763 7.245 190 190 190 255 
-1.26539 -0.124636 7.25783 190 190 190 255 
-1.26638 -0.120357 7.27012 190 190 190 255 
-2.36772 -0.117447 7.27594 190 190 190 255 
-2.3695 -0.114051 7.28149 190 190 190 255 
-1.26782 -0.105902 7.29163 190 190 190 255 
-1.2683 -0.0961479 7.30024 190 190 190 255 
-1.26863 -0.085072 7.30706 190 190 190 255 
-2.38462 -0.0850722 7.93294 190 190 190 255 
-1.27 -0.0960856 7.93972 190 190 190 255 
-2.37887 -0.0960856 7.93972 190 190 190 255 
-2.37381 -0.105795 7.94826 190 190 190 255 
-2.36956 -0.113921 7.95831 190 190 190 255 
-2.36501 -0.122643 7.9756 190 190 190 255 
-2.36331 -0.125903 7.98812 190 190 190 255 
-2.36288 -0.126725 7.99454 190 190 190 255 
-1.27 -0.126725 7.99454 190 190 190 255 
-1.27 -0.126725 8.00747 190 190 190 255 
-2.36402 -0.124539 8.02021 190 190 190 255 
-2.36501 -0.122643 8.0264 190 190 190 255 
-1.27 -0.124539 8.02021 190 190 190 255 
-2.36779 -0.117315 8.03818 190 190 190 255 
-1.27 -0.113921 8.04369 190 190 190 255 
-2.36956 -0.113921 8.04369 190 190 190 255 
-2.37381 -0.105795 8.05375 190 190 190 255 
-1.27 -0.105795 8.05375 190 190 190 255 
-1.27 -0.0850722 8.06906 190 190 190 255 
-2.37887 -0.0960856 8.70172 190 190 190 255 
-1.27 -0.105795 8.71025 190 190 190 255 
-2.36402 -0.124539 8.74379 190 190 190 255 
-1.27 -0.12023 8.7316 190 190 190 255 
-2.36627 -0.12023 8.7316 190 190 190 255 
-1.27 -0.113921 8.72031 190 190 190 255 
-2.36956 -0.113921 8.72031 190 190 190 255 
-2.36331 -0.125903 8.75012 190 190 190 255 
-2.36288 -0.126725 8.75653 190 190 190 255 
-2.36274 -0.127 8.763 190 190 190 255 
-2.36331 -0.125903 8.77588 190 190 190 255 
-1.27 -0.12023 8.7944 190 190 190 255 
-1.27 -0.113921 8.80569 190 190 190 255 
-1.27 -0.105795 8.81574 190 190 190 255 
-2.38462 -0.0850722 8.83106 190 190 190 255 
-2.36331 -0.125903 9.51212 190 190 190 255 
-2.38462 -0.0850722 9.45694 190 190 190 255 
-1.27 -0.0850722 9.45694 190 190 190 255 
-1.27 -0.0960856 9.46372 190 190 190 255 
-2.37887 -0.0960856 9.46372 190 190 190 255 
-2.37381 -0.105795 9.47226 190 190 190 255 
-1.27 -0.113921 9.48231 190 190 190 255 
-2.36956 -0.113921 9.48231 190 190 190 255 
-2.36779 -0.117315 9.48782 190 190 190 255 
-2.36288 -0.126725 9.51853 190 190 190 255 
-1.27 -0.126725 9.53147 190 190 190 255 
-2.36274 -0.127 9.525 190 190 190 255 
-1.27 -0.124539 9.54421 190 190 190 255 
-2.36627 -0.12023 9.5564 190 190 190 255 
-1.27 -0.0960856 9.58628 190 190 190 255 
-2.37887 -0.0960856 9.58628 190 190 190 255 
-2.38462 -0.0850722 10.2189 190 190 190 255 
-1.27 -0.0960856 10.2257 190 190 190 255 
-2.37887 -0.0960856 10.2257 190 190 190 255 
-2.37381 -0.105795 10.2343 190 190 190 255 
-2.36956 -0.113921 10.2443 190 190 190 255 
-1.27 -0.12023 10.2556 190 190 190 255 
-2.36627 -0.12023 10.2556 190 190 190 255 
-1.27 -0.124539 10.2678 190 190 190 255 
-2.36288 -0.126725 10.2805 190 190 190 255 
-2.36274 -0.127 10.287 190 190 190 255 
-2.36288 -0.126725 10.2935 190 190 190 255 
-1.27 -0.126725 10.2935 190 190 190 255 
-1.27 -0.124539 10.3062 190 190 190 255 
-2.36501 -0.122643 10.3124 190 190 190 255 
-2.36627 -0.12023 10.3184 190 190 190 255 
-2.36779 -0.117315 10.3242 190 190 190 255 
-1.27 -0.113921 10.3297 190 190 190 255 
-2.36956 -0.113921 10.3297 190 190 190 255 
-1.27 -0.105795 10.3397 190 190 190 255 
-2.37381 -0.105795 10.3397 190 190 190 255 
-2.37887 -0.0960856 10.3483 190 190 190 255 
-1.27 -0.0850722 10.3551 190 190 190 255 
-1.27 -0.0850722 10.9809 190 190 190 255 
-1.27 -0.105795 10.9963 190 190 190 255 
-2.37381 -0.105795 10.9963 190 190 190 255 
-1.27 -0.12023 11.0176 190 190 190 255 
-2.36956 -0.113921 11.0063 190 190 190 255 
-1.27 -0.124539 11.0298 190 190 190 255 
-2.36288 -0.126725 11.0425 190 190 190 255 
-2.36274 -0.127 11.049 190 190 190 255 
-1.27 -0.126725 11.0425 190 190 190 255 
-1.27 -0.126725 11.0555 190 190 190 255 
-2.36402 -0.124539 11.0682 190 190 190 255 
-1.27 -0.124539 11.0682 190 190 190 255 
-2.36501 -0.122643 11.0744 190 190 190 255 
-1.27 -0.12023 11.0804 190 190 190 255 
-2.36956 -0.113921 11.0917 190 190 190 255 
-1.27 -0.0850722 11.1171 190 190 190 255 
-2.37887 -0.0960856 11.1103 190 190 190 255 
-1.27 -0.0960856 11.7497 190 190 190 255 
-2.37381 -0.105795 11.7583 190 190 190 255 
-1.27 -0.12023 11.7796 190 190 190 255 
-2.36627 -0.12023 11.7796 190 190 190 255 
-1.27 -0.113921 11.7683 190 190 190 255 
-2.36779 -0.117315 11.7738 190 190 190 255 
-1.27 -0.124539 11.7918 190 190 190 255 
-2.36274 -0.127 11.811 190 190 190 255 
-2.36331 -0.125903 11.8239 190 190 190 255 
-1.27 -0.124539 11.8302 190 190 190 255 
-1.27 -0.113921 11.8537 190 190 190 255 
-2.36956 -0.113921 11.8537 190 190 190 255 
-1.27 -0.105795 11.8637 190 190 190 255 
-2.37381 -0.105795 11.8637 190 190 190 255 
-2.37887 -0.0960856 11.8723 190 190 190 255 
-2.36402 -0.124539 12.5538 190 190 190 255 
-1.27 -0.105795 12.5203 190 190 190 255 
-2.37381 -0.105795 12.5203 190 190 190 255 
-1.27 -0.113921 12.5303 190 190 190 255 
-1.27 -0.12023 12.5416 190 190 190 255 
-2.36779 -0.117315 12.5358 190 190 190 255 
-2.36331 -0.125903 12.5601 190 190 190 255 
-1.27 -0.124539 12.5538 190 190 190 255 
-2.36288 -0.126725 12.5665 190 190 190 255 
-2.36274 -0.127 12.573 190 190 190 255 
-1.27 -0.126725 12.5795 190 190 190 255 
-2.36331 -0.125903 12.5859 190 190 190 255 
-1.27 -0.124539 12.5922 190 190 190 255 
-1.27 -0.12023 12.6044 190 190 190 255 
-1.27 -0.113921 12.6157 190 190 190 255 
-2.36956 -0.113921 12.6157 190 190 190 255 
-2.37381 -0.105795 12.6257 190 190 190 255 
-1.27 -0.105795 12.6257 190 190 190 255 
-1.27 -0.0850722 12.6411 190 190 190 255 
-2.36402 -0.124539 13.3158 190 190 190 255 
-2.38462 -0.0850722 13.2669 190 190 190 255 
-1.27 -0.0960856 13.2737 190 190 190 255 
-1.27 -0.105795 13.2823 190 190 190 255 
-2.37887 -0.0960856 13.2737 190 190 190 255 
-1.27 -0.113921 13.2923 190 190 190 255 
-2.36956 -0.113921 13.2923 190 190 190 255 
-1.27 -0.124539 13.3158 190 190 190 255 
-2.36779 -0.117315 13.2978 190 190 190 255 
-2.36331 -0.125903 13.3221 190 190 190 255 
-1.27 -0.126725 13.3285 190 190 190 255 
-2.36274 -0.127 13.335 190 190 190 255 
-1.27 -0.124539 13.3542 190 190 190 255 
-2.36402 -0.124539 13.3542 190 190 190 255 
-2.36501 -0.122643 13.3604 190 190 190 255 
-2.36627 -0.12023 13.3664 190 190 190 255 
-1.27 -0.12023 13.3664 190 190 190 255 
-1.27 -0.113921 13.3777 190 190 190 255 
-1.27 -0.0960856 13.3963 190 190 190 255 
-2.37887 -0.0960856 13.3963 190 190 190 255 
-2.36331 -0.125903 14.0841 190 190 190 255 
-1.27 -0.124539 14.0778 190 190 190 255 
-1.27 -0.0960856 14.0357 190 190 190 255 
-2.37887 -0.0960856 14.0357 190 190 190 255 
-1.27 -0.105795 14.0443 190 190 190 255 
-1.27 -0.113921 14.0543 190 190 190 255 
-2.36956 -0.113921 14.0543 190 190 190 255 
-2.36402 -0.124539 14.0778 190 190 190 255 
-1.27 -0.12023 14.0656 190 190 190 255 
-2.36627 -0.12023 14.0656 190 190 190 255 
-1.27 -0.126725 14.1035 190 190 190 255 
-2.36402 -0.124539 14.1162 190 190 190 255 
-1.27 -0.124539 14.1162 190 190 190 255 
-2.36501 -0.122643 14.1224 190 190 190 255 
-1.27 -0.12023 14.1284 190 190 190 255 
-2.36956 -0.113921 14.1397 190 190 190 255 
-1.27 -0.113921 14.1397 190 190 190 255 
-2.37381 -0.105795 14.1497 190 190 190 255 
-1.27 -0.0960856 14.1583 190 190 190 255 
-1.27 -0.0850722 14.1651 190 190 190 255 
-2.36331 -0.125903 14.8461 190 190 190 255 
-2.37887 -0.0960856 14.7977 190 190 190 255 
-1.27 -0.0960856 14.7977 190 190 190 255 
-1.27 -0.12023 14.8276 190 190 190 255 
-2.36627 -0.12023 14.8276 190 190 190 255 
-1.27 -0.113921 14.8163 190 190 190 255 
-2.36956 -0.113921 14.8163 190 190 190 255 
-1.27 -0.124539 14.8398 190 190 190 255 
-2.36274 -0.127 14.859 190 190 190 255 
-2.36331 -0.125903 14.8719 190 190 190 255 
-1.27 -0.124539 14.8782 190 190 190 255 
-2.36627 -0.12023 14.8904 190 190 190 255 
-2.36956 -0.113921 14.9017 190 190 190 255 
-2.37381 -0.105795 14.9117 190 190 190 255 
-1.27 -0.105795 14.9117 190 190 190 255 
-2.37887 -0.0960856 14.9203 190 190 190 255 
-2.36331 -0.125903 15.6081 190 190 190 255 
-2.36402 -0.124539 15.6018 190 190 190 255 
-1.27 -0.124539 15.6018 190 190 190 255 
-2.38462 -0.0850722 15.5529 190 190 190 255 
-2.37887 -0.0960856 15.5597 190 190 190 255 
-2.37381 -0.105795 15.5683 190 190 190 255 
-2.36956 -0.113921 15.5783 190 190 190 255 
-2.36274 -0.127 15.621 190 190 190 255 
-1.27 -0.126725 15.6145 190 190 190 255 
-1.27 -0.126725 15.6275 190 190 190 255 
-2.36288 -0.126725 15.6275 190 190 190 255 
-2.36402 -0.124539 15.6402 190 190 190 255 
-2.36501 -0.122643 15.6464 190 190 190 255 
-2.36627 -0.12023 15.6524 190 190 190 255 
-1.27 -0.12023 15.6524 190 190 190 255 
-1.27 -0.113921 15.6637 190 190 190 255 
-2.36956 -0.113921 15.6637 190 190 190 255 
-2.37381 -0.105795 15.6737 190 190 190 255 
-2.37887 -0.0960856 15.6823 190 190 190 255 
-1.27 -0.0850722 15.6891 190 190 190 255 
-1.27 -0.0960856 16.3217 190 190 190 255 
-2.37887 -0.0960856 16.3217 190 190 190 255 
-2.37381 -0.105795 16.3303 190 190 190 255 
-1.27 -0.124539 16.3638 190 190 190 255 
-2.36501 -0.122643 16.3576 190 190 190 255 
-2.36779 -0.117315 16.3458 190 190 190 255 
-1.27 -0.113921 16.3403 190 190 190 255 
-2.36331 -0.125903 16.3701 190 190 190 255 
-2.36274 -0.127 16.383 190 190 190 255 
-2.36288 -0.126725 16.3895 190 190 190 255 
-2.36331 -0.125903 16.3959 190 190 190 255 
-1.27 -0.124539 16.4022 190 190 190 255 
-2.36501 -0.122643 16.4084 190 190 190 255 
-1.27 -0.12023 16.4144 190 190 190 255 
-2.36627 -0.12023 16.4144 190 190 190 255 
-1.27 -0.113921 16.4257 190 190 190 255 
-2.37381 -0.105795 16.4357 190 190 190 255 
-2.38327 -0.0876725 17.0783 190 190 190 255 
-1.26863 -0.0850726 17.0769 190 190 190 255 
-2.36917 -0.114668 17.1034 190 190 190 255 
-1.26775 -0.10708 17.0936 190 190 190 255 
-1.26822 -0.0980014 17.0852 190 190 190 255 
-2.37787 -0.0980014 17.0852 190 190 190 255 
-1.26857 -0.0876725 17.0783 190 190 190 255 
-2.36848 -0.119919 17.1147 190 190 190 255 
-1.26539 -0.124612 17.1261 190 190 190 255 
-2.36827 -0.123477 17.1263 190 190 190 255 
-1.26429 -0.126705 17.1383 190 190 190 255 
-2.36843 -0.125747 17.1385 190 190 190 255 
-1.26305 -0.126787 17.1507 190 190 190 255 
-2.36867 -0.126576 17.1507 190 190 190 255 
-1.2617 -0.124856 17.1629 190 190 190 255 
-2.37122 -0.120833 17.1747 190 190 190 255 
-1.26029 -0.120964 17.1747 190 190 190 255 
-2.37175 -0.119697 17.1776 190 190 190 255 
-1.25888 -0.115213 17.1857 190 190 190 255 
-2.37757 -0.107636 17.1955 190 190 190 255 
-1.25752 -0.107756 17.1956 190 190 190 255 
-2.37829 -0.106156 17.1974 190 190 190 255 
-2.38195 -0.0986749 17.2041 190 190 190 255 
-1.25628 -0.0987899 17.2042 190 190 190 255 
-2.38291 -0.0967247 17.2058 190 190 190 255 
-2.25822 0.864863 4.87838 190 190 190 255 
-2.30526 0.70896 5.15155 190 190 190 255 
-2.33165 0.481013 5.30486 190 190 190 255 
-2.4825 0.868597 6.18083 190 190 190 255 
-2.39782 1.03275 5.68903 190 190 190 255 
-2.24032 0.884645 4.77435 190 190 190 255 
-2.49914 0.836337 6.27748 190 190 190 255 
-2.55609 0.691949 6.60829 190 190 190 255 
-2.27538 0.828769 4.97792 190 190 190 255 
-2.28463 1.20331 5.03164 190 190 190 255 
-2.28627 0.796895 5.04121 190 190 190 255 
-2.29122 0.776379 5.06996 190 190 190 255 
-2.59909 0.381 6.858 190 190 190 255 
-2.59883 0.557256 6.8565 190 190 190 255 
-2.22957 0.889 4.71183 190 190 190 255 
-2.20572 1.3067 4.57329 190 190 190 255 
-1.9431 0.254 3.048 190 190 190 255 
-1.9431 1.57276 3.048 190 190 190 255 
-1.9431 1.58043 1.42693e-008 190 190 190 255 
-1.9431 -0.722349 -1.40569 190 190 190 255 
-1.9431 -0.5715 -0.989867 190 190 190 255 
-1.9431 -0.701232 -1.41453 190 190 190 255 
-1.9431 -0.390929 -1.07407 190 190 190 255 
-1.9431 -0.494624 -1.50103 190 190 190 255 
-1.9431 -0.19848 -1.12564 190 190 190 255 
-1.9431 -0.734706 0.875589 190 190 190 255 
-1.9431 -0.289257 -1.54969 190 190 190 255 
-1.9431 -2.1684e-016 -1.143 190 190 190 255 
-1.9431 0.779687 -1.37471 190 190 190 255 
-1.9431 0.5715 -0.989867 190 190 190 255 
-1.9431 0.390929 -1.07407 190 190 190 255 
-1.9431 1.07407 0.390929 190 190 190 255 
-1.9431 0.19848 1.12564 190 190 190 255 
-1.9431 0.390929 1.07407 190 190 190 255 
-1.9431 0.5715 0.989867 190 190 190 255 
-1.9431 0 1.143 190 190 190 255 
-1.9431 -0.390929 1.07407 190 190 190 255 
-1.9431 -0.437271 1.51472 190 190 190 255 
-1.9431 -0.813259 1.35204 190 190 190 255 
-1.9431 -1.51928 0.418223 190 190 190 255 
-1.9431 -1.12564 0.19848 190 190 190 255 
-1.9431 0.542882 -1.48426 190 190 190 255 
-1.9431 0.42712 -1.51579 190 190 190 255 
-1.9431 0.284879 -1.55454 190 190 190 255 
-1.9431 1.57346 -0.148166 190 190 190 255 
-1.9431 1.56714 -0.184814 190 190 190 255 
-1.9431 1.07407 -0.390929 190 190 190 255 
-1.9431 -1.31234 0.870268 190 190 190 255 
-1.9431 -1.22838 0.994398 190 190 190 255 
-1.9431 -1.1642 1.06141 190 190 190 255 
-1.9431 -1.49008 0.526694 190 190 190 255 
-1.9431 -1.43269 0.653731 190 190 190 255 
-1.9431 -0.989867 0.5715 190 190 190 255 
-1.9431 -1.38014 0.770041 190 190 190 255 
-1.9431 1.53219 -0.387487 190 190 190 255 
-1.9431 1.45349 -0.620584 190 190 190 255 
-1.9431 1.23845 -0.974087 190 190 190 255 
-1.9431 -1.54379 -0.31526 190 190 190 255 
-1.9431 -1.143 1.42693e-008 190 190 190 255 
-1.9431 -0.989867 -0.5715 190 190 190 255 
-1.9431 -1.41304 -0.707867 190 190 190 255 
-1.9431 -1.07407 -0.390929 190 190 190 255 
-1.9431 -1.28202 -0.923398 190 190 190 255 
-1.9431 -0.872072 -1.31331 190 190 190 255 
-1.9431 -0.932307 -1.27615 190 190 190 255 
-1.0258 2.29627 0.622881 190 190 190 255 
-1.02821 2.31233 0.585433 190 190 190 255 
-1.03026 2.30587 0.772511 190 190 190 255 
-1.0296 2.29745 0.772511 190 190 190 255 
-1.03106 2.3092 0.772511 190 190 190 255 
-1.02928 2.30515 0.681555 190 190 190 255 
-1.04254 2.34366 0.772511 190 190 190 255 
-1.03492 2.32524 0.772511 190 190 190 255 
-1.07112 2.38152 0.680798 190 190 190 255 
-1.05296 2.36065 0.772511 190 190 190 255 
-1.04597 2.35142 0.681253 190 190 190 255 
-1.07642 2.38479 0.772511 190 190 190 255 
-1.0659 2.3758 0.772511 190 190 190 255 
-1.11645 2.40678 0.772511 190 190 190 255 
-1.1162 2.40699 0.679982 190 190 190 255 
-1.10993 2.40408 0.772511 190 190 190 255 
-1.09804 2.39916 0.772511 190 190 190 255 
-1.12175 2.40806 0.772511 190 190 190 255 
-1.14034 2.41217 0.679544 190 190 190 255 
-1.13583 2.41144 0.772511 190 190 190 255 
-1.15215 2.41297 0.679331 190 190 190 255 
-1.14497 2.413 0.387224 190 190 190 255 
-1.13933 2.413 0.193469 190 190 190 255 
-1.12683 2.41236 0.193762 190 190 190 255 
-1.12022 2.41186 1.42693e-008 190 190 190 255 
-1.11442 2.41059 1.42693e-008 190 190 190 255 
-1.05595 2.38161 0.195418 190 190 190 255 
-1.06237 2.38863 1.42693e-008 190 190 190 255 
-1.13792 2.41277 0.387503 190 190 190 255 
-1.12548 2.4114 0.387955 190 190 190 255 
-1.11299 2.40875 0.388408 190 190 190 255 
-1.11419 2.41045 0.194057 190 190 190 255 
-1.10161 2.40721 0.194351 190 190 190 255 
-1.0893 2.40264 0.194639 190 190 190 255 
-1.06628 2.38974 0.195176 190 190 190 255 
-1.04777 2.36696 0.390776 190 190 190 255 
-1.04661 2.37256 0.195636 190 190 190 255 
-1.03129 2.3524 0.195994 190 190 190 255 
-1.02071 2.33076 0.196242 190 190 190 255 
-1.02541 2.34167 0.196132 190 190 190 255 
-1.02245 2.34038 1.42693e-008 190 190 190 255 
-1.03257 2.35802 1.42693e-008 190 190 190 255 
-1.03791 2.36449 1.42693e-008 190 190 190 255 
-1.03837 2.36275 0.195829 190 190 190 255 
-1.03901 2.36583 1.42693e-008 190 190 190 255 
-1.03001 2.32987 0.488636 190 190 190 255 
-1.03121 2.32383 0.585342 190 190 190 255 
-1.04799 2.36274 0.487988 190 190 190 255 
-1.07435 2.38617 0.584037 190 190 190 255 
-1.08517 2.39373 0.583709 190 190 190 255 
-1.0874 2.39698 0.486566 190 190 190 255 
-1.09666 2.4001 0.583362 190 190 190 255 
-1.1086 2.4052 0.583 190 190 190 255 
-1.12375 2.41044 0.485254 190 190 190 255 
-1.1208 2.40901 0.582631 190 190 190 255 
-1.13612 2.41233 0.484807 190 190 190 255 
-1.13306 2.41152 0.58226 190 190 190 255 
-1.15039 2.413 0.581724 190 190 190 255 
-1.15311 2.413 0.679349 190 190 190 255 
-1.14536 2.41219 0.772511 190 190 190 255 
-1.15109 2.413 0.606975 190 190 190 255 
-1.14519 2.4128 0.581892 190 190 190 255 
-1.12829 2.4102 0.679762 190 190 190 255 
-1.10423 2.40249 0.680198 190 190 190 255 
-1.09259 2.39671 0.680409 190 190 190 255 
-1.08149 2.38969 0.68061 190 190 190 255 
-1.06437 2.37751 0.584339 190 190 190 255 
-1.06165 2.3723 0.680969 190 190 190 255 
-1.05323 2.36221 0.681122 190 190 190 255 
-1.05539 2.36792 0.584611 190 190 190 255 
-1.04752 2.35756 0.584849 190 190 190 255 
-1.03993 2.34012 0.681362 190 190 190 255 
-1.04085 2.34663 0.58505 190 190 190 255 
-1.03515 2.32852 0.681449 190 190 190 255 
-1.03541 2.33532 0.585215 190 190 190 255 
-1.03162 2.3168 0.681513 190 190 190 255 
-1.02694 2.29225 0.681497 190 190 190 255 
-1.02436 2.32372 0.391626 190 190 190 255 
-1.0209 2.31363 0.370041 190 190 190 255 
-1.01793 2.31836 0.168076 190 190 190 255 
-1.0196 2.333 1.42693e-008 190 190 190 255 
-1.01547 2.32228 1.42693e-008 190 190 190 255 
-1.08054 2.39967 1.42693e-008 190 190 190 255 
-1.07745 2.39679 0.194916 190 190 190 255 
-1.08869 2.40292 1.42693e-008 190 190 190 255 
-1.08945 2.40323 1.42693e-008 190 190 190 255 
-1.02507 2.29885 0.585367 190 190 190 255 
-1.0232 2.30548 0.488742 190 190 190 255 
-1.14602 2.413 0.424774 190 190 190 255 
-1.11137 2.40726 0.485701 190 190 190 255 
-1.09919 2.40276 0.48614 190 190 190 255 
-1.10062 2.40478 0.388857 190 190 190 255 
-1.0886 2.3995 0.389294 190 190 190 255 
-1.07622 2.38996 0.486969 190 190 190 255 
-1.06582 2.38182 0.487344 190 190 190 255 
-1.07713 2.39296 0.38971 190 190 190 255 
-1.05636 2.37269 0.487685 190 190 190 255 
-1.06639 2.38527 0.390099 190 190 190 255 
-1.05656 2.37655 0.390457 190 190 190 255 
-1.04078 2.35216 0.488248 190 190 190 255 
-1.04012 2.3567 0.391054 190 190 190 255 
-1.03478 2.34114 0.488464 190 190 190 255 
-1.03366 2.34594 0.391288 190 190 190 255 
-1.02842 2.33489 0.391479 190 190 190 255 
-1.02643 2.31854 0.488765 190 190 190 255 
-1.02132 2.31215 0.391702 190 190 190 255 
-1.0287 2.286 1.90898 190 190 190 255 
-1.0287 1.58066 1.81681 190 190 190 255 
-1.0287 1.47592 1.90898 190 190 190 255 
-1.0287 1.94056 1.43416 190 190 190 255 
-1.0287 2.13452 1.12534 190 190 190 255 
-1.0287 1.70597 1.70653 190 190 190 255 
-1.0287 1.71533 1.69566 190 190 190 255 
-0.395709 -0.381 2.44866 190 190 190 255 
-0.398524 -0.1778 2.46813 190 190 190 255 
-0.406428 -0.381 2.502 190 190 190 255 
-0.454133 -0.381 2.59934 190 190 190 255 
-0.426095 -0.381 2.55272 190 190 190 255 
-0.489719 -0.381 2.64049 190 190 190 255 
-0.507115 -0.1778 2.65622 190 190 190 255 
-0.490553 -0.1778 2.63966 190 190 190 255 
-0.467981 -0.1778 2.61709 190 190 190 255 
-0.55245 -0.1778 2.68796 190 190 190 255 
-0.531807 -0.381 2.67496 190 190 190 255 
-0.579162 -0.381 2.70174 190 190 190 255 
-0.630394 -0.381 2.72004 190 190 190 255 
-0.683999 -0.381 2.72933 190 190 190 255 
-0.7112 -0.1778 2.7305 190 190 190 255 
-0.684104 -0.1778 2.72813 190 190 190 255 
-0.792006 -0.381 2.72004 190 190 190 255 
-0.738401 -0.381 2.72933 190 190 190 255 
-0.766333 -0.1778 2.72568 190 190 190 255 
-0.738296 -0.1778 2.72813 190 190 190 255 
-0.819791 -0.1778 2.71135 190 190 190 255 
-0.843238 -0.381 2.70174 190 190 190 255 
-0.86995 -0.1778 2.68796 190 190 190 255 
-0.890593 -0.381 2.67496 190 190 190 255 
-0.88991 -0.1778 2.67399 190 190 190 255 
-0.932681 -0.381 2.64049 190 190 190 255 
-0.954419 -0.1778 2.61709 190 190 190 255 
-0.996305 -0.381 2.55272 190 190 190 255 
-0.968267 -0.381 2.59934 190 190 190 255 
-1.01597 -0.381 2.502 190 190 190 255 
-1.02669 -0.381 2.44866 190 190 190 255 
-1.02559 -0.1778 2.44856 190 190 190 255 
-1.00955 -0.1778 2.52159 190 190 190 255 
-1.01547 -0.953279 2.11083 190 190 190 255 
-1.01547 -1.48846 1.77391 190 190 190 255 
-1.01547 -1.90224 1.32363 190 190 190 255 
-0.406935 -0.768571 -2.18784 190 190 190 255 
-0.410467 -0.820717 -2.16056 190 190 190 255 
-0.406935 -1.89997 -1.32815 190 190 190 255 
-1.01121 -0.163905 2.30378 190 190 190 255 
-1.02869 -0.174464 2.40435 190 190 190 255 
-1.02834 -0.381 2.39796 190 190 190 255 
-1.02755 -0.381 2.37367 190 190 190 255 
-1.0287 -0.175578 2.40679 190 190 190 255 
-1.02558 -0.169122 2.36757 190 190 190 255 
-1.02596 -0.381 2.3428 190 190 190 255 
-1.01963 -0.381 2.31144 190 190 190 255 
-1.01248 -0.441035 2.26788 190 190 190 255 
-1.01061 -0.163745 2.30153 190 190 190 255 
-0.983228 -0.160737 2.24519 190 190 190 255 
-0.991352 -0.16134 2.25784 190 190 190 255 
-0.998877 -0.16228 2.27492 190 190 190 255 
-0.983949 -0.429775 2.20906 190 190 190 255 
-0.917463 -0.15726 2.16706 190 190 190 255 
-0.930147 -0.15768 2.17737 190 190 190 255 
-0.942816 -0.41934 2.15542 190 190 190 255 
-0.918005 -0.414806 2.13211 190 190 190 255 
-0.890942 -0.410831 2.11168 190 190 190 255 
-0.871925 -0.155961 2.13461 190 190 190 255 
-0.8016 -0.402689 2.06983 190 190 190 255 
-0.821319 -0.155056 2.11039 190 190 190 255 
-0.862148 -0.40747 2.09441 190 190 190 255 
-0.756973 -0.1545 2.09312 190 190 190 255 
-0.770762 -0.154594 2.09624 190 190 190 255 
-0.7112 -0.400179 2.05693 190 190 190 255 
-0.7112 -0.154424 2.0898 190 190 190 255 
-0.621059 -0.154831 2.10379 190 190 190 255 
-0.550063 -0.155926 2.13388 190 190 190 255 
-0.480038 -0.158236 2.19059 190 190 190 255 
-0.411895 -0.163988 2.30402 190 190 190 255 
-0.406935 -0.381 2.29082 190 190 190 255 
-0.411361 -0.164092 2.30565 190 190 190 255 
-0.402736 -0.165769 2.33191 190 190 190 255 
-0.398455 -0.168141 2.35784 190 190 190 255 
-0.396267 -0.381 2.34275 190 190 190 255 
-0.3937 -0.175542 2.40661 190 190 190 255 
-0.395029 -0.381 2.37368 190 190 190 255 
-0.393806 -0.173025 2.39858 190 190 190 255 
-0.406935 -0.442686 2.27617 190 190 190 255 
-0.406935 -0.584443 2.2425 190 190 190 255 
-0.410467 -0.605335 2.23051 190 190 190 255 
-0.406935 -0.689761 2.21749 190 190 190 255 
-0.406935 -0.777611 2.1829 190 190 190 255 
-0.406935 -0.86247 2.1495 190 190 190 255 
-0.410467 -0.951151 2.10639 190 190 190 255 
-0.406935 -0.95445 2.11329 190 190 190 255 
-0.410467 -1.12971 2.01627 190 190 190 255 
-0.406935 -1.13199 2.0205 190 190 190 255 
-0.410467 -1.48564 1.77044 190 190 190 255 
-0.406935 -1.48899 1.7742 190 190 190 255 
-0.410467 -1.65621 1.612 190 190 190 255 
-0.406935 -1.67496 1.60042 190 190 190 255 
-0.406935 -1.66031 1.61616 190 190 190 255 
-0.406935 -2.08533 1.00527 190 190 190 255 
-0.406935 -2.00399 1.17105 190 190 190 255 
-0.410467 -1.96154 1.22227 190 190 190 255 
-0.406935 -1.96684 1.22532 190 190 190 255 
-0.406935 -1.90051 1.32225 190 190 190 255 
-0.406935 -2.27088 0.479496 190 190 190 255 
-0.406935 -2.27021 0.481815 190 190 190 255 
-0.410467 -2.26081 0.479931 190 190 190 255 
-0.406935 -2.21903 0.658741 190 190 190 255 
-0.410467 -2.18805 0.744317 190 190 190 255 
-0.406935 -2.19365 0.74647 190 190 190 255 
-0.406935 -2.17134 0.823589 190 190 190 255 
-0.410467 -2.30209 0.204902 190 190 190 255 
-0.406935 -2.2956 0.295521 190 190 190 255 
-0.406935 -2.30636 0.205079 190 190 190 255 
-0.406935 -2.32077 0.0839783 190 190 190 255 
-0.406935 -2.276 -0.425463 190 190 190 255 
-0.406935 -2.22355 -0.669961 190 190 190 255 
-0.410467 -2.22501 -0.625236 190 190 190 255 
-0.406935 -2.23264 -0.627583 190 190 190 255 
-0.406935 -2.12691 -0.913611 190 190 190 255 
-0.410467 -2.13549 -0.883894 190 190 190 255 
-0.406935 -2.07829 -1.03621 190 190 190 255 
-0.406935 -1.55506 -1.71698 190 190 190 255 
-0.410467 -1.55136 -1.71315 190 190 190 255 
-0.406935 -1.63791 -1.64629 190 190 190 255 
-0.406935 -1.00725 -2.08956 190 190 190 255 
-0.406935 -0.612827 -2.23414 190 190 190 255 
-0.406935 -0.450292 -2.27398 190 190 190 255 
-0.406935 -0.107276 -2.31338 190 190 190 255 
-0.406935 -5.91697e-009 -2.32229 190 190 190 255 
-1.01547 -0.281939 -2.3025 190 190 190 255 
-1.01193 -0.30513 -2.29096 190 190 190 255 
-1.01547 -0.61362 -2.23707 190 190 190 255 
-1.01193 -0.642352 -2.22013 190 190 190 255 
-1.01547 -0.76783 -2.18555 190 190 190 255 
-1.01193 -1.00344 -2.08199 190 190 190 255 
-1.01547 -1.00691 -2.0896 190 190 190 255 
-1.01193 -1.18819 -1.98237 190 190 190 255 
-1.01547 -1.19084 -1.98646 190 190 190 255 
-1.01547 -1.37551 -1.86494 190 190 190 255 
-1.01193 -1.37202 -1.85988 190 190 190 255 
-1.01547 -1.29171 -1.9299 190 190 190 255 
-1.01547 -1.716 -1.55437 190 190 190 255 
-1.01193 -1.55136 -1.71315 190 190 190 255 
-1.01193 -1.72205 -1.54147 190 190 190 255 
-1.01193 -1.87949 -1.34503 190 190 190 255 
-1.01547 -1.89808 -1.32672 190 190 190 255 
-1.01547 -1.82901 -1.43099 190 190 190 255 
-1.01193 -2.01888 -1.12503 190 190 190 255 
-1.01547 -2.23676 -0.595195 190 190 190 255 
-1.01547 -2.22835 -0.626253 190 190 190 255 
-1.01193 -2.22501 -0.625236 190 190 190 255 
-1.01547 -2.29036 -0.355003 190 190 190 255 
-1.01193 -2.28395 -0.353763 190 190 190 255 
-1.01193 -2.30997 -0.0750329 190 190 190 255 
-1.01547 -2.2997 0.2962 190 190 190 255 
-1.01193 -2.30209 0.204902 190 190 190 255 
-1.01547 -2.15948 0.834804 190 190 190 255 
-1.01547 -2.19688 0.747173 190 190 190 255 
-1.01193 -2.18805 0.744317 190 190 190 255 
-1.01547 -2.26486 0.478129 190 190 190 255 
-1.01193 -2.08695 0.99308 190 190 190 255 
-1.01547 -2.08641 1.00604 190 190 190 255 
-1.01547 -1.79348 1.46747 190 190 190 255 
-1.01547 -1.6767 1.60219 190 190 190 255 
-1.01193 -1.30891 1.90482 190 190 190 255 
-1.01547 -1.31291 1.91031 190 190 190 255 
-1.01547 -1.14411 2.01541 190 190 190 255 
-1.01547 -0.606377 2.23384 190 190 190 255 
-1.01547 -0.442413 2.27529 190 190 190 255 
-0.423353 -1.02223e-009 -2.28059 190 190 190 255 
-0.422737 -0.301059 -2.26039 190 190 190 255 
-0.415819 -3.26831e-009 -2.29973 190 190 190 255 
-0.651465 -1.94144 -0.803575 190 190 190 255 
-0.560252 -1.73514 -1.24172 190 190 190 255 
-0.479584 -1.30354 -1.76705 190 190 190 255 
-0.457483 -0.964767 -2.00176 190 190 190 255 
-0.422737 -0.633783 -2.19051 190 190 190 255 
-0.422737 -0.809767 -2.13173 190 190 190 255 
-0.7112 -2.07081 -0.320748 190 190 190 255 
-0.681735 -2.01868 -0.567257 190 190 190 255 
-0.6208 -1.84196 -1.02643 190 190 190 255 
-0.6208 -1.71478 -1.22715 190 190 190 255 
-0.590219 -1.72357 -1.23344 190 190 190 255 
-0.560252 -1.58979 -1.42308 190 190 190 255 
-0.531458 -1.44402 -1.59462 190 190 190 255 
-0.531458 -1.27709 -1.73119 190 190 190 255 
-0.504395 -1.28945 -1.74794 190 190 190 255 
-0.479584 -1.12888 -1.88343 190 190 190 255 
-0.479584 -0.953353 -1.97808 190 190 190 255 
-0.438451 -0.799158 -2.1038 190 190 190 255 
-0.438451 -0.625479 -2.16181 190 190 190 255 
-0.410467 -0.470082 -2.26288 190 190 190 255 
-0.406935 -0.382854 -2.29051 190 190 190 255 
-0.406935 -0.306173 -2.29687 190 190 190 255 
-0.681735 -1.93747 -0.80193 190 190 190 255 
-0.681735 -1.83167 -1.0207 190 190 190 255 
-0.651465 -1.83543 -1.0228 190 190 190 255 
-0.651465 -1.7087 -1.2228 190 190 190 255 
-0.6208 -1.57113 -1.40638 190 190 190 255 
-0.590219 -1.57919 -1.41359 190 190 190 255 
-0.560252 -1.43221 -1.58157 190 190 190 255 
-0.590219 -1.42266 -1.57103 190 190 190 255 
-0.560252 -1.26664 -1.71703 190 190 190 255 
-0.531458 -1.10598 -1.84521 190 190 190 255 
-0.504395 -1.11668 -1.86306 190 190 190 255 
-0.457483 -0.78909 -2.0773 190 190 190 255 
-0.422737 -0.46381 -2.23269 190 190 190 255 
-0.410467 -0.30513 -2.29096 190 190 190 255 
-0.411193 -4.64749e-009 -2.31147 190 190 190 255 
-0.590219 -1.2582 -1.70558 190 190 190 255 
-0.531458 -0.934008 -1.93794 190 190 190 255 
-0.504395 -0.943044 -1.95669 190 190 190 255 
-0.479584 -0.779754 -2.05272 190 190 190 255 
-0.457483 -0.617599 -2.13457 190 190 190 255 
-0.438451 -0.457733 -2.20343 190 190 190 255 
-0.426782 0 -2.27189 190 190 190 255 
-0.7112 -1.70409 -1.2195 190 190 190 255 
-0.681735 -1.70521 -1.2203 190 190 190 255 
-0.651465 -1.41039 -1.55747 190 190 190 255 
-0.651465 -1.56556 -1.4014 190 190 190 255 
-0.6208 -1.4154 -1.56301 190 190 190 255 
-0.6208 -1.25178 -1.69688 190 190 190 255 
-0.590219 -1.08962 -1.81792 190 190 190 255 
-0.560252 -1.09693 -1.83012 190 190 190 255 
-0.560252 -0.926367 -1.92209 190 190 190 255 
-0.504395 -0.771322 -2.03053 190 190 190 255 
-0.504395 -0.603693 -2.08651 190 190 190 255 
-0.479584 -0.610293 -2.10932 190 190 190 255 
-0.479584 -0.44662 -2.14994 190 190 190 255 
-0.457483 -0.451967 -2.17567 190 190 190 255 
-0.438451 -0.297115 -2.23078 190 190 190 255 
-0.440854 0 -2.24873 190 190 190 255 
-0.43943 0 -2.25107 190 190 190 255 
-0.7112 -1.24398 -1.68631 190 190 190 255 
-0.681735 -1.07801 -1.79855 190 190 190 255 
-0.651465 -1.08022 -1.80223 190 190 190 255 
-0.651465 -0.912253 -1.8928 190 190 190 255 
-0.531458 -0.437557 -2.10631 190 190 190 255 
-0.681735 -0.910386 -1.88893 190 190 190 255 
-0.651465 -0.746138 -1.96423 190 190 190 255 
-0.6208 -0.748791 -1.97121 190 190 190 255 
-0.6208 -0.586059 -2.02556 190 190 190 255 
-0.590219 -0.589064 -2.03595 190 190 190 255 
-0.560252 -0.433977 -2.08908 190 190 190 255 
-0.531458 -0.284018 -2.13245 190 190 190 255 
-0.621039 0 -2.10931 190 190 190 255 
-0.7112 -0.744125 -1.95893 190 190 190 255 
-0.681735 -0.426491 -2.05304 190 190 190 255 
-0.651465 -0.427366 -2.05725 190 190 190 255 
-0.651465 -0.277403 -2.08278 190 190 190 255 
-0.630741 0 -2.10586 190 190 190 255 
-0.681735 -0.744611 -1.96021 190 190 190 255 
-0.681735 -0.582787 -2.01426 190 190 190 255 
-0.6208 -0.278389 -2.09018 190 190 190 255 
-0.590219 -0.279817 -2.1009 190 190 190 255 
-0.651465 -0.583982 -2.01839 190 190 190 255 
-0.6208 -0.428885 -2.06456 190 190 190 255 
-0.590219 -0.431084 -2.07515 190 190 190 255 
-0.560252 -0.281695 -2.115 190 190 190 255 
-0.590477 0 -2.12018 190 190 190 255 
-0.562316 0 -2.13379 190 190 190 255 
-0.560796 0 -2.13465 190 190 190 255 
-0.681735 -1.4075 -1.55429 190 190 190 255 
-0.681735 -1.24479 -1.68741 190 190 190 255 
-0.651465 -1.24735 -1.69087 190 190 190 255 
-0.6208 -0.915497 -1.89954 190 190 190 255 
-0.590219 -0.920191 -1.90927 190 190 190 255 
-0.590219 -0.752631 -1.98132 190 190 190 255 
-0.560252 -0.593017 -2.04961 190 190 190 255 
-0.504395 -0.286766 -2.15308 190 190 190 255 
-0.479584 -0.289901 -2.17661 190 190 190 255 
-0.480298 0 -2.19646 190 190 190 255 
-0.47879 0 -2.19819 190 190 190 255 
-0.7112 -1.56134 -1.39762 190 190 190 255 
-0.681735 -1.56236 -1.39853 190 190 190 255 
-0.6208 -1.08406 -1.80864 190 190 190 255 
-0.560252 -0.757682 -1.99462 190 190 190 255 
-0.531458 -0.763932 -2.01107 190 190 190 255 
-0.531458 -0.597908 -2.06652 190 190 190 255 
-0.504395 -0.44179 -2.12669 190 190 190 255 
-0.457483 -0.293371 -2.20267 190 190 190 255 
-0.454907 0 -2.2256 190 190 190 255 
-0.7112 -0.276654 -2.07716 190 190 190 255 
-0.791659 0 -2.10586 190 190 190 255 
-0.8016 -0.278389 -2.09018 190 190 190 255 
-0.770935 -0.277403 -2.08278 190 190 190 255 
-0.770935 -0.427366 -2.05725 190 190 190 255 
-0.740665 -0.276835 -2.07852 190 190 190 255 
-0.740665 -0.426491 -2.05304 190 190 190 255 
-0.832181 -0.279817 -2.1009 190 190 190 255 
-0.94361 0 -2.19819 190 190 190 255 
-1.01121 -4.6475e-009 -2.31147 190 190 190 255 
-1.01547 -0.107453 -2.31474 190 190 190 255 
-0.999663 -2.19532 -0.616894 190 190 190 255 
-1.01193 -2.13549 -0.883894 190 190 190 255 
-0.999663 -1.99195 -1.11002 190 190 190 255 
-0.999663 -1.53066 -1.69029 190 190 190 255 
-0.999663 -1.35372 -1.83506 190 190 190 255 
-0.999663 -1.17233 -1.95592 190 190 190 255 
-1.01193 -0.820717 -2.16056 190 190 190 255 
-0.999663 -0.990048 -2.05422 190 190 190 255 
-0.999663 -0.46381 -2.23269 190 190 190 255 
-1.01193 -0.470082 -2.26288 190 190 190 255 
-1.00658 -3.26832e-009 -2.29973 190 190 190 255 
-0.93191 0 -2.18476 190 190 190 255 
-0.7112 -0.703331 1.97394 190 190 190 255 
-0.7112 -0.548844 2.02235 190 190 190 255 
-0.740665 -0.549202 2.02367 190 190 190 255 
-0.8016 -0.707742 1.98632 190 190 190 255 
-0.8016 -0.867795 1.9218 190 190 190 255 
-0.8016 -1.0307 1.83957 190 190 190 255 
-0.832181 -0.872244 1.93165 190 190 190 255 
-0.770935 -0.705235 1.97928 190 190 190 255 
-0.740665 -0.86295 1.91107 190 190 190 255 
-0.740665 -1.02495 1.8293 190 190 190 255 
-0.770935 -0.86472 1.91499 190 190 190 255 
-0.770935 -1.02705 1.83305 190 190 190 255 
-0.770935 -1.18997 1.73173 190 190 190 255 
-0.8016 -1.1942 1.73789 190 190 190 255 
-0.862148 -0.716146 2.0099 190 190 190 255 
-0.740665 -0.703791 1.97523 190 190 190 255 
-0.7112 -0.862387 1.90982 190 190 190 255 
-0.7112 -1.02428 1.82811 190 190 190 255 
-0.740665 -1.18753 1.72819 190 190 190 255 
-0.7112 -1.18675 1.72706 190 190 190 255 
-0.7112 -1.347 1.60522 190 190 190 255 
-0.740665 -1.34788 1.60627 190 190 190 255 
-0.7112 -1.64687 1.29574 190 190 190 255 
-0.740665 -1.50263 1.46252 190 190 190 255 
-0.740665 -1.64795 1.29659 190 190 190 255 
-0.770935 -1.35064 1.60956 190 190 190 255 
-0.770935 -1.50571 1.46552 190 190 190 255 
-0.8016 -1.35544 1.61528 190 190 190 255 
-0.832181 -1.20032 1.7468 190 190 190 255 
-0.832181 -1.03599 1.849 190 190 190 255 
-0.862148 -1.04294 1.86141 190 190 190 255 
-0.862148 -0.878098 1.94461 190 190 190 255 
-0.890942 -0.885341 1.96065 190 190 190 255 
-0.8016 -1.51107 1.47073 190 190 190 255 
-0.7112 -1.98386 0.674855 190 190 190 255 
-0.740665 -1.89343 0.900991 190 190 190 255 
-0.7112 -1.89219 0.900403 190 190 190 255 
-0.740665 -1.77965 1.10893 190 190 190 255 
-0.770935 -1.65132 1.29925 190 190 190 255 
-0.8016 -1.6572 1.30387 190 190 190 255 
-0.832181 -1.36239 1.62356 190 190 190 255 
-0.862148 -1.20838 1.75852 190 190 190 255 
-0.890942 -1.21834 1.77303 190 190 190 255 
-0.890942 -1.05154 1.87676 190 190 190 255 
-0.918005 -0.893906 1.97962 190 190 190 255 
-0.964917 -0.745831 2.09322 190 190 190 255 
-1.01547 -0.583635 2.23959 190 190 190 255 
-0.999663 -0.435481 2.23838 190 190 190 255 
-0.983949 -0.589434 2.17191 190 190 190 255 
-0.964917 -0.582008 2.14455 190 190 190 255 
-0.964917 -0.424361 2.18123 190 190 190 255 
-0.918005 -0.568903 2.09626 190 190 190 255 
-0.890942 -0.563452 2.07618 190 190 190 255 
-0.832181 -0.555117 2.04546 190 190 190 255 
-0.832181 -0.404754 2.08045 190 190 190 255 
-0.770935 -0.550328 2.02782 190 190 190 255 
-0.770935 -0.401262 2.0625 190 190 190 255 
-0.740665 -0.400441 2.05828 190 190 190 255 
-0.740665 -1.98515 0.675296 190 190 190 255 
-0.770935 -1.7833 1.1112 190 190 190 255 
-0.8016 -1.78964 1.11515 190 190 190 255 
-0.832181 -1.51881 1.47827 190 190 190 255 
-0.862148 -1.37154 1.63446 190 190 190 255 
-0.918005 -1.23013 1.79018 190 190 190 255 
-0.918005 -1.06172 1.89492 190 190 190 255 
-0.942816 -0.903679 2.00126 190 190 190 255 
-0.964917 -0.914498 2.02522 190 190 190 255 
-0.7112 -2.08725 0.18578 190 190 190 255 
-0.770935 -1.98923 0.676681 190 190 190 255 
-0.770935 -1.89731 0.902839 190 190 190 255 
-0.8016 -1.90406 0.906049 190 190 190 255 
-0.832181 -1.66569 1.31055 190 190 190 255 
-0.890942 -1.54162 1.50047 190 190 190 255 
-0.862148 -1.52901 1.48819 190 190 190 255 
-0.890942 -1.38285 1.64794 190 190 190 255 
-0.942816 -1.07332 1.91564 190 190 190 255 
-0.740665 -2.05116 0.435427 190 190 190 255 
-0.832181 -1.79881 1.12087 190 190 190 255 
-0.862148 -1.81089 1.1284 190 190 190 255 
-0.862148 -1.67687 1.31935 190 190 190 255 
-0.890942 -1.6907 1.33023 190 190 190 255 
-0.918005 -1.39623 1.66389 190 190 190 255 
-0.942816 -1.41149 1.68208 190 190 190 255 
-0.942816 -1.24358 1.80975 190 190 190 255 
-0.964917 -1.08617 1.93857 190 190 190 255 
-0.983949 -0.926166 2.05106 190 190 190 255 
-0.999663 -0.765375 2.14807 190 190 190 255 
-0.999663 -0.938461 2.07829 190 190 190 255 
-1.01547 -0.862418 2.14986 190 190 190 255 
-0.999663 -1.11464 1.98937 190 190 190 255 
-0.983949 -1.10003 1.96331 190 190 190 255 
-0.964917 -1.25847 1.83142 190 190 190 255 
-0.918005 -1.55653 1.51499 190 190 190 255 
-0.832181 -1.91382 0.910696 190 190 190 255 
-0.8016 -1.9963 0.679088 190 190 190 255 
-0.770935 -2.05537 0.43632 190 190 190 255 
-0.770935 -2.0929 0.186283 190 190 190 255 
-0.740665 -2.08861 0.185901 190 190 190 255 
-0.7112 -2.01736 -0.566887 190 190 190 255 
-0.740665 -1.93747 -0.80193 190 190 190 255 
-0.7112 -1.9362 -0.801407 190 190 190 255 
-0.7112 -1.83048 -1.02004 190 190 190 255 
-0.740665 -1.4075 -1.55429 190 190 190 255 
-0.7112 -1.40658 -1.55327 190 190 190 255 
-0.7112 -1.0773 -1.79737 190 190 190 255 
-0.740665 -0.744611 -1.96021 190 190 190 255 
-0.7112 -0.909791 -1.8877 190 190 190 255 
-0.7112 -0.582406 -2.01294 190 190 190 255 
-0.7112 -0.426212 -2.0517 190 190 190 255 
-0.681735 -0.276835 -2.07852 190 190 190 255 
-0.671807 0 -2.09878 190 190 190 255 
-0.8016 -0.552285 2.03503 190 190 190 255 
-0.832181 -0.711371 1.99651 190 190 190 255 
-0.862148 -0.558843 2.05919 190 190 190 255 
-0.890942 -0.722052 2.02648 190 190 190 255 
-0.942816 -0.575123 2.11918 190 190 190 255 
-0.918005 -0.729038 2.04609 190 190 190 255 
-0.942816 -0.737008 2.06846 190 190 190 255 
-0.983949 -0.755347 2.11993 190 190 190 255 
-0.999663 -0.597259 2.20075 190 190 190 255 
-1.01193 -0.775724 2.17712 190 190 190 255 
-1.01193 -0.605335 2.23051 190 190 190 255 
-1.01547 -1.28275 1.92909 190 190 190 255 
-1.01193 -1.12971 2.01627 190 190 190 255 
-0.999663 -1.29144 1.87941 190 190 190 255 
-0.983949 -1.44662 1.72393 190 190 190 255 
-0.964917 -1.59239 1.54988 190 190 190 255 
-0.942816 -1.86364 1.16127 190 190 190 255 
-0.918005 -1.96135 0.933312 190 190 190 255 
-0.890942 -1.94256 0.924369 190 190 190 255 
-0.862148 -2.02 0.68715 190 190 190 255 
-0.832181 -2.07325 0.440116 190 190 190 255 
-0.832181 -2.11111 0.187904 190 190 190 255 
-0.8016 -2.10034 0.186945 190 190 190 255 
-0.770935 -2.07641 -0.321616 190 190 190 255 
-0.8016 -2.08379 -0.32276 190 190 190 255 
-0.770935 -2.02282 -0.568421 190 190 190 255 
-0.8016 -2.03002 -0.570442 190 190 190 255 
-0.770935 -1.94144 -0.803575 190 190 190 255 
-0.8016 -1.94834 -0.806432 190 190 190 255 
-0.8016 -1.71478 -1.22715 190 190 190 255 
-0.770935 -1.7087 -1.2228 190 190 190 255 
-0.8016 -1.57113 -1.40638 190 190 190 255 
-0.8016 -1.4154 -1.56301 190 190 190 255 
-0.770935 -1.56556 -1.4014 190 190 190 255 
-0.770935 -1.41039 -1.55747 190 190 190 255 
-0.770935 -1.08022 -1.80223 190 190 190 255 
-0.8016 -0.915497 -1.89954 190 190 190 255 
-0.770935 -0.912253 -1.8928 190 190 190 255 
-0.8016 -0.748791 -1.97121 190 190 190 255 
-0.770935 -0.583982 -2.01839 190 190 190 255 
-0.8016 -0.586059 -2.02556 190 190 190 255 
-1.01547 -1.37327 1.87274 190 190 190 255 
-1.01547 -1.41932 1.83323 190 190 190 255 
-0.999663 -1.46582 1.74682 190 190 190 255 
-0.983949 -1.6127 1.56966 190 190 190 255 
-0.999663 -1.63411 1.5905 190 190 190 255 
-0.983949 -1.76866 1.39157 190 190 190 255 
-0.964917 -1.74638 1.37404 190 190 190 255 
-0.964917 -1.88595 1.17517 190 190 190 255 
-0.942816 -1.98279 0.943515 190 190 190 255 
-0.890942 -2.03666 0.692818 190 190 190 255 
-0.918005 -2.05637 0.699521 190 190 190 255 
-0.862148 -2.08717 0.44307 190 190 190 255 
-0.832181 -2.11834 -0.068808 190 190 190 255 
-0.8016 -2.10753 -0.0684569 190 190 190 255 
-0.832181 -1.95833 -0.810567 190 190 190 255 
-0.832181 -1.8514 -1.0317 190 190 190 255 
-0.832181 -1.72357 -1.23344 190 190 190 255 
-0.8016 -1.84196 -1.02643 190 190 190 255 
-0.832181 -1.57919 -1.41359 190 190 190 255 
-0.832181 -1.42266 -1.57103 190 190 190 255 
-0.832181 -1.2582 -1.70558 190 190 190 255 
-0.832181 -1.08962 -1.81792 190 190 190 255 
-0.8016 -1.25178 -1.69688 190 190 190 255 
-0.8016 -1.08406 -1.80864 190 190 190 255 
-0.832181 -0.920191 -1.90927 190 190 190 255 
-0.8016 -0.428885 -2.06456 190 190 190 255 
-0.825876 0 -2.11803 190 190 190 255 
-0.801361 0 -2.10931 190 190 190 255 
-1.01193 -1.48564 1.77044 190 190 190 255 
-0.942816 -2.07885 0.707168 190 190 190 255 
-0.890942 -2.10438 0.446725 190 190 190 255 
-0.890942 -2.14281 0.190726 190 190 190 255 
-0.862148 -2.12528 0.189165 190 190 190 255 
-0.862148 -2.13255 -0.0692699 190 190 190 255 
-0.832181 -2.09448 -0.324415 190 190 190 255 
-0.832181 -2.04042 -0.573367 190 190 190 255 
-0.862148 -1.86383 -1.03862 190 190 190 255 
-0.862148 -1.58979 -1.42308 190 190 190 255 
-0.862148 -1.09693 -1.83012 190 190 190 255 
-0.832181 -0.752631 -1.98132 190 190 190 255 
-0.832181 -0.589064 -2.03595 190 190 190 255 
-0.862148 -0.433977 -2.08908 190 190 190 255 
-0.832181 -0.431084 -2.07515 190 190 190 255 
-0.862148 -0.281695 -2.115 190 190 190 255 
-0.831923 0 -2.12018 190 190 190 255 
-1.01193 -1.65621 1.612 190 190 190 255 
-0.999663 -1.79215 1.41004 190 190 190 255 
-0.999663 -1.93537 1.20596 190 190 190 255 
-0.983949 -1.91001 1.19016 190 190 190 255 
-0.964917 -2.00653 0.954811 190 190 190 255 
-0.983949 -2.03213 0.966993 190 190 190 255 
-0.918005 -2.12474 0.451047 190 190 190 255 
-0.942816 -2.14797 0.455977 190 190 190 255 
-0.918005 -2.16354 0.192571 190 190 190 255 
-0.890942 -2.12593 -0.329286 190 190 190 255 
-0.862148 -2.10853 -0.326592 190 190 190 255 
-0.862148 -2.05412 -0.577215 190 190 190 255 
-0.890942 -2.07106 -0.581976 190 190 190 255 
-0.890942 -1.98774 -0.822738 190 190 190 255 
-0.862148 -1.97147 -0.816007 190 190 190 255 
-0.890942 -1.8792 -1.04719 190 190 190 255 
-0.890942 -1.74945 -1.25196 190 190 190 255 
-0.890942 -1.6029 -1.43482 190 190 190 255 
-0.862148 -1.73514 -1.24172 190 190 190 255 
-0.862148 -1.43221 -1.58157 190 190 190 255 
-0.862148 -1.26664 -1.71703 190 190 190 255 
-0.862148 -0.926367 -1.92209 190 190 190 255 
-0.890942 -0.934008 -1.93794 190 190 190 255 
-0.890942 -0.763932 -2.01107 190 190 190 255 
-0.862148 -0.757682 -1.99462 190 190 190 255 
-0.862148 -0.593017 -2.04961 190 190 190 255 
-0.890942 -0.437557 -2.10631 190 190 190 255 
-0.890942 -0.284018 -2.13245 190 190 190 255 
-1.01547 -1.9652 1.22448 190 190 190 255 
-0.999663 -2.05911 0.979831 190 190 190 255 
-0.983949 -2.13058 0.724765 190 190 190 255 
-0.942816 -2.18719 0.194675 190 190 190 255 
-0.942816 -2.19468 -0.0712881 190 190 190 255 
-0.942816 -2.11396 -0.59403 190 190 190 255 
-0.918005 -2.14649 -0.332472 190 190 190 255 
-0.918005 -1.89738 -1.05732 190 190 190 255 
-0.942816 -1.78569 -1.27789 190 190 190 255 
-0.918005 -1.76638 -1.26408 190 190 190 255 
-0.918005 -1.28945 -1.74794 190 190 190 255 
-0.918005 -1.11668 -1.86306 190 190 190 255 
-0.942816 -1.12888 -1.88343 190 190 190 255 
-0.942816 -0.953353 -1.97808 190 190 190 255 
-0.942816 -0.779754 -2.05272 190 190 190 255 
-0.918005 -0.771322 -2.03053 190 190 190 255 
-0.942816 -0.610293 -2.10932 190 190 190 255 
-0.942816 -0.44662 -2.14994 190 190 190 255 
-0.919355 0 -2.17454 190 190 190 255 
-1.01547 -2.2058 0.726275 190 190 190 255 
-1.01547 -2.22163 0.659733 190 190 190 255 
-0.983949 -2.24929 -0.0730622 190 190 190 255 
-0.983949 -2.24161 0.19952 190 190 190 255 
-0.964917 -2.22095 -0.0721412 190 190 190 255 
-0.964917 -2.19594 -0.34013 190 190 190 255 
-0.983949 -2.16656 -0.608812 190 190 190 255 
-0.964917 -2.13927 -0.601142 190 190 190 255 
-0.983949 -2.07939 -0.860675 190 190 190 255 
-0.983949 -1.96585 -1.09548 190 190 190 255 
-0.964917 -1.94109 -1.08167 190 190 190 255 
-0.983949 -1.83012 -1.30969 190 190 190 255 
-0.964917 -1.65569 -1.48207 190 190 190 255 
-0.983949 -1.51061 -1.66815 190 190 190 255 
-0.964917 -1.1424 -1.90598 190 190 190 255 
-0.964917 -0.78909 -2.0773 190 190 190 255 
-0.983949 -0.799158 -2.1038 190 190 190 255 
-0.964917 -0.617599 -2.13457 190 190 190 255 
-0.964917 -0.451967 -2.17567 190 190 190 255 
-0.964917 -0.293371 -2.20267 190 190 190 255 
-0.983949 -0.297115 -2.23078 190 190 190 255 
-0.999663 -2.23064 0.473528 190 190 190 255 
-0.999663 -2.15886 0.734387 190 190 190 255 
-0.983949 -2.20142 0.467324 190 190 190 255 
-0.964917 -2.21337 0.197006 190 190 190 255 
-0.942816 -2.16996 -0.336106 190 190 190 255 
-0.964917 -2.0532 -0.849833 190 190 190 255 
-0.942816 -2.02891 -0.839779 190 190 190 255 
-0.942816 -1.91812 -1.06888 190 190 190 255 
-0.964917 -1.80707 -1.29319 190 190 190 255 
-0.964917 -1.49158 -1.64713 190 190 190 255 
-0.942816 -1.6361 -1.46454 190 190 190 255 
-0.942816 -1.47393 -1.62764 190 190 190 255 
-0.942816 -1.30354 -1.76705 190 190 190 255 
-0.964917 -1.31915 -1.78821 190 190 190 255 
-0.964917 -0.964767 -2.00176 190 190 190 255 
-0.942816 -0.289901 -2.17661 190 190 190 255 
-1.01193 -2.26081 0.479931 190 190 190 255 
-0.999663 -2.27137 0.202169 190 190 190 255 
-0.999663 -2.27915 -0.0740317 190 190 190 255 
-0.983949 -2.22396 -0.34447 190 190 190 255 
-0.999663 -2.25348 -0.349043 190 190 190 255 
-0.999663 -2.107 -0.872102 190 190 190 255 
-0.999663 -1.85442 -1.32708 190 190 190 255 
-0.999663 -1.69907 -1.52091 190 190 190 255 
-0.983949 -1.67681 -1.50098 190 190 190 255 
-0.983949 -1.33598 -1.81102 190 190 190 255 
-0.983949 -1.15697 -1.9303 190 190 190 255 
-0.983949 -0.977076 -2.0273 190 190 190 255 
-0.999663 -0.809767 -2.13173 190 190 190 255 
-0.999663 -0.633783 -2.19051 190 190 190 255 
-0.983949 -0.625479 -2.16181 190 190 190 255 
-0.983949 -0.457733 -2.20343 190 190 190 255 
-0.999663 -0.301059 -2.26039 190 190 190 255 
-0.995618 0 -2.27189 190 190 190 255 
-0.98297 0 -2.25107 190 190 190 255 
-1.01193 -1.81638 1.42911 190 190 190 255 
-1.01193 -1.96154 1.22227 190 190 190 255 
-0.964917 -2.10374 0.715634 190 190 190 255 
-0.964917 -2.17369 0.461437 190 190 190 255 
-0.918005 -2.17094 -0.0705169 190 190 190 255 
-0.890942 -2.15014 -0.0698417 190 190 190 255 
-0.918005 -2.0911 -0.587607 190 190 190 255 
-0.918005 -2.00697 -0.830698 190 190 190 255 
-0.918005 -1.61841 -1.4487 190 190 190 255 
-0.918005 -1.45799 -1.61004 190 190 190 255 
-0.890942 -1.44402 -1.59462 190 190 190 255 
-0.890942 -1.27709 -1.73119 190 190 190 255 
-0.890942 -1.10598 -1.84521 190 190 190 255 
-0.918005 -0.943044 -1.95669 190 190 190 255 
-0.918005 -0.603693 -2.08651 190 190 190 255 
-0.890942 -0.597908 -2.06652 190 190 190 255 
-0.918005 -0.44179 -2.12669 190 190 190 255 
-0.918005 -0.286766 -2.15308 190 190 190 255 
-0.406935 -2.30505 -0.250769 190 190 190 255 
-0.410467 -2.28395 -0.353763 190 190 190 255 
-0.422737 -2.27915 -0.0740317 190 190 190 255 
-0.410467 -2.30997 -0.0750329 190 190 190 255 
-0.422737 -2.23064 0.473528 190 190 190 255 
-0.422737 -2.15886 0.734387 190 190 190 255 
-0.410467 -2.08695 0.99308 190 190 190 255 
-0.422737 -2.05911 0.979831 190 190 190 255 
-0.422737 -1.93537 1.20596 190 190 190 255 
-0.410467 -1.81638 1.42911 190 190 190 255 
-0.422737 -1.79215 1.41004 190 190 190 255 
-0.422737 -1.46582 1.74682 190 190 190 255 
-0.410467 -1.30891 1.90482 190 190 190 255 
-0.422737 -1.29144 1.87941 190 190 190 255 
-0.422737 -1.11464 1.98937 190 190 190 255 
-0.422737 -0.938461 2.07829 190 190 190 255 
-0.410467 -0.775724 2.17712 190 190 190 255 
-0.422737 -0.435481 2.23838 190 190 190 255 
-0.410467 -0.441369 2.26865 190 190 190 255 
-0.418072 -0.162786 2.28522 190 190 190 255 
-0.423444 -0.162261 2.27494 190 190 190 255 
-0.406935 -2.18847 -0.758414 190 190 190 255 
-0.422737 -2.25348 -0.349043 190 190 190 255 
-0.422737 -2.19532 -0.616894 190 190 190 255 
-0.438451 -2.24929 -0.0730622 190 190 190 255 
-0.457483 -2.22095 -0.0721412 190 190 190 255 
-0.438451 -2.24161 0.19952 190 190 190 255 
-0.438451 -2.20142 0.467324 190 190 190 255 
-0.457483 -2.10374 0.715634 190 190 190 255 
-0.438451 -1.91001 1.19016 190 190 190 255 
-0.457483 -2.00653 0.954811 190 190 190 255 
-0.438451 -1.76866 1.39157 190 190 190 255 
-0.438451 -1.6127 1.56966 190 190 190 255 
-0.457483 -1.59239 1.54988 190 190 190 255 
-0.438451 -1.27452 1.85479 190 190 190 255 
-0.457483 -1.25847 1.83142 190 190 190 255 
-0.438451 -0.926166 2.05106 190 190 190 255 
-0.443577 -0.160292 2.23643 190 190 190 255 
-0.422737 -2.27137 0.202169 190 190 190 255 
-0.438451 -2.13058 0.724765 190 190 190 255 
-0.438451 -2.03213 0.966993 190 190 190 255 
-0.422737 -1.63411 1.5905 190 190 190 255 
-0.438451 -1.44662 1.72393 190 190 190 255 
-0.438451 -1.10003 1.96331 190 190 190 255 
-0.422737 -0.765375 2.14807 190 190 190 255 
-0.438451 -0.755347 2.11993 190 190 190 255 
-0.422737 -0.597259 2.20075 190 190 190 255 
-0.438451 -0.589434 2.17191 190 190 190 255 
-0.438451 -0.429775 2.20906 190 190 190 255 
-0.439069 -0.160733 2.24505 190 190 190 255 
-0.410467 -1.87949 -1.34503 190 190 190 255 
-0.422737 -1.99195 -1.11002 190 190 190 255 
-0.422737 -2.107 -0.872102 190 190 190 255 
-0.457483 -2.13927 -0.601142 190 190 190 255 
-0.438451 -2.16656 -0.608812 190 190 190 255 
-0.479584 -2.18719 0.194675 190 190 190 255 
-0.504395 -2.17094 -0.0705169 190 190 190 255 
-0.504395 -2.16354 0.192571 190 190 190 255 
-0.479584 -2.14797 0.455977 190 190 190 255 
-0.479584 -2.07885 0.707168 190 190 190 255 
-0.504395 -1.96135 0.933312 190 190 190 255 
-0.504395 -1.84349 1.14871 190 190 190 255 
-0.504395 -1.70706 1.3431 190 190 190 255 
-0.479584 -1.57355 1.53155 190 190 190 255 
-0.479584 -1.41149 1.68208 190 190 190 255 
-0.479584 -1.24358 1.80975 190 190 190 255 
-0.479584 -1.07332 1.91564 190 190 190 255 
-0.504395 -0.893906 1.97962 190 190 190 255 
-0.504395 -0.729038 2.04609 190 190 190 255 
-0.479584 -0.575123 2.11918 190 190 190 255 
-0.504395 -0.568903 2.09626 190 190 190 255 
-0.479584 -0.41934 2.15542 190 190 190 255 
-0.406935 -1.71648 -1.55507 190 190 190 255 
-0.410467 -1.72205 -1.54147 190 190 190 255 
-0.438451 -1.83012 -1.30969 190 190 190 255 
-0.438451 -1.96585 -1.09548 190 190 190 255 
-0.457483 -2.0532 -0.849833 190 190 190 255 
-0.479584 -2.11396 -0.59403 190 190 190 255 
-0.504395 -2.0911 -0.587607 190 190 190 255 
-0.504395 -2.14649 -0.332472 190 190 190 255 
-0.531458 -2.15014 -0.0698417 190 190 190 255 
-0.531458 -2.12593 -0.329286 190 190 190 255 
-0.560252 -2.13255 -0.0692699 190 190 190 255 
-0.531458 -2.14281 0.190726 190 190 190 255 
-0.531458 -2.10438 0.446725 190 190 190 255 
-0.531458 -1.94256 0.924369 190 190 190 255 
-0.531458 -1.82582 1.1377 190 190 190 255 
-0.560252 -1.52901 1.48819 190 190 190 255 
-0.531458 -1.54162 1.50047 190 190 190 255 
-0.531458 -1.38285 1.64794 190 190 190 255 
-0.560252 -1.37154 1.63446 190 190 190 255 
-0.560252 -1.20838 1.75852 190 190 190 255 
-0.560252 -1.04294 1.86141 190 190 190 255 
-0.560252 -0.716146 2.0099 190 190 190 255 
-0.531458 -0.722052 2.02648 190 190 190 255 
-0.531458 -0.563452 2.07618 190 190 190 255 
-0.560252 -0.40747 2.09441 190 190 190 255 
-0.551295 -0.155891 2.13302 190 190 190 255 
-0.422737 -1.85442 -1.32708 190 190 190 255 
-0.438451 -2.07939 -0.860675 190 190 190 255 
-0.479584 -2.16996 -0.336106 190 190 190 255 
-0.504395 -2.12474 0.451047 190 190 190 255 
-0.504395 -2.05637 0.699521 190 190 190 255 
-0.531458 -2.03666 0.692818 190 190 190 255 
-0.531458 -1.6907 1.33023 190 190 190 255 
-0.504395 -1.55653 1.51499 190 190 190 255 
-0.504395 -1.39623 1.66389 190 190 190 255 
-0.531458 -1.21834 1.77303 190 190 190 255 
-0.504395 -1.23013 1.79018 190 190 190 255 
-0.531458 -1.05154 1.87676 190 190 190 255 
-0.504395 -1.06172 1.89492 190 190 190 255 
-0.531458 -0.885341 1.96065 190 190 190 255 
-0.504395 -0.414806 2.13211 190 190 190 255 
-0.531458 -0.410831 2.11168 190 190 190 255 
-0.532066 -0.156429 2.14645 190 190 190 255 
-0.406935 -1.18988 -1.98531 190 190 190 255 
-0.410467 -1.18819 -1.98237 190 190 190 255 
-0.438451 -1.67681 -1.50098 190 190 190 255 
-0.457483 -1.80707 -1.29319 190 190 190 255 
-0.504395 -1.89738 -1.05732 190 190 190 255 
-0.590219 -2.09448 -0.324415 190 190 190 255 
-0.590219 -2.11834 -0.068808 190 190 190 255 
-0.6208 -2.10034 0.186945 190 190 190 255 
-0.590219 -2.11111 0.187904 190 190 190 255 
-0.590219 -2.07325 0.440116 190 190 190 255 
-0.6208 -2.06268 0.437872 190 190 190 255 
-0.590219 -2.00653 0.682569 190 190 190 255 
-0.6208 -1.78964 1.11515 190 190 190 255 
-0.590219 -1.66569 1.31055 190 190 190 255 
-0.590219 -1.36239 1.62356 190 190 190 255 
-0.6208 -1.35544 1.61528 190 190 190 255 
-0.590219 -1.03599 1.849 190 190 190 255 
-0.590219 -0.872244 1.93165 190 190 190 255 
-0.6208 -0.707742 1.98632 190 190 190 255 
-0.590219 -0.555117 2.04546 190 190 190 255 
-0.6208 -0.552285 2.03503 190 190 190 255 
-0.6208 -0.402689 2.06983 190 190 190 255 
-0.6009 -0.155038 2.11002 190 190 190 255 
-0.406935 -0.822479 -2.16564 190 190 190 255 
-0.410467 -1.00344 -2.08199 190 190 190 255 
-0.457483 -1.49158 -1.64713 190 190 190 255 
-0.479584 -1.47393 -1.62764 190 190 190 255 
-0.504395 -1.61841 -1.4487 190 190 190 255 
-0.504395 -1.76638 -1.26408 190 190 190 255 
-0.590219 -1.95833 -0.810567 190 190 190 255 
-0.590219 -2.04042 -0.573367 190 190 190 255 
-0.6208 -2.03002 -0.570442 190 190 190 255 
-0.651465 -2.07641 -0.321616 190 190 190 255 
-0.6208 -2.08379 -0.32276 190 190 190 255 
-0.681735 -2.09576 -0.068075 190 190 190 255 
-0.651465 -2.05537 0.43632 190 190 190 255 
-0.681735 -1.98515 0.675296 190 190 190 255 
-0.651465 -1.7833 1.1112 190 190 190 255 
-0.651465 -1.65132 1.29925 190 190 190 255 
-0.681735 -1.64795 1.29659 190 190 190 255 
-0.651465 -1.18997 1.73173 190 190 190 255 
-0.651465 -1.02705 1.83305 190 190 190 255 
-0.681735 -0.86295 1.91107 190 190 190 255 
-0.651465 -0.86472 1.91499 190 190 190 255 
-0.651465 -0.705235 1.97928 190 190 190 255 
-0.681735 -0.549202 2.02367 190 190 190 255 
-0.681735 -0.400441 2.05828 190 190 190 255 
-0.406935 -1.0564 -2.06677 190 190 190 255 
-0.422737 -1.17233 -1.95592 190 190 190 255 
-0.422737 -1.35372 -1.83506 190 190 190 255 
-0.438451 -1.33598 -1.81102 190 190 190 255 
-0.438451 -1.51061 -1.66815 190 190 190 255 
-0.457483 -1.65569 -1.48207 190 190 190 255 
-0.479584 -1.6361 -1.46454 190 190 190 255 
-0.479584 -1.78569 -1.27789 190 190 190 255 
-0.531458 -1.8792 -1.04719 190 190 190 255 
-0.531458 -1.98774 -0.822738 190 190 190 255 
-0.560252 -1.97147 -0.816007 190 190 190 255 
-0.560252 -2.05412 -0.577215 190 190 190 255 
-0.6208 -2.10753 -0.0684569 190 190 190 255 
-0.651465 -2.10006 -0.0682147 190 190 190 255 
-0.651465 -2.0929 0.186283 190 190 190 255 
-0.6208 -1.9963 0.679088 190 190 190 255 
-0.651465 -1.98923 0.676681 190 190 190 255 
-0.651465 -1.89731 0.902839 190 190 190 255 
-0.6208 -1.90406 0.906049 190 190 190 255 
-0.6208 -1.6572 1.30387 190 190 190 255 
-0.6208 -1.51107 1.47073 190 190 190 255 
-0.651465 -1.50571 1.46552 190 190 190 255 
-0.651465 -1.35064 1.60956 190 190 190 255 
-0.6208 -1.1942 1.73789 190 190 190 255 
-0.6208 -1.0307 1.83957 190 190 190 255 
-0.6208 -0.867795 1.9218 190 190 190 255 
-0.651465 -0.550328 2.02782 190 190 190 255 
-0.651465 -0.401262 2.0625 190 190 190 255 
-0.651559 -0.154586 2.09609 190 190 190 255 
-0.410467 -1.37202 -1.85988 190 190 190 255 
-0.422737 -1.53066 -1.69029 190 190 190 255 
-0.422737 -1.69907 -1.52091 190 190 190 255 
-0.479584 -1.91812 -1.06888 190 190 190 255 
-0.457483 -1.94109 -1.08167 190 190 190 255 
-0.479584 -2.02891 -0.839779 190 190 190 255 
-0.504395 -2.00697 -0.830698 190 190 190 255 
-0.531458 -2.07106 -0.581976 190 190 190 255 
-0.560252 -2.10853 -0.326592 190 190 190 255 
-0.560252 -2.12528 0.189165 190 190 190 255 
-0.560252 -2.08717 0.44307 190 190 190 255 
-0.560252 -2.02 0.68715 190 190 190 255 
-0.560252 -1.92667 0.916807 190 190 190 255 
-0.590219 -1.91382 0.910696 190 190 190 255 
-0.560252 -1.81089 1.1284 190 190 190 255 
-0.590219 -1.79881 1.12087 190 190 190 255 
-0.560252 -1.67687 1.31935 190 190 190 255 
-0.590219 -1.51881 1.47827 190 190 190 255 
-0.590219 -1.20032 1.7468 190 190 190 255 
-0.560252 -0.878098 1.94461 190 190 190 255 
-0.590219 -0.711371 1.99651 190 190 190 255 
-0.560252 -0.558843 2.05919 190 190 190 255 
-0.590219 -0.404754 2.08045 190 190 190 255 
-0.410467 -2.01888 -1.12503 190 190 190 255 
-0.438451 -2.22396 -0.34447 190 190 190 255 
-0.457483 -2.19594 -0.34013 190 190 190 255 
-0.479584 -2.19468 -0.0712881 190 190 190 255 
-0.457483 -2.21337 0.197006 190 190 190 255 
-0.457483 -2.17369 0.461437 190 190 190 255 
-0.479584 -1.98279 0.943515 190 190 190 255 
-0.457483 -1.88595 1.17517 190 190 190 255 
-0.479584 -1.86364 1.16127 190 190 190 255 
-0.457483 -1.74638 1.37404 190 190 190 255 
-0.479584 -1.72572 1.35778 190 190 190 255 
-0.457483 -1.42839 1.70221 190 190 190 255 
-0.457483 -1.08617 1.93857 190 190 190 255 
-0.457483 -0.914498 2.02522 190 190 190 255 
-0.479584 -0.903679 2.00126 190 190 190 255 
-0.457483 -0.745831 2.09322 190 190 190 255 
-0.479584 -0.737008 2.06846 190 190 190 255 
-0.457483 -0.582008 2.14455 190 190 190 255 
-0.457483 -0.424361 2.18123 190 190 190 255 
-1.01193 -0.951151 2.10639 190 190 190 255 
-1.01547 -1.07444 2.05878 190 190 190 255 
-0.983949 -1.27452 1.85479 190 190 190 255 
-0.964917 -1.42839 1.70221 190 190 190 255 
-0.942816 -1.57355 1.53155 190 190 190 255 
-0.942816 -1.72572 1.35778 190 190 190 255 
-0.918005 -1.70706 1.3431 190 190 190 255 
-0.918005 -1.84349 1.14871 190 190 190 255 
-0.890942 -1.82582 1.1377 190 190 190 255 
-0.862148 -1.92667 0.916807 190 190 190 255 
-0.832181 -2.00653 0.682569 190 190 190 255 
-0.8016 -2.06268 0.437872 190 190 190 255 
-0.740665 -2.09576 -0.068075 190 190 190 255 
-0.770935 -2.10006 -0.0682147 190 190 190 255 
-0.740665 -2.07216 -0.320958 190 190 190 255 
-0.740665 -2.01868 -0.567257 190 190 190 255 
-0.770935 -1.83543 -1.0228 190 190 190 255 
-0.740665 -1.83167 -1.0207 190 190 190 255 
-0.740665 -1.70521 -1.2203 190 190 190 255 
-0.740665 -1.56236 -1.39853 190 190 190 255 
-0.770935 -1.24735 -1.69087 190 190 190 255 
-0.740665 -1.24479 -1.68741 190 190 190 255 
-0.740665 -1.07801 -1.79855 190 190 190 255 
-0.740665 -0.910386 -1.88893 190 190 190 255 
-0.770935 -0.746138 -1.96423 190 190 190 255 
-0.740665 -0.582787 -2.01426 190 190 190 255 
-0.7112 0 -2.09666 190 190 190 255 
-0.684117 0 -2.09666 190 190 190 255 
-0.410467 -0.642352 -2.22013 190 190 190 255 
-0.422737 -0.990048 -2.05422 190 190 190 255 
-0.438451 -0.977076 -2.0273 190 190 190 255 
-0.438451 -1.15697 -1.9303 190 190 190 255 
-0.457483 -1.1424 -1.90598 190 190 190 255 
-0.457483 -1.31915 -1.78821 190 190 190 255 
-0.504395 -1.45799 -1.61004 190 190 190 255 
-0.531458 -1.6029 -1.43482 190 190 190 255 
-0.531458 -1.74945 -1.25196 190 190 190 255 
-0.590219 -1.8514 -1.0317 190 190 190 255 
-0.560252 -1.86383 -1.03862 190 190 190 255 
-0.6208 -1.94834 -0.806432 190 190 190 255 
-0.651465 -2.02282 -0.568421 190 190 190 255 
-0.681735 -2.07216 -0.320958 190 190 190 255 
-0.7112 -2.0944 -0.0680303 190 190 190 255 
-0.681735 -2.08861 0.185901 190 190 190 255 
-0.681735 -2.05116 0.435427 190 190 190 255 
-0.7112 -2.04982 0.435143 190 190 190 255 
-0.681735 -1.89343 0.900991 190 190 190 255 
-0.681735 -1.77965 1.10893 190 190 190 255 
-0.7112 -1.77848 1.1082 190 190 190 255 
-0.681735 -1.50263 1.46252 190 190 190 255 
-0.681735 -1.34788 1.60627 190 190 190 255 
-0.7112 -1.50165 1.46157 190 190 190 255 
-0.681735 -1.18753 1.72819 190 190 190 255 
-0.681735 -1.02495 1.8293 190 190 190 255 
-0.681735 -0.703791 1.97523 190 190 190 255 
-0.68673 -0.154443 2.09075 190 190 190 255 
-0.39369 1.47592 1.90898 190 190 190 255 
-0.3937 2.286 0.772511 190 190 190 255 
-0.3937 2.07007 1.22677 190 190 190 255 
-0.3937 1.76531 1.64506 190 190 190 255 
-0.393698 1.71293 1.69284 190 190 190 255 
-1.23259 2.38693 2.65118 190 190 190 255 
-1.22006 2.39332 2.66329 190 190 190 255 
-1.19139 2.4028 2.74678 190 190 190 255 
-1.16484 2.40981 2.82156 190 190 190 255 
-1.08695 2.413 3.00769 190 190 190 255 
-1.25542 2.34434 3.45046 190 190 190 255 
-1.32821 2.32268 3.434 190 190 190 255 
-1.14359 2.413 2.87804 190 190 190 255 
-1.15422 2.41141 2.8498 190 190 190 255 
-1.09086 2.36785 3.41537 190 190 190 255 
-1.06666 2.413 3.02905 190 190 190 255 
-1.99352 1.36621 15.803 190 190 190 255 
-1.92141 1.35183 16.4325 190 190 190 255 
-2.06932 1.35207 15.8013 190 190 190 255 
-2.13256 1.2963 16.9735 190 190 190 255 
-2.01026 1.32256 16.9805 190 190 190 255 
-2.29783 1.21179 16.9628 190 190 190 255 
-2.29684 1.2124 16.9629 190 190 190 255 
-2.23075 1.25308 16.9673 190 190 190 255 
-2.21455 1.29607 15.7969 190 190 190 255 
-2.22107 1.25904 16.968 190 190 190 255 
-2.38015 1.14294 16.9566 190 190 190 255 
-2.35525 1.16425 16.9585 190 190 190 255 
-2.35037 1.16843 16.9589 190 190 190 255 
-2.39249 1.15479 15.7886 190 190 190 255 
-2.41061 1.10687 16.9541 190 190 190 255 
-2.45627 1.0486 16.9501 190 190 190 255 
-2.50108 0.973045 16.9456 190 190 190 255 
-2.45958 1.04304 16.9497 190 190 190 255 
-2.50729 0.964812 15.7794 190 190 190 255 
-2.50605 0.968127 15.7103 190 190 190 255 
-2.46039 1.07615 14.5102 190 190 190 255 
-2.37724 1.25152 11.6489 190 190 190 255 
-2.27178 1.43271 9.76162 190 190 190 255 
-2.28464 1.41225 10.2282 190 190 190 255 
-2.23436 1.49168 9.22851 190 190 190 255 
-2.23591 1.48856 9.22819 190 190 190 255 
-2.22546 1.50358 9.09363 190 190 190 255 
-2.06833 1.71452 7.28421 190 190 190 255 
-2.1248 1.64121 8.23811 190 190 190 255 
-2.15779 1.60013 8.23228 190 190 190 255 
-1.94891 1.84403 6.69583 190 190 190 255 
-2.00032 1.79171 6.68613 190 190 190 255 
-2.01274 1.77762 6.79533 190 190 190 255 
-1.63846 2.12825 4.28777 190 190 190 255 
-1.76022 2.02338 5.38898 190 190 190 255 
-1.82598 1.96935 5.37555 190 190 190 255 
-1.443 2.26494 3.40531 190 190 190 255 
-1.49058 2.23512 3.59247 190 190 190 255 
-1.24116 2.38266 2.68498 190 190 190 255 
-1.83683 1.68579 10.2694 190 190 190 255 
-1.86246 1.7508 9.27033 190 190 190 255 
-1.93642 1.72772 9.26436 190 190 190 255 
-1.98656 1.64873 10.2598 190 190 190 255 
-2.05766 1.61642 10.2541 190 190 190 255 
-2.12464 1.57531 10.2479 190 190 190 255 
-2.12881 1.61168 9.24421 190 190 190 255 
-2.18519 1.5553 9.23646 190 190 190 255 
-2.23544 1.47595 10.2353 190 190 190 255 
-1.54876 2.18619 4.30783 190 190 190 255 
-1.39816 2.29186 3.41698 190 190 190 255 
-1.47836 2.21742 4.32197 190 190 190 255 
-1.18093 2.35675 3.46612 190 190 190 255 
-1.74024 2.04674 4.83433 190 190 190 255 
-1.61509 2.14613 4.29328 190 190 190 255 
-1.6229 2.09535 5.41275 190 190 190 255 
-1.4051 2.23951 4.33548 190 190 190 255 
-1.47402 2.13097 5.43393 190 190 190 255 
-1.33012 2.25234 4.34819 190 190 190 255 
-1.26129 2.24887 4.4211 190 190 190 255 
-1.5243 2.00119 6.74923 190 190 190 255 
-1.85836 1.94012 5.57993 190 190 190 255 
-1.8143 1.98111 5.37811 190 190 190 255 
-1.69361 2.06378 5.4011 190 190 190 255 
-1.82789 1.92722 6.71486 190 190 190 255 
-1.75699 1.95908 6.72433 190 190 190 255 
-1.54932 2.11779 5.42374 190 190 190 255 
-1.60769 1.99528 6.7412 190 190 190 255 
-2.03154 1.75627 6.96072 190 190 190 255 
-1.89468 1.88654 6.70488 190 190 190 255 
-2.01412 1.74019 8.25425 190 190 190 255 
-1.87619 1.8132 8.26988 190 190 190 255 
-1.6832 1.98181 6.73315 190 190 190 255 
-1.72664 1.84987 8.28303 190 190 190 255 
-1.78677 1.76461 9.27563 190 190 190 255 
-2.16229 1.59438 8.27997 190 190 190 255 
-2.06845 1.69749 8.24685 190 190 190 255 
-2.07444 1.65449 9.25074 190 190 190 255 
-2.00749 1.69551 9.2578 190 190 190 255 
-1.94721 1.7811 8.26232 190 190 190 255 
-1.80228 1.83617 8.27681 190 190 190 255 
-2.17903 1.53243 10.2421 190 190 190 255 
-2.20259 1.43361 12.291 190 190 190 255 
-2.13557 1.47486 12.2957 190 190 190 255 
-1.99039 1.5306 12.3037 190 190 190 255 
-1.91256 1.6719 10.2649 190 190 190 255 
-1.91462 1.54462 12.3069 190 190 190 255 
-1.89027 1.43015 14.5385 190 190 190 255 
-1.88253 1.44962 14.0675 190 190 190 255 
-2.36267 1.27015 12.2758 190 190 190 255 
-2.41939 1.14641 14.5144 190 190 190 255 
-2.37016 1.21035 14.5184 190 190 190 255 
-2.31345 1.33399 12.2813 190 190 190 255 
-2.25701 1.3906 12.2866 190 190 190 255 
-2.19222 1.3515 14.5287 190 190 190 255 
-2.06443 1.5073 12.2999 190 190 190 255 
-2.04701 1.40744 14.5343 190 190 190 255 
-1.97122 1.42154 14.5365 190 190 190 255 
-2.48274 1.02052 15.7819 190 190 190 255 
-2.44174 1.09082 15.7853 190 190 190 255 
-2.3137 1.26706 14.5223 190 190 190 255 
-2.33603 1.21154 15.7917 190 190 190 255 
-2.28159 1.25467 15.7942 190 190 190 255 
-2.25927 1.31015 14.5254 190 190 190 255 
-2.14338 1.32864 15.7993 190 190 190 255 
-2.12106 1.38404 14.5317 190 190 190 255 
-1.91109 1.37779 15.8047 190 190 190 255 
-2.61949 0.364859 12.13 190 190 190 255 
-2.62578 0.376898 12.16 190 190 190 255 
-2.60102 0.329476 16.8661 190 190 190 255 
-2.62413 0.373739 15.9597 190 190 190 255 
-2.60102 0.329476 11.5321 190 190 190 255 
-2.38462 -0.0850722 15.6891 190 190 190 255 
-2.59144 0.31112 15.8886 190 190 190 255 
-2.60102 0.329476 15.3421 190 190 190 255 
-2.61949 0.364859 15.94 190 190 190 255 
-2.38462 -0.0850722 10.3551 190 190 190 255 
-2.59144 0.31112 10.0194 190 190 190 255 
-2.60947 0.345659 9.99391 190 190 190 255 
-2.60102 0.329476 10.5659 190 190 190 255 
-2.60947 0.345659 10.5801 190 190 190 255 
-2.61654 0.359202 10.5969 190 190 190 255 
-2.62203 0.369716 10.6157 190 190 190 255 
-2.59144 0.31112 16.1154 190 190 190 255 
-2.62792 0.381 16.764 190 190 190 255 
-2.62768 0.380542 16.7748 190 190 190 255 
-2.37314 -0.10708 17.0936 190 190 190 255 
-2.60947 0.345659 9.23191 190 190 190 255 
-2.59144 0.31112 13.0674 190 190 190 255 
-2.60102 0.329476 13.6139 190 190 190 255 
-2.60947 0.345659 13.6281 190 190 190 255 
-2.61654 0.359202 13.6449 190 190 190 255 
-2.36818 -0.12223 17.1196 190 190 190 255 
-2.36779 -0.117315 11.8482 190 190 190 255 
-2.37887 -0.0960856 11.7497 190 190 190 255 
-2.60947 0.345659 12.2799 190 190 190 255 
-2.62413 0.373739 12.9117 190 190 190 255 
-2.62578 0.376898 12.922 190 190 190 255 
-2.59144 0.31112 9.25743 190 190 190 255 
-2.59144 0.31112 9.79257 190 190 190 255 
-2.60102 0.329476 9.80386 190 190 190 255 
-2.62578 0.376898 16.796 190 190 190 255 
-2.62413 0.373739 16.8063 190 190 190 255 
-2.36779 -0.117315 15.6582 190 190 190 255 
-2.6495 0.422343 7.19659 190 190 190 255 
-2.38462 -0.0850722 7.30706 190 190 190 255 
-2.65211 0.427345 7.24538 190 190 190 255 
-2.59144 0.31112 7.50657 190 190 190 255 
-2.3662 -0.120357 7.27012 190 190 190 255 
-2.36495 -0.122759 7.26407 190 190 190 255 
-2.36397 -0.124636 7.25783 190 190 190 255 
-2.60102 0.329476 12.8519 190 190 190 255 
-2.61949 0.364859 12.892 190 190 190 255 
-2.36956 -0.113921 16.4257 190 190 190 255 
-2.37887 -0.0960856 16.4443 190 190 190 255 
-2.38462 -0.0850722 16.4511 190 190 190 255 
-2.60102 0.329476 16.6619 190 190 190 255 
-2.60947 0.345659 16.0899 190 190 190 255 
-2.61949 0.364859 16.826 190 190 190 255 
-2.62203 0.369716 8.32967 190 190 190 255 
-2.37381 -0.105795 13.3877 190 190 190 255 
-2.38462 -0.0850722 13.4031 190 190 190 255 
-2.38462 -0.0850722 16.3149 190 190 190 255 
-2.62203 0.369716 9.09167 190 190 190 255 
-2.62413 0.373739 9.10167 190 190 190 255 
-2.62578 0.376898 9.11198 190 190 190 255 
-2.60102 0.329476 8.27986 190 190 190 255 
-2.60102 0.329476 7.72214 190 190 190 255 
-2.60947 0.345659 7.70791 190 190 190 255 
-2.37381 -0.105795 9.57774 190 190 190 255 
-2.36956 -0.113921 13.3777 190 190 190 255 
-2.36779 -0.117315 13.3722 190 190 190 255 
-2.37381 -0.105795 13.2823 190 190 190 255 
-2.37375 -0.105902 7.29163 190 190 190 255 
-2.37884 -0.0961479 7.30024 190 190 190 255 
-2.3641 -0.12438 7.21919 190 190 190 255 
-2.59144 0.31112 8.49543 190 190 190 255 
-2.60102 0.329476 8.48414 190 190 190 255 
-2.60947 0.345659 9.05609 190 190 190 255 
-2.61654 0.359202 9.07286 190 190 190 255 
-2.38462 -0.0850722 12.5049 190 190 190 255 
-2.37887 -0.0960856 12.6343 190 190 190 255 
-2.38462 -0.0850722 12.6411 190 190 190 255 
-2.36956 -0.113921 9.56769 190 190 190 255 
-2.36779 -0.117315 9.56218 190 190 190 255 
-2.61654 0.359202 7.54885 190 190 190 255 
-2.61949 0.364859 15.178 190 190 190 255 
-2.60947 0.345659 14.5659 190 190 190 255 
-2.60102 0.329476 10.7701 190 190 190 255 
-2.60947 0.345659 11.3421 190 190 190 255 
-2.61949 0.364859 11.368 190 190 190 255 
-2.37887 -0.0960856 12.5117 190 190 190 255 
-2.36291 -0.126677 7.23199 190 190 190 255 
-2.36274 -0.126998 7.2385 190 190 190 255 
-2.36286 -0.126763 7.245 190 190 190 255 
-2.62203 0.369716 14.4257 190 190 190 255 
-2.62578 0.376898 14.446 190 190 190 255 
-2.38462 -0.0850722 14.7909 190 190 190 255 
-2.38462 -0.0850722 14.9271 190 190 190 255 
-2.59144 0.31112 14.5914 190 190 190 255 
-2.60102 0.329476 14.5801 190 190 190 255 
-2.61654 0.359202 15.1689 190 190 190 255 
-2.37887 -0.0960856 8.06228 190 190 190 255 
-2.38462 -0.0850722 8.06906 190 190 190 255 
-2.36956 -0.113921 11.7683 190 190 190 255 
-2.36627 -0.12023 11.8424 190 190 190 255 
-2.36501 -0.122643 11.7856 190 190 190 255 
-2.36501 -0.122643 11.8364 190 190 190 255 
-2.36402 -0.124539 11.8302 190 190 190 255 
-2.36402 -0.124539 11.7918 190 190 190 255 
-2.36331 -0.125903 11.7981 190 190 190 255 
-2.36288 -0.126725 11.8175 190 190 190 255 
-2.36288 -0.126725 11.8045 190 190 190 255 
-2.38462 -0.0850722 14.0289 190 190 190 255 
-2.38462 -0.0850722 14.1651 190 190 190 255 
-2.59144 0.31112 13.8294 190 190 190 255 
-2.60102 0.329476 13.8181 190 190 190 255 
-2.60102 0.329476 14.3759 190 190 190 255 
-2.60947 0.345659 13.8039 190 190 190 255 
-2.37381 -0.105795 8.81574 190 190 190 255 
-2.37887 -0.0960856 8.82428 190 190 190 255 
-2.36779 -0.117315 15.5838 190 190 190 255 
-2.36627 -0.12023 15.5896 190 190 190 255 
-2.36501 -0.122643 15.5956 190 190 190 255 
-2.36331 -0.125903 15.6339 190 190 190 255 
-2.36288 -0.126725 15.6145 190 190 190 255 
-2.37381 -0.105795 11.1017 190 190 190 255 
-2.36956 -0.113921 8.80569 190 190 190 255 
-2.38462 -0.0850722 8.69494 190 190 190 255 
-2.37381 -0.105795 8.71025 190 190 190 255 
-2.38462 -0.0850722 10.9809 190 190 190 255 
-2.37887 -0.0960856 10.9877 190 190 190 255 
-2.36779 -0.117315 11.0862 190 190 190 255 
-2.36779 -0.117315 10.2498 190 190 190 255 
-2.36501 -0.122643 10.2616 190 190 190 255 
-2.36402 -0.124539 10.3062 190 190 190 255 
-2.36402 -0.124539 10.2678 190 190 190 255 
-2.36331 -0.125903 10.2999 190 190 190 255 
-2.36331 -0.125903 10.2741 190 190 190 255 
-2.36956 -0.113921 16.3403 190 190 190 255 
-2.36779 -0.117315 16.4202 190 190 190 255 
-2.36627 -0.12023 16.3516 190 190 190 255 
-2.36402 -0.124539 16.3638 190 190 190 255 
-2.36402 -0.124539 16.4022 190 190 190 255 
-2.36288 -0.126725 16.3765 190 190 190 255 
-2.37887 -0.0960856 14.1583 190 190 190 255 
-2.37381 -0.105795 14.8063 190 190 190 255 
-2.36627 -0.12023 13.3036 190 190 190 255 
-2.36501 -0.122643 13.3096 190 190 190 255 
-2.36331 -0.125903 13.3479 190 190 190 255 
-2.36288 -0.126725 13.3415 190 190 190 255 
-2.36288 -0.126725 13.3285 190 190 190 255 
-2.36779 -0.117315 14.1342 190 190 190 255 
-2.36627 -0.12023 9.4936 190 190 190 255 
-2.36501 -0.122643 9.49961 190 190 190 255 
-2.36501 -0.122643 9.5504 190 190 190 255 
-2.36402 -0.124539 9.54421 190 190 190 255 
-2.36331 -0.125903 9.53788 190 190 190 255 
-2.36402 -0.124539 9.50579 190 190 190 255 
-2.36288 -0.126725 9.53147 190 190 190 255 
-2.36779 -0.117315 12.6102 190 190 190 255 
-2.36956 -0.113921 12.5303 190 190 190 255 
-2.36627 -0.12023 12.6044 190 190 190 255 
-2.36627 -0.12023 12.5416 190 190 190 255 
-2.36501 -0.122643 12.5984 190 190 190 255 
-2.36402 -0.124539 12.5922 190 190 190 255 
-2.36501 -0.122643 12.5476 190 190 190 255 
-2.36288 -0.126725 12.5795 190 190 190 255 
-2.62792 0.381 16.002 190 190 190 255 
-2.62768 0.380542 16.0128 190 190 190 255 
-2.62578 0.376898 16.034 190 190 190 255 
-2.62203 0.369716 16.0543 190 190 190 255 
-2.61949 0.364859 16.064 190 190 190 255 
-2.36627 -0.12023 8.0324 190 190 190 255 
-2.36779 -0.117315 7.96382 190 190 190 255 
-2.36627 -0.12023 7.9696 190 190 190 255 
-2.36402 -0.124539 7.98179 190 190 190 255 
-2.36331 -0.125903 8.01388 190 190 190 255 
-2.36288 -0.126725 8.00747 190 190 190 255 
-2.36274 -0.127 8.001 190 190 190 255 
-2.36779 -0.117315 8.80018 190 190 190 255 
-2.36627 -0.12023 8.7944 190 190 190 255 
-2.36779 -0.117315 8.72582 190 190 190 255 
-2.36501 -0.122643 8.7884 190 190 190 255 
-2.36501 -0.122643 8.7376 190 190 190 255 
-2.36402 -0.124539 8.78221 190 190 190 255 
-2.36288 -0.126725 8.76946 190 190 190 255 
-2.36627 -0.12023 11.0804 190 190 190 255 
-2.36779 -0.117315 11.0118 190 190 190 255 
-2.36627 -0.12023 11.0176 190 190 190 255 
-2.36501 -0.122643 11.0236 190 190 190 255 
-2.36402 -0.124539 11.0298 190 190 190 255 
-2.36331 -0.125903 11.0619 190 190 190 255 
-2.36288 -0.126725 11.0555 190 190 190 255 
-2.36331 -0.125903 11.0361 190 190 190 255 
-2.62578 0.376898 7.58799 190 190 190 255 
-2.62696 0.379172 7.59853 190 190 190 255 
-2.36779 -0.117315 14.8962 190 190 190 255 
-2.36779 -0.117315 14.8218 190 190 190 255 
-2.36501 -0.122643 14.8844 190 190 190 255 
-2.36501 -0.122643 14.8336 190 190 190 255 
-2.36402 -0.124539 14.8782 190 190 190 255 
-2.36402 -0.124539 14.8398 190 190 190 255 
-2.36288 -0.126725 14.8655 190 190 190 255 
-2.36288 -0.126725 14.8525 190 190 190 255 
-2.62768 0.380542 7.63078 190 190 190 255 
-2.37381 -0.105795 14.0443 190 190 190 255 
-2.36779 -0.117315 14.0598 190 190 190 255 
-2.36627 -0.12023 14.1284 190 190 190 255 
-2.36501 -0.122643 14.0716 190 190 190 255 
-2.36331 -0.125903 14.1099 190 190 190 255 
-2.36288 -0.126725 14.1035 190 190 190 255 
-2.36288 -0.126725 14.0905 190 190 190 255 
-2.36274 -0.127 14.097 190 190 190 255 
-2.62768 0.380542 7.60922 190 190 190 255 
-2.6523 0.427695 7.26831 190 190 190 255 
-2.65497 0.42793 17.0373 190 190 190 255 
-2.62203 0.369716 9.19633 190 190 190 255 
-2.61949 0.364859 7.55804 190 190 190 255 
-2.62203 0.369716 7.56767 190 190 190 255 
-2.62768 0.380542 8.37123 190 190 190 255 
-2.61654 0.359202 7.69114 190 190 190 255 
-2.62203 0.369716 7.67233 190 190 190 255 
-2.62696 0.379172 9.88453 190 190 190 255 
-2.62792 0.381 9.906 190 190 190 255 
-2.62578 0.376898 11.398 190 190 190 255 
-2.62768 0.380542 11.4192 190 190 190 255 
-2.61654 0.359202 10.7391 190 190 190 255 
-2.62203 0.369716 10.7203 190 190 190 255 
-2.62578 0.376898 9.93802 190 190 190 255 
-2.62203 0.369716 9.95833 190 190 190 255 
-2.62578 0.376898 11.462 190 190 190 255 
-2.62413 0.373739 11.4723 190 190 190 255 
-2.61654 0.359202 9.97714 190 190 190 255 
-2.62792 0.381 10.668 190 190 190 255 
-2.62696 0.379172 13.7375 190 190 190 255 
-2.62792 0.381 14.478 190 190 190 255 
-2.62203 0.369716 13.7683 190 190 190 255 
-2.62768 0.380542 14.4888 190 190 190 255 
-2.62578 0.376898 14.51 190 190 190 255 
-2.62413 0.373739 14.5203 190 190 190 255 
-2.62203 0.369716 14.5303 190 190 190 255 
-2.62696 0.379172 15.2615 190 190 190 255 
-2.62578 0.376898 15.272 190 190 190 255 
-2.62768 0.380542 9.15478 190 190 190 255 
-2.62696 0.379172 9.16547 190 190 190 255 
-2.62578 0.376898 8.41401 190 190 190 255 
-2.62792 0.381 9.144 190 190 190 255 
-2.62413 0.373739 8.42433 190 190 190 255 
-2.62203 0.369716 8.43433 190 190 190 255 
-2.62413 0.373739 12.2343 190 190 190 255 
-2.62696 0.379172 12.1705 190 190 190 255 
-2.60947 0.345659 11.5179 190 190 190 255 
-2.61949 0.364859 11.492 190 190 190 255 
-2.62792 0.381 12.192 190 190 190 255 
-2.62203 0.369716 11.4823 190 190 190 255 
-2.62768 0.380542 13.7052 190 190 190 255 
-2.61654 0.359202 13.0251 190 190 190 255 
-2.62203 0.369716 13.0063 190 190 190 255 
-2.62696 0.379172 14.4565 190 190 190 255 
-2.62768 0.380542 14.4672 190 190 190 255 
-2.61654 0.359202 13.7871 190 190 190 255 
-2.61949 0.364859 13.778 190 190 190 255 
-2.62696 0.379172 15.2185 190 190 190 255 
-2.62768 0.380542 15.2292 190 190 190 255 
-2.61654 0.359202 14.5491 190 190 190 255 
-2.62792 0.381 15.24 190 190 190 255 
-2.62203 0.369716 15.2923 190 190 190 255 
-2.61654 0.359202 8.45315 190 190 190 255 
-2.62768 0.380542 12.9432 190 190 190 255 
-2.62792 0.381 12.954 190 190 190 255 
-2.61949 0.364859 12.254 190 190 190 255 
-2.62203 0.369716 12.2443 190 190 190 255 
-2.62696 0.379172 10.6895 190 190 190 255 
-2.62768 0.380542 12.9648 190 190 190 255 
-2.62792 0.381 13.716 190 190 190 255 
-2.62768 0.380542 13.7268 190 190 190 255 
-2.62792 0.381 11.43 190 190 190 255 
-2.62696 0.379172 8.40347 190 190 190 255 
-2.62696 0.379172 12.2135 190 190 190 255 
-2.48025 1.03105 6.50527 190 190 190 255 
-2.51671 0.938827 6.66696 190 190 190 255 
-1.83619 1.95874 3.64854 190 190 190 255 
-2.02374 1.58953 3.55682 190 190 190 255 
-2.64863 0.420679 7.18037 190 190 190 255 
-2.6491 0.430529 7.18898 190 190 190 255 
-2.61247 0.511868 6.93573 190 190 190 255 
-2.62987 0.45811 7.03798 190 190 190 255 
-2.55723 0.708819 6.61607 190 190 190 255 
-2.56557 0.667928 6.66333 190 190 190 255 
-2.52073 0.802981 6.40407 190 190 190 255 
-2.51963 0.784396 6.39648 190 190 190 255 
-2.20613 1.32429 4.57688 190 190 190 255 
-2.25845 1.2423 4.87955 190 190 190 255 
-2.12616 1.39411 4.11121 190 190 190 255 
-2.02782 1.49009 3.54003 190 190 190 255 
-2.02825 1.51333 3.54376 190 190 190 255 
-1.9431 1.58043 3.04827 190 190 190 255 
-1.92163 1.74414 3.06164 190 190 190 255 
-2.00983 1.66494 3.57137 190 190 190 255 
-1.93628 1.66584 3.05487 190 190 190 255 
-1.86132 1.88776 3.0769 190 190 190 255 
-1.83124 1.93897 3.08305 190 190 190 255 
-1.86247 1.93495 3.64027 190 190 190 255 
-1.91248 1.87455 3.62192 190 190 190 255 
-1.74657 2.04121 3.25118 190 190 190 255 
-2.01219 1.77463 4.20101 190 190 190 255 
-1.96486 1.82948 4.21917 190 190 190 255 
-2.27146 1.4325 5.57923 190 190 190 255 
-2.17748 1.57127 5.16236 190 190 190 255 
-2.21451 1.51365 5.11723 190 190 190 255 
-2.17314 1.57731 5.1393 190 190 190 255 
-2.14197 1.62159 5.00483 190 190 190 255 
-2.33411 1.33022 5.85708 190 190 190 255 
-2.3662 1.27006 5.99942 190 190 190 255 
-2.48755 1.01397 6.49708 190 190 190 255 
-2.43144 1.14 6.28877 190 190 190 255 
-2.54583 0.847657 6.68449 190 190 190 255 
-2.64731 0.41815 7.1557 190 190 190 255 
-2.46976 1.03165 6.24266 190 190 190 255 
-2.52376 0.921002 6.69821 190 190 190 255 
-2.16594 1.35529 4.34225 190 190 190 255 
-2.20219 1.39988 4.59327 190 190 190 255 
-2.18885 1.47467 4.61112 190 190 190 255 
-2.10874 1.56582 4.14583 190 190 190 255 
-2.08573 1.63896 4.1633 190 190 190 255 
-2.16611 1.54751 4.63017 190 190 190 255 
-2.13409 1.6172 4.65017 190 190 190 255 
-2.05345 1.70895 4.18178 190 190 190 255 
-2.09308 1.68259 4.67083 190 190 190 255 
-2.5191 0.874432 6.43391 190 190 190 255 
-2.55624 0.778607 6.64964 190 190 190 255 
-2.60037 0.57463 6.86664 190 190 190 255 
-2.64036 0.404828 7.10224 190 190 190 255 
-2.62814 0.443143 7.02674 190 190 190 255 
-2.63793 0.400189 7.08362 190 190 190 255 
-2.63145 0.541351 7.1759 190 190 190 255 
-2.6269 0.56103 7.15573 190 190 190 255 
-2.63124 0.519467 7.08522 190 190 190 255 
-2.6224 0.579886 7.13323 190 190 190 255 
-2.60051 0.640883 6.90675 190 190 190 255 
-2.59122 0.706436 6.94807 190 190 190 255 
-2.4813 0.95984 6.21436 190 190 190 255 
-2.50805 0.945127 6.46506 190 190 190 255 
-2.36145 1.26787 5.76473 190 190 190 255 
-2.44878 1.10157 6.27191 190 190 190 255 
-2.48342 0.887267 6.18739 190 190 190 255 
-2.33038 1.33618 5.79024 190 190 190 255 
-2.26861 1.37197 5.07438 190 190 190 255 
-2.3832 1.19648 5.73991 190 190 190 255 
-2.39552 1.12317 5.71615 190 190 190 255 
-2.28161 1.29762 5.05455 190 190 190 255 
-2.28521 1.22247 5.03615 190 190 190 255 
-2.39843 1.04908 5.69378 190 190 190 255 
-2.39322 1.04167 5.66229 190 190 190 255 
-2.24621 1.44437 5.09538 190 190 190 255 
-1.95399 1.80862 3.60415 190 190 190 255 
-1.98654 1.73836 3.58722 190 190 190 255 
-2.12236 1.4907 4.12962 190 190 190 255 
-2.12658 1.41479 4.11487 190 190 190 255 
-1.77192 2.01413 3.09339 190 190 190 255 
-1.81864 1.95493 3.08525 190 190 190 255 
-1.76717 2.0186 3.09411 190 190 190 255 
-1.7682 2.01763 3.09395 190 190 190 255 
-1.76743 2.01888 1.42693e-008 190 190 190 255 
-1.86303 1.88505 1.42693e-008 190 190 190 255 
-1.83186 1.93946 1.42693e-008 190 190 190 255 
-1.8377 1.93078 3.08193 190 190 190 255 
-1.91864 1.75498 1.42693e-008 190 190 190 255 
-1.91789 1.75472 3.0627 190 190 190 255 
-1.89661 1.81367 1.42693e-008 190 190 190 255 
-1.89593 1.81675 3.06895 190 190 190 255 
-1.888 1.83915 3.07121 190 190 190 255 
-1.88189 1.85028 3.07251 190 190 190 255 
-1.93782 1.65928 1.42693e-008 190 190 190 255 
-1.93837 1.65464 3.05391 190 190 190 255 
-1.93932 1.64959 3.05347 190 190 190 255 
-1.94264 1.58877 3.0489 190 190 190 255 
-1.93874 1.65471 1.42693e-008 190 190 190 255 
-1.17012 2.41295 1.96718 190 190 190 255 
-1.16356 2.41299 1.95256 190 190 190 255 
-1.1567 2.413 1.92207 190 190 190 255 
-1.16205 2.413 1.9492 190 190 190 255 
-1.1811 2.413 1.42693e-008 190 190 190 255 
-1.14768 2.413 0.484353 190 190 190 255 
-1.14239 2.413 0.294605 190 190 190 255 
-1.13927 2.413 0.118513 190 190 190 255 
-1.1557 2.413 0.772511 190 190 190 255 
-1.03026 2.30587 0.772511 190 190 190 255 
-1.03293 2.31698 1.90898 190 190 190 255 
-1.03492 2.32525 0.772511 190 190 190 255 
-1.03808 2.33288 0.772511 190 190 190 255 
-1.04254 2.34366 0.772511 190 190 190 255 
-1.04254 2.34366 1.90898 190 190 190 255 
-1.04314 2.34463 0.772511 190 190 190 255 
-1.05295 2.36065 1.90898 190 190 190 255 
-1.05295 2.36065 0.772511 190 190 190 255 
-1.05773 2.36624 0.772511 190 190 190 255 
-1.0659 2.3758 0.772511 190 190 190 255 
-1.07443 2.38309 1.90898 190 190 190 255 
-1.08105 2.38875 0.772511 190 190 190 255 
-1.08705 2.39242 0.772511 190 190 190 255 
-1.09804 2.39916 0.772511 190 190 190 255 
-1.13583 2.41144 0.772511 190 190 190 255 
-1.11645 2.40678 0.772511 190 190 190 255 
-1.14455 2.41212 1.90898 190 190 190 255 
-1.13583 2.41144 1.90898 190 190 190 255 
-0.420213 1.12205 1.97858 190 190 190 255 
-0.431682 1.06814 1.97801 190 190 190 255 
-0.436661 1.07541 1.97039 190 190 190 255 
-0.59736 0.836423 1.91853 190 190 190 255 
-0.568996 0.847168 1.92531 190 190 190 255 
-0.347267 1.36707 2.05647 190 190 190 255 
-0.553098 0.954213 1.91177 190 190 190 255 
-0.590977 0.953902 1.89231 190 190 190 255 
-0.592745 0.953247 1.89198 190 190 190 255 
-0.67168 0.930816 1.88025 190 190 190 255 
-0.669445 0.911089 1.88922 190 190 190 255 
-0.596287 0.951937 1.89131 190 190 190 255 
-0.633075 0.938712 1.88457 190 190 190 255 
-0.561997 0.970294 1.89979 190 190 190 255 
-0.520002 0.980239 1.92298 190 190 190 255 
-0.490855 1.01189 1.9345 190 190 190 255 
-0.472954 1.06371 1.93012 190 190 190 255 
-0.445342 1.08956 1.95426 190 190 190 255 
-0.443042 1.1241 1.941 190 190 190 255 
-0.419723 1.18592 1.95487 190 190 190 255 
-0.420825 1.19687 1.94599 190 190 190 255 
-0.422848 1.19024 1.94553 190 190 190 255 
-0.426556 1.1781 1.9447 190 190 190 255 
-0.428937 1.13408 1.96085 190 190 190 255 
-0.404091 1.2914 1.9423 190 190 190 255 
-0.405236 1.28493 1.94255 190 190 190 255 
-0.394573 1.41993 1.92182 190 190 190 255 
-0.397351 1.38241 1.9278 190 190 190 255 
-0.394259 1.43982 1.91726 190 190 190 255 
-0.390867 1.3792 1.96229 190 190 190 255 
-0.391046 1.47592 1.94 190 190 190 255 
-0.388936 1.47592 1.95359 190 190 190 255 
-0.386639 1.47592 1.9684 190 190 190 255 
-0.384022 1.47592 1.97632 190 190 190 255 
-0.383 1.47592 1.97941 190 190 190 255 
-0.376394 1.37401 2.00631 190 190 190 255 
-0.380346 1.47592 1.98744 190 190 190 255 
-0.376664 1.47592 1.99858 190 190 190 255 
-0.356403 1.47593 2.04061 190 190 190 255 
-0.373828 1.42727 2.00852 190 190 190 255 
-0.373395 1.47592 2.00848 190 190 190 255 
-0.351507 1.42477 2.04953 190 190 190 255 
-0.348997 1.47593 2.05211 190 190 190 255 
-0.337766 1.42351 2.06812 190 190 190 255 
-0.343328 1.47593 2.05961 190 190 190 255 
-0.335012 1.36308 2.07165 190 190 190 255 
-0.355362 1.1765 2.05045 190 190 190 255 
-0.348277 1.22684 2.05776 190 190 190 255 
-0.337576 1.30289 2.06881 190 190 190 255 
-0.38474 1.06992 2.02394 190 190 190 255 
-0.401635 1.03058 2.01074 190 190 190 255 
-0.53757 0.865086 1.93598 190 190 190 255 
-0.534033 0.89157 1.93584 190 190 190 255 
-0.526497 0.871541 1.9398 190 190 190 255 
-0.614765 0.830108 1.91438 190 190 190 255 
-0.662346 0.819103 1.90741 190 190 190 255 
-0.704118 0.8157 1.90505 190 190 190 255 
-0.7112 0.816555 1.90493 190 190 190 255 
-0.7112 0.815671 1.905 190 190 190 255 
-0.430317 0.99021 1.98942 190 190 190 255 
-0.458512 0.947434 1.97213 190 190 190 255 
-0.45762 1.03245 1.95971 190 190 190 255 
-0.487877 0.902501 1.95676 190 190 190 255 
-0.513446 0.961042 1.93413 190 190 190 255 
-0.50568 0.941191 1.94366 190 190 190 255 
-0.541348 0.912978 1.92966 190 190 190 255 
-0.575056 0.868987 1.92249 190 190 190 255 
-0.614712 0.82985 1.91439 190 190 190 255 
-0.617599 0.828756 1.9137 190 190 190 255 
-0.7112 0.862791 1.89998 190 190 190 255 
-0.554186 0.974712 1.90181 190 190 190 255 
-0.625881 0.898114 1.90214 190 190 190 255 
-0.622626 0.875813 1.90824 190 190 190 255 
-0.670526 0.931052 1.88038 190 190 190 255 
-0.7112 0.90802 1.88694 190 190 190 255 
-0.7112 0.907121 1.88731 190 190 190 255 
-0.668077 0.889257 1.89681 190 190 190 255 
-0.589559 0.934022 1.90185 190 190 190 255 
-0.628611 0.919657 1.89411 190 190 190 255 
-0.666443 0.866651 1.90243 190 190 190 255 
-0.7112 0.885385 1.89463 190 190 190 255 
-0.403781 1.10321 2.00311 190 190 190 255 
-0.391581 1.15579 2.0108 190 190 190 255 
-0.420501 1.0533 1.99225 190 190 190 255 
-0.42629 1.06076 1.98531 190 190 190 255 
-0.409689 1.10957 1.99525 190 190 190 255 
-0.415171 1.11586 1.98707 190 190 190 255 
-0.397433 1.16103 2.0021 190 190 190 255 
-0.436474 0.998781 1.9843 190 190 190 255 
-0.447776 1.01579 1.97278 190 190 190 255 
-0.464093 0.956897 1.96802 190 190 190 255 
-0.395647 1.32996 1.95847 190 190 190 255 
-0.394963 1.38158 1.93977 190 190 190 255 
-0.397831 1.37594 1.92883 190 190 190 255 
-0.402814 1.28243 1.95259 190 190 190 255 
-0.397958 1.33189 1.94739 190 190 190 255 
-0.40098 1.33341 1.93561 190 190 190 255 
-0.393314 1.47592 1.91929 190 190 190 255 
-0.393177 1.38041 1.95104 190 190 190 255 
-0.38803 1.37795 1.97348 190 190 190 255 
-0.384669 1.37666 1.98457 190 190 190 255 
-0.3929 1.2738 1.98462 190 190 190 255 
-0.380787 1.37535 1.99553 190 190 190 255 
-0.388578 1.27078 1.99502 190 190 190 255 
-0.400021 1.27963 1.96337 190 190 190 255 
-0.406735 1.22988 1.96553 190 190 190 255 
-0.396716 1.27675 1.97406 190 190 190 255 
-0.403035 1.22604 1.97577 190 190 190 255 
-0.394147 1.21807 1.99575 190 190 190 255 
-0.388975 1.21398 2.00541 190 190 190 255 
-0.383757 1.2677 2.00522 190 190 190 255 
-0.37845 1.26457 2.0152 190 190 190 255 
-0.412239 1.17628 1.97438 190 190 190 255 
-0.398837 1.2221 1.98586 190 190 190 255 
-0.402835 1.1662 1.99311 190 190 190 255 
-0.465909 1.04855 1.94528 190 190 190 255 
-0.4833 0.99409 1.94723 190 190 190 255 
-0.547724 0.933944 1.9216 190 190 190 255 
-0.409471 1.26101 1.94349 190 190 190 255 
-0.409933 1.23363 1.95516 190 190 190 255 
-0.416224 1.18116 1.96471 190 190 190 255 
-0.407774 1.17129 1.98386 190 190 190 255 
-0.474351 0.975685 1.95846 190 190 190 255 
-0.496779 0.920925 1.95139 190 190 190 255 
-0.358841 1.31275 2.04202 190 190 190 255 
-0.3715 1.37265 2.01689 190 190 190 255 
-0.332456 1.42309 2.07449 190 190 190 255 
-0.334953 1.36446 2.07172 190 190 190 255 
-0.363589 1.42603 2.02958 190 190 190 255 
-0.360275 1.36988 2.03729 190 190 190 255 
-0.370968 1.31725 2.02246 190 190 190 255 
-0.372672 1.2614 2.02491 190 190 190 255 
-0.363763 1.19716 2.04115 190 190 190 255 
-0.371508 1.13984 2.03485 190 190 190 255 
-0.383685 1.08389 2.0245 190 190 190 255 
-0.380791 1.08112 2.02722 190 190 190 255 
-0.7112 0.853706 1.90214 190 190 190 255 
-0.525251 0.997941 1.91097 190 190 190 255 
-0.58548 0.912987 1.91063 190 190 190 255 
-0.58063 0.891221 1.91755 190 190 190 255 
-0.618879 0.853025 1.9123 190 190 190 255 
-0.662451 0.820232 1.90735 190 190 190 255 
-0.66456 0.843545 1.90596 190 190 190 255 
-0.7112 0.817008 1.9049 190 190 190 255 
-0.415013 0.999429 2.00028 190 190 190 255 
-0.407798 1.03824 2.00496 190 190 190 255 
-0.414331 1.04579 1.9988 190 190 190 255 
-0.397465 1.0968 2.01062 190 190 190 255 
-0.385296 1.1505 2.01917 190 190 190 255 
-0.377237 1.20563 2.02392 190 190 190 255 
-0.359773 1.25499 2.04342 190 190 190 255 
-0.345597 1.24838 2.06047 190 190 190 255 
-0.345 1.30821 2.06027 190 190 190 255 
-0.337449 1.30588 2.06895 190 190 190 255 
-0.949195 1.06368 1.92998 190 190 190 255 
-0.902554 0.979408 1.92347 190 190 190 255 
-1.07538 1.36697 2.05677 190 190 190 255 
-1.086 1.47592 2.06884 190 190 190 255 
-1.09126 1.40792 2.07593 190 190 190 255 
-1.07909 1.47592 2.05976 190 190 190 255 
-1.08802 1.365 2.07239 190 190 190 255 
-1.08247 1.36557 2.06578 190 190 190 255 
-1.06999 1.47592 2.0478 190 190 190 255 
-1.06052 1.47592 2.0307 190 190 190 255 
-1.05221 1.47592 2.01571 190 190 190 255 
-1.04882 1.4272 2.00905 190 190 190 255 
-1.03924 1.47592 1.98139 190 190 190 255 
-1.03135 1.47592 1.94557 190 190 190 255 
-1.03023 1.43062 1.94229 190 190 190 255 
-0.883524 0.863418 1.93512 190 190 190 255 
-0.922981 0.892168 1.95125 190 190 190 255 
-0.895308 0.872004 1.93994 190 190 190 255 
-0.933852 0.903018 1.95677 190 190 190 255 
-0.9678 0.940225 1.97493 190 190 190 255 
-1.02136 1.03041 2.0109 190 190 190 255 
-1.01268 1.01278 2.00459 190 190 190 255 
-0.997287 0.982677 1.99338 190 190 190 255 
-1.0375 1.07331 2.02413 190 190 190 255 
-1.02587 1.03857 2.01419 190 190 190 255 
-1.02158 1.03019 2.01107 190 190 190 255 
-1.07822 1.24802 2.06187 190 190 190 255 
-1.07728 1.24847 2.06072 190 190 190 255 
-1.07493 1.23027 2.05862 190 190 190 255 
-1.05124 1.13945 2.03512 190 190 190 255 
-1.05726 1.13492 2.04117 190 190 190 255 
-1.06986 1.25167 2.05241 190 190 190 255 
-1.06869 1.36837 2.0474 190 190 190 255 
-1.07984 1.25675 2.06347 190 190 190 255 
-1.04546 1.20527 2.02427 190 190 190 255 
-1.02529 1.09645 2.0111 190 190 190 255 
-0.9773 1.08895 1.95492 190 190 190 255 
-1.03749 1.15007 2.01957 190 190 190 255 
-1.03374 1.21359 2.00591 190 190 190 255 
-1.01501 1.17079 1.98454 190 190 190 255 
-1.02388 1.22169 1.98652 190 190 190 255 
-1.00756 1.2239 1.94623 190 190 190 255 
-1.01595 1.22946 1.96634 190 190 190 255 
-0.993788 1.13355 1.96168 190 190 190 255 
-0.981993 1.1333 1.94158 190 190 190 255 
-1.01308 1.10916 1.99584 190 190 190 255 
-1.02536 1.16056 2.00264 190 190 190 255 
-1.00254 1.12157 1.97929 190 190 190 255 
-1.00652 1.18064 1.96553 190 190 190 255 
-1.05617 1.25806 2.03471 190 190 190 255 
-1.04996 1.26124 2.02536 190 190 190 255 
-1.03889 1.2675 2.00582 190 190 190 255 
-1.03319 1.32575 1.98122 190 190 190 255 
-1.02696 1.32978 1.95942 190 190 190 255 
-1.04191 1.37521 1.99622 190 190 190 255 
-1.04056 1.42839 1.98727 190 190 190 255 
-1.03435 1.42954 1.96492 190 190 190 255 
-1.03463 1.3778 1.97432 190 190 190 255 
-1.02227 1.33344 1.93664 190 190 190 255 
-1.05121 1.37252 2.01744 190 190 190 255 
-1.0517 1.31715 2.023 190 190 190 255 
-1.04146 1.32153 2.00251 190 190 190 255 
-1.02943 1.38026 1.95201 190 190 190 255 
-1.02415 1.375 1.92857 190 190 190 255 
-1.02974 1.27357 1.98536 190 190 190 255 
-1.02259 1.27938 1.96426 190 190 190 255 
-1.00941 1.23687 1.94523 190 190 190 255 
-1.02183 1.3236 1.93855 190 190 190 255 
-0.7112 0.839795 1.90318 190 190 190 255 
-0.7112 0.840382 1.90314 190 190 190 255 
-0.757813 0.842973 1.90601 190 190 190 255 
-0.754309 0.888452 1.89704 190 190 190 255 
-0.7112 0.863491 1.89982 190 190 190 255 
-0.7112 0.928183 1.87872 190 190 190 255 
-0.7112 0.894401 1.89249 190 190 190 255 
-0.7112 0.886209 1.89443 190 190 190 255 
-0.832905 0.9331 1.90223 190 190 190 255 
-0.793798 0.918754 1.89447 190 190 190 255 
-0.841828 0.890484 1.9177 190 190 190 255 
-0.803517 0.852437 1.91236 190 190 190 255 
-0.847384 0.868365 1.92255 190 190 190 255 
-0.840972 0.841552 1.92185 190 190 190 255 
-0.807433 0.830169 1.91457 190 190 190 255 
-0.750686 0.931303 1.8805 190 190 190 255 
-0.751782 0.93141 1.88056 190 190 190 255 
-0.752941 0.910192 1.88956 190 190 190 255 
-0.761068 0.932317 1.88107 190 190 190 255 
-0.789204 0.939279 1.88483 190 190 190 255 
-0.759911 0.819793 1.90734 190 190 190 255 
-0.80443 0.82915 1.91392 190 190 190 255 
-0.755938 0.865955 1.90255 190 190 190 255 
-0.799782 0.875105 1.90838 190 190 190 255 
-0.796532 0.897299 1.90238 190 190 190 255 
-0.994132 0.976507 1.99108 190 190 190 255 
-0.958566 0.956262 1.9682 190 190 190 255 
-0.953294 0.965645 1.9637 190 190 190 255 
-0.948331 0.974964 1.95876 190 190 190 255 
-0.939384 0.993294 1.94766 190 190 190 255 
-0.956739 1.04779 1.94583 190 190 190 255 
-0.869411 0.953322 1.91217 190 190 190 255 
-0.864647 0.97319 1.90104 190 190 190 255 
-0.925766 0.920375 1.95156 190 190 190 255 
-0.916885 0.940533 1.94392 190 190 190 255 
-0.874788 0.933138 1.92187 190 190 190 255 
-0.877375 0.9812 1.90457 190 190 190 255 
-0.959043 0.92816 1.96956 190 190 190 255 
-0.909123 0.96029 1.93451 190 190 190 255 
-0.896722 0.998258 1.91095 190 190 190 255 
-0.931813 1.01103 1.93506 190 190 190 255 
-0.91947 1.02212 1.91889 190 190 190 255 
-0.888443 0.890979 1.9359 190 190 190 255 
-0.881152 0.912273 1.92982 190 190 190 255 
-0.836986 0.912149 1.91088 190 190 190 255 
-0.751202 0.817941 1.90658 190 190 190 255 
-1.06242 1.36976 2.03771 190 190 190 255 
-1.06281 1.25487 2.04374 190 190 190 255 
-1.05658 1.37115 2.02771 190 190 190 255 
-1.04417 1.14477 2.02753 190 190 190 255 
-1.01478 1.03791 2.00517 190 190 190 255 
-0.986121 0.998246 1.98444 190 190 190 255 
-1.00827 1.04541 1.99907 190 190 190 255 
-1.00212 1.05288 1.99257 190 190 190 255 
-0.980317 1.00674 1.97894 190 190 190 255 
-0.974857 1.01517 1.97304 190 190 190 255 
-0.965031 1.03175 1.96011 190 190 190 255 
-0.996346 1.0603 1.9857 190 190 190 255 
-0.985989 1.07487 1.97091 190 190 190 255 
-0.965228 1.09145 1.93608 190 190 190 255 
-1.03034 1.47592 1.93166 190 190 190 255 
-1.03135 1.47592 1.94557 190 190 190 255 
-1.03135 2.286 1.94557 190 190 190 255 
-1.0333 1.47592 1.95442 190 190 190 255 
-1.03924 1.47592 1.9814 190 190 190 255 
-1.03924 2.286 1.9814 190 190 190 255 
-1.04592 1.47592 1.99907 190 190 190 255 
-1.05005 1.47592 2.00998 190 190 190 255 
-1.0922 2.286 2.07699 190 190 190 255 
-1.07215 1.47592 2.05063 190 190 190 255 
-1.06999 1.47592 2.0478 190 190 190 255 
-1.06613 1.47592 2.04083 190 190 190 255 
-1.05744 2.286 2.02515 190 190 190 255 
-1.05221 2.286 2.01571 190 190 190 255 
-1.05221 1.47592 2.01571 190 190 190 255 
-0.7112 -0.127264 2.77613 190 190 190 255 
-0.96373 -0.159289 2.21483 190 190 190 255 
-0.74061 -0.154473 2.09194 190 190 190 255 
-0.804955 -0.154828 2.10397 190 190 190 255 
-0.767165 -0.15457 2.09543 190 190 190 255 
-0.861738 -0.155731 2.1287 190 190 190 255 
-0.848785 -0.155439 2.12117 190 190 190 255 
-0.831879 -0.155203 2.11454 190 190 190 255 
-0.872885 -0.154095 2.13295 190 190 190 255 
-0.891627 -0.156406 2.14606 190 190 190 255 
-0.919058 -0.154095 2.16528 190 190 190 255 
-0.956718 -0.158953 2.20701 190 190 190 255 
-0.942132 -0.158254 2.19074 190 190 190 255 
-0.917538 -0.157263 2.16712 190 190 190 255 
-0.958916 -0.154095 2.20514 190 190 190 255 
-0.991246 -0.154095 2.25131 190 190 190 255 
-0.99875 -0.162264 2.27463 190 190 190 255 
-0.988275 -0.161111 2.25305 190 190 190 255 
-1.02347 -0.16716 2.34968 190 190 190 255 
-1.02631 -0.162148 2.35744 190 190 190 255 
-1.02001 -0.16624 2.33671 190 190 190 255 
-1.01165 -0.164022 2.30543 190 190 190 255 
-1.02869 -0.176743 2.40855 190 190 190 255 
-1.02868 -0.1778 2.40972 190 190 190 255 
-1.02932 -0.169882 2.413 190 190 190 255 
-1.02865 -0.173525 2.40096 190 190 190 255 
-1.02854 -0.172955 2.3978 190 190 190 255 
-1.02828 -0.171643 2.39054 190 190 190 255 
-1.02641 -0.1699 2.37466 190 190 190 255 
-1.02442 -0.168044 2.35774 190 190 190 255 
-1.0287 -0.1778 2.413 190 190 190 255 
-1.01488 -0.1778 2.5017 190 190 190 255 
-1.02388 -0.1778 2.46813 190 190 190 255 
-0.995263 -0.1778 2.55223 190 190 190 255 
-0.954895 -0.169882 2.61748 190 190 190 255 
-0.986701 -0.169882 2.57206 190 190 190 255 
-0.986163 -0.1778 2.57175 190 190 190 255 
-0.931847 -0.1778 2.63966 190 190 190 255 
-0.967312 -0.1778 2.59867 190 190 190 255 
-0.915285 -0.1778 2.65622 190 190 190 255 
-0.87026 -0.169882 2.6885 190 190 190 255 
-0.766441 -0.169882 2.72629 190 190 190 255 
-0.791694 -0.1778 2.71888 190 190 190 255 
-0.842731 -0.1778 2.70066 190 190 190 255 
-1.02449 -0.169882 2.46824 190 190 190 255 
-0.988303 -0.162148 2.57299 190 190 190 255 
-1.01014 -0.169882 2.5218 190 190 190 255 
-0.956312 -0.162148 2.61867 190 190 190 255 
-0.916874 -0.162148 2.65811 190 190 190 255 
-0.915684 -0.169882 2.65669 190 190 190 255 
-0.820637 -0.162148 2.71367 190 190 190 255 
-0.820004 -0.169882 2.71194 190 190 190 255 
-1.01507 -0.154095 2.3024 190 190 190 255 
-1.01187 -0.162148 2.30356 190 190 190 255 
-1.02966 -0.154095 2.35685 190 190 190 255 
-1.03117 -0.162148 2.413 190 190 190 255 
-1.02966 -0.154095 2.46915 190 190 190 255 
-1.02631 -0.162148 2.46856 190 190 190 255 
-1.01187 -0.162148 2.52244 190 190 190 255 
-0.991246 -0.154095 2.57469 190 190 190 255 
-0.871186 -0.162148 2.6901 190 190 190 255 
-0.872885 -0.154095 2.69305 190 190 190 255 
-0.821799 -0.154095 2.71687 190 190 190 255 
-0.766762 -0.162148 2.72811 190 190 190 255 
-0.7112 -0.14683 2.08497 190 190 190 255 
-0.767247 -0.153763 2.09499 190 190 190 255 
-0.7112 -0.154112 2.0896 190 190 190 255 
-0.767353 -0.154095 2.73146 190 190 190 255 
-0.768162 -0.14683 2.73605 190 190 190 255 
-0.823394 -0.14683 2.72125 190 190 190 255 
-0.922055 -0.14683 2.66429 190 190 190 255 
-0.919058 -0.154095 2.66072 190 190 190 255 
-0.962487 -0.14683 2.62386 190 190 190 255 
-0.958916 -0.154095 2.62086 190 190 190 255 
-1.01945 -0.14683 2.52519 190 190 190 255 
-1.01507 -0.154095 2.5236 190 190 190 255 
-1.03923 -0.14683 2.413 190 190 190 255 
-1.03457 -0.154095 2.413 190 190 190 255 
-0.995284 -0.14683 2.24898 190 190 190 255 
-0.962487 -0.14683 2.20214 190 190 190 255 
-0.821799 -0.154095 2.10913 190 190 190 255 
-0.769144 -0.14062 2.74161 190 190 190 255 
-0.825327 -0.14062 2.72656 190 190 190 255 
-0.875216 -0.14683 2.69708 190 190 190 255 
-0.995284 -0.14683 2.57702 190 190 190 255 
-1.00018 -0.14062 2.57984 190 190 190 255 
-1.02476 -0.14062 2.52713 190 190 190 255 
-1.03425 -0.14683 2.46996 190 190 190 255 
-1.04488 -0.14062 2.413 190 190 190 255 
-1.03425 -0.14683 2.35604 190 190 190 255 
-1.03981 -0.14062 2.35506 190 190 190 255 
-1.01945 -0.14683 2.30081 190 190 190 255 
-0.966817 -0.14062 2.19851 190 190 190 255 
-0.922055 -0.14683 2.16171 190 190 190 255 
-0.925688 -0.14062 2.15738 190 190 190 255 
-0.875216 -0.14683 2.12892 190 190 190 255 
-0.878042 -0.14062 2.12402 190 190 190 255 
-0.823394 -0.14683 2.10475 190 190 190 255 
-0.768162 -0.14683 2.08995 190 190 190 255 
-0.769144 -0.14062 2.08439 190 190 190 255 
-0.770287 -0.135432 2.7481 190 190 190 255 
-0.878042 -0.14062 2.70198 190 190 190 255 
-0.925688 -0.14062 2.66862 190 190 190 255 
-0.929922 -0.135432 2.67366 190 190 190 255 
-0.966817 -0.14062 2.62749 190 190 190 255 
-1.03095 -0.135432 2.52938 190 190 190 255 
-1.0463 -0.135432 2.47209 190 190 190 255 
-1.03981 -0.14062 2.47094 190 190 190 255 
-1.02476 -0.14062 2.29887 190 190 190 255 
-1.00018 -0.14062 2.24616 190 190 190 255 
-0.971863 -0.135432 2.19428 190 190 190 255 
-0.881335 -0.135432 2.11832 190 190 190 255 
-0.825327 -0.14062 2.09944 190 190 190 255 
-0.770287 -0.135432 2.0779 190 190 190 255 
-0.827579 -0.135432 2.73275 190 190 190 255 
-0.881335 -0.135432 2.70768 190 190 190 255 
-0.830058 -0.131445 2.73956 190 190 190 255 
-0.93458 -0.131445 2.67921 190 190 190 255 
-0.971863 -0.135432 2.63172 190 190 190 255 
-1.00588 -0.135432 2.58314 190 190 190 255 
-1.05872 -0.131445 2.413 190 190 190 255 
-1.05147 -0.135432 2.413 190 190 190 255 
-1.0463 -0.135432 2.35391 190 190 190 255 
-1.05344 -0.131445 2.35265 190 190 190 255 
-1.03095 -0.135432 2.29662 190 190 190 255 
-1.03776 -0.131445 2.29414 190 190 190 255 
-1.00588 -0.135432 2.24286 190 190 190 255 
-0.929922 -0.135432 2.15234 190 190 190 255 
-0.93458 -0.131445 2.14679 190 190 190 255 
-0.827579 -0.135432 2.09325 190 190 190 255 
-0.772882 -0.128716 2.76281 190 190 190 255 
-0.771546 -0.131445 2.75524 190 190 190 255 
-0.832689 -0.128716 2.74679 190 190 190 255 
-0.884959 -0.131445 2.71396 190 190 190 255 
-0.939524 -0.128716 2.68511 190 190 190 255 
-0.977414 -0.131445 2.63638 190 190 190 255 
-1.01882 -0.128716 2.59061 190 190 190 255 
-1.01216 -0.131445 2.58676 190 190 190 255 
-1.03776 -0.131445 2.53186 190 190 190 255 
-1.04499 -0.128716 2.53449 190 190 190 255 
-1.05344 -0.131445 2.47335 190 190 190 255 
-1.06101 -0.128716 2.47468 190 190 190 255 
-1.01216 -0.131445 2.23924 190 190 190 255 
-1.01882 -0.128716 2.23539 190 190 190 255 
-0.977414 -0.131445 2.18962 190 190 190 255 
-0.939524 -0.128716 2.14089 190 190 190 255 
-0.884959 -0.131445 2.11204 190 190 190 255 
-0.832689 -0.128716 2.07921 190 190 190 255 
-0.830058 -0.131445 2.08644 190 190 190 255 
-0.771546 -0.131445 2.07076 190 190 190 255 
-0.772882 -0.128716 2.06319 190 190 190 255 
-0.7112 -0.127264 2.04987 190 190 190 255 
-0.888805 -0.128716 2.10538 190 190 190 255 
-0.944617 -0.127264 2.13483 190 190 190 255 
-0.989375 -0.127264 2.17958 190 190 190 255 
-1.02568 -0.127264 2.23143 190 190 190 255 
-0.983306 -0.128716 2.18468 190 190 190 255 
-1.05243 -0.127264 2.2888 190 190 190 255 
-1.06881 -0.127264 2.34994 190 190 190 255 
-1.04499 -0.128716 2.29151 190 190 190 255 
-1.06101 -0.128716 2.35132 190 190 190 255 
-1.07433 -0.127264 2.413 190 190 190 255 
-1.06641 -0.128716 2.413 190 190 190 255 
-1.06881 -0.127264 2.47606 190 190 190 255 
-1.02568 -0.127264 2.59457 190 190 190 255 
-0.989375 -0.127264 2.64642 190 190 190 255 
-0.983306 -0.128716 2.64132 190 190 190 255 
-0.888805 -0.128716 2.72062 190 190 190 255 
-0.774257 -0.127264 2.77061 190 190 190 255 
-0.7112 -0.128716 2.76821 190 190 190 255 
-0.835398 -0.127264 2.75423 190 190 190 255 
-0.947939 -0.127 2.69513 190 190 190 255 
-0.892766 -0.127264 2.72748 190 190 190 255 
-0.944617 -0.127264 2.69117 190 190 190 255 
-1.05729 -0.127 2.53897 190 190 190 255 
-1.0739 -0.127 2.47695 190 190 190 255 
-1.05243 -0.127264 2.5372 190 190 190 255 
-0.993334 -0.127 2.17626 190 190 190 255 
-0.947939 -0.127 2.13087 190 190 190 255 
-0.89535 -0.127 2.09404 190 190 190 255 
-0.892766 -0.127264 2.09852 190 190 190 255 
-0.837166 -0.127 2.06691 190 190 190 255 
-0.835398 -0.127264 2.07177 190 190 190 255 
-0.774257 -0.127264 2.05539 190 190 190 255 
-0.775155 -0.127 2.0503 190 190 190 255 
-0.7112 -0.128716 2.05779 190 190 190 255 
-0.7112 -0.135432 2.07273 190 190 190 255 
-0.7112 -0.14062 2.07932 190 190 190 255 
-0.655205 -0.154572 2.09554 190 190 190 255 
-0.393717 -0.1778 2.40972 190 190 190 255 
-0.39385 -0.172907 2.39781 190 190 190 255 
-0.394896 -0.170113 2.3794 190 190 190 255 
-0.393715 -0.174268 2.40361 190 190 190 255 
-0.396842 -0.169035 2.36761 190 190 190 255 
-0.395305 -0.169887 2.37692 190 190 190 255 
-0.401966 -0.166196 2.33657 190 190 190 255 
-0.434742 -0.161156 2.25333 190 190 190 255 
-0.465722 -0.158953 2.20697 190 190 190 255 
-0.458219 -0.159407 2.21695 190 190 190 255 
-0.463484 -0.154095 2.20514 190 190 190 255 
-0.472608 -0.158536 2.19781 190 190 190 255 
-0.503342 -0.154095 2.16528 190 190 190 255 
-0.508566 -0.157086 2.16287 190 190 190 255 
-0.595006 -0.155098 2.11184 190 190 190 255 
-0.560522 -0.155724 2.12855 190 190 190 255 
-0.549515 -0.154095 2.13295 190 190 190 255 
-0.655121 -0.1537 2.09505 190 190 190 255 
-0.640589 -0.154631 2.09776 190 190 190 255 
-0.600601 -0.154095 2.10913 190 190 190 255 
-0.656067 -0.1778 2.72568 190 190 190 255 
-0.655959 -0.169882 2.72629 190 190 190 255 
-0.630706 -0.1778 2.71888 190 190 190 255 
-0.602396 -0.169882 2.71194 190 190 190 255 
-0.602609 -0.1778 2.71135 190 190 190 255 
-0.579669 -0.1778 2.70066 190 190 190 255 
-0.506716 -0.169882 2.65669 190 190 190 255 
-0.55214 -0.169882 2.6885 190 190 190 255 
-0.53249 -0.1778 2.67399 190 190 190 255 
-0.455088 -0.1778 2.59867 190 190 190 255 
-0.407519 -0.1778 2.5017 190 190 190 255 
-0.412848 -0.1778 2.52159 190 190 190 255 
-0.427137 -0.1778 2.55223 190 190 190 255 
-0.436237 -0.1778 2.57175 190 190 190 255 
-0.393705 -0.17661 2.40833 190 190 190 255 
-0.3937 -0.1778 2.413 190 190 190 255 
-0.396811 -0.1778 2.44856 190 190 190 255 
-0.7112 -0.169882 2.73112 190 190 190 255 
-0.391229 -0.162148 2.413 190 190 190 255 
-0.393079 -0.169882 2.413 190 190 190 255 
-0.397912 -0.169882 2.46824 190 190 190 255 
-0.39609 -0.162148 2.46856 190 190 190 255 
-0.412264 -0.169882 2.5218 190 190 190 255 
-0.410525 -0.162148 2.52244 190 190 190 255 
-0.435699 -0.169882 2.57206 190 190 190 255 
-0.467505 -0.169882 2.61748 190 190 190 255 
-0.7112 -0.162148 2.73297 190 190 190 255 
-0.7112 -0.154095 2.73637 190 190 190 255 
-0.423459 -0.162259 2.27491 190 190 190 255 
-0.410525 -0.162148 2.30356 190 190 190 255 
-0.39609 -0.162148 2.35744 190 190 190 255 
-0.392743 -0.154095 2.35685 190 190 190 255 
-0.38783 -0.154095 2.413 190 190 190 255 
-0.392743 -0.154095 2.46915 190 190 190 255 
-0.407332 -0.154095 2.5236 190 190 190 255 
-0.434097 -0.162148 2.57299 190 190 190 255 
-0.431154 -0.154095 2.57469 190 190 190 255 
-0.466088 -0.162148 2.61867 190 190 190 255 
-0.463484 -0.154095 2.62086 190 190 190 255 
-0.505526 -0.162148 2.65811 190 190 190 255 
-0.503342 -0.154095 2.66072 190 190 190 255 
-0.551214 -0.162148 2.6901 190 190 190 255 
-0.601763 -0.162148 2.71367 190 190 190 255 
-0.655638 -0.162148 2.72811 190 190 190 255 
-0.655047 -0.154095 2.73146 190 190 190 255 
-0.7112 -0.14683 2.74103 190 190 190 255 
-0.681785 -0.154464 2.0915 190 190 190 255 
-0.654238 -0.14683 2.08995 190 190 190 255 
-0.599006 -0.14683 2.10475 190 190 190 255 
-0.500345 -0.14683 2.16171 190 190 190 255 
-0.459913 -0.14683 2.20214 190 190 190 255 
-0.427116 -0.14683 2.24898 190 190 190 255 
-0.431154 -0.154095 2.25131 190 190 190 255 
-0.407332 -0.154095 2.3024 190 190 190 255 
-0.40295 -0.14683 2.30081 190 190 190 255 
-0.383168 -0.14683 2.413 190 190 190 255 
-0.427116 -0.14683 2.57702 190 190 190 255 
-0.459913 -0.14683 2.62386 190 190 190 255 
-0.500345 -0.14683 2.66429 190 190 190 255 
-0.549515 -0.154095 2.69305 190 190 190 255 
-0.600601 -0.154095 2.71687 190 190 190 255 
-0.599006 -0.14683 2.72125 190 190 190 255 
-0.684142 -0.154095 2.09076 190 190 190 255 
-0.547184 -0.14683 2.12892 190 190 190 255 
-0.544358 -0.14062 2.12402 190 190 190 255 
-0.455583 -0.14062 2.19851 190 190 190 255 
-0.39764 -0.14062 2.29887 190 190 190 255 
-0.388151 -0.14683 2.35604 190 190 190 255 
-0.388151 -0.14683 2.46996 190 190 190 255 
-0.382585 -0.14062 2.47094 190 190 190 255 
-0.40295 -0.14683 2.52519 190 190 190 255 
-0.496712 -0.14062 2.66862 190 190 190 255 
-0.544358 -0.14062 2.70198 190 190 190 255 
-0.547184 -0.14683 2.69708 190 190 190 255 
-0.653256 -0.14062 2.74161 190 190 190 255 
-0.654238 -0.14683 2.73605 190 190 190 255 
-0.7112 -0.14062 2.74668 190 190 190 255 
-0.7112 -0.135432 2.75327 190 190 190 255 
-0.653256 -0.14062 2.08439 190 190 190 255 
-0.652113 -0.135432 2.0779 190 190 190 255 
-0.597073 -0.14062 2.09944 190 190 190 255 
-0.59482 -0.135432 2.09325 190 190 190 255 
-0.541065 -0.135432 2.11832 190 190 190 255 
-0.496712 -0.14062 2.15738 190 190 190 255 
-0.492478 -0.135432 2.15234 190 190 190 255 
-0.422221 -0.14062 2.24616 190 190 190 255 
-0.450537 -0.135432 2.19428 190 190 190 255 
-0.382585 -0.14062 2.35506 190 190 190 255 
-0.377516 -0.14062 2.413 190 190 190 255 
-0.376099 -0.135432 2.47209 190 190 190 255 
-0.39764 -0.14062 2.52713 190 190 190 255 
-0.39145 -0.135432 2.52938 190 190 190 255 
-0.422221 -0.14062 2.57984 190 190 190 255 
-0.455583 -0.14062 2.62749 190 190 190 255 
-0.450537 -0.135432 2.63172 190 190 190 255 
-0.597073 -0.14062 2.72656 190 190 190 255 
-0.7112 -0.131445 2.76052 190 190 190 255 
-0.650854 -0.131445 2.07076 190 190 190 255 
-0.48782 -0.131445 2.14679 190 190 190 255 
-0.444986 -0.131445 2.18962 190 190 190 255 
-0.410241 -0.131445 2.23924 190 190 190 255 
-0.416517 -0.135432 2.24286 190 190 190 255 
-0.39145 -0.135432 2.29662 190 190 190 255 
-0.376099 -0.135432 2.35391 190 190 190 255 
-0.368962 -0.131445 2.35265 190 190 190 255 
-0.370929 -0.135432 2.413 190 190 190 255 
-0.416517 -0.135432 2.58314 190 190 190 255 
-0.492478 -0.135432 2.67366 190 190 190 255 
-0.48782 -0.131445 2.67921 190 190 190 255 
-0.541065 -0.135432 2.70768 190 190 190 255 
-0.59482 -0.135432 2.73275 190 190 190 255 
-0.592342 -0.131445 2.73956 190 190 190 255 
-0.652113 -0.135432 2.7481 190 190 190 255 
-0.7112 -0.131445 2.06548 190 190 190 255 
-0.649518 -0.128716 2.06319 190 190 190 255 
-0.592342 -0.131445 2.08644 190 190 190 255 
-0.589711 -0.128716 2.07921 190 190 190 255 
-0.537441 -0.131445 2.11204 190 190 190 255 
-0.482876 -0.128716 2.14089 190 190 190 255 
-0.439094 -0.128716 2.18468 190 190 190 255 
-0.377412 -0.128716 2.29151 190 190 190 255 
-0.38464 -0.131445 2.29414 190 190 190 255 
-0.361387 -0.128716 2.35132 190 190 190 255 
-0.363682 -0.131445 2.413 190 190 190 255 
-0.35599 -0.128716 2.413 190 190 190 255 
-0.368962 -0.131445 2.47335 190 190 190 255 
-0.361387 -0.128716 2.47468 190 190 190 255 
-0.38464 -0.131445 2.53186 190 190 190 255 
-0.410241 -0.131445 2.58676 190 190 190 255 
-0.444986 -0.131445 2.63638 190 190 190 255 
-0.537441 -0.131445 2.71396 190 190 190 255 
-0.482876 -0.128716 2.68511 190 190 190 255 
-0.650854 -0.131445 2.75524 190 190 190 255 
-0.649518 -0.128716 2.76281 190 190 190 255 
-0.587002 -0.127264 2.75423 190 190 190 255 
-0.589711 -0.128716 2.74679 190 190 190 255 
-0.533595 -0.128716 2.72062 190 190 190 255 
-0.477783 -0.127264 2.69117 190 190 190 255 
-0.439094 -0.128716 2.64132 190 190 190 255 
-0.40358 -0.128716 2.59061 190 190 190 255 
-0.377412 -0.128716 2.53449 190 190 190 255 
-0.369968 -0.127264 2.5372 190 190 190 255 
-0.353585 -0.127264 2.47606 190 190 190 255 
-0.369968 -0.127264 2.2888 190 190 190 255 
-0.40358 -0.128716 2.23539 190 190 190 255 
-0.433025 -0.127264 2.17958 190 190 190 255 
-0.533595 -0.128716 2.10538 190 190 190 255 
-0.648143 -0.127264 2.05539 190 190 190 255 
-0.647245 -0.127 2.0503 190 190 190 255 
-0.587002 -0.127264 2.07177 190 190 190 255 
-0.529634 -0.127264 2.09852 190 190 190 255 
-0.477783 -0.127264 2.13483 190 190 190 255 
-0.429066 -0.127 2.17626 190 190 190 255 
-0.392243 -0.127 2.22885 190 190 190 255 
-0.396719 -0.127264 2.23143 190 190 190 255 
-0.348495 -0.127 2.34905 190 190 190 255 
-0.3429 -0.127 2.413 190 190 190 255 
-0.353585 -0.127264 2.34994 190 190 190 255 
-0.348068 -0.127264 2.413 190 190 190 255 
-0.365111 -0.127 2.53897 190 190 190 255 
-0.392243 -0.127 2.59715 190 190 190 255 
-0.396719 -0.127264 2.59457 190 190 190 255 
-0.433025 -0.127264 2.64642 190 190 190 255 
-0.474461 -0.127 2.69513 190 190 190 255 
-0.529634 -0.127264 2.72748 190 190 190 255 
-0.647245 -0.127 2.7757 190 190 190 255 
-0.648143 -0.127264 2.77061 190 190 190 255 
-0.7112 -0.127 2.7813 190 190 190 255 
-0.393023 1.47592 1.92726 190 190 190 255 
-0.391982 2.286 1.93692 190 190 190 255 
-0.3302 2.286 2.07699 190 190 190 255 
-0.347888 2.286 2.05426 190 190 190 255 
-0.390717 1.47592 1.94212 190 190 190 255 
-0.391785 2.286 1.94011 190 190 190 255 
-0.386138 2.286 1.96764 190 190 190 255 
-0.37686 2.286 1.99767 190 190 190 255 
-0.369413 2.286 2.01737 190 190 190 255 
-0.368849 1.47592 2.01707 190 190 190 255 
-0.36732 1.47592 2.01997 190 190 190 255 
-0.349354 2.286 2.05238 190 190 190 255 
-0.353424 1.47593 2.04624 190 190 190 255 
-0.0392268 2.413 1.26352 190 190 190 255 
-0.114581 2.40894 2.50139 190 190 190 255 
-0.116281 2.38663 2.69 190 190 190 255 
-0.126455 2.41029 2.56796 190 190 190 255 
-0.127303 2.41038 2.57272 190 190 190 255 
-0.141543 2.412 2.65256 190 190 190 255 
-0.097314 2.41172 2.33022 190 190 190 255 
-0.10328 2.41028 2.39572 190 190 190 255 
-0.104566 2.37346 2.68833 190 190 190 255 
-0.0680939 2.32285 2.68193 190 190 190 255 
-0.0709796 2.32747 2.68251 190 190 190 255 
-0.0547808 2.413 1.7635 190 190 190 255 
-0.054837 2.413 1.76531 190 190 190 255 
-0.0551816 2.2943 2.67832 190 190 190 255 
-0.0656699 2.31897 2.68144 190 190 190 255 
-0.0516273 2.28594 2.67726 190 190 190 255 
-0.0430187 2.25121 2.67287 190 190 190 255 
-0.0410967 2.24346 2.67189 190 190 190 255 
-0.269895 2.413 0.632187 190 190 190 255 
-0.270247 2.41297 0.67933 190 190 190 255 
-0.268822 2.413 0.679314 190 190 190 255 
-0.285229 2.413 -5.57367e-006 190 190 190 255 
-0.283449 2.413 0.0721784 190 190 190 255 
-0.283073 2.413 0.193468 190 190 190 255 
-0.273283 2.413 0.484335 190 190 190 255 
-0.274107 2.413 0.484367 190 190 190 255 
-0.274086 2.413 0.451781 190 190 190 255 
-0.277205 2.4128 0.581893 190 190 190 255 
-0.271045 2.413 0.581693 190 190 190 255 
-0.273013 2.413 0.495295 190 190 190 255 
-0.282064 2.41217 0.679544 190 190 190 255 
-0.288753 2.41107 0.772511 190 190 190 255 
-0.300597 2.4079 0.772511 190 190 190 255 
-0.318171 2.40249 0.680198 190 190 190 255 
-0.310136 2.40534 0.772511 190 190 190 255 
-0.324104 2.39883 0.772511 190 190 190 255 
-0.3302 2.39598 0.772511 190 190 190 255 
-0.348334 2.38329 0.772511 190 190 190 255 
-0.351282 2.38152 0.680798 190 190 190 255 
-0.360752 2.3723 0.680969 190 190 190 255 
-0.363987 2.36763 0.772511 190 190 190 255 
-0.376685 2.3495 0.772511 190 190 190 255 
-0.376435 2.35142 0.681253 190 190 190 255 
-0.379007 2.34452 0.772511 190 190 190 255 
-0.386041 2.32944 0.772511 190 190 190 255 
-0.39177 2.30805 0.772511 190 190 190 255 
-0.393123 2.30515 0.681556 190 190 190 255 
-0.402884 2.33304 1.42693e-008 190 190 190 255 
-0.406932 2.32228 1.42693e-008 190 190 190 255 
-0.366446 2.38161 0.195418 190 190 190 255 
-0.369016 2.38089 1.42693e-008 190 190 190 255 
-0.378082 2.37264 1.42693e-008 190 190 190 255 
-0.383439 2.36588 1.42693e-008 190 190 190 255 
-0.399883 2.34034 1.42693e-008 190 190 190 255 
-0.396993 2.34167 0.196131 190 190 190 255 
-0.296914 2.4114 0.387955 190 190 190 255 
-0.295574 2.41236 0.193761 190 190 190 255 
-0.309412 2.40875 0.388409 190 190 190 255 
-0.32079 2.40721 0.19435 190 190 190 255 
-0.333104 2.40264 0.194638 190 190 190 255 
-0.333796 2.3995 0.389294 190 190 190 255 
-0.356118 2.38974 0.195176 190 190 190 255 
-0.356006 2.38527 0.3901 190 190 190 255 
-0.375786 2.37256 0.195635 190 190 190 255 
-0.384029 2.36275 0.195828 190 190 190 255 
-0.38228 2.3567 0.391054 190 190 190 255 
-0.391108 2.3524 0.195994 190 190 190 255 
-0.388737 2.34594 0.391288 190 190 190 255 
-0.29535 2.41221 -2.7797e-006 190 190 190 255 
-0.305061 2.41144 1.42693e-008 190 190 190 255 
-0.308211 2.41045 0.194056 190 190 190 255 
-0.314285 2.40917 1.42693e-008 190 190 190 255 
-0.326032 2.40627 1.42693e-008 190 190 190 255 
-0.396522 2.29655 0.622717 190 190 190 255 
-0.399046 2.30599 0.488772 190 190 190 255 
-0.400792 2.31227 0.394808 190 190 190 255 
-0.406476 2.32154 0.0293441 190 190 190 255 
-0.401695 2.33076 0.196241 190 190 190 255 
-0.404318 2.31802 0.168094 190 190 190 255 
-0.286285 2.41233 0.484807 190 190 190 255 
-0.313799 2.40521 0.583001 190 190 190 255 
-0.346184 2.38996 0.486969 190 190 190 255 
-0.348049 2.38617 0.584038 190 190 190 255 
-0.367014 2.36792 0.584612 190 190 190 255 
-0.374882 2.35756 0.584849 190 190 190 255 
-0.374414 2.36274 0.487988 190 190 190 255 
-0.386989 2.33532 0.585216 190 190 190 255 
-0.39119 2.32383 0.585343 190 190 190 255 
-0.395969 2.31854 0.488766 190 190 190 255 
-0.394193 2.31233 0.585434 190 190 190 255 
-0.390784 2.3168 0.681513 190 190 190 255 
-0.387248 2.32852 0.68145 190 190 190 255 
-0.382469 2.34012 0.681363 190 190 190 255 
-0.381553 2.34663 0.585051 190 190 190 255 
-0.369173 2.36221 0.681122 190 190 190 255 
-0.35803 2.37751 0.58434 190 190 190 255 
-0.337226 2.39374 0.58371 190 190 190 255 
-0.340908 2.38969 0.680611 190 190 190 255 
-0.329807 2.39671 0.680409 190 190 190 255 
-0.325743 2.40011 0.583363 190 190 190 255 
-0.306204 2.40699 0.679982 190 190 190 255 
-0.294106 2.4102 0.679762 190 190 190 255 
-0.301597 2.40901 0.582632 190 190 190 255 
-0.289337 2.41152 0.582261 190 190 190 255 
-0.344945 2.39679 0.194915 190 190 190 255 
-0.352222 2.39343 1.42693e-008 190 190 190 255 
-0.356172 2.39086 1.42693e-008 190 190 190 255 
-0.398035 2.32372 0.391625 190 190 190 255 
-0.392393 2.32987 0.488637 190 190 190 255 
-0.393982 2.33489 0.391479 190 190 190 255 
-0.38762 2.34114 0.488465 190 190 190 255 
-0.381625 2.35216 0.488248 190 190 190 255 
-0.374628 2.36696 0.390776 190 190 190 255 
-0.366038 2.37269 0.487685 190 190 190 255 
-0.365837 2.37655 0.390457 190 190 190 255 
-0.356585 2.38182 0.487344 190 190 190 255 
-0.34527 2.39296 0.38971 190 190 190 255 
-0.334997 2.39698 0.486565 190 190 190 255 
-0.323211 2.40276 0.486139 190 190 190 255 
-0.321775 2.40478 0.388857 190 190 190 255 
-0.311028 2.40726 0.4857 190 190 190 255 
-0.298653 2.41044 0.485254 190 190 190 255 
-0.284477 2.41277 0.387504 190 190 190 255 
-0.2667 2.413 1.90898 190 190 190 255 
-0.288753 2.41107 1.90898 190 190 190 255 
-0.277029 2.4121 0.772511 190 190 190 255 
-0.288753 2.41107 0.772511 190 190 190 255 
-0.297651 2.40869 1.90898 190 190 190 255 
-0.310137 2.40534 1.90898 190 190 190 255 
-0.310137 2.40534 0.772511 190 190 190 255 
-0.3302 2.39599 0.772511 190 190 190 255 
-0.335317 2.3924 0.772511 190 190 190 255 
-0.348334 2.38329 0.772511 190 190 190 255 
-0.392699 2.29744 0.772511 190 190 190 255 
-0.391771 2.30805 0.772511 190 190 190 255 
-0.392726 2.29714 1.90898 190 190 190 255 
-0.388291 2.32104 0.772511 190 190 190 255 
-0.386041 2.32944 0.772511 190 190 190 255 
-0.376685 2.3495 0.772511 190 190 190 255 
-0.372387 2.35564 0.772511 190 190 190 255 
-0.363988 2.36763 0.772511 190 190 190 255 
-0.363988 2.36763 1.90898 190 190 190 255 
-0.355715 2.37591 0.772511 190 190 190 255 
-0.353514 2.37811 1.90898 190 190 190 255 
-1.36212 2.31564 3.08712 190 190 190 255 
-1.24251 2.38147 2.68455 190 190 190 255 
-1.24145 2.38248 2.55845 190 190 190 255 
-1.421 2.27873 3.31875 190 190 190 255 
-1.25498 2.37542 2.37945 190 190 190 255 
-1.25426 2.37579 2.37301 190 190 190 255 
-1.24519 2.38055 2.2918 190 190 190 255 
-1.42024 2.27736 1.42693e-008 190 190 190 255 
-1.23632 2.38517 2.23251 190 190 190 255 
-1.23196 2.38743 2.21098 190 190 190 255 
-1.22052 2.39326 2.16623 190 190 190 255 
-1.21005 2.39859 2.12531 190 190 190 255 
-1.1863 2.41044 2.02781 190 190 190 255 
-1.18768 2.40977 2.03771 190 190 190 255 
-1.20053 2.40337 2.08801 190 190 190 255 
-1.19343 2.40693 2.05791 190 190 190 255 
-1.19219 2.40752 2.05538 190 190 190 255 
-1.18577 2.41071 2.02398 190 190 190 255 
-1.24023 2.38315 1.42693e-008 190 190 190 255 
-1.18136 2.41287 1.99221 190 190 190 255 
-1.71299 2.0696 1.42693e-008 190 190 190 255 
-1.61715 2.14532 4.17334 190 190 190 255 
-1.52938 2.20759 3.77056 190 190 190 255 
-1.71299 2.0696 3.10227 190 190 190 255 
-1.75584 2.03337 3.29231 190 190 190 255 
-1.96142 1.83587 6.34405 190 190 190 255 
-1.89867 1.90069 3.92562 190 190 190 255 
-1.95231 1.84298 4.16349 190 190 190 255 
-1.74651 2.04107 4.87394 190 190 190 255 
-1.76784 2.02183 5.00854 190 190 190 255 
-2.03416 1.75492 4.52652 190 190 190 255 
-2.03228 1.75694 4.5182 190 190 190 255 
-2.06897 1.71187 4.68097 190 190 190 255 
-2.17237 1.5785 5.13971 190 190 190 255 
-2.2455 1.47489 5.46409 190 190 190 255 
-2.24686 1.47282 9.36923 190 190 190 255 
-2.32049 1.35245 5.79668 190 190 190 255 
-2.40483 1.19765 6.17073 190 190 190 255 
-2.4025 1.20082 12.2702 190 190 190 255 
-2.40134 1.20316 12.2416 190 190 190 255 
-2.46067 1.07669 6.41841 190 190 190 255 
-2.31582 1.36181 10.4552 190 190 190 255 
-2.30123 1.3853 10.2254 190 190 190 255 
-2.4306 1.14445 12.9612 190 190 190 255 
-2.47142 1.05339 6.46611 190 190 190 255 
-2.52792 0.908686 6.7167 190 190 190 255 
-2.56456 0.800406 6.87919 190 190 190 255 
-2.58386 0.732473 6.96479 190 190 190 255 
-2.4776 1.03831 14.5081 190 190 190 255 
-2.59413 0.696336 7.01032 190 190 190 255 
-2.47273 1.05031 14.3025 190 190 190 255 
-2.46088 1.0768 13.9251 190 190 190 255 
-2.59468 0.69657 16.9423 190 190 190 255 
-2.60225 0.667773 7.04631 190 190 190 255 
-2.62214 0.581637 7.1346 190 190 190 255 
-2.64386 0.473697 7.2309 190 190 190 255 
-1.04384 2.33264 1.96407 190 190 190 255 
-1.15728 2.413 1.92955 190 190 190 255 
-1.14805 2.41251 1.94004 190 190 190 255 
-1.16864 2.40884 2.00596 190 190 190 255 
-1.09354 2.3072 2.07581 190 190 190 255 
-1.09314 2.30085 2.07616 190 190 190 255 
-1.08137 2.33264 2.04881 190 190 190 255 
-1.09912 2.33261 2.07089 190 190 190 255 
-1.09412 2.36086 2.03995 190 190 190 255 
-1.108 2.35525 2.06305 190 190 190 255 
-1.10404 2.3473 2.06655 190 190 190 255 
-1.12377 2.38044 2.04915 190 190 190 255 
-1.13648 2.39329 2.03794 190 190 190 255 
-1.1218 2.39269 2.02073 190 190 190 255 
-1.14386 2.39842 2.03143 190 190 190 255 
-1.13295 2.40032 2.01298 190 190 190 255 
-1.14469 2.40619 2.00483 190 190 190 255 
-1.15634 2.40494 2.01928 190 190 190 255 
-1.16657 2.40818 2.00821 190 190 190 255 
-1.15684 2.41026 1.99639 190 190 190 255 
-1.17649 2.41133 1.99747 190 190 190 255 
-1.16921 2.41251 1.98781 190 190 190 255 
-1.1592 2.413 1.93747 190 190 190 255 
-1.06999 2.286 2.0478 190 190 190 255 
-1.07441 2.286 2.05362 190 190 190 255 
-1.14526 2.41251 1.92325 190 190 190 255 
-1.12954 2.40993 1.90898 190 190 190 255 
-1.11645 2.40678 1.90898 190 190 190 255 
-1.09804 2.39916 1.90898 190 190 190 255 
-1.10045 2.40015 1.90898 190 190 190 255 
-1.08105 2.38875 1.90898 190 190 190 255 
-1.08699 2.39238 1.90898 190 190 190 255 
-1.08785 2.39269 1.9292 190 190 190 255 
-1.04575 2.34731 1.93357 190 190 190 255 
-1.05312 2.36085 1.90898 190 190 190 255 
-1.0659 2.3758 1.90898 190 190 190 255 
-1.03492 2.32525 1.90898 190 190 190 255 
-1.03792 2.3325 1.90898 190 190 190 255 
-1.1557 2.413 1.90898 190 190 190 255 
-1.13338 2.41026 1.94342 190 190 190 255 
-1.13028 2.41026 1.9248 190 190 190 255 
-1.11897 2.40619 1.94675 190 190 190 255 
-1.11557 2.40619 1.92633 190 190 190 255 
-1.10135 2.40032 1.9278 190 190 190 255 
-1.10504 2.40032 1.94996 190 190 190 255 
-1.07529 2.38338 1.93051 190 190 190 255 
-1.06446 2.37312 1.93163 190 190 190 255 
-1.05898 2.36086 1.96058 190 190 190 255 
-1.05433 2.36086 1.93268 190 190 190 255 
-1.03888 2.33264 1.93428 190 190 190 255 
-1.12492 2.40619 1.96675 190 190 190 255 
-1.09874 2.39269 1.97633 190 190 190 255 
-1.09181 2.39269 1.95301 190 190 190 255 
-1.07951 2.38338 1.95585 190 190 190 255 
-1.07666 2.37312 1.98441 190 190 190 255 
-1.0689 2.37312 1.95829 190 190 190 255 
-1.0671 2.36086 1.98791 190 190 190 255 
-1.05057 2.34731 1.96252 190 190 190 255 
-1.02987 2.30086 1.90898 190 190 190 255 
-1.03026 2.30587 1.90898 190 190 190 255 
-1.0339 2.31707 1.9348 190 190 190 255 
-1.03605 2.30088 1.96587 190 190 190 255 
-1.03595 2.31707 1.95003 190 190 190 255 
-1.03896 2.31707 1.9652 190 190 190 255 
-1.04005 2.30088 1.98106 190 190 190 255 
-1.04291 2.31707 1.98021 190 190 190 255 
-1.0478 2.31707 1.99497 190 190 190 255 
-1.05365 2.31707 2.00952 190 190 190 255 
-1.05092 2.30088 2.01072 190 190 190 255 
-1.15294 2.41251 1.95649 190 190 190 255 
-1.14651 2.41026 1.97923 190 190 190 255 
-1.1388 2.41026 1.96166 190 190 190 255 
-1.11149 2.40032 1.97166 190 190 190 255 
-1.1086 2.39269 1.99879 190 190 190 255 
-1.09738 2.38338 2.00458 190 190 190 255 
-1.08688 2.38338 1.98067 190 190 190 255 
-1.07865 2.36086 2.01423 190 190 190 255 
-1.07098 2.34731 2.01819 190 190 190 255 
-1.05825 2.33264 2.00751 190 190 190 255 
-1.05899 2.34731 1.99088 190 190 190 255 
-1.05251 2.33264 1.99325 190 190 190 255 
-1.05774 2.30088 2.02502 190 190 190 255 
-1.045 2.30088 1.996 190 190 190 255 
-1.04479 2.286 1.99607 190 190 190 255 
-1.03583 2.286 1.96593 190 190 190 255 
-1.03301 2.30088 1.95052 190 190 190 255 
-1.03093 2.30088 1.93511 190 190 190 255 
-1.0306 2.286 1.93516 190 190 190 255 
-1.104 2.34723 2.06658 190 190 190 255 
-1.07268 2.33264 2.03539 190 190 190 255 
-1.07725 2.31707 2.05167 190 190 190 255 
-1.0748 2.30088 2.05337 190 190 190 255 
-1.17671 2.4114 1.99724 190 190 190 255 
-1.17707 2.4129 1.98267 190 190 190 255 
-1.15989 2.41251 1.97233 190 190 190 255 
-1.13337 2.40619 1.98601 190 190 190 255 
-1.12066 2.40032 1.99256 190 190 190 255 
-1.11143 2.38338 2.02793 190 190 190 255 
-1.10249 2.37312 2.03414 190 190 190 255 
-1.0877 2.37312 2.00957 190 190 190 255 
-1.08704 2.34731 2.04487 190 190 190 255 
-1.06485 2.33264 2.02135 190 190 190 255 
-1.06039 2.31707 2.02365 190 190 190 255 
-1.06839 2.31707 2.03798 190 190 190 255 
-1.06583 2.30088 2.03952 190 190 190 255 
-1.06552 2.286 2.03973 190 190 190 255 
-0.365111 -0.127 2.28703 190 190 190 255 
-0.474461 -0.127 2.13087 190 190 190 255 
-0.52705 -0.127 2.09404 190 190 190 255 
-0.537454 -0.127 1.93564 190 190 190 255 
-0.585234 -0.127 2.06691 190 190 190 255 
-0.7112 -0.127 2.0447 190 190 190 255 
-0.9652 -0.127 1.97306 190 190 190 255 
-1.03774 -0.127 2.02385 190 190 190 255 
-1.03016 -0.127 2.22885 190 190 190 255 
-1.05729 -0.127 2.28703 190 190 190 255 
-1.15114 -0.127 2.159 190 190 190 255 
-1.18856 -0.127 2.23925 190 190 190 255 
-1.0739 -0.127 2.34905 190 190 190 255 
-1.0795 -0.127 2.413 190 190 190 255 
-1.2192 -0.127 2.413 190 190 190 255 
-1.03016 -0.127 2.59715 190 190 190 255 
-1.18856 -0.127 2.58675 190 190 190 255 
-0.993334 -0.127 2.64974 190 190 190 255 
-0.89535 -0.127 2.73196 190 190 190 255 
-0.837166 -0.127 2.75909 190 190 190 255 
-0.775155 -0.127 2.7757 190 190 190 255 
-0.585234 -0.127 2.75909 190 190 190 255 
-0.52705 -0.127 2.73196 190 190 190 255 
-0.429066 -0.127 2.64974 190 190 190 255 
-0.271259 -0.127 2.667 190 190 190 255 
-0.233836 -0.127 2.58675 190 190 190 255 
-0.348495 -0.127 2.47695 190 190 190 255 
-0.383677 2.286 1.97963 190 190 190 255 
-0.265151 2.413 1.92868 190 190 190 255 
-0.240455 2.413 1.98632 190 190 190 255 
-0.23495 2.413 1.99299 190 190 190 255 
-0.256054 2.41212 1.99018 190 190 190 255 
-0.242711 2.41209 1.99983 190 190 190 255 
-0.246086 2.4117 2.00281 190 190 190 255 
-0.25149 2.41107 2.00757 190 190 190 255 
-0.269329 2.40914 1.99945 190 190 190 255 
-0.278061 2.39879 2.03101 190 190 190 255 
-0.267527 2.40534 2.02172 190 190 190 255 
-0.305236 2.38859 2.0245 190 190 190 255 
-0.294121 2.39722 2.01675 190 190 190 255 
-0.296176 2.38329 2.04698 190 190 190 255 
-0.286471 2.39235 2.03842 190 190 190 255 
-0.315289 2.37841 2.03152 190 190 190 255 
-0.323704 2.36752 2.03739 190 190 190 255 
-0.317439 2.3495 2.06573 190 190 190 255 
-0.314724 2.35467 2.06334 190 190 190 255 
-0.314256 2.35556 2.06293 190 190 190 255 
-0.320369 2.34112 2.06832 190 190 190 255 
-0.337595 2.34132 2.04709 190 190 190 255 
-0.326155 2.32098 2.07342 190 190 190 255 
-0.342412 2.32702 2.05045 190 190 190 255 
-0.345749 2.31224 2.05277 190 190 190 255 
-0.329451 2.29742 2.07633 190 190 190 255 
-0.347591 2.29718 2.05406 190 190 190 255 
-0.329469 2.29714 2.07634 190 190 190 255 
-0.391668 2.29718 1.93688 190 190 190 255 
-0.389435 2.31224 1.93663 190 190 190 255 
-0.391771 2.30805 1.90898 190 190 190 255 
-0.386701 2.32697 1.90898 190 190 190 255 
-0.386041 2.32944 1.90898 190 190 190 255 
-0.380592 2.34112 1.90898 190 190 190 255 
-0.376685 2.3495 1.90898 190 190 190 255 
-0.373065 2.35467 1.90898 190 190 190 255 
-0.362717 2.36752 1.93367 190 190 190 255 
-0.348334 2.38329 1.90898 190 190 190 255 
-0.340333 2.38859 1.93119 190 190 190 255 
-0.341295 2.38822 1.90898 190 190 190 255 
-0.326862 2.39722 1.9297 190 190 190 255 
-0.3302 2.39599 1.90898 190 190 190 255 
-0.312286 2.40413 1.92809 190 190 190 255 
-0.313233 2.4039 1.90898 190 190 190 255 
-0.296813 2.40914 1.92638 190 190 190 255 
-0.281548 2.4117 1.90898 190 190 190 255 
-0.386323 2.29718 1.96766 190 190 190 255 
-0.385391 2.32702 1.93618 190 190 190 255 
-0.379553 2.34132 1.93554 190 190 190 255 
-0.371969 2.3549 1.9347 190 190 190 255 
-0.357986 2.36752 1.96092 190 190 190 255 
-0.352517 2.37841 1.93254 190 190 190 255 
-0.348002 2.37841 1.95854 190 190 190 255 
-0.29348 2.40914 1.94557 190 190 190 255 
-0.280723 2.41212 1.92459 190 190 190 255 
-0.3937 2.286 1.90898 190 190 190 255 
-0.384138 2.31224 1.96714 190 190 190 255 
-0.380179 2.32702 1.9662 190 190 190 255 
-0.374465 2.34132 1.96484 190 190 190 255 
-0.367042 2.3549 1.96307 190 190 190 255 
-0.349865 2.36752 1.98758 190 190 190 255 
-0.336077 2.38859 1.9557 190 190 190 255 
-0.316076 2.39722 1.97494 190 190 190 255 
-0.322892 2.39722 1.95257 190 190 190 255 
-0.308625 2.40413 1.94917 190 190 190 255 
-0.30234 2.40413 1.96981 190 190 190 255 
-0.287759 2.40914 1.96435 190 190 190 255 
-0.277732 2.41212 1.94182 190 190 190 255 
-0.262812 2.413 1.93827 190 190 190 255 
-0.377147 2.29718 1.99778 190 190 190 255 
-0.375043 2.31224 1.99699 190 190 190 255 
-0.358599 2.32702 2.02382 190 190 190 255 
-0.371232 2.32702 1.99557 190 190 190 255 
-0.365731 2.34132 1.99351 190 190 190 255 
-0.358584 2.3549 1.99084 190 190 190 255 
-0.340252 2.37841 1.98398 190 190 190 255 
-0.318455 2.38859 2.00276 190 190 190 255 
-0.32877 2.38859 1.97969 190 190 190 255 
-0.293466 2.40413 1.98965 190 190 190 255 
-0.265346 2.41212 1.9749 190 190 190 255 
-0.272596 2.41212 1.95868 190 190 190 255 
-0.364086 2.286 2.02667 190 190 190 255 
-0.364192 2.29718 2.02675 190 190 190 255 
-0.362203 2.31224 2.02571 190 190 190 255 
-0.331338 2.3549 2.04272 190 190 190 255 
-0.353398 2.34132 2.02109 190 190 190 255 
-0.346641 2.3549 2.01754 190 190 190 255 
-0.338398 2.36752 2.01322 190 190 190 255 
-0.32931 2.37841 2.00845 190 190 190 255 
-0.306453 2.39722 1.99646 190 190 190 255 
-0.282095 2.40413 2.00835 190 190 190 255 
-0.27968 2.40914 1.98242 190 190 190 255 
-0.243583 2.413 1.98149 190 190 190 255 
-0.0920232 2.413 2.27213 190 190 190 255 
-0.0952001 2.413 2.25881 190 190 190 255 
-0.251746 2.413 1.96889 190 190 190 255 
-0.148448 2.413 2.12297 190 190 190 255 
-0.126741 2.413 2.1646 190 190 190 255 
-0.0854174 2.413 2.1866 190 190 190 255 
-0.118012 2.413 2.19067 190 190 190 255 
-0.0692825 2.413 1.97771 190 190 190 255 
-0.27568 2.413 0.387168 190 190 190 255 
-0.0381 2.413 1.42693e-008 190 190 190 255 
-0.0381 2.413 1.08683 190 190 190 255 
-0.260163 2.413 1.94914 190 190 190 255 
-0.252137 2.413 1.96797 190 190 190 255 
-0.0592978 2.413 1.84844 190 190 190 255 
-0.265603 2.413 1.92293 190 190 190 255 
-0.0477284 2.413 1.5368 190 190 190 255 
-0.2667 2.413 0.772511 190 190 190 255 
-0.0406765 2.413 1.31012 190 190 190 255 
-0.153077 2.413 2.71586 190 190 190 255 
-0.160492 2.413 2.72718 190 190 190 255 
-0.157301 2.413 2.74686 190 190 190 255 
-0.203707 2.413 2.79318 190 190 190 255 
-0.361685 2.413 2.94312 190 190 190 255 
-0.44958 2.413 2.99167 190 190 190 255 
-0.23625 2.413 3.048 190 190 190 255 
-0.58639 2.413 3.03391 190 190 190 255 
-0.636238 2.413 3.04363 190 190 190 255 
-0.162742 2.413 2.7868 190 190 190 255 
-0.173248 2.413 2.86392 190 190 190 255 
-0.176477 2.413 2.88762 190 190 190 255 
-0.210137 2.413 2.80299 190 190 190 255 
-0.255114 2.413 2.85198 190 190 190 255 
-0.186745 2.413 2.95751 190 190 190 255 
-0.229549 2.413 3.04731 190 190 190 255 
-0.225038 2.413 3.04598 190 190 190 255 
-0.202222 2.413 3.02151 190 190 190 255 
-0.198481 2.413 3.01237 190 190 190 255 
-0.312052 2.413 2.90436 190 190 190 255 
-0.215674 2.413 3.04022 190 190 190 255 
-1.11285 2.413 2.90487 190 190 190 255 
-1.13939 2.413 2.89351 190 190 190 255 
-0.807338 2.413 3.04004 190 190 190 255 
-0.815604 2.413 3.03936 190 190 190 255 
-1.05532 2.413 3.03689 190 190 190 255 
-1.13866 2.413 2.89618 190 190 190 255 
-1.11654 2.413 2.958 190 190 190 255 
-1.08077 2.413 3.01568 190 190 190 255 
-0.900739 2.413 3.01714 190 190 190 255 
-0.931217 2.413 3.00865 190 190 190 255 
-1.01507 2.413 3.048 190 190 190 255 
-1.02746 2.413 3.04703 190 190 190 255 
-1.03921 2.413 3.0442 190 190 190 255 
-1.04255 2.413 3.04302 190 190 190 255 
-1.09563 2.413 2.99647 190 190 190 255 
-1.03679 2.413 2.95768 190 190 190 255 
-0.9652 2.286 2.85294 190 190 190 255 
-0.971517 2.286 2.84852 190 190 190 255 
-1.11607 2.286 2.71709 190 190 190 255 
-1.21286 2.286 2.48547 190 190 190 255 
-1.21148 2.286 2.32479 190 190 190 255 
-1.22889 2.38901 2.62677 190 190 190 255 
-1.20938 2.39685 2.69439 190 190 190 255 
-1.15544 2.41122 2.84656 190 190 190 255 
-0.862874 2.286 2.89645 190 190 190 255 
-0.806779 2.29892 2.9126 190 190 190 255 
-0.806765 2.29746 2.91253 190 190 190 255 
-0.863377 2.29741 2.89821 190 190 190 255 
-0.807127 2.30904 2.91442 190 190 190 255 
-0.863858 2.30911 2.89974 190 190 190 255 
-0.865892 2.33275 2.90623 190 190 190 255 
-0.807616 2.32104 2.91697 190 190 190 255 
-0.864691 2.32095 2.9024 190 190 190 255 
-0.807605 2.32089 2.91692 190 190 190 255 
-0.871724 2.36605 2.92482 190 190 190 255 
-0.869419 2.3555 2.91747 190 190 190 255 
-0.86747 2.34433 2.91126 190 190 190 255 
-0.874355 2.3758 2.93321 190 190 190 255 
-0.813053 2.37254 2.94539 190 190 190 255 
-0.812106 2.36614 2.94045 190 190 190 255 
-0.812054 2.36579 2.94017 190 190 190 255 
-0.81597 2.38667 2.96064 190 190 190 255 
-0.883774 2.39881 2.96324 190 190 190 255 
-0.819383 2.39833 2.97848 190 190 190 255 
-0.88724 2.40408 2.97429 190 190 190 255 
-0.823166 2.40682 2.99826 190 190 190 255 
-0.826799 2.41145 3.01725 190 190 190 255 
-0.824129 2.40805 3.00329 190 190 190 255 
-0.890772 2.4081 2.98556 190 190 190 255 
-1.10459 2.413 2.91061 190 190 190 255 
-1.17464 2.40834 2.79551 190 190 190 255 
-1.14961 2.41088 2.83986 190 190 190 255 
-1.14112 2.4081 2.83161 190 190 190 255 
-1.17577 2.40797 2.79222 190 190 190 255 
-1.22224 2.39227 2.65479 190 190 190 255 
-1.19358 2.3846 2.68738 190 190 190 255 
-1.25552 2.37513 2.398 190 190 190 255 
-1.25428 2.37578 2.42181 190 190 190 255 
-1.2196 2.3925 2.16674 190 190 190 255 
-1.18328 2.41193 2.00607 190 190 190 255 
-1.18442 2.41034 2.02521 190 190 190 255 
-1.16628 2.40408 2.04025 190 190 190 255 
-1.20313 2.40208 2.0982 190 190 190 255 
-1.17541 2.4081 2.03277 190 190 190 255 
-1.16054 2.40627 2.01473 190 190 190 255 
-1.12644 2.38314 2.04679 190 190 190 255 
-1.12758 2.3843 2.04578 190 190 190 255 
-1.14868 2.3923 2.05467 190 190 190 255 
-1.15732 2.39881 2.04759 190 190 190 255 
-1.14609 2.39997 2.02946 190 190 190 255 
-1.12021 2.3555 2.07799 190 190 190 255 
-1.11284 2.36494 2.05879 190 190 190 255 
-1.11839 2.37281 2.0539 190 190 190 255 
-1.12617 2.36605 2.07311 190 190 190 255 
-1.12031 2.37554 2.0522 190 190 190 255 
-1.14052 2.3846 2.06135 190 190 190 255 
-1.1111 2.33275 2.08545 190 190 190 255 
-1.11517 2.34433 2.08211 190 190 190 255 
-1.09751 2.3278 2.07231 190 190 190 255 
-1.09617 2.32085 2.07349 190 190 190 255 
-1.09542 2.31696 2.07415 190 190 190 255 
-1.10584 2.30911 2.08976 190 190 190 255 
-1.10459 2.29741 2.09078 190 190 190 255 
-1.1038 2.286 2.09138 190 190 190 255 
-1.09292 2.29737 2.07636 190 190 190 255 
-1.10035 2.286 2.08646 190 190 190 255 
-1.23718 2.3555 2.35939 190 190 190 255 
-1.23328 2.34433 2.42366 190 190 190 255 
-1.22545 2.33275 2.36059 190 190 190 255 
-1.22801 2.33275 2.42356 190 190 190 255 
-1.22146 2.32095 2.36099 190 190 190 255 
-1.21869 2.30911 2.36128 190 190 190 255 
-1.2192 2.286 2.413 190 190 190 255 
-1.21148 2.286 2.50121 190 190 190 255 
-1.13799 2.286 2.14022 190 190 190 255 
-1.141 2.30911 2.13823 190 190 190 255 
-1.14672 2.33275 2.13457 190 190 190 255 
-1.10799 2.32095 2.088 190 190 190 255 
-1.15116 2.34433 2.13173 190 190 190 255 
-1.16314 2.36605 2.12407 190 190 190 255 
-1.13297 2.3758 2.06753 190 190 190 255 
-1.17055 2.3758 2.11934 190 190 190 255 
-1.15063 2.40313 2.02546 190 190 190 255 
-1.19707 2.39881 2.10239 190 190 190 255 
-1.20685 2.40022 2.11277 190 190 190 255 
-1.18766 2.3923 2.1084 190 190 190 255 
-1.17877 2.3846 2.11408 190 190 190 255 
-1.2108 2.3846 2.1714 190 190 190 255 
-1.20202 2.3758 2.17565 190 190 190 255 
-1.15665 2.3555 2.12822 190 190 190 255 
-1.1941 2.36605 2.17948 190 190 190 255 
-1.14334 2.32095 2.13673 190 190 190 255 
-1.17295 2.32095 2.18971 190 190 190 255 
-1.13964 2.29741 2.1391 190 190 190 255 
-1.17044 2.30911 2.19092 190 190 190 255 
-1.22327 2.39186 2.17699 190 190 190 255 
-1.23581 2.38471 2.2327 190 190 190 255 
-1.22681 2.3758 2.23585 190 190 190 255 
-1.21121 2.3555 2.24121 190 190 190 255 
-1.18717 2.3555 2.18283 190 190 190 255 
-1.18131 2.34433 2.18567 190 190 190 255 
-1.17656 2.33275 2.18796 190 190 190 255 
-1.20007 2.33275 2.24504 190 190 190 255 
-1.19627 2.32095 2.24634 190 190 190 255 
-1.19364 2.30911 2.24724 190 190 190 255 
-1.169 2.29741 2.19162 190 190 190 255 
-1.18856 2.286 2.23925 190 190 190 255 
-1.2375 2.38456 2.23837 190 190 190 255 
-1.24136 2.38256 2.25745 190 190 190 255 
-1.24174 2.37635 2.29269 190 190 190 255 
-1.2185 2.36605 2.2387 190 190 190 255 
-1.22685 2.3555 2.29626 190 190 190 255 
-1.20505 2.34433 2.24332 190 190 190 255 
-1.21144 2.32095 2.29975 190 190 190 255 
-1.20873 2.30911 2.30036 190 190 190 255 
-1.19212 2.29741 2.24777 190 190 190 255 
-1.23436 2.36605 2.29456 190 190 190 255 
-1.25257 2.37668 2.35784 190 190 190 255 
-1.24484 2.36605 2.35861 190 190 190 255 
-1.2205 2.34433 2.2977 190 190 190 255 
-1.2307 2.34433 2.36005 190 190 190 255 
-1.21536 2.33275 2.29886 190 190 190 255 
-1.20716 2.29741 2.30071 190 190 190 255 
-1.21709 2.29741 2.36144 190 190 190 255 
-1.21471 2.286 2.36165 190 190 190 255 
-1.2183 2.286 2.4233 190 190 190 255 
-1.21961 2.29741 2.42338 190 190 190 255 
-1.2145 2.29741 2.48565 190 190 190 255 
-1.21609 2.30911 2.48587 190 190 190 255 
-1.22121 2.30911 2.42342 190 190 190 255 
-1.224 2.32095 2.42347 190 190 190 255 
-1.21884 2.32095 2.48627 190 190 190 255 
-1.22282 2.33275 2.48685 190 190 190 255 
-1.23448 2.3555 2.48853 190 190 190 255 
-1.23979 2.3555 2.4238 190 190 190 255 
-1.2421 2.36605 2.48963 190 190 190 255 
-1.24749 2.36605 2.42395 190 190 190 255 
-1.2494 2.3762 2.49084 190 190 190 255 
-1.25416 2.37584 2.42402 190 190 190 255 
-1.25067 2.37769 2.49106 190 190 190 255 
-1.24941 2.37835 2.51515 190 190 190 255 
-1.23705 2.3758 2.55696 190 190 190 255 
-1.22114 2.3555 2.5526 190 190 190 255 
-1.21485 2.34433 2.55088 190 190 190 255 
-1.22803 2.34433 2.4876 190 190 190 255 
-1.20167 2.29741 2.54727 190 190 190 255 
-1.19931 2.286 2.54664 190 190 190 255 
-1.18856 2.286 2.58675 190 190 190 255 
-1.23795 2.3843 2.57751 190 190 190 255 
-1.22857 2.36605 2.55464 190 190 190 255 
-1.19994 2.3555 2.61465 190 190 190 255 
-1.19392 2.34433 2.61216 190 190 190 255 
-1.20977 2.33275 2.54949 190 190 190 255 
-1.18904 2.33275 2.61015 190 190 190 255 
-1.2059 2.32095 2.54843 190 190 190 255 
-1.20322 2.30911 2.5477 190 190 190 255 
-1.18276 2.30911 2.60756 190 190 190 255 
-1.22753 2.38971 2.63416 190 190 190 255 
-1.2242 2.3846 2.62466 190 190 190 255 
-1.21519 2.3758 2.62094 190 190 190 255 
-1.20706 2.36605 2.61759 190 190 190 255 
-1.17076 2.3555 2.6744 190 190 190 255 
-1.18533 2.32095 2.60862 190 190 190 255 
-1.15461 2.30911 2.66522 190 190 190 255 
-1.18127 2.29741 2.60695 190 190 190 255 
-1.17951 2.286 2.60615 190 190 190 255 
-1.2086 2.39711 2.69667 190 190 190 255 
-1.20275 2.3923 2.6926 190 190 190 255 
-1.20693 2.39766 2.70152 190 190 190 255 
-1.15497 2.3846 2.74623 190 190 190 255 
-1.1851 2.3758 2.68256 190 190 190 255 
-1.17745 2.36605 2.67821 190 190 190 255 
-1.13397 2.3555 2.73047 190 190 190 255 
-1.1651 2.34433 2.67118 190 190 190 255 
-1.16052 2.33275 2.66858 190 190 190 255 
-1.12877 2.34433 2.72656 190 190 190 255 
-1.12455 2.33275 2.72339 190 190 190 255 
-1.15703 2.32095 2.66659 190 190 190 255 
-1.15321 2.29741 2.66442 190 190 190 255 
-1.11912 2.30911 2.71931 190 190 190 255 
-1.11783 2.29741 2.71835 190 190 190 255 
-1.18552 2.40474 2.76384 190 190 190 255 
-1.18159 2.40408 2.76623 190 190 190 255 
-1.18377 2.40532 2.76894 190 190 190 255 
-1.13267 2.40408 2.82337 190 190 190 255 
-1.17233 2.39881 2.75927 190 190 190 255 
-1.1634 2.3923 2.75257 190 190 190 255 
-1.12437 2.39881 2.81529 190 190 190 255 
-1.14717 2.3758 2.74037 190 190 190 255 
-1.14013 2.36605 2.73509 190 190 190 255 
-1.10182 2.3758 2.79334 190 190 190 255 
-1.09552 2.36605 2.7872 190 190 190 255 
-1.08534 2.34433 2.77728 190 190 190 255 
-1.12134 2.32095 2.72098 190 190 190 255 
-1.07554 2.29741 2.76775 190 190 190 255 
-1.09064 2.41088 2.89304 190 190 190 255 
-1.07598 2.40408 2.87449 190 190 190 255 
-1.0688 2.39881 2.8654 190 190 190 255 
-1.11637 2.3923 2.8075 190 190 190 255 
-1.10881 2.3846 2.80014 190 190 190 255 
-1.04383 2.36605 2.83382 190 190 190 255 
-1.09 2.3555 2.78183 190 190 190 255 
-1.03905 2.3555 2.82777 190 190 190 255 
-1.08156 2.33275 2.77361 190 190 190 255 
-1.07868 2.32095 2.77081 190 190 190 255 
-1.07669 2.30911 2.76887 190 190 190 255 
-1.02753 2.30911 2.8132 190 190 190 255 
-1.02654 2.29741 2.81194 190 190 190 255 
-1.03774 2.286 2.80215 190 190 190 255 
-1.09789 2.41249 2.90221 190 190 190 255 
-1.0833 2.4081 2.88375 190 190 190 255 
-1.01911 2.4081 2.92803 190 190 190 255 
-1.01305 2.40408 2.9179 190 190 190 255 
-1.00711 2.39881 2.90796 190 190 190 255 
-1.06188 2.3923 2.85665 190 190 190 255 
-1.00138 2.3923 2.89838 190 190 190 255 
-1.05533 2.3846 2.84837 190 190 190 255 
-1.04928 2.3758 2.84071 190 190 190 255 
-0.986444 2.36605 2.8734 190 190 190 255 
-0.982493 2.3555 2.86679 190 190 190 255 
-1.03501 2.34433 2.82266 190 190 190 255 
-1.03175 2.33275 2.81853 190 190 190 255 
-0.976445 2.33275 2.85668 190 190 190 255 
-1.02926 2.32095 2.81538 190 190 190 255 
-0.972134 2.29741 2.84946 190 190 190 255 
-1.03118 2.41249 2.94823 190 190 190 255 
-1.03131 2.413 2.96149 190 190 190 255 
-1.02518 2.41088 2.93819 190 190 190 255 
-0.951778 2.40408 2.94981 190 190 190 255 
-0.947041 2.39881 2.93924 190 190 190 255 
-0.995963 2.3846 2.88932 190 190 190 255 
-0.990957 2.3758 2.88095 190 190 190 255 
-0.93816 2.3846 2.91942 190 190 190 255 
-0.93417 2.3758 2.91052 190 190 190 255 
-0.930574 2.36605 2.90249 190 190 190 255 
-0.927424 2.3555 2.89547 190 190 190 255 
-0.97915 2.34433 2.8612 190 190 190 255 
-0.92476 2.34433 2.88952 190 190 190 255 
-0.922604 2.33275 2.88471 190 190 190 255 
-0.974385 2.32095 2.85323 190 190 190 255 
-0.972958 2.30911 2.85084 190 190 190 255 
-0.919825 2.30911 2.87851 190 190 190 255 
-0.918165 2.286 2.87487 190 190 190 255 
-0.830522 2.413 3.0367 190 190 190 255 
-0.828572 2.41219 3.02651 190 190 190 255 
-0.969926 2.413 2.99041 190 190 190 255 
-0.96623 2.41249 2.98205 190 190 190 255 
-0.897815 2.41249 3.00801 190 190 190 255 
-0.961446 2.41088 2.97138 190 190 190 255 
-0.894314 2.41088 2.99685 190 190 190 255 
-0.956605 2.4081 2.96058 190 190 190 255 
-0.942475 2.3923 2.92905 190 190 190 255 
-0.880432 2.3923 2.95259 190 190 190 255 
-0.877275 2.3846 2.94252 190 190 190 255 
-0.920962 2.32095 2.88105 190 190 190 255 
-0.919168 2.29741 2.87704 190 190 190 255 
-0.884946 2.286 2.89036 190 190 190 255 
-1.05909 1.14477 2.04297 190 190 190 255 
-1.08318 1.30096 2.06711 190 190 190 255 
-1.08798 1.36449 2.07235 190 190 190 255 
-1.09151 1.42603 2.07621 190 190 190 255 
-1.10035 -0.127 2.08646 190 190 190 255 
-1.0562 1.1292 2.04012 190 190 190 255 
-0.884923 0.864438 1.93569 190 190 190 255 
-0.965077 0.936474 1.97326 190 190 190 255 
-0.884946 -0.127 1.93564 190 190 190 255 
-0.852902 0.847683 1.92557 190 190 190 255 
-0.796755 0.826545 1.91226 190 190 190 255 
-0.799413 -0.127 1.91272 190 190 190 255 
-0.799389 0.827439 1.91283 190 190 190 255 
-0.661112 0.819204 1.90748 190 190 190 255 
-0.622987 -0.127 1.91272 190 190 190 255 
-0.7112 -0.127 1.905 190 190 190 255 
-0.759852 0.819575 1.90766 190 190 190 255 
-0.568942 0.847189 1.92533 190 190 190 255 
-0.623016 0.827567 1.91292 190 190 190 255 
-0.487129 0.903101 1.95709 190 190 190 255 
-0.527089 0.871066 1.93954 190 190 190 255 
-0.412 1.00645 2.00264 190 190 190 255 
-0.449611 0.944937 1.97753 190 190 190 255 
-0.454046 0.939992 1.97511 190 190 190 255 
-0.4572 -0.127 1.97306 190 190 190 255 
-0.457342 0.936317 1.97332 190 190 190 255 
-0.330205 1.47592 2.07699 190 190 190 255 
-0.345267 1.24824 2.06087 190 190 190 255 
-0.353335 1.1909 2.05254 190 190 190 255 
-0.366278 1.13556 2.04048 190 190 190 255 
-0.322049 -0.127 2.08646 190 190 190 255 
-0.384664 -0.127 2.02385 190 190 190 255 
-0.382196 1.07585 2.02593 190 190 190 255 
-0.210918 -0.127 2.50121 190 190 190 255 
-0.210918 2.286 2.50121 190 190 190 255 
-0.271259 2.286 2.667 190 190 190 255 
-0.243929 2.286 2.60839 190 190 190 255 
-0.322049 -0.127 2.73954 190 190 190 255 
-0.346467 2.286 2.76395 190 190 190 255 
-0.305972 2.286 2.71658 190 190 190 255 
-0.4572 -0.127 2.85294 190 190 190 255 
-0.44182 2.286 2.84217 190 190 190 255 
-0.391292 2.286 2.80679 190 190 190 255 
-0.384664 -0.127 2.80215 190 190 190 255 
-0.384664 2.286 2.80215 190 190 190 255 
-0.495609 2.286 2.87085 190 190 190 255 
-0.537454 -0.127 2.89036 190 190 190 255 
-0.622987 -0.127 2.91328 190 190 190 255 
-0.611333 2.286 2.91016 190 190 190 255 
-0.729495 2.286 2.9194 190 190 190 255 
-0.7112 -0.127 2.921 190 190 190 255 
-0.67048 2.286 2.91744 190 190 190 255 
-0.799413 -0.127 2.91328 190 190 190 255 
-0.884946 -0.127 2.89036 190 190 190 255 
-0.9652 -0.127 2.85294 190 190 190 255 
-1.0256 2.286 2.81065 190 190 190 255 
-1.03774 -0.127 2.80215 190 190 190 255 
-1.07383 2.286 2.76605 190 190 190 255 
-1.10035 2.286 2.73954 190 190 190 255 
-1.10035 -0.127 2.73954 190 190 190 255 
-1.15114 -0.127 2.667 190 190 190 255 
-1.15114 2.286 2.667 190 190 190 255 
-1.20517 2.286 2.30123 190 190 190 255 
-1.21148 -0.127 2.32479 190 190 190 255 
-1.21148 -0.127 2.50121 190 190 190 255 
-1.15114 2.286 2.159 190 190 190 255 
-1.16683 2.286 2.19264 190 190 190 255 
-1.19094 2.286 2.24812 190 190 190 255 
-1.0922 1.47592 2.07699 190 190 190 255 
-0.291488 2.286 2.13011 190 190 190 255 
-0.261037 2.286 2.18092 190 190 190 255 
-0.271259 -0.127 2.159 190 190 190 255 
-0.271259 2.286 2.159 190 190 190 255 
-0.233836 -0.127 2.23925 190 190 190 255 
-0.2032 -0.127 2.413 190 190 190 255 
-0.210918 2.286 2.32479 190 190 190 255 
-0.210918 -0.127 2.32479 190 190 190 255 
-0.219648 2.286 2.2922 190 190 190 255 
-0.821911 2.404 2.9917 190 190 190 255 
-0.817615 2.39229 2.96924 190 190 190 255 
-0.513855 2.413 3.01467 190 190 190 255 
-0.172513 2.413 2.07682 190 190 190 255 
-0.126302 2.41257 2.19384 190 190 190 255 
-0.0982531 2.4115 2.34053 190 190 190 255 
-0.10246 2.41105 2.34221 190 190 190 255 
-0.114298 2.40834 2.34359 190 190 190 255 
-0.110334 2.40834 2.42133 190 190 190 255 
-0.104058 2.41009 2.40428 190 190 190 255 
-0.105599 2.40972 2.42119 190 190 190 255 
-0.107539 2.40925 2.44249 190 190 190 255 
-0.114249 2.40895 2.49861 190 190 190 255 
-0.143499 2.41222 2.66353 190 190 190 255 
-0.1687 2.41257 2.72257 190 190 190 255 
-0.211268 2.41257 2.78744 190 190 190 255 
-0.280808 2.413 2.87997 190 190 190 255 
-0.317405 2.41257 2.89783 190 190 190 255 
-0.379072 2.41257 2.94199 190 190 190 255 
-0.374018 2.413 2.94994 190 190 190 255 
-0.445118 2.41257 2.9781 190 190 190 255 
-0.441004 2.413 2.98693 190 190 190 255 
-0.545235 2.413 3.02589 190 190 190 255 
-0.588118 2.41257 3.02536 190 190 190 255 
-0.660144 2.413 3.04502 190 190 190 255 
-0.734085 2.413 3.04611 190 190 190 255 
-0.802228 2.40834 3.00699 190 190 190 255 
-0.823964 2.40784 3.00243 190 190 190 255 
-0.798656 2.39916 2.98368 190 190 190 255 
-0.807131 2.30914 2.91444 190 190 190 255 
-0.807461 2.31873 2.91616 190 190 190 255 
-0.78823 2.29746 2.91565 190 190 190 255 
-0.808743 2.33795 2.92287 190 190 190 255 
-0.789515 2.33296 2.92404 190 190 190 255 
-0.809384 2.34415 2.92621 190 190 190 255 
-0.810616 2.35607 2.93266 190 190 190 255 
-0.795336 2.38498 2.96202 190 190 190 255 
-0.806655 2.286 2.91195 190 190 190 255 
-0.799413 2.286 2.91328 190 190 190 255 
-0.806764 2.29741 2.91252 190 190 190 255 
-0.788076 2.286 2.91427 190 190 190 255 
-0.55314 2.286 2.89457 190 190 190 255 
-0.552678 2.29746 2.89618 190 190 190 255 
-0.610995 2.29746 2.91155 190 190 190 255 
-0.622987 2.286 2.91328 190 190 190 255 
-0.7112 2.286 2.921 190 190 190 255 
-0.537454 2.286 2.89036 190 190 190 255 
-0.4572 2.286 2.85294 190 190 190 255 
-0.440803 2.29746 2.84367 190 190 190 255 
-0.269623 2.41105 2.83795 190 190 190 255 
-0.261144 2.41257 2.84611 190 190 190 255 
-0.324824 2.41105 2.8887 190 190 190 255 
-0.520157 2.41105 2.9953 190 190 190 255 
-0.516488 2.41257 3.00649 190 190 190 255 
-0.660927 2.41257 3.03558 190 190 190 255 
-0.733405 2.41105 3.02544 190 190 190 255 
-0.733831 2.41257 3.0372 190 190 190 255 
-0.805816 2.41257 3.0304 190 190 190 255 
-0.804033 2.41105 3.01877 190 190 190 255 
-0.82838 2.41211 3.02551 190 190 190 255 
-0.24207 2.29746 2.60923 190 190 190 255 
-0.269531 2.29746 2.66503 190 190 190 255 
-0.344793 2.29746 2.76561 190 190 190 255 
-0.322049 2.286 2.73954 190 190 190 255 
-0.127734 2.41043 2.57513 190 190 190 255 
-0.156822 2.40834 2.64489 190 190 190 255 
-0.145827 2.41105 2.64949 190 190 190 255 
-0.178921 2.41105 2.71674 190 190 190 255 
-0.230226 2.40834 2.77324 190 190 190 255 
-0.220687 2.41105 2.78039 190 190 190 255 
-0.38533 2.41105 2.93202 190 190 190 255 
-0.455208 2.40834 2.95667 190 190 190 255 
-0.450131 2.41105 2.96745 190 190 190 255 
-0.523872 2.40834 2.98398 190 190 190 255 
-0.590437 2.41105 3.01383 190 190 190 255 
-0.661874 2.41105 3.02385 190 190 190 255 
-0.732973 2.40834 3.01353 190 190 190 255 
-0.221084 2.29746 2.54856 190 190 190 255 
-0.233836 2.286 2.58675 190 190 190 255 
-0.2032 2.286 2.413 190 190 190 255 
-0.203812 2.286 2.41999 190 190 190 255 
-0.202731 2.29746 2.42005 190 190 190 255 
-0.2095 2.286 2.48501 190 190 190 255 
-0.210918 2.286 2.50121 190 190 190 255 
-0.223435 2.286 2.54793 190 190 190 255 
-0.20832 2.286 2.35447 190 190 190 255 
-0.206086 2.29746 2.35426 190 190 190 255 
-0.217384 2.29746 2.29161 190 190 190 255 
-0.233836 2.286 2.23925 190 190 190 255 
-0.79695 2.39267 2.97255 190 190 190 255 
-0.73171 2.39267 2.97871 190 190 190 255 
-0.664731 2.39916 2.98847 190 190 190 255 
-0.597432 2.39916 2.97903 190 190 190 255 
-0.534734 2.39267 2.95087 190 190 190 255 
-0.470052 2.39267 2.92515 190 190 190 255 
-0.347203 2.39916 2.86115 190 190 190 255 
-0.354307 2.39267 2.8524 190 190 190 255 
-0.295199 2.39916 2.81334 190 190 190 255 
-0.249097 2.39916 2.75911 190 190 190 255 
-0.258115 2.39267 2.75235 190 190 190 255 
-0.20975 2.39916 2.69914 190 190 190 255 
-0.178573 2.39916 2.6358 190 190 190 255 
-0.154746 2.39916 2.56691 190 190 190 255 
-0.139699 2.39916 2.49496 190 190 190 255 
-0.165606 2.39267 2.56391 190 190 190 255 
-0.150853 2.39267 2.49336 190 190 190 255 
-0.133908 2.39916 2.42101 190 190 190 255 
-0.145175 2.39267 2.42085 190 190 190 255 
-0.150544 2.39916 2.27518 190 190 190 255 
-0.161487 2.39267 2.27787 190 190 190 255 
-0.17056 2.39916 2.21042 190 190 190 255 
-0.181112 2.39267 2.21437 190 190 190 255 
-0.198004 2.39916 2.1485 190 190 190 255 
-0.732542 2.40439 3.00164 190 190 190 255 
-0.663791 2.40439 3.00012 190 190 190 255 
-0.662833 2.40834 3.01197 190 190 190 255 
-0.592786 2.40834 3.00214 190 190 190 255 
-0.59513 2.40439 2.99048 190 190 190 255 
-0.391667 2.40834 2.92193 190 190 190 255 
-0.332338 2.40834 2.87945 190 190 190 255 
-0.339838 2.40439 2.87021 190 190 190 255 
-0.27821 2.40834 2.82969 190 190 190 255 
-0.286781 2.40439 2.82144 190 190 190 255 
-0.239747 2.40439 2.76611 190 190 190 255 
-0.189273 2.40834 2.71083 190 190 190 255 
-0.167796 2.40439 2.6403 190 190 190 255 
-0.132023 2.40834 2.5732 190 190 190 255 
-0.116361 2.40834 2.4983 190 190 190 255 
-0.143487 2.40439 2.57003 190 190 190 255 
-0.128136 2.40439 2.49661 190 190 190 255 
-0.159621 2.40439 2.20632 190 190 190 255 
-0.148482 2.40834 2.20215 190 190 190 255 
-0.116076 2.41105 2.2667 190 190 190 255 
-0.137322 2.41105 2.19797 190 190 190 255 
-0.127649 2.40834 2.26955 190 190 190 255 
-0.166453 2.41105 2.13224 190 190 190 255 
-0.177046 2.40834 2.1377 190 190 190 255 
-0.203036 2.41105 2.07044 190 190 190 255 
-0.289541 2.29746 2.12876 190 190 190 255 
-0.271259 2.286 2.159 190 190 190 255 
-0.790322 2.3446 2.9293 190 190 190 255 
-0.730125 2.3446 2.93498 190 190 190 255 
-0.729932 2.33296 2.92966 190 190 190 255 
-0.669159 2.3446 2.93363 190 190 190 255 
-0.488691 2.3446 2.88556 190 190 190 255 
-0.433461 2.3446 2.85536 190 190 190 255 
-0.385249 2.33296 2.81431 190 190 190 255 
-0.334844 2.3446 2.77519 190 190 190 255 
-0.33868 2.33296 2.7715 190 190 190 255 
-0.257539 2.3446 2.67187 190 190 190 255 
-0.229332 2.3446 2.61456 190 190 190 255 
-0.234244 2.33296 2.61251 190 190 190 255 
-0.194164 2.3446 2.48714 190 190 190 255 
-0.199434 2.33296 2.48639 190 190 190 255 
-0.194248 2.33296 2.42017 190 190 190 255 
-0.188925 2.3446 2.42024 190 190 190 255 
-0.192371 2.3446 2.35267 190 190 190 255 
-0.197659 2.33296 2.35328 190 190 190 255 
-0.209146 2.33296 2.28958 190 190 190 255 
-0.222084 2.3446 2.22973 190 190 190 255 
-0.246912 2.3446 2.17371 190 190 190 255 
-0.251644 2.33296 2.17615 190 190 190 255 
-0.296176 2.38329 2.04698 190 190 190 255 
-0.30006 2.37811 2.05041 190 190 190 255 
-0.538056 2.38498 2.94075 190 190 190 255 
-0.4211 2.37618 2.87505 190 190 190 255 
-0.367236 2.37618 2.83648 190 190 190 255 
-0.266643 2.38498 2.74597 190 190 190 255 
-0.228791 2.38498 2.68828 190 190 190 255 
-0.198797 2.38498 2.62734 190 190 190 255 
-0.175875 2.38498 2.56107 190 190 190 255 
-0.16568 2.37618 2.42057 190 190 190 255 
-0.155829 2.38498 2.4207 190 190 190 255 
-0.191089 2.38498 2.21811 190 190 190 255 
-0.21749 2.38498 2.15855 190 190 190 255 
-0.258816 2.37618 2.10804 190 190 190 255 
-0.232468 2.39916 2.09028 190 190 190 255 
-0.282575 2.39599 2.03499 190 190 190 255 
-0.241811 2.39267 2.09658 190 190 190 255 
-0.817506 2.39192 2.96867 190 190 190 255 
-0.731324 2.38498 2.96806 190 190 190 255 
-0.665638 2.39267 2.97724 190 190 190 255 
-0.666495 2.38498 2.96662 190 190 190 255 
-0.599652 2.39267 2.96798 190 190 190 255 
-0.601752 2.38498 2.95753 190 190 190 255 
-0.47459 2.38498 2.91551 190 190 190 255 
-0.410195 2.39267 2.89242 190 190 190 255 
-0.415861 2.38498 2.8834 190 190 190 255 
-0.361024 2.38498 2.84413 190 190 190 255 
-0.303317 2.39267 2.80553 190 190 190 255 
-0.310995 2.38498 2.79814 190 190 190 255 
-0.219537 2.39267 2.69356 190 190 190 255 
-0.188968 2.39267 2.63145 190 190 190 255 
-0.1614 2.38498 2.49184 190 190 190 255 
-0.14891 2.39267 2.34761 190 190 190 255 
-0.159493 2.38498 2.34885 190 190 190 255 
-0.171833 2.38498 2.28041 190 190 190 255 
-0.208019 2.39267 2.15366 190 190 190 255 
-0.290896 2.38822 2.04233 190 190 190 255 
-0.250646 2.38498 2.10254 190 190 190 255 
-0.185837 2.413 2.05893 190 190 190 255 
-0.0945782 2.413 2.26142 190 190 190 255 
-0.104648 2.41257 2.26389 190 190 190 255 
-0.155992 2.41257 2.12685 190 190 190 255 
-0.193278 2.41257 2.06387 190 190 190 255 
-0.258163 2.40869 2.01346 190 190 190 255 
-0.212918 2.40834 2.07711 190 190 190 255 
-0.260414 2.40788 2.01544 190 190 190 255 
-0.821767 2.40368 2.99094 190 190 190 255 
-0.800426 2.40439 2.99523 190 190 190 255 
-0.732119 2.39916 2.98997 190 190 190 255 
-0.52758 2.40439 2.97268 190 190 190 255 
-0.531222 2.39916 2.96158 190 190 190 255 
-0.460275 2.40439 2.94591 190 190 190 255 
-0.465252 2.39916 2.93534 190 190 190 255 
-0.404204 2.39916 2.90196 190 190 190 255 
-0.397992 2.40439 2.91185 190 190 190 255 
-0.199604 2.40439 2.70493 190 190 190 255 
-0.122228 2.40439 2.42117 190 190 190 255 
-0.126114 2.40439 2.34496 190 190 190 255 
-0.139201 2.40439 2.27239 190 190 190 255 
-0.137717 2.39916 2.34631 190 190 190 255 
-0.18762 2.40439 2.14315 190 190 190 255 
-0.222782 2.40439 2.08375 190 190 190 255 
-0.26985 2.4039 2.02377 190 190 190 255 
-0.322049 2.286 2.08646 190 190 190 255 
-0.788901 2.3211 2.92003 190 190 190 255 
-0.729785 2.3211 2.92561 190 190 190 255 
-0.669914 2.3211 2.92428 190 190 190 255 
-0.552173 2.30921 2.89772 190 190 190 255 
-0.492686 2.3211 2.87708 190 190 190 255 
-0.493882 2.30921 2.87454 190 190 190 255 
-0.389575 2.30921 2.80898 190 190 190 255 
-0.343625 2.30921 2.76674 190 190 190 255 
-0.265684 2.3211 2.66722 190 190 190 255 
-0.30289 2.30921 2.71882 190 190 190 255 
-0.240575 2.30921 2.60986 190 190 190 255 
-0.198302 2.3211 2.42011 190 190 190 255 
-0.20111 2.30921 2.42007 190 190 190 255 
-0.204475 2.30921 2.35408 190 190 190 255 
-0.213083 2.3211 2.29055 190 190 190 255 
-0.233495 2.30921 2.234 190 190 190 255 
-0.230866 2.3211 2.23302 190 190 190 255 
-0.255248 2.3211 2.178 190 190 190 255 
-0.288197 2.30921 2.12785 190 190 190 255 
-0.328753 2.30805 2.07571 190 190 190 255 
-0.788476 2.30921 2.91725 190 190 190 255 
-0.729684 2.30921 2.9228 190 190 190 255 
-0.729625 2.29746 2.92118 190 190 190 255 
-0.670271 2.29746 2.91987 190 190 190 255 
-0.67014 2.30921 2.92148 190 190 190 255 
-0.610675 2.30921 2.91314 190 190 190 255 
-0.494573 2.29746 2.87307 190 190 190 255 
-0.439941 2.30921 2.84504 190 190 190 255 
-0.390597 2.29746 2.80772 190 190 190 255 
-0.304187 2.29746 2.71785 190 190 190 255 
-0.268123 2.30921 2.66583 190 190 190 255 
-0.219522 2.30921 2.549 190 190 190 255 
-0.206227 2.30921 2.48541 190 190 190 255 
-0.207831 2.29746 2.48518 190 190 190 255 
-0.21581 2.30921 2.29122 190 190 190 255 
-0.235013 2.29746 2.23457 190 190 190 255 
-0.257744 2.30921 2.17929 190 190 190 255 
-0.259185 2.29746 2.18003 190 190 190 255 
-0.266183 2.3664 2.11301 190 190 190 255 
-0.241062 2.35581 2.17069 190 190 190 255 
-0.215921 2.35581 2.22742 190 190 190 255 
-0.185834 2.35581 2.35191 190 190 190 255 
-0.178105 2.3664 2.35101 190 190 190 255 
-0.18765 2.35581 2.48808 190 190 190 255 
-0.251823 2.35581 2.67513 190 190 190 255 
-0.287868 2.35581 2.73007 190 190 190 255 
-0.28164 2.3664 2.73473 190 190 190 255 
-0.324496 2.3664 2.78515 190 190 190 255 
-0.377743 2.35581 2.82355 190 190 190 255 
-0.372837 2.3664 2.82959 190 190 190 255 
-0.429961 2.35581 2.86094 190 190 190 255 
-0.425824 2.3664 2.86753 190 190 190 255 
-0.606977 2.35581 2.93154 190 190 190 255 
-0.668003 2.3664 2.94795 190 190 190 255 
-0.791318 2.35581 2.9358 190 190 190 255 
-0.272635 2.35581 2.11736 190 190 190 255 
-0.317439 2.3495 2.06573 190 190 190 255 
-0.278092 2.3446 2.12104 190 190 190 255 
-0.197585 2.35581 2.28674 190 190 190 255 
-0.203975 2.3446 2.28831 190 190 190 255 
-0.182345 2.35581 2.42033 190 190 190 255 
-0.207777 2.3446 2.55224 190 190 190 255 
-0.201434 2.35581 2.554 190 190 190 255 
-0.223261 2.35581 2.6171 190 190 190 255 
-0.293135 2.3446 2.72612 190 190 190 255 
-0.330102 2.35581 2.77975 190 190 190 255 
-0.381892 2.3446 2.81844 190 190 190 255 
-0.485887 2.35581 2.89151 190 190 190 255 
-0.548374 2.3446 2.9093 190 190 190 255 
-0.546322 2.35581 2.91555 190 190 190 255 
-0.608274 2.3446 2.92508 190 190 190 255 
-0.66863 2.35581 2.94019 190 190 190 255 
-0.730363 2.35581 2.94156 190 190 190 255 
-0.809411 2.34441 2.92635 190 190 190 255 
-0.319208 2.34444 2.0673 190 190 190 255 
-0.324456 2.32944 2.07192 190 190 190 255 
-0.324951 2.32697 2.07236 190 190 190 255 
-0.669588 2.33296 2.92832 190 190 190 255 
-0.610122 2.3211 2.91589 190 190 190 255 
-0.609323 2.33296 2.91986 190 190 190 255 
-0.551297 2.3211 2.90039 190 190 190 255 
-0.550034 2.33296 2.90424 190 190 190 255 
-0.490959 2.33296 2.88074 190 190 190 255 
-0.436292 2.33296 2.85085 190 190 190 255 
-0.438447 2.3211 2.84742 190 190 190 255 
-0.387805 2.3211 2.81116 190 190 190 255 
-0.341601 2.3211 2.76869 190 190 190 255 
-0.300642 2.3211 2.7205 190 190 190 255 
-0.297397 2.33296 2.72293 190 190 190 255 
-0.262163 2.33296 2.66923 190 190 190 255 
-0.237984 2.3211 2.61094 190 190 190 255 
-0.212908 2.33296 2.55082 190 190 190 255 
-0.216816 2.3211 2.54974 190 190 190 255 
-0.203447 2.3211 2.48581 190 190 190 255 
-0.201686 2.3211 2.35375 190 190 190 255 
-0.227069 2.33296 2.2316 190 190 190 255 
-0.282507 2.33296 2.12402 190 190 190 255 
-0.285868 2.3211 2.12628 190 190 190 255 
-0.813682 2.37559 2.94868 190 190 190 255 
-0.813755 2.37594 2.94906 190 190 190 255 
-0.792497 2.3664 2.94349 190 190 190 255 
-0.793843 2.37618 2.95228 190 190 190 255 
-0.730967 2.37618 2.95821 190 190 190 255 
-0.730645 2.3664 2.94933 190 190 190 255 
-0.667288 2.37618 2.9568 190 190 190 255 
-0.603693 2.37618 2.94787 190 190 190 255 
-0.605444 2.3664 2.93916 190 190 190 255 
-0.541127 2.37618 2.93139 190 190 190 255 
-0.543897 2.3664 2.92294 190 190 190 255 
-0.478788 2.37618 2.90659 190 190 190 255 
-0.482573 2.3664 2.89855 190 190 190 255 
-0.318094 2.37618 2.79131 190 190 190 255 
-0.274529 2.37618 2.74006 190 190 190 255 
-0.237348 2.37618 2.68339 190 190 190 255 
-0.245065 2.3664 2.67899 190 190 190 255 
-0.207886 2.37618 2.62353 190 190 190 255 
-0.216083 2.3664 2.6201 190 190 190 255 
-0.185372 2.37618 2.55844 190 190 190 255 
-0.193935 2.3664 2.55607 190 190 190 255 
-0.179947 2.3664 2.48918 190 190 190 255 
-0.171153 2.37618 2.49045 190 190 190 255 
-0.174564 2.3664 2.42044 190 190 190 255 
-0.16928 2.37618 2.34998 190 190 190 255 
-0.181401 2.37618 2.28276 190 190 190 255 
-0.190029 2.3664 2.28488 190 190 190 255 
-0.208635 2.3664 2.22469 190 190 190 255 
-0.200315 2.37618 2.22157 190 190 190 255 
-0.226248 2.37618 2.16306 190 190 190 255 
-0.234145 2.3664 2.16713 190 190 190 255 
-0.301765 2.37583 2.05191 190 190 190 255 
-0.307916 2.36763 2.05734 190 190 190 255 
3 3126 0 4 
3 4 0 1 
3 4 1 2 
3 3 3126 1030 
3 1030 3126 4 
3 1030 4 6375 
3 6375 4 8485 
3 2 3073 4 
3 4 3073 5 
3 4 5 3117 
3 3117 6 4 
3 4 6 7 
3 4 7 8 
3 8 3074 4 
3 4 3074 3109 
3 4 3109 3108 
3 2708 2707 9 
3 9 2707 2706 
3 9 2706 43 
3 2708 9 2709 
3 2709 9 1582 
3 2709 1582 2710 
3 2732 10 13 
3 13 10 14 
3 11 100 12 
3 12 100 13 
3 12 13 2750 
3 2750 13 14 
3 4 3108 8483 
3 8483 3108 3105 
3 3105 3104 8483 
3 8483 3104 15 
3 8483 15 16 
3 44 30 1434 
3 2714 17 1587 
3 2732 13 18 
3 2735 2734 18 
3 2734 19 18 
3 18 19 2733 
3 18 2733 2732 
3 18 20 2735 
3 2735 20 1441 
3 2735 1441 2738 
3 2738 1441 21 
3 21 1441 1440 
3 21 1440 1439 
3 1439 1438 21 
3 21 1438 1437 
3 21 1437 2736 
3 2736 1437 22 
3 2736 22 2725 
3 2725 22 23 
3 2725 23 2727 
3 2727 23 1435 
3 2727 1435 2728 
3 1435 24 2728 
3 2728 24 27 
3 2728 27 2730 
3 25 2726 27 
3 27 2726 26 
3 27 26 2730 
3 31 2716 30 
3 28 29 2722 
3 29 1434 2722 
3 2722 1434 30 
3 2722 30 2715 
3 2715 30 2716 
3 28 2722 27 
3 27 2722 2724 
3 27 2724 25 
3 30 1590 31 
3 31 1590 32 
3 31 32 2719 
3 2719 32 2720 
3 32 1589 2720 
3 2720 1589 1588 
3 2720 1588 17 
3 17 1588 33 
3 17 33 1587 
3 1586 34 1587 
3 1587 34 35 
3 1587 35 2714 
3 1586 1585 34 
3 34 1585 36 
3 34 36 2713 
3 2713 36 37 
3 2713 37 38 
3 38 37 1583 
3 38 1583 40 
3 40 1583 39 
3 40 39 41 
3 39 42 41 
3 41 42 9 
3 41 9 43 
3 44 1434 46 
3 46 1434 45 
3 46 45 1592 
3 45 47 1592 
3 1592 47 1433 
3 1592 1433 1593 
3 1593 1433 48 
3 1433 1432 48 
3 48 1432 1431 
3 48 1431 50 
3 51 1428 49 
3 1431 1430 50 
3 50 1430 51 
3 50 51 1595 
3 1595 51 49 
3 1596 53 52 
3 52 53 54 
3 52 54 1428 
3 1428 54 55 
3 1428 55 49 
3 52 1427 1596 
3 1596 1427 1426 
3 1596 1426 56 
3 56 1426 57 
3 56 57 82 
3 3089 59 58 
3 58 59 60 
3 58 60 61 
3 61 60 8471 
3 61 8471 3096 
3 3096 8471 71 
3 76 3081 8477 
3 8477 3081 3079 
3 8477 3079 8479 
3 8479 3079 62 
3 8479 62 8480 
3 8480 62 3076 
3 8480 3076 63 
3 63 3076 3075 
3 63 3075 8470 
3 8470 3075 64 
3 8470 64 66 
3 66 64 65 
3 66 65 67 
3 67 65 68 
3 67 68 69 
3 69 68 70 
3 69 70 71 
3 71 70 72 
3 71 72 3096 
3 3085 73 78 
3 78 73 74 
3 78 74 8469 
3 8469 74 75 
3 8469 75 76 
3 76 75 3082 
3 76 3082 3081 
3 8483 16 77 
3 77 16 3085 
3 77 3085 8474 
3 8474 3085 78 
3 79 172 171 
3 171 1577 79 
3 79 1577 80 
3 79 80 81 
3 81 80 56 
3 81 56 82 
3 90 6353 83 
3 83 6353 6352 
3 83 6352 84 
3 84 6352 85 
3 84 85 86 
3 86 85 59 
3 86 59 3089 
3 91 87 88 
3 88 87 89 
3 88 89 2097 
3 2097 89 6356 
3 2097 6356 90 
3 90 6356 6354 
3 90 6354 6353 
3 88 92 91 
3 91 92 93 
3 91 93 6357 
3 6357 93 2095 
3 6357 2095 6349 
3 6349 2095 2094 
3 6349 2094 95 
3 95 2094 94 
3 95 94 6350 
3 6350 94 2093 
3 6350 2093 6359 
3 174 6362 2091 
3 2091 6362 6359 
3 2091 6359 2092 
3 2092 6359 2093 
3 1413 101 2746 
3 103 96 97 
3 97 96 1443 
3 97 1443 98 
3 98 1443 99 
3 98 99 2752 
3 2752 99 100 
3 2752 100 11 
3 2746 101 102 
3 102 101 1445 
3 102 1445 103 
3 103 1445 1444 
3 103 1444 96 
3 1413 2746 104 
3 104 2746 2745 
3 104 2745 105 
3 106 107 108 
3 108 107 109 
3 108 109 110 
3 110 109 1414 
3 110 1414 111 
3 111 1414 113 
3 111 113 112 
3 112 113 114 
3 112 114 2745 
3 2745 114 115 
3 2745 115 105 
3 117 1416 2743 
3 2743 1416 116 
3 2743 116 106 
3 106 116 1415 
3 106 1415 107 
3 2743 2742 117 
3 117 2742 118 
3 117 118 1417 
3 1417 118 119 
3 118 120 119 
3 119 120 2741 
3 119 2741 1419 
3 1419 2741 1420 
3 2741 121 1420 
3 1420 121 122 
3 1420 122 123 
3 123 122 124 
3 122 125 124 
3 124 125 126 
3 124 126 1421 
3 1421 126 129 
3 127 128 1422 
3 126 130 129 
3 129 130 127 
3 129 127 131 
3 131 127 1422 
3 128 132 1422 
3 1422 132 133 
3 1422 133 134 
3 1559 1558 145 
3 140 1560 1468 
3 135 1563 136 
3 136 1563 137 
3 1562 139 1563 
3 1563 139 138 
3 1563 138 137 
3 1562 1561 139 
3 139 1561 141 
3 139 141 1466 
3 140 1468 141 
3 141 1468 1467 
3 141 1467 1466 
3 1559 145 142 
3 142 145 1560 
3 1560 145 143 
3 1560 143 1468 
3 1470 144 1558 
3 1558 144 1469 
3 1558 1469 145 
3 1558 146 1470 
3 1470 146 147 
3 1470 147 1471 
3 1471 147 148 
3 147 1556 148 
3 148 1556 149 
3 148 149 150 
3 150 149 1472 
3 149 151 1472 
3 1472 151 152 
3 1472 152 1473 
3 1473 152 153 
3 1580 1579 155 
3 152 154 153 
3 153 154 1580 
3 153 1580 1447 
3 1447 1580 155 
3 1579 156 155 
3 155 156 157 
3 155 157 1448 
3 1448 157 158 
3 158 157 160 
3 158 160 159 
3 159 160 161 
3 161 160 162 
3 161 162 163 
3 162 164 163 
3 163 164 165 
3 163 165 166 
3 166 165 168 
3 165 167 168 
3 168 167 169 
3 168 169 1449 
3 1449 169 170 
3 1449 170 1451 
3 1451 170 171 
3 1451 171 172 
3 6362 174 173 
3 173 174 2089 
3 355 354 175 
3 175 354 2425 
3 175 2425 2068 
3 2068 2425 2424 
3 2068 2424 2422 
3 134 133 2747 
3 2747 2756 134 
3 134 2756 2773 
3 134 2773 176 
3 176 2773 660 
3 176 660 658 
3 687 135 688 
3 688 135 136 
3 802 177 180 
3 180 177 178 
3 802 180 179 
3 179 180 946 
3 179 946 181 
3 181 946 947 
3 181 947 182 
3 182 947 950 
3 182 950 183 
3 183 950 951 
3 183 951 184 
3 184 951 185 
3 184 185 799 
3 799 185 953 
3 799 953 796 
3 796 953 186 
3 796 186 187 
3 187 186 188 
3 187 188 823 
3 823 188 955 
3 823 955 822 
3 822 955 189 
3 822 189 190 
3 190 189 958 
3 190 958 191 
3 191 958 959 
3 191 959 192 
3 192 959 961 
3 192 961 819 
3 819 961 962 
3 819 962 193 
3 193 962 963 
3 193 963 817 
3 817 963 965 
3 817 965 815 
3 815 965 966 
3 815 966 194 
3 194 966 195 
3 195 966 196 
3 195 196 813 
3 813 196 197 
3 197 196 969 
3 197 969 198 
3 969 199 198 
3 198 199 200 
3 198 200 811 
3 811 200 201 
3 811 201 774 
3 774 201 202 
3 774 202 203 
3 203 202 971 
3 203 971 771 
3 771 971 976 
3 771 976 204 
3 204 976 205 
3 204 205 206 
3 206 205 207 
3 206 207 794 
3 794 207 208 
3 794 208 793 
3 793 208 209 
3 793 209 210 
3 210 209 211 
3 210 211 791 
3 791 211 212 
3 791 212 213 
3 213 212 979 
3 213 979 214 
3 214 979 978 
3 214 978 215 
3 215 978 216 
3 215 216 790 
3 790 216 1017 
3 790 1017 789 
3 789 1017 787 
3 787 1017 217 
3 787 217 786 
3 786 217 218 
3 786 218 219 
3 219 218 1013 
3 219 1013 220 
3 220 1013 221 
3 220 221 782 
3 782 221 1012 
3 782 1012 780 
3 780 1012 1010 
3 780 1010 778 
3 778 1010 222 
3 778 222 777 
3 777 222 223 
3 777 223 224 
3 224 223 225 
3 224 225 775 
3 775 225 1007 
3 775 1007 226 
3 226 1007 1006 
3 226 1006 750 
3 750 1006 227 
3 750 227 228 
3 228 227 229 
3 228 229 230 
3 230 229 231 
3 230 231 752 
3 752 231 232 
3 752 232 233 
3 233 232 234 
3 233 234 755 
3 755 234 1002 
3 755 1002 756 
3 756 1002 235 
3 756 235 758 
3 758 235 760 
3 760 235 1000 
3 760 1000 761 
3 761 1000 762 
3 762 1000 999 
3 762 999 236 
3 999 998 236 
3 236 998 238 
3 236 238 237 
3 237 238 995 
3 237 995 765 
3 765 995 239 
3 765 239 766 
3 766 239 240 
3 766 240 768 
3 768 240 992 
3 768 992 770 
3 770 992 991 
3 770 991 769 
3 769 991 241 
3 769 241 247 
3 247 241 989 
3 178 177 982 
3 982 177 803 
3 982 803 984 
3 984 803 242 
3 984 242 243 
3 243 242 244 
3 243 244 245 
3 245 244 246 
3 245 246 987 
3 987 246 806 
3 987 806 988 
3 988 806 807 
3 988 807 989 
3 989 807 809 
3 989 809 247 
3 2106 827 248 
3 2078 2079 248 
3 2079 249 248 
3 248 249 2107 
3 248 2107 2106 
3 248 250 2078 
3 2078 250 252 
3 2078 252 251 
3 251 252 253 
3 251 253 254 
3 255 258 256 
3 255 256 254 
3 254 256 257 
3 254 257 251 
3 6368 6367 259 
3 6368 259 258 
3 258 259 260 
3 258 260 256 
3 6366 261 262 
3 6366 262 6367 
3 6367 262 263 
3 6367 263 259 
3 6365 267 268 
3 6365 268 261 
3 261 268 264 
3 261 264 262 
3 266 265 2082 
3 266 2082 267 
3 267 2082 2081 
3 267 2081 268 
3 269 2084 265 
3 265 2084 2083 
3 265 2083 2082 
3 272 2086 6370 
3 269 270 2084 
3 2084 270 6370 
3 2084 6370 2085 
3 2085 6370 2086 
3 6370 271 272 
3 272 271 6373 
3 272 6373 273 
3 273 6373 2087 
3 6373 6372 2087 
3 2087 6372 6371 
3 2087 6371 2088 
3 2088 6371 275 
3 6371 274 275 
3 275 274 277 
3 275 277 276 
3 276 277 278 
3 277 6369 278 
3 278 6369 279 
3 278 279 280 
3 280 279 281 
3 283 173 2089 
3 279 282 281 
3 281 282 283 
3 281 283 284 
3 284 283 2089 
3 285 287 286 
3 286 287 294 
3 2436 2435 292 
3 2434 2438 2063 
3 2432 288 291 
3 2062 289 2421 
3 2421 289 2068 
3 2421 2068 2422 
3 2062 2421 291 
3 291 2421 2419 
3 291 2419 2432 
3 2434 2063 288 
3 288 2063 290 
3 288 290 291 
3 2436 292 2438 
3 2438 292 293 
3 2438 293 2063 
3 294 287 2435 
3 2435 287 2064 
3 2435 2064 292 
3 285 286 2065 
3 2065 286 2431 
3 2065 2431 299 
3 300 296 295 
3 295 296 297 
3 295 297 299 
3 299 297 298 
3 299 298 2065 
3 295 2430 300 
3 300 2430 301 
3 300 301 2066 
3 2066 301 303 
3 301 302 303 
3 303 302 304 
3 303 304 305 
3 305 304 2429 
3 305 2429 307 
3 306 311 307 
3 307 311 2067 
3 307 2067 305 
3 313 308 306 
3 308 309 306 
3 306 309 310 
3 306 310 311 
3 306 312 313 
3 313 312 316 
3 313 316 314 
3 314 316 315 
3 315 316 317 
3 315 317 2428 
3 2427 319 2428 
3 2428 319 318 
3 2428 318 315 
3 2427 2426 319 
3 319 2426 320 
3 319 320 321 
3 322 323 324 
3 324 323 325 
3 324 325 326 
3 326 325 327 
3 327 325 328 
3 327 328 1740 
3 1740 328 329 
3 1740 329 1741 
3 1741 329 330 
3 1741 330 1763 
3 1763 330 2405 
3 1763 2405 1765 
3 1765 2405 2404 
3 1765 2404 331 
3 331 2404 2403 
3 331 2403 1766 
3 1766 2403 351 
3 1766 351 332 
3 2407 353 2408 
3 2408 353 1655 
3 2408 1655 2409 
3 2409 1655 333 
3 2409 333 2410 
3 2410 333 334 
3 2410 334 2411 
3 2411 334 1640 
3 2411 1640 2412 
3 2412 1640 336 
3 2412 336 335 
3 335 336 338 
3 335 338 337 
3 337 338 339 
3 337 339 2413 
3 2413 339 1671 
3 2413 1671 2414 
3 2414 1671 340 
3 2414 340 2416 
3 2416 340 341 
3 2416 341 342 
3 342 341 1670 
3 342 1670 343 
3 343 1670 1669 
3 343 1669 344 
3 344 1669 345 
3 344 345 2417 
3 2417 345 346 
3 2417 346 347 
3 347 346 349 
3 347 349 348 
3 348 349 332 
3 348 332 350 
3 350 332 351 
3 2407 352 353 
3 353 352 354 
3 353 354 355 
3 1674 2609 356 
3 356 2609 357 
3 356 357 1642 
3 1642 357 358 
3 358 357 360 
3 358 360 359 
3 359 360 1656 
3 1656 360 361 
3 1656 361 1657 
3 1657 361 362 
3 362 361 2543 
3 362 2543 363 
3 363 2543 364 
3 364 2543 366 
3 364 366 365 
3 365 366 1633 
3 1633 366 2603 
3 1633 2603 367 
3 367 2603 368 
3 368 2603 2602 
3 368 2602 1746 
3 1746 2602 1747 
3 1747 2602 369 
3 1747 369 1748 
3 1748 369 370 
3 370 369 372 
3 370 372 371 
3 371 372 1644 
3 1644 372 373 
3 1644 373 1645 
3 1645 373 1646 
3 1646 373 374 
3 1646 374 1647 
3 1647 374 375 
3 375 374 2575 
3 375 2575 1648 
3 1648 2575 1666 
3 1666 2575 2632 
3 1666 2632 1665 
3 1665 2632 837 
3 1665 837 838 
3 376 2633 1712 
3 1712 2633 377 
3 1712 377 378 
3 378 377 379 
3 379 377 380 
3 379 380 381 
3 381 380 1679 
3 1679 380 2574 
3 1679 2574 1680 
3 1680 2574 382 
3 382 2574 383 
3 382 383 384 
3 384 383 385 
3 385 383 2573 
3 385 2573 1681 
3 1681 2573 1634 
3 1634 2573 387 
3 1634 387 386 
3 386 387 1649 
3 1649 387 389 
3 1649 389 1643 
3 1643 389 388 
3 388 389 2593 
3 388 2593 1768 
3 1768 2593 390 
3 390 2593 391 
3 390 391 1662 
3 1662 391 392 
3 392 391 393 
3 392 393 1663 
3 1663 393 394 
3 394 393 2561 
3 394 2561 395 
3 395 2561 396 
3 396 2561 397 
3 396 397 398 
3 398 397 1711 
3 1711 397 2558 
3 1711 2558 399 
3 399 2558 842 
3 399 842 400 
3 839 2644 1677 
3 1677 2644 2559 
3 1677 2559 1678 
3 1678 2559 401 
3 401 2559 2560 
3 401 2560 402 
3 402 2560 403 
3 403 2560 404 
3 403 404 1709 
3 1709 404 405 
3 405 404 406 
3 405 406 1710 
3 1710 406 407 
3 407 406 2592 
3 407 2592 1636 
3 1636 2592 408 
3 408 2592 2591 
3 408 2591 409 
3 409 2591 1664 
3 1664 2591 2590 
3 1664 2590 1635 
3 1635 2590 1851 
3 1851 2590 410 
3 1851 410 411 
3 411 410 412 
3 412 410 413 
3 412 413 414 
3 414 413 1701 
3 1701 413 416 
3 1701 416 415 
3 415 416 1702 
3 1702 416 2571 
3 1702 2571 1703 
3 1703 2571 417 
3 417 2571 418 
3 417 418 1704 
3 1704 418 1724 
3 1724 418 2620 
3 1724 2620 419 
3 419 2620 420 
3 419 420 1770 
3 843 2622 1723 
3 1723 2622 2621 
3 1723 2621 421 
3 421 2621 1725 
3 1725 2621 422 
3 1725 422 423 
3 423 422 1749 
3 1749 422 2555 
3 1749 2555 424 
3 424 2555 425 
3 425 2555 2572 
3 425 2572 426 
3 426 2572 427 
3 427 2572 428 
3 427 428 1750 
3 1750 428 1659 
3 1659 428 2589 
3 1659 2589 1660 
3 1660 2589 429 
3 429 2589 430 
3 429 430 1850 
3 1850 430 1814 
3 1814 430 431 
3 1814 431 1815 
3 1815 431 1842 
3 1842 431 2570 
3 1842 2570 432 
3 432 2570 433 
3 433 2570 434 
3 433 434 435 
3 435 434 436 
3 436 434 437 
3 436 437 438 
3 438 437 1821 
3 1821 437 439 
3 1821 439 1822 
3 1822 439 1789 
3 1789 439 2542 
3 1789 2542 1788 
3 1788 2542 440 
3 1788 440 1824 
3 845 2600 1787 
3 1787 2600 2599 
3 1787 2599 441 
3 441 2599 442 
3 442 2599 2569 
3 442 2569 1797 
3 1797 2569 443 
3 443 2569 444 
3 443 444 1798 
3 1798 444 1799 
3 1799 444 2568 
3 1799 2568 1800 
3 1800 2568 1801 
3 1801 2568 445 
3 1801 445 1726 
3 1726 445 446 
3 446 445 447 
3 446 447 1727 
3 1727 447 448 
3 448 447 449 
3 448 449 1869 
3 1869 449 1852 
3 1852 449 450 
3 1852 450 1841 
3 1841 450 1786 
3 1786 450 451 
3 1786 451 452 
3 452 451 453 
3 453 451 454 
3 453 454 1778 
3 1778 454 455 
3 455 454 2595 
3 455 2595 456 
3 456 2595 457 
3 457 2595 459 
3 457 459 458 
3 458 459 460 
3 460 459 461 
3 460 461 1753 
3 1753 461 462 
3 1753 462 1754 
3 1752 2672 463 
3 463 2672 464 
3 463 464 465 
3 465 464 1796 
3 1796 464 2596 
3 1796 2596 466 
3 466 2596 467 
3 467 2596 2594 
3 467 2594 1853 
3 1853 2594 1854 
3 1854 2594 468 
3 1854 468 1855 
3 1855 468 469 
3 469 468 2567 
3 469 2567 470 
3 470 2567 1856 
3 1856 2567 471 
3 1856 471 1857 
3 1857 471 1858 
3 1858 471 472 
3 1858 472 1751 
3 1751 472 1836 
3 1836 472 474 
3 1836 474 473 
3 473 474 1705 
3 1705 474 2566 
3 1705 2566 475 
3 475 2566 1756 
3 1756 2566 2565 
3 1756 2565 1757 
3 1757 2565 476 
3 476 2565 2525 
3 476 2525 477 
3 477 2525 1759 
3 1759 2525 2553 
3 1759 2553 1760 
3 1760 2553 1661 
3 1661 2553 479 
3 1661 479 478 
3 478 479 2554 
3 478 2554 1728 
3 1758 481 480 
3 480 481 482 
3 480 482 1771 
3 1771 482 1834 
3 1834 482 483 
3 1834 483 1835 
3 1835 483 484 
3 484 483 486 
3 484 486 485 
3 485 486 1837 
3 1837 486 487 
3 1837 487 1838 
3 1838 487 1839 
3 1839 487 2587 
3 1839 2587 1840 
3 1840 2587 488 
3 488 2587 489 
3 488 489 490 
3 490 489 491 
3 491 489 2586 
3 491 2586 492 
3 492 2586 1819 
3 1819 2586 2585 
3 1819 2585 1772 
3 1772 2585 1773 
3 1773 2585 493 
3 1773 493 1774 
3 1774 493 1775 
3 1775 493 495 
3 1775 495 494 
3 494 495 496 
3 496 495 2564 
3 496 2564 1706 
3 1706 2564 1707 
3 1707 2564 2538 
3 1707 2538 1708 
3 1708 2538 1676 
3 1676 2538 497 
3 1676 497 498 
3 498 497 499 
3 498 499 851 
3 1818 2614 1820 
3 1820 2614 500 
3 1820 500 501 
3 501 500 502 
3 502 500 2539 
3 502 2539 1845 
3 1845 2539 1846 
3 1846 2539 2531 
3 1846 2531 503 
3 503 2531 504 
3 504 2531 2552 
3 504 2552 1847 
3 1847 2552 505 
3 505 2552 507 
3 505 507 506 
3 506 507 508 
3 508 507 509 
3 508 509 510 
3 510 509 1859 
3 1859 509 512 
3 1859 512 511 
3 511 512 513 
3 513 512 514 
3 513 514 515 
3 515 514 1777 
3 1777 514 517 
3 1777 517 1776 
3 1776 517 516 
3 516 517 518 
3 516 518 1729 
3 1729 518 519 
3 519 518 521 
3 519 521 520 
3 520 521 522 
3 522 521 2549 
3 522 2549 523 
3 523 2549 524 
3 524 2549 525 
3 524 525 526 
3 526 525 854 
3 526 854 1790 
3 852 2630 527 
3 527 2630 530 
3 527 530 528 
3 528 530 529 
3 529 530 532 
3 529 532 531 
3 531 532 1779 
3 1779 532 533 
3 1779 533 1780 
3 1780 533 534 
3 534 533 537 
3 534 537 535 
3 535 537 536 
3 536 537 2551 
3 536 2551 538 
3 538 2551 539 
3 539 2551 2550 
3 539 2550 1675 
3 1675 2550 540 
3 540 2550 541 
3 540 541 542 
3 542 541 543 
3 543 541 545 
3 543 545 544 
3 544 545 1667 
3 1667 545 2548 
3 1667 2548 1683 
3 1683 2548 1684 
3 1684 2548 2547 
3 1684 2547 1685 
3 1685 2547 1686 
3 1686 2547 547 
3 1686 547 546 
3 546 547 1687 
3 1687 547 2529 
3 1687 2529 1688 
3 1688 2529 1651 
3 1651 2529 2580 
3 1651 2580 548 
3 548 2580 2581 
3 548 2581 1761 
3 855 549 550 
3 550 549 2579 
3 550 2579 1713 
3 1713 2579 551 
3 551 2579 2530 
3 551 2530 1731 
3 1731 2530 552 
3 552 2530 555 
3 552 555 553 
3 553 555 554 
3 554 555 556 
3 554 556 557 
3 557 556 558 
3 558 556 559 
3 558 559 560 
3 560 559 1650 
3 1650 559 2535 
3 1650 2535 561 
3 561 2535 562 
3 562 2535 2534 
3 562 2534 563 
3 563 2534 1682 
3 1682 2534 565 
3 1682 565 564 
3 564 565 1733 
3 1733 565 566 
3 1733 566 1734 
3 1734 566 567 
3 567 566 569 
3 567 569 568 
3 568 569 1689 
3 1689 569 570 
3 1689 570 571 
3 571 570 572 
3 572 570 573 
3 572 573 1691 
3 1691 573 1714 
3 1714 573 2546 
3 1714 2546 574 
3 574 2546 2604 
3 574 2604 575 
3 576 2598 1697 
3 1697 2598 577 
3 1697 577 1698 
3 1698 577 578 
3 578 577 580 
3 578 580 579 
3 579 580 581 
3 581 580 582 
3 581 582 1716 
3 1716 582 583 
3 583 582 2537 
3 583 2537 584 
3 584 2537 586 
3 586 2537 585 
3 586 585 1717 
3 1717 585 587 
3 587 585 588 
3 587 588 1638 
3 1638 588 1639 
3 1639 588 589 
3 1639 589 590 
3 590 589 591 
3 591 589 592 
3 591 592 1653 
3 1653 592 593 
3 593 592 2524 
3 593 2524 1654 
3 1654 2524 594 
3 594 2524 596 
3 594 596 595 
3 595 596 597 
3 597 596 2522 
3 597 2522 1668 
3 1668 2522 598 
3 598 2522 600 
3 598 600 599 
3 599 600 1764 
3 1764 600 2528 
3 1764 2528 601 
3 601 2528 2527 
3 601 2527 602 
3 857 603 604 
3 604 603 605 
3 604 605 1715 
3 1715 605 606 
3 606 605 607 
3 606 607 608 
3 608 607 609 
3 609 607 610 
3 609 610 611 
3 611 610 1735 
3 1735 610 2533 
3 1735 2533 612 
3 612 2533 613 
3 613 2533 614 
3 613 614 1637 
3 1637 614 615 
3 615 614 616 
3 615 616 1652 
3 1652 616 1690 
3 1690 616 2540 
3 1690 2540 1732 
3 1732 2540 617 
3 617 2540 2532 
3 617 2532 618 
3 618 2532 619 
3 619 2532 621 
3 619 621 1693 
3 1693 621 620 
3 620 621 622 
3 620 622 1694 
3 1694 622 1695 
3 1695 622 623 
3 1695 623 1696 
3 1696 623 1736 
3 1736 623 624 
3 1736 624 1737 
3 1737 624 625 
3 625 624 2597 
3 625 2597 626 
3 626 2597 627 
3 626 627 1739 
3 2774 628 636 
3 2774 636 629 
3 638 640 630 
3 630 640 2776 
3 630 2776 631 
3 631 2776 632 
3 631 632 1404 
3 1404 632 2775 
3 1404 2775 633 
3 633 2775 634 
3 633 634 1403 
3 1403 634 629 
3 1403 629 635 
3 635 629 636 
3 642 2761 637 
3 637 2761 2759 
3 637 2759 638 
3 638 2759 639 
3 638 639 640 
3 641 645 642 
3 642 645 643 
3 642 643 2761 
3 641 644 645 
3 645 644 646 
3 645 646 647 
3 647 646 1401 
3 647 1401 2764 
3 2764 1401 1400 
3 2764 1400 2765 
3 2765 1400 1399 
3 2765 1399 648 
3 648 1399 649 
3 648 649 2767 
3 2767 649 650 
3 2767 650 652 
3 652 650 651 
3 652 651 2762 
3 2762 651 1398 
3 2762 1398 653 
3 653 1398 655 
3 653 655 654 
3 654 655 656 
3 654 656 2769 
3 2769 656 1397 
3 2769 1397 2770 
3 2770 1397 1396 
3 2770 1396 657 
3 657 1396 1424 
3 657 1424 2771 
3 658 660 659 
3 659 660 661 
3 659 661 662 
3 662 661 2772 
3 662 2772 1423 
3 1423 2772 2771 
3 1423 2771 1425 
3 1425 2771 1424 
3 663 664 1718 
3 1718 664 665 
3 1718 665 1719 
3 1719 665 1721 
3 1721 665 666 
3 1721 666 1722 
3 1722 666 667 
3 667 666 668 
3 667 668 669 
3 669 668 670 
3 670 668 2536 
3 670 2536 1744 
3 1744 2536 1745 
3 1745 2536 2578 
3 1745 2578 1658 
3 1658 2578 671 
3 671 2578 2577 
3 671 2577 672 
3 672 2577 1830 
3 1830 2577 2576 
3 1830 2576 1831 
3 1831 2576 1832 
3 1832 2576 673 
3 1832 673 1700 
3 1700 673 674 
3 674 673 676 
3 674 676 675 
3 675 676 677 
3 677 676 2562 
3 677 2562 678 
3 678 2562 679 
3 679 2562 681 
3 679 681 680 
3 680 681 682 
3 682 681 684 
3 682 684 683 
3 683 684 685 
3 685 684 2544 
3 685 2544 1641 
3 1641 2544 686 
3 1641 686 1673 
3 1570 1569 704 
3 1568 1567 702 
3 687 688 689 
3 689 688 1465 
3 689 1465 1564 
3 1564 1465 690 
3 690 1465 1464 
3 690 1464 692 
3 1463 1455 694 
3 694 1455 1454 
3 694 1454 695 
3 1464 691 692 
3 692 691 1463 
3 692 1463 693 
3 693 1463 694 
3 1454 1461 695 
3 695 1461 1462 
3 695 1462 696 
3 696 1462 697 
3 696 697 1565 
3 1565 697 698 
3 702 1567 1460 
3 698 697 699 
3 699 697 700 
3 699 700 1567 
3 1567 700 701 
3 1567 701 1460 
3 1568 702 1569 
3 1569 702 703 
3 1569 703 704 
3 1570 704 1571 
3 1571 704 705 
3 1571 705 706 
3 710 708 707 
3 707 708 1572 
3 707 1572 706 
3 706 1572 709 
3 706 709 1571 
3 1544 1576 714 
3 707 711 710 
3 710 711 1458 
3 710 1458 712 
3 712 1458 1457 
3 712 1457 1573 
3 1573 1457 1456 
3 1573 1456 713 
3 713 1456 714 
3 713 714 1575 
3 1575 714 1576 
3 714 1476 1544 
3 1544 1476 715 
3 1544 715 1545 
3 1545 715 716 
3 716 1482 1545 
3 1545 1482 717 
3 1545 717 874 
3 746 1555 1554 
3 1555 746 1541 
3 1509 720 718 
3 718 720 719 
3 1509 1508 720 
3 720 1508 721 
3 720 721 1519 
3 1519 721 722 
3 1519 722 873 
3 873 722 1505 
3 873 1505 723 
3 720 724 719 
3 719 724 725 
3 719 725 726 
3 726 727 719 
3 719 727 1520 
3 719 1520 1510 
3 1510 1520 728 
3 728 1517 1510 
3 1510 1517 1515 
3 1510 1515 1511 
3 1511 1515 1512 
3 1515 729 1512 
3 1512 729 1514 
3 1512 1514 731 
3 731 1514 730 
3 731 730 733 
3 733 730 732 
3 733 732 1513 
3 1513 732 734 
3 1513 734 735 
3 735 734 736 
3 735 736 739 
3 736 737 739 
3 739 737 738 
3 739 738 741 
3 1542 1492 1543 
3 1543 1492 740 
3 1543 740 738 
3 738 740 1491 
3 738 1491 741 
3 1542 742 1492 
3 1492 742 1539 
3 1492 1539 743 
3 1541 746 1539 
3 1539 746 1483 
3 1539 1483 743 
3 744 745 1554 
3 745 1486 1554 
3 1554 1486 1485 
3 1554 1485 746 
3 878 1489 747 
3 747 1489 744 
3 747 744 1553 
3 1553 744 1554 
3 794 1087 206 
3 206 1087 1085 
3 206 1085 204 
3 775 226 1039 
3 1039 226 748 
3 748 226 750 
3 748 750 749 
3 749 750 228 
3 749 228 1041 
3 1041 228 230 
3 1041 230 751 
3 751 230 752 
3 751 752 753 
3 753 752 233 
3 753 233 1043 
3 1043 233 755 
3 1043 755 754 
3 754 755 756 
3 754 756 757 
3 757 756 758 
3 757 758 1044 
3 1044 758 760 
3 1044 760 759 
3 759 760 761 
3 759 761 1046 
3 1046 761 762 
3 1046 762 763 
3 763 762 236 
3 763 236 764 
3 764 236 237 
3 764 237 1048 
3 1048 237 1050 
3 1050 237 765 
3 1050 765 1051 
3 1051 765 766 
3 1051 766 767 
3 767 766 768 
3 767 768 1052 
3 247 810 769 
3 769 810 1052 
3 769 1052 770 
3 770 1052 768 
3 204 1085 771 
3 771 1085 772 
3 771 772 203 
3 203 772 773 
3 203 773 774 
3 774 773 1084 
3 774 1084 811 
3 1039 1037 775 
3 775 1037 1036 
3 775 1036 224 
3 224 1036 776 
3 224 776 777 
3 777 776 779 
3 777 779 778 
3 778 779 1035 
3 778 1035 780 
3 780 1035 781 
3 780 781 782 
3 782 781 783 
3 782 783 220 
3 220 783 784 
3 220 784 219 
3 219 784 785 
3 219 785 786 
3 786 785 1034 
3 786 1034 787 
3 787 1034 1032 
3 787 1032 789 
3 789 1032 788 
3 789 788 790 
3 790 788 1096 
3 790 1096 215 
3 215 1096 1094 
3 215 1094 214 
3 214 1094 1093 
3 214 1093 213 
3 213 1093 1092 
3 213 1092 791 
3 791 1092 1091 
3 791 1091 210 
3 210 1091 792 
3 210 792 793 
3 793 792 1090 
3 793 1090 794 
3 794 1090 1088 
3 794 1088 1087 
3 823 795 187 
3 187 795 797 
3 187 797 796 
3 796 797 798 
3 796 798 799 
3 799 798 1069 
3 799 1069 184 
3 184 1069 1067 
3 184 1067 183 
3 183 1067 1066 
3 183 1066 182 
3 182 1066 800 
3 182 800 181 
3 181 800 801 
3 181 801 179 
3 179 801 1064 
3 179 1064 802 
3 802 1064 1063 
3 802 1063 177 
3 177 1063 1061 
3 177 1061 803 
3 803 1061 1060 
3 803 1060 242 
3 242 1060 804 
3 242 804 244 
3 244 804 805 
3 244 805 246 
3 246 805 1058 
3 246 1058 806 
3 806 1058 1057 
3 806 1057 807 
3 807 1057 1055 
3 807 1055 809 
3 809 1055 808 
3 809 808 247 
3 247 808 1054 
3 247 1054 810 
3 1084 1083 811 
3 811 1083 1082 
3 811 1082 198 
3 198 1082 812 
3 198 812 197 
3 197 812 1081 
3 197 1081 813 
3 813 1081 814 
3 813 814 195 
3 195 814 1079 
3 195 1079 194 
3 194 1079 1078 
3 194 1078 815 
3 815 1078 816 
3 815 816 817 
3 817 816 818 
3 817 818 193 
3 193 818 820 
3 193 820 819 
3 819 820 1077 
3 819 1077 192 
3 192 1077 1076 
3 192 1076 191 
3 191 1076 821 
3 191 821 190 
3 190 821 1074 
3 190 1074 822 
3 822 1074 1073 
3 822 1073 823 
3 823 1073 1072 
3 823 1072 795 
3 824 2461 826 
3 826 2461 2460 
3 910 909 825 
3 825 909 826 
3 825 826 2466 
3 2466 826 2460 
3 827 2106 6363 
3 6363 2106 2105 
3 828 829 1099 
3 1099 829 2439 
3 1099 2439 830 
3 828 1099 831 
3 831 1099 321 
3 831 321 320 
3 323 322 832 
3 832 322 1812 
3 832 1812 833 
3 833 1812 2520 
3 834 602 2527 
3 2527 835 834 
3 834 835 836 
3 834 836 2518 
3 2609 1674 2610 
3 2610 1674 1672 
3 1162 1742 686 
3 686 1742 1673 
3 2633 376 2635 
3 2635 376 1785 
3 2634 1181 837 
3 837 1181 838 
3 2644 839 1211 
3 1211 839 1730 
3 840 841 842 
3 842 841 400 
3 2622 843 1227 
3 1227 843 1769 
3 2623 844 420 
3 420 844 1770 
3 2600 845 2601 
3 2601 845 1823 
3 846 1860 440 
3 440 1860 1824 
3 2672 1752 2673 
3 2673 1752 1755 
3 847 1244 462 
3 462 1244 1754 
3 481 1758 2607 
3 2607 1758 1280 
3 848 849 2554 
3 2554 849 1728 
3 2614 1818 2615 
3 2615 1818 1298 
3 850 1282 499 
3 499 1282 851 
3 2630 852 1320 
3 1320 852 853 
3 2631 1843 854 
3 854 1843 1790 
3 549 855 2583 
3 2583 855 856 
3 2582 1805 2581 
3 2581 1805 1761 
3 603 857 1352 
3 1352 857 1762 
3 1338 1808 2604 
3 2604 1808 575 
3 576 1738 2598 
3 2598 1738 1369 
3 1354 1810 627 
3 627 1810 1739 
3 1372 1405 2782 
3 2782 1405 636 
3 2782 636 2783 
3 2783 636 628 
3 664 663 858 
3 664 858 860 
3 860 858 859 
3 860 859 2786 
3 1507 861 864 
3 864 861 1506 
3 864 1524 862 
3 862 1523 864 
3 864 1523 863 
3 864 863 1522 
3 1522 1521 864 
3 864 1521 872 
3 864 872 1507 
3 1506 1498 864 
3 864 1498 1504 
3 864 1504 1503 
3 866 1501 1499 
3 868 865 866 
3 866 865 1529 
3 866 1529 1528 
3 1503 1502 864 
3 864 1502 1501 
3 864 1501 1524 
3 1524 1501 866 
3 1524 866 1527 
3 1527 866 1528 
3 871 1534 1533 
3 871 869 1496 
3 1499 867 866 
3 866 867 869 
3 866 869 868 
3 868 869 871 
3 868 871 1531 
3 1531 871 1533 
3 870 1493 1536 
3 1496 1494 871 
3 871 1494 870 
3 871 870 1534 
3 1534 870 1536 
3 1534 1536 1535 
3 872 873 1507 
3 1507 873 723 
3 1480 874 875 
3 875 874 717 
3 1477 1489 878 
3 877 876 1480 
3 1480 876 1547 
3 1480 1547 874 
3 1480 1478 877 
3 877 1478 1477 
3 877 1477 1550 
3 1550 1477 878 
3 2468 879 880 
3 881 2474 882 
3 882 2474 2473 
3 882 2473 883 
3 883 2473 884 
3 883 884 6340 
3 6340 884 885 
3 6340 885 6341 
3 6341 885 2472 
3 6341 2472 887 
3 887 2472 886 
3 887 886 888 
3 888 886 2471 
3 888 2471 6342 
3 6342 2471 2470 
3 6342 2470 889 
3 889 2470 2469 
3 889 2469 880 
3 880 2469 890 
3 880 890 2468 
3 882 6345 881 
3 881 6345 891 
3 881 891 2475 
3 2475 891 894 
3 891 892 894 
3 894 892 893 
3 894 893 896 
3 896 893 895 
3 896 895 6346 
3 6346 897 896 
3 896 897 6348 
3 896 6348 898 
3 898 6348 6347 
3 898 6347 899 
3 899 6347 2476 
3 2476 6347 900 
3 2476 900 2477 
3 2477 900 6344 
3 2477 6344 2479 
3 6344 901 2479 
3 2479 901 902 
3 2479 902 904 
3 904 902 903 
3 904 903 2480 
3 2480 903 6339 
3 2480 6339 905 
3 905 6339 906 
3 905 906 2481 
3 2481 906 6338 
3 2481 6338 907 
3 907 6338 6337 
3 907 6337 2482 
3 2482 6337 6336 
3 2482 6336 908 
3 908 6336 909 
3 908 909 910 
3 2697 939 1606 
3 911 937 912 
3 918 913 1581 
3 1581 913 2710 
3 1581 2710 1582 
3 915 914 921 
3 921 916 915 
3 915 916 917 
3 915 917 918 
3 918 917 919 
3 918 919 913 
3 914 920 921 
3 921 920 1610 
3 921 1610 2703 
3 2703 1610 2704 
3 1610 922 2704 
3 2704 922 923 
3 2704 923 925 
3 927 928 2696 
3 923 924 925 
3 925 924 927 
3 925 927 926 
3 926 927 2696 
3 928 1609 2696 
3 2696 1609 930 
3 2696 930 929 
3 929 930 932 
3 930 931 932 
3 932 931 933 
3 932 933 934 
3 934 933 936 
3 933 935 936 
3 936 935 938 
3 936 938 937 
3 937 938 1608 
3 937 1608 912 
3 911 912 939 
3 939 912 1607 
3 939 1607 1606 
3 2697 1606 940 
3 940 1606 941 
3 940 941 1605 
3 2702 2700 942 
3 942 2700 943 
3 942 943 1605 
3 1605 943 2699 
3 1605 2699 940 
3 2694 945 2693 
3 2693 945 1604 
3 942 944 2702 
3 2702 944 945 
3 2702 945 2695 
3 2695 945 2694 
3 1604 1603 2693 
3 2693 1603 1602 
3 2693 1602 2108 
3 180 981 946 
3 946 981 948 
3 946 948 947 
3 947 948 949 
3 947 949 950 
3 950 949 951 
3 951 949 952 
3 951 952 185 
3 185 952 953 
3 953 952 954 
3 953 954 186 
3 186 954 188 
3 188 954 956 
3 188 956 955 
3 955 956 189 
3 189 956 957 
3 189 957 958 
3 958 957 959 
3 959 957 960 
3 959 960 961 
3 961 960 962 
3 962 960 964 
3 962 964 963 
3 963 964 965 
3 965 964 970 
3 965 970 966 
3 968 967 200 
3 200 199 968 
3 968 199 969 
3 968 969 970 
3 970 969 196 
3 970 196 966 
3 972 975 976 
3 976 971 972 
3 972 971 202 
3 972 202 967 
3 967 202 201 
3 967 201 200 
3 974 973 209 
3 209 208 974 
3 974 208 207 
3 974 207 975 
3 975 207 205 
3 975 205 976 
3 980 977 978 
3 978 979 980 
3 980 979 212 
3 980 212 973 
3 973 212 211 
3 973 211 209 
3 180 178 981 
3 981 178 982 
3 981 982 983 
3 983 982 984 
3 983 984 985 
3 984 243 985 
3 985 243 245 
3 985 245 986 
3 245 987 986 
3 986 987 988 
3 986 988 990 
3 988 989 990 
3 990 989 241 
3 990 241 993 
3 241 991 993 
3 993 991 992 
3 993 992 994 
3 992 240 994 
3 994 240 239 
3 994 239 996 
3 239 995 996 
3 996 995 238 
3 996 238 997 
3 997 238 998 
3 998 999 997 
3 997 999 1000 
3 997 1000 1001 
3 1000 235 1001 
3 1001 235 1002 
3 1001 1002 1003 
3 1002 234 1003 
3 1003 234 232 
3 1003 232 1004 
3 232 231 1004 
3 1004 231 229 
3 1004 229 1005 
3 229 227 1005 
3 1005 227 1006 
3 1005 1006 1008 
3 1006 1007 1008 
3 1008 1007 225 
3 1008 225 1009 
3 225 223 1009 
3 1009 223 222 
3 1009 222 1011 
3 222 1010 1011 
3 1011 1010 1012 
3 1011 1012 1014 
3 1012 221 1014 
3 1014 221 1013 
3 1014 1013 1015 
3 1013 218 1015 
3 1015 218 217 
3 1015 217 1016 
3 1016 217 1017 
3 1016 1017 977 
3 977 1017 216 
3 977 216 978 
3 1018 2219 1019 
3 1018 1019 1020 
3 1020 1019 1966 
3 1020 1966 1022 
3 1022 1966 1021 
3 1022 1021 2154 
3 2154 1021 1964 
3 2154 1964 1023 
3 1023 1964 1024 
3 1023 1024 1025 
3 1025 1024 1026 
3 1025 1026 1028 
3 1028 1026 1027 
3 1028 1027 1029 
3 1029 1027 1030 
3 1029 1030 1031 
3 1033 1095 1032 
3 1032 1034 1033 
3 1033 1034 785 
3 1033 785 2218 
3 785 784 2218 
3 2218 784 783 
3 2218 783 2220 
3 783 781 2220 
3 2220 781 1035 
3 2220 1035 2221 
3 2221 1035 779 
3 779 776 2221 
3 2221 776 1036 
3 2221 1036 1038 
3 1036 1037 1038 
3 1038 1037 1039 
3 1038 1039 2227 
3 1039 748 2227 
3 2227 748 749 
3 2227 749 1040 
3 1040 749 1041 
3 1041 751 1040 
3 1040 751 753 
3 1040 753 1042 
3 753 1043 1042 
3 1042 1043 754 
3 1042 754 2230 
3 754 757 2230 
3 2230 757 1044 
3 2230 1044 1045 
3 1044 759 1045 
3 1045 759 1046 
3 1045 1046 2233 
3 1046 763 2233 
3 2233 763 764 
3 2233 764 1047 
3 764 1048 1047 
3 1047 1048 1050 
3 1047 1050 1049 
3 1049 1050 1051 
3 1051 767 1049 
3 1049 767 1052 
3 1049 1052 1053 
3 1052 810 1053 
3 1053 810 1054 
3 1053 1054 1056 
3 1054 808 1056 
3 1056 808 1055 
3 1056 1055 1059 
3 1059 1055 1057 
3 1057 1058 1059 
3 1059 1058 805 
3 1059 805 2237 
3 805 804 2237 
3 2237 804 1060 
3 2237 1060 1062 
3 1060 1061 1062 
3 1062 1061 1063 
3 1062 1063 1065 
3 1063 1064 1065 
3 1065 1064 801 
3 1065 801 2241 
3 801 800 2241 
3 2241 800 1066 
3 2241 1066 1068 
3 1066 1067 1068 
3 1068 1067 1069 
3 1068 1069 1070 
3 1070 1069 798 
3 798 797 1070 
3 1070 797 795 
3 1070 795 1071 
3 795 1072 1071 
3 1071 1072 1073 
3 1071 1073 1075 
3 1073 1074 1075 
3 1075 1074 821 
3 1075 821 2225 
3 2225 821 1076 
3 1076 1077 2225 
3 2225 1077 820 
3 2225 820 2224 
3 820 818 2224 
3 2224 818 816 
3 2224 816 2223 
3 816 1078 2223 
3 2223 1078 1079 
3 2223 1079 1080 
3 1079 814 1080 
3 1080 814 1081 
3 1080 1081 2212 
3 1081 812 2212 
3 2212 812 1082 
3 2212 1082 2213 
3 1082 1083 2213 
3 2213 1083 1084 
3 2213 1084 1086 
3 1086 1084 773 
3 773 772 1086 
3 1086 772 1085 
3 1086 1085 2214 
3 1085 1087 2214 
3 2214 1087 1088 
3 2214 1088 1089 
3 1088 1090 1089 
3 1089 1090 792 
3 1089 792 2217 
3 2217 792 1091 
3 1091 1092 2217 
3 2217 1092 1093 
3 2217 1093 2215 
3 1093 1094 2215 
3 2215 1094 1096 
3 2215 1096 1095 
3 1095 1096 788 
3 1095 788 1032 
3 1097 2099 1119 
3 830 1098 1099 
3 1099 1098 2070 
3 2070 1098 1100 
3 1100 1098 1102 
3 1100 1102 1101 
3 1101 1102 1103 
3 1101 1103 1104 
3 1104 1103 1105 
3 1104 1105 2072 
3 2446 1112 1105 
3 1105 1112 1106 
3 1105 1106 2072 
3 2074 2073 1107 
3 1107 2073 1108 
3 1107 1108 1109 
3 1109 1108 1110 
3 1109 1110 2446 
3 2446 1110 1111 
3 2446 1111 1112 
3 1113 2076 2441 
3 2441 2076 2075 
3 2441 2075 1107 
3 1107 2075 1114 
3 1107 1114 2074 
3 2453 2098 2448 
3 2448 2098 3101 
3 2448 3101 3100 
3 2441 2447 1113 
3 1113 2447 2448 
3 1113 2448 3098 
3 3098 2448 3100 
3 1115 1117 1118 
3 1115 1116 1117 
3 1117 1116 6355 
3 1117 6355 1118 
3 1119 2099 6351 
3 6351 2099 1120 
3 6351 1120 1118 
3 1097 1119 1121 
3 1121 1119 1122 
3 1121 1122 2100 
3 2100 1122 1123 
3 2100 1123 2101 
3 2101 1123 1124 
3 2101 1124 1125 
3 1125 1124 6361 
3 1125 6361 1126 
3 1126 6361 6360 
3 1126 6360 2102 
3 2102 6360 1127 
3 2102 1127 1128 
3 1128 1127 6358 
3 1128 6358 1130 
3 6358 1129 1130 
3 1130 1129 1131 
3 1130 1131 1132 
3 1132 1131 2104 
3 1131 6364 2104 
3 2104 6364 6363 
3 2104 6363 2105 
3 1120 2098 1118 
3 1118 2098 2453 
3 1118 2453 1115 
3 1115 2453 1133 
3 1115 1133 1137 
3 6332 6331 1134 
3 1134 6331 1135 
3 1134 1135 2456 
3 2456 1135 1136 
3 2456 1136 1137 
3 1137 1136 1138 
3 1137 1138 1115 
3 6332 1134 1139 
3 1139 1134 2455 
3 1139 2455 1140 
3 1143 6327 1141 
3 1141 6327 1142 
3 1141 1142 1140 
3 1140 1142 6333 
3 1140 6333 1139 
3 1141 2458 1143 
3 1143 2458 2462 
3 1143 2462 1144 
3 1144 2462 6335 
3 2462 1145 6335 
3 6335 1145 824 
3 6335 824 826 
3 1937 1938 2513 
3 834 2518 2517 
3 834 2517 1146 
3 1146 2517 2516 
3 1146 2516 1147 
3 1147 2516 2515 
3 1147 2515 1150 
3 2513 1938 1148 
3 1938 1941 1148 
3 1148 1941 1942 
3 1148 1942 2515 
3 2515 1942 1149 
3 2515 1149 1150 
3 1937 2513 1151 
3 1151 2513 1152 
3 1151 1152 1153 
3 1153 1152 1155 
3 1153 1155 1154 
3 1154 1155 1936 
3 1936 1155 1157 
3 1936 1157 1156 
3 1156 1157 1939 
3 1939 1157 1158 
3 1939 1158 1940 
3 1940 1158 1943 
3 1943 1158 1160 
3 1943 1160 1159 
3 1159 1160 2519 
3 1159 2519 1161 
3 1161 2519 2521 
3 1161 2521 1813 
3 1813 2521 2520 
3 1813 2520 1812 
3 1868 1866 1170 
3 1742 1162 2646 
3 1742 2646 1163 
3 1163 2646 2657 
3 1163 2657 1164 
3 1164 2657 1167 
3 1164 1167 1168 
3 1170 1866 1166 
3 1866 1864 1166 
3 1166 1864 1165 
3 1166 1165 1167 
3 1167 1165 1861 
3 1167 1861 1168 
3 1868 1170 1169 
3 1169 1170 2658 
3 1169 2658 1171 
3 1171 2658 1172 
3 1171 1172 1867 
3 1867 1172 1865 
3 1865 1172 1173 
3 1865 1173 1174 
3 1174 1173 1863 
3 1863 1173 2628 
3 1863 2628 1862 
3 1862 2628 1767 
3 1767 2628 1176 
3 1767 1176 1175 
3 1175 1176 1177 
3 1175 1177 1743 
3 1743 1177 1178 
3 1743 1178 1179 
3 1179 1178 2610 
3 1179 2610 1672 
3 1180 1886 1185 
3 1181 2634 1182 
3 1181 1182 1793 
3 1793 1182 1183 
3 1793 1183 1882 
3 1882 1183 2670 
3 1882 2670 1883 
3 1185 1886 2669 
3 1886 1885 2669 
3 2669 1885 1884 
3 2669 1884 2670 
3 2670 1884 1184 
3 2670 1184 1883 
3 1180 1185 1889 
3 1889 1185 1186 
3 1889 1186 1187 
3 1187 1186 1188 
3 1187 1188 1888 
3 1888 1188 1887 
3 1887 1188 2665 
3 1887 2665 1189 
3 1189 2665 1190 
3 1190 2665 1192 
3 1190 1192 1191 
3 1191 1192 1193 
3 1193 1192 2664 
3 1193 2664 1792 
3 1792 2664 1194 
3 1792 1194 1783 
3 1783 1194 2636 
3 1783 2636 1784 
3 1784 2636 2635 
3 1784 2635 1785 
3 1200 1198 1195 
3 841 840 2645 
3 841 2645 1803 
3 1803 2645 1196 
3 1803 1196 1899 
3 1899 1196 2656 
3 1899 2656 1197 
3 1195 1198 1199 
3 1198 1903 1199 
3 1199 1903 1901 
3 1199 1901 2656 
3 2656 1901 1900 
3 2656 1900 1197 
3 1200 1195 1201 
3 1201 1195 2643 
3 1201 2643 1202 
3 1202 2643 1203 
3 1202 1203 1204 
3 1204 1203 1905 
3 1905 1203 1205 
3 1905 1205 1904 
3 1904 1205 1902 
3 1902 1205 2642 
3 1902 2642 1206 
3 1206 2642 1207 
3 1207 2642 2641 
3 1207 2641 1208 
3 1208 2641 2655 
3 1208 2655 1210 
3 1210 2655 1209 
3 1210 1209 1791 
3 1791 1209 1211 
3 1791 1211 1730 
3 1948 1212 1215 
3 844 2623 2662 
3 844 2662 1213 
3 1213 2662 2667 
3 1213 2667 1214 
3 1214 2667 2668 
3 1214 2668 1219 
3 1215 1212 1218 
3 1212 1216 1218 
3 1218 1216 1217 
3 1218 1217 2668 
3 2668 1217 1944 
3 2668 1944 1219 
3 1948 1215 1220 
3 1220 1215 2661 
3 1220 2661 1221 
3 1221 2661 2660 
3 1221 2660 1949 
3 1949 2660 1947 
3 1947 2660 1223 
3 1947 1223 1946 
3 1946 1223 1222 
3 1222 1223 2666 
3 1222 2666 1945 
3 1945 2666 1833 
3 1833 2666 1224 
3 1833 1224 1225 
3 1225 1224 2663 
3 1225 2663 1816 
3 1816 2663 1226 
3 1816 1226 1817 
3 1817 1226 1227 
3 1817 1227 1769 
3 1963 1962 2640 
3 1860 846 2616 
3 1860 2616 1870 
3 1870 2616 2617 
3 1870 2617 1228 
3 1228 2617 1230 
3 1228 1230 1231 
3 2640 1962 1229 
3 1962 1960 1229 
3 1229 1960 1958 
3 1229 1958 1230 
3 1230 1958 1957 
3 1230 1957 1231 
3 1963 2640 1232 
3 1232 2640 2654 
3 1232 2654 1234 
3 1234 2654 1233 
3 1234 1233 1235 
3 1235 1233 1237 
3 1237 1233 1236 
3 1237 1236 1961 
3 1961 1236 1959 
3 1959 1236 1238 
3 1959 1238 1239 
3 1239 1238 1956 
3 1956 1238 2653 
3 1956 2653 1240 
3 1240 2653 2619 
3 1240 2619 1241 
3 1241 2619 2618 
3 1241 2618 1242 
3 1242 2618 2601 
3 1242 2601 1823 
3 1243 1248 1247 
3 1244 847 2675 
3 1244 2675 1826 
3 1826 2675 2674 
3 1826 2674 1245 
3 1245 2674 1250 
3 1245 1250 1246 
3 1247 1248 1249 
3 1248 1917 1249 
3 1249 1917 1914 
3 1249 1914 1250 
3 1250 1914 1251 
3 1250 1251 1246 
3 1243 1247 1918 
3 1918 1247 1252 
3 1918 1252 1253 
3 1253 1252 1254 
3 1253 1254 1919 
3 1919 1254 1255 
3 1255 1254 1256 
3 1255 1256 1916 
3 1916 1256 1915 
3 1915 1256 2671 
3 1915 2671 1257 
3 1257 2671 1258 
3 1258 2671 1259 
3 1258 1259 1825 
3 1825 1259 1260 
3 1825 1260 1802 
3 1802 1260 1261 
3 1802 1261 1262 
3 1262 1261 2673 
3 1262 2673 1755 
3 1896 1895 2652 
3 849 848 2626 
3 849 2626 1263 
3 1263 2626 2627 
3 1263 2627 1890 
3 1890 2627 1264 
3 1890 1264 1891 
3 2652 1895 1266 
3 1895 1265 1266 
3 1266 1265 1267 
3 1266 1267 1264 
3 1264 1267 1268 
3 1264 1268 1891 
3 1896 2652 1269 
3 1269 2652 1270 
3 1269 1270 1271 
3 1271 1270 1272 
3 1271 1272 1898 
3 1898 1272 1897 
3 1897 1272 1273 
3 1897 1273 1894 
3 1894 1273 1274 
3 1274 1273 1275 
3 1274 1275 1893 
3 1893 1275 1892 
3 1892 1275 1276 
3 1892 1276 1277 
3 1277 1276 2659 
3 1277 2659 1278 
3 1278 2659 2608 
3 1278 2608 1279 
3 1279 2608 2607 
3 1279 2607 1280 
3 1879 1878 1288 
3 1282 850 1281 
3 1282 1281 1782 
3 1782 1281 1283 
3 1782 1283 1284 
3 1284 1283 1287 
3 1284 1287 1871 
3 1288 1878 1285 
3 1878 1286 1285 
3 1285 1286 1875 
3 1285 1875 1287 
3 1287 1875 1872 
3 1287 1872 1871 
3 1879 1288 1289 
3 1289 1288 1290 
3 1289 1290 1881 
3 1881 1290 1291 
3 1881 1291 1880 
3 1880 1291 1877 
3 1877 1291 2639 
3 1877 2639 1292 
3 1292 2639 1876 
3 1876 2639 2638 
3 1876 2638 1874 
3 1874 2638 1873 
3 1873 2638 1293 
3 1873 1293 1781 
3 1781 1293 1294 
3 1781 1294 1295 
3 1295 1294 1297 
3 1295 1297 1296 
3 1296 1297 2615 
3 1296 2615 1298 
3 1953 1302 1307 
3 1843 2631 1299 
3 1843 1299 1849 
3 1849 1299 1301 
3 1849 1301 1300 
3 1300 1301 2651 
3 1300 2651 1306 
3 1307 1302 1305 
3 1302 1303 1305 
3 1305 1303 1304 
3 1305 1304 2651 
3 2651 1304 1951 
3 2651 1951 1306 
3 1953 1307 1308 
3 1308 1307 1309 
3 1308 1309 1310 
3 1310 1309 1311 
3 1310 1311 1955 
3 1955 1311 1954 
3 1954 1311 1313 
3 1954 1313 1952 
3 1952 1313 1312 
3 1312 1313 1315 
3 1312 1315 1314 
3 1314 1315 1950 
3 1950 1315 1316 
3 1950 1316 1848 
3 1848 1316 1317 
3 1848 1317 1844 
3 1844 1317 1318 
3 1844 1318 1319 
3 1319 1318 1320 
3 1319 1320 853 
3 1924 1923 1323 
3 1805 2582 2625 
3 1805 2625 1827 
3 1827 2625 2629 
3 1827 2629 1321 
3 1321 2629 1327 
3 1321 1327 1322 
3 1323 1923 1325 
3 1923 1324 1325 
3 1325 1324 1326 
3 1325 1326 1327 
3 1327 1326 1920 
3 1327 1920 1322 
3 1924 1323 1925 
3 1925 1323 1328 
3 1925 1328 1926 
3 1926 1328 1331 
3 1926 1331 1329 
3 1329 1331 1330 
3 1330 1331 1332 
3 1330 1332 1922 
3 1922 1332 1921 
3 1921 1332 2606 
3 1921 2606 1333 
3 1333 2606 1334 
3 1334 2606 1335 
3 1334 1335 1804 
3 1804 1335 1336 
3 1804 1336 1337 
3 1337 1336 2584 
3 1337 2584 1806 
3 1806 2584 2583 
3 1806 2583 856 
3 1344 1342 2650 
3 1808 1338 2605 
3 1808 2605 1340 
3 1340 2605 1339 
3 1340 1339 1829 
3 1829 1339 1341 
3 1829 1341 1927 
3 2650 1342 1343 
3 1342 1932 1343 
3 1343 1932 1930 
3 1343 1930 1341 
3 1341 1930 1929 
3 1341 1929 1927 
3 1344 2650 1345 
3 1345 2650 2649 
3 1345 2649 1346 
3 1346 2649 2648 
3 1346 2648 1347 
3 1347 2648 1935 
3 1935 2648 2647 
3 1935 2647 1934 
3 1934 2647 1933 
3 1933 2647 1348 
3 1933 1348 1931 
3 1931 1348 1928 
3 1928 1348 2624 
3 1928 2624 1828 
3 1828 2624 1349 
3 1828 1349 1807 
3 1807 1349 1350 
3 1807 1350 1351 
3 1351 1350 1352 
3 1351 1352 1762 
3 1912 1353 2637 
3 1810 1354 1355 
3 1810 1355 1356 
3 1356 1355 1357 
3 1356 1357 1811 
3 1811 1357 1358 
3 1811 1358 1906 
3 2637 1353 1359 
3 1353 1909 1359 
3 1359 1909 1908 
3 1359 1908 1358 
3 1358 1908 1907 
3 1358 1907 1906 
3 1912 2637 1360 
3 1360 2637 1361 
3 1360 1361 1363 
3 1363 1361 1362 
3 1363 1362 1913 
3 1913 1362 1911 
3 1911 1362 1364 
3 1911 1364 1910 
3 1910 1364 1365 
3 1365 1364 1367 
3 1365 1367 1366 
3 1366 1367 1809 
3 1809 1367 2613 
3 1809 2613 1368 
3 1368 2613 2612 
3 1368 2612 1794 
3 1794 2612 2611 
3 1794 2611 1795 
3 1795 2611 1369 
3 1795 1369 1738 
3 1411 1370 1371 
3 1405 1372 1374 
3 1405 1374 1373 
3 1373 1374 1375 
3 1373 1375 1406 
3 1406 1375 2779 
3 1406 2779 1407 
3 1407 2779 2785 
3 1407 2785 1408 
3 1408 2785 2784 
3 1408 2784 1409 
3 1371 1370 2784 
3 2784 1370 1376 
3 2784 1376 1409 
3 1411 1371 1412 
3 1412 1371 1377 
3 1412 1377 1378 
3 1378 1377 1380 
3 1378 1380 1395 
3 1395 1380 1379 
3 1379 1380 2790 
3 1379 2790 1381 
3 1381 2790 1390 
3 1390 2790 2788 
3 1390 2788 1391 
3 1391 2788 1382 
3 1382 2788 2787 
3 1382 2787 1392 
3 1392 2787 1383 
3 1383 2787 1384 
3 1383 1384 1393 
3 1393 1384 1385 
3 1385 1384 1386 
3 1385 1386 1387 
3 1387 1386 1394 
3 1394 1386 1388 
3 1394 1388 1389 
3 1389 1388 2786 
3 1389 2786 859 
3 1390 1391 2931 
3 2931 1391 1382 
3 1382 1392 2931 
3 2931 1392 1383 
3 2931 1383 1393 
3 1393 1385 2931 
3 2931 1385 1387 
3 2931 1387 1394 
3 858 1720 859 
3 859 1720 2931 
3 859 2931 1389 
3 1389 2931 1394 
3 1410 1378 1395 
3 1390 2931 1381 
3 1381 2931 1410 
3 1381 1410 1379 
3 1379 1410 1395 
3 1424 1396 2904 
3 2904 1396 1397 
3 2904 1397 656 
3 656 655 2904 
3 2904 655 1398 
3 2904 1398 651 
3 651 650 2904 
3 2904 650 649 
3 2904 649 1399 
3 1399 1400 2904 
3 2904 1400 1401 
3 2904 1401 1402 
3 1402 1401 646 
3 1402 646 644 
3 644 641 1402 
3 1402 641 642 
3 1402 642 637 
3 637 638 1402 
3 1402 638 630 
3 1402 630 631 
3 1403 2901 633 
3 633 2901 1402 
3 633 1402 1404 
3 1404 1402 631 
3 1403 635 2901 
3 2901 635 636 
3 2901 636 1405 
3 1405 1373 2901 
3 2901 1373 1406 
3 2901 1406 1407 
3 1407 1408 2901 
3 2901 1408 1409 
3 2901 1409 1376 
3 1376 1370 2901 
3 2901 1370 1411 
3 2901 1411 1410 
3 1410 1411 1412 
3 1410 1412 1378 
3 658 659 1446 
3 1445 101 176 
3 176 101 1413 
3 1413 104 176 
3 176 104 105 
3 176 105 115 
3 114 113 1418 
3 1418 113 1414 
3 1418 1414 109 
3 109 107 1418 
3 1418 107 1415 
3 1418 1415 116 
3 116 1416 1418 
3 1418 1416 117 
3 1418 117 1417 
3 1417 119 1418 
3 1418 119 1419 
3 1418 1419 1420 
3 1420 123 1418 
3 1418 123 124 
3 1418 124 1421 
3 1421 129 1418 
3 1418 129 131 
3 1418 131 1422 
3 115 114 176 
3 176 114 1418 
3 176 1418 134 
3 134 1418 1422 
3 659 662 1446 
3 1446 662 1423 
3 1446 1423 1425 
3 1424 2904 1425 
3 1425 2904 2903 
3 1425 2903 1446 
3 82 57 1453 
3 1453 57 1426 
3 1426 1427 1453 
3 1453 1427 52 
3 1453 52 1428 
3 1428 51 1453 
3 1453 51 1430 
3 1453 1430 1429 
3 1429 1430 1431 
3 1429 1431 1432 
3 1432 1433 1429 
3 1429 1433 47 
3 1429 47 45 
3 28 1436 29 
3 29 1436 1429 
3 29 1429 1434 
3 1434 1429 45 
3 28 27 1436 
3 1436 27 24 
3 1436 24 1435 
3 1435 23 1436 
3 1436 23 22 
3 1436 22 1437 
3 1441 20 1442 
3 1437 1438 1436 
3 1436 1438 1439 
3 1436 1439 1442 
3 1442 1439 1440 
3 1442 1440 1441 
3 20 18 1442 
3 1442 18 13 
3 1442 13 100 
3 100 99 1442 
3 1442 99 1443 
3 1442 1443 96 
3 96 1444 1442 
3 1442 1444 1445 
3 1442 1445 1446 
3 1446 1445 176 
3 1446 176 658 
3 1447 155 1474 
3 1474 155 1448 
3 1448 158 1474 
3 1474 158 159 
3 1474 159 161 
3 161 163 1474 
3 1474 163 166 
3 1474 166 168 
3 168 1449 1474 
3 1474 1449 1451 
3 1474 1451 1450 
3 1450 1451 172 
3 1450 172 1452 
3 1452 172 79 
3 1452 79 1453 
3 1453 79 81 
3 1453 81 82 
3 714 1456 1459 
3 1454 1455 1474 
3 1456 1457 1459 
3 1459 1457 1458 
3 1459 1458 711 
3 711 707 1459 
3 1459 707 706 
3 1459 706 2908 
3 706 705 2908 
3 2908 705 704 
3 2908 704 703 
3 703 702 2908 
3 2908 702 1460 
3 2908 1460 701 
3 1454 1474 1461 
3 701 700 2908 
3 2908 700 697 
3 2908 697 1474 
3 1474 697 1462 
3 1474 1462 1461 
3 1455 1463 1474 
3 1474 1463 691 
3 1474 691 1464 
3 1464 1465 1474 
3 1474 1465 688 
3 1474 688 136 
3 136 137 1474 
3 1474 137 138 
3 1474 138 139 
3 139 1466 1474 
3 1474 1466 1467 
3 1474 1467 1468 
3 1468 143 1474 
3 1474 143 145 
3 1474 145 1469 
3 1469 144 1474 
3 1474 144 1470 
3 1474 1470 1471 
3 1471 148 1474 
3 1474 148 150 
3 1474 150 1472 
3 1472 1473 1474 
3 1474 1473 153 
3 1474 153 1447 
3 1475 1481 1482 
3 1482 716 1475 
3 1475 716 715 
3 1475 715 1459 
3 1459 715 1476 
3 1459 1476 714 
3 1488 1477 2944 
3 2944 1477 1478 
3 2944 1478 1479 
3 1479 1478 1480 
3 1479 1480 2946 
3 2946 1480 875 
3 2946 875 1481 
3 1481 875 717 
3 1481 717 1482 
3 1492 743 2910 
3 2910 743 1483 
3 2910 1483 1484 
3 1484 1483 746 
3 746 1485 1484 
3 1484 1485 1486 
3 1484 1486 2948 
3 2948 1486 745 
3 2948 745 1487 
3 1487 745 744 
3 1487 744 1488 
3 1488 744 1489 
3 1488 1489 1477 
3 2912 1513 1490 
3 1490 1513 735 
3 1490 735 739 
3 739 741 1490 
3 1490 741 1491 
3 1490 1491 2910 
3 2910 1491 740 
3 2910 740 1492 
3 1498 1506 2912 
3 2913 1538 1493 
3 1493 1538 1536 
3 2913 1493 2914 
3 2914 1493 870 
3 2914 870 2915 
3 2915 870 1494 
3 2915 1494 1495 
3 1494 1496 1495 
3 1495 1496 869 
3 1495 869 1497 
3 1497 869 867 
3 1497 867 1500 
3 1498 2912 1504 
3 867 1499 1500 
3 1500 1499 1501 
3 1500 1501 2964 
3 2964 1501 1502 
3 2964 1502 2912 
3 2912 1502 1503 
3 2912 1503 1504 
3 723 1505 722 
3 1506 861 2912 
3 2912 861 1507 
3 2912 1507 723 
3 1508 1509 2912 
3 2912 1509 718 
3 2912 718 719 
3 723 722 2912 
3 2912 722 721 
3 2912 721 1508 
3 719 1510 2912 
3 2912 1510 1511 
3 2912 1511 1512 
3 1512 731 2912 
3 2912 731 733 
3 2912 733 1513 
3 730 1514 1516 
3 1516 1514 729 
3 729 1515 1516 
3 1516 1515 1517 
3 1516 1517 728 
3 1520 727 1518 
3 1518 727 726 
3 1518 726 725 
3 725 724 1518 
3 1518 724 720 
3 1518 720 1519 
3 1519 873 1518 
3 1518 873 1516 
3 1518 1516 1520 
3 1520 1516 728 
3 873 872 1516 
3 1516 872 1521 
3 1516 1521 1522 
3 1522 863 1516 
3 1516 863 1523 
3 1516 1523 1525 
3 1525 1523 862 
3 862 1524 1525 
3 1525 1524 1527 
3 1525 1527 1526 
3 1526 1527 1528 
3 1526 1528 2922 
3 2922 1528 1529 
3 2922 1529 1530 
3 1530 1529 865 
3 865 868 1530 
3 1530 868 1531 
3 1530 1531 1532 
3 1532 1531 1533 
3 1532 1533 2917 
3 2917 1533 1534 
3 2917 1534 2918 
3 2918 1534 1535 
3 2918 1535 2919 
3 2919 1535 1536 
3 2919 1536 1537 
3 1537 1536 1538 
3 1539 742 1540 
3 1539 1540 1541 
3 742 1542 1540 
3 1540 1542 1543 
3 1540 1543 2801 
3 2801 1543 738 
3 2801 738 737 
3 737 736 2801 
3 2801 736 734 
3 2801 734 1516 
3 1516 734 732 
3 1516 732 730 
3 1544 1545 1546 
3 1546 1545 874 
3 1546 874 2855 
3 2855 874 1547 
3 2855 1547 1548 
3 1548 1547 876 
3 1548 876 2804 
3 2804 876 877 
3 2804 877 1549 
3 1549 877 1550 
3 1549 1550 1551 
3 1551 1550 878 
3 1551 878 2802 
3 2802 878 747 
3 2802 747 1552 
3 1552 747 1553 
3 1552 1553 2800 
3 2800 1553 1554 
3 2800 1554 1540 
3 1540 1554 1555 
3 1540 1555 1541 
3 1580 154 1557 
3 1557 154 152 
3 1557 152 151 
3 151 149 1557 
3 1557 149 1556 
3 1557 1556 147 
3 147 146 1557 
3 1557 146 1558 
3 1557 1558 1559 
3 1559 142 1557 
3 1557 142 1560 
3 1557 1560 140 
3 140 141 1557 
3 1557 141 1561 
3 1557 1561 1562 
3 1562 1563 1557 
3 1557 1563 135 
3 1557 135 687 
3 687 689 1557 
3 1557 689 1564 
3 1557 1564 690 
3 695 696 1566 
3 690 692 1557 
3 1557 692 693 
3 1557 693 1566 
3 1566 693 694 
3 1566 694 695 
3 696 1565 1566 
3 1566 1565 698 
3 1566 698 699 
3 699 1567 1566 
3 1566 1567 1568 
3 1566 1568 2809 
3 1568 1569 2809 
3 2809 1569 1570 
3 2809 1570 1571 
3 712 1573 1574 
3 712 1574 710 
3 1571 709 2809 
3 2809 709 1572 
3 2809 1572 1574 
3 1574 1572 708 
3 1574 708 710 
3 1573 713 1574 
3 1574 713 1575 
3 1574 1575 1546 
3 1546 1575 1576 
3 1546 1576 1544 
3 2812 1594 80 
3 2812 80 1578 
3 80 1577 1578 
3 1578 1577 171 
3 1578 171 1557 
3 1557 171 170 
3 1557 170 169 
3 169 167 1557 
3 1557 167 165 
3 1557 165 164 
3 164 162 1557 
3 1557 162 160 
3 1557 160 157 
3 157 156 1557 
3 1557 156 1579 
3 1557 1579 1580 
3 1600 920 914 
3 914 915 1600 
3 1600 915 918 
3 1600 918 1581 
3 1581 1582 1600 
3 1600 1582 9 
3 1600 9 42 
3 42 39 1600 
3 1600 39 1583 
3 1600 1583 1584 
3 1584 1583 37 
3 1584 37 36 
3 36 1585 1584 
3 1584 1585 1586 
3 1584 1586 1587 
3 1587 33 1584 
3 1584 33 1588 
3 1584 1588 1591 
3 1591 1588 1589 
3 1591 1589 32 
3 32 1590 1591 
3 1591 1590 30 
3 1591 30 44 
3 44 46 1591 
3 1591 46 1592 
3 1591 1592 1594 
3 1594 1592 1593 
3 1594 1593 48 
3 48 50 1594 
3 1594 50 1595 
3 1594 1595 49 
3 49 55 1594 
3 1594 55 54 
3 1594 54 53 
3 53 1596 1594 
3 1594 1596 56 
3 1594 56 80 
3 1597 1598 3378 
3 3378 1598 3377 
3 1597 3380 1598 
3 1598 3380 1599 
3 1598 1599 1600 
3 1600 1599 1601 
3 1600 1601 1602 
3 1602 1603 1600 
3 1600 1603 1604 
3 1600 1604 945 
3 945 944 1600 
3 1600 944 942 
3 1600 942 1605 
3 1605 941 1600 
3 1600 941 1606 
3 1600 1606 1607 
3 1607 912 1600 
3 1600 912 1608 
3 1600 1608 938 
3 938 935 1600 
3 1600 935 933 
3 1600 933 931 
3 931 930 1600 
3 1600 930 1609 
3 1600 1609 928 
3 928 927 1600 
3 1600 927 924 
3 1600 924 923 
3 923 922 1600 
3 1600 922 1610 
3 1600 1610 920 
3 8459 1616 1611 
3 1611 1616 1612 
3 8459 8461 1616 
3 1616 8461 1613 
3 1616 1613 1614 
3 1614 8463 1616 
3 1616 8463 8465 
3 1616 8465 8466 
3 8466 8468 1616 
3 1616 8468 1615 
3 1616 1615 6323 
3 6323 6321 1616 
3 1616 6321 3356 
3 1616 3356 3358 
3 3358 3360 1616 
3 1616 3360 3361 
3 1616 3361 1617 
3 1617 3361 3362 
3 3362 3363 1617 
3 1617 3363 3368 
3 1617 3368 3367 
3 3367 1618 1617 
3 1617 1618 3365 
3 1617 3365 1619 
3 1619 3369 1617 
3 1617 3369 3371 
3 1617 3371 2813 
3 2813 3371 1620 
3 2813 1620 1621 
3 1621 1622 2813 
3 2813 1622 3372 
3 2813 3372 3373 
3 3376 1623 1624 
3 1624 1623 1625 
3 1624 1625 1598 
3 1598 1625 1626 
3 1598 1626 3377 
3 3373 1627 2813 
3 2813 1627 1628 
3 2813 1628 1624 
3 1624 1628 1629 
3 1624 1629 3376 
3 1630 8457 1616 
3 9885 9701 2814 
3 2814 9701 8453 
3 2814 8453 1616 
3 1616 8453 8455 
3 1616 8455 1630 
3 8457 1631 1616 
3 1616 1631 1632 
3 1616 1632 1612 
3 355 175 2071 
3 365 1633 685 
3 685 1633 367 
3 685 367 368 
3 599 1764 1692 
3 1643 370 371 
3 1681 1634 1666 
3 1666 1634 386 
3 1666 386 1649 
3 355 2071 353 
3 675 677 1746 
3 1746 677 678 
3 1746 678 679 
3 679 680 1746 
3 1746 680 682 
3 1746 682 368 
3 368 682 683 
3 368 683 685 
3 1708 1676 1818 
3 1635 390 1662 
3 1636 408 1711 
3 1711 408 409 
3 1711 409 1664 
3 560 1650 1651 
3 1637 615 1714 
3 1717 587 625 
3 625 587 1638 
3 625 1638 1639 
3 1640 334 2071 
3 1673 356 1641 
3 1641 356 685 
3 356 1642 685 
3 685 1642 358 
3 685 358 359 
3 371 1644 1643 
3 1643 1644 1645 
3 1643 1645 1646 
3 1646 1647 1643 
3 1643 1647 375 
3 1643 375 1649 
3 1649 375 1648 
3 1649 1648 1666 
3 1650 561 1651 
3 1651 561 562 
3 1651 562 1688 
3 615 1652 1714 
3 1714 1652 1690 
3 1714 1690 1691 
3 591 1653 1692 
3 1692 1653 593 
3 1692 593 1654 
3 332 349 1692 
3 1692 349 346 
3 334 333 2071 
3 2071 333 1655 
3 2071 1655 353 
3 359 1656 685 
3 685 1656 1657 
3 685 1657 362 
3 362 363 685 
3 685 363 364 
3 685 364 365 
3 1658 671 1720 
3 1720 671 672 
3 1720 672 1830 
3 411 412 1850 
3 1850 412 414 
3 1750 1659 1724 
3 1724 1659 1660 
3 1724 1660 429 
3 1760 1661 1758 
3 1662 392 1635 
3 1635 392 1663 
3 1635 1663 394 
3 394 395 1635 
3 1635 395 396 
3 1635 396 1664 
3 1664 396 398 
3 1664 398 1711 
3 838 1712 1665 
3 1665 1712 1666 
3 1712 378 1666 
3 1666 378 379 
3 1666 379 381 
3 562 1667 1683 
3 619 1692 618 
3 618 1692 617 
3 1654 594 1692 
3 1692 594 595 
3 1692 595 597 
3 597 1668 1692 
3 1692 1668 598 
3 1692 598 599 
3 346 345 1692 
3 1692 345 1669 
3 1692 1669 2005 
3 2005 1669 1670 
3 2005 1670 2007 
3 2007 1670 341 
3 2007 341 1699 
3 1699 341 340 
3 1699 340 1671 
3 1742 1672 1673 
3 1673 1672 1674 
3 1673 1674 356 
3 458 460 1752 
3 538 539 524 
3 524 539 1675 
3 524 1675 540 
3 1676 498 1818 
3 1818 498 851 
3 1818 851 1298 
3 1298 851 1282 
3 400 1677 399 
3 399 1677 1711 
3 1677 1678 1711 
3 1711 1678 401 
3 1711 401 402 
3 381 1679 1666 
3 1666 1679 1680 
3 1666 1680 382 
3 382 384 1666 
3 1666 384 385 
3 1666 385 1681 
3 563 1682 1692 
3 1692 1682 564 
3 1692 564 1733 
3 1683 1684 562 
3 562 1684 1685 
3 562 1685 1686 
3 1686 546 562 
3 562 546 1687 
3 562 1687 1688 
3 1689 1690 568 
3 568 1690 567 
3 1689 571 1690 
3 1690 571 572 
3 1690 572 1691 
3 619 1693 1692 
3 1692 1693 620 
3 1692 620 1694 
3 1694 1695 1692 
3 1692 1695 1696 
3 1692 1696 1736 
3 1739 1697 626 
3 626 1697 625 
3 1697 1698 625 
3 625 1698 578 
3 625 578 579 
3 327 1764 326 
3 326 1764 324 
3 1671 339 1699 
3 1699 339 338 
3 1699 338 2071 
3 2071 338 336 
3 2071 336 1640 
3 1718 1720 663 
3 663 1720 858 
3 1832 1700 1746 
3 1746 1700 674 
3 1746 674 675 
3 414 1701 1850 
3 1850 1701 415 
3 1850 415 1702 
3 1702 1703 1850 
3 1850 1703 417 
3 1850 417 429 
3 429 417 1704 
3 429 1704 1724 
3 1758 1705 475 
3 542 543 1692 
3 496 1818 494 
3 494 1818 1775 
3 496 1706 1818 
3 1818 1706 1707 
3 1818 1707 1708 
3 402 403 1711 
3 1711 403 1709 
3 1711 1709 405 
3 405 1710 1711 
3 1711 1710 407 
3 1711 407 1636 
3 1181 1785 838 
3 838 1785 376 
3 838 376 1712 
3 1761 550 548 
3 548 550 1651 
3 550 1713 1651 
3 1651 1713 551 
3 1651 551 1731 
3 575 604 574 
3 574 604 1714 
3 604 1715 1714 
3 1714 1715 606 
3 1714 606 608 
3 579 581 625 
3 625 581 1716 
3 625 1716 583 
3 583 584 625 
3 625 584 586 
3 625 586 1717 
3 1718 1719 1720 
3 1720 1719 1721 
3 1720 1721 1722 
3 1770 1723 419 
3 419 1723 1724 
3 1723 421 1724 
3 1724 421 1725 
3 1724 1725 423 
3 1726 446 1789 
3 1789 446 1727 
3 1789 1727 448 
3 1661 478 1758 
3 1758 478 1728 
3 1758 1728 1280 
3 1280 1728 849 
3 562 563 1667 
3 1667 563 1692 
3 1667 1692 544 
3 544 1692 543 
3 1776 516 542 
3 542 516 1729 
3 542 1729 519 
3 519 520 542 
3 542 520 522 
3 542 522 540 
3 540 522 523 
3 540 523 524 
3 841 1730 400 
3 400 1730 839 
3 400 839 1677 
3 1731 552 1651 
3 1651 552 553 
3 1651 553 554 
3 554 557 1651 
3 1651 557 558 
3 1651 558 560 
3 617 1692 1732 
3 1732 1692 1733 
3 1732 1733 1690 
3 1690 1733 1734 
3 1690 1734 567 
3 608 609 1714 
3 1714 609 611 
3 1714 611 1735 
3 1735 612 1714 
3 1714 612 613 
3 1714 613 1637 
3 591 1692 590 
3 590 1692 1736 
3 590 1736 1639 
3 1639 1736 1737 
3 1639 1737 625 
3 1810 1738 1739 
3 1739 1738 576 
3 1739 576 1697 
3 1764 601 324 
3 324 601 602 
3 324 602 322 
3 322 602 1812 
3 327 1740 1764 
3 1764 1740 1741 
3 1764 1741 1763 
3 1175 1743 1742 
3 1742 1743 1179 
3 1742 1179 1672 
3 1722 667 1720 
3 1720 667 669 
3 1720 669 670 
3 670 1744 1720 
3 1720 1744 1745 
3 1720 1745 1658 
3 1746 1747 1643 
3 1643 1747 1748 
3 1643 1748 370 
3 423 1749 1724 
3 1724 1749 424 
3 1724 424 425 
3 425 426 1724 
3 1724 426 427 
3 1724 427 1750 
3 1705 1758 473 
3 1840 488 1751 
3 1751 488 490 
3 460 1753 1752 
3 1752 1753 1754 
3 1752 1754 1755 
3 1755 1754 1244 
3 475 1756 1758 
3 1758 1756 1757 
3 1758 1757 476 
3 476 477 1758 
3 1758 477 1759 
3 1758 1759 1760 
3 1790 527 526 
3 526 527 524 
3 527 528 524 
3 524 528 529 
3 524 529 531 
3 1781 1295 1282 
3 1282 1295 1296 
3 1282 1296 1298 
3 1805 856 1761 
3 1761 856 855 
3 1761 855 550 
3 1808 1762 575 
3 575 1762 857 
3 575 857 604 
3 1763 1765 1764 
3 1764 1765 331 
3 1764 331 1692 
3 1692 331 1766 
3 1692 1766 332 
3 1175 1742 1767 
3 1767 1742 1163 
3 1767 1163 1164 
3 1643 388 1635 
3 1635 388 1768 
3 1635 1768 390 
3 844 1769 1770 
3 1770 1769 843 
3 1770 843 1723 
3 1771 1834 1836 
3 1772 1773 1818 
3 1818 1773 1774 
3 1818 1774 1775 
3 506 508 492 
3 492 508 510 
3 1776 542 1777 
3 1777 542 1692 
3 1777 1692 515 
3 455 1752 1778 
3 1778 1752 453 
3 455 456 1752 
3 1752 456 457 
3 1752 457 458 
3 531 1779 524 
3 524 1779 1780 
3 524 1780 534 
3 534 535 524 
3 524 535 536 
3 524 536 538 
3 1781 1282 1873 
3 1873 1282 1782 
3 1873 1782 1284 
3 1792 1783 1181 
3 1181 1783 1784 
3 1181 1784 1785 
3 501 502 1819 
3 1841 1786 1752 
3 1752 1786 452 
3 1752 452 453 
3 470 1856 1869 
3 1824 1787 1788 
3 1788 1787 1789 
3 1787 441 1789 
3 1789 441 442 
3 1789 442 1797 
3 1277 1278 849 
3 849 1278 1279 
3 849 1279 1280 
3 1843 853 1790 
3 1790 853 852 
3 1790 852 527 
3 1208 1210 841 
3 841 1210 1791 
3 841 1791 1730 
3 1792 1181 1193 
3 1193 1181 1793 
3 1193 1793 1882 
3 1368 1794 1810 
3 1810 1794 1795 
3 1810 1795 1738 
3 473 1758 1836 
3 1836 1758 480 
3 1836 480 1771 
3 465 1796 1852 
3 435 436 1869 
3 1797 443 1789 
3 1789 443 1798 
3 1789 1798 1799 
3 1799 1800 1789 
3 1789 1800 1801 
3 1789 1801 1726 
3 1825 1802 1244 
3 1244 1802 1262 
3 1244 1262 1755 
3 1277 849 1892 
3 1892 849 1263 
3 1892 1263 1890 
3 1208 841 1207 
3 1207 841 1803 
3 1207 1803 1899 
3 1804 1337 1805 
3 1805 1337 1806 
3 1805 1806 856 
3 1828 1807 1808 
3 1808 1807 1351 
3 1808 1351 1762 
3 1368 1810 1809 
3 1809 1810 1356 
3 1809 1356 1811 
3 602 834 1812 
3 1812 834 1146 
3 1812 1146 1147 
3 1147 1150 1812 
3 1812 1150 1149 
3 1812 1149 1813 
3 1813 1149 1161 
3 1850 1814 1692 
3 1692 1814 1815 
3 1225 1816 844 
3 844 1816 1817 
3 844 1817 1769 
3 1772 1818 1819 
3 1819 1818 1820 
3 1819 1820 501 
3 436 438 1869 
3 1869 438 1821 
3 1869 1821 448 
3 448 1821 1822 
3 448 1822 1789 
3 1860 1823 1824 
3 1824 1823 845 
3 1824 845 1787 
3 1825 1244 1258 
3 1258 1244 1826 
3 1258 1826 1245 
3 1804 1805 1334 
3 1334 1805 1827 
3 1334 1827 1321 
3 1828 1808 1928 
3 1928 1808 1340 
3 1928 1340 1829 
3 1830 1831 1720 
3 1720 1831 1832 
3 1720 1832 1692 
3 1692 1832 1746 
3 1225 844 1833 
3 1833 844 1213 
3 1833 1213 1214 
3 1834 1835 1836 
3 1836 1835 484 
3 1836 484 1751 
3 1751 484 485 
3 1751 485 1837 
3 1837 1838 1751 
3 1751 1838 1839 
3 1751 1839 1840 
3 1841 1752 1852 
3 1852 1752 463 
3 1852 463 465 
3 1842 432 1869 
3 1869 432 433 
3 1869 433 435 
3 1848 1844 1843 
3 1843 1844 1319 
3 1843 1319 853 
3 502 1845 1819 
3 1819 1845 1846 
3 1819 1846 492 
3 492 1846 503 
3 492 503 504 
3 504 1847 492 
3 492 1847 505 
3 492 505 506 
3 1848 1843 1950 
3 1950 1843 1849 
3 1950 1849 1300 
3 1746 1643 1692 
3 1692 1643 1635 
3 1692 1635 1850 
3 1850 1635 1851 
3 1850 1851 411 
3 1796 466 1852 
3 1852 466 467 
3 1852 467 1869 
3 1869 467 1853 
3 1869 1853 1854 
3 1854 1855 1869 
3 1869 1855 469 
3 1869 469 470 
3 1856 1857 1869 
3 1869 1857 1858 
3 1869 1858 1751 
3 510 1859 492 
3 492 1859 511 
3 492 511 1692 
3 1692 511 513 
3 1692 513 515 
3 1240 1241 1860 
3 1860 1241 1242 
3 1860 1242 1823 
3 1164 1168 1767 
3 1767 1168 1861 
3 1767 1861 1862 
3 1862 1861 1165 
3 1862 1165 1863 
3 1863 1165 1864 
3 1863 1864 1174 
3 1174 1864 1866 
3 1174 1866 1865 
3 1865 1866 1868 
3 1865 1868 1867 
3 1867 1868 1169 
3 1867 1169 1171 
3 490 491 1751 
3 1751 491 492 
3 1751 492 1869 
3 1869 492 1692 
3 1869 1692 1842 
3 1842 1692 1815 
3 1240 1860 1956 
3 1956 1860 1870 
3 1956 1870 1228 
3 1284 1871 1873 
3 1873 1871 1872 
3 1873 1872 1874 
3 1874 1872 1875 
3 1874 1875 1876 
3 1876 1875 1286 
3 1876 1286 1292 
3 1292 1286 1878 
3 1292 1878 1877 
3 1877 1878 1879 
3 1877 1879 1880 
3 1880 1879 1289 
3 1880 1289 1881 
3 1882 1883 1193 
3 1193 1883 1184 
3 1193 1184 1191 
3 1191 1184 1884 
3 1191 1884 1190 
3 1190 1884 1885 
3 1190 1885 1189 
3 1189 1885 1886 
3 1189 1886 1887 
3 1887 1886 1180 
3 1887 1180 1888 
3 1888 1180 1889 
3 1888 1889 1187 
3 1890 1891 1892 
3 1892 1891 1268 
3 1892 1268 1893 
3 1893 1268 1267 
3 1893 1267 1274 
3 1274 1267 1265 
3 1274 1265 1894 
3 1894 1265 1895 
3 1894 1895 1897 
3 1897 1895 1896 
3 1897 1896 1898 
3 1898 1896 1269 
3 1898 1269 1271 
3 1899 1197 1207 
3 1207 1197 1900 
3 1207 1900 1206 
3 1206 1900 1901 
3 1206 1901 1902 
3 1902 1901 1903 
3 1902 1903 1904 
3 1904 1903 1198 
3 1904 1198 1905 
3 1905 1198 1200 
3 1905 1200 1204 
3 1204 1200 1201 
3 1204 1201 1202 
3 1811 1906 1809 
3 1809 1906 1907 
3 1809 1907 1366 
3 1366 1907 1908 
3 1366 1908 1365 
3 1365 1908 1909 
3 1365 1909 1910 
3 1910 1909 1353 
3 1910 1353 1911 
3 1911 1353 1912 
3 1911 1912 1913 
3 1913 1912 1360 
3 1913 1360 1363 
3 1245 1246 1258 
3 1258 1246 1251 
3 1258 1251 1257 
3 1257 1251 1914 
3 1257 1914 1915 
3 1915 1914 1917 
3 1915 1917 1916 
3 1916 1917 1248 
3 1916 1248 1255 
3 1255 1248 1243 
3 1255 1243 1919 
3 1919 1243 1918 
3 1919 1918 1253 
3 1321 1322 1334 
3 1334 1322 1920 
3 1334 1920 1333 
3 1333 1920 1326 
3 1333 1326 1921 
3 1921 1326 1324 
3 1921 1324 1922 
3 1922 1324 1923 
3 1922 1923 1330 
3 1330 1923 1924 
3 1330 1924 1329 
3 1329 1924 1925 
3 1329 1925 1926 
3 1829 1927 1928 
3 1928 1927 1929 
3 1928 1929 1931 
3 1931 1929 1930 
3 1931 1930 1933 
3 1933 1930 1932 
3 1933 1932 1934 
3 1934 1932 1342 
3 1934 1342 1935 
3 1935 1342 1344 
3 1935 1344 1347 
3 1347 1344 1345 
3 1347 1345 1346 
3 1153 1154 1151 
3 1151 1154 1936 
3 1151 1936 1937 
3 1937 1936 1156 
3 1937 1156 1938 
3 1938 1156 1939 
3 1938 1939 1941 
3 1941 1939 1940 
3 1941 1940 1942 
3 1942 1940 1943 
3 1942 1943 1149 
3 1149 1943 1159 
3 1149 1159 1161 
3 1214 1219 1833 
3 1833 1219 1944 
3 1833 1944 1945 
3 1945 1944 1217 
3 1945 1217 1222 
3 1222 1217 1216 
3 1222 1216 1946 
3 1946 1216 1212 
3 1946 1212 1947 
3 1947 1212 1948 
3 1947 1948 1949 
3 1949 1948 1220 
3 1949 1220 1221 
3 1300 1306 1950 
3 1950 1306 1951 
3 1950 1951 1314 
3 1314 1951 1304 
3 1314 1304 1312 
3 1312 1304 1303 
3 1312 1303 1952 
3 1952 1303 1302 
3 1952 1302 1954 
3 1954 1302 1953 
3 1954 1953 1955 
3 1955 1953 1308 
3 1955 1308 1310 
3 1228 1231 1956 
3 1956 1231 1957 
3 1956 1957 1239 
3 1239 1957 1958 
3 1239 1958 1959 
3 1959 1958 1960 
3 1959 1960 1961 
3 1961 1960 1962 
3 1961 1962 1237 
3 1237 1962 1963 
3 1237 1963 1235 
3 1235 1963 1232 
3 1235 1232 1234 
3 1019 2219 3130 
3 3 1030 1027 
3 1026 3122 1027 
3 1027 3122 3124 
3 1027 3124 3 
3 1026 1024 3122 
3 3122 1024 1964 
3 3122 1964 1965 
3 1965 1964 1021 
3 1965 1021 3130 
3 3130 1021 1966 
3 3130 1966 1019 
3 3092 2002 2057 
3 1992 2049 1993 
3 3023 3024 1967 
3 1968 3028 2029 
3 2018 3030 1969 
3 2972 1970 2059 
3 2059 1970 2979 
3 2059 2979 1971 
3 1971 2979 2969 
3 1971 2969 2061 
3 2048 2047 2973 
3 2973 2047 2974 
3 2974 2047 2975 
3 2975 2047 2046 
3 2975 2046 2976 
3 2977 2035 1972 
3 1972 2035 2034 
3 1972 2034 2978 
3 2026 2028 2034 
3 2034 2028 1973 
3 2034 1973 2978 
3 1974 2027 1975 
3 1975 2027 2013 
3 1975 2013 2981 
3 1976 2985 2012 
3 2012 2985 1977 
3 2012 1977 2014 
3 1976 2012 2987 
3 2987 2012 2011 
3 2987 2011 1978 
3 1979 2017 1980 
3 1980 2017 1982 
3 1980 1982 1981 
3 1981 1982 2991 
3 2991 1982 2008 
3 2991 2008 1983 
3 2992 1984 1986 
3 1986 1984 1985 
3 1986 1985 2993 
3 2993 1985 3040 
3 2993 3040 3039 
3 3035 3036 1985 
3 1985 3036 1987 
3 1985 1987 3040 
3 2009 1988 3032 
3 3033 3034 2015 
3 3026 3027 1989 
3 1989 3027 1990 
3 3023 1967 1991 
3 1993 1997 3088 
3 3021 1992 1994 
3 1994 1992 1993 
3 1994 1993 1995 
3 1995 1993 3088 
3 3083 1996 1998 
3 1998 1996 3084 
3 1998 3084 2052 
3 2052 3084 3086 
3 2052 3086 1997 
3 1997 3086 3087 
3 1997 3087 3088 
3 3083 1998 1999 
3 1999 1998 2001 
3 1999 2001 2000 
3 2000 2001 3080 
3 3080 2001 2053 
3 3080 2053 3078 
3 3078 2053 3077 
3 3077 2053 2055 
3 3077 2055 3090 
3 2057 2002 2055 
3 2055 2002 3091 
3 2055 3091 3090 
3 3092 2057 3095 
3 3095 2057 2003 
3 3095 2003 3093 
3 3093 2003 3099 
3 3099 2003 2004 
3 3099 2004 3097 
3 3097 2004 2058 
3 3097 2058 3102 
3 2007 2060 2005 
3 2005 2060 2968 
3 2005 2968 1692 
3 3102 2058 3103 
3 3103 2058 2060 
3 3103 2060 2006 
3 2006 2060 2007 
3 2006 2007 1699 
3 3034 3035 2015 
3 2015 3035 1985 
3 2015 1985 2008 
3 2008 1985 1984 
3 2008 1984 1983 
3 1983 1984 2992 
3 3030 1988 1969 
3 1969 1988 2009 
3 1969 2009 2020 
3 2020 2009 2016 
3 2020 2016 2021 
3 2021 2016 2010 
3 2021 2010 2022 
3 2022 2010 2011 
3 2022 2011 2025 
3 2025 2011 2012 
3 2025 2012 2013 
3 2013 2012 2014 
3 2013 2014 2981 
3 3032 3033 2009 
3 2009 3033 2015 
3 2009 2015 2016 
3 2016 2015 2008 
3 2016 2008 2010 
3 2010 2008 1982 
3 2010 1982 2011 
3 2011 1982 2017 
3 2011 2017 1978 
3 1978 2017 1979 
3 3028 2018 2029 
3 2029 2018 1969 
3 2029 1969 2030 
3 2030 1969 2020 
3 2030 2020 2019 
3 2019 2020 2021 
3 2019 2021 2023 
3 2023 2021 2022 
3 2023 2022 2024 
3 2024 2022 2025 
3 2024 2025 2032 
3 2032 2025 2013 
3 2032 2013 2026 
3 2026 2013 2027 
3 2026 2027 2028 
3 2028 2027 1974 
3 1990 1968 1989 
3 1989 1968 2029 
3 1989 2029 2036 
3 2036 2029 2030 
3 2036 2030 2037 
3 2037 2030 2019 
3 2037 2019 2038 
3 2038 2019 2023 
3 2038 2023 2041 
3 2041 2023 2024 
3 2041 2024 2042 
3 2042 2024 2032 
3 2042 2032 2031 
3 2031 2032 2026 
3 2031 2026 2033 
3 2033 2026 2034 
3 2033 2034 2046 
3 2046 2034 2035 
3 2046 2035 2976 
3 2976 2035 2977 
3 3024 3026 1967 
3 1967 3026 1989 
3 1967 1989 2050 
3 2050 1989 2036 
3 2050 2036 2051 
3 2051 2036 2037 
3 2051 2037 2039 
3 2039 2037 2038 
3 2039 2038 2054 
3 2054 2038 2041 
3 2054 2041 2040 
3 2040 2041 2042 
3 2040 2042 2056 
3 2056 2042 2031 
3 2056 2031 2043 
3 2043 2031 2033 
3 2043 2033 2044 
3 2044 2033 2046 
3 2044 2046 2045 
3 2045 2046 2047 
3 2045 2047 2059 
3 2059 2047 2048 
3 2059 2048 2972 
3 2972 2048 2973 
3 2049 1991 1993 
3 1993 1991 1967 
3 1993 1967 1997 
3 1997 1967 2050 
3 1997 2050 2052 
3 2052 2050 2051 
3 2052 2051 1998 
3 1998 2051 2039 
3 1998 2039 2001 
3 2001 2039 2054 
3 2001 2054 2053 
3 2053 2054 2040 
3 2053 2040 2055 
3 2055 2040 2056 
3 2055 2056 2057 
3 2057 2056 2043 
3 2057 2043 2003 
3 2003 2043 2044 
3 2003 2044 2004 
3 2004 2044 2045 
3 2004 2045 2058 
3 2058 2045 2059 
3 2058 2059 2060 
3 2060 2059 1971 
3 2060 1971 2968 
3 2968 1971 2061 
3 291 2069 2062 
3 2062 2069 289 
3 291 290 2069 
3 2069 290 2063 
3 2069 2063 293 
3 293 292 2069 
3 2069 292 2064 
3 2069 2064 287 
3 287 285 2069 
3 2069 285 2065 
3 2069 2065 298 
3 298 297 2069 
3 2069 297 296 
3 2069 296 300 
3 300 2066 2069 
3 2069 2066 303 
3 2069 303 305 
3 305 2067 2069 
3 2069 2067 311 
3 2069 311 310 
3 310 309 2069 
3 2069 309 308 
3 2069 308 313 
3 313 314 2069 
3 2069 314 315 
3 2069 315 318 
3 289 2069 2068 
3 2068 2069 2071 
3 2068 2071 175 
3 318 319 2069 
3 2069 319 321 
3 2069 321 2071 
3 2071 321 1099 
3 2071 1099 2070 
3 2070 1100 2071 
3 2071 1100 1101 
3 2071 1101 1104 
3 1104 2072 2071 
3 2071 2072 1106 
3 2071 1106 2077 
3 2077 1106 1112 
3 2077 1112 1111 
3 1111 1110 2077 
3 2077 1110 1108 
3 2077 1108 2073 
3 2073 2074 2077 
3 2077 2074 1114 
3 2077 1114 2075 
3 2075 2076 2077 
3 2077 2076 1113 
3 2077 1113 3098 
3 2107 249 3094 
3 2078 2080 2079 
3 2079 2080 249 
3 2078 251 2080 
3 2080 251 257 
3 2080 257 256 
3 256 260 2080 
3 2080 260 259 
3 2080 259 263 
3 263 262 2080 
3 2080 262 264 
3 2080 264 268 
3 268 2081 2080 
3 2080 2081 2082 
3 2080 2082 2083 
3 2083 2084 2080 
3 2080 2084 2085 
3 2080 2085 2086 
3 2086 272 2080 
3 2080 272 273 
3 2080 273 2087 
3 2087 2088 2080 
3 2080 2088 275 
3 2080 275 276 
3 276 278 2080 
3 2080 278 280 
3 2080 280 281 
3 281 284 2080 
3 2080 284 2089 
3 2080 2089 174 
3 3094 249 2090 
3 249 2080 2090 
3 2090 2080 174 
3 2090 174 2096 
3 2096 174 2091 
3 2096 2091 2092 
3 2092 2093 2096 
3 2096 2093 94 
3 2096 94 2094 
3 2094 2095 2096 
3 2096 2095 93 
3 2096 93 92 
3 92 88 2096 
3 2096 88 2097 
3 2096 2097 90 
3 90 83 2096 
3 2096 83 84 
3 2096 84 86 
3 2103 3101 2098 
3 2098 1120 2103 
3 2103 1120 2099 
3 2103 2099 1097 
3 1097 1121 2103 
3 2103 1121 2100 
3 2103 2100 2101 
3 2101 1125 2103 
3 2103 1125 1126 
3 2103 1126 2102 
3 2102 1128 2103 
3 2103 1128 1130 
3 2103 1130 1132 
3 1132 2104 2103 
3 2103 2104 2105 
3 2103 2105 3094 
3 3094 2105 2106 
3 3094 2106 2107 
3 2498 6343 2486 
3 2486 6343 879 
3 2486 879 2485 
3 2485 879 2468 
3 2108 1602 2690 
3 2690 1602 1601 
3 2690 1601 2681 
3 2681 1601 1599 
3 6375 2116 1030 
3 1030 2116 1031 
3 2119 2109 2116 
3 6386 2110 6559 
3 6559 2110 2111 
3 2116 2109 1031 
3 6386 6389 2110 
3 2110 6389 2112 
3 2110 2112 6387 
3 6393 2120 2114 
3 2114 2120 2110 
3 2113 2124 3402 
3 6387 6390 2110 
3 2110 6390 6391 
3 2110 6391 2114 
3 7411 2115 8693 
3 2127 2117 2116 
3 2116 2117 2118 
3 2116 2118 2119 
3 6393 2121 2120 
3 2120 2121 2122 
3 2120 2122 2132 
3 2123 2139 2138 
3 2124 2125 3402 
3 3402 2125 2126 
3 3402 2126 2127 
3 2127 2126 2128 
3 2127 2128 2117 
3 2138 2139 8721 
3 8692 2146 2129 
3 2129 7410 8692 
3 8692 7410 2130 
3 8692 2130 8693 
3 8693 2130 7718 
3 8693 7718 7411 
3 2122 2131 2132 
3 2132 2131 2133 
3 2132 2133 3407 
3 3407 2133 3445 
3 3407 3445 3405 
3 3405 3445 3411 
3 3405 3411 2134 
3 2134 3411 2135 
3 2134 2135 3402 
3 3402 2135 3431 
3 3402 3431 2113 
3 2113 3431 2136 
3 2113 2136 7819 
3 7819 7825 2113 
3 2113 7825 7405 
3 2113 7405 7845 
3 7047 3645 2142 
3 7845 7938 2113 
3 2113 7938 7965 
3 2113 7965 2143 
3 8717 6724 2137 
3 2137 6724 6723 
3 2137 6723 2138 
3 2138 6723 7113 
3 2138 7113 2123 
3 8721 2139 8723 
3 8723 2139 2140 
3 8723 2140 2141 
3 2147 6729 2142 
3 2142 6729 6730 
3 2142 6730 2148 
3 2143 7408 2113 
3 2113 7408 2144 
3 2113 2144 8688 
3 8688 2144 2145 
3 8688 2145 8689 
3 8689 2145 7689 
3 8689 7689 2146 
3 2146 7689 7738 
3 2146 7738 2129 
3 2140 7114 2141 
3 2141 7114 6725 
3 2141 6725 2142 
3 2142 6725 6726 
3 2142 6726 2147 
3 2148 6732 2142 
3 2142 6732 6733 
3 2142 6733 7047 
3 2109 2149 1031 
3 1031 2149 2150 
3 1031 2150 1029 
3 1029 2150 2151 
3 1029 2151 1028 
3 1028 2151 2152 
3 1028 2152 1025 
3 1025 2152 2153 
3 1025 2153 1023 
3 1023 2153 2155 
3 1023 2155 2154 
3 2154 2155 2156 
3 2154 2156 1022 
3 1022 2156 2157 
3 1022 2157 1020 
3 1020 2157 2142 
3 1020 2142 1018 
3 1018 2142 3645 
3 1018 3645 2216 
3 2158 3577 2159 
3 2159 3577 3579 
3 2159 3579 2160 
3 2160 3579 3580 
3 2160 3580 2161 
3 2161 3580 2162 
3 2161 2162 2163 
3 2163 2162 3583 
3 2163 3583 2164 
3 2164 3583 2166 
3 2164 2166 2165 
3 2165 2166 2167 
3 2165 2167 2168 
3 2168 2167 2169 
3 2168 2169 2170 
3 2170 2169 2171 
3 2170 2171 2172 
3 2172 2171 3586 
3 2172 3586 2173 
3 2173 3586 2174 
3 2173 2174 2175 
3 2175 2174 3589 
3 2175 3589 2176 
3 2176 3589 2177 
3 2176 2177 2179 
3 2179 2177 2178 
3 2179 2178 2180 
3 2180 2178 2181 
3 2180 2181 2182 
3 2182 2181 3592 
3 2182 3592 2183 
3 2183 3592 2184 
3 2183 2184 2185 
3 2185 2184 2187 
3 2185 2187 2186 
3 2186 2187 2188 
3 2186 2188 2189 
3 2189 2188 3555 
3 2189 3555 2191 
3 2191 3555 2190 
3 2191 2190 2192 
3 2192 2190 3558 
3 2192 3558 2193 
3 2193 3558 3559 
3 2193 3559 2194 
3 2194 3559 2196 
3 2194 2196 2195 
3 2195 2196 3561 
3 2195 3561 2197 
3 2197 3561 2198 
3 2197 2198 981 
3 981 2198 2199 
3 981 2199 2200 
3 2200 2199 3568 
3 2200 3568 2201 
3 2201 3568 3569 
3 2201 3569 2202 
3 2202 3569 2204 
3 2202 2204 2203 
3 2203 2204 3571 
3 2203 3571 2205 
3 2205 3571 3572 
3 2205 3572 2206 
3 2206 3572 3573 
3 2206 3573 2207 
3 2207 3573 2208 
3 2207 2208 2209 
3 2209 2208 3575 
3 2209 3575 2210 
3 2210 3575 2211 
3 2210 2211 2158 
3 2158 2211 3577 
3 3639 2222 2212 
3 2219 1018 2216 
3 3129 3130 2219 
3 2213 1086 2216 
3 2216 1086 2214 
3 2216 2214 1089 
3 1095 2219 2215 
3 2215 2219 2216 
3 2215 2216 2217 
3 2217 2216 1089 
3 1095 1033 2219 
3 2219 1033 2218 
3 2219 2218 3129 
3 3129 2218 2220 
3 2220 2221 3129 
3 3129 2221 1038 
3 3129 1038 11199 
3 2212 2222 1080 
3 1080 2222 3635 
3 1080 3635 2223 
3 2223 3635 3630 
3 2223 3630 2224 
3 2224 3630 3627 
3 2224 3627 2225 
3 2225 3627 3628 
3 2225 3628 1075 
3 1075 3628 3626 
3 1075 3626 1071 
3 1071 3626 3621 
3 1071 3621 1070 
3 1070 3621 3618 
3 1070 3618 1068 
3 2213 2216 2212 
3 2212 2216 3643 
3 2212 3643 2226 
3 1038 2227 11199 
3 11199 2227 1040 
3 11199 1040 11198 
3 2226 2228 2212 
3 2212 2228 2229 
3 2212 2229 3639 
3 1040 1042 11198 
3 11198 1042 2230 
3 11198 2230 2231 
3 2231 2230 1045 
3 2231 1045 2232 
3 2232 1045 2233 
3 2232 2233 2234 
3 2234 2233 1047 
3 2234 1047 2235 
3 2235 1047 1049 
3 2235 1049 3603 
3 3603 1049 1053 
3 3603 1053 2236 
3 2236 1053 1056 
3 2236 1056 3606 
3 3606 1056 1059 
3 3606 1059 3605 
3 3605 1059 2237 
3 3605 2237 2238 
3 2238 2237 2240 
3 2238 2240 2239 
3 2239 2240 1065 
3 2239 1065 3610 
3 3610 1065 2241 
3 3610 2241 3616 
3 3616 2241 1068 
3 3616 1068 3617 
3 3617 1068 3618 
3 3341 3340 4488 
3 2300 2245 2242 
3 2243 2244 4488 
3 3354 2298 3382 
3 2242 2245 3323 
3 3323 2245 2259 
3 3323 2259 2258 
3 3161 3158 2280 
3 2245 3319 2259 
3 2259 3319 3317 
3 2259 3317 3316 
3 3312 3309 2262 
3 2262 3309 2246 
3 2247 3270 2248 
3 2248 3270 2270 
3 2272 2318 2249 
3 2250 2280 6294 
3 6294 2280 3148 
3 2253 2798 6324 
3 6324 2798 2251 
3 3186 3184 2252 
3 2252 3184 3191 
3 2253 2254 2798 
3 2798 2254 2255 
3 2798 2255 3396 
3 3351 3348 2256 
3 3330 3328 4488 
3 4488 3328 2257 
3 4488 2257 2259 
3 2259 2257 3327 
3 2259 3327 2258 
3 3316 2260 2259 
3 2259 2260 2261 
3 2259 2261 2262 
3 2262 2261 3314 
3 2262 3314 3312 
3 2246 2323 2262 
3 2262 2323 3305 
3 2262 3305 3304 
3 3304 3303 2262 
3 2262 3303 2263 
3 2262 2263 3300 
3 2267 2268 2264 
3 2264 2268 2265 
3 2264 2265 2335 
3 2342 2288 3206 
3 3158 3156 2280 
3 2280 3156 3155 
3 2280 3155 3154 
3 3348 3347 2256 
3 2256 3347 2266 
3 2256 2266 4488 
3 4488 2266 3343 
3 4488 3343 3341 
3 2244 3334 4488 
3 4488 3334 3332 
3 4488 3332 3330 
3 3300 3299 2262 
3 2262 3299 3297 
3 2262 3297 2267 
3 2267 3297 3293 
3 2267 3293 2268 
3 2264 3288 2267 
3 2267 3288 3286 
3 2267 3286 3284 
3 2267 2286 2269 
3 2269 2286 3278 
3 2269 3278 2270 
3 2271 3266 2269 
3 2272 2249 6304 
3 2311 2276 2274 
3 2274 2276 2273 
3 2274 2273 2275 
3 2275 2273 3246 
3 2350 3235 2312 
3 3218 2304 2276 
3 2277 2278 2280 
3 2280 2278 3182 
3 2307 2279 2280 
3 2280 2279 3163 
3 2280 3163 3161 
3 3154 3152 2280 
3 2280 3152 3150 
3 2280 3150 3148 
3 3396 2281 2798 
3 2798 2281 3393 
3 2798 3393 3390 
3 3340 2282 4488 
3 4488 2282 2283 
3 4488 2283 2243 
3 2243 2283 2284 
3 2243 2284 6318 
3 6318 2284 8426 
3 6318 8426 2285 
3 3284 3281 2267 
3 2267 3281 3280 
3 2267 3280 2286 
3 3266 3265 2269 
3 2269 3265 3262 
3 2269 3262 3261 
3 2269 3249 2273 
3 2273 3249 2287 
3 2273 2287 3246 
3 3206 2288 2289 
3 2289 2288 2291 
3 2289 2291 2290 
3 2290 2291 2305 
3 2290 2305 2292 
3 2288 3201 2291 
3 2291 3201 2293 
3 2291 2293 2294 
3 3184 2277 3191 
3 3191 2277 2280 
3 3191 2280 2295 
3 2295 2280 2291 
3 2295 2291 3193 
3 3182 3179 2280 
3 2280 3179 3178 
3 2280 3178 3176 
3 3390 3388 2798 
3 2798 3388 2296 
3 2798 2296 2297 
3 3351 2256 3353 
3 3353 2256 2798 
3 3353 2798 2298 
3 2298 2798 2297 
3 2298 2297 3382 
3 2242 2299 2300 
3 2300 2299 2301 
3 2300 2301 6317 
3 6317 2301 2302 
3 6317 2302 6316 
3 6316 2302 2303 
3 6316 2303 8393 
3 2318 3251 2269 
3 2269 3251 3250 
3 2269 3250 3249 
3 2276 2304 2305 
3 2305 2304 3213 
3 2305 3213 2292 
3 2294 3197 2291 
3 2291 3197 3196 
3 2291 3196 3193 
3 3176 2306 2280 
3 2280 2306 3171 
3 2280 3171 2307 
3 2307 3171 3169 
3 2307 3169 2314 
3 3382 3381 3354 
3 3354 3381 2308 
3 3354 2308 2309 
3 2309 2308 2358 
3 2309 2358 2310 
3 2270 3270 2269 
3 2269 3270 3268 
3 2269 3268 2271 
3 2319 2276 3235 
3 3235 2276 2311 
3 3235 2311 2312 
3 2338 3219 2276 
3 2276 3219 2313 
3 2276 2313 3218 
3 3169 3168 2314 
3 2314 3168 6296 
3 2314 6296 3165 
3 3165 6296 8246 
3 3165 8246 6295 
3 6295 8246 2355 
3 6295 2355 8229 
3 8229 2355 2315 
3 2285 8426 2316 
3 2316 8426 2317 
3 2316 2317 2344 
3 3261 3258 2269 
3 2269 3258 3256 
3 2269 3256 2318 
3 2318 3256 3254 
3 2318 3254 2249 
3 2319 2320 2276 
3 2276 2320 2321 
3 2276 2321 2322 
3 2246 3307 2323 
3 2323 3307 2324 
3 2323 2324 3306 
3 3306 2324 8390 
3 3306 8390 2325 
3 2325 8390 8389 
3 2325 8389 8373 
3 8373 8389 8375 
3 2322 2326 2276 
3 2276 2326 2327 
3 2276 2327 2337 
3 2249 6306 6304 
3 6304 6306 6308 
3 6304 6308 2329 
3 2329 6308 2328 
3 2329 2328 8317 
3 8317 2328 2330 
3 2252 3189 3186 
3 3186 3189 2331 
3 3186 2331 3187 
3 3187 2331 2332 
3 3187 2332 6297 
3 6297 2332 2383 
3 6297 2383 2333 
3 2333 2383 8248 
3 8422 8421 2345 
3 2345 8421 2364 
3 8401 2334 2348 
3 2348 2334 2354 
3 2265 3291 2335 
3 2335 3291 6312 
3 2335 6312 6311 
3 6311 6312 6313 
3 6311 6313 2336 
3 2336 6313 8369 
3 2336 8369 8353 
3 8353 8369 8354 
3 2337 3226 2276 
3 2276 3226 3224 
3 2276 3224 2338 
3 2338 3224 3223 
3 2338 3223 3222 
3 3222 3223 6300 
3 3222 6300 2339 
3 2339 6300 8299 
3 2339 8299 2341 
3 2341 8299 2340 
3 2341 2340 8279 
3 3206 3205 2342 
3 2342 3205 2343 
3 2342 2343 3204 
3 3204 2343 6298 
3 3204 6298 8264 
3 8264 6298 8276 
3 8264 8276 8265 
3 2344 2317 2345 
3 2345 2317 2346 
3 2345 2346 8422 
3 2303 8405 8393 
3 8393 8405 2347 
3 8393 2347 2348 
3 2348 2347 2349 
3 2348 2349 8401 
3 2312 2351 2350 
3 2350 2351 3239 
3 2350 3239 3237 
3 3237 3239 8315 
3 3237 8315 8300 
3 8300 8315 2393 
3 8300 2393 2394 
3 2352 8240 8242 
3 8242 8240 8237 
3 8242 8237 8245 
3 8245 8237 2355 
3 2355 8237 8236 
3 2355 8236 2353 
3 2361 8430 2363 
3 2354 8398 2348 
3 2348 8398 8394 
3 2348 8394 8396 
3 8345 8344 8333 
3 8333 8344 8342 
3 8333 8342 2381 
3 2353 2356 2355 
3 2355 2356 2357 
3 2355 2357 2315 
3 2310 2358 8427 
3 8427 2358 2359 
3 8427 2359 2376 
3 2376 2359 2360 
3 2376 2360 8442 
3 2361 2363 2362 
3 2362 2363 8433 
3 2362 8433 2376 
3 2364 8416 2345 
3 2345 8416 8415 
3 2345 8415 2365 
3 2365 8415 8409 
3 8385 8383 8387 
3 8387 8383 8381 
3 8387 8381 2366 
3 2366 8381 8389 
3 8389 8381 2367 
3 8389 2367 8372 
3 2368 8326 8327 
3 8327 8326 2369 
3 8327 2369 8329 
3 8329 2369 2328 
3 2328 2369 2370 
3 2328 2370 8323 
3 2371 2372 2391 
3 8258 2373 8259 
3 8259 2373 2374 
3 8259 2374 8260 
3 8260 2374 2383 
3 2383 2374 2375 
3 2383 2375 2382 
3 8442 8440 2376 
3 2376 8440 8438 
3 2376 8438 2362 
3 8372 8379 8389 
3 8389 8379 8376 
3 8389 8376 8375 
3 2248 3274 2247 
3 2247 3274 2377 
3 2247 2377 3272 
3 3272 2377 8350 
3 3272 8350 2378 
3 2378 8350 2379 
3 2378 2379 2380 
3 2380 2379 8349 
3 2380 8349 8333 
3 8333 8349 8346 
3 8333 8346 8345 
3 2381 8339 8333 
3 8333 8339 8336 
3 8333 8336 8335 
3 8323 8319 2328 
3 2328 8319 8321 
3 2328 8321 2330 
3 2382 8250 2383 
3 2383 8250 8252 
3 2383 8252 8248 
3 8367 8363 8368 
3 8368 8363 2384 
3 8368 2384 2385 
3 2385 2384 8369 
3 8369 2384 8361 
3 8369 8361 8358 
3 8290 8289 2398 
3 2398 8289 2397 
3 8265 8276 2391 
3 2391 8276 2386 
3 2391 2386 2371 
3 8358 2387 8369 
3 8369 2387 8356 
3 8369 8356 8354 
3 8311 8309 8301 
3 8301 8309 8308 
3 2340 8296 8279 
3 8279 8296 8294 
3 8279 8294 2398 
3 2398 8294 2388 
3 2398 2388 8290 
3 2389 2392 2390 
3 2390 2392 8272 
3 2372 8274 2391 
3 2391 8274 8272 
3 2391 8272 8268 
3 8268 8272 2392 
3 2393 2395 2394 
3 2394 2395 2396 
3 2394 2396 8301 
3 8301 2396 8313 
3 8301 8313 8311 
3 2397 8285 2398 
3 2398 8285 8283 
3 2398 8283 2399 
3 8308 8305 8301 
3 8301 8305 8303 
3 8301 8303 2400 
3 2405 330 2512 
3 2401 2418 351 
3 2401 351 2402 
3 2402 351 2403 
3 2402 2403 4839 
3 4839 2403 2512 
3 2512 2403 2404 
3 2512 2404 2405 
3 330 329 2512 
3 2512 329 328 
3 2512 328 325 
3 354 352 2406 
3 2406 352 2407 
3 2406 2407 2408 
3 2408 2409 2406 
3 2406 2409 2410 
3 2406 2410 2411 
3 2411 2412 2406 
3 2406 2412 335 
3 2406 335 337 
3 337 2413 2406 
3 2406 2413 2414 
3 2406 2414 2415 
3 2415 2414 2416 
3 2415 2416 4859 
3 2417 347 2418 
3 2416 342 4859 
3 4859 342 343 
3 4859 343 2418 
3 2418 343 344 
3 2418 344 2417 
3 347 348 2418 
3 2418 348 350 
3 2418 350 351 
3 2420 2432 2419 
3 2432 2420 2423 
3 2419 2421 2420 
3 2420 2421 2422 
3 2420 2422 2423 
3 2423 2422 2424 
3 2423 2424 2406 
3 2406 2424 2425 
3 2406 2425 354 
3 2426 2437 320 
3 320 2437 831 
3 2426 2427 2437 
3 2437 2427 2428 
3 2437 2428 317 
3 317 316 2437 
3 2437 316 312 
3 2437 312 306 
3 306 307 2437 
3 2437 307 2429 
3 2437 2429 304 
3 304 302 2437 
3 2437 302 301 
3 2437 301 2430 
3 2430 295 2437 
3 2437 295 299 
3 2437 299 2431 
3 2431 286 2437 
3 2437 286 294 
3 2437 294 2435 
3 2423 4863 2432 
3 2432 4863 4862 
3 2432 4862 288 
3 288 4862 4873 
3 2433 2438 4873 
3 4873 2438 2434 
3 4873 2434 288 
3 2435 2436 2437 
3 2437 2436 2438 
3 2437 2438 4584 
3 4584 2438 2433 
3 4889 4906 2439 
3 4889 2439 4890 
3 4890 2439 4887 
3 4887 2439 829 
3 4887 829 2437 
3 2437 829 828 
3 2437 828 831 
3 4906 2443 2446 
3 2446 1105 4906 
3 4906 1105 1103 
3 4906 1103 1102 
3 1102 1098 4906 
3 4906 1098 830 
3 4906 830 2439 
3 2447 2441 2440 
3 1107 2445 2441 
3 2441 2445 2442 
3 2441 2442 2440 
3 2443 2444 2446 
3 2446 2444 2445 
3 2446 2445 1109 
3 1109 2445 1107 
3 2440 4925 2447 
3 2447 4925 2449 
3 2447 2449 2448 
3 2448 2449 4926 
3 2448 4926 2453 
3 2453 4926 2450 
3 2453 2450 2451 
3 2451 2452 2453 
3 2453 2452 2454 
3 2453 2454 1133 
3 1133 2454 4582 
3 1133 4582 1137 
3 1140 2455 4952 
3 4952 2455 1134 
3 4952 1134 4940 
3 4940 1134 2456 
3 4940 2456 4951 
3 4951 2456 1137 
3 4951 1137 2457 
3 2457 1137 4582 
3 2458 1141 2459 
3 2458 2459 2462 
3 2459 2460 2461 
3 2461 824 2459 
3 2459 824 1145 
3 2459 1145 2462 
3 4952 2463 1140 
3 1140 2463 2464 
3 1140 2464 1141 
3 1141 2464 4967 
3 1141 4967 2459 
3 2459 2465 2460 
3 2460 2465 4581 
3 2460 4581 2466 
3 2466 4581 2467 
3 2466 2467 825 
3 2485 2468 2478 
3 2478 2468 890 
3 2478 890 2469 
3 2469 2470 2478 
3 2478 2470 2471 
3 2478 2471 886 
3 886 2472 2478 
3 2478 2472 885 
3 2478 885 884 
3 884 2473 2478 
3 2478 2473 2474 
3 2478 2474 881 
3 881 2475 2478 
3 2478 2475 894 
3 2478 894 896 
3 896 898 2478 
3 2478 898 899 
3 2478 899 2476 
3 2476 2477 2478 
3 2478 2477 2479 
3 2478 2479 904 
3 904 2480 2478 
3 2478 2480 905 
3 2478 905 2481 
3 2481 907 2478 
3 2478 907 2482 
3 2478 2482 2485 
3 2485 2482 908 
3 2467 2483 825 
3 825 2483 4977 
3 825 4977 2484 
3 2484 4976 825 
3 825 4976 2485 
3 825 2485 910 
3 910 2485 908 
3 2491 2486 4974 
3 4974 2486 2485 
3 4974 2485 4975 
3 4975 2485 4976 
3 2489 2491 2490 
3 4997 3135 2487 
3 2487 3135 2489 
3 2487 2489 2488 
3 2488 2489 2490 
3 2489 2492 2491 
3 2491 2492 3139 
3 2491 3139 2493 
3 2493 2494 2491 
3 2491 2494 3142 
3 2491 3142 3144 
3 3144 2495 2491 
3 2491 2495 2496 
3 2491 2496 3147 
3 3147 2497 2491 
3 2491 2497 2498 
3 2491 2498 2486 
3 3131 2499 2503 
3 2503 2499 2501 
3 2503 2501 2500 
3 2500 2501 3135 
3 2500 3135 2502 
3 2502 3135 4997 
3 3131 2503 2509 
3 2509 2503 4996 
3 2509 4996 2504 
3 2250 8227 2506 
3 2505 2506 8218 
3 8218 2506 8220 
3 2505 2507 2506 
3 2506 2507 8216 
3 2506 8216 8212 
3 2508 8222 2506 
3 2506 8222 8221 
3 2506 8221 8220 
3 8227 8226 2506 
3 2506 8226 8225 
3 2506 8225 2508 
3 2504 2280 2509 
3 2509 2280 2250 
3 2509 2250 2510 
3 2510 2250 2506 
3 2510 2506 8210 
3 8210 2506 8212 
3 4837 2511 832 
3 325 323 2512 
3 2512 323 832 
3 2512 832 4840 
3 4840 832 2511 
3 2514 1152 2513 
3 2513 1148 2514 
3 2514 1148 2515 
3 2514 2515 2516 
3 2516 2517 2514 
3 2514 2517 2518 
3 2514 2518 836 
3 1160 1158 2514 
3 1160 2514 2519 
3 1158 1157 2514 
3 2514 1157 1155 
3 2514 1155 1152 
3 832 833 836 
3 836 833 2520 
3 836 2520 2514 
3 2514 2520 2521 
3 2514 2521 2519 
3 832 836 4837 
3 4837 836 835 
3 4837 835 2523 
3 610 607 5147 
3 860 2563 664 
3 664 2563 665 
3 600 2522 2523 
3 2523 2522 596 
3 2523 596 2524 
3 2525 2565 2526 
3 404 2560 2557 
3 835 2527 2523 
3 2523 2527 2528 
3 2523 2528 600 
3 2580 2529 2530 
3 2530 2529 547 
3 2530 547 5075 
3 2539 2526 2531 
3 2531 2526 5074 
3 2531 5074 2552 
3 623 622 5148 
3 5148 622 621 
3 5148 621 2532 
3 610 5147 2533 
3 2533 5147 5148 
3 2533 5148 614 
3 566 565 5147 
3 5147 565 2534 
3 5147 2534 2535 
3 2525 2526 2553 
3 2536 668 2563 
3 2563 668 666 
3 2563 666 665 
3 2597 624 580 
3 580 624 623 
3 580 623 582 
3 582 623 5148 
3 582 5148 2537 
3 2537 5148 2545 
3 2537 2545 585 
3 2535 559 5147 
3 5147 559 556 
3 5147 556 5075 
3 5075 556 555 
3 5075 555 2530 
3 497 2538 2539 
3 2532 2540 5148 
3 5148 2540 616 
3 5148 616 614 
3 2551 537 5075 
3 5075 537 533 
3 5075 533 532 
3 521 518 5075 
3 5075 518 517 
3 5075 517 514 
3 454 451 2541 
3 437 2588 439 
3 439 2588 2569 
3 439 2569 2542 
3 2575 374 2557 
3 2543 361 684 
3 684 361 360 
3 684 360 2544 
3 2524 592 2523 
3 2523 592 589 
3 2523 589 2545 
3 2545 589 588 
3 2545 588 585 
3 2604 2546 605 
3 605 2546 573 
3 605 573 607 
3 607 573 570 
3 607 570 5147 
3 5147 570 569 
3 5147 569 566 
3 547 2547 5075 
3 5075 2547 2548 
3 5075 2548 545 
3 521 5075 2549 
3 2549 5075 532 
3 2549 532 525 
3 454 2541 2595 
3 545 541 5075 
3 5075 541 2550 
3 5075 2550 2551 
3 514 512 5075 
3 5075 512 509 
3 5075 509 5074 
3 5074 509 507 
3 5074 507 2552 
3 2587 487 2526 
3 2526 487 486 
3 2526 486 2553 
3 486 483 2553 
3 2553 483 482 
3 2553 482 479 
3 479 482 2554 
3 451 450 2541 
3 2541 450 449 
3 2541 449 447 
3 2556 2588 428 
3 2620 418 422 
3 422 418 2571 
3 422 2571 2555 
3 416 413 2556 
3 2556 413 410 
3 404 2557 406 
3 406 2557 2556 
3 406 2556 2592 
3 842 2558 2559 
3 2559 2558 397 
3 2559 397 2560 
3 2560 397 2561 
3 2560 2561 2557 
3 681 2562 2557 
3 2557 2562 676 
3 2557 676 2563 
3 2563 676 673 
3 2563 673 2576 
3 2538 2564 2539 
3 2539 2564 495 
3 2539 495 2526 
3 2526 495 493 
3 2526 493 2585 
3 2565 2566 2526 
3 2526 2566 474 
3 2526 474 472 
3 472 471 2526 
3 2526 471 2567 
3 2526 2567 2541 
3 2541 2567 468 
3 2541 468 2595 
3 447 445 2541 
3 2541 445 2568 
3 2541 2568 2588 
3 2588 2568 444 
3 2588 444 2569 
3 437 434 2588 
3 2588 434 2570 
3 2588 2570 431 
3 2571 416 2555 
3 2555 416 2556 
3 2555 2556 2572 
3 2572 2556 428 
3 2573 383 2557 
3 2557 383 2574 
3 2557 2574 2575 
3 2575 2574 380 
3 2575 380 2632 
3 2576 2577 2563 
3 2563 2577 2578 
3 2563 2578 2536 
3 2530 2579 2580 
3 2580 2579 549 
3 2580 549 2581 
3 2581 549 2583 
3 2581 2583 2582 
3 2582 2583 2584 
3 2582 2584 2625 
3 2585 2586 2526 
3 2526 2586 489 
3 2526 489 2587 
3 431 430 2588 
3 2588 430 2589 
3 2588 2589 428 
3 410 2590 2556 
3 2556 2590 2591 
3 2556 2591 2592 
3 2561 393 2557 
3 2557 393 391 
3 2557 391 2593 
3 468 2594 2595 
3 2595 2594 2596 
3 2595 2596 459 
3 459 2596 461 
3 2593 389 2557 
3 2557 389 387 
3 2557 387 2573 
3 374 373 2557 
3 2557 373 372 
3 2557 372 369 
3 681 2557 684 
3 684 2557 366 
3 684 366 2543 
3 580 577 2597 
3 2597 577 2598 
3 2597 2598 627 
3 627 2598 1369 
3 627 1369 1354 
3 1354 1369 2611 
3 1354 2611 1355 
3 1355 2611 1357 
3 2569 2599 2542 
3 2542 2599 2600 
3 2542 2600 440 
3 440 2600 2601 
3 440 2601 846 
3 846 2601 2618 
3 846 2618 2616 
3 369 2602 2557 
3 2557 2602 2603 
3 2557 2603 366 
3 605 603 2604 
3 2604 603 1352 
3 2604 1352 1338 
3 1338 1352 1350 
3 1338 1350 2605 
3 2605 1350 1339 
3 2584 1336 2625 
3 2625 1336 1335 
3 2625 1335 2606 
3 482 481 2554 
3 2554 481 2607 
3 2554 2607 848 
3 848 2607 2608 
3 848 2608 2626 
3 360 357 2544 
3 2544 357 2609 
3 2544 2609 686 
3 686 2609 2610 
3 686 2610 1162 
3 1162 2610 1178 
3 1162 1178 2646 
3 1301 1299 1315 
3 2611 2612 1357 
3 1357 2612 2613 
3 1357 2613 1367 
3 2539 500 497 
3 497 500 2614 
3 497 2614 499 
3 499 2614 2615 
3 499 2615 850 
3 850 2615 1297 
3 850 1297 1281 
3 1281 1297 1294 
3 1281 1294 1293 
3 2616 2618 2617 
3 2617 2618 2619 
3 2617 2619 1230 
3 422 2621 2620 
3 2620 2621 2622 
3 2620 2622 420 
3 420 2622 1227 
3 420 1227 2623 
3 2623 1227 1226 
3 2623 1226 2662 
3 1350 1349 1339 
3 1339 1349 2624 
3 1339 2624 1348 
3 2606 1332 2625 
3 2625 1332 1331 
3 2625 1331 1328 
3 1315 1299 1316 
3 2626 2608 2627 
3 2627 2608 2659 
3 2627 2659 1264 
3 1176 2628 2657 
3 1328 1323 2625 
3 2625 1323 1325 
3 2625 1325 2629 
3 2629 1325 1327 
3 532 530 525 
3 525 530 2630 
3 525 2630 854 
3 854 2630 1320 
3 854 1320 2631 
3 2631 1320 1318 
3 2631 1318 1299 
3 1299 1318 1317 
3 1299 1317 1316 
3 380 377 2632 
3 2632 377 2633 
3 2632 2633 837 
3 837 2633 2635 
3 837 2635 2634 
3 2634 2635 2636 
3 2634 2636 1182 
3 1182 2636 1194 
3 1182 1194 1183 
3 1367 1364 1357 
3 1357 1364 1362 
3 1357 1362 1361 
3 1361 2637 1357 
3 1357 2637 1359 
3 1357 1359 1358 
3 1293 2638 1281 
3 1281 2638 2639 
3 1281 2639 1291 
3 1291 1290 1281 
3 1281 1290 1288 
3 1281 1288 1283 
3 1283 1288 1285 
3 1283 1285 1287 
3 2653 1238 1236 
3 2654 2640 2619 
3 2619 2640 1229 
3 2619 1229 1230 
3 2641 2642 1195 
3 2642 1205 1195 
3 1195 1205 1203 
3 1195 1203 2643 
3 2559 2644 842 
3 842 2644 1211 
3 842 1211 840 
3 840 1211 1209 
3 840 1209 2645 
3 2645 1209 2655 
3 2645 2655 1196 
3 1196 2655 2656 
3 2646 1178 2657 
3 2657 1178 1177 
3 2657 1177 1176 
3 1348 2647 1339 
3 1339 2647 2648 
3 1339 2648 2649 
3 2649 2650 1339 
3 1339 2650 1343 
3 1339 1343 1341 
3 1313 1311 1305 
3 1305 1311 1309 
3 1305 1309 1307 
3 1313 1305 1315 
3 1315 1305 2651 
3 1315 2651 1301 
3 1276 1275 1273 
3 1270 2652 2659 
3 2659 2652 1266 
3 2659 1266 1264 
3 2653 1236 2619 
3 2619 1236 1233 
3 2619 1233 2654 
3 2641 1195 2655 
3 2655 1195 1199 
3 2655 1199 2656 
3 2628 1173 2657 
3 2657 1173 1172 
3 2657 1172 2658 
3 2658 1170 2657 
3 2657 1170 1166 
3 2657 1166 1167 
3 1276 1273 2659 
3 2659 1273 1272 
3 2659 1272 1270 
3 2667 2660 2661 
3 2662 1226 2667 
3 2667 1226 2663 
3 2667 2663 1224 
3 1192 2665 2664 
3 2664 2665 1194 
3 2665 1188 1194 
3 1194 1188 1186 
3 1194 1186 1185 
3 1224 2666 2667 
3 2667 2666 1223 
3 2667 1223 2660 
3 2661 1215 2667 
3 2667 1215 1218 
3 2667 1218 2668 
3 1185 2669 1194 
3 1194 2669 2670 
3 1194 2670 1183 
3 1259 2671 2675 
3 2671 1256 2675 
3 2675 1256 1254 
3 2675 1254 1252 
3 2596 464 461 
3 461 464 2672 
3 461 2672 462 
3 462 2672 2673 
3 462 2673 847 
3 847 2673 1261 
3 847 1261 2675 
3 2675 1261 1260 
3 2675 1260 1259 
3 1250 2674 1249 
3 1249 2674 2675 
3 1249 2675 1247 
3 1247 2675 1252 
3 5535 2749 2750 
3 3366 2680 5422 
3 5422 2676 3366 
3 3366 2676 2677 
3 3366 2677 2678 
3 2678 2677 2687 
3 2678 2687 2679 
3 3366 3364 2680 
3 2680 3364 3359 
3 2680 3359 3357 
3 2681 3379 2689 
3 3379 2682 2689 
3 2689 2682 2683 
3 2689 2683 3374 
3 3374 3375 2689 
3 2689 3375 2684 
3 2689 2684 5154 
3 5154 2684 2685 
3 5154 2685 2686 
3 2686 2685 3370 
3 2686 3370 2687 
3 2687 3370 2688 
3 2687 2688 2679 
3 2681 2689 2690 
3 2690 2689 2691 
3 2690 2691 2108 
3 2691 5433 2108 
3 2108 5433 2692 
3 2108 2692 2693 
3 2693 2692 2701 
3 2693 2701 2694 
3 2694 2701 2695 
3 925 926 2698 
3 2698 926 2696 
3 2698 2696 929 
3 929 932 2698 
3 2698 932 934 
3 2698 934 936 
3 936 937 2698 
3 2698 937 911 
3 2698 911 939 
3 939 2697 2698 
3 2698 2697 940 
3 2698 940 2699 
3 2699 943 2698 
3 2698 943 2700 
3 2698 2700 2702 
3 2695 2701 2702 
3 2702 2701 5442 
3 2702 5442 2698 
3 2698 913 919 
3 919 917 2698 
3 2698 917 916 
3 2698 916 921 
3 921 2703 2698 
3 2698 2703 2704 
3 2698 2704 925 
3 2705 2706 5459 
3 5459 2706 2707 
3 5459 2707 5153 
3 5153 2707 5441 
3 2707 2708 5441 
3 5441 2708 2709 
3 5441 2709 2698 
3 2698 2709 2710 
3 2698 2710 913 
3 2711 5460 2713 
3 2713 5460 2712 
3 2713 2712 34 
3 34 2712 5473 
3 2711 2713 2705 
3 2705 2713 38 
3 2705 38 40 
3 40 41 2705 
3 2705 41 43 
3 2705 43 2706 
3 17 2714 5473 
3 5473 2714 35 
3 5473 35 34 
3 2715 2716 2717 
3 2717 2716 31 
3 2717 31 2718 
3 2718 31 2719 
3 2718 2719 5472 
3 5472 2719 5473 
3 5473 2719 2720 
3 5473 2720 17 
3 2717 5151 2715 
3 2715 5151 2721 
3 2715 2721 2722 
3 2721 5491 2722 
3 2722 5491 5501 
3 2722 5501 2724 
3 2724 5501 2723 
3 2724 2723 25 
3 2737 2736 2725 
3 2723 5500 25 
3 25 5500 5150 
3 25 5150 2726 
3 2726 5150 5517 
3 2726 5517 26 
3 26 5517 2730 
3 2725 2727 2737 
3 2737 2727 2728 
3 2737 2728 2729 
3 2729 2728 2730 
3 2729 2730 2731 
3 2731 2730 5517 
3 2732 5533 10 
3 10 5533 14 
3 2732 2733 5533 
3 5533 2733 19 
3 5533 19 2734 
3 2734 2735 5533 
3 5533 2735 2738 
3 5533 2738 2740 
3 2736 2737 21 
3 21 2737 5149 
3 21 5149 2738 
3 2738 5149 2739 
3 2738 2739 2740 
3 14 5533 2750 
3 2750 5533 5532 
3 2750 5532 5535 
3 2747 133 2744 
3 2744 133 132 
3 2744 132 128 
3 128 127 2744 
3 2744 127 130 
3 2744 130 126 
3 126 125 2744 
3 2744 125 122 
3 2744 122 121 
3 121 2741 2744 
3 2744 2741 120 
3 2744 120 118 
3 118 2742 2744 
3 2744 2742 2743 
3 2744 2743 106 
3 106 108 2744 
3 2744 108 110 
3 2744 110 111 
3 111 112 2744 
3 2744 112 2745 
3 2744 2745 2746 
3 2746 102 2744 
3 2744 102 103 
3 2744 103 2747 
3 2747 103 97 
3 2747 97 98 
3 2748 11 2749 
3 2749 11 12 
3 2749 12 2750 
3 2748 2751 11 
3 11 2751 2747 
3 11 2747 2752 
3 2752 2747 98 
3 2751 2753 2747 
3 2747 2753 2758 
3 2747 2758 2756 
3 2754 2773 2755 
3 2755 2773 2756 
3 2755 2756 2757 
3 2757 2756 2758 
3 640 639 2760 
3 2760 639 2759 
3 2759 2761 2760 
3 2760 2761 643 
3 2760 643 645 
3 2762 653 2754 
3 645 647 2760 
3 2760 647 2764 
3 2760 2764 2763 
3 2763 2764 2765 
3 2763 2765 2766 
3 2766 2765 648 
3 2766 648 2768 
3 2768 648 2767 
3 2768 2767 2754 
3 2754 2767 652 
3 2754 652 2762 
3 653 654 2754 
3 2754 654 2769 
3 2754 2769 2770 
3 2770 657 2754 
3 2754 657 2771 
3 2754 2771 2772 
3 2772 661 2754 
3 2754 661 660 
3 2754 660 2773 
3 2783 628 2781 
3 2781 628 2774 
3 2781 2774 629 
3 629 634 2781 
3 2781 634 2775 
3 2781 2775 632 
3 640 2760 2776 
3 2776 2760 2777 
3 2776 2777 632 
3 632 2777 2778 
3 632 2778 2781 
3 2780 2779 1375 
3 1375 1374 2780 
3 2780 1374 1372 
3 2780 1372 2781 
3 2781 1372 2782 
3 2781 2782 2783 
3 2789 1380 1377 
3 1377 1371 2789 
3 2789 1371 2784 
3 2789 2784 2780 
3 2780 2784 2785 
3 2780 2785 2779 
3 2563 860 2789 
3 2789 860 2786 
3 2789 2786 1388 
3 2787 2788 2789 
3 2789 2788 2790 
3 2789 2790 1380 
3 1388 1386 2789 
3 2789 1386 1384 
3 2789 1384 2787 
3 2791 2792 2793 
3 2793 2792 8447 
3 8460 8458 2793 
3 2793 8458 8456 
3 8456 8454 2793 
3 2793 8454 8452 
3 2793 8452 2791 
3 8447 8448 2793 
3 2793 8448 8450 
3 2793 8450 8445 
3 5402 5404 8445 
3 8445 5404 2794 
3 8445 2794 2793 
3 2793 2794 8462 
3 2793 8462 8460 
3 3357 2795 2680 
3 2680 2795 6322 
3 2680 6322 2794 
3 2794 6322 2796 
3 2794 2796 2797 
3 2797 8467 2794 
3 2794 8467 8464 
3 2794 8464 8462 
3 8445 6325 5402 
3 5402 6325 2251 
3 5402 2251 2798 
3 1516 1525 2840 
3 1516 2840 2801 
3 2799 2800 2841 
3 2841 2800 1540 
3 2841 1540 2801 
3 2845 1551 2844 
3 2844 1551 2802 
3 2844 2802 1552 
3 1549 2849 2804 
3 2804 2849 2803 
3 2854 2855 2803 
3 2803 2855 1548 
3 2803 1548 2804 
3 1546 2805 1574 
3 1574 2805 2806 
3 1574 2806 2809 
3 2809 2806 2808 
3 2807 1578 2853 
3 2853 1578 1557 
3 2853 1557 2808 
3 2808 1557 1566 
3 2808 1566 2809 
3 1600 1584 2810 
3 2810 1584 1591 
3 2810 1591 2811 
3 2811 1591 1594 
3 2811 1594 2807 
3 2807 1594 2812 
3 2807 2812 1578 
3 2825 1598 1600 
3 1598 2825 1624 
3 1624 2825 2824 
3 1624 2824 2813 
3 2813 2824 2818 
3 2813 2818 1617 
3 1617 2818 1616 
3 1616 2818 2819 
3 1616 2819 2814 
3 9885 2814 2815 
3 2815 2814 2819 
3 2815 2819 2816 
3 2816 2819 5704 
3 2816 5704 2817 
3 5613 5707 2818 
3 2818 5707 5706 
3 2818 5706 2819 
3 2819 5706 5705 
3 2819 5705 5704 
3 5613 2818 2820 
3 2820 2818 2824 
3 2820 2824 5703 
3 2821 5698 2825 
3 2825 5698 2822 
3 2825 2822 2824 
3 2824 2822 2823 
3 2824 2823 5703 
3 1600 2810 2825 
3 2825 2810 5699 
3 2825 5699 2821 
3 5615 5702 2811 
3 2811 5702 5700 
3 2811 5700 2810 
3 2810 5700 2826 
3 2810 2826 5699 
3 5615 2811 5616 
3 5616 2811 2807 
3 5616 2807 5694 
3 2851 5690 2853 
3 2853 5690 2827 
3 2853 2827 2807 
3 2807 2827 5695 
3 2807 5695 5694 
3 2850 2852 5693 
3 5693 2852 2828 
3 5693 2828 5687 
3 5687 2828 5688 
3 5688 2828 2830 
3 2830 2828 2829 
3 2830 2829 5682 
3 2848 5684 2854 
3 2854 5684 2829 
3 2829 5684 5683 
3 2829 5683 5682 
3 5686 2831 2832 
3 2832 2831 2833 
3 2832 2833 2834 
3 2834 2833 5681 
3 5681 2833 2835 
3 2835 2833 2845 
3 2835 2845 2836 
3 2838 2837 5677 
3 2843 2838 2799 
3 2799 2838 5677 
3 2799 5677 2846 
3 2846 5677 2839 
3 2846 2839 2847 
3 2801 2840 2841 
3 2841 2840 2967 
3 2841 2967 2799 
3 2799 2967 2842 
3 2799 2842 2843 
3 1552 2800 2844 
3 2844 2800 2799 
3 2844 2799 2845 
3 2845 2799 2846 
3 2845 2846 2836 
3 2836 2846 2847 
3 5686 2848 2831 
3 2831 2848 2854 
3 2831 2854 2833 
3 2833 2854 2803 
3 2833 2803 2845 
3 2845 2803 2849 
3 2845 2849 1551 
3 1551 2849 1549 
3 2850 2851 2852 
3 2852 2851 2853 
3 2852 2853 2828 
3 2828 2853 2808 
3 2828 2808 2829 
3 2829 2808 2806 
3 2829 2806 2854 
3 2854 2806 2805 
3 2854 2805 2855 
3 2855 2805 1546 
3 5628 2856 2896 
3 5640 2857 2927 
3 2858 2859 2888 
3 5662 5661 2943 
3 5666 2952 2860 
3 2861 2862 2863 
3 5674 5679 2965 
3 2965 5679 2838 
3 2838 5679 2864 
3 2838 2864 2837 
3 5674 2965 2865 
3 2865 2965 2966 
3 2865 2966 2923 
3 2862 2861 2924 
3 2924 2861 5671 
3 2924 5671 5676 
3 2955 5673 2863 
3 2863 5673 2866 
3 2863 2866 2861 
3 2871 5670 2955 
3 2955 5670 2867 
3 2955 2867 5673 
3 2872 2868 2869 
3 2869 2868 2871 
3 2869 2871 2870 
3 2870 2871 2955 
3 2872 2869 2873 
3 2873 2869 2959 
3 2873 2959 5667 
3 5667 2959 2961 
3 5667 2961 2874 
3 2874 2961 5668 
3 5668 2961 2876 
3 5668 2876 2875 
3 2875 2876 2877 
3 2875 2877 5663 
3 5663 2877 2878 
3 2878 2877 2951 
3 2878 2951 5665 
3 2860 2952 2879 
3 2879 2952 2880 
3 2879 2880 5656 
3 5656 2880 5657 
3 5657 2880 2942 
3 5657 2942 5661 
3 5655 2881 2882 
3 2882 2881 2883 
3 2882 2883 2884 
3 2883 2885 2884 
3 2884 2885 2886 
3 2884 2886 2943 
3 2943 2886 5658 
3 2943 5658 5662 
3 5648 5647 2887 
3 2887 5647 5646 
3 2887 5646 2888 
3 2888 5646 5653 
3 2888 5653 2858 
3 5650 2932 5651 
3 5651 2932 2889 
3 5651 2889 5645 
3 2935 2890 2889 
3 2889 2890 2891 
3 2889 2891 5645 
3 2934 5643 2935 
3 2935 5643 5641 
3 2935 5641 2890 
3 5640 2927 2892 
3 2892 2927 2895 
3 2892 2895 5635 
3 5633 2893 2894 
3 2894 2893 5637 
3 2894 5637 2895 
3 2895 5637 5636 
3 2895 5636 5635 
3 2896 2856 2894 
3 2894 2856 5634 
3 2894 5634 5633 
3 5628 2896 2897 
3 2897 2896 2898 
3 2897 2898 5629 
3 2929 5632 2898 
3 2898 5632 5631 
3 2898 5631 5629 
3 5969 5625 2929 
3 2929 5625 5627 
3 2929 5627 5632 
3 2970 2899 2929 
3 2929 2899 2900 
3 2929 2900 5969 
3 2905 2901 2930 
3 2930 2901 1410 
3 2930 1410 2931 
3 2906 2903 2902 
3 2902 2903 2904 
3 2902 2904 2905 
3 2905 2904 1402 
3 2905 1402 2901 
3 2909 1436 2928 
3 2928 1436 1442 
3 2928 1442 2906 
3 2906 1442 1446 
3 2906 1446 2903 
3 1452 1453 2909 
3 2909 1453 1429 
3 2909 1429 1436 
3 2937 2907 2908 
3 2909 2926 1452 
3 1452 2926 2925 
3 1452 2925 1450 
3 1450 2925 1474 
3 2908 2907 1459 
3 1459 2907 2938 
3 1459 2938 1475 
3 1475 2938 2945 
3 1475 2945 1481 
3 1487 1488 2947 
3 2947 1488 2944 
3 2911 2910 1484 
3 2951 2964 2950 
3 2950 2964 2912 
3 2950 2912 2911 
3 2911 2912 1490 
3 2911 1490 2910 
3 2921 2913 2958 
3 2958 2913 2914 
3 2958 2914 2960 
3 2960 2914 2915 
3 2960 2915 2962 
3 2962 2915 1495 
3 2962 1495 2963 
3 2963 1495 1497 
3 2922 1530 2953 
3 2953 1530 1532 
3 2953 1532 2954 
3 2954 1532 2917 
3 2954 2917 2916 
3 2916 2917 2918 
3 2916 2918 2956 
3 2956 2918 2919 
3 2956 2919 2957 
3 2957 2919 2920 
3 2957 2920 2921 
3 2921 2920 1538 
3 2921 1538 2913 
3 1526 2922 2924 
3 5676 2923 2924 
3 2924 2923 2966 
3 2924 2966 1526 
3 1526 2966 2840 
3 1526 2840 1525 
3 2908 1474 2937 
3 2937 1474 2925 
3 2937 2925 2936 
3 2936 2925 2926 
3 2936 2926 2927 
3 2927 2926 2909 
3 2927 2909 2895 
3 2895 2909 2928 
3 2895 2928 2894 
3 2894 2928 2906 
3 2894 2906 2896 
3 2896 2906 2902 
3 2896 2902 2898 
3 2898 2902 2905 
3 2898 2905 2929 
3 2929 2905 2930 
3 2929 2930 2970 
3 2970 2930 2931 
3 2970 2931 1720 
3 5650 5648 2932 
3 2932 5648 2887 
3 2932 2887 2939 
3 2939 2887 2888 
3 2939 2888 2940 
3 2940 2888 2859 
3 2940 2859 2933 
3 2857 5644 2927 
3 2927 5644 2934 
3 2927 2934 2936 
3 2936 2934 2935 
3 2936 2935 2937 
3 2937 2935 2889 
3 2937 2889 2907 
3 2907 2889 2932 
3 2907 2932 2938 
3 2938 2932 2939 
3 2938 2939 2945 
3 2945 2939 2940 
3 2884 2941 2882 
3 2882 2941 2940 
3 2882 2940 5655 
3 5655 2940 2933 
3 5661 2942 2943 
3 2943 2942 2949 
3 2943 2949 2884 
3 2884 2949 2947 
3 2884 2947 2941 
3 2941 2947 2944 
3 2941 2944 2940 
3 2940 2944 1479 
3 2940 1479 2945 
3 2945 1479 2946 
3 2945 2946 1481 
3 1487 2947 2948 
3 2948 2947 2949 
3 2948 2949 1484 
3 1484 2949 2942 
3 1484 2942 2911 
3 2911 2942 2880 
3 2911 2880 2950 
3 2950 2880 2952 
3 2950 2952 2951 
3 2951 2952 5666 
3 2951 5666 5665 
3 2922 2953 2924 
3 2924 2953 2954 
3 2924 2954 2862 
3 2862 2954 2916 
3 2862 2916 2863 
3 2863 2916 2956 
3 2863 2956 2955 
3 2955 2956 2957 
3 2955 2957 2870 
3 2870 2957 2921 
3 2870 2921 2869 
3 2869 2921 2958 
3 2869 2958 2959 
3 2959 2958 2960 
3 2959 2960 2961 
3 2961 2960 2962 
3 2961 2962 2876 
3 2876 2962 2963 
3 2876 2963 2877 
3 2877 2963 1497 
3 2877 1497 2951 
3 2951 1497 1500 
3 2951 1500 2964 
3 2838 2843 2965 
3 2965 2843 2842 
3 2965 2842 2966 
3 2966 2842 2967 
3 2966 2967 2840 
3 1720 1692 2970 
3 2970 1692 2968 
3 2968 2061 2970 
3 2970 2061 2969 
3 2970 2969 2971 
3 2979 1970 2984 
3 2984 1970 2972 
3 2984 2972 2973 
3 2973 2974 2984 
3 2984 2974 2975 
3 2984 2975 2976 
3 2976 2977 2984 
3 2984 2977 1972 
3 2984 1972 2978 
3 2984 5966 2979 
3 2979 5966 5996 
3 2979 5996 5994 
3 2969 2979 2971 
3 2971 2979 5994 
3 2971 5994 2900 
3 2900 5994 5972 
3 2900 5972 5969 
3 2978 1973 2980 
3 2980 1973 2028 
3 2980 2028 1974 
3 1974 1975 2980 
3 2980 1975 2981 
3 2980 2981 2014 
3 2980 2982 2978 
3 2978 2982 5962 
3 2978 5962 6006 
3 6006 2983 2978 
3 2978 2983 5965 
3 2978 5965 5999 
3 5999 5997 2978 
3 2978 5997 5968 
3 2978 5968 2984 
3 2988 2985 2986 
3 2986 2985 1976 
3 2986 1976 2987 
3 2987 1978 2986 
3 2986 1978 1979 
3 2986 1979 1980 
3 2988 6016 2985 
3 2985 6016 2989 
3 2985 2989 5963 
3 2014 1977 2980 
3 2980 1977 2985 
3 2980 2985 2990 
3 2990 2985 5963 
3 1980 1981 2986 
3 2986 1981 2991 
3 2986 2991 5960 
3 5960 2991 2995 
3 6057 1983 2992 
3 2992 1986 6057 
3 6057 1986 2993 
3 6057 2993 3039 
3 1983 6057 2991 
3 2991 6057 2994 
3 2991 2994 2995 
3 6045 6046 3042 
3 3049 3017 3050 
3 3046 6142 5979 
3 2996 6144 3046 
3 3046 6144 6143 
3 3046 6143 6142 
3 2997 2998 2996 
3 2996 2998 6226 
3 2996 6226 6144 
3 3001 2999 2997 
3 2997 2999 6141 
3 2997 6141 2998 
3 3048 3000 3001 
3 6139 3072 6138 
3 6138 3072 3002 
3 6138 3002 6257 
3 3003 6137 3002 
3 3002 6137 6258 
3 3002 6258 6257 
3 3058 3005 3003 
3 3003 3005 6136 
3 3003 6136 6137 
3 3056 3008 3058 
3 3058 3008 6132 
3 6132 6131 3058 
3 3058 6131 3004 
3 3058 3004 3005 
3 3055 3006 3056 
3 3056 3006 3007 
3 3056 3007 3008 
3 6126 3009 3010 
3 3010 3009 6128 
3 3010 6128 3053 
3 3053 6128 6129 
3 3053 6129 3055 
3 3055 6129 6130 
3 3055 6130 3006 
3 6126 3010 3011 
3 3011 3010 3012 
3 3011 3012 6123 
3 6123 3012 3013 
3 3013 3012 3014 
3 3013 3014 6122 
3 6122 3014 3015 
3 3015 3014 3050 
3 3015 3050 6121 
3 6121 3050 3016 
3 3016 3050 3017 
3 3016 3017 3106 
3 3061 3019 3018 
3 3018 3019 3020 
3 3021 3022 1992 
3 1992 3022 3062 
3 1992 3062 2049 
3 2049 3062 1991 
3 1991 3062 3025 
3 1991 3025 3023 
3 3023 3025 3024 
3 3024 3025 3064 
3 3024 3064 3026 
3 3026 3064 3027 
3 3027 3064 3065 
3 3027 3065 1990 
3 1990 3065 1968 
3 1968 3065 3066 
3 1968 3066 3028 
3 3028 3066 2018 
3 2018 3066 3029 
3 2018 3029 3030 
3 3030 3029 1988 
3 1988 3029 3031 
3 1988 3031 3032 
3 3032 3031 3033 
3 3033 3031 3068 
3 3033 3068 3034 
3 3034 3068 3035 
3 3035 3068 3037 
3 3035 3037 3036 
3 3036 3037 1987 
3 1987 3037 3038 
3 1987 3038 3040 
3 3039 3040 5989 
3 5989 3040 3038 
3 5989 3038 5990 
3 5990 3038 3042 
3 5990 3042 5991 
3 5991 3042 6046 
3 6045 3042 3041 
3 3041 3042 3070 
3 3041 3070 5985 
3 5987 3044 3043 
3 3043 3044 5988 
3 5988 3044 5981 
3 5981 3044 2997 
3 5981 2997 5982 
3 5982 2997 2996 
3 5982 2996 5983 
3 5979 3045 3046 
3 3046 3045 3047 
3 3046 3047 2996 
3 2996 3047 5984 
3 2996 5984 5983 
3 3001 2997 3048 
3 3048 2997 3044 
3 3048 3044 3070 
3 3070 3044 5987 
3 3070 5987 5985 
3 3020 3049 3018 
3 3018 3049 3050 
3 3018 3050 3063 
3 3063 3050 3014 
3 3063 3014 3051 
3 3051 3014 3012 
3 3051 3012 3052 
3 3052 3012 3010 
3 3052 3010 3067 
3 3067 3010 3053 
3 3067 3053 3054 
3 3054 3053 3055 
3 3054 3055 3057 
3 3057 3055 3056 
3 3057 3056 3059 
3 3059 3056 3058 
3 3059 3058 3069 
3 3069 3058 3003 
3 3069 3003 3060 
3 3060 3003 3002 
3 3060 3002 3071 
3 3071 3002 3072 
3 3022 3061 3062 
3 3062 3061 3018 
3 3062 3018 3025 
3 3025 3018 3063 
3 3025 3063 3064 
3 3064 3063 3051 
3 3064 3051 3065 
3 3065 3051 3052 
3 3065 3052 3066 
3 3066 3052 3067 
3 3066 3067 3029 
3 3029 3067 3054 
3 3029 3054 3031 
3 3031 3054 3057 
3 3031 3057 3068 
3 3068 3057 3059 
3 3068 3059 3037 
3 3037 3059 3069 
3 3037 3069 3038 
3 3038 3069 3060 
3 3038 3060 3042 
3 3042 3060 3071 
3 3042 3071 3070 
3 3070 3071 3072 
3 3070 3072 3048 
3 3048 3072 6139 
3 3048 6139 3000 
3 3126 3 3124 
3 3073 2 6109 
3 6119 3074 8 
3 3077 70 68 
3 68 65 3077 
3 3077 65 64 
3 3077 64 3075 
3 3075 3076 3077 
3 3077 3076 62 
3 3077 62 3078 
3 3078 62 3079 
3 3078 3079 3080 
3 3080 3079 3081 
3 3080 3081 2000 
3 2000 3081 3082 
3 2000 3082 1999 
3 1999 3082 75 
3 1999 75 3083 
3 3083 75 74 
3 3083 74 1996 
3 1996 74 73 
3 1996 73 3084 
3 3084 73 3085 
3 3084 3085 3086 
3 3086 3085 16 
3 3086 16 3087 
3 3087 16 15 
3 3087 15 3088 
3 86 3089 58 
3 61 2090 58 
3 58 2090 2096 
3 58 2096 86 
3 3092 3096 72 
3 3077 3090 70 
3 70 3090 3091 
3 70 3091 72 
3 72 3091 2002 
3 72 2002 3092 
3 3093 3099 3101 
3 3101 2103 3093 
3 3093 2103 3094 
3 3093 3094 3095 
3 3095 3094 2090 
3 3095 2090 3092 
3 3092 2090 61 
3 3092 61 3096 
3 3102 2077 3097 
3 3097 2077 3098 
3 3097 3098 3099 
3 3099 3098 3100 
3 3099 3100 3101 
3 3102 3103 2077 
3 2077 3103 2006 
3 2077 2006 2071 
3 2071 2006 1699 
3 3022 3104 3061 
3 3061 3104 3019 
3 3022 3021 3104 
3 3104 3021 1994 
3 3104 1994 15 
3 15 1994 1995 
3 15 1995 3088 
3 3107 6268 3105 
3 3105 6268 6120 
3 3105 6120 3106 
3 3106 3017 3105 
3 3105 3017 3049 
3 3105 3049 3104 
3 3104 3049 3020 
3 3104 3020 3019 
3 3107 3105 6116 
3 6116 3105 3108 
3 6116 3108 6117 
3 6117 3108 6119 
3 6119 3108 3109 
3 6119 3109 3074 
3 6115 3110 7 
3 7 3110 6114 
3 7 6114 8 
3 8 6114 3111 
3 8 3111 6119 
3 3117 3112 6 
3 6 3112 6113 
3 6 6113 7 
3 7 6113 3113 
3 7 3113 6115 
3 6109 3114 3073 
3 3073 3114 3115 
3 3073 3115 5 
3 5 3115 3116 
3 5 3116 3117 
3 3117 3116 6111 
3 3117 6111 3112 
3 3126 3118 0 
3 0 3118 6106 
3 0 6106 1 
3 1 6106 6107 
3 1 6107 2 
3 2 6107 3119 
3 2 3119 6109 
3 3120 3121 3122 
3 3122 3121 3123 
3 3122 3123 3124 
3 3124 3123 6105 
3 3124 6105 3126 
3 3126 6105 3125 
3 3126 3125 3118 
3 6181 6103 1965 
3 1965 6103 3127 
3 1965 3127 3122 
3 3122 3127 3128 
3 3122 3128 3120 
3 3129 6099 3130 
3 3130 6099 6101 
3 3130 6101 1965 
3 1965 6101 6180 
3 1965 6180 6181 
3 3131 8208 3132 
3 3131 3132 2499 
3 2499 3132 3133 
3 2499 3133 2501 
3 3133 3134 2501 
3 2501 3134 8206 
3 2501 8206 3135 
3 3135 8206 8205 
3 3135 8205 2489 
3 2489 8205 8200 
3 2489 8200 2492 
3 8200 3136 2492 
3 2492 3136 3137 
3 2492 3137 3139 
3 3137 3138 3139 
3 3139 3138 3140 
3 3139 3140 2493 
3 3140 8199 2493 
3 2493 8199 8481 
3 2493 8481 2494 
3 8481 6330 2494 
3 2494 6330 3141 
3 2494 3141 3142 
3 3141 6329 3142 
3 3142 6329 3143 
3 3142 3143 3144 
3 3143 6334 3144 
3 3144 6334 6328 
3 3144 6328 2495 
3 2495 6328 3145 
3 2495 3145 2496 
3 2496 3145 3146 
3 2496 3146 3147 
3 3147 3146 2497 
3 2497 3146 6343 
3 2497 6343 2498 
3 9716 6294 3148 
3 9716 3148 3149 
3 3149 3148 3150 
3 3149 3150 3151 
3 3151 3150 3152 
3 3151 3152 9754 
3 9754 3152 9887 
3 9887 3152 3154 
3 9887 3154 9888 
3 9888 3154 3153 
3 3153 3154 3155 
3 3153 3155 9864 
3 9864 3155 9865 
3 9865 3155 3156 
3 9865 3156 9883 
3 9883 3156 3157 
3 3157 3156 3158 
3 3157 3158 9874 
3 9874 3158 3159 
3 3159 3158 3161 
3 3159 3161 3160 
3 3160 3161 3162 
3 3162 3161 3163 
3 3162 3163 9891 
3 9891 3163 3164 
3 3164 3163 2279 
3 3164 2279 9890 
3 9890 2279 2307 
3 9890 2307 9737 
3 9737 2307 2314 
3 9737 2314 9736 
3 9736 2314 3165 
3 9736 3165 3166 
3 3167 6296 3168 
3 3167 3168 9735 
3 9735 3168 3169 
3 9735 3169 3170 
3 3170 3169 3171 
3 3170 3171 3172 
3 3172 3171 3173 
3 3173 3171 2306 
3 3173 2306 9728 
3 9728 2306 3174 
3 3174 2306 3176 
3 3174 3176 3175 
3 3175 3176 3177 
3 3177 3176 3178 
3 3177 3178 9889 
3 9889 3178 3180 
3 3180 3178 3179 
3 3180 3179 3181 
3 3181 3179 9947 
3 9947 3179 3182 
3 9947 3182 9915 
3 9915 3182 9917 
3 9917 3182 2278 
3 9917 2278 9918 
3 9918 2278 3183 
3 3183 2278 2277 
3 3183 2277 9937 
3 9937 2277 3184 
3 9937 3184 3185 
3 3185 3184 3186 
3 3185 3186 9746 
3 9746 3186 3187 
3 9746 3187 9745 
3 3188 2331 3189 
3 3188 3189 3190 
3 3190 3189 2252 
3 3190 2252 9747 
3 9747 2252 3191 
3 9747 3191 9748 
3 9748 3191 3192 
3 3192 3191 2295 
3 3192 2295 9732 
3 9732 2295 9733 
3 9733 2295 3193 
3 9733 3193 9734 
3 9734 3193 3194 
3 3194 3193 3196 
3 3194 3196 3195 
3 3195 3196 9916 
3 9916 3196 3197 
3 9916 3197 9913 
3 9913 3197 9914 
3 9914 3197 2294 
3 9914 2294 3198 
3 3198 2294 3199 
3 3199 2294 2293 
3 3199 2293 9886 
3 9886 2293 3200 
3 3200 2293 3201 
3 3200 3201 3202 
3 3202 3201 2288 
3 3202 2288 9696 
3 9696 2288 2342 
3 9696 2342 3203 
3 3203 2342 3204 
3 3203 3204 9707 
3 9708 2343 3205 
3 9708 3205 9709 
3 9709 3205 3206 
3 9709 3206 3207 
3 3207 3206 2289 
3 3207 2289 3208 
3 3208 2289 3209 
3 3209 2289 2290 
3 3209 2290 3210 
3 3210 2290 3211 
3 3211 2290 2292 
3 3211 2292 3212 
3 3212 2292 9892 
3 9892 2292 3213 
3 9892 3213 3214 
3 3214 3213 9893 
3 9893 3213 2304 
3 9893 2304 3215 
3 3215 2304 3216 
3 3216 2304 3218 
3 3216 3218 9898 
3 9898 3218 3217 
3 3217 3218 2313 
3 3217 2313 9899 
3 9899 2313 3220 
3 3220 2313 3219 
3 3220 3219 9902 
3 9902 3219 2338 
3 9902 2338 9687 
3 9687 2338 3222 
3 9687 3222 3221 
3 3221 3222 2339 
3 3221 2339 9686 
3 6301 6300 3223 
3 6301 3223 9688 
3 9688 3223 3224 
3 9688 3224 9689 
3 9689 3224 3226 
3 9689 3226 9690 
3 9690 3226 3225 
3 3225 3226 2337 
3 3225 2337 9691 
3 9691 2337 3227 
3 3227 2337 2327 
3 3227 2327 3228 
3 3228 2327 3229 
3 3229 2327 2326 
3 3229 2326 3230 
3 3230 2326 9903 
3 9903 2326 2322 
3 9903 2322 3231 
3 3231 2322 9942 
3 9942 2322 2321 
3 9942 2321 3232 
3 3232 2321 3233 
3 3233 2321 2320 
3 3233 2320 9897 
3 9897 2320 3234 
3 3234 2320 2319 
3 3234 2319 9896 
3 9896 2319 3235 
3 9896 3235 3236 
3 3236 3235 2350 
3 3236 2350 9757 
3 9757 2350 3237 
3 9757 3237 3238 
3 3240 3239 2351 
3 3240 2351 3241 
3 3241 2351 2312 
3 3241 2312 9758 
3 9758 2312 2311 
3 9758 2311 3242 
3 3242 2311 9759 
3 9759 2311 2274 
3 9759 2274 3243 
3 3243 2274 3244 
3 3244 2274 2275 
3 3244 2275 9894 
3 9894 2275 3245 
3 3245 2275 3246 
3 3245 3246 9895 
3 9895 3246 9946 
3 9946 3246 2287 
3 9946 2287 3247 
3 3247 2287 3248 
3 3248 2287 3249 
3 3248 3249 9900 
3 9900 3249 9901 
3 9901 3249 3250 
3 9901 3250 9924 
3 9924 3250 9922 
3 9922 3250 3251 
3 9922 3251 3252 
3 3252 3251 2318 
3 3252 2318 9921 
3 9921 2318 2272 
3 9921 2272 9680 
3 9680 2272 6304 
3 9680 6304 6305 
3 6307 6306 2249 
3 6307 2249 3253 
3 3253 2249 3254 
3 3253 3254 3255 
3 3255 3254 3256 
3 3255 3256 3257 
3 3257 3256 9676 
3 9676 3256 3258 
3 9676 3258 3259 
3 3259 3258 3260 
3 3260 3258 3261 
3 3260 3261 9677 
3 9677 3261 9920 
3 9920 3261 3262 
3 9920 3262 3263 
3 3263 3262 9923 
3 9923 3262 3265 
3 9923 3265 3264 
3 3264 3265 9948 
3 9948 3265 3266 
3 9948 3266 3267 
3 3267 3266 9919 
3 9919 3266 2271 
3 9919 2271 9941 
3 9941 2271 9940 
3 9940 2271 3268 
3 9940 3268 3269 
3 3269 3268 3270 
3 3269 3270 9704 
3 9704 3270 2247 
3 9704 2247 3271 
3 3271 2247 3272 
3 3271 3272 3273 
3 6310 2377 3274 
3 6310 3274 9720 
3 9720 3274 2248 
3 9720 2248 3275 
3 3275 2248 2270 
3 3275 2270 3276 
3 3276 2270 9721 
3 9721 2270 3278 
3 9721 3278 3277 
3 3277 3278 9705 
3 9705 3278 2286 
3 9705 2286 9706 
3 9706 2286 3279 
3 3279 2286 3280 
3 3279 3280 9938 
3 9938 3280 9939 
3 9939 3280 3281 
3 9939 3281 9943 
3 9943 3281 3282 
3 3282 3281 3284 
3 3282 3284 3283 
3 3283 3284 3285 
3 3285 3284 3286 
3 3285 3286 9927 
3 9927 3286 3287 
3 3287 3286 3288 
3 3287 3288 9926 
3 9926 3288 2264 
3 9926 2264 3289 
3 3289 2264 2335 
3 3289 2335 3290 
3 3290 2335 6311 
3 3290 6311 9697 
3 6314 6312 3291 
3 6314 3291 9698 
3 9698 3291 2265 
3 9698 2265 9699 
3 9699 2265 2268 
3 9699 2268 9700 
3 9700 2268 3292 
3 3292 2268 3293 
3 3292 3293 3294 
3 3294 3293 3295 
3 3295 3293 3297 
3 3295 3297 3296 
3 3296 3297 3298 
3 3298 3297 3299 
3 3298 3299 9925 
3 9925 3299 9944 
3 9944 3299 3300 
3 9944 3300 9945 
3 9945 3300 9904 
3 9904 3300 2263 
3 9904 2263 3301 
3 3301 2263 3302 
3 3302 2263 3303 
3 3302 3303 9906 
3 9906 3303 9931 
3 9931 3303 3304 
3 9931 3304 9930 
3 9930 3304 3305 
3 9930 3305 9787 
3 9787 3305 2323 
3 9787 2323 9785 
3 9785 2323 3306 
3 9785 3306 9784 
3 6315 2324 3307 
3 6315 3307 9786 
3 9786 3307 2246 
3 9786 2246 3308 
3 3308 2246 3309 
3 3308 3309 3310 
3 3310 3309 3311 
3 3311 3309 3312 
3 3311 3312 9764 
3 9764 3312 3313 
3 3313 3312 3314 
3 3313 3314 9765 
3 9765 3314 9928 
3 9928 3314 2261 
3 9928 2261 9929 
3 9929 2261 9905 
3 9905 2261 2260 
3 9905 2260 9907 
3 9907 2260 3315 
3 3315 2260 3316 
3 3315 3316 9908 
3 9908 3316 9909 
3 9909 3316 3317 
3 9909 3317 9910 
3 9910 3317 3318 
3 3318 3317 3319 
3 3318 3319 9934 
3 9934 3319 2245 
3 9934 2245 9756 
3 9756 2245 2300 
3 9756 2300 9769 
3 9769 2300 6317 
3 9769 6317 9768 
3 3320 2301 2299 
3 3320 2299 3321 
3 3321 2299 2242 
3 3321 2242 3322 
3 3322 2242 3323 
3 3322 3323 9770 
3 9770 3323 9755 
3 9755 3323 2258 
3 9755 2258 3324 
3 3324 2258 3325 
3 3325 2258 3327 
3 3325 3327 3326 
3 3326 3327 9932 
3 9932 3327 2257 
3 9932 2257 9933 
3 9933 2257 9935 
3 9935 2257 3328 
3 9935 3328 3329 
3 3329 3328 9911 
3 9911 3328 3330 
3 9911 3330 9912 
3 9912 3330 3331 
3 3331 3330 3332 
3 3331 3332 9936 
3 9936 3332 3333 
3 3333 3332 3334 
3 3333 3334 3335 
3 3335 3334 2244 
3 3335 2244 3336 
3 3336 2244 2243 
3 3336 2243 9683 
3 9683 2243 6318 
3 9683 6318 6319 
3 9682 2284 2283 
3 9682 2283 3337 
3 3337 2283 2282 
3 3337 2282 3338 
3 3338 2282 3340 
3 3338 3340 3339 
3 3339 3340 9684 
3 9684 3340 3341 
3 9684 3341 3342 
3 3342 3341 9679 
3 9679 3341 3343 
3 9679 3343 3344 
3 3344 3343 3345 
3 3345 3343 2266 
3 3345 2266 3346 
3 3346 2266 9837 
3 9837 2266 3347 
3 9837 3347 9838 
3 9838 3347 3349 
3 3349 3347 3348 
3 3349 3348 9839 
3 9839 3348 3350 
3 3350 3348 3351 
3 3350 3351 9840 
3 9840 3351 9841 
3 9841 3351 3353 
3 9841 3353 3352 
3 3352 3353 2298 
3 3352 2298 9726 
3 9726 2298 3354 
3 9726 3354 3355 
3 3355 3354 2309 
3 3355 2309 9692 
3 2795 3357 6321 
3 6321 3357 3356 
3 3356 3357 3358 
3 3358 3357 3359 
3 3358 3359 3360 
3 3360 3359 3361 
3 3361 3359 3364 
3 3361 3364 3362 
3 3362 3364 3363 
3 3363 3364 3366 
3 3363 3366 3368 
3 2688 1619 2679 
3 2679 1619 3365 
3 2679 3365 2678 
3 2678 3365 1618 
3 2678 1618 3366 
3 3366 1618 3367 
3 3366 3367 3368 
3 3370 3371 2688 
3 2688 3371 3369 
3 2688 3369 1619 
3 2685 1621 3370 
3 3370 1621 1620 
3 3370 1620 3371 
3 2684 3372 2685 
3 2685 3372 1622 
3 2685 1622 1621 
3 3375 1627 2684 
3 2684 1627 3373 
3 2684 3373 3372 
3 3374 1629 3375 
3 3375 1629 1628 
3 3375 1628 1627 
3 1625 1623 3374 
3 3374 1623 3376 
3 3374 3376 1629 
3 1625 3374 1626 
3 1626 3374 2683 
3 1626 2683 3377 
3 3377 2683 2682 
3 3377 2682 3378 
3 3378 2682 1597 
3 1597 2682 3379 
3 1597 3379 3380 
3 3380 3379 2681 
3 3380 2681 1599 
3 6320 2308 3381 
3 6320 3381 9725 
3 9725 3381 3382 
3 9725 3382 3383 
3 3383 3382 2297 
3 3383 2297 3384 
3 3384 2297 3385 
3 3385 2297 2296 
3 3385 2296 3386 
3 3386 2296 3387 
3 3387 2296 3388 
3 3387 3388 3389 
3 3389 3388 3391 
3 3391 3388 3390 
3 3391 3390 3392 
3 3392 3390 9693 
3 9693 3390 3393 
3 9693 3393 9694 
3 9694 3393 3394 
3 3394 3393 2281 
3 3394 2281 9710 
3 9710 2281 9711 
3 9711 2281 3396 
3 9711 3396 3395 
3 3395 3396 9727 
3 9727 3396 2255 
3 9727 2255 3397 
3 3397 2255 2254 
3 3397 2254 3398 
3 3398 2254 2253 
3 3398 2253 9678 
3 9678 2253 6324 
3 9678 6324 3399 
3 2116 6375 3400 
3 2116 3400 2127 
3 2127 3400 3401 
3 2127 3401 3402 
3 3402 3401 3403 
3 3402 3403 2134 
3 2134 3403 3404 
3 2134 3404 3405 
3 3405 3404 3406 
3 3405 3406 3407 
3 3407 3406 6374 
3 3407 6374 2132 
3 2132 6374 3408 
3 2132 3408 2120 
3 2120 3408 3409 
3 2120 3409 2110 
3 2133 2131 3410 
3 2135 3411 3444 
3 3444 3411 3445 
3 3461 3412 6508 
3 3417 3418 3413 
3 3413 3418 3421 
3 3413 3421 6513 
3 6513 3421 6490 
3 6384 3414 3422 
3 3422 3414 6490 
3 6504 6503 3427 
3 3427 6503 3415 
3 3427 3415 3425 
3 3416 3450 6496 
3 6496 3450 3425 
3 6496 3425 6497 
3 6497 3425 3415 
3 3417 6489 3418 
3 3418 6489 3419 
3 3418 3419 3427 
3 3427 3419 3420 
3 3427 3420 6504 
3 4463 3461 3422 
3 3422 3461 6508 
3 3422 6508 6384 
3 6490 3421 3422 
3 3422 3421 4461 
3 3422 4461 4463 
3 3450 3423 4455 
3 4455 3424 3450 
3 3450 3424 3426 
3 3450 3426 3425 
3 3425 3426 4457 
3 3425 4457 3427 
3 4457 3428 3427 
3 3427 3428 3429 
3 3427 3429 3418 
3 3418 3429 3430 
3 3418 3430 3421 
3 3421 3430 4459 
3 3421 4459 4461 
3 3431 2135 3432 
3 3432 2135 3444 
3 3432 3444 3433 
3 3433 3444 3434 
3 3433 3434 3441 
3 3435 3455 3436 
3 3436 4471 3435 
3 3435 4471 4472 
3 3435 4472 3437 
3 3437 4472 3438 
3 3437 3438 3442 
3 3442 3438 4474 
3 3439 3440 3434 
3 3434 3440 3442 
3 3434 3442 3441 
3 3441 3442 4474 
3 3439 3434 3443 
3 3443 3434 3444 
3 3443 3444 3410 
3 3410 3444 3445 
3 3410 3445 2133 
3 3446 6492 3455 
3 3455 6492 3458 
3 3455 3458 3454 
3 3446 3455 3447 
3 3447 3455 3435 
3 3447 3435 6493 
3 6493 3435 3437 
3 6493 3437 6494 
3 3440 6486 3442 
3 3442 6486 6484 
3 3442 6484 3437 
3 3437 6484 3448 
3 3437 3448 6494 
3 3423 3449 4455 
3 4455 3449 3553 
3 4455 3553 4454 
3 4454 3553 4452 
3 3416 3451 3450 
3 3450 3451 3452 
3 3450 3452 3423 
3 3423 3452 3453 
3 3423 3453 3449 
3 3449 3453 6495 
3 3449 6495 3551 
3 3551 6495 3491 
3 4463 4465 3461 
3 3461 4465 4468 
3 3461 4468 3454 
3 3454 4468 3456 
3 3454 3456 3455 
3 3455 3456 3457 
3 3455 3457 3436 
3 3458 3459 3454 
3 3454 3459 3460 
3 3454 3460 3461 
3 3461 3460 6488 
3 3461 6488 3412 
3 10052 3511 3512 
3 3462 3528 3526 
3 3463 6402 3500 
3 3524 6623 3525 
3 3520 6412 3496 
3 3495 6411 3464 
3 3493 3514 3494 
3 6610 10927 3510 
3 3465 6608 3513 
3 3513 6608 6610 
3 3529 6443 3528 
3 3528 6443 3466 
3 3528 3466 3526 
3 3526 3466 3467 
3 3526 3467 3524 
3 6413 6406 3527 
3 3527 6406 6645 
3 6413 3527 3468 
3 3468 3527 3497 
3 3468 3497 6399 
3 6399 3497 6397 
3 6397 3497 3469 
3 6397 3469 6396 
3 6396 3469 6448 
3 6448 3469 3499 
3 6448 3499 3472 
3 6402 6401 3500 
3 3500 6401 3470 
3 3500 3470 3499 
3 3499 3470 3471 
3 3499 3471 3472 
3 3539 3501 6405 
3 6405 3501 3474 
3 3478 3473 3474 
3 3474 3473 3475 
3 3474 3475 6405 
3 3483 3476 3478 
3 3478 3476 3477 
3 3478 3477 3473 
3 3479 3481 3480 
3 3480 3481 3482 
3 3480 3482 3483 
3 3483 3482 6663 
3 3483 6663 3476 
3 6381 3546 6596 
3 6596 3546 3484 
3 3507 6499 3484 
3 3484 6499 3485 
3 3484 3485 6596 
3 3487 3490 3507 
3 3507 3490 3486 
3 3507 3486 6499 
3 3550 6501 3509 
3 3509 6501 3488 
3 3509 3488 3487 
3 3487 3488 3489 
3 3487 3489 3490 
3 3551 3491 3492 
3 6411 3493 3464 
3 3464 3493 3494 
3 3464 3494 3516 
3 3516 3494 3515 
3 6412 3495 3496 
3 3496 3495 3464 
3 3496 3464 3519 
3 3519 3464 3516 
3 3525 3518 3521 
3 3527 3530 3533 
3 3527 3533 3497 
3 3497 3533 3534 
3 3497 3534 3469 
3 3469 3534 3498 
3 3469 3498 3499 
3 3499 3498 3535 
3 3499 3535 3500 
3 3501 3538 3502 
3 3501 3502 3474 
3 3474 3502 3503 
3 3474 3503 3478 
3 3478 3503 3504 
3 3478 3504 3483 
3 3483 3504 3544 
3 3483 3544 3480 
3 3546 3547 3505 
3 3546 3505 3484 
3 3484 3505 3506 
3 3484 3506 3507 
3 3507 3506 3508 
3 3507 3508 3487 
3 3487 3508 3552 
3 3487 3552 3509 
3 6610 3510 3513 
3 3513 3510 10914 
3 3513 10914 3512 
3 3512 10914 10925 
3 3512 10925 10052 
3 3511 4405 3512 
3 3512 4405 3515 
3 3512 3515 3513 
3 3513 3515 3494 
3 3513 3494 3465 
3 3465 3494 3514 
3 4405 4407 3515 
3 3515 4407 4408 
3 3515 4408 3516 
3 3516 4408 4409 
3 3516 4409 3519 
3 3519 4409 3517 
3 3517 4410 3519 
3 3519 4410 3518 
3 3519 3518 3496 
3 3496 3518 3525 
3 3496 3525 3520 
3 3520 3525 6623 
3 4410 4411 3518 
3 3518 4411 3522 
3 3518 3522 3521 
3 3521 3522 3523 
3 3521 3523 4416 
3 3524 3525 3526 
3 3526 3525 3521 
3 3526 3521 3462 
3 3462 3521 4416 
3 3462 4416 4418 
3 4418 4419 3462 
3 3462 4419 3530 
3 3462 3530 3528 
3 3528 3530 3527 
3 3528 3527 3529 
3 3529 3527 6645 
3 4419 3531 3530 
3 3530 3531 3532 
3 3530 3532 3533 
3 3533 3532 4422 
3 3533 4422 3534 
3 3534 4422 4424 
3 4428 3535 4425 
3 4425 3535 3498 
3 4425 3498 3536 
3 3536 3498 3534 
3 3536 3534 3537 
3 3537 3534 4424 
3 4428 3540 3535 
3 3535 3540 3538 
3 3535 3538 3500 
3 3500 3538 3501 
3 3500 3501 3463 
3 3463 3501 3539 
3 3540 4430 3538 
3 3538 4430 4432 
3 3538 4432 3502 
3 3502 4432 4433 
3 3502 4433 3503 
3 3503 4433 3543 
3 3541 3544 4439 
3 4439 3544 3504 
3 4439 3504 4437 
3 4437 3504 3503 
3 4437 3503 3542 
3 3542 3503 3543 
3 3541 3545 3544 
3 3544 3545 3547 
3 3544 3547 3480 
3 3480 3547 3546 
3 3480 3546 3479 
3 3479 3546 6381 
3 3545 4442 3547 
3 3547 4442 4445 
3 3547 4445 3505 
3 3505 4445 4446 
3 3505 4446 3506 
3 3506 4446 4447 
3 4447 4449 3506 
3 3506 4449 4450 
3 3506 4450 3508 
3 3508 4450 4451 
3 3508 4451 3552 
3 3552 4451 3548 
3 3552 3548 3549 
3 3492 3550 3551 
3 3551 3550 3509 
3 3551 3509 3449 
3 3449 3509 3552 
3 3449 3552 3553 
3 3553 3552 3549 
3 3553 3549 4452 
3 2184 3554 2187 
3 2187 3554 6701 
3 2187 6701 2188 
3 2188 6701 6700 
3 2188 6700 3555 
3 3555 6700 3556 
3 3555 3556 2190 
3 2190 3556 3557 
3 2190 3557 3558 
3 3558 3557 6696 
3 3558 6696 3559 
3 3559 6696 3560 
3 3559 3560 2196 
3 2196 3560 3562 
3 2196 3562 3561 
3 3561 3562 3563 
3 3561 3563 2198 
3 2198 3563 3564 
3 2198 3564 3565 
3 3565 3564 3566 
3 3565 3566 3568 
3 3568 3566 3567 
3 3568 3567 3569 
3 3569 3567 3570 
3 3569 3570 2204 
3 2204 3570 6691 
3 2204 6691 3571 
3 3571 6691 6688 
3 3571 6688 3572 
3 3572 6688 6687 
3 3572 6687 3573 
3 3573 6687 6686 
3 3573 6686 2208 
3 2208 6686 3574 
3 2208 3574 3575 
3 3575 3574 6684 
3 3575 6684 2211 
3 2211 6684 3576 
3 2211 3576 3577 
3 3577 3576 3578 
3 3577 3578 3579 
3 3579 3578 6683 
3 3579 6683 3580 
3 3580 6683 3581 
3 3580 3581 2162 
3 2162 3581 3582 
3 2162 3582 3583 
3 3583 3582 6680 
3 3583 6680 2166 
3 2166 6680 6678 
3 2166 6678 2167 
3 2167 6678 6677 
3 2167 6677 2169 
3 2169 6677 3584 
3 2169 3584 2171 
3 2171 3584 3585 
3 2171 3585 3586 
3 3586 3585 3587 
3 3586 3587 2174 
3 2174 3587 3588 
3 2174 3588 3589 
3 3589 3588 3590 
3 3589 3590 2177 
3 2177 3590 6706 
3 2177 6706 2178 
3 2178 6706 3591 
3 2178 3591 2181 
3 2181 3591 3593 
3 2181 3593 3592 
3 3592 3593 6704 
3 3592 6704 2184 
3 2184 6704 3554 
3 7383 3594 3616 
3 10784 11198 7338 
3 7338 11198 2231 
3 7338 2231 3595 
3 3595 2231 6956 
3 6956 2231 2232 
3 6956 2232 3597 
3 2234 3596 2232 
3 2232 3596 6964 
3 2232 6964 3597 
3 6719 7250 2235 
3 2235 7250 3598 
3 2235 3598 2234 
3 2234 3598 6967 
3 2234 6967 3596 
3 6950 3599 3603 
3 3603 3599 3600 
3 3603 3600 2235 
3 2235 3600 6717 
3 2235 6717 6719 
3 6992 3601 2236 
3 2236 3601 3602 
3 2236 3602 3603 
3 3603 3602 6951 
3 3603 6951 6950 
3 6992 2236 3604 
3 3604 2236 3606 
3 3604 3606 6994 
3 3605 6872 6996 
3 3605 6996 3606 
3 3606 6996 3607 
3 3606 3607 6994 
3 2238 6873 3605 
3 3605 6873 3608 
3 3605 3608 6872 
3 6879 3609 2239 
3 2239 3609 6877 
3 2239 6877 2238 
3 2238 6877 6875 
3 2238 6875 6873 
3 6860 3611 3610 
3 3610 3611 3612 
3 3610 3612 2239 
3 2239 3612 3613 
3 2239 3613 6879 
3 3616 3594 3610 
3 3610 3594 3614 
3 3610 3614 6860 
3 7383 3616 3615 
3 3615 3616 3617 
3 3615 3617 6848 
3 6848 3617 6847 
3 6847 3617 3618 
3 6847 3618 3619 
3 3619 3618 3620 
3 3620 3618 3621 
3 3620 3621 3622 
3 3626 3623 3621 
3 3621 3623 7355 
3 3621 7355 3622 
3 3629 3624 3628 
3 3628 3624 3625 
3 3628 3625 3626 
3 3626 3625 7085 
3 3626 7085 3623 
3 6713 7237 3627 
3 3627 7237 7239 
3 3627 7239 3628 
3 3628 7239 7087 
3 3628 7087 3629 
3 7082 3631 3630 
3 3630 3631 7081 
3 3630 7081 3627 
3 3627 7081 3632 
3 3627 3632 6713 
3 7082 3630 3633 
3 3633 3630 3635 
3 3633 3635 3636 
3 2222 7064 7091 
3 2222 7091 3635 
3 3635 7091 3634 
3 3635 3634 3636 
3 3639 3637 2222 
3 2222 3637 7065 
3 2222 7065 7064 
3 3638 7068 2229 
3 2229 7068 7067 
3 2229 7067 3639 
3 3639 7067 3640 
3 3639 3640 3637 
3 6714 3641 2228 
3 2228 3641 7062 
3 2228 7062 2229 
3 2229 7062 7060 
3 2229 7060 3638 
3 2226 7122 3642 
3 2226 3642 2228 
3 2228 3642 7071 
3 2228 7071 6714 
3 7122 2226 3644 
3 3644 2226 3643 
3 3644 3643 7058 
3 2216 3645 3643 
3 3643 3645 7048 
3 3643 7048 7058 
3 3646 4121 4147 
3 4315 3647 4404 
3 4339 4314 4313 
3 3648 3912 3924 
3 3891 3890 3936 
3 3923 3649 3922 
3 3650 3831 3830 
3 3919 3807 3806 
3 3917 3651 3914 
3 3859 3879 3880 
3 3838 3860 3836 
3 3819 3882 3884 
3 3796 3818 3886 
3 3652 10838 4237 
3 4368 6780 3653 
3 6779 3755 3654 
3 3726 3724 4154 
3 8639 4095 4093 
3 8620 8534 3709 
3 3697 3693 3931 
3 3655 10339 3691 
3 10314 10313 3656 
3 3898 10303 3793 
3 3657 10085 3789 
3 10149 10088 3790 
3 3787 3788 4380 
3 4380 3788 3658 
3 4380 3658 9554 
3 3658 10169 10103 
3 10103 10102 3658 
3 3658 10102 10104 
3 3658 10104 9554 
3 10172 3659 10100 
3 10100 3659 10101 
3 3661 3660 3662 
3 3662 3660 10194 
3 3662 10194 3889 
3 3661 3662 10096 
3 10096 3662 3887 
3 10096 3887 10097 
3 3663 3666 3887 
3 3887 3666 10098 
3 3887 10098 10097 
3 3667 3664 3885 
3 3885 3664 10094 
3 3885 10094 3663 
3 3663 10094 3665 
3 3663 3665 3666 
3 3667 3885 3668 
3 3668 3885 3883 
3 3668 3883 10092 
3 3673 3669 3670 
3 3670 3669 3671 
3 3670 3671 3883 
3 3883 3671 3672 
3 3883 3672 10092 
3 3673 3670 3675 
3 3675 3670 3674 
3 3675 3674 10213 
3 10083 10089 3881 
3 3881 10089 10146 
3 3881 10146 3674 
3 3674 10146 3676 
3 3674 3676 10213 
3 10087 10084 3677 
3 3677 10084 10083 
3 10088 3678 3790 
3 3790 3678 10087 
3 3790 10087 3792 
3 3679 3680 3681 
3 3681 3680 10317 
3 3681 10317 10316 
3 3679 3681 3682 
3 3682 3681 3938 
3 3682 3938 3683 
3 3683 3938 3684 
3 3684 3938 3937 
3 3684 3937 3686 
3 10337 3685 3687 
3 3687 3685 10334 
3 3687 10334 3937 
3 3937 10334 10330 
3 3937 10330 3686 
3 3691 10339 3687 
3 3687 10339 3688 
3 3687 3688 10337 
3 3689 3933 10357 
3 10357 10230 3689 
3 3689 10230 3690 
3 3689 3690 3691 
3 3691 3690 3692 
3 3691 3692 3655 
3 3931 3693 3694 
3 3693 3695 3694 
3 3694 3695 10274 
3 3694 10274 3933 
3 3933 10274 3696 
3 3933 3696 10357 
3 3699 3700 3931 
3 3931 3700 10271 
3 3931 10271 3697 
3 3939 3699 3952 
3 3939 3698 3699 
3 3699 3698 10296 
3 3699 10296 3700 
3 10297 3701 3939 
3 3939 3701 3702 
3 3939 3702 3698 
3 8642 3703 3940 
3 3940 3703 3704 
3 3704 3705 3940 
3 3940 3705 10293 
3 3940 10293 3939 
3 3939 10293 10288 
3 3939 10288 10297 
3 3706 3707 8610 
3 8610 3707 3708 
3 8620 3709 3710 
3 3710 3709 4094 
3 3710 4094 8621 
3 3711 3712 8615 
3 8615 3712 3713 
3 4145 3714 3715 
3 4158 3716 7997 
3 3717 7664 4158 
3 4158 7664 7662 
3 4158 7662 3716 
3 4157 3718 3717 
3 3717 3718 3719 
3 3717 3719 7664 
3 7655 4157 3720 
3 3720 4157 3723 
3 7655 3721 4157 
3 4157 3721 7659 
3 4157 7659 3718 
3 7644 7643 3722 
3 3722 7643 7642 
3 3722 7642 3723 
3 3723 7642 7667 
3 3723 7667 3720 
3 4154 3724 3722 
3 3722 3724 3725 
3 3722 3725 7644 
3 3726 4154 7639 
3 7639 4154 3728 
3 7639 3728 3727 
3 4153 7631 3728 
3 3728 7631 7652 
3 3728 7652 3727 
3 7635 7634 4151 
3 4151 7634 3729 
3 4151 3729 4153 
3 4153 3729 7632 
3 4153 7632 7631 
3 7635 4151 3730 
3 3730 4151 4150 
3 3730 4150 7679 
3 3731 3732 4150 
3 4150 3732 7680 
3 4150 7680 7679 
3 7594 7396 3733 
3 3733 7396 3734 
3 3733 3734 4124 
3 7594 3733 7581 
3 7581 3733 4123 
3 7581 4123 3735 
3 7575 7571 8933 
3 8933 7571 7398 
3 8933 7398 4123 
3 4123 7398 7585 
3 4123 7585 3735 
3 3736 6749 3737 
3 4175 3740 3738 
3 4175 3738 3736 
3 3736 3738 6748 
3 3736 6748 6749 
3 3739 6754 4175 
3 4175 6754 6746 
3 4175 6746 3740 
3 6757 3741 3743 
3 3743 3741 4173 
3 3746 3742 3743 
3 3743 3742 6758 
3 3743 6758 6757 
3 6761 3744 3749 
3 3749 3744 3745 
3 3749 3745 3746 
3 3746 3745 3747 
3 3746 3747 3742 
3 3748 6767 6765 
3 3748 6765 3749 
3 3749 6765 3750 
3 3749 3750 6761 
3 6767 3748 3751 
3 3751 3748 3752 
3 3751 3752 3753 
3 4192 3754 3752 
3 3752 3754 6762 
3 3752 6762 3753 
3 6777 7343 4190 
3 4190 7343 7342 
3 4190 7342 4192 
3 4192 7342 6764 
3 4192 6764 3754 
3 3654 3755 4190 
3 4190 3755 3756 
3 4190 3756 6777 
3 3757 6771 6770 
3 3757 6770 3654 
3 3654 6770 3758 
3 3654 3758 6779 
3 6771 3757 6775 
3 6775 3757 4188 
3 6775 4188 3762 
3 6774 3759 3760 
3 3760 3759 6773 
3 3760 6773 4188 
3 4188 6773 3761 
3 4188 3761 3762 
3 4199 10841 3763 
3 3763 10841 10839 
3 3763 10839 4200 
3 4200 10839 10811 
3 4200 10811 4367 
3 3652 4237 10837 
3 3768 10836 3765 
3 3765 10836 3764 
3 3765 3764 4236 
3 4218 3766 3769 
3 3769 3766 9555 
3 4236 3767 3765 
3 3765 3767 3769 
3 3765 3769 3768 
3 3768 3769 9555 
3 4316 4260 4261 
3 4379 9558 4285 
3 3770 3913 3914 
3 3913 3770 4389 
3 4389 3770 3771 
3 4389 3771 3772 
3 3772 3771 3773 
3 3772 3773 4387 
3 4387 3773 3780 
3 4387 3780 3774 
3 3774 3780 3776 
3 3774 3776 3775 
3 3775 3776 3777 
3 3775 3777 4386 
3 4386 3777 3783 
3 4386 3783 4384 
3 4384 3783 3785 
3 4384 3785 4382 
3 4382 3785 3786 
3 4382 3786 4381 
3 4381 3786 3778 
3 4381 3778 3787 
3 3914 3651 3770 
3 3770 3651 3804 
3 3770 3804 3771 
3 3771 3804 3779 
3 3771 3779 3773 
3 3773 3779 3781 
3 3773 3781 3780 
3 3780 3781 3800 
3 3780 3800 3776 
3 3776 3800 3782 
3 3776 3782 3777 
3 3777 3782 3798 
3 3777 3798 3783 
3 3783 3798 3784 
3 3783 3784 3785 
3 3785 3784 3797 
3 3785 3797 3786 
3 3786 3797 3796 
3 3786 3796 3778 
3 3778 3796 3886 
3 3778 3886 3787 
3 3787 3886 3888 
3 3787 3888 3788 
3 3788 3888 3659 
3 3788 3659 3658 
3 3658 3659 10172 
3 3658 10172 10169 
3 10085 10149 3789 
3 3789 10149 3790 
3 3789 3790 3791 
3 3791 3790 3792 
3 3791 3792 3794 
3 10303 3657 3793 
3 3793 3657 3789 
3 3793 3789 3897 
3 3897 3789 3791 
3 3897 3791 3894 
3 3894 3791 3794 
3 3894 3794 3795 
3 3818 3796 3817 
3 3817 3796 3797 
3 3817 3797 3815 
3 3815 3797 3784 
3 3815 3784 3799 
3 3799 3784 3798 
3 3799 3798 3813 
3 3813 3798 3782 
3 3813 3782 3801 
3 3801 3782 3800 
3 3801 3800 3811 
3 3811 3800 3781 
3 3811 3781 3810 
3 3810 3781 3779 
3 3810 3779 3802 
3 3802 3779 3804 
3 3802 3804 3803 
3 3803 3804 3651 
3 3803 3651 3805 
3 3805 3651 3917 
3 3805 3917 3806 
3 3806 3807 3805 
3 3805 3807 3808 
3 3805 3808 3803 
3 3803 3808 3827 
3 3803 3827 3802 
3 3802 3827 3809 
3 3802 3809 3810 
3 3810 3809 3824 
3 3810 3824 3811 
3 3811 3824 3812 
3 3811 3812 3801 
3 3801 3812 3822 
3 3801 3822 3813 
3 3813 3822 3814 
3 3813 3814 3799 
3 3799 3814 3816 
3 3799 3816 3815 
3 3815 3816 3819 
3 3815 3819 3817 
3 3817 3819 3884 
3 3817 3884 3818 
3 3882 3819 3837 
3 3837 3819 3816 
3 3837 3816 3820 
3 3820 3816 3814 
3 3820 3814 3821 
3 3821 3814 3822 
3 3821 3822 3835 
3 3835 3822 3812 
3 3835 3812 3823 
3 3823 3812 3824 
3 3823 3824 3834 
3 3834 3824 3809 
3 3834 3809 3825 
3 3825 3809 3827 
3 3825 3827 3826 
3 3826 3827 3808 
3 3826 3808 3828 
3 3828 3808 3807 
3 3828 3807 3829 
3 3829 3807 3919 
3 3829 3919 3830 
3 3830 3831 3829 
3 3829 3831 3832 
3 3829 3832 3828 
3 3828 3832 3849 
3 3828 3849 3826 
3 3826 3849 3848 
3 3826 3848 3825 
3 3825 3848 3833 
3 3825 3833 3834 
3 3834 3833 3845 
3 3834 3845 3823 
3 3823 3845 3844 
3 3823 3844 3835 
3 3835 3844 3842 
3 3835 3842 3821 
3 3821 3842 3840 
3 3821 3840 3820 
3 3820 3840 3838 
3 3820 3838 3837 
3 3837 3838 3836 
3 3837 3836 3882 
3 3860 3838 3839 
3 3839 3838 3840 
3 3839 3840 3841 
3 3841 3840 3842 
3 3841 3842 3843 
3 3843 3842 3844 
3 3843 3844 3846 
3 3846 3844 3845 
3 3846 3845 3857 
3 3857 3845 3833 
3 3857 3833 3847 
3 3847 3833 3848 
3 3847 3848 3850 
3 3850 3848 3849 
3 3850 3849 3851 
3 3851 3849 3832 
3 3851 3832 3853 
3 3853 3832 3831 
3 3853 3831 3852 
3 3852 3831 3650 
3 3852 3650 3922 
3 3922 3649 3852 
3 3852 3649 3854 
3 3852 3854 3853 
3 3853 3854 3855 
3 3853 3855 3851 
3 3851 3855 3856 
3 3851 3856 3850 
3 3850 3856 3867 
3 3850 3867 3847 
3 3847 3867 3865 
3 3847 3865 3857 
3 3857 3865 3864 
3 3857 3864 3846 
3 3846 3864 3858 
3 3846 3858 3843 
3 3843 3858 3861 
3 3843 3861 3841 
3 3841 3861 3859 
3 3841 3859 3839 
3 3839 3859 3880 
3 3839 3880 3860 
3 3879 3859 3877 
3 3877 3859 3861 
3 3877 3861 3876 
3 3876 3861 3858 
3 3876 3858 3862 
3 3862 3858 3864 
3 3862 3864 3863 
3 3863 3864 3865 
3 3863 3865 3866 
3 3866 3865 3867 
3 3866 3867 3868 
3 3868 3867 3856 
3 3868 3856 3869 
3 3869 3856 3855 
3 3869 3855 3870 
3 3870 3855 3854 
3 3870 3854 3872 
3 3872 3854 3649 
3 3872 3649 3871 
3 3871 3649 3923 
3 3871 3923 3924 
3 3924 3912 3871 
3 3871 3912 3910 
3 3871 3910 3872 
3 3872 3910 3873 
3 3872 3873 3870 
3 3870 3873 3908 
3 3870 3908 3869 
3 3869 3908 3906 
3 3869 3906 3868 
3 3868 3906 3905 
3 3868 3905 3866 
3 3866 3905 3874 
3 3866 3874 3863 
3 3863 3874 3903 
3 3863 3903 3862 
3 3862 3903 3875 
3 3862 3875 3876 
3 3876 3875 3901 
3 3876 3901 3877 
3 3877 3901 3900 
3 3877 3900 3879 
3 3879 3900 3878 
3 3879 3878 3880 
3 3880 3878 3881 
3 3880 3881 3860 
3 3860 3881 3674 
3 3860 3674 3836 
3 3836 3674 3670 
3 3836 3670 3882 
3 3882 3670 3883 
3 3882 3883 3884 
3 3884 3883 3885 
3 3884 3885 3818 
3 3818 3885 3663 
3 3818 3663 3886 
3 3886 3663 3887 
3 3886 3887 3888 
3 3888 3887 3662 
3 3888 3662 3659 
3 3659 3662 3889 
3 3659 3889 10101 
3 3944 3890 3893 
3 3893 3890 3891 
3 3893 3891 3892 
3 3942 3944 3895 
3 3895 3944 3893 
3 3895 3893 3896 
3 3896 3893 3892 
3 3896 3892 3656 
3 3795 3942 3894 
3 3894 3942 3895 
3 3894 3895 3897 
3 3897 3895 3896 
3 3897 3896 3793 
3 3793 3896 3656 
3 3793 3656 3898 
3 3898 3656 10313 
3 10083 3881 3677 
3 3677 3881 3878 
3 3677 3878 3899 
3 3899 3878 3900 
3 3899 3900 3941 
3 3941 3900 3901 
3 3941 3901 3902 
3 3902 3901 3875 
3 3902 3875 3943 
3 3943 3875 3903 
3 3943 3903 3945 
3 3945 3903 3874 
3 3945 3874 3904 
3 3904 3874 3905 
3 3904 3905 3946 
3 3946 3905 3906 
3 3946 3906 3947 
3 3947 3906 3908 
3 3947 3908 3907 
3 3907 3908 3873 
3 3907 3873 3909 
3 3909 3873 3910 
3 3909 3910 3911 
3 3911 3910 3912 
3 3911 3912 3950 
3 3950 3912 3648 
3 3950 3648 3925 
3 3913 3915 3914 
3 3914 3915 3916 
3 3914 3916 3917 
3 3917 3916 3918 
3 3917 3918 3806 
3 3806 3918 3975 
3 3806 3975 3919 
3 3919 3975 3977 
3 3919 3977 3830 
3 3830 3977 3920 
3 3830 3920 3650 
3 3650 3920 3978 
3 3650 3978 3922 
3 3922 3978 3921 
3 3922 3921 3923 
3 3923 3921 3980 
3 3923 3980 3924 
3 3924 3980 3983 
3 3924 3983 3648 
3 3648 3983 3926 
3 3648 3926 3925 
3 3925 3926 3928 
3 3925 3928 3927 
3 3927 3928 3984 
3 3927 3984 3929 
3 3930 4029 8643 
3 3952 3699 3951 
3 3951 3699 3931 
3 3951 3931 3932 
3 3932 3931 3694 
3 3932 3694 3949 
3 3949 3694 3933 
3 3949 3933 3934 
3 3934 3933 3689 
3 3934 3689 3948 
3 3948 3689 3691 
3 3948 3691 3935 
3 3935 3691 3687 
3 3935 3687 3936 
3 3936 3687 3937 
3 3936 3937 3891 
3 3891 3937 3938 
3 3891 3938 3892 
3 3892 3938 3681 
3 3892 3681 3656 
3 3656 3681 10316 
3 3656 10316 10314 
3 3952 3953 3939 
3 3939 3953 3954 
3 3939 3954 3940 
3 3940 3954 8641 
3 3940 8641 8642 
3 3984 3985 3929 
3 3929 3985 8646 
3 3929 8646 8645 
3 10087 3677 3792 
3 3792 3677 3899 
3 3792 3899 3794 
3 3794 3899 3941 
3 3794 3941 3795 
3 3795 3941 3902 
3 3795 3902 3942 
3 3942 3902 3943 
3 3942 3943 3944 
3 3944 3943 3945 
3 3944 3945 3890 
3 3890 3945 3904 
3 3890 3904 3936 
3 3936 3904 3946 
3 3936 3946 3935 
3 3935 3946 3947 
3 3935 3947 3948 
3 3948 3947 3907 
3 3948 3907 3934 
3 3934 3907 3909 
3 3934 3909 3949 
3 3949 3909 3911 
3 3949 3911 3932 
3 3932 3911 3950 
3 3932 3950 3951 
3 3951 3950 3925 
3 3951 3925 3952 
3 3952 3925 3927 
3 3952 3927 3953 
3 3953 3927 3929 
3 3953 3929 3954 
3 3954 3929 8645 
3 3954 8645 8641 
3 4118 4119 8644 
3 3647 8925 4404 
3 4404 8925 9126 
3 4404 9126 9125 
3 4030 9143 4031 
3 4031 9143 3955 
3 4031 3955 4078 
3 4056 3956 4159 
3 9190 8946 3957 
3 3957 8946 3958 
3 4096 4097 3959 
3 3959 4097 3960 
3 3959 3960 3961 
3 3961 3960 4008 
3 3961 4008 3962 
3 3962 4008 4010 
3 3962 4010 3963 
3 3963 4010 3964 
3 3963 3964 4398 
3 4398 3964 4011 
3 4398 4011 4397 
3 4397 4011 4012 
3 4397 4012 3965 
3 3965 4012 3967 
3 3965 3967 3966 
3 3966 3967 3968 
3 3966 3968 4393 
3 4393 3968 4013 
3 4393 4013 4392 
3 4392 4013 3969 
3 4392 3969 3970 
3 3970 3969 3971 
3 3970 3971 3915 
3 3915 3971 3972 
3 3915 3972 3916 
3 3916 3972 3973 
3 3916 3973 3918 
3 3918 3973 3974 
3 3918 3974 3975 
3 3975 3974 4018 
3 3975 4018 3977 
3 3977 4018 3976 
3 3977 3976 3920 
3 3920 3976 4021 
3 3920 4021 3978 
3 3978 4021 3979 
3 3978 3979 3921 
3 3921 3979 4023 
3 3921 4023 3980 
3 3980 4023 3981 
3 3980 3981 3983 
3 3983 3981 3982 
3 3983 3982 3926 
3 3926 3982 4026 
3 3926 4026 3928 
3 3928 4026 3930 
3 3928 3930 3984 
3 3984 3930 8643 
3 3984 8643 3985 
3 4099 4100 4009 
3 4009 4100 4102 
3 4009 4102 3986 
3 3986 4102 3988 
3 3986 3988 3987 
3 3987 3988 4103 
3 3987 4103 3989 
3 3989 4103 4105 
3 3989 4105 3990 
3 3990 4105 4106 
3 3990 4106 3991 
3 3991 4106 3992 
3 3991 3992 3993 
3 3993 3992 3995 
3 3993 3995 3994 
3 3994 3995 3996 
3 3994 3996 4014 
3 4014 3996 3997 
3 4014 3997 4015 
3 4015 3997 3998 
3 4015 3998 3999 
3 3999 3998 4000 
3 3999 4000 4016 
3 4016 4000 4109 
3 4016 4109 4017 
3 4017 4109 4002 
3 4017 4002 4001 
3 4001 4002 4003 
3 4001 4003 4019 
3 4019 4003 4004 
3 4019 4004 4020 
3 4020 4004 4113 
3 4020 4113 4022 
3 4022 4113 4114 
3 4022 4114 4024 
3 4024 4114 4115 
3 4024 4115 4005 
3 4005 4115 4006 
3 4005 4006 4025 
3 4025 4006 4117 
3 4025 4117 4027 
3 4027 4117 4118 
3 4027 4118 4007 
3 4007 4118 8644 
3 4007 8644 4028 
3 4097 4099 3960 
3 3960 4099 4009 
3 3960 4009 4008 
3 4008 4009 3986 
3 4008 3986 4010 
3 4010 3986 3987 
3 4010 3987 3964 
3 3964 3987 3989 
3 3964 3989 4011 
3 4011 3989 3990 
3 4011 3990 4012 
3 4012 3990 3991 
3 4012 3991 3967 
3 3967 3991 3993 
3 3967 3993 3968 
3 3968 3993 3994 
3 3968 3994 4013 
3 4013 3994 4014 
3 4013 4014 3969 
3 3969 4014 4015 
3 3969 4015 3971 
3 3971 4015 3999 
3 3971 3999 3972 
3 3972 3999 4016 
3 3972 4016 3973 
3 3973 4016 4017 
3 3973 4017 3974 
3 3974 4017 4001 
3 3974 4001 4018 
3 4018 4001 4019 
3 4018 4019 3976 
3 3976 4019 4020 
3 3976 4020 4021 
3 4021 4020 4022 
3 4021 4022 3979 
3 3979 4022 4024 
3 3979 4024 4023 
3 4023 4024 4005 
3 4023 4005 3981 
3 3981 4005 4025 
3 3981 4025 3982 
3 3982 4025 4027 
3 3982 4027 4026 
3 4026 4027 4007 
3 4026 4007 3930 
3 3930 4007 4028 
3 3930 4028 4029 
3 4401 4403 4098 
3 4098 4403 4030 
3 4098 4030 4101 
3 4101 4030 4031 
3 4101 4031 4032 
3 4032 4031 4034 
3 4032 4034 4033 
3 4033 4034 4035 
3 4033 4035 4036 
3 4036 4035 4081 
3 4036 4081 4104 
3 4104 4081 4083 
3 4104 4083 4037 
3 4037 4083 4038 
3 4037 4038 4107 
3 4107 4038 4039 
3 4107 4039 4040 
3 4040 4039 4084 
3 4040 4084 4041 
3 4041 4084 4043 
3 4041 4043 4042 
3 4042 4043 4044 
3 4042 4044 4108 
3 4108 4044 4045 
3 4108 4045 4046 
3 4046 4045 4087 
3 4046 4087 4047 
3 4047 4087 4088 
3 4047 4088 4049 
3 4049 4088 4048 
3 4049 4048 4110 
3 4110 4048 4091 
3 4110 4091 4050 
3 4050 4091 4051 
3 4050 4051 4111 
3 4111 4051 4052 
3 4111 4052 4112 
3 4112 4052 4053 
3 4112 4053 4116 
3 4116 4053 4092 
3 4116 4092 4054 
3 4054 4092 4094 
3 4054 4094 4055 
3 4055 4094 3709 
3 4055 3709 3708 
3 3708 3709 8534 
3 3708 8534 8610 
3 4079 4056 4080 
3 4080 4056 4159 
3 4080 4159 4057 
3 4057 4159 4058 
3 4057 4058 4059 
3 4059 4058 4160 
3 4059 4160 4082 
3 4082 4160 4161 
3 4082 4161 4060 
3 4060 4161 4163 
3 4060 4163 4061 
3 4061 4163 4165 
3 4061 4165 4062 
3 4062 4165 4166 
3 4062 4166 4063 
3 4063 4166 4167 
3 4063 4167 4085 
3 4085 4167 4169 
3 4085 4169 4064 
3 4064 4169 4065 
3 4064 4065 4086 
3 4086 4065 4066 
3 4086 4066 4068 
3 4068 4066 4067 
3 4068 4067 4089 
3 4089 4067 4069 
3 4089 4069 4090 
3 4090 4069 4070 
3 4090 4070 4071 
3 4071 4070 4072 
3 4071 4072 4073 
3 4073 4072 4074 
3 4073 4074 4076 
3 4076 4074 4075 
3 4076 4075 4077 
3 4077 4075 4172 
3 4077 4172 4093 
3 4078 4079 4031 
3 4031 4079 4080 
3 4031 4080 4034 
3 4034 4080 4057 
3 4034 4057 4035 
3 4035 4057 4059 
3 4035 4059 4081 
3 4081 4059 4082 
3 4081 4082 4083 
3 4083 4082 4060 
3 4083 4060 4038 
3 4038 4060 4061 
3 4038 4061 4039 
3 4039 4061 4062 
3 4039 4062 4084 
3 4084 4062 4063 
3 4084 4063 4043 
3 4043 4063 4085 
3 4043 4085 4044 
3 4044 4085 4064 
3 4044 4064 4045 
3 4045 4064 4086 
3 4045 4086 4087 
3 4087 4086 4068 
3 4087 4068 4088 
3 4088 4068 4089 
3 4088 4089 4048 
3 4048 4089 4090 
3 4048 4090 4091 
3 4091 4090 4071 
3 4091 4071 4051 
3 4051 4071 4073 
3 4051 4073 4052 
3 4052 4073 4076 
3 4052 4076 4053 
3 4053 4076 4077 
3 4053 4077 4092 
3 4092 4077 4093 
3 4092 4093 4094 
3 4094 4093 4095 
3 4094 4095 8621 
3 4096 4401 4097 
3 4097 4401 4098 
3 4097 4098 4099 
3 4099 4098 4101 
3 4099 4101 4100 
3 4100 4101 4032 
3 4100 4032 4102 
3 4102 4032 4033 
3 4102 4033 3988 
3 3988 4033 4036 
3 3988 4036 4103 
3 4103 4036 4104 
3 4103 4104 4105 
3 4105 4104 4037 
3 4105 4037 4106 
3 4106 4037 4107 
3 4106 4107 3992 
3 3992 4107 4040 
3 3992 4040 3995 
3 3995 4040 4041 
3 3995 4041 3996 
3 3996 4041 4042 
3 3996 4042 3997 
3 3997 4042 4108 
3 3997 4108 3998 
3 3998 4108 4046 
3 3998 4046 4000 
3 4000 4046 4047 
3 4000 4047 4109 
3 4109 4047 4049 
3 4109 4049 4002 
3 4002 4049 4110 
3 4002 4110 4003 
3 4003 4110 4050 
3 4003 4050 4004 
3 4004 4050 4111 
3 4004 4111 4113 
3 4113 4111 4112 
3 4113 4112 4114 
3 4114 4112 4116 
3 4114 4116 4115 
3 4115 4116 4054 
3 4115 4054 4006 
3 4006 4054 4055 
3 4006 4055 4117 
3 4117 4055 3708 
3 4117 3708 4118 
3 4118 3708 3707 
3 4118 3707 4119 
3 4146 4120 3646 
3 3646 4120 4121 
3 4121 4120 9246 
3 4121 9246 9245 
3 9245 4122 4123 
3 4123 4122 8945 
3 4123 8945 8933 
3 9245 4123 4121 
3 4121 4123 3733 
3 4121 3733 4147 
3 4147 3733 4124 
3 4147 4124 4125 
3 4125 4124 4126 
3 4125 4126 3731 
3 3731 4126 7684 
3 3731 7684 3732 
3 3958 8932 3957 
3 3957 8932 4128 
3 3957 4128 4127 
3 4127 4128 4129 
3 4127 4129 4130 
3 4130 4129 4131 
3 4130 4131 4162 
3 4162 4131 4148 
3 4162 4148 4132 
3 4132 4148 4149 
3 4132 4149 4164 
3 4164 4149 4134 
3 4164 4134 4133 
3 4133 4134 4152 
3 4133 4152 4168 
3 4168 4152 4135 
3 4168 4135 4136 
3 4136 4135 4137 
3 4136 4137 4170 
3 4170 4137 4138 
3 4170 4138 4139 
3 4139 4138 4155 
3 4139 4155 4140 
3 4140 4155 4156 
3 4140 4156 4141 
3 4141 4156 4142 
3 4141 4142 4144 
3 4144 4142 4143 
3 4144 4143 4171 
3 4171 4143 4145 
3 4171 4145 3712 
3 3712 4145 3715 
3 3712 3715 3713 
3 8932 4146 4128 
3 4128 4146 3646 
3 4128 3646 4129 
3 4129 3646 4147 
3 4129 4147 4131 
3 4131 4147 4125 
3 4131 4125 4148 
3 4148 4125 3731 
3 4148 3731 4149 
3 4149 3731 4150 
3 4149 4150 4134 
3 4134 4150 4151 
3 4134 4151 4152 
3 4152 4151 4153 
3 4152 4153 4135 
3 4135 4153 3728 
3 4135 3728 4137 
3 4137 3728 4154 
3 4137 4154 4138 
3 4138 4154 3722 
3 4138 3722 4155 
3 4155 3722 3723 
3 4155 3723 4156 
3 4156 3723 4157 
3 4156 4157 4142 
3 4142 4157 3717 
3 4142 3717 4143 
3 4143 3717 4158 
3 4143 4158 4145 
3 4145 4158 7997 
3 4145 7997 3714 
3 3956 9190 4159 
3 4159 9190 3957 
3 4159 3957 4058 
3 4058 3957 4127 
3 4058 4127 4160 
3 4160 4127 4130 
3 4160 4130 4161 
3 4161 4130 4162 
3 4161 4162 4163 
3 4163 4162 4132 
3 4163 4132 4165 
3 4165 4132 4164 
3 4165 4164 4166 
3 4166 4164 4133 
3 4166 4133 4167 
3 4167 4133 4168 
3 4167 4168 4169 
3 4169 4168 4136 
3 4169 4136 4065 
3 4065 4136 4170 
3 4065 4170 4066 
3 4066 4170 4139 
3 4066 4139 4067 
3 4067 4139 4140 
3 4067 4140 4069 
3 4069 4140 4141 
3 4069 4141 4070 
3 4070 4141 4144 
3 4070 4144 4072 
3 4072 4144 4171 
3 4072 4171 4074 
3 4074 4171 3712 
3 4074 3712 4075 
3 4075 3712 3711 
3 4075 3711 4172 
3 4172 3711 8613 
3 4172 8613 4093 
3 4093 8613 8612 
3 4093 8612 8639 
3 4197 8857 8874 
3 8811 3736 8813 
3 8813 3736 3737 
3 8813 3737 8850 
3 8850 3737 6751 
3 8850 6751 8770 
3 3741 3739 4173 
3 4173 3739 4175 
3 4173 4175 4174 
3 4174 4175 3736 
3 4174 3736 4197 
3 4197 3736 8811 
3 4197 8811 8857 
3 4259 4176 4233 
3 4177 4258 8913 
3 8913 4258 8914 
3 8903 8902 4183 
3 4183 8902 4178 
3 4183 4178 4179 
3 4181 4180 4186 
3 4185 9057 9525 
3 4180 4181 8892 
3 4178 8901 4179 
3 4179 8901 4182 
3 4179 4182 4181 
3 4181 4182 8887 
3 4181 8887 8892 
3 4281 4183 4283 
3 4283 4183 4179 
3 4283 4179 4184 
3 4184 4179 4181 
3 4184 4181 4185 
3 4185 4181 4186 
3 4185 4186 9057 
3 6780 6774 3653 
3 3653 6774 3760 
3 3653 3760 4369 
3 4369 3760 4188 
3 4369 4188 4187 
3 4187 4188 3757 
3 4187 3757 4189 
3 4189 3757 3654 
3 4189 3654 4191 
3 4191 3654 4190 
3 4191 4190 4370 
3 4370 4190 4192 
3 4370 4192 4193 
3 4193 4192 3752 
3 4193 3752 4372 
3 4372 3752 3748 
3 4372 3748 4194 
3 4194 3748 3749 
3 4194 3749 4195 
3 4195 3749 3746 
3 4195 3746 4374 
3 4374 3746 3743 
3 4374 3743 4375 
3 4375 3743 4173 
3 4375 4173 4377 
3 4377 4173 4174 
3 4377 4174 4196 
3 4196 4174 4197 
3 4196 4197 4198 
3 4198 4197 8874 
3 4198 8874 8873 
3 10838 4199 4237 
3 4237 4199 3763 
3 4237 3763 4238 
3 4238 3763 4200 
3 4238 4200 4239 
3 4239 4200 4201 
3 4239 4201 4202 
3 4202 4201 4203 
3 4202 4203 4204 
3 4204 4203 4206 
3 4204 4206 4205 
3 4205 4206 4207 
3 4205 4207 4244 
3 4244 4207 4208 
3 4244 4208 4245 
3 4245 4208 4371 
3 4245 4371 4247 
3 4247 4371 4209 
3 4247 4209 4210 
3 4210 4209 4211 
3 4210 4211 4249 
3 4249 4211 4373 
3 4249 4373 4251 
3 4251 4373 4212 
3 4251 4212 4252 
3 4252 4212 4213 
3 4252 4213 4214 
3 4214 4213 4376 
3 4214 4376 4215 
3 4215 4376 4216 
3 4215 4216 4256 
3 4256 4216 4378 
3 4256 4378 4257 
3 4257 4378 4217 
3 4257 4217 4258 
3 4258 4217 8923 
3 4258 8923 8914 
3 9556 4218 4342 
3 4342 4218 3769 
3 4342 3769 4344 
3 4344 3769 3767 
3 4344 3767 4219 
3 4219 3767 4220 
3 4219 4220 4221 
3 4221 4220 4222 
3 4221 4222 4347 
3 4347 4222 4240 
3 4347 4240 4349 
3 4349 4240 4241 
3 4349 4241 4351 
3 4351 4241 4242 
3 4351 4242 4223 
3 4223 4242 4243 
3 4223 4243 4225 
3 4225 4243 4224 
3 4225 4224 4354 
3 4354 4224 4226 
3 4354 4226 4356 
3 4356 4226 4246 
3 4356 4246 4228 
3 4228 4246 4227 
3 4228 4227 4358 
3 4358 4227 4248 
3 4358 4248 4359 
3 4359 4248 4250 
3 4359 4250 4229 
3 4229 4250 4253 
3 4229 4253 4361 
3 4361 4253 4254 
3 4361 4254 4363 
3 4363 4254 4255 
3 4363 4255 4230 
3 4230 4255 4231 
3 4230 4231 4364 
3 4364 4231 4232 
3 4364 4232 4365 
3 4365 4232 4259 
3 4365 4259 4234 
3 4234 4259 4233 
3 4234 4233 4235 
3 4236 10837 3767 
3 3767 10837 4237 
3 3767 4237 4220 
3 4220 4237 4238 
3 4220 4238 4222 
3 4222 4238 4239 
3 4222 4239 4240 
3 4240 4239 4202 
3 4240 4202 4241 
3 4241 4202 4204 
3 4241 4204 4242 
3 4242 4204 4205 
3 4242 4205 4243 
3 4243 4205 4244 
3 4243 4244 4224 
3 4224 4244 4245 
3 4224 4245 4226 
3 4226 4245 4247 
3 4226 4247 4246 
3 4246 4247 4210 
3 4246 4210 4227 
3 4227 4210 4249 
3 4227 4249 4248 
3 4248 4249 4251 
3 4248 4251 4250 
3 4250 4251 4252 
3 4250 4252 4253 
3 4253 4252 4214 
3 4253 4214 4254 
3 4254 4214 4215 
3 4254 4215 4255 
3 4255 4215 4256 
3 4255 4256 4231 
3 4231 4256 4257 
3 4231 4257 4232 
3 4232 4257 4258 
3 4232 4258 4259 
3 4259 4258 4177 
3 4259 4177 4176 
3 4260 4340 4261 
3 4261 4340 4341 
3 4261 4341 4262 
3 4262 4341 4343 
3 4262 4343 4318 
3 4318 4343 4263 
3 4318 4263 4320 
3 4320 4263 4345 
3 4320 4345 4264 
3 4264 4345 4346 
3 4264 4346 4323 
3 4323 4346 4348 
3 4323 4348 4265 
3 4265 4348 4350 
3 4265 4350 4266 
3 4266 4350 4352 
3 4266 4352 4267 
3 4267 4352 4268 
3 4267 4268 4269 
3 4269 4268 4353 
3 4269 4353 4270 
3 4270 4353 4355 
3 4270 4355 4327 
3 4327 4355 4271 
3 4327 4271 4272 
3 4272 4271 4357 
3 4272 4357 4328 
3 4328 4357 4273 
3 4328 4273 4331 
3 4331 4273 4360 
3 4331 4360 4274 
3 4274 4360 4362 
3 4274 4362 4275 
3 4275 4362 4276 
3 4275 4276 4278 
3 4278 4276 4277 
3 4278 4277 4279 
3 4279 4277 4280 
3 4279 4280 4334 
3 4334 4280 4366 
3 4334 4366 4282 
3 4282 4366 4281 
3 4282 4281 4336 
3 4336 4281 4283 
3 4336 4283 4337 
3 4337 4283 4184 
3 4337 4184 4338 
3 4338 4184 4185 
3 4338 4185 4284 
3 4284 4185 9525 
3 4284 9525 9524 
3 9558 9557 4285 
3 4285 9557 4286 
3 4285 4286 4287 
3 4287 4286 4317 
3 4287 4317 4288 
3 4288 4317 4289 
3 4288 4289 4383 
3 4383 4289 4319 
3 4383 4319 4385 
3 4385 4319 4321 
3 4385 4321 4290 
3 4290 4321 4292 
3 4290 4292 4291 
3 4291 4292 4322 
3 4291 4322 4293 
3 4293 4322 4324 
3 4293 4324 4388 
3 4388 4324 4294 
3 4388 4294 4390 
3 4390 4294 4296 
3 4390 4296 4295 
3 4295 4296 4297 
3 4295 4297 4298 
3 4298 4297 4325 
3 4298 4325 4299 
3 4299 4325 4326 
3 4299 4326 4391 
3 4391 4326 4329 
3 4391 4329 4300 
3 4300 4329 4301 
3 4300 4301 4394 
3 4394 4301 4330 
3 4394 4330 4302 
3 4302 4330 4332 
3 4302 4332 4395 
3 4395 4332 4303 
3 4395 4303 4396 
3 4396 4303 4304 
3 4396 4304 4305 
3 4305 4304 4333 
3 4305 4333 4306 
3 4306 4333 4307 
3 4306 4307 4399 
3 4399 4307 4308 
3 4399 4308 4309 
3 4309 4308 4335 
3 4309 4335 4310 
3 4310 4335 4311 
3 4310 4311 4400 
3 4400 4311 4312 
3 4400 4312 4402 
3 4402 4312 4313 
3 4402 4313 4404 
3 4404 4313 4314 
3 4404 4314 4315 
3 9557 4316 4286 
3 4286 4316 4261 
3 4286 4261 4317 
3 4317 4261 4262 
3 4317 4262 4289 
3 4289 4262 4318 
3 4289 4318 4319 
3 4319 4318 4320 
3 4319 4320 4321 
3 4321 4320 4264 
3 4321 4264 4292 
3 4292 4264 4323 
3 4292 4323 4322 
3 4322 4323 4265 
3 4322 4265 4324 
3 4324 4265 4266 
3 4324 4266 4294 
3 4294 4266 4267 
3 4294 4267 4296 
3 4296 4267 4269 
3 4296 4269 4297 
3 4297 4269 4270 
3 4297 4270 4325 
3 4325 4270 4327 
3 4325 4327 4326 
3 4326 4327 4272 
3 4326 4272 4329 
3 4329 4272 4328 
3 4329 4328 4301 
3 4301 4328 4331 
3 4301 4331 4330 
3 4330 4331 4274 
3 4330 4274 4332 
3 4332 4274 4275 
3 4332 4275 4303 
3 4303 4275 4278 
3 4303 4278 4304 
3 4304 4278 4279 
3 4304 4279 4333 
3 4333 4279 4334 
3 4333 4334 4307 
3 4307 4334 4282 
3 4307 4282 4308 
3 4308 4282 4336 
3 4308 4336 4335 
3 4335 4336 4337 
3 4335 4337 4311 
3 4311 4337 4338 
3 4311 4338 4312 
3 4312 4338 4284 
3 4312 4284 4313 
3 4313 4284 9524 
3 4313 9524 4339 
3 4340 9556 4341 
3 4341 9556 4342 
3 4341 4342 4343 
3 4343 4342 4344 
3 4343 4344 4263 
3 4263 4344 4219 
3 4263 4219 4345 
3 4345 4219 4221 
3 4345 4221 4346 
3 4346 4221 4347 
3 4346 4347 4348 
3 4348 4347 4349 
3 4348 4349 4350 
3 4350 4349 4351 
3 4350 4351 4352 
3 4352 4351 4223 
3 4352 4223 4268 
3 4268 4223 4225 
3 4268 4225 4353 
3 4353 4225 4354 
3 4353 4354 4355 
3 4355 4354 4356 
3 4355 4356 4271 
3 4271 4356 4228 
3 4271 4228 4357 
3 4357 4228 4358 
3 4357 4358 4273 
3 4273 4358 4359 
3 4273 4359 4360 
3 4360 4359 4229 
3 4360 4229 4362 
3 4362 4229 4361 
3 4362 4361 4276 
3 4276 4361 4363 
3 4276 4363 4277 
3 4277 4363 4230 
3 4277 4230 4280 
3 4280 4230 4364 
3 4280 4364 4366 
3 4366 4364 4365 
3 4366 4365 4281 
3 4281 4365 4234 
3 4281 4234 4183 
3 4183 4234 4235 
3 4183 4235 8903 
3 4367 4368 4200 
3 4200 4368 3653 
3 4200 3653 4201 
3 4201 3653 4369 
3 4201 4369 4203 
3 4203 4369 4187 
3 4203 4187 4206 
3 4206 4187 4189 
3 4206 4189 4207 
3 4207 4189 4191 
3 4207 4191 4208 
3 4208 4191 4370 
3 4208 4370 4371 
3 4371 4370 4193 
3 4371 4193 4209 
3 4209 4193 4372 
3 4209 4372 4211 
3 4211 4372 4194 
3 4211 4194 4373 
3 4373 4194 4195 
3 4373 4195 4212 
3 4212 4195 4374 
3 4212 4374 4213 
3 4213 4374 4375 
3 4213 4375 4376 
3 4376 4375 4377 
3 4376 4377 4216 
3 4216 4377 4196 
3 4216 4196 4378 
3 4378 4196 4198 
3 4378 4198 4217 
3 4217 4198 8873 
3 4217 8873 8923 
3 9554 4379 4380 
3 4380 4379 4285 
3 4380 4285 3787 
3 3787 4285 4287 
3 3787 4287 4381 
3 4381 4287 4288 
3 4381 4288 4382 
3 4382 4288 4383 
3 4382 4383 4384 
3 4384 4383 4385 
3 4384 4385 4386 
3 4386 4385 4290 
3 4386 4290 3775 
3 3775 4290 4291 
3 3775 4291 3774 
3 3774 4291 4293 
3 3774 4293 4387 
3 4387 4293 4388 
3 4387 4388 3772 
3 3772 4388 4390 
3 3772 4390 4389 
3 4389 4390 4295 
3 4389 4295 3913 
3 3913 4295 4298 
3 3913 4298 3915 
3 3915 4298 4299 
3 3915 4299 3970 
3 3970 4299 4391 
3 3970 4391 4392 
3 4392 4391 4300 
3 4392 4300 4393 
3 4393 4300 4394 
3 4393 4394 3966 
3 3966 4394 4302 
3 3966 4302 3965 
3 3965 4302 4395 
3 3965 4395 4397 
3 4397 4395 4396 
3 4397 4396 4398 
3 4398 4396 4305 
3 4398 4305 3963 
3 3963 4305 4306 
3 3963 4306 3962 
3 3962 4306 4399 
3 3962 4399 3961 
3 3961 4399 4309 
3 3961 4309 3959 
3 3959 4309 4310 
3 3959 4310 4096 
3 4096 4310 4400 
3 4096 4400 4401 
3 4401 4400 4402 
3 4401 4402 4403 
3 4403 4402 4404 
3 4403 4404 4030 
3 4030 4404 9125 
3 4030 9125 9143 
3 10052 7440 3511 
3 3511 7440 7441 
3 3511 7441 4405 
3 4405 7441 7443 
3 4405 7443 4407 
3 7443 4406 4407 
3 4407 4406 7444 
3 4407 7444 4408 
3 4408 7444 4409 
3 7444 7438 4409 
3 4409 7438 7466 
3 4409 7466 3517 
3 3517 7466 7465 
3 3517 7465 4410 
3 7465 7445 4410 
3 4410 7445 7446 
3 4410 7446 4411 
3 4411 7446 4412 
3 4411 4412 3522 
3 4412 4413 3522 
3 3522 4413 4414 
3 3522 4414 3523 
3 3523 4414 4415 
3 3523 4415 4416 
3 4416 4415 4417 
3 4416 4417 4418 
3 4417 7437 4418 
3 4418 7437 7436 
3 4418 7436 4419 
3 4419 7436 7433 
3 4419 7433 3531 
3 7433 7431 3531 
3 3531 7431 4420 
3 3531 4420 3532 
3 3532 4420 4421 
3 3532 4421 4422 
3 4422 4421 7429 
3 4422 7429 4424 
3 7429 4423 4424 
3 4424 4423 7416 
3 4424 7416 3537 
3 3537 7416 7421 
3 3537 7421 3536 
3 7421 7419 3536 
3 3536 7419 7418 
3 3536 7418 4425 
3 4425 7418 4426 
3 4425 4426 4428 
3 4426 4427 4428 
3 4428 4427 7450 
3 4428 7450 3540 
3 3540 7450 4429 
3 3540 4429 4430 
3 4429 4431 4430 
3 4430 4431 7424 
3 4430 7424 4432 
3 4432 7424 7423 
3 4432 7423 4433 
3 4433 7423 4434 
3 4433 4434 3543 
3 3543 4434 4435 
3 3543 4435 3542 
3 3542 4435 4436 
3 3542 4436 4437 
3 4436 7415 4437 
3 4437 7415 4438 
3 4437 4438 4439 
3 4439 4438 3541 
3 4438 4440 3541 
3 3541 4440 4441 
3 3541 4441 3545 
3 3545 4441 4442 
3 4441 7872 4442 
3 4442 7872 4443 
3 4442 4443 4445 
3 4445 4443 4444 
3 4445 4444 4446 
3 4446 4444 7887 
3 4446 7887 4447 
3 4447 7887 4448 
3 4447 4448 4449 
3 4449 4448 7873 
3 4449 7873 4450 
3 7873 7989 4450 
3 4450 7989 7987 
3 4450 7987 4451 
3 4451 7987 7850 
3 4451 7850 3548 
3 7850 7851 3548 
3 3548 7851 7852 
3 3548 7852 3549 
3 3549 7852 7858 
3 3549 7858 4452 
3 4452 7858 7856 
3 4452 7856 4454 
3 7856 4453 4454 
3 4454 4453 4456 
3 4454 4456 4455 
3 4455 4456 3424 
3 3424 4456 7853 
3 3424 7853 3426 
3 7853 7849 3426 
3 3426 7849 7847 
3 3426 7847 4457 
3 4457 7847 4458 
3 4457 4458 3428 
3 3428 4458 7846 
3 3428 7846 3429 
3 3429 7846 7836 
3 3429 7836 3430 
3 3430 7836 7835 
3 3430 7835 4459 
3 4459 7835 4460 
3 4459 4460 4461 
3 4461 4460 4462 
3 4461 4462 4463 
3 4463 4462 4464 
3 4463 4464 4465 
3 4465 4464 4466 
3 4465 4466 4468 
3 4466 4467 4468 
3 4468 4467 7831 
3 4468 7831 3456 
3 3456 7831 4469 
3 3456 4469 3457 
3 3457 4469 7888 
3 3457 7888 3436 
3 3436 7888 4470 
3 3436 4470 4471 
3 4471 4470 7829 
3 4471 7829 4472 
3 4472 7829 7387 
3 4472 7387 7827 
3 7820 3441 4473 
3 4473 3441 4474 
3 4473 4474 7827 
3 7827 4474 3438 
3 7827 3438 4472 
3 2136 3431 4475 
3 4475 3431 3432 
3 4475 3432 7820 
3 7820 3432 3433 
3 7820 3433 3441 
3 2267 2269 4510 
3 2305 2291 4567 
3 4567 2291 2280 
3 2273 2276 4511 
3 2259 2262 4476 
3 4481 4496 4477 
3 2256 4488 4489 
3 2798 2256 4478 
3 4478 2256 4489 
3 4478 4489 5156 
3 5156 4489 4479 
3 4477 4480 4481 
3 4481 4480 5400 
3 4481 5400 4494 
3 4494 5400 5192 
3 4494 5192 4493 
3 4490 4485 4479 
3 4479 4485 5193 
3 4479 5193 5156 
3 5192 4482 4493 
3 4493 4482 5197 
3 4493 5197 4483 
3 4483 5197 5195 
3 4483 5195 4490 
3 4490 5195 4484 
3 4490 4484 4485 
3 8170 5201 5202 
3 4486 5204 4487 
3 4487 5204 4504 
3 5199 4501 5159 
3 5159 4501 4504 
3 5159 4504 5200 
3 5200 4504 5204 
3 4488 2259 4489 
3 4489 2259 4476 
3 4489 4476 4479 
3 4479 4476 4491 
3 4479 4491 4490 
3 4490 4491 4492 
3 4490 4492 4483 
3 4483 4492 4554 
3 4483 4554 4493 
3 4493 4554 4555 
3 4493 4555 4494 
3 4494 4555 4495 
3 4494 4495 4481 
3 4481 4495 4556 
3 4481 4556 4496 
3 4496 4556 4497 
3 4496 4497 4551 
3 4551 4497 4560 
3 4551 4560 4550 
3 4550 4560 4498 
3 4550 4498 4508 
3 4508 4498 4499 
3 4508 4499 4507 
3 4507 4499 4500 
3 4507 4500 4501 
3 4501 4500 4502 
3 4501 4502 4504 
3 4504 4502 4503 
3 4504 4503 4487 
3 4487 4503 4564 
3 5199 4505 4501 
3 4501 4505 4506 
3 4501 4506 4507 
3 4507 4506 5157 
3 4507 5157 4508 
3 4508 5157 5344 
3 4508 5344 4550 
3 5202 4486 8170 
3 8170 4486 4487 
3 8170 4487 8169 
3 8169 4487 4564 
3 8169 4564 4509 
3 4509 4564 8110 
3 2269 2273 4510 
3 4510 2273 4511 
3 4510 4511 4513 
3 4513 4511 4512 
3 4513 4512 4514 
3 4514 4512 4568 
3 4514 4568 4553 
3 4553 4568 4569 
3 4553 4569 4515 
3 4515 4569 4516 
3 4515 4516 4557 
3 4557 4516 4571 
3 4557 4571 4558 
3 4558 4571 4572 
3 4558 4572 4559 
3 4559 4572 4517 
3 4559 4517 4518 
3 4518 4517 4519 
3 4518 4519 4561 
3 4561 4519 4574 
3 4561 4574 4562 
3 4562 4574 4575 
3 4562 4575 4520 
3 4520 4575 4521 
3 4520 4521 4563 
3 4563 4521 4576 
3 4563 4576 4565 
3 4565 4576 4579 
3 4565 4579 4566 
3 4566 4579 4580 
3 4525 4526 4522 
3 4522 4526 4729 
3 4570 4731 4523 
3 4523 4731 4524 
3 4523 4524 4525 
3 4525 4524 4730 
3 4525 4730 4526 
3 4727 4726 4527 
3 4527 4726 4723 
3 4527 4723 4528 
3 4528 4723 4529 
3 4528 4529 4570 
3 4570 4529 4530 
3 4570 4530 4731 
3 2280 4531 4567 
3 4567 4531 5003 
3 4567 5003 4527 
3 4527 5003 4532 
3 4527 4532 4727 
3 4533 4534 4539 
3 4539 4534 4535 
3 4535 4534 4809 
3 4535 4809 8074 
3 8074 4809 4536 
3 8074 4536 8071 
3 4537 4538 4580 
3 4580 4538 8106 
3 4580 8106 4566 
3 4533 4539 4540 
3 4540 4539 4578 
3 4540 4578 4834 
3 4834 4578 4577 
3 4834 4577 4835 
3 4546 4541 4577 
3 4577 4541 4542 
3 4577 4542 4835 
3 4548 4544 4543 
3 4543 4544 4545 
3 4543 4545 4546 
3 4546 4545 4547 
3 4546 4547 4541 
3 4729 4728 4522 
3 4522 4728 4721 
3 4522 4721 4573 
3 4573 4721 4549 
3 4573 4549 4548 
3 4548 4549 5031 
3 4548 5031 4544 
3 5344 5205 4550 
3 4550 5205 5155 
3 4550 5155 4551 
3 4551 5155 5583 
3 4551 5583 4496 
3 4496 5583 4552 
3 4496 4552 4477 
3 2262 2267 4476 
3 4476 2267 4510 
3 4476 4510 4491 
3 4491 4510 4513 
3 4491 4513 4492 
3 4492 4513 4514 
3 4492 4514 4554 
3 4554 4514 4553 
3 4554 4553 4555 
3 4555 4553 4515 
3 4555 4515 4495 
3 4495 4515 4557 
3 4495 4557 4556 
3 4556 4557 4558 
3 4556 4558 4497 
3 4497 4558 4559 
3 4497 4559 4560 
3 4560 4559 4518 
3 4560 4518 4498 
3 4498 4518 4561 
3 4498 4561 4499 
3 4499 4561 4562 
3 4499 4562 4500 
3 4500 4562 4520 
3 4500 4520 4502 
3 4502 4520 4563 
3 4502 4563 4503 
3 4503 4563 4565 
3 4503 4565 4564 
3 4564 4565 4566 
3 4564 4566 8110 
3 8110 4566 8106 
3 2276 2305 4511 
3 4511 2305 4567 
3 4511 4567 4512 
3 4512 4567 4527 
3 4512 4527 4568 
3 4568 4527 4528 
3 4568 4528 4569 
3 4569 4528 4570 
3 4569 4570 4516 
3 4516 4570 4523 
3 4516 4523 4571 
3 4571 4523 4525 
3 4571 4525 4572 
3 4572 4525 4522 
3 4572 4522 4517 
3 4517 4522 4573 
3 4517 4573 4519 
3 4519 4573 4548 
3 4519 4548 4574 
3 4574 4548 4543 
3 4574 4543 4575 
3 4575 4543 4546 
3 4575 4546 4521 
3 4521 4546 4577 
3 4521 4577 4576 
3 4576 4577 4578 
3 4576 4578 4579 
3 4579 4578 4539 
3 4579 4539 4580 
3 4580 4539 4535 
3 4580 4535 4537 
3 4537 4535 8074 
3 2488 2490 4988 
3 2467 4581 4965 
3 2464 2463 4964 
3 2457 4582 4950 
3 2454 2452 4939 
3 2440 2442 4907 
3 4906 4889 4583 
3 4584 2433 4872 
3 2418 2401 4857 
3 4585 4632 4760 
3 4633 5080 4732 
3 4630 4586 4587 
3 4620 4643 4588 
3 4649 8095 8094 
3 8082 4599 4589 
3 8077 8071 4536 
3 4590 4591 4808 
3 4808 4591 8076 
3 4808 8076 8077 
3 4592 4593 4590 
3 4590 4593 8078 
3 4590 8078 4591 
3 4720 4594 4592 
3 4592 4594 8079 
3 4592 8079 4593 
3 4597 8081 4720 
3 4720 8081 8080 
3 4720 8080 4594 
3 8082 4595 4717 
3 4717 4595 4596 
3 4717 4596 4597 
3 4597 4596 4598 
3 4597 4598 8081 
3 4707 4706 4599 
3 4600 8084 4706 
3 4706 8084 4601 
3 4706 4601 4599 
3 4605 4602 4600 
3 4600 4602 4603 
3 4600 4603 8084 
3 4702 4607 4605 
3 4605 4607 4604 
3 4605 4604 4602 
3 4608 8085 4702 
3 4702 8085 4606 
3 4702 4606 4607 
3 4699 8086 4608 
3 4608 8086 4609 
3 4608 4609 8085 
3 4612 8186 4699 
3 4699 8186 4610 
3 4699 4610 8086 
3 4697 4611 4612 
3 4612 4611 4613 
3 4612 4613 8186 
3 4696 4614 4697 
3 4697 4614 8087 
3 4697 8087 4611 
3 4616 4617 4696 
3 4696 4617 8088 
3 4696 8088 4614 
3 4618 4615 4616 
3 4616 4615 8090 
3 4616 8090 4617 
3 4651 8092 4618 
3 4618 8092 8091 
3 4618 8091 4615 
3 4644 4619 4588 
3 4588 4619 8097 
3 4588 8097 4620 
3 4621 8099 4644 
3 4644 8099 8096 
3 4644 8096 4619 
3 4646 8100 4621 
3 4621 8100 4622 
3 4621 4622 8099 
3 8103 8102 4648 
3 4648 8102 8101 
3 4648 8101 4646 
3 4646 8101 4623 
3 4646 4623 8100 
3 4638 5097 4639 
3 4639 5097 5096 
3 4639 5096 4641 
3 4635 4624 5091 
3 5091 5090 4635 
3 4635 5090 4625 
3 4635 4625 4626 
3 4625 4627 4626 
3 4626 4627 4629 
3 4626 4629 4628 
3 4628 4629 5093 
3 4628 5093 4638 
3 4638 5093 5098 
3 4638 5098 5097 
3 5085 5084 4688 
3 4688 5084 4630 
3 5088 8103 4631 
3 4631 8103 4648 
3 4631 4648 5087 
3 5087 4648 5086 
3 4632 5078 4784 
3 4784 5078 4633 
3 5080 5081 4634 
3 4634 5081 5082 
3 4634 5082 5085 
3 4841 4624 4842 
3 4842 4624 4635 
3 4842 4635 4636 
3 4636 4635 4626 
3 4636 4626 4637 
3 4637 4626 4628 
3 4637 4628 4844 
3 4844 4628 4638 
3 4844 4638 4640 
3 4640 4638 4639 
3 4640 4639 4642 
3 4642 4639 4641 
3 4642 4641 4847 
3 4847 4641 4838 
3 4650 4692 4643 
3 4643 4692 4691 
3 4643 4691 4588 
3 4588 4691 4690 
3 4588 4690 4644 
3 4644 4690 4645 
3 4644 4645 4621 
3 4621 4645 4647 
3 4621 4647 4646 
3 4646 4647 4587 
3 4646 4587 4648 
3 4648 4587 4586 
3 4648 4586 5086 
3 4643 8095 4650 
3 4650 8095 4649 
3 4650 4649 4651 
3 4651 4649 8093 
3 4651 8093 8092 
3 4927 4924 4652 
3 4652 4924 4653 
3 4652 4653 4928 
3 4928 4653 4922 
3 4928 4922 4654 
3 4654 4922 4921 
3 4654 4921 4655 
3 4655 4921 4920 
3 4655 4920 4930 
3 4930 4920 4656 
3 4930 4656 4932 
3 4932 4656 4918 
3 4932 4918 5014 
3 5014 4918 4916 
3 4965 4966 4973 
3 4973 4966 4657 
3 4973 4657 4972 
3 4972 4657 4962 
3 4972 4962 4970 
3 4970 4962 4658 
3 4970 4658 4659 
3 4659 4658 4960 
3 4659 4960 4969 
3 4969 4960 4660 
3 4969 4660 4662 
3 4662 4660 4661 
3 4662 4661 4663 
3 4663 4661 5022 
3 4664 4978 4985 
3 4985 4978 4665 
3 4985 4665 4984 
3 4984 4665 4666 
3 4984 4666 4983 
3 4983 4666 4971 
3 4983 4971 4982 
3 4982 4971 4667 
3 4982 4667 4980 
3 4980 4667 4668 
3 4980 4668 4979 
3 4979 4668 4669 
3 4979 4669 4670 
3 4670 4669 4968 
3 5026 5027 4671 
3 4671 5027 4673 
3 4671 4673 4672 
3 4672 4673 4682 
3 4672 4682 4992 
3 4992 4682 4674 
3 4992 4674 4990 
3 4990 4674 4684 
3 4990 4684 4675 
3 4675 4684 4677 
3 4675 4677 4676 
3 4676 4677 4678 
3 4676 4678 4988 
3 4995 4679 4680 
3 5027 5029 4673 
3 4673 5029 4681 
3 4673 4681 4682 
3 4682 4681 4683 
3 4682 4683 4674 
3 4674 4683 4685 
3 4674 4685 4684 
3 4684 4685 4686 
3 4684 4686 4677 
3 4677 4686 4687 
3 4677 4687 4678 
3 4630 4587 4688 
3 4688 4587 4647 
3 4688 4647 4810 
3 4810 4647 4645 
3 4810 4645 4689 
3 4689 4645 4690 
3 4689 4690 4813 
3 4813 4690 4691 
3 4813 4691 4814 
3 4814 4691 4692 
3 4814 4692 4693 
3 4693 4692 4650 
3 4693 4650 4816 
3 4816 4650 4651 
3 4816 4651 4694 
3 4694 4651 4618 
3 4694 4618 4695 
3 4695 4618 4616 
3 4695 4616 4817 
3 4817 4616 4696 
3 4817 4696 4819 
3 4819 4696 4697 
3 4819 4697 4698 
3 4698 4697 4612 
3 4698 4612 4821 
3 4821 4612 4699 
3 4821 4699 4700 
3 4700 4699 4608 
3 4700 4608 4701 
3 4701 4608 4702 
3 4701 4702 4703 
3 4703 4702 4605 
3 4703 4605 4704 
3 4704 4605 4600 
3 4704 4600 4825 
3 4825 4600 4706 
3 4825 4706 4705 
3 4705 4706 4707 
3 4705 4707 4708 
3 4708 4707 4718 
3 4708 4718 4709 
3 4709 4718 4719 
3 4709 4719 4828 
3 4828 4719 4711 
3 4828 4711 4710 
3 4710 4711 4712 
3 4710 4712 4713 
3 4713 4712 4714 
3 4713 4714 4716 
3 4716 4714 4715 
3 4716 4715 4833 
3 4599 8082 4707 
3 4707 8082 4717 
3 4707 4717 4718 
3 4718 4717 4597 
3 4718 4597 4719 
3 4719 4597 4720 
3 4719 4720 4711 
3 4711 4720 4592 
3 4711 4592 4712 
3 4712 4592 4590 
3 4712 4590 4714 
3 4714 4590 4808 
3 4714 4808 4715 
3 5031 4549 5002 
3 5002 4549 4721 
3 5002 4721 5001 
3 5001 4721 4728 
3 5001 4728 5000 
3 4998 4731 4722 
3 4722 4731 4530 
3 4530 4529 4722 
3 4722 4529 4723 
3 4722 4723 4724 
3 4724 4723 4726 
3 4724 4726 4725 
3 4725 4726 4727 
3 4725 4727 4532 
3 4728 4729 5000 
3 5000 4729 4526 
3 5000 4526 4999 
3 4999 4526 4730 
3 4999 4730 4998 
3 4998 4730 4524 
3 4998 4524 4731 
3 4832 4835 4542 
3 5080 4634 4732 
3 4732 4634 4811 
3 4732 4811 4785 
3 4785 4811 4812 
3 4785 4812 4734 
3 4734 4812 4733 
3 4734 4733 4735 
3 4735 4733 4815 
3 4735 4815 4736 
3 4736 4815 4737 
3 4736 4737 4788 
3 4788 4737 4738 
3 4788 4738 4739 
3 4739 4738 4740 
3 4739 4740 4790 
3 4790 4740 4818 
3 4790 4818 4741 
3 4741 4818 4742 
3 4741 4742 4743 
3 4743 4742 4820 
3 4743 4820 4744 
3 4744 4820 4745 
3 4744 4745 4795 
3 4795 4745 4822 
3 4795 4822 4746 
3 4746 4822 4747 
3 4746 4747 4748 
3 4748 4747 4823 
3 4748 4823 4797 
3 4797 4823 4749 
3 4797 4749 4799 
3 4799 4749 4824 
3 4799 4824 4750 
3 4750 4824 4826 
3 4750 4826 4751 
3 4751 4826 4827 
3 4751 4827 4752 
3 4752 4827 4753 
3 4752 4753 4754 
3 4754 4753 4755 
3 4754 4755 4804 
3 4804 4755 4756 
3 4804 4756 4757 
3 4757 4756 4829 
3 4757 4829 4758 
3 4758 4829 4830 
3 4758 4830 4806 
3 4806 4830 4831 
3 4806 4831 4807 
3 4807 4831 4832 
3 4807 4832 4759 
3 4759 4832 4542 
3 4759 4542 4541 
3 4545 4544 5030 
3 4632 4784 4760 
3 4760 4784 4761 
3 4760 4761 4762 
3 4762 4761 4786 
3 4762 4786 4763 
3 4763 4786 4787 
3 4763 4787 5005 
3 5005 4787 4764 
3 5005 4764 5006 
3 5006 4764 4789 
3 5006 4789 5008 
3 5008 4789 4791 
3 5008 4791 4765 
3 4765 4791 4792 
3 4765 4792 5011 
3 5011 4792 4766 
3 5011 4766 4767 
3 4767 4766 4793 
3 4767 4793 4768 
3 4768 4793 4794 
3 4768 4794 5013 
3 5013 4794 4770 
3 5013 4770 4769 
3 4769 4770 4771 
3 4769 4771 4772 
3 4772 4771 4773 
3 4772 4773 5015 
3 5015 4773 4796 
3 5015 4796 5017 
3 5017 4796 4798 
3 5017 4798 5019 
3 5019 4798 4800 
3 5019 4800 4774 
3 4774 4800 4801 
3 4774 4801 5021 
3 5021 4801 4775 
3 5021 4775 4776 
3 4776 4775 4802 
3 4776 4802 5023 
3 5023 4802 4803 
3 5023 4803 4777 
3 4777 4803 4805 
3 4777 4805 4778 
3 4778 4805 4779 
3 4778 4779 5025 
3 5025 4779 4780 
3 5025 4780 4781 
3 4781 4780 4782 
3 4781 4782 5028 
3 5028 4782 4783 
3 5028 4783 5030 
3 5030 4783 4547 
3 5030 4547 4545 
3 4633 4732 4784 
3 4784 4732 4785 
3 4784 4785 4761 
3 4761 4785 4734 
3 4761 4734 4786 
3 4786 4734 4735 
3 4786 4735 4787 
3 4787 4735 4736 
3 4787 4736 4764 
3 4764 4736 4788 
3 4764 4788 4789 
3 4789 4788 4739 
3 4789 4739 4791 
3 4791 4739 4790 
3 4791 4790 4792 
3 4792 4790 4741 
3 4792 4741 4766 
3 4766 4741 4743 
3 4766 4743 4793 
3 4793 4743 4744 
3 4793 4744 4794 
3 4794 4744 4795 
3 4794 4795 4770 
3 4770 4795 4746 
3 4770 4746 4771 
3 4771 4746 4748 
3 4771 4748 4773 
3 4773 4748 4797 
3 4773 4797 4796 
3 4796 4797 4799 
3 4796 4799 4798 
3 4798 4799 4750 
3 4798 4750 4800 
3 4800 4750 4751 
3 4800 4751 4801 
3 4801 4751 4752 
3 4801 4752 4775 
3 4775 4752 4754 
3 4775 4754 4802 
3 4802 4754 4804 
3 4802 4804 4803 
3 4803 4804 4757 
3 4803 4757 4805 
3 4805 4757 4758 
3 4805 4758 4779 
3 4779 4758 4806 
3 4779 4806 4780 
3 4780 4806 4807 
3 4780 4807 4782 
3 4782 4807 4759 
3 4782 4759 4783 
3 4783 4759 4541 
3 4783 4541 4547 
3 4540 4834 4833 
3 8077 4536 4808 
3 4808 4536 4809 
3 4808 4809 4715 
3 4715 4809 4534 
3 4715 4534 4833 
3 4833 4534 4533 
3 4833 4533 4540 
3 5085 4688 4634 
3 4634 4688 4810 
3 4634 4810 4811 
3 4811 4810 4689 
3 4811 4689 4812 
3 4812 4689 4813 
3 4812 4813 4733 
3 4733 4813 4814 
3 4733 4814 4815 
3 4815 4814 4693 
3 4815 4693 4737 
3 4737 4693 4816 
3 4737 4816 4738 
3 4738 4816 4694 
3 4738 4694 4740 
3 4740 4694 4695 
3 4740 4695 4818 
3 4818 4695 4817 
3 4818 4817 4742 
3 4742 4817 4819 
3 4742 4819 4820 
3 4820 4819 4698 
3 4820 4698 4745 
3 4745 4698 4821 
3 4745 4821 4822 
3 4822 4821 4700 
3 4822 4700 4747 
3 4747 4700 4701 
3 4747 4701 4823 
3 4823 4701 4703 
3 4823 4703 4749 
3 4749 4703 4704 
3 4749 4704 4824 
3 4824 4704 4825 
3 4824 4825 4826 
3 4826 4825 4705 
3 4826 4705 4827 
3 4827 4705 4708 
3 4827 4708 4753 
3 4753 4708 4709 
3 4753 4709 4755 
3 4755 4709 4828 
3 4755 4828 4756 
3 4756 4828 4710 
3 4756 4710 4829 
3 4829 4710 4713 
3 4829 4713 4830 
3 4830 4713 4716 
3 4830 4716 4831 
3 4831 4716 4833 
3 4831 4833 4832 
3 4832 4833 4834 
3 4832 4834 4835 
3 4624 2511 5091 
3 5091 2511 4837 
3 5091 4837 4836 
3 4836 4837 2523 
3 5096 5095 4641 
3 4641 5095 5094 
3 4641 5094 4838 
3 4838 5094 5076 
3 4838 5076 4585 
3 2402 4839 4841 
3 4841 4839 2512 
3 4841 2512 4624 
3 4624 2512 4840 
3 4624 4840 2511 
3 2401 2402 4857 
3 4857 2402 4841 
3 4857 4841 4855 
3 4855 4841 4842 
3 4855 4842 4854 
3 4854 4842 4636 
3 4854 4636 4843 
3 4843 4636 4637 
3 4843 4637 4851 
3 4851 4637 4844 
3 4851 4844 4850 
3 4850 4844 4640 
3 4850 4640 4845 
3 4845 4640 4642 
3 4845 4642 4846 
3 4846 4642 4847 
3 4846 5004 4845 
3 4845 5004 4848 
3 4845 4848 4850 
3 4850 4848 4849 
3 4850 4849 4851 
3 4851 4849 4852 
3 4851 4852 4843 
3 4843 4852 4853 
3 4843 4853 4854 
3 4854 4853 4856 
3 4854 4856 4855 
3 4855 4856 4861 
3 4855 4861 4857 
3 4857 4861 4858 
3 4857 4858 2418 
3 2406 2415 4858 
3 4858 2415 4859 
3 4858 4859 2418 
3 5004 5007 4848 
3 4848 5007 4864 
3 4848 4864 4849 
3 4849 4864 4866 
3 4849 4866 4852 
3 4852 4866 4867 
3 4852 4867 4853 
3 4853 4867 4860 
3 4853 4860 4856 
3 4856 4860 4869 
3 4856 4869 4861 
3 4861 4869 4870 
3 4861 4870 4858 
3 4858 4870 4871 
3 4858 4871 2406 
3 4862 4863 4871 
3 4871 4863 2423 
3 4871 2423 2406 
3 5007 5009 4864 
3 4864 5009 4884 
3 4864 4884 4866 
3 4866 4884 4865 
3 4866 4865 4867 
3 4867 4865 4880 
3 4867 4880 4860 
3 4860 4880 4868 
3 4860 4868 4869 
3 4869 4868 4878 
3 4869 4878 4870 
3 4870 4878 4877 
3 4870 4877 4871 
3 4871 4877 4874 
3 4871 4874 4862 
3 4862 4874 4873 
3 2433 4873 4872 
3 4872 4873 4874 
3 4872 4874 4875 
3 4875 4874 4877 
3 4875 4877 4876 
3 4876 4877 4878 
3 4876 4878 4879 
3 4879 4878 4868 
3 4879 4868 4881 
3 4881 4868 4880 
3 4881 4880 4882 
3 4882 4880 4865 
3 4882 4865 4883 
3 4883 4865 4884 
3 4883 4884 5010 
3 5010 4884 5009 
3 5010 4901 4883 
3 4883 4901 4885 
3 4883 4885 4882 
3 4882 4885 4898 
3 4882 4898 4881 
3 4881 4898 4896 
3 4881 4896 4879 
3 4879 4896 4894 
3 4879 4894 4876 
3 4876 4894 4886 
3 4876 4886 4875 
3 4875 4886 4892 
3 4875 4892 4872 
3 4872 4892 4888 
3 4872 4888 4584 
3 4890 4887 4888 
3 4888 4887 2437 
3 4888 2437 4584 
3 4889 4890 4583 
3 4583 4890 4888 
3 4583 4888 4891 
3 4891 4888 4892 
3 4891 4892 4893 
3 4893 4892 4886 
3 4893 4886 4903 
3 4903 4886 4894 
3 4903 4894 4895 
3 4895 4894 4896 
3 4895 4896 4897 
3 4897 4896 4898 
3 4897 4898 4899 
3 4899 4898 4885 
3 4899 4885 4900 
3 4900 4885 4901 
3 4900 5012 4899 
3 4899 5012 4914 
3 4899 4914 4897 
3 4897 4914 4902 
3 4897 4902 4895 
3 4895 4902 4913 
3 4895 4913 4903 
3 4903 4913 4910 
3 4903 4910 4893 
3 4893 4910 4904 
3 4893 4904 4891 
3 4891 4904 4905 
3 4891 4905 4583 
3 4583 4905 4908 
3 4583 4908 4906 
3 2445 2444 4908 
3 4908 2444 2443 
3 4908 2443 4906 
3 2442 2445 4907 
3 4907 2445 4908 
3 4907 4908 4923 
3 4923 4908 4905 
3 4923 4905 4909 
3 4909 4905 4904 
3 4909 4904 4919 
3 4919 4904 4910 
3 4919 4910 4911 
3 4911 4910 4913 
3 4911 4913 4912 
3 4912 4913 4902 
3 4912 4902 4917 
3 4917 4902 4914 
3 4917 4914 4915 
3 4915 4914 5012 
3 4915 4916 4917 
3 4917 4916 4918 
3 4917 4918 4912 
3 4912 4918 4656 
3 4912 4656 4911 
3 4911 4656 4920 
3 4911 4920 4919 
3 4919 4920 4921 
3 4919 4921 4909 
3 4909 4921 4922 
3 4909 4922 4923 
3 4923 4922 4653 
3 4923 4653 4907 
3 4907 4653 4924 
3 4907 4924 2440 
3 2440 4924 4925 
3 2451 2450 4927 
3 4927 2450 4926 
3 4927 4926 4924 
3 4924 4926 2449 
3 4924 2449 4925 
3 2452 2451 4939 
3 4939 2451 4927 
3 4939 4927 4938 
3 4938 4927 4652 
3 4938 4652 4936 
3 4936 4652 4928 
3 4936 4928 4929 
3 4929 4928 4654 
3 4929 4654 4934 
3 4934 4654 4655 
3 4934 4655 4933 
3 4933 4655 4930 
3 4933 4930 4931 
3 4931 4930 4932 
3 4931 4932 5016 
3 5016 4932 5014 
3 5016 4941 4931 
3 4931 4941 4942 
3 4931 4942 4933 
3 4933 4942 4944 
3 4933 4944 4934 
3 4934 4944 4935 
3 4934 4935 4929 
3 4929 4935 4937 
3 4929 4937 4936 
3 4936 4937 4947 
3 4936 4947 4938 
3 4938 4947 4948 
3 4938 4948 4939 
3 4939 4948 4950 
3 4939 4950 2454 
3 2454 4950 4582 
3 4952 4940 4953 
3 4953 4940 4951 
3 4941 5018 4942 
3 4942 5018 4943 
3 4942 4943 4944 
3 4944 4943 4958 
3 4944 4958 4935 
3 4935 4958 4945 
3 4935 4945 4937 
3 4937 4945 4946 
3 4937 4946 4947 
3 4947 4946 4955 
3 4947 4955 4948 
3 4948 4955 4949 
3 4948 4949 4950 
3 4950 4949 4953 
3 4950 4953 2457 
3 2457 4953 4951 
3 2463 4952 4964 
3 4964 4952 4953 
3 4964 4953 4963 
3 4963 4953 4949 
3 4963 4949 4954 
3 4954 4949 4955 
3 4954 4955 4961 
3 4961 4955 4946 
3 4961 4946 4956 
3 4956 4946 4945 
3 4956 4945 4957 
3 4957 4945 4958 
3 4957 4958 4959 
3 4959 4958 4943 
3 4959 4943 5020 
3 5020 4943 5018 
3 5020 5022 4959 
3 4959 5022 4661 
3 4959 4661 4957 
3 4957 4661 4660 
3 4957 4660 4956 
3 4956 4660 4960 
3 4956 4960 4961 
3 4961 4960 4658 
3 4961 4658 4954 
3 4954 4658 4962 
3 4954 4962 4963 
3 4963 4962 4657 
3 4963 4657 4964 
3 4964 4657 4966 
3 4964 4966 2464 
3 4581 2465 4965 
3 4965 2465 2459 
3 4965 2459 4966 
3 4966 2459 4967 
3 4966 4967 2464 
3 4663 4968 4662 
3 4662 4968 4669 
3 4662 4669 4969 
3 4969 4669 4668 
3 4969 4668 4659 
3 4659 4668 4667 
3 4659 4667 4970 
3 4970 4667 4971 
3 4970 4971 4972 
3 4972 4971 4666 
3 4972 4666 4973 
3 4973 4666 4665 
3 4973 4665 4965 
3 4965 4665 4978 
3 4965 4978 2467 
3 2491 4974 4989 
3 4989 4974 4975 
3 4976 2484 4664 
3 4664 2484 4977 
3 4664 4977 4978 
3 4978 4977 2483 
3 4978 2483 2467 
3 4670 5024 4979 
3 4979 5024 4994 
3 4979 4994 4980 
3 4980 4994 4981 
3 4980 4981 4982 
3 4982 4981 4993 
3 4982 4993 4983 
3 4983 4993 4991 
3 4983 4991 4984 
3 4984 4991 4986 
3 4984 4986 4985 
3 4985 4986 4987 
3 4985 4987 4664 
3 4664 4987 4989 
3 4664 4989 4976 
3 4976 4989 4975 
3 2490 2491 4988 
3 4988 2491 4989 
3 4988 4989 4676 
3 4676 4989 4987 
3 4676 4987 4675 
3 4675 4987 4986 
3 4675 4986 4990 
3 4990 4986 4991 
3 4990 4991 4992 
3 4992 4991 4993 
3 4992 4993 4672 
3 4672 4993 4981 
3 4672 4981 4671 
3 4671 4981 4994 
3 4671 4994 5026 
3 5026 4994 5024 
3 4687 4995 4678 
3 4678 4995 4680 
3 4678 4680 4988 
3 4988 4680 2487 
3 4988 2487 2488 
3 4725 2504 4996 
3 2503 2500 4679 
3 4679 2500 2502 
3 4679 2502 4680 
3 4680 2502 4997 
3 4680 4997 2487 
3 4996 2503 4725 
3 4725 2503 4679 
3 4725 4679 4724 
3 4724 4679 4995 
3 4724 4995 4722 
3 4722 4995 4687 
3 4722 4687 4998 
3 4998 4687 4686 
3 4998 4686 4999 
3 4999 4686 4685 
3 4999 4685 5000 
3 5000 4685 4683 
3 5000 4683 5001 
3 5001 4683 4681 
3 5001 4681 5002 
3 5002 4681 5029 
3 2280 2504 4531 
3 4531 2504 4725 
3 4531 4725 5003 
3 5003 4725 4532 
3 4585 4760 4838 
3 4838 4760 4762 
3 4838 4762 4847 
3 4847 4762 4763 
3 4847 4763 4846 
3 4846 4763 5005 
3 4846 5005 5004 
3 5004 5005 5006 
3 5004 5006 5007 
3 5007 5006 5008 
3 5007 5008 5009 
3 5009 5008 4765 
3 5009 4765 5010 
3 5010 4765 5011 
3 5010 5011 4901 
3 4901 5011 4767 
3 4901 4767 4900 
3 4900 4767 4768 
3 4900 4768 5012 
3 5012 4768 5013 
3 5012 5013 4915 
3 4915 5013 4769 
3 4915 4769 4916 
3 4916 4769 4772 
3 4916 4772 5014 
3 5014 4772 5015 
3 5014 5015 5016 
3 5016 5015 5017 
3 5016 5017 4941 
3 4941 5017 5019 
3 4941 5019 5018 
3 5018 5019 4774 
3 5018 4774 5020 
3 5020 4774 5021 
3 5020 5021 5022 
3 5022 5021 4776 
3 5022 4776 4663 
3 4663 4776 5023 
3 4663 5023 4968 
3 4968 5023 4777 
3 4968 4777 4670 
3 4670 4777 4778 
3 4670 4778 5024 
3 5024 4778 5025 
3 5024 5025 5026 
3 5026 5025 4781 
3 5026 4781 5027 
3 5027 4781 5028 
3 5027 5028 5029 
3 5029 5028 5030 
3 5029 5030 5002 
3 5002 5030 4544 
3 5002 4544 5031 
3 5032 5033 5130 
3 5034 5035 5094 
3 5147 5075 5073 
3 5094 5035 5076 
3 2541 2588 5057 
3 5074 2526 5129 
3 2556 2557 5056 
3 2545 5148 5146 
3 2523 2545 4836 
3 4836 2545 5146 
3 4836 5146 5091 
3 5091 5146 5145 
3 5105 5343 5036 
3 5036 5343 5342 
3 5036 5342 5037 
3 5049 5284 5048 
3 5048 5284 5100 
3 5048 5100 5101 
3 5342 5314 5037 
3 5037 5314 5313 
3 5037 5313 5049 
3 5049 5313 5285 
3 5049 5285 5284 
3 5040 5058 5055 
3 2557 2563 5056 
3 5056 2563 5038 
3 5056 5038 5055 
3 5055 5038 5039 
3 5055 5039 5040 
3 5045 5041 5042 
3 5042 5041 5043 
3 5063 5064 5052 
3 5052 5064 5044 
3 5052 5044 5045 
3 5045 5044 5046 
3 5045 5046 5041 
3 5047 5099 5101 
3 5101 5099 5107 
3 5101 5107 5048 
3 5048 5107 5109 
3 5048 5109 5049 
3 5049 5109 5112 
3 5049 5112 5037 
3 5037 5112 5115 
3 5037 5115 5036 
3 5036 5115 5116 
3 5036 5116 5105 
3 5105 5116 5117 
3 5105 5117 5050 
3 5050 5117 5051 
3 5050 5051 5042 
3 5042 5051 5121 
3 5042 5121 5045 
3 5045 5121 5122 
3 5045 5122 5052 
3 5052 5122 5124 
3 5052 5124 5063 
3 5063 5124 5053 
3 5063 5053 5054 
3 5054 5053 5125 
3 5054 5125 5055 
3 5055 5125 5127 
3 5055 5127 5056 
3 5056 5127 5057 
3 5056 5057 2556 
3 2556 5057 2588 
3 5058 5059 5055 
3 5055 5059 5060 
3 5055 5060 5054 
3 5054 5060 5061 
3 5054 5061 5063 
3 5063 5061 5062 
3 5063 5062 5064 
3 5108 5065 5110 
3 5110 5065 5066 
3 5110 5066 5111 
3 5111 5066 5131 
3 5111 5131 5113 
3 5113 5131 5067 
3 5113 5067 5114 
3 5114 5067 5068 
3 5114 5068 5118 
3 5118 5068 5069 
3 5118 5069 5119 
3 5119 5069 5135 
3 5119 5135 5120 
3 5120 5135 5136 
3 5120 5136 5070 
3 5070 5136 5137 
3 5070 5137 5123 
3 5123 5137 5138 
3 5123 5138 5071 
3 5071 5138 5139 
3 5071 5139 5072 
3 5072 5139 5141 
3 5072 5141 5126 
3 5126 5141 5143 
3 5126 5143 5128 
3 5128 5143 5144 
3 5128 5144 5129 
3 5129 5144 5073 
3 5129 5073 5074 
3 5074 5073 5075 
3 5076 5035 4585 
3 4585 5035 5077 
3 4585 5077 4632 
3 4632 5077 5079 
3 4632 5079 5078 
3 5078 5079 4633 
3 4633 5079 5134 
3 4633 5134 5080 
3 5080 5134 5133 
3 5080 5133 5081 
3 5081 5133 5082 
3 5082 5133 5132 
3 5082 5132 5085 
3 5086 4586 5083 
3 5083 4586 4630 
3 5083 4630 5132 
3 5132 4630 5084 
3 5132 5084 5085 
3 5086 5083 5087 
3 5087 5083 5130 
3 5087 5130 4631 
3 4631 5130 5033 
3 4631 5033 5088 
3 5089 4625 5145 
3 5145 4625 5090 
3 5145 5090 5091 
3 5092 5093 5142 
3 5142 5093 4629 
3 5142 4629 5089 
3 5089 4629 4627 
3 5089 4627 4625 
3 5094 5095 5034 
3 5034 5095 5096 
3 5034 5096 5140 
3 5140 5096 5097 
3 5140 5097 5092 
3 5092 5097 5098 
3 5092 5098 5093 
3 8177 8178 5047 
3 5047 8178 8180 
3 5047 8180 5099 
3 5100 5371 5101 
3 5101 5371 5102 
3 5101 5102 5047 
3 5047 5102 5370 
3 5047 5370 8177 
3 8177 5370 5368 
3 8177 5368 8111 
3 5043 5103 5042 
3 5042 5103 5104 
3 5042 5104 5050 
3 5050 5104 5278 
3 5050 5278 5105 
3 5105 5278 5609 
3 5105 5609 5343 
3 8182 8183 5108 
3 5108 8183 5106 
3 5108 5106 5065 
3 8180 8182 5099 
3 5099 8182 5108 
3 5099 5108 5107 
3 5107 5108 5110 
3 5107 5110 5109 
3 5109 5110 5111 
3 5109 5111 5112 
3 5112 5111 5113 
3 5112 5113 5115 
3 5115 5113 5114 
3 5115 5114 5116 
3 5116 5114 5118 
3 5116 5118 5117 
3 5117 5118 5119 
3 5117 5119 5051 
3 5051 5119 5120 
3 5051 5120 5121 
3 5121 5120 5070 
3 5121 5070 5122 
3 5122 5070 5123 
3 5122 5123 5124 
3 5124 5123 5071 
3 5124 5071 5053 
3 5053 5071 5072 
3 5053 5072 5125 
3 5125 5072 5126 
3 5125 5126 5127 
3 5127 5126 5128 
3 5127 5128 5057 
3 5057 5128 5129 
3 5057 5129 2541 
3 2541 5129 2526 
3 5106 5032 5065 
3 5065 5032 5130 
3 5065 5130 5066 
3 5066 5130 5083 
3 5066 5083 5131 
3 5131 5083 5132 
3 5131 5132 5067 
3 5067 5132 5133 
3 5067 5133 5068 
3 5068 5133 5134 
3 5068 5134 5069 
3 5069 5134 5079 
3 5069 5079 5135 
3 5135 5079 5077 
3 5135 5077 5136 
3 5136 5077 5035 
3 5136 5035 5137 
3 5137 5035 5034 
3 5137 5034 5138 
3 5138 5034 5140 
3 5138 5140 5139 
3 5139 5140 5092 
3 5139 5092 5141 
3 5141 5092 5142 
3 5141 5142 5143 
3 5143 5142 5089 
3 5143 5089 5144 
3 5144 5089 5145 
3 5144 5145 5073 
3 5073 5145 5146 
3 5073 5146 5147 
3 5147 5146 5148 
3 2766 2768 5557 
3 2749 5535 5536 
3 2739 5149 5531 
3 5517 5150 5515 
3 2721 5151 5490 
3 5473 2712 5152 
3 5459 5153 5458 
3 5154 2686 5432 
3 5583 5155 5584 
3 4478 5156 5403 
3 5344 5157 5158 
3 5159 5200 5229 
3 8171 8173 5203 
3 5367 8111 5368 
3 5277 8120 5367 
3 8120 5277 5160 
3 5160 5277 5275 
3 5160 5275 8118 
3 8118 5275 8116 
3 8116 5275 5273 
3 8116 5273 8115 
3 8115 5273 5161 
3 5161 5273 5163 
3 5161 5163 5162 
3 5162 5163 8112 
3 8112 5163 5164 
3 8112 5164 5165 
3 5165 5164 5166 
3 5166 5164 5167 
3 5166 5167 5168 
3 5168 5167 5170 
3 5168 5170 8128 
3 8128 5170 5169 
3 5169 5170 5171 
3 5169 5171 5172 
3 5172 5171 8124 
3 8124 5171 5174 
3 8124 5174 8123 
3 8123 5174 5173 
3 5173 5174 5175 
3 5173 5175 8122 
3 8122 5175 5176 
3 5176 5175 5270 
3 5176 5270 8137 
3 8137 5270 8136 
3 8136 5270 5269 
3 8136 5269 8134 
3 8134 5269 8132 
3 8132 5269 5268 
3 8132 5268 8142 
3 8142 5268 5267 
3 8142 5267 8143 
3 5266 5263 5177 
3 5177 8147 5266 
3 5266 8147 8146 
3 5266 8146 5267 
3 5267 8146 5178 
3 5267 5178 8143 
3 5179 5261 8151 
3 8151 5180 5179 
3 5179 5180 5181 
3 5179 5181 5263 
3 5263 5181 8148 
3 5263 8148 5177 
3 5259 5258 8158 
3 8158 8156 5259 
3 5259 8156 8155 
3 5259 8155 5261 
3 5261 8155 8152 
3 5261 8152 8151 
3 5184 5182 5183 
3 5183 8165 5184 
3 5184 8165 8159 
3 5184 8159 5258 
3 5258 8159 5185 
3 5258 5185 8158 
3 5254 5190 8161 
3 8161 8162 5254 
3 5254 8162 5186 
3 5254 5186 5182 
3 5182 5186 5187 
3 5182 5187 5183 
3 5203 8173 5253 
3 8173 5188 5253 
3 5253 5188 5189 
3 5253 5189 5190 
3 5190 5189 8160 
3 5190 8160 8161 
3 5198 5192 5191 
3 5191 5192 5400 
3 5191 5400 5411 
3 5403 5156 5406 
3 5156 5193 5406 
3 5406 5193 4485 
3 5406 4485 5194 
3 4485 4484 5194 
3 5194 4484 5195 
3 5194 5195 5196 
3 5196 5195 5197 
3 5196 5197 5198 
3 5198 5197 4482 
3 5198 4482 5192 
3 4505 5199 5228 
3 5228 5199 5159 
3 5200 5204 5203 
3 5201 8171 5202 
3 5202 8171 5203 
3 5202 5203 4486 
3 4486 5203 5204 
3 5155 5205 5345 
3 5345 5205 5344 
3 5157 4506 5372 
3 5372 4506 4505 
3 5206 5443 5207 
3 5207 5443 5208 
3 5207 5208 5445 
3 5445 5208 5209 
3 5445 5209 5446 
3 5446 5209 5210 
3 5446 5210 5447 
3 5447 5210 5438 
3 5447 5438 5449 
3 5449 5438 5212 
3 5449 5212 5211 
3 5211 5212 5440 
3 5211 5440 5213 
3 5213 5440 5214 
3 5556 5548 5555 
3 5555 5548 5547 
3 5555 5547 5554 
3 5554 5547 5215 
3 5554 5215 5216 
3 5216 5215 5217 
3 5216 5217 5552 
3 5552 5217 5218 
3 5552 5218 5551 
3 5551 5218 5219 
3 5551 5219 5549 
3 5549 5219 5543 
3 5549 5543 5220 
3 5220 5543 5221 
3 5575 5222 5576 
3 5576 5222 5568 
3 5576 5568 5223 
3 5223 5568 5569 
3 5223 5569 5578 
3 5578 5569 5570 
3 5578 5570 5579 
3 5579 5570 5224 
3 5579 5224 5581 
3 5581 5224 5225 
3 5581 5225 5227 
3 5227 5225 5226 
3 5227 5226 5606 
3 5606 5226 5573 
3 5159 5229 5228 
3 5228 5229 5230 
3 5228 5230 5231 
3 5231 5230 5232 
3 5231 5232 5233 
3 5233 5232 5255 
3 5233 5255 5374 
3 5374 5255 5256 
3 5374 5256 5375 
3 5375 5256 5257 
3 5375 5257 5235 
3 5235 5257 5234 
3 5235 5234 5377 
3 5377 5234 5260 
3 5377 5260 5236 
3 5236 5260 5237 
3 5236 5237 5379 
3 5379 5237 5262 
3 5379 5262 5380 
3 5380 5262 5264 
3 5380 5264 5382 
3 5382 5264 5265 
3 5382 5265 5384 
3 5384 5265 5238 
3 5384 5238 5240 
3 5240 5238 5239 
3 5240 5239 5386 
3 5386 5239 5242 
3 5386 5242 5241 
3 5241 5242 5243 
3 5241 5243 5389 
3 5389 5243 5244 
3 5389 5244 5390 
3 5390 5244 5271 
3 5390 5271 5245 
3 5245 5271 5272 
3 5245 5272 5246 
3 5246 5272 5247 
3 5246 5247 5248 
3 5248 5247 5249 
3 5248 5249 5393 
3 5393 5249 5250 
3 5393 5250 5394 
3 5394 5250 5251 
3 5394 5251 5395 
3 5395 5251 5274 
3 5395 5274 5396 
3 5396 5274 5276 
3 5396 5276 5252 
3 5252 5276 5369 
3 5252 5369 5398 
3 5200 5203 5229 
3 5229 5203 5253 
3 5229 5253 5230 
3 5230 5253 5190 
3 5230 5190 5232 
3 5232 5190 5254 
3 5232 5254 5255 
3 5255 5254 5182 
3 5255 5182 5256 
3 5256 5182 5184 
3 5256 5184 5257 
3 5257 5184 5258 
3 5257 5258 5234 
3 5234 5258 5259 
3 5234 5259 5260 
3 5260 5259 5261 
3 5260 5261 5237 
3 5237 5261 5179 
3 5237 5179 5262 
3 5262 5179 5263 
3 5262 5263 5264 
3 5264 5263 5266 
3 5264 5266 5265 
3 5265 5266 5267 
3 5265 5267 5238 
3 5238 5267 5268 
3 5238 5268 5239 
3 5239 5268 5269 
3 5239 5269 5242 
3 5242 5269 5270 
3 5242 5270 5243 
3 5243 5270 5175 
3 5243 5175 5244 
3 5244 5175 5174 
3 5244 5174 5271 
3 5271 5174 5171 
3 5271 5171 5272 
3 5272 5171 5170 
3 5272 5170 5247 
3 5247 5170 5167 
3 5247 5167 5249 
3 5249 5167 5164 
3 5249 5164 5250 
3 5250 5164 5163 
3 5250 5163 5251 
3 5251 5163 5273 
3 5251 5273 5274 
3 5274 5273 5275 
3 5274 5275 5276 
3 5276 5275 5277 
3 5276 5277 5369 
3 5609 5278 5582 
3 5582 5278 5104 
3 5582 5104 5279 
3 5104 5103 5279 
3 5279 5103 5043 
3 5279 5043 5580 
3 5580 5043 5041 
3 5580 5041 5280 
3 5058 5281 5059 
3 5059 5281 5282 
3 5059 5282 5060 
3 5060 5282 5283 
3 5060 5283 5061 
3 5041 5046 5280 
3 5280 5046 5044 
3 5280 5044 5577 
3 5577 5044 5064 
3 5577 5064 5283 
3 5283 5064 5062 
3 5283 5062 5061 
3 5399 5284 5285 
3 5157 5372 5158 
3 5158 5372 5373 
3 5158 5373 5286 
3 5286 5373 5287 
3 5286 5287 5288 
3 5288 5287 5289 
3 5288 5289 5290 
3 5290 5289 5291 
3 5290 5291 5346 
3 5346 5291 5376 
3 5346 5376 5292 
3 5292 5376 5293 
3 5292 5293 5349 
3 5349 5293 5378 
3 5349 5378 5294 
3 5294 5378 5295 
3 5294 5295 5296 
3 5296 5295 5381 
3 5296 5381 5297 
3 5297 5381 5383 
3 5297 5383 5298 
3 5298 5383 5385 
3 5298 5385 5299 
3 5299 5385 5300 
3 5299 5300 5353 
3 5353 5300 5387 
3 5353 5387 5301 
3 5301 5387 5388 
3 5301 5388 5302 
3 5302 5388 5303 
3 5302 5303 5355 
3 5355 5303 5391 
3 5355 5391 5304 
3 5304 5391 5392 
3 5304 5392 5356 
3 5356 5392 5305 
3 5356 5305 5357 
3 5357 5305 5306 
3 5357 5306 5307 
3 5307 5306 5308 
3 5307 5308 5309 
3 5309 5308 5310 
3 5309 5310 5361 
3 5361 5310 5311 
3 5361 5311 5362 
3 5362 5311 5312 
3 5362 5312 5363 
3 5363 5312 5397 
3 5363 5397 5364 
3 5364 5397 5399 
3 5364 5399 5366 
3 5366 5399 5285 
3 5366 5285 5313 
3 5341 5314 5342 
3 5155 5345 5584 
3 5584 5345 5315 
3 5584 5315 5316 
3 5316 5315 5317 
3 5316 5317 5585 
3 5585 5317 5319 
3 5585 5319 5318 
3 5318 5319 5347 
3 5318 5347 5587 
3 5587 5347 5348 
3 5587 5348 5589 
3 5589 5348 5350 
3 5589 5350 5590 
3 5590 5350 5320 
3 5590 5320 5321 
3 5321 5320 5322 
3 5321 5322 5323 
3 5323 5322 5351 
3 5323 5351 5594 
3 5594 5351 5324 
3 5594 5324 5325 
3 5325 5324 5352 
3 5325 5352 5326 
3 5326 5352 5327 
3 5326 5327 5595 
3 5595 5327 5329 
3 5595 5329 5328 
3 5328 5329 5354 
3 5328 5354 5330 
3 5330 5354 5331 
3 5330 5331 5332 
3 5332 5331 5333 
3 5332 5333 5598 
3 5598 5333 5334 
3 5598 5334 5601 
3 5601 5334 5335 
3 5601 5335 5603 
3 5603 5335 5358 
3 5603 5358 5336 
3 5336 5358 5359 
3 5336 5359 5337 
3 5337 5359 5360 
3 5337 5360 5604 
3 5604 5360 5338 
3 5604 5338 5339 
3 5339 5338 5340 
3 5339 5340 5605 
3 5605 5340 5365 
3 5605 5365 5607 
3 5607 5365 5341 
3 5607 5341 5608 
3 5608 5341 5342 
3 5608 5342 5343 
3 5344 5158 5345 
3 5345 5158 5286 
3 5345 5286 5315 
3 5315 5286 5288 
3 5315 5288 5317 
3 5317 5288 5290 
3 5317 5290 5319 
3 5319 5290 5346 
3 5319 5346 5347 
3 5347 5346 5292 
3 5347 5292 5348 
3 5348 5292 5349 
3 5348 5349 5350 
3 5350 5349 5294 
3 5350 5294 5320 
3 5320 5294 5296 
3 5320 5296 5322 
3 5322 5296 5297 
3 5322 5297 5351 
3 5351 5297 5298 
3 5351 5298 5324 
3 5324 5298 5299 
3 5324 5299 5352 
3 5352 5299 5353 
3 5352 5353 5327 
3 5327 5353 5301 
3 5327 5301 5329 
3 5329 5301 5302 
3 5329 5302 5354 
3 5354 5302 5355 
3 5354 5355 5331 
3 5331 5355 5304 
3 5331 5304 5333 
3 5333 5304 5356 
3 5333 5356 5334 
3 5334 5356 5357 
3 5334 5357 5335 
3 5335 5357 5307 
3 5335 5307 5358 
3 5358 5307 5309 
3 5358 5309 5359 
3 5359 5309 5361 
3 5359 5361 5360 
3 5360 5361 5362 
3 5360 5362 5338 
3 5338 5362 5363 
3 5338 5363 5340 
3 5340 5363 5364 
3 5340 5364 5365 
3 5365 5364 5366 
3 5365 5366 5341 
3 5341 5366 5313 
3 5341 5313 5314 
3 5367 5368 5277 
3 5277 5368 5370 
3 5277 5370 5369 
3 5369 5370 5102 
3 5369 5102 5398 
3 5398 5102 5371 
3 5398 5371 5100 
3 4505 5228 5372 
3 5372 5228 5231 
3 5372 5231 5373 
3 5373 5231 5233 
3 5373 5233 5287 
3 5287 5233 5374 
3 5287 5374 5289 
3 5289 5374 5375 
3 5289 5375 5291 
3 5291 5375 5235 
3 5291 5235 5376 
3 5376 5235 5377 
3 5376 5377 5293 
3 5293 5377 5236 
3 5293 5236 5378 
3 5378 5236 5379 
3 5378 5379 5295 
3 5295 5379 5380 
3 5295 5380 5381 
3 5381 5380 5382 
3 5381 5382 5383 
3 5383 5382 5384 
3 5383 5384 5385 
3 5385 5384 5240 
3 5385 5240 5300 
3 5300 5240 5386 
3 5300 5386 5387 
3 5387 5386 5241 
3 5387 5241 5388 
3 5388 5241 5389 
3 5388 5389 5303 
3 5303 5389 5390 
3 5303 5390 5391 
3 5391 5390 5245 
3 5391 5245 5392 
3 5392 5245 5246 
3 5392 5246 5305 
3 5305 5246 5248 
3 5305 5248 5306 
3 5306 5248 5393 
3 5306 5393 5308 
3 5308 5393 5394 
3 5308 5394 5310 
3 5310 5394 5395 
3 5310 5395 5311 
3 5311 5395 5396 
3 5311 5396 5312 
3 5312 5396 5252 
3 5312 5252 5397 
3 5397 5252 5398 
3 5397 5398 5399 
3 5399 5398 5100 
3 5399 5100 5284 
3 5402 2798 4478 
3 5400 4480 5411 
3 5411 4480 4477 
3 5411 4477 5401 
3 5401 4477 4552 
3 5401 4552 5583 
3 5405 5422 2680 
3 5402 4478 5404 
3 5404 4478 5403 
3 5404 5403 2794 
3 2680 2794 5405 
3 5405 2794 5403 
3 5405 5403 5420 
3 5420 5403 5406 
3 5420 5406 5418 
3 5418 5406 5194 
3 5418 5194 5407 
3 5407 5194 5196 
3 5407 5196 5408 
3 5408 5196 5198 
3 5408 5198 5409 
3 5409 5198 5191 
3 5409 5191 5413 
3 5413 5191 5411 
3 5413 5411 5410 
3 5410 5411 5401 
3 5410 5586 5413 
3 5413 5586 5412 
3 5413 5412 5409 
3 5409 5412 5414 
3 5409 5414 5408 
3 5408 5414 5415 
3 5408 5415 5407 
3 5407 5415 5416 
3 5407 5416 5418 
3 5418 5416 5417 
3 5418 5417 5420 
3 5420 5417 5419 
3 5420 5419 5405 
3 5405 5419 5421 
3 5405 5421 5422 
3 2687 2677 5421 
3 5421 2677 2676 
3 5421 2676 5422 
3 5586 5424 5412 
3 5412 5424 5425 
3 5412 5425 5414 
3 5414 5425 5428 
3 5414 5428 5415 
3 5415 5428 5429 
3 5415 5429 5416 
3 5416 5429 5430 
3 5416 5430 5417 
3 5417 5430 5431 
3 5417 5431 5419 
3 5419 5431 5423 
3 5419 5423 5421 
3 5421 5423 5432 
3 5421 5432 2687 
3 2687 5432 2686 
3 5424 5588 5425 
3 5425 5588 5426 
3 5425 5426 5428 
3 5428 5426 5427 
3 5428 5427 5429 
3 5429 5427 5439 
3 5429 5439 5430 
3 5430 5439 5437 
3 5430 5437 5431 
3 5431 5437 5436 
3 5431 5436 5423 
3 5423 5436 5435 
3 5423 5435 5432 
3 5432 5435 5434 
3 5432 5434 5154 
3 5433 2691 5434 
3 5434 2691 2689 
3 5434 2689 5154 
3 2692 5433 5443 
3 5443 5433 5434 
3 5443 5434 5208 
3 5208 5434 5435 
3 5208 5435 5209 
3 5209 5435 5436 
3 5209 5436 5210 
3 5210 5436 5437 
3 5210 5437 5438 
3 5438 5437 5439 
3 5438 5439 5212 
3 5212 5439 5427 
3 5212 5427 5440 
3 5440 5427 5426 
3 5440 5426 5214 
3 5214 5426 5588 
3 5441 2698 5206 
3 5206 2698 5442 
3 5206 5442 5443 
3 5443 5442 2701 
3 5443 2701 2692 
3 5153 5441 5458 
3 5458 5441 5206 
3 5458 5206 5456 
3 5456 5206 5207 
3 5456 5207 5444 
3 5444 5207 5445 
3 5444 5445 5454 
3 5454 5445 5446 
3 5454 5446 5453 
3 5453 5446 5447 
3 5453 5447 5448 
3 5448 5447 5449 
3 5448 5449 5450 
3 5450 5449 5211 
3 5450 5211 5591 
3 5591 5211 5213 
3 5591 5592 5450 
3 5450 5592 5451 
3 5450 5451 5448 
3 5448 5451 5452 
3 5448 5452 5453 
3 5453 5452 5464 
3 5453 5464 5454 
3 5454 5464 5455 
3 5454 5455 5444 
3 5444 5455 5457 
3 5444 5457 5456 
3 5456 5457 5463 
3 5456 5463 5458 
3 5458 5463 5461 
3 5458 5461 5459 
3 5460 2711 5461 
3 5461 2711 2705 
3 5461 2705 5459 
3 2712 5460 5152 
3 5152 5460 5461 
3 5152 5461 5471 
3 5471 5461 5463 
3 5471 5463 5462 
3 5462 5463 5457 
3 5462 5457 5469 
3 5469 5457 5455 
3 5469 5455 5468 
3 5468 5455 5464 
3 5468 5464 5467 
3 5467 5464 5452 
3 5467 5452 5465 
3 5465 5452 5451 
3 5465 5451 5593 
3 5593 5451 5592 
3 5593 5466 5465 
3 5465 5466 5484 
3 5465 5484 5467 
3 5467 5484 5482 
3 5467 5482 5468 
3 5468 5482 5470 
3 5468 5470 5469 
3 5469 5470 5480 
3 5469 5480 5462 
3 5462 5480 5478 
3 5462 5478 5471 
3 5471 5478 5476 
3 5471 5476 5152 
3 5152 5476 5474 
3 5152 5474 5473 
3 2717 2718 5474 
3 5474 2718 5472 
3 5474 5472 5473 
3 5151 2717 5490 
3 5490 2717 5474 
3 5490 5474 5475 
3 5475 5474 5476 
3 5475 5476 5477 
3 5477 5476 5478 
3 5477 5478 5479 
3 5479 5478 5480 
3 5479 5480 5481 
3 5481 5480 5470 
3 5481 5470 5486 
3 5486 5470 5482 
3 5486 5482 5483 
3 5483 5482 5484 
3 5483 5484 5485 
3 5485 5484 5466 
3 5485 5596 5483 
3 5483 5596 5487 
3 5483 5487 5486 
3 5486 5487 5492 
3 5486 5492 5481 
3 5481 5492 5493 
3 5481 5493 5479 
3 5479 5493 5495 
3 5479 5495 5477 
3 5477 5495 5488 
3 5477 5488 5475 
3 5475 5488 5497 
3 5475 5497 5490 
3 5490 5497 5489 
3 5490 5489 2721 
3 2721 5489 5491 
3 5596 5597 5487 
3 5487 5597 5508 
3 5487 5508 5492 
3 5492 5508 5507 
3 5492 5507 5493 
3 5493 5507 5494 
3 5493 5494 5495 
3 5495 5494 5505 
3 5495 5505 5488 
3 5488 5505 5496 
3 5488 5496 5497 
3 5497 5496 5498 
3 5497 5498 5489 
3 5489 5498 5499 
3 5489 5499 5491 
3 5500 2723 5499 
3 5499 2723 5501 
3 5499 5501 5491 
3 5150 5500 5515 
3 5515 5500 5499 
3 5515 5499 5513 
3 5513 5499 5498 
3 5513 5498 5502 
3 5502 5498 5496 
3 5502 5496 5503 
3 5503 5496 5505 
3 5503 5505 5504 
3 5504 5505 5494 
3 5504 5494 5506 
3 5506 5494 5507 
3 5506 5507 5509 
3 5509 5507 5508 
3 5509 5508 5510 
3 5510 5508 5597 
3 2737 2729 5516 
3 5516 2729 2731 
3 5510 5599 5509 
3 5509 5599 5511 
3 5509 5511 5506 
3 5506 5511 5523 
3 5506 5523 5504 
3 5504 5523 5512 
3 5504 5512 5503 
3 5503 5512 5521 
3 5503 5521 5502 
3 5502 5521 5520 
3 5502 5520 5513 
3 5513 5520 5514 
3 5513 5514 5515 
3 5515 5514 5516 
3 5515 5516 5517 
3 5517 5516 2731 
3 5149 2737 5531 
3 5531 2737 5516 
3 5531 5516 5529 
3 5529 5516 5514 
3 5529 5514 5518 
3 5518 5514 5520 
3 5518 5520 5519 
3 5519 5520 5521 
3 5519 5521 5527 
3 5527 5521 5512 
3 5527 5512 5522 
3 5522 5512 5523 
3 5522 5523 5524 
3 5524 5523 5511 
3 5524 5511 5600 
3 5600 5511 5599 
3 5600 5602 5524 
3 5524 5602 5525 
3 5524 5525 5522 
3 5522 5525 5526 
3 5522 5526 5527 
3 5527 5526 5539 
3 5527 5539 5519 
3 5519 5539 5528 
3 5519 5528 5518 
3 5518 5528 5538 
3 5518 5538 5529 
3 5529 5538 5530 
3 5529 5530 5531 
3 5531 5530 5534 
3 5531 5534 2739 
3 5532 5533 5534 
3 5534 5533 2740 
3 5534 2740 2739 
3 5535 5532 5536 
3 5536 5532 5534 
3 5536 5534 5546 
3 5546 5534 5530 
3 5546 5530 5545 
3 5545 5530 5538 
3 5545 5538 5537 
3 5537 5538 5528 
3 5537 5528 5544 
3 5544 5528 5539 
3 5544 5539 5540 
3 5540 5539 5526 
3 5540 5526 5541 
3 5541 5526 5525 
3 5541 5525 5542 
3 5542 5525 5602 
3 5542 5221 5541 
3 5541 5221 5543 
3 5541 5543 5540 
3 5540 5543 5219 
3 5540 5219 5544 
3 5544 5219 5218 
3 5544 5218 5537 
3 5537 5218 5217 
3 5537 5217 5545 
3 5545 5217 5215 
3 5545 5215 5546 
3 5546 5215 5547 
3 5546 5547 5536 
3 5536 5547 5548 
3 5536 5548 2749 
3 2754 2755 5558 
3 5558 2755 2757 
3 2758 2753 5556 
3 5556 2753 2751 
3 5556 2751 5548 
3 5548 2751 2748 
3 5548 2748 2749 
3 5220 5550 5549 
3 5549 5550 5567 
3 5549 5567 5551 
3 5551 5567 5565 
3 5551 5565 5552 
3 5552 5565 5564 
3 5552 5564 5216 
3 5216 5564 5553 
3 5216 5553 5554 
3 5554 5553 5561 
3 5554 5561 5555 
3 5555 5561 5560 
3 5555 5560 5556 
3 5556 5560 5558 
3 5556 5558 2758 
3 2758 5558 2757 
3 2768 2754 5557 
3 5557 2754 5558 
3 5557 5558 5559 
3 5559 5558 5560 
3 5559 5560 5571 
3 5571 5560 5561 
3 5571 5561 5562 
3 5562 5561 5553 
3 5562 5553 5563 
3 5563 5553 5564 
3 5563 5564 5572 
3 5572 5564 5565 
3 5572 5565 5566 
3 5566 5565 5567 
3 5566 5567 5574 
3 5574 5567 5550 
3 2763 2766 5222 
3 5222 2766 5557 
3 5222 5557 5568 
3 5568 5557 5559 
3 5568 5559 5569 
3 5569 5559 5571 
3 5569 5571 5570 
3 5570 5571 5562 
3 5570 5562 5224 
3 5224 5562 5563 
3 5224 5563 5225 
3 5225 5563 5572 
3 5225 5572 5226 
3 5226 5572 5566 
3 5226 5566 5573 
3 5573 5566 5574 
3 5281 2789 2780 
3 2781 2778 5575 
3 5575 2778 2777 
3 5575 2777 5222 
3 5222 2777 2760 
3 5222 2760 2763 
3 2780 2781 5281 
3 5281 2781 5575 
3 5281 5575 5282 
3 5282 5575 5576 
3 5282 5576 5283 
3 5283 5576 5223 
3 5283 5223 5577 
3 5577 5223 5578 
3 5577 5578 5280 
3 5280 5578 5579 
3 5280 5579 5580 
3 5580 5579 5581 
3 5580 5581 5279 
3 5279 5581 5227 
3 5279 5227 5582 
3 5582 5227 5606 
3 5058 5040 5281 
3 5281 5040 5039 
3 5281 5039 2789 
3 2789 5039 5038 
3 2789 5038 2563 
3 5583 5584 5401 
3 5401 5584 5316 
3 5401 5316 5410 
3 5410 5316 5585 
3 5410 5585 5586 
3 5586 5585 5318 
3 5586 5318 5424 
3 5424 5318 5587 
3 5424 5587 5588 
3 5588 5587 5589 
3 5588 5589 5214 
3 5214 5589 5590 
3 5214 5590 5213 
3 5213 5590 5321 
3 5213 5321 5591 
3 5591 5321 5323 
3 5591 5323 5592 
3 5592 5323 5594 
3 5592 5594 5593 
3 5593 5594 5325 
3 5593 5325 5466 
3 5466 5325 5326 
3 5466 5326 5485 
3 5485 5326 5595 
3 5485 5595 5596 
3 5596 5595 5328 
3 5596 5328 5597 
3 5597 5328 5330 
3 5597 5330 5510 
3 5510 5330 5332 
3 5510 5332 5599 
3 5599 5332 5598 
3 5599 5598 5600 
3 5600 5598 5601 
3 5600 5601 5602 
3 5602 5601 5603 
3 5602 5603 5542 
3 5542 5603 5336 
3 5542 5336 5221 
3 5221 5336 5337 
3 5221 5337 5220 
3 5220 5337 5604 
3 5220 5604 5550 
3 5550 5604 5339 
3 5550 5339 5574 
3 5574 5339 5605 
3 5574 5605 5573 
3 5573 5605 5607 
3 5573 5607 5606 
3 5606 5607 5608 
3 5606 5608 5582 
3 5582 5608 5343 
3 5582 5343 5609 
3 8131 8130 5774 
3 8140 8139 5768 
3 8149 8150 5731 
3 5610 9574 5611 
3 5713 5779 5780 
3 5612 5805 5781 
3 5712 9577 5831 
3 9576 9575 5858 
3 9582 9581 5711 
3 5710 9584 5915 
3 9585 9587 5916 
3 5613 2820 5614 
3 5615 5616 5701 
3 5974 5973 5913 
3 6010 5617 5884 
3 5618 5857 5856 
3 5620 5619 5755 
3 6021 6020 5756 
3 5756 6020 5620 
3 5804 5621 5802 
3 5802 5621 5978 
3 6038 6037 5803 
3 5803 6037 5977 
3 5976 5975 5622 
3 5622 5975 6047 
3 6010 5884 5914 
3 5955 5971 5623 
3 5623 5971 5624 
3 5623 5624 5938 
3 5969 5626 5625 
3 5625 5626 5956 
3 5625 5956 5627 
3 5627 5956 5632 
3 5628 2897 5630 
3 5630 2897 5629 
3 5630 5629 5956 
3 5956 5629 5631 
3 5956 5631 5632 
3 5638 5633 5634 
3 5638 5634 5630 
3 5630 5634 2856 
3 5630 2856 5628 
3 5635 5636 5639 
3 5639 5636 5637 
3 5639 5637 5638 
3 5638 5637 2893 
3 5638 2893 5633 
3 5644 2857 5953 
3 5953 2857 5640 
3 5953 5640 5639 
3 5639 5640 2892 
3 5639 2892 5635 
3 2890 5641 5642 
3 5642 5641 5643 
3 5642 5643 5953 
3 5953 5643 2934 
3 5953 2934 5644 
3 5651 5645 5649 
3 5649 5645 5642 
3 5642 5645 2891 
3 5642 2891 2890 
3 5652 5653 5646 
3 5646 5647 5652 
3 5652 5647 5648 
3 5652 5648 5649 
3 5649 5648 5650 
3 5649 5650 5651 
3 2933 2859 5654 
3 5654 2859 5652 
3 5652 2859 2858 
3 5652 2858 5653 
3 2883 5654 2885 
3 2885 5654 5659 
3 2883 2881 5654 
3 5654 2881 5655 
3 5654 5655 2933 
3 5660 5656 5657 
3 5662 5658 5659 
3 5659 5658 2886 
3 5659 2886 2885 
3 5660 5657 5659 
3 5659 5657 5661 
3 5659 5661 5662 
3 5663 2878 5664 
3 5664 2878 5665 
3 5665 5666 5664 
3 5664 5666 2860 
3 5664 2860 5660 
3 5660 2860 2879 
3 5660 2879 5656 
3 5667 2874 5669 
3 5669 2874 5668 
3 5669 5668 5664 
3 5664 5668 2875 
3 5664 2875 5663 
3 5672 2871 5669 
3 5669 2871 2868 
3 2868 2872 5669 
3 5669 2872 2873 
3 5669 2873 5667 
3 5673 2867 5672 
3 5672 2867 5670 
3 5672 5670 2871 
3 5676 5671 5675 
3 5675 5671 2861 
3 5675 2861 5672 
3 5672 2861 2866 
3 5672 2866 5673 
3 5679 5674 5678 
3 5678 5674 2865 
3 5678 2865 5675 
3 5675 2865 2923 
3 5675 2923 5676 
3 5677 2837 5678 
3 5678 2837 2864 
3 5678 2864 5679 
3 2835 2836 5680 
3 5680 2836 2847 
3 5680 2847 5678 
3 5678 2847 2839 
3 5678 2839 5677 
3 5686 2832 5685 
3 5685 2832 2834 
3 5685 2834 5680 
3 5680 2834 5681 
3 5680 5681 2835 
3 5682 5683 5689 
3 5689 5683 5684 
3 5689 5684 5685 
3 5685 5684 2848 
3 5685 2848 5686 
3 5692 5687 5688 
3 5692 5688 5689 
3 5689 5688 2830 
3 5689 2830 5682 
3 5690 2851 5691 
3 5691 2851 2850 
3 5691 2850 5692 
3 5692 2850 5693 
3 5692 5693 5687 
3 5616 5694 5701 
3 5701 5694 5695 
3 5701 5695 5691 
3 5691 5695 2827 
3 5691 2827 5690 
3 5699 5696 2821 
3 2821 5696 5697 
3 2821 5697 5698 
3 5699 2826 5696 
3 5696 2826 5700 
3 5696 5700 5701 
3 5701 5700 5702 
3 5701 5702 5615 
3 2820 5703 5614 
3 5614 5703 2823 
3 5614 2823 5697 
3 5697 2823 2822 
3 5697 2822 5698 
3 2817 5704 5940 
3 5704 5705 5940 
3 5940 5705 5706 
3 5940 5706 5614 
3 5614 5706 5707 
3 5614 5707 5613 
3 5939 5708 5940 
3 5940 5708 9586 
3 5940 9586 2817 
3 9585 5916 5709 
3 5710 5915 9580 
3 9582 5711 5859 
3 5712 5831 9579 
3 5612 5781 9573 
3 5713 5780 5758 
3 8172 5610 5714 
3 5714 5610 5611 
3 5714 5611 8174 
3 8174 5611 5715 
3 5715 5611 5716 
3 5715 5716 8175 
3 8175 5716 5717 
3 5717 5716 5718 
3 5717 5718 5720 
3 5722 5723 5718 
3 5718 5723 5719 
3 5718 5719 5720 
3 5724 8167 8166 
3 5724 8166 5761 
3 8166 5721 5761 
3 5761 5721 8164 
3 5761 8164 5722 
3 5722 8164 8163 
3 5722 8163 5723 
3 8167 5724 5725 
3 5725 5724 5763 
3 5725 5763 5726 
3 5726 5763 8157 
3 8157 5763 5730 
3 8157 5730 5727 
3 5731 8150 5729 
3 8150 5728 5729 
3 5729 5728 8153 
3 5729 8153 5730 
3 5730 8153 8154 
3 5730 8154 5727 
3 8149 5731 5732 
3 5732 5731 5733 
3 5732 5733 5734 
3 5734 5733 5735 
3 5734 5735 8145 
3 8145 5735 8144 
3 8144 5735 5736 
3 8144 5736 5737 
3 5737 5736 5738 
3 5738 5736 5740 
3 5738 5740 5739 
3 5768 8139 5767 
3 8139 8138 5767 
3 5767 8138 8135 
3 5767 8135 5740 
3 5740 8135 8133 
3 5740 8133 5739 
3 8140 5768 8141 
3 8141 5768 5771 
3 8141 5771 5741 
3 5741 5771 5742 
3 5742 5771 5743 
3 5742 5743 8125 
3 8125 5743 8126 
3 8126 5743 5746 
3 8126 5746 8127 
3 5774 8130 5744 
3 8130 8129 5744 
3 5744 8129 5745 
3 5744 5745 5746 
3 5746 5745 5747 
3 5746 5747 8127 
3 8131 5774 5748 
3 5748 5774 5777 
3 5748 5777 8113 
3 8113 5777 5749 
3 5749 5777 5751 
3 5749 5751 8114 
3 8114 5751 5750 
3 5750 5751 5754 
3 5750 5754 5752 
3 5757 5753 5754 
3 5754 5753 8117 
3 5754 8117 5752 
3 5620 5755 5756 
3 5756 5755 8121 
3 5756 8121 5757 
3 5757 8121 8119 
3 5757 8119 5753 
3 9574 5758 5611 
3 5611 5758 5780 
3 5611 5780 5716 
3 5716 5780 5759 
3 5716 5759 5718 
3 5718 5759 5760 
3 5718 5760 5722 
3 5722 5760 5762 
3 5722 5762 5761 
3 5761 5762 5783 
3 5761 5783 5724 
3 5724 5783 5785 
3 5724 5785 5763 
3 5763 5785 5786 
3 5763 5786 5730 
3 5730 5786 5788 
3 5730 5788 5729 
3 5729 5788 5764 
3 5729 5764 5731 
3 5731 5764 5789 
3 5731 5789 5733 
3 5733 5789 5790 
3 5733 5790 5735 
3 5735 5790 5765 
3 5735 5765 5736 
3 5736 5765 5791 
3 5736 5791 5740 
3 5740 5791 5766 
3 5740 5766 5767 
3 5767 5766 5793 
3 5767 5793 5768 
3 5768 5793 5769 
3 5768 5769 5771 
3 5771 5769 5770 
3 5771 5770 5743 
3 5743 5770 5772 
3 5743 5772 5746 
3 5746 5772 5796 
3 5746 5796 5744 
3 5744 5796 5773 
3 5744 5773 5774 
3 5774 5773 5775 
3 5774 5775 5777 
3 5777 5775 5776 
3 5777 5776 5751 
3 5751 5776 5799 
3 5751 5799 5754 
3 5754 5799 5800 
3 5754 5800 5757 
3 5757 5800 5778 
3 5757 5778 5756 
3 5756 5778 5802 
3 5756 5802 6021 
3 6021 5802 5978 
3 5779 9573 5780 
3 5780 9573 5781 
3 5780 5781 5759 
3 5759 5781 5806 
3 5759 5806 5760 
3 5760 5806 5782 
3 5760 5782 5762 
3 5762 5782 5784 
3 5762 5784 5783 
3 5783 5784 5809 
3 5783 5809 5785 
3 5785 5809 5810 
3 5785 5810 5786 
3 5786 5810 5787 
3 5786 5787 5788 
3 5788 5787 5811 
3 5788 5811 5764 
3 5764 5811 5813 
3 5764 5813 5789 
3 5789 5813 5814 
3 5789 5814 5790 
3 5790 5814 5815 
3 5790 5815 5765 
3 5765 5815 5816 
3 5765 5816 5791 
3 5791 5816 5817 
3 5791 5817 5766 
3 5766 5817 5792 
3 5766 5792 5793 
3 5793 5792 5794 
3 5793 5794 5769 
3 5769 5794 5795 
3 5769 5795 5770 
3 5770 5795 5820 
3 5770 5820 5772 
3 5772 5820 5823 
3 5772 5823 5796 
3 5796 5823 5824 
3 5796 5824 5773 
3 5773 5824 5797 
3 5773 5797 5775 
3 5775 5797 5826 
3 5775 5826 5776 
3 5776 5826 5827 
3 5776 5827 5799 
3 5799 5827 5798 
3 5799 5798 5800 
3 5800 5798 5829 
3 5800 5829 5778 
3 5778 5829 5801 
3 5778 5801 5802 
3 5802 5801 5803 
3 5802 5803 5804 
3 5804 5803 5977 
3 5805 9579 5781 
3 5781 9579 5831 
3 5781 5831 5806 
3 5806 5831 5807 
3 5806 5807 5782 
3 5782 5807 5833 
3 5782 5833 5784 
3 5784 5833 5808 
3 5784 5808 5809 
3 5809 5808 5834 
3 5809 5834 5810 
3 5810 5834 5836 
3 5810 5836 5787 
3 5787 5836 5837 
3 5787 5837 5811 
3 5811 5837 5812 
3 5811 5812 5813 
3 5813 5812 5838 
3 5813 5838 5814 
3 5814 5838 5839 
3 5814 5839 5815 
3 5815 5839 5840 
3 5815 5840 5816 
3 5816 5840 5843 
3 5816 5843 5817 
3 5817 5843 5818 
3 5817 5818 5792 
3 5792 5818 5819 
3 5792 5819 5794 
3 5794 5819 5844 
3 5794 5844 5795 
3 5795 5844 5846 
3 5795 5846 5820 
3 5820 5846 5821 
3 5820 5821 5823 
3 5823 5821 5822 
3 5823 5822 5824 
3 5824 5822 5825 
3 5824 5825 5797 
3 5797 5825 5849 
3 5797 5849 5826 
3 5826 5849 5850 
3 5826 5850 5827 
3 5827 5850 5853 
3 5827 5853 5798 
3 5798 5853 5854 
3 5798 5854 5829 
3 5829 5854 5828 
3 5829 5828 5801 
3 5801 5828 5830 
3 5801 5830 5803 
3 5803 5830 5622 
3 5803 5622 6038 
3 6038 5622 6047 
3 9577 9576 5831 
3 5831 9576 5858 
3 5831 5858 5807 
3 5807 5858 5832 
3 5807 5832 5833 
3 5833 5832 5861 
3 5833 5861 5808 
3 5808 5861 5863 
3 5808 5863 5834 
3 5834 5863 5835 
3 5834 5835 5836 
3 5836 5835 5865 
3 5836 5865 5837 
3 5837 5865 5866 
3 5837 5866 5812 
3 5812 5866 5868 
3 5812 5868 5838 
3 5838 5868 5869 
3 5838 5869 5839 
3 5839 5869 5841 
3 5839 5841 5840 
3 5840 5841 5842 
3 5840 5842 5843 
3 5843 5842 5871 
3 5843 5871 5818 
3 5818 5871 5872 
3 5818 5872 5819 
3 5819 5872 5875 
3 5819 5875 5844 
3 5844 5875 5845 
3 5844 5845 5846 
3 5846 5845 5876 
3 5846 5876 5821 
3 5821 5876 5847 
3 5821 5847 5822 
3 5822 5847 5877 
3 5822 5877 5825 
3 5825 5877 5848 
3 5825 5848 5849 
3 5849 5848 5851 
3 5849 5851 5850 
3 5850 5851 5852 
3 5850 5852 5853 
3 5853 5852 5879 
3 5853 5879 5854 
3 5854 5879 5880 
3 5854 5880 5828 
3 5828 5880 5855 
3 5828 5855 5830 
3 5830 5855 5881 
3 5830 5881 5622 
3 5622 5881 5856 
3 5622 5856 5976 
3 5976 5856 5857 
3 9575 5859 5858 
3 5858 5859 5711 
3 5858 5711 5832 
3 5832 5711 5860 
3 5832 5860 5861 
3 5861 5860 5862 
3 5861 5862 5863 
3 5863 5862 5886 
3 5863 5886 5835 
3 5835 5886 5864 
3 5835 5864 5865 
3 5865 5864 5887 
3 5865 5887 5866 
3 5866 5887 5867 
3 5866 5867 5868 
3 5868 5867 5889 
3 5868 5889 5869 
3 5869 5889 5870 
3 5869 5870 5841 
3 5841 5870 5892 
3 5841 5892 5842 
3 5842 5892 5893 
3 5842 5893 5871 
3 5871 5893 5873 
3 5871 5873 5872 
3 5872 5873 5874 
3 5872 5874 5875 
3 5875 5874 5895 
3 5875 5895 5845 
3 5845 5895 5896 
3 5845 5896 5876 
3 5876 5896 5899 
3 5876 5899 5847 
3 5847 5899 5902 
3 5847 5902 5877 
3 5877 5902 5878 
3 5877 5878 5848 
3 5848 5878 5904 
3 5848 5904 5851 
3 5851 5904 5906 
3 5851 5906 5852 
3 5852 5906 5908 
3 5852 5908 5879 
3 5879 5908 5910 
3 5879 5910 5880 
3 5880 5910 5911 
3 5880 5911 5855 
3 5855 5911 5882 
3 5855 5882 5881 
3 5881 5882 5883 
3 5881 5883 5856 
3 5856 5883 5884 
3 5856 5884 5618 
3 5618 5884 5617 
3 9581 9580 5711 
3 5711 9580 5915 
3 5711 5915 5860 
3 5860 5915 5885 
3 5860 5885 5862 
3 5862 5885 5917 
3 5862 5917 5886 
3 5886 5917 5919 
3 5886 5919 5864 
3 5864 5919 5920 
3 5864 5920 5887 
3 5887 5920 5921 
3 5887 5921 5867 
3 5867 5921 5888 
3 5867 5888 5889 
3 5889 5888 5890 
3 5889 5890 5870 
3 5870 5890 5891 
3 5870 5891 5892 
3 5892 5891 5894 
3 5892 5894 5893 
3 5893 5894 5925 
3 5893 5925 5873 
3 5873 5925 5927 
3 5873 5927 5874 
3 5874 5927 5928 
3 5874 5928 5895 
3 5895 5928 5897 
3 5895 5897 5896 
3 5896 5897 5898 
3 5896 5898 5899 
3 5899 5898 5900 
3 5899 5900 5902 
3 5902 5900 5901 
3 5902 5901 5878 
3 5878 5901 5903 
3 5878 5903 5904 
3 5904 5903 5905 
3 5904 5905 5906 
3 5906 5905 5907 
3 5906 5907 5908 
3 5908 5907 5909 
3 5908 5909 5910 
3 5910 5909 5932 
3 5910 5932 5911 
3 5911 5932 5934 
3 5911 5934 5882 
3 5882 5934 5912 
3 5882 5912 5883 
3 5883 5912 5935 
3 5883 5935 5884 
3 5884 5935 5913 
3 5884 5913 5914 
3 5914 5913 5973 
3 9584 5709 5915 
3 5915 5709 5916 
3 5915 5916 5885 
3 5885 5916 5941 
3 5885 5941 5917 
3 5917 5941 5918 
3 5917 5918 5919 
3 5919 5918 5942 
3 5919 5942 5920 
3 5920 5942 5943 
3 5920 5943 5921 
3 5921 5943 5922 
3 5921 5922 5888 
3 5888 5922 5944 
3 5888 5944 5890 
3 5890 5944 5923 
3 5890 5923 5891 
3 5891 5923 5945 
3 5891 5945 5894 
3 5894 5945 5924 
3 5894 5924 5925 
3 5925 5924 5926 
3 5925 5926 5927 
3 5927 5926 5946 
3 5927 5946 5928 
3 5928 5946 5929 
3 5928 5929 5897 
3 5897 5929 5947 
3 5897 5947 5898 
3 5898 5947 5948 
3 5898 5948 5900 
3 5900 5948 5949 
3 5900 5949 5901 
3 5901 5949 5950 
3 5901 5950 5903 
3 5903 5950 5951 
3 5903 5951 5905 
3 5905 5951 5930 
3 5905 5930 5907 
3 5907 5930 5952 
3 5907 5952 5909 
3 5909 5952 5931 
3 5909 5931 5932 
3 5932 5931 5933 
3 5932 5933 5934 
3 5934 5933 5954 
3 5934 5954 5912 
3 5912 5954 5936 
3 5912 5936 5935 
3 5935 5936 5937 
3 5935 5937 5913 
3 5913 5937 5623 
3 5913 5623 5974 
3 5974 5623 5938 
3 9587 5939 5916 
3 5916 5939 5940 
3 5916 5940 5941 
3 5941 5940 5614 
3 5941 5614 5918 
3 5918 5614 5697 
3 5918 5697 5942 
3 5942 5697 5696 
3 5942 5696 5943 
3 5943 5696 5701 
3 5943 5701 5922 
3 5922 5701 5691 
3 5922 5691 5944 
3 5944 5691 5692 
3 5944 5692 5923 
3 5923 5692 5689 
3 5923 5689 5945 
3 5945 5689 5685 
3 5945 5685 5924 
3 5924 5685 5680 
3 5924 5680 5926 
3 5926 5680 5678 
3 5926 5678 5946 
3 5946 5678 5675 
3 5946 5675 5929 
3 5929 5675 5672 
3 5929 5672 5947 
3 5947 5672 5669 
3 5947 5669 5948 
3 5948 5669 5664 
3 5948 5664 5949 
3 5949 5664 5660 
3 5949 5660 5950 
3 5950 5660 5659 
3 5950 5659 5951 
3 5951 5659 5654 
3 5951 5654 5930 
3 5930 5654 5652 
3 5930 5652 5952 
3 5952 5652 5649 
3 5952 5649 5931 
3 5931 5649 5642 
3 5931 5642 5933 
3 5933 5642 5953 
3 5933 5953 5954 
3 5954 5953 5639 
3 5954 5639 5936 
3 5936 5639 5638 
3 5936 5638 5937 
3 5937 5638 5630 
3 5937 5630 5623 
3 5623 5630 5956 
3 5623 5956 5955 
3 5955 5956 5626 
3 6005 5970 5995 
3 5957 5958 6028 
3 6010 5914 6011 
3 5996 5966 5967 
3 2988 2986 5959 
3 5959 2986 5960 
3 5959 5960 6064 
3 6064 5960 2995 
3 6064 2995 2994 
3 6016 5961 2989 
3 2989 5961 5963 
3 5962 2982 6015 
3 6015 2982 2980 
3 6015 2980 5961 
3 5961 2980 2990 
3 5961 2990 5963 
3 6006 5964 2983 
3 2983 5964 5998 
3 2983 5998 5965 
3 5966 2984 5967 
3 5967 2984 5968 
3 5967 5968 5997 
3 5995 5972 5994 
3 5626 5969 5972 
3 5970 5624 5995 
3 5995 5624 5971 
3 5995 5971 5972 
3 5972 5971 5955 
3 5972 5955 5626 
3 5973 5974 5970 
3 5970 5974 5938 
3 5970 5938 5624 
3 5857 5618 6059 
3 6059 5618 5617 
3 5975 5976 6058 
3 5975 6058 6047 
3 5804 5977 6029 
3 6029 5977 6037 
3 6021 5978 6023 
3 6023 5978 5621 
3 6020 6022 5620 
3 5620 6022 8176 
3 5620 8176 5619 
3 5957 6028 5980 
3 3045 5979 5980 
3 5981 5982 6028 
3 5982 5983 6028 
3 6028 5983 5984 
3 6028 5984 5980 
3 5980 5984 3047 
3 5980 3047 3045 
3 5985 5987 5986 
3 5986 5987 3043 
3 5986 3043 5988 
3 6045 3041 6043 
3 5989 5990 6055 
3 6055 5990 5991 
3 6055 5991 6046 
3 8181 8179 6024 
3 6024 8179 5992 
3 6024 5992 6022 
3 6022 5992 5993 
3 6022 5993 8176 
3 5994 5996 5995 
3 5995 5996 5967 
3 5995 5967 6005 
3 6005 5967 5997 
3 6005 5997 5998 
3 5998 5997 5999 
3 5998 5999 5965 
3 8181 6024 6000 
3 6000 6024 6002 
3 6000 6002 6004 
3 6001 8185 6008 
3 6008 8185 8184 
3 6008 8184 6002 
3 6002 8184 6003 
3 6002 6003 6004 
3 5914 5973 6011 
3 6011 5973 5970 
3 6011 5970 6013 
3 6013 5970 6005 
3 6013 6005 6014 
3 6014 6005 5998 
3 6014 5998 6015 
3 6015 5998 5964 
3 6015 5964 5962 
3 5962 5964 6006 
3 6001 6008 6007 
3 6007 6008 6025 
3 6007 6025 6009 
3 5617 6010 6059 
3 6059 6010 6011 
3 6059 6011 6012 
3 6012 6011 6013 
3 6012 6013 6061 
3 6061 6013 6014 
3 6061 6014 6062 
3 6062 6014 6015 
3 6062 6015 6063 
3 6063 6015 5961 
3 6063 5961 5959 
3 5959 5961 6016 
3 5959 6016 2988 
3 6026 6017 6025 
3 6025 6017 6018 
3 6025 6018 6009 
3 5958 8089 6028 
3 6028 8089 6019 
3 6028 6019 6026 
3 6026 6019 8098 
3 6026 8098 6017 
3 6020 6021 6022 
3 6022 6021 6023 
3 6022 6023 6024 
3 6024 6023 6030 
3 6024 6030 6002 
3 6002 6030 6031 
3 6002 6031 6008 
3 6008 6031 6033 
3 6008 6033 6025 
3 6025 6033 6035 
3 6025 6035 6026 
3 6026 6035 6027 
3 6026 6027 6028 
3 6028 6027 5986 
3 6028 5986 5981 
3 5981 5986 5988 
3 5621 5804 6023 
3 6023 5804 6029 
3 6023 6029 6030 
3 6030 6029 6040 
3 6030 6040 6031 
3 6031 6040 6032 
3 6031 6032 6033 
3 6033 6032 6041 
3 6033 6041 6035 
3 6035 6041 6034 
3 6035 6034 6027 
3 6027 6034 6036 
3 6027 6036 5986 
3 5986 6036 6043 
3 5986 6043 5985 
3 5985 6043 3041 
3 6037 6038 6029 
3 6029 6038 6048 
3 6029 6048 6040 
3 6040 6048 6039 
3 6040 6039 6032 
3 6032 6039 6050 
3 6032 6050 6041 
3 6041 6050 6051 
3 6041 6051 6034 
3 6034 6051 6042 
3 6034 6042 6036 
3 6036 6042 6044 
3 6036 6044 6043 
3 6043 6044 6055 
3 6043 6055 6045 
3 6045 6055 6046 
3 6038 6047 6048 
3 6048 6047 6058 
3 6048 6058 6039 
3 6039 6058 6049 
3 6039 6049 6050 
3 6050 6049 6060 
3 6050 6060 6051 
3 6051 6060 6052 
3 6051 6052 6042 
3 6042 6052 6053 
3 6042 6053 6044 
3 6044 6053 6054 
3 6044 6054 6055 
3 6055 6054 6056 
3 6055 6056 5989 
3 5989 6056 6057 
3 5989 6057 3039 
3 5976 5857 6058 
3 6058 5857 6059 
3 6058 6059 6049 
3 6049 6059 6012 
3 6049 6012 6060 
3 6060 6012 6061 
3 6060 6061 6052 
3 6052 6061 6062 
3 6052 6062 6053 
3 6053 6062 6063 
3 6053 6063 6054 
3 6054 6063 5959 
3 6054 5959 6056 
3 6056 5959 6064 
3 6056 6064 6057 
3 6057 6064 2994 
3 3111 6114 6118 
3 10776 6151 6065 
3 6066 6085 11221 
3 6067 11227 6220 
3 6068 11213 6081 
3 6079 6077 6069 
3 6225 6071 6070 
3 6070 5979 6142 
3 6071 6225 6072 
3 6072 6225 6075 
3 6072 6075 6076 
3 6224 6223 6073 
3 6073 6074 6224 
3 6224 6074 8188 
3 6224 8188 6075 
3 6075 8188 8187 
3 6075 8187 6076 
3 6069 6077 6078 
3 6077 8194 6078 
3 6078 8194 8192 
3 6078 8192 6223 
3 6223 8192 8191 
3 6223 8191 6073 
3 6079 6069 8195 
3 8195 6069 6221 
3 8195 6221 8196 
3 8196 6221 6220 
3 8196 6220 6081 
3 6068 6081 11222 
3 11227 6080 6220 
3 6220 6080 6082 
3 6220 6082 6081 
3 6081 6082 11223 
3 6081 11223 11222 
3 11225 11224 6083 
3 6083 11224 6084 
3 6083 6084 6067 
3 6085 6066 6219 
3 6219 6066 6086 
3 6219 6086 6087 
3 6259 6238 11221 
3 11218 6237 11217 
3 11217 6237 6247 
3 11217 6247 11216 
3 6245 6246 6088 
3 11216 6244 11209 
3 11209 6244 6245 
3 11209 6245 11207 
3 11207 6245 6088 
3 10765 6089 6293 
3 6293 6089 6090 
3 6145 6091 10771 
3 6094 6092 6093 
3 6093 6092 6091 
3 6151 10777 6152 
3 10777 10772 6152 
3 6152 10772 10773 
3 6152 10773 6094 
3 6095 6096 6097 
3 6097 6096 10778 
3 6097 10778 10776 
3 6098 10780 6191 
3 6191 10780 10779 
3 6191 10779 6095 
3 6182 6100 6098 
3 3129 6100 6099 
3 6099 6100 6182 
3 6099 6182 6101 
3 6101 6182 6180 
3 3120 3128 6184 
3 6184 3128 3127 
3 6184 3127 6102 
3 6102 3127 6103 
3 6102 6103 6181 
3 3120 6184 3121 
3 3121 6184 6104 
3 3121 6104 3123 
3 6106 3118 6186 
3 6186 3118 3125 
3 6186 3125 6104 
3 6104 3125 6105 
3 6104 6105 3123 
3 6106 6186 6107 
3 6107 6186 6108 
3 6107 6108 3119 
3 3119 6108 6109 
3 6109 6108 6110 
3 6109 6110 3114 
3 6189 6111 3116 
3 6189 3116 6110 
3 6110 3116 3115 
3 6110 3115 3114 
3 6111 6189 3112 
3 3112 6189 6112 
3 3112 6112 6113 
3 6114 3110 6118 
3 6118 3110 6115 
3 6118 6115 6112 
3 6112 6115 3113 
3 6112 3113 6113 
3 3107 6116 6271 
3 6271 6116 6117 
3 6271 6117 6118 
3 6118 6117 6119 
3 6118 6119 3111 
3 6269 6120 6268 
3 3106 6120 3016 
3 3016 6120 6269 
3 3016 6269 6121 
3 6121 6269 6270 
3 6123 3013 6124 
3 6124 3013 6122 
3 6124 6122 6270 
3 6270 6122 3015 
3 6270 3015 6121 
3 6123 6124 3011 
3 3011 6124 6125 
3 3011 6125 6126 
3 6126 6125 3009 
3 3009 6125 6274 
3 3009 6274 6128 
3 6128 6274 6127 
3 6128 6127 6129 
3 6134 3006 6127 
3 6127 3006 6130 
3 6127 6130 6129 
3 3004 6131 6135 
3 6135 6131 6133 
3 6131 6132 6133 
3 6133 6132 3008 
3 6133 3008 6134 
3 6134 3008 3007 
3 6134 3007 3006 
3 6137 6136 6135 
3 6135 6136 3005 
3 6135 3005 3004 
3 6256 6258 6137 
3 6227 6138 6257 
3 3000 6139 6228 
3 6228 6139 6138 
3 6141 2999 6267 
3 6267 2999 3001 
3 6226 2998 6140 
3 6140 2998 6141 
3 6070 6142 6225 
3 6225 6142 6143 
3 6225 6143 6144 
3 6091 6145 6093 
3 6093 6145 6291 
3 6093 6291 6162 
3 6162 6291 6290 
3 6162 6290 6163 
3 6163 6290 6287 
3 6163 6287 6165 
3 6165 6287 6286 
3 6165 6286 6166 
3 6166 6286 6283 
3 6166 6283 6146 
3 6146 6283 6282 
3 6146 6282 6147 
3 6147 6282 6281 
3 6147 6281 6148 
3 6148 6281 6279 
3 6148 6279 6149 
3 6149 6279 6277 
3 6149 6277 6169 
3 6169 6277 6150 
3 6169 6150 6276 
3 6151 6152 6065 
3 6065 6152 6153 
3 6065 6153 6201 
3 6201 6153 6164 
3 6201 6164 6154 
3 6154 6164 6155 
3 6154 6155 6203 
3 6203 6155 6156 
3 6203 6156 6157 
3 6157 6156 6167 
3 6157 6167 6205 
3 6205 6167 6158 
3 6205 6158 6206 
3 6206 6158 6168 
3 6206 6168 6208 
3 6208 6168 6159 
3 6208 6159 6210 
3 6210 6159 6170 
3 6210 6170 6160 
3 6160 6170 6275 
3 6160 6275 6161 
3 6094 6093 6152 
3 6152 6093 6162 
3 6152 6162 6153 
3 6153 6162 6163 
3 6153 6163 6164 
3 6164 6163 6165 
3 6164 6165 6155 
3 6155 6165 6166 
3 6155 6166 6156 
3 6156 6166 6146 
3 6156 6146 6167 
3 6167 6146 6147 
3 6167 6147 6158 
3 6158 6147 6148 
3 6158 6148 6168 
3 6168 6148 6149 
3 6168 6149 6159 
3 6159 6149 6169 
3 6159 6169 6170 
3 6170 6169 6276 
3 6170 6276 6275 
3 6095 6097 6191 
3 6191 6097 6171 
3 6191 6171 6193 
3 6193 6171 6202 
3 6193 6202 6172 
3 6172 6202 6204 
3 6172 6204 6173 
3 6173 6204 6174 
3 6173 6174 6176 
3 6176 6174 6175 
3 6176 6175 6177 
3 6177 6175 6207 
3 6177 6207 6178 
3 6178 6207 6209 
3 6178 6209 6196 
3 6196 6209 6179 
3 6196 6179 6197 
3 6197 6179 6211 
3 6197 6211 6198 
3 6198 6211 6273 
3 6198 6273 6272 
3 6180 6182 6181 
3 6181 6182 6192 
3 6181 6192 6102 
3 6102 6192 6183 
3 6102 6183 6184 
3 6184 6183 6185 
3 6184 6185 6104 
3 6104 6185 6194 
3 6104 6194 6186 
3 6186 6194 6187 
3 6186 6187 6108 
3 6108 6187 6188 
3 6108 6188 6110 
3 6110 6188 6195 
3 6110 6195 6189 
3 6189 6195 6190 
3 6189 6190 6112 
3 6112 6190 6199 
3 6112 6199 6118 
3 6118 6199 6200 
3 6118 6200 6271 
3 6098 6191 6182 
3 6182 6191 6193 
3 6182 6193 6192 
3 6192 6193 6172 
3 6192 6172 6183 
3 6183 6172 6173 
3 6183 6173 6185 
3 6185 6173 6176 
3 6185 6176 6194 
3 6194 6176 6177 
3 6194 6177 6187 
3 6187 6177 6178 
3 6187 6178 6188 
3 6188 6178 6196 
3 6188 6196 6195 
3 6195 6196 6197 
3 6195 6197 6190 
3 6190 6197 6198 
3 6190 6198 6199 
3 6199 6198 6272 
3 6199 6272 6200 
3 10776 6065 6097 
3 6097 6065 6201 
3 6097 6201 6171 
3 6171 6201 6154 
3 6171 6154 6202 
3 6202 6154 6203 
3 6202 6203 6204 
3 6204 6203 6157 
3 6204 6157 6174 
3 6174 6157 6205 
3 6174 6205 6175 
3 6175 6205 6206 
3 6175 6206 6207 
3 6207 6206 6208 
3 6207 6208 6209 
3 6209 6208 6210 
3 6209 6210 6179 
3 6179 6210 6160 
3 6179 6160 6211 
3 6211 6160 6161 
3 6211 6161 6273 
3 6141 6267 6140 
3 6140 6267 6212 
3 6140 6212 6213 
3 6213 6212 6264 
3 6213 6264 6214 
3 6214 6264 6263 
3 6214 6263 6215 
3 6215 6263 6262 
3 6215 6262 6222 
3 6222 6262 6260 
3 6222 6260 6216 
3 6216 6260 6218 
3 6216 6218 6217 
3 6217 6218 6219 
3 6217 6219 6083 
3 6083 6219 6087 
3 6083 6087 11225 
3 6067 6220 6083 
3 6083 6220 6221 
3 6083 6221 6217 
3 6217 6221 6069 
3 6217 6069 6216 
3 6216 6069 6078 
3 6216 6078 6222 
3 6222 6078 6223 
3 6222 6223 6215 
3 6215 6223 6224 
3 6215 6224 6214 
3 6214 6224 6075 
3 6214 6075 6213 
3 6213 6075 6225 
3 6213 6225 6140 
3 6140 6225 6144 
3 6140 6144 6226 
3 6138 6227 6228 
3 6228 6227 6229 
3 6228 6229 6266 
3 6266 6229 6230 
3 6266 6230 6265 
3 6265 6230 6231 
3 6265 6231 6232 
3 6232 6231 6252 
3 6232 6252 6233 
3 6233 6252 6234 
3 6233 6234 6261 
3 6261 6234 6250 
3 6261 6250 6235 
3 6235 6250 6249 
3 6235 6249 6236 
3 6236 6249 6237 
3 6236 6237 6259 
3 6259 6237 11218 
3 6259 11218 6238 
3 6137 6135 6256 
3 6256 6135 6278 
3 6256 6278 6240 
3 6240 6278 6239 
3 6240 6239 6255 
3 6255 6239 6280 
3 6255 6280 6254 
3 6254 6280 6241 
3 6254 6241 6253 
3 6253 6241 6284 
3 6253 6284 6251 
3 6251 6284 6285 
3 6251 6285 6242 
3 6242 6285 6288 
3 6242 6288 6243 
3 6243 6288 6289 
3 6243 6289 6248 
3 6248 6289 6292 
3 6248 6292 6244 
3 6244 6292 6293 
3 6244 6293 6245 
3 6245 6293 6090 
3 6245 6090 6246 
3 11216 6247 6244 
3 6244 6247 6237 
3 6244 6237 6248 
3 6248 6237 6249 
3 6248 6249 6243 
3 6243 6249 6250 
3 6243 6250 6242 
3 6242 6250 6234 
3 6242 6234 6251 
3 6251 6234 6252 
3 6251 6252 6253 
3 6253 6252 6231 
3 6253 6231 6254 
3 6254 6231 6230 
3 6254 6230 6255 
3 6255 6230 6229 
3 6255 6229 6240 
3 6240 6229 6227 
3 6240 6227 6256 
3 6256 6227 6257 
3 6256 6257 6258 
3 11221 6085 6259 
3 6259 6085 6219 
3 6259 6219 6236 
3 6236 6219 6218 
3 6236 6218 6235 
3 6235 6218 6260 
3 6235 6260 6261 
3 6261 6260 6262 
3 6261 6262 6233 
3 6233 6262 6263 
3 6233 6263 6232 
3 6232 6263 6264 
3 6232 6264 6265 
3 6265 6264 6212 
3 6265 6212 6266 
3 6266 6212 6267 
3 6266 6267 6228 
3 6228 6267 3001 
3 6228 3001 3000 
3 6268 3107 6269 
3 6269 3107 6271 
3 6269 6271 6270 
3 6270 6271 6200 
3 6270 6200 6124 
3 6124 6200 6272 
3 6124 6272 6125 
3 6125 6272 6273 
3 6125 6273 6274 
3 6274 6273 6161 
3 6274 6161 6127 
3 6127 6161 6275 
3 6127 6275 6134 
3 6134 6275 6276 
3 6134 6276 6133 
3 6133 6276 6150 
3 6133 6150 6135 
3 6135 6150 6277 
3 6135 6277 6278 
3 6278 6277 6279 
3 6278 6279 6239 
3 6239 6279 6281 
3 6239 6281 6280 
3 6280 6281 6282 
3 6280 6282 6241 
3 6241 6282 6283 
3 6241 6283 6284 
3 6284 6283 6286 
3 6284 6286 6285 
3 6285 6286 6287 
3 6285 6287 6288 
3 6288 6287 6290 
3 6288 6290 6289 
3 6289 6290 6291 
3 6289 6291 6292 
3 6292 6291 6145 
3 6292 6145 6293 
3 6293 6145 10771 
3 6293 10771 10765 
3 6294 9716 2250 
3 2250 9716 9714 
3 2250 9714 8227 
3 2510 8211 2509 
3 2509 8211 8208 
3 2509 8208 3131 
3 3165 6295 3166 
3 3166 6295 8228 
3 6296 3167 8246 
3 8246 3167 9772 
3 6297 9797 3187 
3 3187 9797 9745 
3 2331 3188 2332 
3 2332 3188 8261 
3 8264 8263 3204 
3 3204 8263 9707 
3 2343 9708 6298 
3 6298 9708 6299 
3 2341 8278 2339 
3 2339 8278 9686 
3 6300 6301 8299 
3 8299 6301 9685 
3 8300 9799 3237 
3 3237 9799 3238 
3 3239 3240 8315 
3 8315 3240 6302 
3 2329 6303 6304 
3 6304 6303 6305 
3 6306 6307 6308 
3 6308 6307 6309 
3 2378 9749 3272 
3 3272 9749 3273 
3 2377 6310 8350 
3 8350 6310 9751 
3 2336 8352 6311 
3 6311 8352 9697 
3 6312 6314 6313 
3 6313 6314 9730 
3 2325 9782 3306 
3 3306 9782 9784 
3 2324 6315 8390 
3 8390 6315 9783 
3 6316 9766 6317 
3 6317 9766 9768 
3 2301 3320 2302 
3 2302 3320 9767 
3 2285 8410 6318 
3 6318 8410 6319 
3 2284 9682 8426 
3 8426 9682 9681 
3 2310 9731 2309 
3 2309 9731 9692 
3 2308 6320 2358 
3 2358 6320 9724 
3 2795 6321 6322 
3 6322 6321 6323 
3 6322 6323 2796 
3 6326 3399 6324 
3 6324 2251 6326 
3 6326 2251 6325 
3 6326 6325 8445 
3 1142 6327 6330 
3 6330 8481 1116 
3 1116 8481 6355 
3 3146 3145 1144 
3 1144 3145 6328 
3 1144 6328 1143 
3 1116 1115 6330 
3 6330 1115 1138 
3 6330 1138 1136 
3 3143 6329 6327 
3 6327 6329 3141 
3 6327 3141 6330 
3 1136 1135 6330 
3 6330 1135 6331 
3 6330 6331 6332 
3 6332 1139 6330 
3 6330 1139 6333 
3 6330 6333 1142 
3 1143 6328 6327 
3 6327 6328 6334 
3 6327 6334 3143 
3 1144 6335 3146 
3 3146 6335 826 
3 3146 826 6343 
3 6343 826 909 
3 6343 909 6336 
3 883 6340 6344 
3 6336 6337 6343 
3 6343 6337 6338 
3 6343 6338 906 
3 906 6339 6343 
3 6343 6339 903 
3 6343 903 902 
3 900 6347 893 
3 6340 6341 6344 
3 6344 6341 887 
3 6344 887 888 
3 888 6342 6344 
3 6344 6342 889 
3 6344 889 880 
3 902 901 6343 
3 6343 901 6344 
3 6343 6344 879 
3 879 6344 880 
3 900 893 6344 
3 6344 893 892 
3 6344 892 891 
3 891 6345 6344 
3 6344 6345 882 
3 6344 882 883 
3 895 893 6346 
3 6346 893 6347 
3 6346 6347 897 
3 897 6347 6348 
3 1119 6351 6349 
3 1129 6358 6350 
3 6351 1118 6349 
3 6349 1118 6355 
3 6349 6355 6357 
3 59 85 6355 
3 6355 85 6352 
3 6355 6352 6353 
3 6353 6354 6355 
3 6355 6354 6356 
3 6355 6356 89 
3 89 87 6355 
3 6355 87 91 
3 6355 91 6357 
3 6364 1131 6362 
3 1127 6349 6358 
3 6358 6349 95 
3 6358 95 6350 
3 1129 6350 1131 
3 1131 6350 6359 
3 1131 6359 6362 
3 1127 6360 6349 
3 6349 6360 6361 
3 6349 6361 1124 
3 1124 1123 6349 
3 6349 1123 1122 
3 6349 1122 1119 
3 283 267 173 
3 173 267 6362 
3 253 252 6362 
3 6362 252 250 
3 6362 250 248 
3 248 827 6362 
3 6362 827 6363 
3 6362 6363 6364 
3 271 6370 267 
3 267 6365 6362 
3 6362 6365 261 
3 6362 261 6366 
3 6366 6367 6362 
3 6362 6367 6368 
3 6362 6368 258 
3 258 255 6362 
3 6362 255 254 
3 6362 254 253 
3 283 282 267 
3 267 282 279 
3 267 279 6369 
3 266 267 265 
3 265 267 6370 
3 265 6370 269 
3 269 6370 270 
3 6369 277 267 
3 267 277 274 
3 267 274 6371 
3 6371 6372 267 
3 267 6372 6373 
3 267 6373 271 
3 6374 8485 3408 
3 3408 8485 3409 
3 6374 3406 8485 
3 8485 3406 3404 
3 8485 3404 3403 
3 3403 3401 8485 
3 8485 3401 3400 
3 8485 3400 6375 
3 3481 3479 6376 
3 10047 10043 6385 
3 10037 10039 6632 
3 6624 10034 6625 
3 10035 6611 6615 
3 8519 8508 6569 
3 6377 6590 6601 
3 8529 6664 6378 
3 6586 6379 6584 
3 6380 8526 6578 
3 6571 6585 6570 
3 3485 6499 6587 
3 6381 6596 6595 
3 3486 3490 6498 
3 3491 6495 6579 
3 3550 3492 6382 
3 3453 3452 6525 
3 6497 3415 6383 
3 6384 6508 6506 
3 6385 6475 6662 
3 6470 6463 8490 
3 3524 3467 6430 
3 6443 3529 6444 
3 6448 3472 6400 
3 6559 6537 6386 
3 6386 6537 6388 
3 6390 6387 6536 
3 6536 6387 2112 
3 6536 2112 6388 
3 6388 2112 6389 
3 6388 6389 6386 
3 6390 6536 6391 
3 6391 6536 6535 
3 6391 6535 2114 
3 2114 6535 6392 
3 2114 6392 6393 
3 6393 6392 2121 
3 2121 6392 6533 
3 2121 6533 2122 
3 6417 6404 3475 
3 3475 3473 6417 
3 6417 3473 3477 
3 6417 3477 6415 
3 6403 6394 6402 
3 6398 6422 6399 
3 6448 6395 6396 
3 6396 6395 6398 
3 6396 6398 6397 
3 6397 6398 6399 
3 6400 3472 6420 
3 3472 3471 6420 
3 6420 3471 3470 
3 6420 3470 6394 
3 6394 3470 6401 
3 6394 6401 6402 
3 6402 3463 6403 
3 6403 3463 3539 
3 6403 3539 6404 
3 6404 3539 6405 
3 6404 6405 3475 
3 6644 6645 6406 
3 6407 3466 6443 
3 6408 3493 6411 
3 6408 6411 6409 
3 3493 6408 3514 
3 3514 6408 6410 
3 3514 6410 3465 
3 6411 3495 6409 
3 6409 3495 6412 
3 6409 6412 6621 
3 6621 6412 3520 
3 6621 3520 6623 
3 6644 6406 6414 
3 6414 6406 6413 
3 6414 6413 6422 
3 6422 6413 3468 
3 6422 3468 6399 
3 6669 6670 6415 
3 6415 6670 6416 
3 6415 6416 6417 
3 6417 6416 6424 
3 6417 6424 6404 
3 6404 6424 6418 
3 6404 6418 6403 
3 6403 6418 6419 
3 6403 6419 6394 
3 6394 6419 6427 
3 6394 6427 6420 
3 6420 6427 6429 
3 6420 6429 6400 
3 6643 6644 6436 
3 6436 6644 6414 
3 6436 6414 6421 
3 6421 6414 6422 
3 6421 6422 6423 
3 6423 6422 6398 
3 6423 6398 6449 
3 6449 6398 6395 
3 6428 6451 6450 
3 6670 6442 6416 
3 6416 6442 6441 
3 6416 6441 6424 
3 6424 6441 6439 
3 6424 6439 6418 
3 6418 6439 6425 
3 6418 6425 6419 
3 6419 6425 6426 
3 6419 6426 6427 
3 6427 6426 6428 
3 6427 6428 6429 
3 6429 6428 6450 
3 6429 6450 6400 
3 3524 6430 6622 
3 6622 6430 6431 
3 6622 6431 6619 
3 6619 6431 6432 
3 6619 6432 6628 
3 6449 6433 6423 
3 6423 6433 6434 
3 6423 6434 6421 
3 6421 6434 6435 
3 6421 6435 6436 
3 6436 6435 6460 
3 6436 6460 6643 
3 6458 6451 6457 
3 6457 6451 6428 
3 6457 6428 6437 
3 6437 6428 6426 
3 6437 6426 6438 
3 6438 6426 6425 
3 6438 6425 6455 
3 6455 6425 6439 
3 6455 6439 6440 
3 6440 6439 6441 
3 6440 6441 6672 
3 6672 6441 6442 
3 6454 6641 6642 
3 6443 6444 6407 
3 6407 6444 6445 
3 6407 6445 6446 
3 6446 6445 6640 
3 6446 6640 6447 
3 6447 6640 6639 
3 6447 6639 6630 
3 6448 6400 6395 
3 6395 6400 6450 
3 6395 6450 6449 
3 6449 6450 6451 
3 6449 6451 6433 
3 6433 6451 6458 
3 6433 6458 6434 
3 6434 6458 6452 
3 6434 6452 6435 
3 6435 6452 6453 
3 6435 6453 6460 
3 6638 6641 6653 
3 6653 6641 6454 
3 6653 6454 6459 
3 6672 6661 6440 
3 6440 6661 6660 
3 6440 6660 6455 
3 6455 6660 6658 
3 6455 6658 6438 
3 6438 6658 6456 
3 6438 6456 6437 
3 6437 6456 6657 
3 6437 6657 6457 
3 6457 6657 6655 
3 6457 6655 6458 
3 6458 6655 6654 
3 6458 6654 6452 
3 6452 6654 6459 
3 6452 6459 6453 
3 6453 6459 6454 
3 6453 6454 6460 
3 6460 6454 6642 
3 6460 6642 6643 
3 6659 6461 6462 
3 6462 8533 6659 
3 6659 8533 8532 
3 6659 8532 6463 
3 6463 8532 8488 
3 6463 8488 8490 
3 6656 6471 6465 
3 6652 6464 8512 
3 6465 6466 6656 
3 6656 6466 6467 
3 6656 6467 6464 
3 6464 6467 6468 
3 6464 6468 8512 
3 8490 6469 6470 
3 6470 6469 8492 
3 6470 8492 6471 
3 6471 8492 8495 
3 6471 8495 6465 
3 6478 6650 6476 
3 6483 6472 6650 
3 6650 6472 6473 
3 6650 6473 6476 
3 6647 6480 6481 
3 6481 8524 6647 
3 6647 8524 6474 
3 6647 6474 6475 
3 6475 6474 8523 
3 6475 8523 6662 
3 6476 6477 6478 
3 6478 6477 8525 
3 6478 8525 6480 
3 6480 8525 6479 
3 6480 6479 6481 
3 8512 8511 6652 
3 6652 8511 8510 
3 6652 8510 6651 
3 6651 8510 6482 
3 6651 6482 6483 
3 6483 6482 8497 
3 6483 8497 6472 
3 6494 3448 6527 
3 3440 3439 6533 
3 6533 3439 3443 
3 6533 3443 2122 
3 2122 3443 3410 
3 2122 3410 2131 
3 3448 6484 6485 
3 6485 6484 6486 
3 6485 6486 3440 
3 3412 6488 6487 
3 6487 6488 3460 
3 6487 3460 3459 
3 6547 3419 6489 
3 6489 3417 6512 
3 6512 3417 3413 
3 6512 3413 6513 
3 6514 6490 3414 
3 6384 6506 3414 
3 3459 3458 6491 
3 6491 3458 6492 
3 6491 6492 3446 
3 3446 3447 6527 
3 6527 3447 6493 
3 6527 6493 6494 
3 3453 6525 6495 
3 3451 3416 6526 
3 6526 3416 6496 
3 6526 6496 6497 
3 3486 6498 6499 
3 6381 6595 3479 
3 3490 3489 6500 
3 6500 3489 3488 
3 6500 3488 6501 
3 3415 6503 6502 
3 6502 6503 6504 
3 6502 6504 3420 
3 6505 6554 6507 
3 6507 6554 6506 
3 6507 6506 6487 
3 6487 6506 6508 
3 6487 6508 3412 
3 6555 6548 6509 
3 6509 6548 6511 
3 6509 6511 6510 
3 6510 6511 6512 
3 6510 6512 6514 
3 6514 6512 6513 
3 6514 6513 6490 
3 6597 6516 6515 
3 6515 6516 6500 
3 6515 6500 6572 
3 6572 6500 6501 
3 6572 6501 3550 
3 6605 6517 6518 
3 6518 6517 6519 
3 6518 6519 6550 
3 6550 6519 6602 
3 6550 6602 6549 
3 6549 6602 6502 
3 6549 6502 6547 
3 6547 6502 3420 
3 6547 3420 3419 
3 6576 6574 6581 
3 6581 6574 6573 
3 6581 6573 6520 
3 6520 6573 6382 
3 6520 6382 6579 
3 6579 6382 3492 
3 6579 3492 3491 
3 6582 6522 6521 
3 6521 6522 6523 
3 6521 6523 6524 
3 6524 6523 6580 
3 6524 6580 6567 
3 6567 6580 6525 
3 6567 6525 6526 
3 6526 6525 3452 
3 6526 3452 3451 
3 3448 6485 6527 
3 6527 6485 6534 
3 6527 6534 6528 
3 6528 6534 6529 
3 6528 6529 6562 
3 6562 6529 6531 
3 6562 6531 6530 
3 6530 6531 6538 
3 6530 6538 6532 
3 6532 6538 6560 
3 6532 6560 6564 
3 3440 6533 6485 
3 6485 6533 6392 
3 6485 6392 6534 
3 6534 6392 6535 
3 6534 6535 6529 
3 6529 6535 6536 
3 6529 6536 6531 
3 6531 6536 6388 
3 6531 6388 6538 
3 6538 6388 6537 
3 6538 6537 6560 
3 3459 6491 6487 
3 6487 6491 6539 
3 6487 6539 6507 
3 6507 6539 6563 
3 6507 6563 6505 
3 6505 6563 6540 
3 6505 6540 6556 
3 6556 6540 6541 
3 6556 6541 6558 
3 6558 6541 6542 
3 6558 6542 6552 
3 3479 6595 6376 
3 6376 6595 6543 
3 6376 6543 6544 
3 6544 6543 6545 
3 6544 6545 6671 
3 6671 6545 6591 
3 6671 6591 6673 
3 6673 6591 6546 
3 6673 6546 6674 
3 6674 6546 6666 
3 6674 6666 6667 
3 6542 6566 6553 
3 6551 8516 8522 
3 6489 6512 6547 
3 6547 6512 6511 
3 6547 6511 6549 
3 6549 6511 6548 
3 6549 6548 6550 
3 6550 6548 6555 
3 6550 6555 6518 
3 6518 6555 6557 
3 6518 6557 6605 
3 6605 6557 6551 
3 6605 6551 6607 
3 6607 6551 8522 
3 6607 8522 8520 
3 6542 6553 6552 
3 6552 6553 8518 
3 6552 8518 8517 
3 3414 6506 6514 
3 6514 6506 6554 
3 6514 6554 6510 
3 6510 6554 6505 
3 6510 6505 6509 
3 6509 6505 6556 
3 6509 6556 6555 
3 6555 6556 6558 
3 6555 6558 6557 
3 6557 6558 6552 
3 6557 6552 6551 
3 6551 6552 8517 
3 6551 8517 8516 
3 6559 2111 6537 
3 6537 2111 8506 
3 6537 8506 6560 
3 6560 8506 6561 
3 6560 6561 6564 
3 6564 6561 8507 
3 6564 8507 6565 
3 3446 6527 6491 
3 6491 6527 6528 
3 6491 6528 6539 
3 6539 6528 6562 
3 6539 6562 6563 
3 6563 6562 6530 
3 6563 6530 6540 
3 6540 6530 6532 
3 6540 6532 6541 
3 6541 6532 6564 
3 6541 6564 6542 
3 6542 6564 6565 
3 6542 6565 6566 
3 6497 6383 6526 
3 6526 6383 6603 
3 6526 6603 6567 
3 6567 6603 6604 
3 6567 6604 6524 
3 6524 6604 6568 
3 6524 6568 6521 
3 6521 6568 6606 
3 6521 6606 6582 
3 6582 6606 6569 
3 6582 6569 6570 
3 6570 6569 8508 
3 6570 8508 6571 
3 3550 6382 6572 
3 6572 6382 6573 
3 6572 6573 6515 
3 6515 6573 6574 
3 6515 6574 6597 
3 6597 6574 6576 
3 6597 6576 6575 
3 6575 6576 6583 
3 6575 6583 6577 
3 6577 6583 6584 
3 6577 6584 6578 
3 6578 6584 6379 
3 6578 6379 6380 
3 6495 6525 6579 
3 6579 6525 6580 
3 6579 6580 6520 
3 6520 6580 6523 
3 6520 6523 6581 
3 6581 6523 6522 
3 6581 6522 6576 
3 6576 6522 6582 
3 6576 6582 6583 
3 6583 6582 6570 
3 6583 6570 6584 
3 6584 6570 6585 
3 6584 6585 6586 
3 6499 6498 6587 
3 6587 6498 6598 
3 6587 6598 6594 
3 6594 6598 6599 
3 6594 6599 6593 
3 6593 6599 6600 
3 6593 6600 6592 
3 6592 6600 6588 
3 6592 6588 6589 
3 6589 6588 6601 
3 6589 6601 6378 
3 6378 6601 6590 
3 6378 6590 8529 
3 6664 6666 6378 
3 6378 6666 6546 
3 6378 6546 6589 
3 6589 6546 6591 
3 6589 6591 6592 
3 6592 6591 6545 
3 6592 6545 6593 
3 6593 6545 6543 
3 6593 6543 6594 
3 6594 6543 6595 
3 6594 6595 6587 
3 6587 6595 6596 
3 6587 6596 3485 
3 3490 6500 6498 
3 6498 6500 6516 
3 6498 6516 6598 
3 6598 6516 6597 
3 6598 6597 6599 
3 6599 6597 6575 
3 6599 6575 6600 
3 6600 6575 6577 
3 6600 6577 6588 
3 6588 6577 6578 
3 6588 6578 6601 
3 6601 6578 8526 
3 6601 8526 6377 
3 3415 6502 6383 
3 6383 6502 6602 
3 6383 6602 6603 
3 6603 6602 6519 
3 6603 6519 6604 
3 6604 6519 6517 
3 6604 6517 6568 
3 6568 6517 6605 
3 6568 6605 6606 
3 6606 6605 6607 
3 6606 6607 6569 
3 6569 6607 8520 
3 6569 8520 8519 
3 6609 6612 10033 
3 3465 6410 6608 
3 6608 6410 6609 
3 6608 6609 6610 
3 6610 6609 10033 
3 6610 10033 10927 
3 6611 6612 6615 
3 6615 6612 6609 
3 6615 6609 6617 
3 6617 6609 6410 
3 6617 6410 6613 
3 6613 6410 6408 
3 6613 6408 6614 
3 6614 6408 6409 
3 6614 6409 6620 
3 6620 6409 6621 
3 10034 10035 6625 
3 6625 10035 6615 
3 6625 6615 6616 
3 6616 6615 6617 
3 6616 6617 6627 
3 6627 6617 6613 
3 6627 6613 6618 
3 6618 6613 6614 
3 6618 6614 6628 
3 6628 6614 6620 
3 6628 6620 6619 
3 6619 6620 6621 
3 6619 6621 6622 
3 6622 6621 6623 
3 6622 6623 3524 
3 10039 6624 6632 
3 6632 6624 6625 
3 6632 6625 6634 
3 6634 6625 6616 
3 6634 6616 6635 
3 6635 6616 6627 
3 6635 6627 6626 
3 6626 6627 6618 
3 6626 6618 6629 
3 6629 6618 6628 
3 6629 6628 6630 
3 6630 6628 6432 
3 6630 6432 6447 
3 6447 6432 6431 
3 6447 6431 6446 
3 6446 6431 6430 
3 6446 6430 6407 
3 6407 6430 3467 
3 6407 3467 3466 
3 6646 10037 6631 
3 6631 10037 6632 
3 6631 6632 6633 
3 6633 6632 6634 
3 6633 6634 6648 
3 6648 6634 6635 
3 6648 6635 6636 
3 6636 6635 6626 
3 6636 6626 6649 
3 6649 6626 6629 
3 6649 6629 6637 
3 6637 6629 6630 
3 6637 6630 6638 
3 6638 6630 6639 
3 6638 6639 6641 
3 6641 6639 6640 
3 6641 6640 6642 
3 6642 6640 6445 
3 6642 6445 6643 
3 6643 6445 6444 
3 6643 6444 6644 
3 6644 6444 3529 
3 6644 3529 6645 
3 10043 6646 6385 
3 6385 6646 6631 
3 6385 6631 6475 
3 6475 6631 6633 
3 6475 6633 6647 
3 6647 6633 6648 
3 6647 6648 6480 
3 6480 6648 6636 
3 6480 6636 6478 
3 6478 6636 6649 
3 6478 6649 6650 
3 6650 6649 6637 
3 6650 6637 6483 
3 6483 6637 6638 
3 6483 6638 6651 
3 6651 6638 6653 
3 6651 6653 6652 
3 6652 6653 6459 
3 6652 6459 6464 
3 6464 6459 6654 
3 6464 6654 6656 
3 6656 6654 6655 
3 6656 6655 6471 
3 6471 6655 6657 
3 6471 6657 6470 
3 6470 6657 6456 
3 6470 6456 6463 
3 6463 6456 6658 
3 6463 6658 6659 
3 6659 6658 6660 
3 6659 6660 6461 
3 6461 6660 6661 
3 8487 10047 8513 
3 8513 10047 6385 
3 8513 6385 8514 
3 8514 6385 6662 
3 3477 3476 6415 
3 6415 3476 6663 
3 6415 6663 6669 
3 6669 6663 3482 
3 6669 3482 3481 
3 6664 6665 6666 
3 6666 6665 8531 
3 6666 8531 6667 
3 6667 8531 6668 
3 6667 6668 6675 
3 3481 6376 6669 
3 6669 6376 6544 
3 6669 6544 6670 
3 6670 6544 6671 
3 6670 6671 6442 
3 6442 6671 6673 
3 6442 6673 6672 
3 6672 6673 6674 
3 6672 6674 6661 
3 6661 6674 6667 
3 6661 6667 6461 
3 6461 6667 6675 
3 6461 6675 6462 
3 8504 3584 6676 
3 6676 3584 6677 
3 6676 6677 8505 
3 8505 6677 6678 
3 8505 6678 6679 
3 6679 6678 6680 
3 6679 6680 8494 
3 8494 6680 3582 
3 8494 3582 6681 
3 6681 3582 3581 
3 6681 3581 8521 
3 8521 3581 6683 
3 8521 6683 6682 
3 6682 6683 3578 
3 6682 3578 8509 
3 8509 3578 3576 
3 8509 3576 8527 
3 8527 3576 6684 
3 8527 6684 6685 
3 6685 6684 3574 
3 6685 3574 8530 
3 8530 3574 6686 
3 8530 6686 8528 
3 8528 6686 6687 
3 8528 6687 6689 
3 6689 6687 6688 
3 6689 6688 6690 
3 6690 6688 6691 
3 6690 6691 8489 
3 8489 6691 3570 
3 8489 3570 8491 
3 8491 3570 3567 
3 8491 3567 8493 
3 8493 3567 6692 
3 8493 6692 6693 
3 6693 6692 3564 
3 6693 3564 6694 
3 6694 3564 3563 
3 6694 3563 8499 
3 8499 3563 3562 
3 8499 3562 8498 
3 8498 3562 3560 
3 8498 3560 6695 
3 6695 3560 6696 
3 6695 6696 6697 
3 6697 6696 3557 
3 6697 3557 6698 
3 6698 3557 3556 
3 6698 3556 8515 
3 8515 3556 6700 
3 8515 6700 6699 
3 6699 6700 6701 
3 6699 6701 6702 
3 6702 6701 3554 
3 6702 3554 6703 
3 6703 3554 6704 
3 6703 6704 8500 
3 8500 6704 3593 
3 8500 3593 6705 
3 6705 3593 3591 
3 6705 3591 6707 
3 6707 3591 6706 
3 6707 6706 6708 
3 6708 6706 3590 
3 6708 3590 8503 
3 8503 3590 3588 
3 8503 3588 8502 
3 8502 3588 3587 
3 8502 3587 8501 
3 8501 3587 3585 
3 8501 3585 8504 
3 8504 3585 3584 
3 7211 7184 6709 
3 6710 9265 7241 
3 8736 6711 7318 
3 6712 7317 7143 
3 7084 7086 7249 
3 7142 7336 3632 
3 7087 7239 7238 
3 3632 7336 6713 
3 3641 6714 7172 
3 7150 6715 7007 
3 7149 7146 6998 
3 6953 6961 6991 
3 6716 6718 6717 
3 6717 6718 6719 
3 6839 6720 6898 
3 6721 6814 7347 
3 6811 7305 6722 
3 7346 7297 7345 
3 6724 8717 8725 
3 8726 7095 8725 
3 8725 7095 6723 
3 8725 6723 6724 
3 7114 2140 7179 
3 7179 2140 2139 
3 7114 7116 6725 
3 6725 7116 7050 
3 6725 7050 6726 
3 6726 7050 6727 
3 6726 6727 2147 
3 2147 6727 6728 
3 2147 6728 6729 
3 6729 6728 6730 
3 6730 6728 6731 
3 6730 6731 2148 
3 2148 6731 7053 
3 2148 7053 6732 
3 6732 7053 7055 
3 6732 7055 6733 
3 6733 7055 7056 
3 6733 7056 7047 
3 6734 7309 6736 
3 6736 7309 6735 
3 6736 6735 6737 
3 6740 8683 6738 
3 6740 6738 7308 
3 6739 6742 8766 
3 6739 8766 6740 
3 6740 8766 9403 
3 6740 9403 8683 
3 6734 6741 7309 
3 7309 6741 9380 
3 7309 9380 6739 
3 6739 9380 9427 
3 6739 9427 6742 
3 6743 8768 8834 
3 6743 8834 6745 
3 8834 8835 6745 
3 6745 8835 6744 
3 6745 6744 7306 
3 3740 6746 7302 
3 7302 6746 6754 
3 7302 6754 6755 
3 3740 7302 3738 
3 3738 7302 6747 
3 3738 6747 6748 
3 6748 6747 7304 
3 6748 7304 6749 
3 6744 8769 7306 
3 7306 8769 8770 
3 7306 8770 6750 
3 6750 8770 6751 
3 6750 6751 7304 
3 7304 6751 3737 
3 7304 3737 6749 
3 6738 6752 7308 
3 7308 6752 8767 
3 7308 8767 6743 
3 6743 8767 6753 
3 6743 6753 8768 
3 6754 3739 6755 
3 6755 3739 3741 
3 6755 3741 6756 
3 6756 3741 6757 
3 3747 6759 3742 
3 3742 6759 6756 
3 3742 6756 6758 
3 6758 6756 6757 
3 6766 6760 3750 
3 3747 3745 6759 
3 6759 3745 3744 
3 6759 3744 6760 
3 6760 3744 6761 
3 6760 6761 3750 
3 6768 3753 6762 
3 6768 6762 6763 
3 7343 6777 7344 
3 7342 7345 6764 
3 6764 7345 6763 
3 6764 6763 3754 
3 3754 6763 6762 
3 3750 6765 6766 
3 6766 6765 6767 
3 6766 6767 6768 
3 6768 6767 3751 
3 6768 3751 3753 
3 6769 6778 3758 
3 3758 6770 6769 
3 6769 6770 6771 
3 6769 6771 6772 
3 6773 3759 6776 
3 6776 3759 6774 
3 6776 6774 6781 
3 6771 6775 6772 
3 6772 6775 3762 
3 6772 3762 6776 
3 6776 3762 3761 
3 6776 3761 6773 
3 6777 3756 7344 
3 7344 3756 3755 
3 7344 3755 6778 
3 6778 3755 6779 
3 6778 6779 3758 
3 4367 10811 10810 
3 6774 6780 6781 
3 6781 6780 4368 
3 6781 4368 4367 
3 4367 10810 6781 
3 6781 10810 6782 
3 6781 6782 10816 
3 7307 6783 6786 
3 6786 6783 6784 
3 6786 6784 6881 
3 6881 6784 6823 
3 6785 7307 6787 
3 6787 7307 6786 
3 6787 6786 7262 
3 7262 6786 6881 
3 7262 6881 7260 
3 6789 6835 6790 
3 6817 6837 6788 
3 6788 6837 6836 
3 6788 6836 6819 
3 6819 6836 6789 
3 6819 6789 6791 
3 6791 6789 6790 
3 6791 6790 10815 
3 6722 7305 6792 
3 6792 7305 6793 
3 6792 6793 6808 
3 6808 6793 7303 
3 6808 7303 6807 
3 6807 7303 6794 
3 6807 6794 6806 
3 6806 6794 7301 
3 6806 7301 6795 
3 6795 7301 6796 
3 6795 6796 6797 
3 6797 6796 7300 
3 6797 7300 6804 
3 6804 7300 7299 
3 6804 7299 6801 
3 6801 7299 7298 
3 6801 7298 6798 
3 6798 7298 6800 
3 6798 6800 6799 
3 6799 6800 7297 
3 6799 7297 6815 
3 6815 7297 7346 
3 6815 7346 7347 
3 6798 6832 6801 
3 6801 6832 6802 
3 6801 6802 6804 
3 6804 6802 6803 
3 6804 6803 6797 
3 6797 6803 6830 
3 6797 6830 6795 
3 6795 6830 6805 
3 6795 6805 6806 
3 6806 6805 6827 
3 6806 6827 6807 
3 6807 6827 6824 
3 6807 6824 6808 
3 6808 6824 6809 
3 6808 6809 6792 
3 6792 6809 6822 
3 6792 6822 6722 
3 6722 6822 6810 
3 6722 6810 6811 
3 6811 6810 6821 
3 6818 6812 7348 
3 7348 6812 6820 
3 7348 6820 7350 
3 7350 6820 6813 
3 7350 6813 7351 
3 7351 6813 10814 
3 7351 10814 10813 
3 7347 6814 6815 
3 6815 6814 6816 
3 6815 6816 6799 
3 6799 6816 6892 
3 6799 6892 6798 
3 6798 6892 6834 
3 6798 6834 6832 
3 6838 6817 6818 
3 6818 6817 6788 
3 6818 6788 6812 
3 6812 6788 6819 
3 6812 6819 6820 
3 6820 6819 6791 
3 6820 6791 6813 
3 6813 6791 10815 
3 6813 10815 10814 
3 6783 6821 6784 
3 6784 6821 6810 
3 6784 6810 6823 
3 6823 6810 6822 
3 6823 6822 6883 
3 6883 6822 6809 
3 6883 6809 6825 
3 6825 6809 6824 
3 6825 6824 6826 
3 6826 6824 6827 
3 6826 6827 6828 
3 6828 6827 6805 
3 6828 6805 6887 
3 6887 6805 6830 
3 6887 6830 6829 
3 6829 6830 6803 
3 6829 6803 6831 
3 6831 6803 6802 
3 6831 6802 6890 
3 6890 6802 6832 
3 6890 6832 6833 
3 6833 6832 6834 
3 10816 6835 6781 
3 6781 6835 6789 
3 6781 6789 6776 
3 6776 6789 6836 
3 6776 6836 6772 
3 6772 6836 6837 
3 6772 6837 6769 
3 6769 6837 6817 
3 6769 6817 6778 
3 6778 6817 6838 
3 6778 6838 7344 
3 6720 7260 6882 
3 6975 6839 6976 
3 6870 7380 6840 
3 6840 7380 6841 
3 6840 6841 7261 
3 7261 6841 6843 
3 7261 6843 6842 
3 6842 6843 6844 
3 6842 6844 6845 
3 6845 6844 6846 
3 6845 6846 7284 
3 6848 6847 6849 
3 3615 6848 6862 
3 6862 6848 6849 
3 6862 6849 6850 
3 6850 6849 7364 
3 6850 7364 6851 
3 6851 7364 7363 
3 6851 7363 6864 
3 6864 7363 7360 
3 6864 7360 6852 
3 6852 7360 7359 
3 6852 7359 6866 
3 6866 7359 6853 
3 6866 6853 6867 
3 6867 6853 7357 
3 6867 7357 7372 
3 7372 7357 7356 
3 7375 6854 6868 
3 6868 6854 7377 
3 6868 7377 6855 
3 6855 7377 6856 
3 6855 6856 6865 
3 6865 6856 7378 
3 6865 7378 6863 
3 6863 7378 7379 
3 6863 7379 6857 
3 6857 7379 6858 
3 6857 6858 6859 
3 6859 6858 7381 
3 6859 7381 6861 
3 6880 6860 7382 
3 7382 6860 3614 
3 7382 3614 3594 
3 7383 3615 6861 
3 6861 3615 6862 
3 6861 6862 6859 
3 6859 6862 6850 
3 6859 6850 6857 
3 6857 6850 6851 
3 6857 6851 6863 
3 6863 6851 6864 
3 6863 6864 6865 
3 6865 6864 6852 
3 6865 6852 6855 
3 6855 6852 6866 
3 6855 6866 6868 
3 6868 6866 6867 
3 6868 6867 7375 
3 7375 6867 7372 
3 6880 7380 6869 
3 6869 7380 6870 
3 6869 6870 6871 
3 7254 6872 7256 
3 7256 6872 3608 
3 7256 3608 6874 
3 3608 6873 6874 
3 6874 6873 6875 
3 6874 6875 6876 
3 6876 6875 6877 
3 6876 6877 6878 
3 6877 3609 6878 
3 6878 3609 6879 
3 6878 6879 6871 
3 6871 6879 3613 
3 6871 3613 6869 
3 6869 3613 3612 
3 6869 3612 6880 
3 6880 3612 3611 
3 6880 3611 6860 
3 7260 6881 6882 
3 6882 6881 6823 
3 6882 6823 6884 
3 6884 6823 6883 
3 6884 6883 6885 
3 6885 6883 6825 
3 6885 6825 6886 
3 6886 6825 6826 
3 6886 6826 6902 
3 6902 6826 6828 
3 6902 6828 6903 
3 6903 6828 6887 
3 6903 6887 6905 
3 6905 6887 6829 
3 6905 6829 6888 
3 6888 6829 6831 
3 6888 6831 6889 
3 6889 6831 6890 
3 6889 6890 6891 
3 6891 6890 6833 
3 6891 6833 6910 
3 6910 6833 6834 
3 6910 6834 6912 
3 6912 6834 6892 
3 6912 6892 6913 
3 6913 6892 6816 
3 6913 6816 6893 
3 6893 6816 6814 
3 6893 6814 6894 
3 6894 6814 6721 
3 6894 6721 6895 
3 6895 6721 7349 
3 6895 7349 6896 
3 6896 7349 7352 
3 6896 7352 6916 
3 6916 7352 6897 
3 6916 6897 6969 
3 6897 7353 10869 
3 6720 6882 6898 
3 6898 6882 6884 
3 6898 6884 6899 
3 6899 6884 6885 
3 6899 6885 6900 
3 6900 6885 6886 
3 6900 6886 6901 
3 6901 6886 6902 
3 6901 6902 6921 
3 6921 6902 6903 
3 6921 6903 6904 
3 6904 6903 6905 
3 6904 6905 6923 
3 6923 6905 6888 
3 6923 6888 6906 
3 6906 6888 6889 
3 6906 6889 6907 
3 6907 6889 6891 
3 6907 6891 6908 
3 6908 6891 6910 
3 6908 6910 6909 
3 6909 6910 6912 
3 6909 6912 6911 
3 6911 6912 6913 
3 6911 6913 6929 
3 6929 6913 6893 
3 6929 6893 6914 
3 6914 6893 6894 
3 6914 6894 6932 
3 6932 6894 6895 
3 6932 6895 6933 
3 6933 6895 6896 
3 6933 6896 6915 
3 6915 6896 6916 
3 6915 6916 6917 
3 6917 6916 6969 
3 6917 6969 6970 
3 6839 6898 6976 
3 6976 6898 6899 
3 6976 6899 6918 
3 6918 6899 6900 
3 6918 6900 6919 
3 6919 6900 6901 
3 6919 6901 6980 
3 6980 6901 6921 
3 6980 6921 6920 
3 6920 6921 6904 
3 6920 6904 6922 
3 6922 6904 6923 
3 6922 6923 6924 
3 6924 6923 6906 
3 6924 6906 6925 
3 6925 6906 6907 
3 6925 6907 6983 
3 6983 6907 6908 
3 6983 6908 6926 
3 6926 6908 6909 
3 6926 6909 6927 
3 6927 6909 6911 
3 6927 6911 6928 
3 6928 6911 6929 
3 6928 6929 6930 
3 6930 6929 6914 
3 6930 6914 6931 
3 6931 6914 6932 
3 6931 6932 6987 
3 6987 6932 6933 
3 6987 6933 6989 
3 6989 6933 6915 
3 6989 6915 6990 
3 6990 6915 6917 
3 6990 6917 6934 
3 6934 6917 6970 
3 6934 6970 6973 
3 6935 6952 6936 
3 6936 6952 6937 
3 6936 6937 6986 
3 6986 6937 6938 
3 6986 6938 6985 
3 6985 6938 6939 
3 6985 6939 6940 
3 6940 6939 6941 
3 6940 6941 6984 
3 6984 6941 7253 
3 6984 7253 6942 
3 6942 7253 6943 
3 6942 6943 6944 
3 6944 6943 6945 
3 6944 6945 6982 
3 6982 6945 7255 
3 6982 7255 6981 
3 6981 7255 6946 
3 6981 6946 6947 
3 6947 6946 7257 
3 6947 7257 6979 
3 6979 7257 7258 
3 6979 7258 6978 
3 6978 7258 7259 
3 6978 7259 6977 
3 6977 7259 6975 
3 6948 3601 6949 
3 6949 3601 6992 
3 6949 6992 6993 
3 6717 3600 6716 
3 6716 3600 3599 
3 6716 3599 7251 
3 7251 3599 6950 
3 7251 6950 7252 
3 7252 6950 6951 
3 7252 6951 6948 
3 6948 6951 3602 
3 6948 3602 3601 
3 6960 6965 6988 
3 6988 6965 6966 
3 6988 6966 6935 
3 6935 6966 6968 
3 6935 6968 6952 
3 6953 6991 6955 
3 6955 6991 6954 
3 6955 6954 6962 
3 6962 6954 10835 
3 6962 10835 10834 
3 6965 6958 6963 
3 3595 6956 6957 
3 7338 3595 7340 
3 7340 3595 6957 
3 7340 6957 7341 
3 7341 6957 6959 
3 6958 6959 6963 
3 6963 6959 6957 
3 6963 6957 3597 
3 3597 6957 6956 
3 6960 6961 6965 
3 6965 6961 6953 
3 6965 6953 6958 
3 6958 6953 6955 
3 6958 6955 6959 
3 6959 6955 6962 
3 6959 6962 7341 
3 7341 6962 10834 
3 3597 6964 6963 
3 6963 6964 3596 
3 6963 3596 6965 
3 6965 3596 6967 
3 6965 6967 6966 
3 6966 6967 3598 
3 6966 3598 6968 
3 6968 3598 7250 
3 6897 10869 6969 
3 6969 10869 10868 
3 6969 10868 6970 
3 6970 10868 6971 
3 6970 6971 6973 
3 6973 6971 6972 
3 6973 6972 6974 
3 6975 6976 6977 
3 6977 6976 6918 
3 6977 6918 6978 
3 6978 6918 6919 
3 6978 6919 6979 
3 6979 6919 6980 
3 6979 6980 6947 
3 6947 6980 6920 
3 6947 6920 6981 
3 6981 6920 6922 
3 6981 6922 6982 
3 6982 6922 6924 
3 6982 6924 6944 
3 6944 6924 6925 
3 6944 6925 6942 
3 6942 6925 6983 
3 6942 6983 6984 
3 6984 6983 6926 
3 6984 6926 6940 
3 6940 6926 6927 
3 6940 6927 6985 
3 6985 6927 6928 
3 6985 6928 6986 
3 6986 6928 6930 
3 6986 6930 6936 
3 6936 6930 6931 
3 6936 6931 6935 
3 6935 6931 6987 
3 6935 6987 6988 
3 6988 6987 6989 
3 6988 6989 6960 
3 6960 6989 6990 
3 6960 6990 6961 
3 6961 6990 6934 
3 6961 6934 6991 
3 6991 6934 6973 
3 6991 6973 6954 
3 6954 6973 6974 
3 6954 6974 10835 
3 6992 3604 6993 
3 6993 3604 6994 
3 6993 6994 6995 
3 6995 6994 3607 
3 6995 3607 7254 
3 7254 3607 6996 
3 7254 6996 6872 
3 6715 7149 6997 
3 7033 7150 7015 
3 7149 6998 6997 
3 6997 6998 7324 
3 6997 7324 6999 
3 6999 7324 7000 
3 6999 7000 7001 
3 7001 7000 7002 
3 7001 7002 7003 
3 7003 7002 7325 
3 7003 7325 7010 
3 7010 7325 7004 
3 7010 7004 7012 
3 7012 7004 7327 
3 7012 7327 7005 
3 7005 7327 7328 
3 7005 7328 7013 
3 7013 7328 7006 
3 7013 7006 7330 
3 6715 6997 7007 
3 7007 6997 6999 
3 7007 6999 7008 
3 7008 6999 7001 
3 7008 7001 7009 
3 7009 7001 7003 
3 7009 7003 7018 
3 7018 7003 7010 
3 7018 7010 7011 
3 7011 7010 7012 
3 7011 7012 7019 
3 7019 7012 7005 
3 7019 7005 7022 
3 7022 7005 7013 
3 7022 7013 7014 
3 7014 7013 7330 
3 7014 7330 7332 
3 7150 7007 7015 
3 7015 7007 7008 
3 7015 7008 7016 
3 7016 7008 7009 
3 7016 7009 7017 
3 7017 7009 7018 
3 7017 7018 7035 
3 7035 7018 7011 
3 7035 7011 7037 
3 7037 7011 7019 
3 7037 7019 7020 
3 7020 7019 7022 
3 7020 7022 7021 
3 7021 7022 7014 
3 7021 7014 7023 
3 7023 7014 7332 
3 7023 7332 7333 
3 7078 7028 7358 
3 7358 7028 7030 
3 7358 7030 7024 
3 7024 7030 7026 
3 7024 7026 7025 
3 7025 7026 7027 
3 7025 7027 7371 
3 7371 7027 7369 
3 7028 7029 7030 
3 7030 7029 7076 
3 7030 7076 7026 
3 7026 7076 7031 
3 7026 7031 7027 
3 7027 7031 7073 
3 7027 7073 7369 
3 7369 7073 7032 
3 7033 7015 7034 
3 7034 7015 7016 
3 7034 7016 7161 
3 7161 7016 7017 
3 7161 7017 7162 
3 7162 7017 7035 
3 7162 7035 7036 
3 7036 7035 7037 
3 7036 7037 7165 
3 7165 7037 7020 
3 7165 7020 7168 
3 7168 7020 7021 
3 7168 7021 7169 
3 7169 7021 7023 
3 7169 7023 7038 
3 7038 7023 7333 
3 7038 7333 7334 
3 7049 7039 7051 
3 7051 7039 7118 
3 7051 7118 7041 
3 7041 7118 7040 
3 7041 7040 7052 
3 7052 7040 7120 
3 7052 7120 7042 
3 7042 7120 7043 
3 7042 7043 7054 
3 7054 7043 7044 
3 7054 7044 7057 
3 7057 7044 7045 
3 7057 7045 7046 
3 7172 7070 7173 
3 3645 7047 7048 
3 7048 7047 7056 
3 7048 7056 7058 
3 7116 7049 7050 
3 7050 7049 7051 
3 7050 7051 6727 
3 6727 7051 7041 
3 6727 7041 6728 
3 6728 7041 7052 
3 6728 7052 6731 
3 6731 7052 7042 
3 6731 7042 7053 
3 7053 7042 7054 
3 7053 7054 7055 
3 7055 7054 7057 
3 7055 7057 7056 
3 7056 7057 7046 
3 7056 7046 7058 
3 7058 7046 3644 
3 7135 7069 7059 
3 7059 7069 7060 
3 7059 7060 7061 
3 7061 7060 7062 
3 7090 7064 7063 
3 7063 7064 7065 
3 7063 7065 7066 
3 7065 3637 7066 
3 7066 3637 3640 
3 7066 3640 7137 
3 7137 3640 7067 
3 7137 7067 7135 
3 7135 7067 7068 
3 7135 7068 7069 
3 7172 6714 7070 
3 7070 6714 7071 
3 7070 7071 7072 
3 7072 7071 3642 
3 7072 3642 7122 
3 7244 7032 7074 
3 7074 7032 7073 
3 7074 7073 7075 
3 7075 7073 7031 
3 7075 7031 7077 
3 7077 7031 7076 
3 7077 7076 7247 
3 7247 7076 7029 
3 7247 7029 7248 
3 7248 7029 7028 
3 7248 7028 7079 
3 7079 7028 7078 
3 7079 7078 7361 
3 7088 7080 7294 
3 3632 7081 7142 
3 7142 7081 3631 
3 7142 3631 7141 
3 7141 3631 7082 
3 7141 7082 7089 
3 7249 7362 7083 
3 7083 7362 7354 
3 7249 7083 7084 
3 7084 7083 3623 
3 7084 3623 7086 
3 7086 3623 7085 
3 7086 7085 7296 
3 7087 7080 3629 
3 3629 7080 7088 
3 3629 7088 3624 
3 3624 7088 3625 
3 7082 3633 7089 
3 7089 3633 3636 
3 7089 3636 7139 
3 7139 3636 3634 
3 7139 3634 7090 
3 7090 3634 7091 
3 7090 7091 7064 
3 8734 7152 7092 
3 7092 7152 7096 
3 7092 7096 8732 
3 8732 7096 8730 
3 8726 7093 7095 
3 7095 7093 8728 
3 7095 8728 7096 
3 7096 8728 8729 
3 7096 8729 8730 
3 7113 6723 7094 
3 7094 6723 7095 
3 7094 7095 7124 
3 7124 7095 7096 
3 7124 7096 7125 
3 7125 7096 7152 
3 7125 7152 7127 
3 7097 7098 7153 
3 7153 7098 7099 
3 7106 7194 8738 
3 8738 7194 7222 
3 8738 7222 8739 
3 8739 7222 7100 
3 8743 7190 7192 
3 7101 7103 7102 
3 7102 7103 7105 
3 8743 8741 7190 
3 7190 8741 7104 
3 7190 7104 7105 
3 7105 7104 8740 
3 7105 8740 7102 
3 7106 7107 7194 
3 7194 7107 7108 
3 7194 7108 7192 
3 7192 7108 8744 
3 7192 8744 8743 
3 7101 8751 7103 
3 7103 8751 8750 
3 7103 8750 7188 
3 7109 7110 7126 
3 7126 7110 7178 
3 7126 7178 7111 
3 7111 7178 7112 
3 7111 7112 7123 
3 7123 7112 2123 
3 7123 2123 7113 
3 7114 7179 7116 
3 7116 7179 7115 
3 7116 7115 7049 
3 7049 7115 7117 
3 7049 7117 7039 
3 7039 7117 7176 
3 7039 7176 7118 
3 7118 7176 7175 
3 7118 7175 7040 
3 7040 7175 7119 
3 7040 7119 7120 
3 7120 7119 7121 
3 7120 7121 7043 
3 7043 7121 7173 
3 7043 7173 7044 
3 7044 7173 7070 
3 7044 7070 7045 
3 7045 7070 7072 
3 7045 7072 7046 
3 7046 7072 7122 
3 7046 7122 3644 
3 7113 7094 7123 
3 7123 7094 7124 
3 7123 7124 7111 
3 7111 7124 7125 
3 7111 7125 7126 
3 7126 7125 7127 
3 7126 7127 7109 
3 7109 7127 7128 
3 7109 7128 7177 
3 7177 7128 7155 
3 7177 7155 7174 
3 7174 7155 7129 
3 7174 7129 7130 
3 7130 7129 7132 
3 7130 7132 7131 
3 7131 7132 7157 
3 7131 7157 7133 
3 7133 7157 7158 
3 7133 7158 7061 
3 7061 7158 7134 
3 7061 7134 7059 
3 7059 7134 7160 
3 7059 7160 7135 
3 7135 7160 7136 
3 7135 7136 7137 
3 7137 7136 7138 
3 7137 7138 7066 
3 7066 7138 7163 
3 7066 7163 7063 
3 7063 7163 7164 
3 7063 7164 7090 
3 7090 7164 7166 
3 7090 7166 7139 
3 7139 7166 7167 
3 7139 7167 7089 
3 7089 7167 7140 
3 7089 7140 7141 
3 7141 7140 7170 
3 7141 7170 7142 
3 7142 7170 7171 
3 7142 7171 7336 
3 7099 6712 7153 
3 7153 6712 7143 
3 7153 7143 7144 
3 7144 7143 7319 
3 7144 7319 7154 
3 7154 7319 7145 
3 7154 7145 7147 
3 7147 7145 7146 
3 7147 7146 7148 
3 7148 7146 7149 
3 7148 7149 7156 
3 7156 7149 6715 
3 7156 6715 7159 
3 7159 6715 7150 
3 7159 7150 7151 
3 7151 7150 7033 
3 8734 7097 7152 
3 7152 7097 7153 
3 7152 7153 7127 
3 7127 7153 7144 
3 7127 7144 7128 
3 7128 7144 7154 
3 7128 7154 7155 
3 7155 7154 7147 
3 7155 7147 7129 
3 7129 7147 7148 
3 7129 7148 7132 
3 7132 7148 7156 
3 7132 7156 7157 
3 7157 7156 7159 
3 7157 7159 7158 
3 7158 7159 7151 
3 7158 7151 7134 
3 7134 7151 7033 
3 7134 7033 7160 
3 7160 7033 7034 
3 7160 7034 7136 
3 7136 7034 7161 
3 7136 7161 7138 
3 7138 7161 7162 
3 7138 7162 7163 
3 7163 7162 7036 
3 7163 7036 7164 
3 7164 7036 7165 
3 7164 7165 7166 
3 7166 7165 7168 
3 7166 7168 7167 
3 7167 7168 7169 
3 7167 7169 7140 
3 7140 7169 7038 
3 7140 7038 7170 
3 7170 7038 7334 
3 7170 7334 7171 
3 7062 3641 7061 
3 7061 3641 7172 
3 7061 7172 7133 
3 7133 7172 7173 
3 7133 7173 7131 
3 7131 7173 7121 
3 7131 7121 7130 
3 7130 7121 7119 
3 7130 7119 7174 
3 7174 7119 7175 
3 7174 7175 7177 
3 7177 7175 7176 
3 7177 7176 7109 
3 7109 7176 7117 
3 7109 7117 7110 
3 7110 7117 7115 
3 7110 7115 7178 
3 7178 7115 7179 
3 7178 7179 7112 
3 7112 7179 2139 
3 7112 2139 2123 
3 8750 8748 7188 
3 7188 8748 8746 
3 7188 8746 7186 
3 7185 7181 8754 
3 8746 8745 7186 
3 7186 8745 7180 
3 7186 7180 7181 
3 7181 7180 8753 
3 7181 8753 8754 
3 8756 7195 7365 
3 7240 7182 7242 
3 7285 6709 8755 
3 8755 6709 7185 
3 8755 7185 7183 
3 7183 7185 8754 
3 6709 7184 7185 
3 7185 7184 7213 
3 7185 7213 7181 
3 7181 7213 7214 
3 7181 7214 7186 
3 7186 7214 7187 
3 7186 7187 7188 
3 7188 7187 7216 
3 7188 7216 7103 
3 7103 7216 7189 
3 7103 7189 7105 
3 7105 7189 7191 
3 7105 7191 7190 
3 7190 7191 7219 
3 7190 7219 7192 
3 7192 7219 7193 
3 7192 7193 7194 
3 7194 7193 7223 
3 7194 7223 7222 
3 7195 8759 7365 
3 7365 8759 8757 
3 7365 8757 7196 
3 7196 8757 9286 
3 7196 9286 7315 
3 9286 7197 7315 
3 7315 7197 8760 
3 7315 8760 7314 
3 7314 8760 8762 
3 7203 7312 7198 
3 7198 7312 7201 
3 7198 7201 7202 
3 8762 7199 7314 
3 7314 7199 7200 
3 7314 7200 7201 
3 7201 7200 8685 
3 7201 8685 7202 
3 7203 9337 7312 
3 7312 9337 8765 
3 7312 8765 6735 
3 6735 8765 8763 
3 6735 8763 6737 
3 7087 7238 7080 
3 7080 7238 7204 
3 7080 7204 7294 
3 7294 7204 7235 
3 7294 7235 7205 
3 7205 7235 7206 
3 7205 7206 7293 
3 7293 7206 7207 
3 7293 7207 7290 
3 7290 7207 7208 
3 7290 7208 7289 
3 7289 7208 7209 
3 7289 7209 7286 
3 7286 7209 7210 
3 7286 7210 7211 
3 7211 7210 7184 
3 7184 7210 7212 
3 7184 7212 7213 
3 7213 7212 7215 
3 7213 7215 7214 
3 7214 7215 7230 
3 7214 7230 7187 
3 7187 7230 7228 
3 7187 7228 7216 
3 7216 7228 7217 
3 7216 7217 7189 
3 7189 7217 7218 
3 7189 7218 7191 
3 7191 7218 7220 
3 7191 7220 7219 
3 7219 7220 7221 
3 7219 7221 7193 
3 7193 7221 7224 
3 7193 7224 7223 
3 6711 7100 7318 
3 7318 7100 7222 
3 7318 7222 7320 
3 7320 7222 7223 
3 7320 7223 7321 
3 7321 7223 7224 
3 7321 7224 7225 
3 7225 7224 7221 
3 7225 7221 7322 
3 7322 7221 7220 
3 7322 7220 7323 
3 7323 7220 7218 
3 7323 7218 7226 
3 7226 7218 7217 
3 7226 7217 7227 
3 7227 7217 7228 
3 7227 7228 7326 
3 7326 7228 7230 
3 7326 7230 7229 
3 7229 7230 7215 
3 7229 7215 7231 
3 7231 7215 7212 
3 7231 7212 7329 
3 7329 7212 7210 
3 7329 7210 7232 
3 7232 7210 7209 
3 7232 7209 7331 
3 7331 7209 7208 
3 7331 7208 7233 
3 7233 7208 7207 
3 7233 7207 7335 
3 7335 7207 7206 
3 7335 7206 7234 
3 7234 7206 7235 
3 7234 7235 7236 
3 7236 7235 7204 
3 7236 7204 7337 
3 7337 7204 7238 
3 7337 7238 7237 
3 7237 7238 7239 
3 9265 7240 7241 
3 7241 7240 7242 
3 7241 7242 7287 
3 7287 7242 7366 
3 7287 7366 7288 
3 7288 7366 7243 
3 7288 7243 7291 
3 7291 7243 7244 
3 7291 7244 7292 
3 7292 7244 7074 
3 7292 7074 7245 
3 7245 7074 7075 
3 7245 7075 7246 
3 7246 7075 7077 
3 7246 7077 7295 
3 7295 7077 7247 
3 7295 7247 7296 
3 7296 7247 7248 
3 7296 7248 7086 
3 7086 7248 7079 
3 7086 7079 7249 
3 7249 7079 7361 
3 7249 7361 7362 
3 7250 6719 6968 
3 6968 6719 6718 
3 6968 6718 6952 
3 6952 6718 6716 
3 6952 6716 6937 
3 6937 6716 7251 
3 6937 7251 6938 
3 6938 7251 7252 
3 6938 7252 6939 
3 6939 7252 6948 
3 6939 6948 6941 
3 6941 6948 6949 
3 6941 6949 7253 
3 7253 6949 6993 
3 7253 6993 6943 
3 6943 6993 6995 
3 6943 6995 6945 
3 6945 6995 7254 
3 6945 7254 7255 
3 7255 7254 7256 
3 7255 7256 6946 
3 6946 7256 6874 
3 6946 6874 7257 
3 7257 6874 6876 
3 7257 6876 7258 
3 7258 6876 6878 
3 7258 6878 7259 
3 7259 6878 6871 
3 7259 6871 6975 
3 6975 6871 6870 
3 6975 6870 6839 
3 6839 6870 6840 
3 6839 6840 6720 
3 6720 6840 7261 
3 6720 7261 7260 
3 7260 7261 6842 
3 7260 6842 7262 
3 7262 6842 6845 
3 7262 6845 6787 
3 6787 6845 7284 
3 6787 7284 6785 
3 6785 7284 7283 
3 6785 7283 7263 
3 7263 7283 7281 
3 7263 7281 7264 
3 7264 7281 7265 
3 7264 7265 7310 
3 7310 7265 7266 
3 7310 7266 7311 
3 7311 7266 7279 
3 7311 7279 7267 
3 7267 7279 7278 
3 7267 7278 7313 
3 7313 7278 7268 
3 7313 7268 7269 
3 7269 7268 7276 
3 7367 7277 7368 
3 7368 7277 7270 
3 7368 7270 7370 
3 7370 7270 7271 
3 7370 7271 7272 
3 7272 7271 7273 
3 7272 7273 7274 
3 7274 7273 7280 
3 7274 7280 7373 
3 7373 7280 7275 
3 7373 7275 7374 
3 7374 7275 7282 
3 7374 7282 7376 
3 7316 7276 7367 
3 7367 7276 7268 
3 7367 7268 7277 
3 7277 7268 7278 
3 7277 7278 7270 
3 7270 7278 7279 
3 7270 7279 7271 
3 7271 7279 7266 
3 7271 7266 7273 
3 7273 7266 7265 
3 7273 7265 7280 
3 7280 7265 7281 
3 7280 7281 7275 
3 7275 7281 7283 
3 7275 7283 7282 
3 7282 7283 7284 
3 7282 7284 7376 
3 7376 7284 6846 
3 7285 6710 6709 
3 6709 6710 7241 
3 6709 7241 7211 
3 7211 7241 7287 
3 7211 7287 7286 
3 7286 7287 7288 
3 7286 7288 7289 
3 7289 7288 7291 
3 7289 7291 7290 
3 7290 7291 7292 
3 7290 7292 7293 
3 7293 7292 7245 
3 7293 7245 7205 
3 7205 7245 7246 
3 7205 7246 7294 
3 7294 7246 7295 
3 7294 7295 7088 
3 7088 7295 7296 
3 7088 7296 3625 
3 3625 7296 7085 
3 7345 7297 6763 
3 6763 7297 6800 
3 6763 6800 6768 
3 6768 6800 7298 
3 6768 7298 6766 
3 6766 7298 7299 
3 6766 7299 6760 
3 6760 7299 7300 
3 6760 7300 6759 
3 6759 7300 6796 
3 6759 6796 6756 
3 6756 6796 7301 
3 6756 7301 6755 
3 6755 7301 6794 
3 6755 6794 7302 
3 7302 6794 7303 
3 7302 7303 6747 
3 6747 7303 6793 
3 6747 6793 7304 
3 7304 6793 7305 
3 7304 7305 6750 
3 6750 7305 6811 
3 6750 6811 7306 
3 7306 6811 6821 
3 7306 6821 6745 
3 6745 6821 6783 
3 6745 6783 6743 
3 6743 6783 7307 
3 6743 7307 7308 
3 7308 7307 6785 
3 7308 6785 6740 
3 6740 6785 7263 
3 6740 7263 6739 
3 6739 7263 7264 
3 6739 7264 7309 
3 7309 7264 7310 
3 7309 7310 6735 
3 6735 7310 7311 
3 6735 7311 7312 
3 7312 7311 7267 
3 7312 7267 7201 
3 7201 7267 7313 
3 7201 7313 7314 
3 7314 7313 7269 
3 7314 7269 7315 
3 7315 7269 7276 
3 7315 7276 7196 
3 7196 7276 7316 
3 7196 7316 7365 
3 7317 8736 7143 
3 7143 8736 7318 
3 7143 7318 7319 
3 7319 7318 7320 
3 7319 7320 7145 
3 7145 7320 7321 
3 7145 7321 7146 
3 7146 7321 7225 
3 7146 7225 6998 
3 6998 7225 7322 
3 6998 7322 7324 
3 7324 7322 7323 
3 7324 7323 7000 
3 7000 7323 7226 
3 7000 7226 7002 
3 7002 7226 7227 
3 7002 7227 7325 
3 7325 7227 7326 
3 7325 7326 7004 
3 7004 7326 7229 
3 7004 7229 7327 
3 7327 7229 7231 
3 7327 7231 7328 
3 7328 7231 7329 
3 7328 7329 7006 
3 7006 7329 7232 
3 7006 7232 7330 
3 7330 7232 7331 
3 7330 7331 7332 
3 7332 7331 7233 
3 7332 7233 7333 
3 7333 7233 7335 
3 7333 7335 7334 
3 7334 7335 7234 
3 7334 7234 7171 
3 7171 7234 7236 
3 7171 7236 7336 
3 7336 7236 7337 
3 7336 7337 6713 
3 6713 7337 7237 
3 10784 7338 7339 
3 7339 7338 7340 
3 7339 7340 10831 
3 10831 7340 7341 
3 10831 7341 10832 
3 10832 7341 10834 
3 7342 7343 7345 
3 7345 7343 7344 
3 7345 7344 7346 
3 7346 7344 6838 
3 7346 6838 7347 
3 7347 6838 6818 
3 7347 6818 6721 
3 6721 6818 7348 
3 6721 7348 7349 
3 7349 7348 7350 
3 7349 7350 7352 
3 7352 7350 7351 
3 7352 7351 6897 
3 6897 7351 10813 
3 6897 10813 7353 
3 3619 3620 7354 
3 7354 3620 3622 
3 7354 3622 7083 
3 7083 3622 7355 
3 7083 7355 3623 
3 7371 7356 7025 
3 7025 7356 7357 
3 7025 7357 7024 
3 7024 7357 6853 
3 7024 6853 7358 
3 7358 6853 7359 
3 7358 7359 7078 
3 7078 7359 7360 
3 7078 7360 7361 
3 7361 7360 7363 
3 7361 7363 7362 
3 7362 7363 7364 
3 7362 7364 7354 
3 7354 7364 6849 
3 7354 6849 3619 
3 3619 6849 6847 
3 7182 8756 7242 
3 7242 8756 7365 
3 7242 7365 7366 
3 7366 7365 7316 
3 7366 7316 7243 
3 7243 7316 7367 
3 7243 7367 7244 
3 7244 7367 7368 
3 7244 7368 7032 
3 7032 7368 7370 
3 7032 7370 7369 
3 7369 7370 7272 
3 7369 7272 7371 
3 7371 7272 7274 
3 7371 7274 7356 
3 7356 7274 7373 
3 7356 7373 7372 
3 7372 7373 7374 
3 7372 7374 7375 
3 7375 7374 7376 
3 7375 7376 6854 
3 6854 7376 6846 
3 6854 6846 7377 
3 7377 6846 6844 
3 7377 6844 6856 
3 6856 6844 6843 
3 6856 6843 7378 
3 7378 6843 6841 
3 7378 6841 7379 
3 7379 6841 7380 
3 7379 7380 6858 
3 6858 7380 6880 
3 6858 6880 7381 
3 7381 6880 7382 
3 7381 7382 6861 
3 6861 7382 3594 
3 6861 3594 7383 
3 7384 7887 4444 
3 7839 7385 7933 
3 7933 7385 7386 
3 7823 7824 7830 
3 7826 7387 7829 
3 8791 8790 7388 
3 7818 8787 7707 
3 7777 7798 7806 
3 7389 8804 7739 
3 7390 7391 7736 
3 8681 9100 7763 
3 8680 9035 7731 
3 8032 7706 7805 
3 7791 7781 8030 
3 7392 8027 7393 
3 7394 7395 8027 
3 7812 8026 7395 
3 8018 8019 7742 
3 7726 8024 7756 
3 7725 7758 8024 
3 7690 8020 7758 
3 7644 3725 7645 
3 7648 7640 7650 
3 7681 8055 8057 
3 7602 8773 7603 
3 7396 7594 7397 
3 7585 7398 7399 
3 7568 7600 7601 
3 7586 8053 8055 
3 7582 8052 8053 
3 7583 8050 8052 
3 7595 8049 8050 
3 7576 8047 7577 
3 7401 8044 7559 
3 8004 7570 8006 
3 8004 7400 7401 
3 8005 8042 7400 
3 7509 7402 7511 
3 7996 7426 7489 
3 7462 7403 7505 
3 7505 7403 7506 
3 7490 7489 7470 
3 7417 7404 4427 
3 7819 2136 4475 
3 7825 7819 7821 
3 7823 7405 7825 
3 7406 7965 7938 
3 2144 7408 7407 
3 7407 7408 2143 
3 7767 2129 7738 
3 7718 2130 7409 
3 7409 2130 7410 
3 2115 7411 8810 
3 8810 7411 7412 
3 8810 7412 8993 
3 4438 7413 7414 
3 4438 7415 7413 
3 7413 7415 4436 
3 7413 4436 7883 
3 4436 4435 7883 
3 7883 4435 7422 
3 7883 7422 7881 
3 7881 7422 7425 
3 7881 7425 7427 
3 4431 4429 7471 
3 4427 7404 7450 
3 7420 7416 7453 
3 7453 7416 4423 
3 7453 4423 7428 
3 4427 4426 7417 
3 7417 4426 7418 
3 7417 7418 7451 
3 7451 7418 7419 
3 7451 7419 7420 
3 7420 7419 7421 
3 7420 7421 7416 
3 4435 4434 7422 
3 7422 4434 7423 
3 7422 7423 7425 
3 7425 7423 7424 
3 7425 7424 7470 
3 7470 7489 7425 
3 7425 7489 7426 
3 7425 7426 7427 
3 4423 7429 7428 
3 7428 7429 4421 
3 7428 4421 7455 
3 7455 4421 4420 
3 7455 4420 7432 
3 7459 4415 7430 
3 7430 4415 4414 
3 7430 4414 7447 
3 4420 7431 7432 
3 7432 7431 7433 
3 7432 7433 7434 
3 7434 7433 7436 
3 7434 7436 7435 
3 7435 7436 7437 
3 7435 7437 7459 
3 7459 7437 4417 
3 7459 4417 4415 
3 7466 7438 7467 
3 7467 7438 7444 
3 7467 7444 7439 
3 7440 7469 7441 
3 7441 7469 7442 
3 7441 7442 7443 
3 7443 7442 7439 
3 7443 7439 4406 
3 4406 7439 7444 
3 7445 7403 7446 
3 7446 7403 7462 
3 7446 7462 4412 
3 4412 7462 7447 
3 4412 7447 4413 
3 4413 7447 4414 
3 7550 7448 7551 
3 7551 7448 7449 
3 7551 7449 7553 
3 7553 7449 7468 
3 7553 7468 7555 
3 4429 7450 7471 
3 7471 7450 7404 
3 7471 7404 7472 
3 7472 7404 7417 
3 7472 7417 7474 
3 7474 7417 7451 
3 7474 7451 7452 
3 7452 7451 7420 
3 7452 7420 7475 
3 7475 7420 7453 
3 7475 7453 7477 
3 7477 7453 7428 
3 7477 7428 7454 
3 7454 7428 7455 
3 7454 7455 7478 
3 7478 7455 7432 
3 7478 7432 7456 
3 7456 7432 7434 
3 7456 7434 7480 
3 7480 7434 7435 
3 7480 7435 7457 
3 7457 7435 7459 
3 7457 7459 7458 
3 7458 7459 7430 
3 7458 7430 7485 
3 7485 7430 7447 
3 7485 7447 7460 
3 7460 7447 7462 
3 7460 7462 7461 
3 7461 7462 7505 
3 7463 7555 8559 
3 8559 7555 7468 
3 8559 7468 8558 
3 8558 7468 7464 
3 7465 7466 7550 
3 7550 7466 7467 
3 7550 7467 7448 
3 7448 7467 7439 
3 7448 7439 7449 
3 7449 7439 7442 
3 7449 7442 7468 
3 7468 7442 7469 
3 7468 7469 7464 
3 7424 4431 7470 
3 7470 4431 7471 
3 7470 7471 7490 
3 7490 7471 7472 
3 7490 7472 7473 
3 7473 7472 7474 
3 7473 7474 7493 
3 7493 7474 7452 
3 7493 7452 7494 
3 7494 7452 7475 
3 7494 7475 7476 
3 7476 7475 7477 
3 7476 7477 7497 
3 7497 7477 7454 
3 7497 7454 7479 
3 7479 7454 7478 
3 7479 7478 7498 
3 7498 7478 7456 
3 7498 7456 7481 
3 7481 7456 7480 
3 7481 7480 7482 
3 7482 7480 7457 
3 7482 7457 7483 
3 7483 7457 7458 
3 7483 7458 7484 
3 7484 7458 7485 
3 7484 7485 7486 
3 7486 7485 7460 
3 7486 7460 7503 
3 7503 7460 7461 
3 7487 7994 7986 
3 7402 7996 7528 
3 7995 7488 8043 
3 7508 7556 8619 
3 7996 7489 7528 
3 7528 7489 7490 
3 7528 7490 7491 
3 7491 7490 7473 
3 7491 7473 7530 
3 7530 7473 7493 
3 7530 7493 7492 
3 7492 7493 7494 
3 7492 7494 7532 
3 7532 7494 7476 
3 7532 7476 7495 
3 7495 7476 7497 
3 7495 7497 7496 
3 7496 7497 7479 
3 7496 7479 7536 
3 7536 7479 7498 
3 7536 7498 7537 
3 7537 7498 7481 
3 7537 7481 7499 
3 7499 7481 7482 
3 7499 7482 7500 
3 7500 7482 7483 
3 7500 7483 7501 
3 7501 7483 7484 
3 7501 7484 7541 
3 7541 7484 7486 
3 7541 7486 7502 
3 7502 7486 7503 
3 7502 7503 7542 
3 7542 7503 7461 
3 7542 7461 7504 
3 7504 7461 7505 
3 7504 7505 7544 
3 7544 7505 7506 
3 7544 7506 7545 
3 7545 7506 7552 
3 7545 7552 7547 
3 7547 7552 7554 
3 7547 7554 7549 
3 7549 7554 7508 
3 7549 7508 7507 
3 7507 7508 8619 
3 7507 8619 8618 
3 7509 7511 7510 
3 7510 7511 7529 
3 7510 7529 7512 
3 7512 7529 7513 
3 7512 7513 8045 
3 8045 7513 7531 
3 8045 7531 8046 
3 8046 7531 7533 
3 8046 7533 8048 
3 8048 7533 7534 
3 8048 7534 7514 
3 7514 7534 7535 
3 7514 7535 8051 
3 8051 7535 7515 
3 8051 7515 7516 
3 7516 7515 7538 
3 7516 7538 8054 
3 8054 7538 7517 
3 8054 7517 8056 
3 8056 7517 7539 
3 8056 7539 7518 
3 7518 7539 7519 
3 7518 7519 8059 
3 8059 7519 7540 
3 8059 7540 7520 
3 7520 7540 7522 
3 7520 7522 7521 
3 7521 7522 7543 
3 7521 7543 8063 
3 8063 7543 7523 
3 8063 7523 8064 
3 8064 7523 7524 
3 8064 7524 8065 
3 8065 7524 7546 
3 8065 7546 7525 
3 7525 7546 7548 
3 7525 7548 8066 
3 8066 7548 7526 
3 8066 7526 8068 
3 8068 7526 7527 
3 8068 7527 8069 
3 8069 7527 8616 
3 8069 8616 8070 
3 7402 7528 7511 
3 7511 7528 7491 
3 7511 7491 7529 
3 7529 7491 7530 
3 7529 7530 7513 
3 7513 7530 7492 
3 7513 7492 7531 
3 7531 7492 7532 
3 7531 7532 7533 
3 7533 7532 7495 
3 7533 7495 7534 
3 7534 7495 7496 
3 7534 7496 7535 
3 7535 7496 7536 
3 7535 7536 7515 
3 7515 7536 7537 
3 7515 7537 7538 
3 7538 7537 7499 
3 7538 7499 7517 
3 7517 7499 7500 
3 7517 7500 7539 
3 7539 7500 7501 
3 7539 7501 7519 
3 7519 7501 7541 
3 7519 7541 7540 
3 7540 7541 7502 
3 7540 7502 7522 
3 7522 7502 7542 
3 7522 7542 7543 
3 7543 7542 7504 
3 7543 7504 7523 
3 7523 7504 7544 
3 7523 7544 7524 
3 7524 7544 7545 
3 7524 7545 7546 
3 7546 7545 7547 
3 7546 7547 7548 
3 7548 7547 7549 
3 7548 7549 7526 
3 7526 7549 7507 
3 7526 7507 7527 
3 7527 7507 8618 
3 7527 8618 8616 
3 7445 7465 7403 
3 7403 7465 7550 
3 7403 7550 7506 
3 7506 7550 7551 
3 7506 7551 7552 
3 7552 7551 7553 
3 7552 7553 7554 
3 7554 7553 7555 
3 7554 7555 7508 
3 7508 7555 7463 
3 7508 7463 7556 
3 7570 8004 7557 
3 8049 7595 7558 
3 7558 7595 7597 
3 7558 7597 8047 
3 7579 7559 7578 
3 7578 7559 8044 
3 7578 8044 7576 
3 8011 8009 8002 
3 8002 8009 7609 
3 8002 7609 7560 
3 7560 7609 7607 
3 7560 7607 7564 
3 7564 7607 7605 
3 7564 7605 7603 
3 8775 7564 7561 
3 7561 7564 7603 
3 7561 7603 7562 
3 7562 7603 8773 
3 8775 7563 7564 
3 7564 7563 7565 
3 7564 7565 7560 
3 7560 7565 8777 
3 8782 8002 8779 
3 8779 8002 7560 
3 8779 7560 7566 
3 7566 7560 8777 
3 8004 7401 7557 
3 7557 7401 7559 
3 7557 7559 7569 
3 7569 7559 7579 
3 7569 7579 7580 
3 7580 8771 7567 
3 7567 7568 7580 
3 7580 7568 7601 
3 7580 7601 7569 
3 7569 7601 7604 
3 7569 7604 7557 
3 7557 7604 7606 
3 7557 7606 7570 
3 7570 7606 7608 
3 7570 7608 8006 
3 8006 7608 8008 
3 7573 7571 7575 
3 8047 7597 7577 
3 7577 7597 7599 
3 7577 7599 7572 
3 7572 7599 7573 
3 7572 7573 7574 
3 7574 7573 7575 
3 7574 7575 8934 
3 7576 7577 7578 
3 7578 7577 7572 
3 7578 7572 7579 
3 7579 7572 7574 
3 7579 7574 7580 
3 7580 7574 8934 
3 7580 8934 8771 
3 7593 7581 3735 
3 8052 7582 7583 
3 7583 7582 7584 
3 7583 7584 7596 
3 7596 7584 7592 
3 7596 7592 7598 
3 7598 7592 7593 
3 7598 7593 7399 
3 7399 7593 3735 
3 7399 3735 7585 
3 3734 7591 4124 
3 4124 7591 4126 
3 8055 7681 7586 
3 7586 7681 7588 
3 7586 7588 7587 
3 7587 7588 7590 
3 7587 7590 7589 
3 7589 7590 7591 
3 7589 7591 7397 
3 7397 7591 3734 
3 7397 3734 7396 
3 8053 7586 7582 
3 7582 7586 7587 
3 7582 7587 7584 
3 7584 7587 7589 
3 7584 7589 7592 
3 7592 7589 7397 
3 7592 7397 7593 
3 7593 7397 7594 
3 7593 7594 7581 
3 8050 7583 7595 
3 7595 7583 7596 
3 7595 7596 7597 
3 7597 7596 7598 
3 7597 7598 7599 
3 7599 7598 7399 
3 7599 7399 7573 
3 7573 7399 7398 
3 7573 7398 7571 
3 7600 7602 7601 
3 7601 7602 7603 
3 7601 7603 7604 
3 7604 7603 7605 
3 7604 7605 7606 
3 7606 7605 7607 
3 7606 7607 7608 
3 7608 7607 7609 
3 7608 7609 8008 
3 8008 7609 8009 
3 7637 7670 7610 
3 7636 7671 7670 
3 7628 7610 7669 
3 7611 7612 7677 
3 7612 8067 7617 
3 7614 8561 7672 
3 7674 7620 7613 
3 7613 7620 7616 
3 7613 7616 7614 
3 7614 7616 7618 
3 7620 7615 7616 
3 7616 7615 7617 
3 7616 7617 7618 
3 7618 7617 8067 
3 7612 7617 7677 
3 7677 7617 7615 
3 7677 7615 7619 
3 7619 7615 7620 
3 7619 7620 7621 
3 7621 7620 7674 
3 7621 7674 7678 
3 8062 7622 7623 
3 7623 7622 7624 
3 7623 7624 7625 
3 7625 7624 7657 
3 7625 7657 7666 
3 7666 7657 7658 
3 7671 7636 7626 
3 7626 7636 7627 
3 7626 7627 7682 
3 7682 7627 7638 
3 7682 7638 7683 
3 7610 7628 7637 
3 7637 7628 7630 
3 7637 7630 7629 
3 7629 7630 7651 
3 7629 7651 7633 
3 7631 7632 7651 
3 7651 7632 3729 
3 7651 3729 7633 
3 7633 3729 7634 
3 7633 7634 7635 
3 7670 7637 7636 
3 7636 7637 7629 
3 7636 7629 7627 
3 7627 7629 7633 
3 7627 7633 7638 
3 7638 7633 7635 
3 7638 7635 3730 
3 3724 3726 7648 
3 7648 3726 7639 
3 7648 7639 7640 
3 7640 7639 3727 
3 7640 3727 7652 
3 7667 7642 7641 
3 7641 7642 7643 
3 7643 7644 7641 
3 7641 7644 7645 
3 7641 7645 7668 
3 7668 7645 7646 
3 7668 7646 7647 
3 7647 7646 7649 
3 7647 7649 7669 
3 3725 3724 7645 
3 7645 3724 7648 
3 7645 7648 7646 
3 7646 7648 7650 
3 7646 7650 7649 
3 7669 7649 7628 
3 7628 7649 7650 
3 7628 7650 7630 
3 7630 7650 7640 
3 7630 7640 7651 
3 7651 7640 7652 
3 7651 7652 7631 
3 7660 7998 7661 
3 7660 7663 7653 
3 7653 7663 7665 
3 7653 7665 7654 
3 3720 7666 7655 
3 7655 7666 7658 
3 7655 7658 3721 
3 3721 7658 7659 
3 7622 7656 7624 
3 7624 7656 7676 
3 7624 7676 7657 
3 7657 7676 7654 
3 7657 7654 7658 
3 7658 7654 7665 
3 7658 7665 7659 
3 7659 7665 3718 
3 7660 7661 7663 
3 7663 7661 7997 
3 7663 7997 3716 
3 3716 7662 7663 
3 7663 7662 7664 
3 7663 7664 7665 
3 7665 7664 3719 
3 7665 3719 3718 
3 3720 7667 7666 
3 7666 7667 7641 
3 7666 7641 7625 
3 7625 7641 7668 
3 7625 7668 7623 
3 7623 7668 7647 
3 7623 7647 8062 
3 8062 7647 7669 
3 8062 7669 8061 
3 8061 7669 7610 
3 8061 7610 8060 
3 8060 7610 7670 
3 8060 7670 8058 
3 8058 7670 7671 
3 8058 7671 8057 
3 7614 7672 7613 
3 7613 7672 7673 
3 7613 7673 7674 
3 7674 7673 7675 
3 7674 7675 7678 
3 7678 7675 8578 
3 7678 8578 8576 
3 7656 7611 7676 
3 7676 7611 7677 
3 7676 7677 7654 
3 7654 7677 7619 
3 7654 7619 7653 
3 7653 7619 7621 
3 7653 7621 7660 
3 7660 7621 7678 
3 7660 7678 7998 
3 7998 7678 8576 
3 3730 7679 7638 
3 7638 7679 7680 
3 7638 7680 7683 
3 7683 7680 3732 
3 7683 3732 7684 
3 8057 7671 7681 
3 7681 7671 7626 
3 7681 7626 7588 
3 7588 7626 7682 
3 7588 7682 7590 
3 7590 7682 7683 
3 7590 7683 7591 
3 7591 7683 7684 
3 7591 7684 4126 
3 7744 7685 7745 
3 7745 7685 7686 
3 7745 7686 7688 
3 7688 7686 7687 
3 7688 7687 7747 
3 7747 7687 7689 
3 7747 7689 2145 
3 8020 7690 7691 
3 7691 7690 7722 
3 7691 7722 7721 
3 7692 7742 7693 
3 7693 7742 8019 
3 7693 8019 7694 
3 7741 7692 7724 
3 7724 7692 7693 
3 7724 7693 7723 
3 7723 7693 7694 
3 7723 7694 7721 
3 7695 7696 7697 
3 7697 7696 8037 
3 7697 8037 7804 
3 7698 7699 7700 
3 7700 7699 7803 
3 7700 7803 7717 
3 7717 7803 7701 
3 7717 7701 8040 
3 7702 7703 7704 
3 7785 7705 7772 
3 7802 7805 7695 
3 7695 7805 7706 
3 7695 7706 7696 
3 7707 7708 7709 
3 7709 7708 7715 
3 7709 7715 7710 
3 7710 7715 7716 
3 7710 7716 7711 
3 7711 7716 7712 
3 7711 7712 7713 
3 7713 7712 7714 
3 7713 7714 8042 
3 7708 7698 7715 
3 7715 7698 7700 
3 7715 7700 7716 
3 7716 7700 7717 
3 7716 7717 7712 
3 7712 7717 8040 
3 7712 8040 7714 
3 7411 7718 7412 
3 7412 7718 7409 
3 7412 7409 7731 
3 7731 7409 7766 
3 7731 7766 7732 
3 7732 7766 7719 
3 7732 7719 7720 
3 7721 7722 7723 
3 7723 7722 7760 
3 7723 7760 7724 
3 7724 7760 7739 
3 7724 7739 7741 
3 8024 7726 7725 
3 7725 7726 7754 
3 7725 7754 7759 
3 7759 7754 7727 
3 7759 7727 7729 
3 7729 7727 7728 
3 7729 7728 7761 
3 8026 7812 7730 
3 7730 7812 7814 
3 7730 7814 7755 
3 7755 7814 7815 
3 7755 7815 7753 
3 7753 7815 7749 
3 7753 7749 7751 
3 8680 7731 9499 
3 9499 7731 7732 
3 9499 7732 7733 
3 9035 7734 7731 
3 7731 7734 7735 
3 7731 7735 7412 
3 7412 7735 8809 
3 7412 8809 8993 
3 7391 8681 7736 
3 7736 8681 7763 
3 7736 7763 7743 
3 7743 7763 7737 
3 7743 7737 7744 
3 7744 7737 7764 
3 7744 7764 7685 
3 7685 7764 7765 
3 7685 7765 7686 
3 7686 7765 7767 
3 7686 7767 7687 
3 7687 7767 7738 
3 7687 7738 7689 
3 7739 8804 7741 
3 7741 8804 8805 
3 7741 8805 7740 
3 7740 7390 7741 
3 7741 7390 7736 
3 7741 7736 7692 
3 7692 7736 7743 
3 7692 7743 7742 
3 7742 7743 7744 
3 7742 7744 8018 
3 8018 7744 7745 
3 8018 7745 8016 
3 8016 7745 7688 
3 8016 7688 7746 
3 7746 7688 7747 
3 7746 7747 7748 
3 7748 7747 2145 
3 7748 2145 2144 
3 8799 8798 7749 
3 7749 8798 7750 
3 7749 7750 7751 
3 7751 7750 8803 
3 7751 8803 7752 
3 7752 7728 7751 
3 7751 7728 7727 
3 7751 7727 7753 
3 7753 7727 7754 
3 7753 7754 7755 
3 7755 7754 7726 
3 7755 7726 7730 
3 7730 7726 7756 
3 7730 7756 8026 
3 7752 7757 7728 
3 7728 7757 9172 
3 7728 9172 7761 
3 7761 9172 8682 
3 7761 8682 7762 
3 7758 7725 7690 
3 7690 7725 7759 
3 7690 7759 7722 
3 7722 7759 7729 
3 7722 7729 7760 
3 7760 7729 7761 
3 7760 7761 7739 
3 7739 7761 7762 
3 7739 7762 7389 
3 9099 8807 7720 
3 7720 8807 9069 
3 7720 9069 7732 
3 7732 9069 8808 
3 7732 8808 7733 
3 9100 9099 7763 
3 7763 9099 7720 
3 7763 7720 7737 
3 7737 7720 7719 
3 7737 7719 7764 
3 7764 7719 7766 
3 7764 7766 7765 
3 7765 7766 7409 
3 7765 7409 7767 
3 7767 7409 7410 
3 7767 7410 2129 
3 8027 7392 7394 
3 7394 7392 7768 
3 7394 7768 7811 
3 7811 7768 7769 
3 7811 7769 7813 
3 7813 7769 7809 
3 7813 7809 7816 
3 7781 7791 7770 
3 7770 7791 7792 
3 7770 7792 7780 
3 7780 7792 7794 
3 7780 7794 7779 
3 7779 7794 7795 
3 7779 7795 7771 
3 7702 7704 7793 
3 7793 7704 7784 
3 7793 7784 7787 
3 7785 7772 7773 
3 7773 7772 7388 
3 7773 7388 7782 
3 7774 7776 7775 
3 7775 7776 7777 
3 7775 7777 7802 
3 7802 7777 7806 
3 7802 7806 7805 
3 7795 7796 7778 
3 7795 7778 7771 
3 7771 7778 8796 
3 7771 8796 7808 
3 7808 7809 7771 
3 7771 7809 7769 
3 7771 7769 7779 
3 7779 7769 7768 
3 7779 7768 7780 
3 7780 7768 7392 
3 7780 7392 7770 
3 7770 7392 7393 
3 7770 7393 7781 
3 7388 8790 7782 
3 7782 8790 7783 
3 7782 7783 8793 
3 8793 7784 7782 
3 7782 7784 7704 
3 7782 7704 7773 
3 7773 7704 7703 
3 7773 7703 7785 
3 8793 7786 7784 
3 7784 7786 7788 
3 7784 7788 7787 
3 7787 7788 7789 
3 7787 7789 7790 
3 8032 7705 8031 
3 8031 7705 7785 
3 8031 7785 8030 
3 8030 7785 7703 
3 8030 7703 7791 
3 7791 7703 7702 
3 7791 7702 7792 
3 7792 7702 7793 
3 7792 7793 7794 
3 7794 7793 7787 
3 7794 7787 7795 
3 7795 7787 7790 
3 7795 7790 7796 
3 7776 7797 7777 
3 7777 7797 7799 
3 7777 7799 7798 
3 7798 7799 7800 
3 7798 7800 7807 
3 8783 7801 8012 
3 8012 7801 8788 
3 8787 7774 7707 
3 7707 7774 7775 
3 7707 7775 7708 
3 7708 7775 7802 
3 7708 7802 7698 
3 7698 7802 7695 
3 7698 7695 7699 
3 7699 7695 7697 
3 7699 7697 7803 
3 7803 7697 7804 
3 7803 7804 7701 
3 8032 7805 7705 
3 7705 7805 7806 
3 7705 7806 7772 
3 7772 7806 7798 
3 7772 7798 7388 
3 7388 7798 7807 
3 7388 7807 8791 
3 7808 8801 7809 
3 7809 8801 7810 
3 7809 7810 7816 
3 7816 7810 9192 
3 7816 9192 9191 
3 7395 7394 7812 
3 7812 7394 7811 
3 7812 7811 7814 
3 7814 7811 7813 
3 7814 7813 7815 
3 7815 7813 7816 
3 7815 7816 7749 
3 7749 7816 9191 
3 7749 9191 8799 
3 8042 8005 7713 
3 7713 8005 8007 
3 7713 8007 7711 
3 7711 8007 7817 
3 7711 7817 7710 
3 7710 7817 8010 
3 7710 8010 7709 
3 7709 8010 8012 
3 7709 8012 7707 
3 7707 8012 8788 
3 7707 8788 7818 
3 7819 4475 7821 
3 7821 4475 7820 
3 7821 7820 7822 
3 7822 7820 4473 
3 7822 4473 7827 
3 7823 7825 7824 
3 7824 7825 7821 
3 7824 7821 7830 
3 7830 7821 7822 
3 7830 7822 7826 
3 7826 7822 7827 
3 7826 7827 7387 
3 7839 7842 7828 
3 7828 7842 7844 
3 4470 7385 7829 
3 7829 7385 7839 
3 7829 7839 7826 
3 7826 7839 7828 
3 7826 7828 7830 
3 7830 7828 7844 
3 7830 7844 7823 
3 7834 4462 7894 
3 7894 4462 4460 
3 7894 4460 7895 
3 4469 7831 7832 
3 7832 7831 7833 
3 7832 7833 7892 
3 7892 7833 4466 
3 7892 4466 7834 
3 7834 4466 4464 
3 7834 4464 4462 
3 4460 7835 7895 
3 7895 7835 7836 
3 7895 7836 7837 
3 7837 7836 7846 
3 7837 7846 7838 
3 7933 7840 7839 
3 7839 7840 7937 
3 7839 7937 7842 
3 7842 7937 7841 
3 7842 7841 7844 
3 7844 7841 7843 
3 7844 7843 7823 
3 7823 7843 7845 
3 7823 7845 7405 
3 7846 4458 7838 
3 7838 4458 7847 
3 7838 7847 7848 
3 7848 7847 7849 
3 7848 7849 7854 
3 7850 7903 7851 
3 7851 7903 7900 
3 7851 7900 7852 
3 7852 7900 7857 
3 7849 7853 7854 
3 7854 7853 4456 
3 7854 4456 7855 
3 7855 4456 4453 
3 7855 4453 7899 
3 7899 4453 7856 
3 7899 7856 7857 
3 7857 7856 7858 
3 7857 7858 7852 
3 4470 7888 7385 
3 7385 7888 7889 
3 7385 7889 7386 
3 7386 7889 7890 
3 7386 7890 7931 
3 7931 7890 7891 
3 7931 7891 7860 
3 7860 7891 7859 
3 7860 7859 7928 
3 7928 7859 7893 
3 7928 7893 7927 
3 7927 7893 7861 
3 7927 7861 7862 
3 7862 7861 7896 
3 7862 7896 7863 
3 7863 7896 7864 
3 7863 7864 7924 
3 7924 7864 7897 
3 7924 7897 7923 
3 7923 7897 7866 
3 7923 7866 7865 
3 7865 7866 7867 
3 7865 7867 7921 
3 7921 7867 7898 
3 7921 7898 7868 
3 7868 7898 7901 
3 7868 7901 7869 
3 7869 7901 7902 
3 7869 7902 7918 
3 7918 7902 7917 
3 7850 7987 7903 
3 7903 7987 7988 
3 7903 7988 7870 
3 7870 7988 7913 
3 7873 4448 7886 
3 7384 4444 7871 
3 7871 4444 4443 
3 7871 4443 7884 
3 4443 7872 7884 
3 7884 7872 4441 
3 7884 4441 7414 
3 7414 4441 4440 
3 7414 4440 4438 
3 7989 7873 7874 
3 7874 7873 7886 
3 7874 7886 7875 
3 7875 7886 7876 
3 7875 7876 7877 
3 7877 7876 7885 
3 7877 7885 7991 
3 7991 7885 7878 
3 7991 7878 7992 
3 7992 7878 7879 
3 7992 7879 7880 
3 7880 7879 7882 
3 7880 7882 7993 
3 7427 7993 7881 
3 7881 7993 7882 
3 7881 7882 7883 
3 7883 7882 7879 
3 7883 7879 7413 
3 7413 7879 7878 
3 7413 7878 7414 
3 7414 7878 7885 
3 7414 7885 7884 
3 7884 7885 7876 
3 7884 7876 7871 
3 7871 7876 7886 
3 7871 7886 7384 
3 7384 7886 4448 
3 7384 4448 7887 
3 7888 4469 7889 
3 7889 4469 7832 
3 7889 7832 7890 
3 7890 7832 7892 
3 7890 7892 7891 
3 7891 7892 7834 
3 7891 7834 7859 
3 7859 7834 7894 
3 7859 7894 7893 
3 7893 7894 7895 
3 7893 7895 7861 
3 7861 7895 7837 
3 7861 7837 7896 
3 7896 7837 7838 
3 7896 7838 7864 
3 7864 7838 7848 
3 7864 7848 7897 
3 7897 7848 7854 
3 7897 7854 7866 
3 7866 7854 7855 
3 7866 7855 7867 
3 7867 7855 7899 
3 7867 7899 7898 
3 7898 7899 7857 
3 7898 7857 7901 
3 7901 7857 7900 
3 7901 7900 7902 
3 7902 7900 7903 
3 7902 7903 7917 
3 7917 7903 7870 
3 7487 7986 7905 
3 7905 7986 7904 
3 7905 7904 7906 
3 7906 7904 7907 
3 7906 7907 7909 
3 7909 7907 7908 
3 7909 7908 7910 
3 7910 7908 7984 
3 7910 7984 7911 
3 7911 7984 7912 
3 7911 7912 7990 
3 7990 7912 7914 
3 7990 7914 7913 
3 7913 7914 7915 
3 7913 7915 7870 
3 7870 7915 7982 
3 7870 7982 7917 
3 7917 7982 7916 
3 7917 7916 7918 
3 7918 7916 7919 
3 7918 7919 7869 
3 7869 7919 7920 
3 7869 7920 7868 
3 7868 7920 7977 
3 7868 7977 7921 
3 7921 7977 7922 
3 7921 7922 7865 
3 7865 7922 7976 
3 7865 7976 7923 
3 7923 7976 7974 
3 7923 7974 7924 
3 7924 7974 7972 
3 7924 7972 7863 
3 7863 7972 7925 
3 7863 7925 7862 
3 7862 7925 7926 
3 7862 7926 7927 
3 7927 7926 7971 
3 7927 7971 7928 
3 7928 7971 7929 
3 7928 7929 7860 
3 7860 7929 7930 
3 7860 7930 7931 
3 7931 7930 7932 
3 7931 7932 7386 
3 7386 7932 7934 
3 7386 7934 7933 
3 7933 7934 7935 
3 7933 7935 7840 
3 7840 7935 7936 
3 7840 7936 7937 
3 7937 7936 7967 
3 7937 7967 7841 
3 7841 7967 7406 
3 7841 7406 7843 
3 7843 7406 7938 
3 7843 7938 7845 
3 7995 8043 7939 
3 7939 8043 8041 
3 7939 8041 7985 
3 7985 8041 8039 
3 7985 8039 7940 
3 7940 8039 8038 
3 7940 8038 7941 
3 7941 8038 7942 
3 7941 7942 7943 
3 7943 7942 8036 
3 7943 8036 7944 
3 7944 8036 8035 
3 7944 8035 7945 
3 7945 8035 8034 
3 7945 8034 7983 
3 7983 8034 8033 
3 7983 8033 7946 
3 7946 8033 8029 
3 7946 8029 7981 
3 7981 8029 7947 
3 7981 7947 7980 
3 7980 7947 7948 
3 7980 7948 7979 
3 7979 7948 8028 
3 7979 8028 7978 
3 7978 8028 7949 
3 7978 7949 7950 
3 7950 7949 7951 
3 7950 7951 7975 
3 7975 7951 7952 
3 7975 7952 7953 
3 7953 7952 8025 
3 7953 8025 7973 
3 7973 8025 8023 
3 7973 8023 7954 
3 7954 8023 8022 
3 7954 8022 7955 
3 7955 8022 8021 
3 7955 8021 7956 
3 7956 8021 7957 
3 7956 7957 7958 
3 7958 7957 7960 
3 7958 7960 7959 
3 7959 7960 7962 
3 7959 7962 7961 
3 7961 7962 7963 
3 7961 7963 7970 
3 7970 7963 8017 
3 7970 8017 7964 
3 7964 8017 8015 
3 7964 8015 7969 
3 7969 8015 8014 
3 7969 8014 7968 
3 7968 8014 7407 
3 7968 7407 7966 
3 7966 7407 2143 
3 7966 2143 7965 
3 7965 7406 7966 
3 7966 7406 7967 
3 7966 7967 7968 
3 7968 7967 7936 
3 7968 7936 7969 
3 7969 7936 7935 
3 7969 7935 7964 
3 7964 7935 7934 
3 7964 7934 7970 
3 7970 7934 7932 
3 7970 7932 7961 
3 7961 7932 7930 
3 7961 7930 7959 
3 7959 7930 7929 
3 7959 7929 7958 
3 7958 7929 7971 
3 7958 7971 7956 
3 7956 7971 7926 
3 7956 7926 7955 
3 7955 7926 7925 
3 7955 7925 7954 
3 7954 7925 7972 
3 7954 7972 7973 
3 7973 7972 7974 
3 7973 7974 7953 
3 7953 7974 7976 
3 7953 7976 7975 
3 7975 7976 7922 
3 7975 7922 7950 
3 7950 7922 7977 
3 7950 7977 7978 
3 7978 7977 7920 
3 7978 7920 7979 
3 7979 7920 7919 
3 7979 7919 7980 
3 7980 7919 7916 
3 7980 7916 7981 
3 7981 7916 7982 
3 7981 7982 7946 
3 7946 7982 7915 
3 7946 7915 7983 
3 7983 7915 7914 
3 7983 7914 7945 
3 7945 7914 7912 
3 7945 7912 7944 
3 7944 7912 7984 
3 7944 7984 7943 
3 7943 7984 7908 
3 7943 7908 7941 
3 7941 7908 7907 
3 7941 7907 7940 
3 7940 7907 7904 
3 7940 7904 7985 
3 7985 7904 7986 
3 7985 7986 7939 
3 7939 7986 7994 
3 7939 7994 7995 
3 7987 7989 7988 
3 7988 7989 7874 
3 7988 7874 7913 
3 7913 7874 7875 
3 7913 7875 7990 
3 7990 7875 7877 
3 7990 7877 7911 
3 7911 7877 7991 
3 7911 7991 7910 
3 7910 7991 7992 
3 7910 7992 7909 
3 7909 7992 7880 
3 7909 7880 7906 
3 7906 7880 7993 
3 7906 7993 7905 
3 7905 7993 7427 
3 7905 7427 7487 
3 7487 7427 7426 
3 7487 7426 7994 
3 7994 7426 7996 
3 7994 7996 7995 
3 7995 7996 7402 
3 7995 7402 7488 
3 7488 7402 7509 
3 3713 3715 7661 
3 7661 3715 3714 
3 7661 3714 7997 
3 8576 8575 7998 
3 7998 8575 7999 
3 7998 7999 7661 
3 7661 7999 8574 
3 7661 8574 3713 
3 3713 8574 8614 
3 3713 8614 8615 
3 8000 8013 8011 
3 8782 8001 8002 
3 8002 8001 8780 
3 8002 8780 8011 
3 8011 8780 8003 
3 8011 8003 8000 
3 7400 8004 8005 
3 8005 8004 8006 
3 8005 8006 8007 
3 8007 8006 8008 
3 8007 8008 7817 
3 7817 8008 8009 
3 7817 8009 8010 
3 8010 8009 8011 
3 8010 8011 8012 
3 8012 8011 8013 
3 8012 8013 8783 
3 2144 7407 7748 
3 7748 7407 8014 
3 7748 8014 7746 
3 7746 8014 8015 
3 7746 8015 8016 
3 8016 8015 8017 
3 8016 8017 8018 
3 8018 8017 7963 
3 8018 7963 8019 
3 8019 7963 7962 
3 8019 7962 7694 
3 7694 7962 7960 
3 7694 7960 7721 
3 7721 7960 7957 
3 7721 7957 7691 
3 7691 7957 8021 
3 7691 8021 8020 
3 8020 8021 8022 
3 8020 8022 7758 
3 7758 8022 8023 
3 7758 8023 8024 
3 8024 8023 8025 
3 8024 8025 7756 
3 7756 8025 7952 
3 7756 7952 8026 
3 8026 7952 7951 
3 8026 7951 7395 
3 7395 7951 7949 
3 7395 7949 8027 
3 8027 7949 8028 
3 8027 8028 7393 
3 7393 8028 7948 
3 7393 7948 7781 
3 7781 7948 7947 
3 7781 7947 8030 
3 8030 7947 8029 
3 8030 8029 8031 
3 8031 8029 8033 
3 8031 8033 8032 
3 8032 8033 8034 
3 8032 8034 7706 
3 7706 8034 8035 
3 7706 8035 7696 
3 7696 8035 8036 
3 7696 8036 8037 
3 8037 8036 7942 
3 8037 7942 7804 
3 7804 7942 8038 
3 7804 8038 7701 
3 7701 8038 8039 
3 7701 8039 8040 
3 8040 8039 8041 
3 8040 8041 7714 
3 7714 8041 8043 
3 7714 8043 8042 
3 8042 8043 7488 
3 8042 7488 7400 
3 7400 7488 7509 
3 7400 7509 7401 
3 7401 7509 7510 
3 7401 7510 8044 
3 8044 7510 7512 
3 8044 7512 7576 
3 7576 7512 8045 
3 7576 8045 8047 
3 8047 8045 8046 
3 8047 8046 7558 
3 7558 8046 8048 
3 7558 8048 8049 
3 8049 8048 7514 
3 8049 7514 8050 
3 8050 7514 8051 
3 8050 8051 8052 
3 8052 8051 7516 
3 8052 7516 8053 
3 8053 7516 8054 
3 8053 8054 8055 
3 8055 8054 8056 
3 8055 8056 8057 
3 8057 8056 7518 
3 8057 7518 8058 
3 8058 7518 8059 
3 8058 8059 8060 
3 8060 8059 7520 
3 8060 7520 8061 
3 8061 7520 7521 
3 8061 7521 8062 
3 8062 7521 8063 
3 8062 8063 7622 
3 7622 8063 8064 
3 7622 8064 7656 
3 7656 8064 8065 
3 7656 8065 7611 
3 7611 8065 7525 
3 7611 7525 7612 
3 7612 7525 8066 
3 7612 8066 8067 
3 8067 8066 8068 
3 8067 8068 7618 
3 7618 8068 8069 
3 7618 8069 7614 
3 7614 8069 8070 
3 7614 8070 8561 
3 6001 6007 5032 
3 8071 8072 8074 
3 8074 8072 8073 
3 8074 8073 4537 
3 4537 8073 8075 
3 4591 9629 8076 
3 8076 9629 8072 
3 8076 8072 8077 
3 8077 8072 8071 
3 4591 8078 9629 
3 9629 8078 4593 
3 9629 4593 8079 
3 8081 8083 8080 
3 8080 8083 9629 
3 8080 9629 4594 
3 4594 9629 8079 
3 8081 4598 8083 
3 8083 4598 4596 
3 8083 4596 4595 
3 4595 8082 8083 
3 8083 8082 4589 
3 8083 4589 4599 
3 4599 4601 8083 
3 8083 4601 8084 
3 8083 8084 4603 
3 4603 4602 8083 
3 8083 4602 4604 
3 8083 4604 4607 
3 4607 4606 8083 
3 8083 4606 8085 
3 8083 8085 4609 
3 4609 8086 8083 
3 8083 8086 4610 
3 8083 4610 8186 
3 4611 8089 4613 
3 4613 8089 8186 
3 4611 8087 8089 
3 8089 8087 4614 
3 8089 4614 8088 
3 8088 4617 8089 
3 8089 4617 8090 
3 8089 8090 4615 
3 4615 8091 8089 
3 8089 8091 8092 
3 8089 8092 8093 
3 8093 4649 8089 
3 8089 4649 8094 
3 8089 8094 6019 
3 6019 8094 8095 
3 6019 8095 4643 
3 8096 8099 8098 
3 4643 4620 6019 
3 6019 4620 8097 
3 6019 8097 8098 
3 8098 8097 4619 
3 8098 4619 8096 
3 8099 4622 8098 
3 8098 4622 8100 
3 8098 8100 6017 
3 8100 4623 6017 
3 6017 4623 8101 
3 6017 8101 8102 
3 5032 6007 5033 
3 8102 8103 6017 
3 6017 8103 5088 
3 6017 5088 6018 
3 6018 5088 5033 
3 6018 5033 6009 
3 6009 5033 6007 
3 8075 8104 4537 
3 4537 8104 8105 
3 4537 8105 4538 
3 4538 8105 8107 
3 4538 8107 8106 
3 8107 8108 8106 
3 8106 8108 8109 
3 8106 8109 8110 
3 5367 5755 8111 
3 8111 5755 5619 
3 8111 5619 8177 
3 8112 8113 5162 
3 5162 8113 5749 
3 5162 5749 5161 
3 5161 5749 8114 
3 5161 8114 8115 
3 8115 8114 5750 
3 8115 5750 8116 
3 8116 5750 5752 
3 8116 5752 8118 
3 8118 5752 8117 
3 8118 8117 5160 
3 5160 8117 5753 
3 5160 5753 8120 
3 8120 5753 8119 
3 8120 8119 5367 
3 5367 8119 8121 
3 5367 8121 5755 
3 5176 8141 8122 
3 8122 8141 5741 
3 8122 5741 5173 
3 5173 5741 5742 
3 5173 5742 8123 
3 8123 5742 8125 
3 8123 8125 8124 
3 8124 8125 8126 
3 8124 8126 5172 
3 5172 8126 8127 
3 5172 8127 5169 
3 5169 8127 5747 
3 5169 5747 8128 
3 8128 5747 5745 
3 8128 5745 5168 
3 5168 5745 8129 
3 5168 8129 5166 
3 5166 8129 8130 
3 5166 8130 5165 
3 5165 8130 8131 
3 5165 8131 8112 
3 8112 8131 5748 
3 8112 5748 8113 
3 5738 5739 8132 
3 8132 5739 8133 
3 8132 8133 8134 
3 8134 8133 8135 
3 8134 8135 8136 
3 8136 8135 8138 
3 8136 8138 8137 
3 8137 8138 8139 
3 8137 8139 5176 
3 5176 8139 8140 
3 5176 8140 8141 
3 8132 8142 5738 
3 5738 8142 8143 
3 5738 8143 5737 
3 5737 8143 5178 
3 5737 5178 8144 
3 8144 5178 8146 
3 8144 8146 8145 
3 8145 8146 8147 
3 8145 8147 5734 
3 5734 8147 5177 
3 5734 5177 5732 
3 5732 5177 8148 
3 5732 8148 8149 
3 8149 8148 5181 
3 8149 5181 8150 
3 8150 5181 5180 
3 8150 5180 5728 
3 5728 5180 8151 
3 5728 8151 8153 
3 8153 8151 8152 
3 8153 8152 8154 
3 8154 8152 8155 
3 8154 8155 5727 
3 5727 8155 8156 
3 5727 8156 8157 
3 8157 8156 8158 
3 8157 8158 5726 
3 5726 8158 5185 
3 5726 5185 5725 
3 5725 5185 8159 
3 5189 5717 8160 
3 8160 5717 5720 
3 8160 5720 8161 
3 8161 5720 5719 
3 8161 5719 8162 
3 8162 5719 5723 
3 8162 5723 5186 
3 5186 5723 8163 
3 5186 8163 5187 
3 5187 8163 8164 
3 5187 8164 5183 
3 5183 8164 5721 
3 5183 5721 8165 
3 8165 5721 8166 
3 8165 8166 8159 
3 8159 8166 8167 
3 8159 8167 5725 
3 8109 8168 8110 
3 8110 8168 9657 
3 8110 9657 4509 
3 4509 9657 9656 
3 4509 9656 8169 
3 8169 9656 9675 
3 8169 9675 8170 
3 8170 9675 9571 
3 8170 9571 5201 
3 5201 9571 8172 
3 5201 8172 8171 
3 8171 8172 5714 
3 8171 5714 8173 
3 8173 5714 8174 
3 8173 8174 5188 
3 5188 8174 5715 
3 5188 5715 5189 
3 5189 5715 8175 
3 5189 8175 5717 
3 5619 8176 8177 
3 8177 8176 5993 
3 8177 5993 8178 
3 5993 5992 8178 
3 8178 5992 8179 
3 8178 8179 8180 
3 8180 8179 8181 
3 8180 8181 8182 
3 8181 6000 8182 
3 8182 6000 6004 
3 8182 6004 8183 
3 8183 6004 6003 
3 8183 6003 5106 
3 5106 6003 8184 
3 5106 8184 5032 
3 5032 8184 8185 
3 5032 8185 6001 
3 5957 5980 8083 
3 8186 8089 8083 
3 8083 8089 5958 
3 8083 5958 5957 
3 5980 5979 8083 
3 8083 5979 6070 
3 8083 6070 6071 
3 6071 6072 8083 
3 8083 6072 6076 
3 8083 6076 8187 
3 8187 8188 8083 
3 8083 8188 6074 
3 8083 6074 8189 
3 8189 6074 8190 
3 6074 6073 8190 
3 8190 6073 8191 
3 8190 8191 9628 
3 8191 8192 9628 
3 9628 8192 8194 
3 9628 8194 8193 
3 8193 8194 6077 
3 6077 6079 8193 
3 8193 6079 8195 
3 8193 8195 8197 
3 8197 8195 8196 
3 8197 8196 6081 
3 6081 11213 8197 
3 8197 11213 8198 
3 8197 8198 9568 
3 9568 8198 11238 
3 8481 8199 8207 
3 8207 8199 3140 
3 8207 3140 3138 
3 8207 8208 8201 
3 8201 8208 8211 
3 3138 3137 8207 
3 8207 3137 3136 
3 8207 3136 8200 
3 8211 8215 8201 
3 8201 8215 8214 
3 8201 8214 8203 
3 8203 8214 8213 
3 8213 8202 8203 
3 8203 8202 8204 
3 8203 8204 8209 
3 8200 8205 8207 
3 8207 8205 8206 
3 8207 8206 3134 
3 3134 3133 8207 
3 8207 3133 3132 
3 8207 3132 8208 
3 9762 9761 8218 
3 8209 8204 8216 
3 8210 8215 2510 
3 2510 8215 8211 
3 8216 8204 8212 
3 8204 8202 8212 
3 8212 8202 8213 
3 8212 8213 8210 
3 8210 8213 8214 
3 8210 8214 8215 
3 8209 8216 8203 
3 8203 8216 2507 
3 8203 2507 8201 
3 8201 2507 2505 
3 8201 2505 9744 
3 8218 9761 2505 
3 2505 9761 8217 
3 2505 8217 9744 
3 9762 8218 9763 
3 9763 8218 8220 
3 9763 8220 8219 
3 8219 8220 8221 
3 8219 8221 9719 
3 9719 8221 9718 
3 9718 8221 8222 
3 9718 8222 9717 
3 9717 8222 8223 
3 8223 8222 2508 
3 8223 2508 8224 
3 8224 2508 8225 
3 8224 8225 9742 
3 9742 8225 8226 
3 9742 8226 9743 
3 9743 8226 8227 
3 9743 8227 9714 
3 8234 9845 2353 
3 8228 6295 8229 
3 8228 8229 8230 
3 8230 8229 2315 
3 8230 2315 8231 
3 8231 2315 2357 
3 8231 2357 8232 
3 2353 9845 2356 
3 9845 8233 2356 
3 2356 8233 9844 
3 2356 9844 2357 
3 2357 9844 9843 
3 2357 9843 8232 
3 8234 2353 8235 
3 8235 2353 8236 
3 8235 8236 9848 
3 9848 8236 8237 
3 9848 8237 9847 
3 9847 8237 9846 
3 9846 8237 8240 
3 9846 8240 8238 
3 8238 8240 8239 
3 8239 8240 2352 
3 8239 2352 9842 
3 9842 2352 8241 
3 8241 2352 8242 
3 8241 8242 8243 
3 8243 8242 8245 
3 8243 8245 8244 
3 8244 8245 2355 
3 8244 2355 9771 
3 9771 2355 8246 
3 9771 8246 9772 
3 8254 8249 2382 
3 9797 6297 2333 
3 9797 2333 8247 
3 8247 2333 8248 
3 8247 8248 9798 
3 9798 8248 8252 
3 9798 8252 8253 
3 2382 8249 8250 
3 8249 9853 8250 
3 8250 9853 8251 
3 8250 8251 8252 
3 8252 8251 9851 
3 8252 9851 8253 
3 8254 2382 8255 
3 8255 2382 2375 
3 8255 2375 8256 
3 8256 2375 2374 
3 8256 2374 9855 
3 9855 2374 8257 
3 8257 2374 2373 
3 8257 2373 9854 
3 9854 2373 9852 
3 9852 2373 8258 
3 9852 8258 9850 
3 9850 8258 9849 
3 9849 8258 8259 
3 9849 8259 9796 
3 9796 8259 8260 
3 9796 8260 9788 
3 9788 8260 2383 
3 9788 2383 9789 
3 9789 2383 2332 
3 9789 2332 8261 
3 8262 9827 2389 
3 8263 8264 8265 
3 8263 8265 8266 
3 8266 8265 2391 
3 8266 2391 8267 
3 8267 2391 8268 
3 8267 8268 8269 
3 2389 9827 2392 
3 9827 9823 2392 
3 2392 9823 9822 
3 2392 9822 8268 
3 8268 9822 8270 
3 8268 8270 8269 
3 8262 2389 8271 
3 8271 2389 2390 
3 8271 2390 8273 
3 8273 2390 8272 
3 8273 8272 9828 
3 9828 8272 9826 
3 9826 8272 8274 
3 9826 8274 9825 
3 9825 8274 9824 
3 9824 8274 2372 
3 9824 2372 8275 
3 8275 2372 9753 
3 9753 2372 2371 
3 9753 2371 9752 
3 9752 2371 2386 
3 9752 2386 9738 
3 9738 2386 8276 
3 9738 8276 8277 
3 8277 8276 6298 
3 8277 6298 6299 
3 9807 9805 8285 
3 8278 2341 8279 
3 8278 8279 8280 
3 8280 8279 2398 
3 8280 2398 8281 
3 8281 2398 2399 
3 8281 2399 8282 
3 8285 9805 8283 
3 9805 9803 8283 
3 8283 9803 8284 
3 8283 8284 2399 
3 2399 8284 9802 
3 2399 9802 8282 
3 9807 8285 8286 
3 8286 8285 2397 
3 8286 2397 8287 
3 8287 2397 8289 
3 8287 8289 8288 
3 8288 8289 9806 
3 9806 8289 8290 
3 9806 8290 9804 
3 9804 8290 8291 
3 8291 8290 2388 
3 8291 2388 8292 
3 8292 2388 8293 
3 8293 2388 8294 
3 8293 8294 8295 
3 8295 8294 8296 
3 8295 8296 8297 
3 8297 8296 2340 
3 8297 2340 8298 
3 8298 2340 8299 
3 8298 8299 9685 
3 9863 9860 8305 
3 9799 8300 2394 
3 9799 2394 9800 
3 9800 2394 8301 
3 9800 8301 8302 
3 8302 8301 2400 
3 8302 2400 8304 
3 8305 9860 8303 
3 9860 9859 8303 
3 8303 9859 9858 
3 8303 9858 2400 
3 2400 9858 9857 
3 2400 9857 8304 
3 9863 8305 8306 
3 8306 8305 8308 
3 8306 8308 8307 
3 8307 8308 8309 
3 8307 8309 9862 
3 9862 8309 9861 
3 9861 8309 8311 
3 9861 8311 8310 
3 8310 8311 8312 
3 8312 8311 8313 
3 8312 8313 9856 
3 9856 8313 9801 
3 9801 8313 2396 
3 9801 2396 8314 
3 8314 2396 2395 
3 8314 2395 9795 
3 9795 2395 2393 
3 9795 2393 8316 
3 8316 2393 8315 
3 8316 8315 6302 
3 9779 9778 8323 
3 6303 2329 8317 
3 6303 8317 9703 
3 9703 8317 2330 
3 9703 2330 8318 
3 8318 2330 8321 
3 8318 8321 9773 
3 8323 9778 8319 
3 9778 9775 8319 
3 8319 9775 8320 
3 8319 8320 8321 
3 8321 8320 8322 
3 8321 8322 9773 
3 9779 8323 9781 
3 9781 8323 2370 
3 9781 2370 8324 
3 8324 2370 2369 
3 8324 2369 9780 
3 9780 2369 8325 
3 8325 2369 8326 
3 8325 8326 9777 
3 9777 8326 9776 
3 9776 8326 2368 
3 9776 2368 9774 
3 9774 2368 9702 
3 9702 2368 8327 
3 9702 8327 8328 
3 8328 8327 8329 
3 8328 8329 8330 
3 8330 8329 2328 
3 8330 2328 8331 
3 8331 2328 6308 
3 8331 6308 6309 
3 8338 8332 8339 
3 9749 2378 2380 
3 9749 2380 9760 
3 9760 2380 8333 
3 9760 8333 8334 
3 8334 8333 8335 
3 8334 8335 9830 
3 8339 8332 8336 
3 8332 9835 8336 
3 8336 9835 9832 
3 8336 9832 8335 
3 8335 9832 8337 
3 8335 8337 9830 
3 8338 8339 8340 
3 8340 8339 2381 
3 8340 2381 8341 
3 8341 2381 8342 
3 8341 8342 9836 
3 9836 8342 8343 
3 8343 8342 8344 
3 8343 8344 9834 
3 9834 8344 9833 
3 9833 8344 8345 
3 9833 8345 9831 
3 9831 8345 9829 
3 9829 8345 8346 
3 9829 8346 8347 
3 8347 8346 8349 
3 8347 8349 8348 
3 8348 8349 2379 
3 8348 2379 9750 
3 9750 2379 8350 
3 9750 8350 9751 
3 8360 8351 8358 
3 8352 2336 8353 
3 8352 8353 8355 
3 8355 8353 8354 
3 8355 8354 9741 
3 9741 8354 8356 
3 9741 8356 8357 
3 8358 8351 2387 
3 8351 9817 2387 
3 2387 9817 9816 
3 2387 9816 8356 
3 8356 9816 8359 
3 8356 8359 8357 
3 8360 8358 9820 
3 9820 8358 8361 
3 9820 8361 8362 
3 8362 8361 2384 
3 8362 2384 9819 
3 9819 2384 9818 
3 9818 2384 8363 
3 9818 8363 8364 
3 8364 8363 8365 
3 8365 8363 8367 
3 8365 8367 8366 
3 8366 8367 9740 
3 9740 8367 8368 
3 9740 8368 9739 
3 9739 8368 2385 
3 9739 2385 9729 
3 9729 2385 8369 
3 9729 8369 8370 
3 8370 8369 6313 
3 8370 6313 9730 
3 8371 8378 8372 
3 9782 2325 8373 
3 9782 8373 8374 
3 8374 8373 8375 
3 8374 8375 9875 
3 9875 8375 8376 
3 9875 8376 8377 
3 8372 8378 8379 
3 8378 9878 8379 
3 8379 9878 8380 
3 8379 8380 8376 
3 8376 8380 9876 
3 8376 9876 8377 
3 8371 8372 9881 
3 9881 8372 2367 
3 9881 2367 9882 
3 9882 2367 8381 
3 9882 8381 9880 
3 9880 8381 9879 
3 9879 8381 8383 
3 9879 8383 8382 
3 8382 8383 8384 
3 8384 8383 8385 
3 8384 8385 9877 
3 9877 8385 9821 
3 9821 8385 8387 
3 9821 8387 8386 
3 8386 8387 2366 
3 8386 2366 8388 
3 8388 2366 8389 
3 8388 8389 9814 
3 9814 8389 8390 
3 9814 8390 9783 
3 8391 9871 8398 
3 9766 6316 8393 
3 9766 8393 8392 
3 8392 8393 2348 
3 8392 2348 9815 
3 9815 2348 8396 
3 9815 8396 8397 
3 8398 9871 8394 
3 9871 9869 8394 
3 8394 9869 8395 
3 8394 8395 8396 
3 8396 8395 9867 
3 8396 9867 8397 
3 8391 8398 9873 
3 9873 8398 2354 
3 9873 2354 8399 
3 8399 2354 2334 
3 8399 2334 9872 
3 9872 2334 8400 
3 8400 2334 8401 
3 8400 8401 9870 
3 9870 8401 9868 
3 9868 8401 2349 
3 9868 2349 8402 
3 8402 2349 9866 
3 9866 2349 2347 
3 9866 2347 8403 
3 8403 2347 8405 
3 8403 8405 8404 
3 8404 8405 2303 
3 8404 2303 8406 
3 8406 2303 2302 
3 8406 2302 9767 
3 8407 8408 8409 
3 8410 2285 2316 
3 8410 2316 8411 
3 8411 2316 2344 
3 8411 2344 8412 
3 8412 2344 2345 
3 8412 2345 8413 
3 8409 8408 2365 
3 8408 9792 2365 
3 2365 9792 9791 
3 2365 9791 2345 
3 2345 9791 9790 
3 2345 9790 8413 
3 8407 8409 9794 
3 9794 8409 8415 
3 9794 8415 8414 
3 8414 8415 8416 
3 8414 8416 8417 
3 8417 8416 9793 
3 9793 8416 2364 
3 9793 2364 8418 
3 8418 2364 8419 
3 8419 2364 8421 
3 8419 8421 8420 
3 8420 8421 9712 
3 9712 8421 8422 
3 9712 8422 8423 
3 8423 8422 2346 
3 8423 2346 8424 
3 8424 2346 2317 
3 8424 2317 8425 
3 8425 2317 8426 
3 8425 8426 9681 
3 8434 9811 8430 
3 9731 2310 8427 
3 9731 8427 8428 
3 8428 8427 2376 
3 8428 2376 8429 
3 8429 2376 8433 
3 8429 8433 9808 
3 8430 9811 2363 
3 9811 8431 2363 
3 2363 8431 9810 
3 2363 9810 8433 
3 8433 9810 8432 
3 8433 8432 9808 
3 8434 8430 9813 
3 9813 8430 2361 
3 9813 2361 8435 
3 8435 2361 2362 
3 8435 2362 8436 
3 8436 2362 8437 
3 8437 2362 8438 
3 8437 8438 9812 
3 9812 8438 8439 
3 8439 8438 8440 
3 8439 8440 8441 
3 8441 8440 9809 
3 9809 8440 8442 
3 9809 8442 9722 
3 9722 8442 2360 
3 9722 2360 8443 
3 8443 2360 2359 
3 8443 2359 9723 
3 9723 2359 2358 
3 9723 2358 9724 
3 8444 6326 8445 
3 2791 8446 2792 
3 2792 8446 9695 
3 2792 9695 8447 
3 8447 9695 8449 
3 8447 8449 8448 
3 8448 8449 8444 
3 8448 8444 8450 
3 8450 8444 8445 
3 8453 9701 2791 
3 2791 9701 8451 
3 2791 8451 8446 
3 2791 8452 8453 
3 8453 8452 8454 
3 8453 8454 8455 
3 1612 1632 8458 
3 8458 1632 1631 
3 8458 1631 8456 
3 8456 1631 8457 
3 8456 8457 8454 
3 8454 8457 1630 
3 8454 1630 8455 
3 1612 8458 1611 
3 1611 8458 8460 
3 1611 8460 8459 
3 8459 8460 8461 
3 8461 8460 8462 
3 8461 8462 1613 
3 1613 8462 1614 
3 1614 8462 8464 
3 1614 8464 8463 
3 8463 8464 8465 
3 8465 8464 8467 
3 8465 8467 8466 
3 8466 8467 8468 
3 8468 8467 2797 
3 8468 2797 1615 
3 1615 2797 2796 
3 1615 2796 6323 
3 60 59 6355 
3 76 8478 8469 
3 8469 8478 9962 
3 63 8470 10023 
3 10023 8470 66 
3 10023 66 8473 
3 8471 8475 71 
3 71 8475 8472 
3 71 8472 69 
3 69 8472 8473 
3 69 8473 67 
3 67 8473 66 
3 8207 10004 8481 
3 8481 10004 10003 
3 8486 8485 9964 
3 9964 8485 4 
3 9964 4 9963 
3 77 8474 9962 
3 9962 8474 78 
3 9962 78 8469 
3 8471 60 8475 
3 8475 60 6355 
3 8475 6355 9960 
3 9960 6355 8476 
3 76 8477 8478 
3 8478 8477 8479 
3 8478 8479 10023 
3 10023 8479 8480 
3 10023 8480 63 
3 10003 9955 8481 
3 8481 9955 8482 
3 8481 8482 6355 
3 6355 8482 9958 
3 6355 9958 8476 
3 77 9962 8483 
3 8483 9962 8484 
3 8483 8484 4 
3 4 8484 9990 
3 4 9990 9963 
3 3409 8485 8487 
3 8487 8485 8486 
3 8487 8486 9966 
3 8488 8489 8490 
3 8490 8489 8491 
3 8490 8491 6469 
3 6469 8491 8492 
3 8492 8491 8493 
3 8492 8493 8495 
3 8487 6707 3409 
3 3409 6707 6708 
3 3409 6708 8503 
3 8505 6679 8507 
3 8507 6679 6565 
3 6565 6679 8494 
3 6565 8494 6566 
3 8495 8493 6465 
3 6465 8493 8496 
3 6465 8496 6466 
3 8497 6482 8498 
3 8498 6482 8499 
3 8497 8498 6472 
3 6472 8498 6695 
3 6472 6695 6473 
3 6473 6695 6476 
3 6476 6695 6697 
3 6476 6697 6477 
3 6703 8500 8487 
3 8487 8500 6705 
3 8487 6705 6707 
3 2111 2110 8501 
3 8501 2110 3409 
3 8501 3409 8502 
3 8502 3409 8503 
3 8501 8504 2111 
3 2111 8504 6676 
3 2111 6676 8506 
3 8506 6676 8505 
3 8506 8505 6561 
3 6561 8505 8507 
3 6566 8494 6553 
3 6553 8494 6681 
3 6553 6681 8518 
3 6571 8508 8509 
3 8509 8508 6682 
3 6571 8509 6585 
3 6585 8509 8527 
3 6585 8527 6586 
3 6694 6468 8496 
3 8496 6468 6467 
3 8496 6467 6466 
3 6482 8510 8499 
3 8499 8510 8511 
3 8499 8511 6694 
3 6694 8511 8512 
3 6694 8512 6468 
3 6703 8487 6702 
3 6702 8487 8513 
3 6702 8513 6699 
3 6699 8513 8514 
3 6699 8514 8515 
3 8515 8514 6662 
3 8515 6662 8523 
3 8521 8516 6681 
3 6681 8516 8517 
3 6681 8517 8518 
3 8508 8519 6682 
3 6682 8519 8520 
3 6682 8520 8521 
3 8521 8520 8522 
3 8521 8522 8516 
3 8523 6474 8515 
3 8515 6474 8524 
3 8515 8524 6698 
3 6685 8530 6377 
3 8524 6481 6698 
3 6698 6481 6479 
3 6698 6479 6697 
3 6697 6479 8525 
3 6697 8525 6477 
3 6377 8526 6685 
3 6685 8526 6380 
3 6685 6380 8527 
3 8527 6380 6379 
3 8527 6379 6586 
3 6665 6664 8528 
3 8528 6664 8529 
3 8528 8529 8530 
3 8530 8529 6590 
3 8530 6590 6377 
3 6690 6675 6689 
3 6689 6675 6668 
3 6689 6668 8528 
3 8528 6668 8531 
3 8528 8531 6665 
3 8488 8532 8489 
3 8489 8532 8533 
3 8489 8533 6690 
3 6690 8533 6462 
3 6690 6462 6675 
3 8534 8620 8535 
3 8622 10053 8589 
3 3706 8610 8539 
3 8538 8536 8539 
3 8539 8536 8537 
3 8539 8537 3706 
3 8605 8541 8607 
3 8607 8541 8538 
3 8607 8538 8609 
3 8609 8538 8539 
3 10063 8540 8605 
3 8605 8540 10060 
3 8605 10060 8541 
3 8599 8546 8542 
3 8542 8546 10066 
3 8542 10066 8601 
3 8601 10066 8543 
3 8601 8543 8602 
3 8602 8543 10063 
3 8602 10063 8544 
3 8544 10063 8605 
3 10070 10069 8599 
3 8599 10069 8545 
3 8599 8545 8546 
3 8548 8550 8597 
3 8597 8550 10070 
3 8597 10070 8598 
3 8598 10070 8599 
3 8551 8547 8548 
3 8548 8547 8549 
3 8548 8549 8550 
3 8548 8596 8551 
3 8551 8596 8552 
3 8551 8552 8553 
3 8553 8552 8554 
3 8553 8554 8593 
3 10054 8555 8562 
3 8562 8555 8622 
3 10054 8556 10055 
3 10055 8556 8557 
3 8565 8558 8557 
3 8557 8558 7464 
3 8557 7464 10055 
3 10055 7464 7469 
3 10055 7469 7440 
3 8567 7556 8566 
3 8566 7556 7463 
3 8566 7463 8565 
3 8565 7463 8559 
3 8565 8559 8558 
3 7673 8560 8570 
3 7673 7672 8560 
3 8560 7672 8561 
3 8560 8561 8568 
3 8568 8561 8070 
3 8568 8070 8617 
3 10054 8562 8556 
3 8556 8562 8563 
3 8556 8563 8557 
3 8557 8563 8564 
3 8557 8564 8565 
3 8565 8564 8625 
3 8565 8625 8566 
3 8566 8625 8626 
3 8566 8626 8567 
3 8567 8626 8629 
3 8567 8629 8617 
3 8617 8629 8631 
3 8617 8631 8568 
3 8568 8631 8632 
3 8568 8632 8560 
3 8560 8632 8569 
3 8560 8569 8570 
3 8570 8569 8634 
3 8570 8634 8577 
3 8577 8634 8636 
3 8577 8636 8571 
3 8571 8636 8637 
3 8571 8637 8573 
3 8614 8574 8572 
3 8572 8574 8573 
3 8572 8573 8611 
3 8611 8573 8637 
3 8574 7999 8573 
3 8573 7999 8575 
3 8573 8575 8571 
3 8571 8575 8576 
3 8571 8576 8577 
3 8577 8576 8578 
3 8577 8578 8570 
3 8570 8578 7675 
3 8570 7675 7673 
3 8620 8638 8535 
3 8535 8638 8579 
3 8535 8579 8580 
3 8580 8579 8635 
3 8580 8635 8608 
3 8608 8635 8633 
3 8608 8633 8606 
3 8606 8633 8581 
3 8606 8581 8604 
3 8604 8581 8630 
3 8604 8630 8603 
3 8603 8630 8628 
3 8603 8628 8600 
3 8600 8628 8627 
3 8600 8627 8582 
3 8582 8627 8584 
3 8582 8584 8583 
3 8583 8584 8624 
3 8583 8624 8585 
3 8585 8624 8623 
3 8585 8623 8586 
3 8586 8623 8587 
3 8586 8587 8588 
3 8588 8587 8589 
3 8588 8589 8590 
3 8590 8589 10053 
3 8590 10053 8595 
3 8595 10053 8591 
3 8595 8591 8594 
3 10056 8593 8592 
3 8592 8593 8554 
3 8592 8554 8594 
3 8594 8554 8552 
3 8594 8552 8595 
3 8595 8552 8596 
3 8595 8596 8590 
3 8590 8596 8548 
3 8590 8548 8588 
3 8588 8548 8597 
3 8588 8597 8586 
3 8586 8597 8598 
3 8586 8598 8585 
3 8585 8598 8599 
3 8585 8599 8583 
3 8583 8599 8542 
3 8583 8542 8582 
3 8582 8542 8601 
3 8582 8601 8600 
3 8600 8601 8602 
3 8600 8602 8603 
3 8603 8602 8544 
3 8603 8544 8604 
3 8604 8544 8605 
3 8604 8605 8606 
3 8606 8605 8607 
3 8606 8607 8608 
3 8608 8607 8609 
3 8608 8609 8580 
3 8580 8609 8539 
3 8580 8539 8535 
3 8535 8539 8610 
3 8535 8610 8534 
3 8611 8639 8612 
3 8611 8612 8572 
3 8572 8612 8613 
3 8572 8613 8614 
3 8614 8613 3711 
3 8614 3711 8615 
3 8070 8616 8617 
3 8617 8616 8618 
3 8617 8618 8567 
3 8567 8618 8619 
3 8567 8619 7556 
3 8620 3710 8638 
3 8638 3710 8621 
3 8638 8621 4095 
3 8622 8589 8562 
3 8562 8589 8587 
3 8562 8587 8563 
3 8563 8587 8623 
3 8563 8623 8564 
3 8564 8623 8624 
3 8564 8624 8625 
3 8625 8624 8584 
3 8625 8584 8626 
3 8626 8584 8627 
3 8626 8627 8629 
3 8629 8627 8628 
3 8629 8628 8631 
3 8631 8628 8630 
3 8631 8630 8632 
3 8632 8630 8581 
3 8632 8581 8569 
3 8569 8581 8633 
3 8569 8633 8634 
3 8634 8633 8635 
3 8634 8635 8636 
3 8636 8635 8579 
3 8636 8579 8637 
3 8637 8579 8638 
3 8637 8638 8611 
3 8611 8638 4095 
3 8611 4095 8639 
3 8644 4119 8640 
3 8640 4119 3707 
3 8640 3707 3706 
3 8645 8640 8641 
3 8641 8640 8642 
3 8643 4029 8640 
3 8640 4029 4028 
3 8640 4028 8644 
3 8645 8646 8640 
3 8640 8646 3985 
3 8640 3985 8643 
3 8688 10396 10403 
3 8688 10403 8677 
3 10562 2141 10597 
3 10597 2141 8647 
3 8649 8648 8647 
3 8647 8648 10598 
3 8647 10598 10597 
3 8651 10593 8649 
3 8649 10593 10592 
3 8649 10592 8648 
3 8650 10595 8651 
3 8651 10595 10594 
3 8651 10594 10593 
3 8652 8655 8650 
3 8650 8655 10591 
3 8650 10591 10595 
3 8657 8653 8652 
3 8652 8653 8654 
3 8652 8654 8655 
3 8658 8656 8657 
3 8657 8656 10590 
3 8657 10590 8653 
3 8659 10586 8658 
3 8658 10586 10587 
3 8658 10587 8656 
3 8660 10582 8659 
3 8659 10582 10584 
3 8659 10584 10586 
3 8664 8661 8660 
3 8660 8661 8662 
3 8660 8662 10582 
3 8663 8665 8664 
3 8664 8665 8666 
3 8664 8666 8661 
3 8668 8667 8663 
3 8663 8667 10415 
3 8663 10415 8665 
3 8670 8669 8668 
3 8668 8669 10416 
3 8668 10416 8667 
3 8672 10412 8670 
3 8670 10412 8671 
3 8670 8671 8669 
3 8675 8673 8672 
3 8672 8673 10410 
3 8672 10410 10412 
3 8674 10409 8675 
3 8675 10409 10411 
3 8675 10411 8673 
3 8676 8679 8674 
3 8674 8679 10406 
3 8674 10406 10409 
3 10403 8678 8677 
3 8677 8678 10405 
3 8677 10405 8676 
3 8676 10405 10404 
3 8676 10404 8679 
3 8951 8950 9059 
3 8930 8929 8924 
3 9035 8680 9498 
3 9100 8681 9127 
3 8682 9172 9248 
3 6744 8835 8849 
3 8768 6753 8833 
3 8683 9403 8684 
3 9337 7203 9338 
3 7198 7202 9315 
3 8685 7200 9479 
3 8686 10394 8694 
3 10402 8691 8692 
3 8689 10398 8687 
3 10396 8688 10395 
3 10395 8688 8689 
3 10395 8689 8690 
3 8690 8689 8687 
3 8692 8691 2146 
3 8691 10401 2146 
3 2146 10401 10400 
3 2146 10400 8689 
3 8689 10400 10399 
3 8689 10399 10398 
3 10402 8692 10391 
3 10391 8692 8693 
3 10391 8693 10393 
3 8686 8694 8695 
3 8695 8694 8994 
3 8695 8994 8698 
3 8696 10390 8994 
3 10390 8697 8994 
3 8994 8697 10389 
3 8994 10389 8698 
3 8994 8699 8696 
3 8696 8699 8997 
3 8696 8997 10374 
3 10374 8997 10384 
3 10384 8997 8702 
3 10384 8702 10385 
3 8700 10386 8702 
3 8702 10386 8701 
3 8702 8701 10385 
3 8702 8703 8700 
3 8700 8703 8704 
3 8700 8704 10382 
3 10382 8704 8705 
3 8705 8704 8708 
3 8705 8708 10378 
3 9003 10376 8706 
3 8706 10376 8707 
3 8706 8707 9001 
3 9001 8707 10380 
3 9001 10380 8708 
3 8708 10380 10379 
3 8708 10379 10378 
3 10375 8709 9003 
3 8709 10377 9003 
3 9003 10377 8710 
3 9003 8710 10376 
3 9003 9004 10375 
3 10375 9004 8711 
3 10375 8711 8712 
3 9426 10628 9553 
3 9454 9455 10561 
3 9401 8713 10580 
3 9361 10577 10576 
3 8714 9362 9378 
3 9336 8715 10575 
3 10573 9497 10570 
3 10570 9497 10571 
3 9313 9314 9302 
3 10569 9282 10610 
3 10610 9282 9285 
3 9283 8716 9284 
3 9283 8725 8717 
3 8716 9283 8718 
3 8718 9283 8717 
3 8718 8717 8719 
3 8719 8717 2137 
3 8719 2137 10568 
3 10568 2137 8720 
3 8720 2137 2138 
3 8720 2138 10566 
3 10566 2138 8721 
3 10566 8721 10567 
3 10567 8721 10564 
3 10564 8721 8723 
3 10564 8723 10563 
3 2141 10562 8723 
3 8723 10562 10596 
3 8723 10596 8722 
3 8722 10565 8723 
3 8723 10565 8724 
3 8723 8724 10563 
3 8725 9283 8726 
3 8726 9283 8727 
3 8726 8727 7093 
3 7093 8727 8728 
3 8728 8727 9281 
3 8728 9281 8729 
3 8729 9281 8730 
3 8730 9281 8731 
3 8730 8731 8732 
3 8732 8731 7092 
3 7092 8731 8733 
3 7092 8733 8734 
3 6712 7099 9277 
3 9277 7099 7098 
3 9277 7098 8733 
3 8733 7098 7097 
3 8733 7097 8734 
3 6712 9277 7317 
3 7317 9277 8735 
3 7317 8735 8736 
3 8736 8735 6711 
3 6711 8735 8737 
3 6711 8737 7100 
3 7107 7106 9274 
3 9274 7106 8738 
3 9274 8738 8737 
3 8737 8738 8739 
3 8737 8739 7100 
3 8742 8744 9274 
3 9274 8744 7108 
3 9274 7108 7107 
3 9271 7102 8740 
3 8740 7104 9271 
3 9271 7104 8741 
3 9271 8741 8742 
3 8742 8741 8743 
3 8742 8743 8744 
3 7102 9271 7101 
3 7101 9271 8749 
3 7101 8749 8751 
3 8745 8746 8747 
3 8747 8746 8748 
3 8747 8748 8749 
3 8749 8748 8750 
3 8749 8750 8751 
3 8752 8754 8753 
3 8752 8753 8747 
3 8747 8753 7180 
3 8747 7180 8745 
3 8754 8752 7183 
3 7183 8752 9268 
3 7183 9268 8755 
3 8756 7182 9266 
3 9266 7182 7240 
3 9265 6710 9268 
3 9268 6710 7285 
3 9268 7285 8755 
3 9286 8757 8758 
3 8758 8757 8759 
3 8758 8759 7195 
3 7197 8761 8760 
3 8760 8761 7199 
3 8760 7199 8762 
3 6737 8763 8764 
3 8764 8763 8765 
3 6736 9456 6734 
3 6734 9456 6741 
3 9404 8766 6742 
3 9427 9380 9381 
3 8767 6752 9526 
3 9526 6752 6738 
3 8768 8833 8834 
3 6744 8849 8769 
3 8769 8849 8850 
3 8769 8850 8770 
3 7568 7567 8772 
3 8772 7567 8771 
3 8772 8771 8934 
3 7568 8772 7600 
3 7600 8772 8944 
3 7600 8944 7602 
3 7602 8944 8773 
3 8773 8944 8774 
3 8773 8774 7562 
3 8941 7563 8775 
3 8941 8775 8774 
3 8774 8775 7561 
3 8774 7561 7562 
3 7563 8941 7565 
3 7565 8941 8776 
3 7565 8776 8777 
3 8777 8776 7566 
3 7566 8776 8778 
3 7566 8778 8779 
3 8781 8780 8001 
3 8781 8001 8778 
3 8778 8001 8782 
3 8778 8782 8779 
3 8780 8781 8003 
3 8003 8781 8784 
3 8003 8784 8000 
3 8785 8783 8784 
3 8784 8783 8013 
3 8784 8013 8000 
3 8786 8788 8785 
3 8785 8788 7801 
3 8785 7801 8783 
3 8789 8787 8786 
3 8786 8787 7818 
3 8786 7818 8788 
3 7799 7797 8936 
3 8936 7797 7776 
3 8936 7776 8789 
3 8789 7776 7774 
3 8789 7774 8787 
3 8790 8791 8792 
3 8792 8791 7807 
3 8792 7807 8936 
3 8936 7807 7800 
3 8936 7800 7799 
3 8793 7783 8790 
3 8790 8792 8793 
3 8793 8792 8794 
3 8793 8794 7786 
3 7786 8794 8795 
3 7786 8795 7788 
3 7796 7790 8795 
3 8795 7790 7789 
3 8795 7789 7788 
3 8796 7778 8797 
3 8798 8799 8800 
3 8800 8799 9191 
3 9192 7810 9228 
3 9228 7810 8801 
3 9228 8801 7808 
3 7757 7752 8802 
3 8802 7752 8803 
3 8802 8803 7750 
3 8804 7389 9247 
3 9247 7389 7762 
3 7391 7390 9144 
3 9144 7390 7740 
3 9144 7740 8805 
3 9069 8807 8806 
3 8806 8807 9099 
3 9499 7733 9070 
3 9070 7733 8808 
3 8993 8809 9068 
3 9068 8809 7735 
3 10393 8693 10394 
3 10394 8693 2115 
3 10394 2115 8694 
3 8694 2115 8810 
3 8694 8810 8993 
3 8857 8811 8812 
3 8812 8811 8813 
3 8922 8923 8873 
3 9540 8820 9539 
3 9539 8820 8821 
3 9539 8821 9538 
3 9538 8821 8814 
3 9538 8814 9537 
3 9537 8814 8822 
3 9537 8822 9535 
3 9535 8822 8824 
3 9535 8824 8815 
3 8815 8824 8825 
3 8815 8825 9533 
3 9533 8825 8826 
3 9533 8826 9532 
3 9532 8826 8828 
3 9532 8828 8816 
3 8816 8828 8829 
3 8816 8829 9530 
3 9530 8829 8817 
3 9530 8817 9528 
3 9528 8817 8831 
3 9528 8831 8819 
3 8819 8831 8818 
3 8819 8818 9526 
3 9526 8818 8833 
3 9526 8833 8767 
3 8767 8833 6753 
3 8820 9045 8821 
3 8821 9045 8836 
3 8821 8836 8814 
3 8814 8836 8838 
3 8814 8838 8822 
3 8822 8838 8823 
3 8822 8823 8824 
3 8824 8823 8841 
3 8824 8841 8825 
3 8825 8841 8842 
3 8825 8842 8826 
3 8826 8842 8827 
3 8826 8827 8828 
3 8828 8827 8846 
3 8828 8846 8829 
3 8829 8846 8830 
3 8829 8830 8817 
3 8817 8830 8847 
3 8817 8847 8831 
3 8831 8847 8832 
3 8831 8832 8818 
3 8818 8832 8848 
3 8818 8848 8833 
3 8833 8848 8849 
3 8833 8849 8834 
3 8834 8849 8835 
3 9045 9047 8836 
3 8836 9047 8837 
3 8836 8837 8838 
3 8838 8837 8839 
3 8838 8839 8823 
3 8823 8839 8840 
3 8823 8840 8841 
3 8841 8840 8843 
3 8841 8843 8842 
3 8842 8843 8844 
3 8842 8844 8827 
3 8827 8844 8845 
3 8827 8845 8846 
3 8846 8845 8853 
3 8846 8853 8830 
3 8830 8853 8854 
3 8830 8854 8847 
3 8847 8854 8855 
3 8847 8855 8832 
3 8832 8855 8856 
3 8832 8856 8848 
3 8848 8856 8812 
3 8848 8812 8849 
3 8849 8812 8813 
3 8849 8813 8850 
3 9047 9048 8837 
3 8837 9048 8859 
3 8837 8859 8839 
3 8839 8859 8861 
3 8839 8861 8840 
3 8840 8861 8862 
3 8840 8862 8843 
3 8843 8862 8851 
3 8843 8851 8844 
3 8844 8851 8865 
3 8844 8865 8845 
3 8845 8865 8852 
3 8845 8852 8853 
3 8853 8852 8867 
3 8853 8867 8854 
3 8854 8867 8869 
3 8854 8869 8855 
3 8855 8869 8871 
3 8855 8871 8856 
3 8856 8871 8872 
3 8856 8872 8812 
3 8812 8872 8874 
3 8812 8874 8857 
3 9048 8858 8859 
3 8859 8858 8916 
3 8859 8916 8861 
3 8861 8916 8860 
3 8861 8860 8862 
3 8862 8860 8863 
3 8862 8863 8851 
3 8851 8863 8864 
3 8851 8864 8865 
3 8865 8864 8866 
3 8865 8866 8852 
3 8852 8866 8919 
3 8852 8919 8867 
3 8867 8919 8868 
3 8867 8868 8869 
3 8869 8868 8870 
3 8869 8870 8871 
3 8871 8870 8922 
3 8871 8922 8872 
3 8872 8922 8873 
3 8872 8873 8874 
3 9050 8875 8905 
3 8905 8875 8876 
3 8905 8876 8877 
3 8877 8876 8878 
3 8877 8878 8907 
3 8907 8878 8882 
3 8907 8882 8909 
3 8909 8882 8884 
3 8909 8884 8910 
3 8910 8884 8885 
3 8910 8885 8879 
3 8879 8885 8886 
3 8879 8886 8911 
3 8875 9051 8876 
3 8876 9051 8880 
3 8876 8880 8878 
3 8878 8880 8881 
3 8878 8881 8882 
3 8882 8881 8883 
3 8882 8883 8884 
3 8884 8883 8899 
3 8884 8899 8885 
3 8885 8899 8900 
3 8885 8900 8886 
3 8892 8887 8895 
3 8895 8887 4182 
3 9056 9525 9057 
3 8891 4186 4180 
3 8888 9054 8894 
3 8894 9054 8889 
3 8894 8889 8890 
3 8890 8889 8891 
3 8890 8891 8895 
3 8895 8891 4180 
3 8895 4180 8892 
3 9053 8888 8893 
3 8893 8888 8894 
3 8893 8894 8897 
3 8897 8894 8890 
3 8897 8890 8898 
3 8898 8890 8895 
3 8898 8895 8896 
3 8896 8895 4182 
3 8896 4182 8901 
3 9051 9053 8880 
3 8880 9053 8893 
3 8880 8893 8881 
3 8881 8893 8897 
3 8881 8897 8883 
3 8883 8897 8898 
3 8883 8898 8899 
3 8899 8898 8896 
3 8899 8896 8900 
3 8900 8896 8901 
3 8900 8901 4178 
3 4178 8902 8900 
3 8900 8902 8903 
3 8900 8903 8886 
3 8886 8903 4235 
3 8886 4235 8911 
3 8911 4235 4233 
3 8911 4233 4176 
3 8915 9050 8904 
3 8904 9050 8905 
3 8904 8905 8906 
3 8906 8905 8877 
3 8906 8877 8917 
3 8917 8877 8907 
3 8917 8907 8908 
3 8908 8907 8909 
3 8908 8909 8918 
3 8918 8909 8910 
3 8918 8910 8920 
3 8920 8910 8879 
3 8920 8879 8921 
3 8921 8879 8911 
3 8921 8911 8912 
3 8912 8911 4176 
3 4176 4177 8912 
3 8912 4177 8913 
3 8912 8913 8914 
3 8858 8915 8916 
3 8916 8915 8904 
3 8916 8904 8860 
3 8860 8904 8906 
3 8860 8906 8863 
3 8863 8906 8917 
3 8863 8917 8864 
3 8864 8917 8908 
3 8864 8908 8866 
3 8866 8908 8918 
3 8866 8918 8919 
3 8919 8918 8920 
3 8919 8920 8868 
3 8868 8920 8921 
3 8868 8921 8870 
3 8870 8921 8912 
3 8870 8912 8922 
3 8922 8912 8914 
3 8922 8914 8923 
3 9524 8924 4339 
3 4339 8924 8929 
3 4339 8929 4314 
3 9126 8925 8926 
3 8926 8925 3647 
3 4315 4314 8927 
3 8927 4314 8929 
3 8927 8929 8928 
3 8928 8929 8930 
3 8928 8930 9097 
3 3955 9142 4078 
3 4078 9142 4079 
3 8931 9143 9125 
3 9210 4146 8932 
3 9244 4122 9245 
3 9211 9246 4120 
3 8945 8772 8933 
3 8933 8772 8934 
3 8933 8934 7575 
3 7778 7796 8797 
3 8797 7796 8795 
3 8797 8795 9230 
3 9230 8795 8794 
3 9230 8794 9232 
3 9232 8794 8792 
3 9232 8792 8935 
3 8935 8792 8936 
3 8935 8936 9233 
3 9233 8936 8789 
3 9233 8789 8937 
3 8937 8789 8786 
3 8937 8786 9234 
3 9234 8786 8785 
3 9234 8785 9235 
3 9235 8785 8784 
3 9235 8784 8938 
3 8938 8784 8781 
3 8938 8781 8939 
3 8939 8781 8778 
3 8939 8778 8940 
3 8940 8778 8776 
3 8940 8776 8942 
3 8942 8776 8941 
3 8942 8941 9240 
3 9240 8941 8774 
3 9240 8774 9241 
3 9241 8774 8944 
3 9241 8944 8943 
3 8943 8944 8772 
3 8943 8772 9244 
3 9244 8772 8945 
3 9244 8945 4122 
3 3958 8946 9227 
3 9227 8946 9190 
3 8947 8948 8949 
3 8954 8950 8957 
3 8957 8950 8951 
3 8957 8951 8958 
3 8959 8958 8952 
3 8952 8958 8951 
3 8952 8951 8953 
3 8953 8951 9059 
3 8953 9059 8961 
3 8962 8954 8955 
3 8955 8954 8957 
3 8955 8957 8956 
3 8956 8957 8958 
3 8956 8958 8965 
3 8965 8958 8959 
3 8965 8959 8968 
3 8970 8968 8972 
3 8972 8968 8959 
3 8972 8959 8960 
3 8960 8959 8952 
3 8960 8952 8976 
3 8976 8952 8953 
3 8976 8953 8978 
3 8978 8953 8961 
3 8978 8961 9061 
3 8947 8962 8963 
3 8963 8962 8955 
3 8963 8955 8964 
3 8964 8955 8956 
3 8964 8956 8966 
3 8966 8956 8965 
3 8966 8965 8967 
3 8967 8965 8968 
3 8967 8968 9549 
3 9549 8968 8970 
3 9549 8970 8969 
3 9546 8969 8971 
3 8971 8969 8970 
3 8971 8970 8973 
3 8973 8970 8972 
3 8973 8972 8974 
3 8974 8972 8960 
3 8974 8960 8975 
3 8975 8960 8976 
3 8975 8976 8977 
3 8977 8976 8978 
3 8977 8978 8979 
3 8979 8978 9061 
3 8979 9061 9063 
3 8983 9546 8984 
3 8984 9546 8971 
3 8984 8971 8985 
3 8985 8971 8973 
3 8985 8973 8980 
3 8980 8973 8974 
3 8980 8974 8987 
3 8987 8974 8975 
3 8987 8975 8988 
3 8988 8975 8977 
3 8988 8977 8990 
3 8990 8977 8979 
3 8990 8979 8991 
3 8991 8979 9063 
3 8991 9063 9064 
3 8981 8983 8982 
3 8982 8983 8984 
3 8982 8984 9006 
3 9006 8984 8985 
3 9006 8985 8986 
3 8986 8985 8980 
3 8986 8980 9008 
3 9008 8980 8987 
3 9008 8987 9009 
3 9009 8987 8988 
3 9009 8988 8989 
3 8989 8988 8990 
3 8989 8990 9011 
3 9011 8990 8991 
3 9011 8991 9012 
3 9012 8991 9064 
3 9012 9064 8992 
3 8993 9068 8694 
3 8694 9068 9066 
3 8694 9066 8994 
3 8994 9066 8995 
3 8994 8995 8699 
3 8699 8995 8996 
3 8699 8996 8997 
3 8997 8996 9062 
3 8997 9062 8702 
3 8702 9062 8998 
3 8702 8998 8703 
3 8703 8998 8999 
3 8703 8999 8704 
3 8704 8999 9060 
3 8704 9060 8708 
3 8708 9060 9000 
3 8708 9000 9001 
3 9001 9000 9058 
3 9001 9058 8706 
3 8706 9058 9002 
3 8706 9002 9003 
3 9003 9002 8949 
3 9003 8949 9004 
3 9004 8949 8948 
3 9004 8948 8711 
3 9543 8981 9005 
3 9005 8981 8982 
3 9005 8982 9016 
3 9016 8982 9006 
3 9016 9006 9007 
3 9007 9006 8986 
3 9007 8986 9018 
3 9018 8986 9008 
3 9018 9008 9020 
3 9020 9008 9009 
3 9020 9009 9021 
3 9021 9009 8989 
3 9021 8989 9010 
3 9010 8989 9011 
3 9010 9011 9022 
3 9022 9011 9012 
3 9022 9012 9013 
3 9013 9012 8992 
3 9013 8992 9065 
3 9014 9543 9023 
3 9023 9543 9005 
3 9023 9005 9015 
3 9015 9005 9016 
3 9015 9016 9017 
3 9017 9016 9007 
3 9017 9007 9024 
3 9024 9007 9018 
3 9024 9018 9026 
3 9026 9018 9020 
3 9026 9020 9019 
3 9019 9020 9021 
3 9019 9021 9028 
3 9028 9021 9010 
3 9028 9010 9030 
3 9030 9010 9022 
3 9030 9022 9031 
3 9031 9022 9013 
3 9031 9013 9032 
3 9032 9013 9065 
3 9032 9065 9033 
3 9540 9014 9044 
3 9044 9014 9023 
3 9044 9023 9042 
3 9042 9023 9015 
3 9042 9015 9041 
3 9041 9015 9017 
3 9041 9017 9040 
3 9040 9017 9024 
3 9040 9024 9025 
3 9025 9024 9026 
3 9025 9026 9027 
3 9027 9026 9019 
3 9027 9019 9039 
3 9039 9019 9028 
3 9039 9028 9029 
3 9029 9028 9030 
3 9029 9030 9038 
3 9038 9030 9031 
3 9038 9031 9037 
3 9037 9031 9032 
3 9037 9032 9034 
3 9034 9032 9033 
3 9034 9033 9067 
3 7734 9035 9067 
3 9067 9035 9498 
3 9067 9498 9034 
3 9034 9498 9036 
3 9034 9036 9037 
3 9037 9036 9500 
3 9037 9500 9038 
3 9038 9500 9501 
3 9038 9501 9029 
3 9029 9501 9502 
3 9029 9502 9039 
3 9039 9502 9504 
3 9039 9504 9027 
3 9027 9504 9506 
3 9027 9506 9025 
3 9025 9506 9507 
3 9025 9507 9040 
3 9040 9507 9508 
3 9040 9508 9041 
3 9041 9508 9509 
3 9041 9509 9042 
3 9042 9509 9043 
3 9042 9043 9044 
3 9044 9043 9510 
3 9044 9510 9540 
3 9540 9510 9512 
3 9540 9512 8820 
3 8820 9512 9513 
3 8820 9513 9045 
3 9045 9513 9046 
3 9045 9046 9047 
3 9047 9046 9515 
3 9047 9515 9048 
3 9048 9515 9516 
3 9048 9516 8858 
3 8858 9516 9517 
3 8858 9517 8915 
3 8915 9517 9049 
3 8915 9049 9050 
3 9050 9049 9519 
3 9050 9519 8875 
3 8875 9519 9520 
3 8875 9520 9051 
3 9051 9520 9521 
3 9051 9521 9053 
3 9053 9521 9052 
3 9053 9052 8888 
3 8888 9052 9523 
3 8888 9523 9054 
3 9054 9523 9055 
3 9054 9055 8889 
3 8889 9055 9056 
3 8889 9056 8891 
3 8891 9056 9057 
3 8891 9057 4186 
3 8947 8949 8962 
3 8962 8949 9002 
3 8962 9002 8954 
3 8954 9002 9058 
3 8954 9058 8950 
3 8950 9058 9000 
3 8950 9000 9059 
3 9059 9000 9060 
3 9059 9060 8961 
3 8961 9060 8999 
3 8961 8999 9061 
3 9061 8999 8998 
3 9061 8998 9063 
3 9063 8998 9062 
3 9063 9062 9064 
3 9064 9062 8996 
3 9064 8996 8992 
3 8992 8996 8995 
3 8992 8995 9065 
3 9065 8995 9066 
3 9065 9066 9033 
3 9033 9066 9068 
3 9033 9068 9067 
3 9067 9068 7735 
3 9067 7735 7734 
3 8808 9069 9070 
3 9070 9069 8806 
3 9070 8806 9071 
3 9071 8806 9101 
3 9071 9101 9072 
3 9072 9101 9102 
3 9072 9102 9073 
3 9073 9102 9105 
3 9073 9105 9503 
3 9503 9105 9074 
3 9503 9074 9505 
3 9505 9074 9075 
3 9505 9075 9076 
3 9076 9075 9108 
3 9076 9108 9077 
3 9077 9108 9110 
3 9077 9110 9078 
3 9078 9110 9079 
3 9078 9079 9080 
3 9080 9079 9112 
3 9080 9112 9511 
3 9511 9112 9082 
3 9511 9082 9081 
3 9081 9082 9084 
3 9081 9084 9083 
3 9083 9084 9086 
3 9083 9086 9085 
3 9085 9086 9116 
3 9085 9116 9514 
3 9514 9116 9087 
3 9514 9087 9088 
3 9088 9087 9089 
3 9088 9089 9091 
3 9091 9089 9090 
3 9091 9090 9092 
3 9092 9090 9121 
3 9092 9121 9518 
3 9518 9121 9122 
3 9518 9122 9093 
3 9093 9122 9094 
3 9093 9094 9095 
3 9095 9094 9096 
3 9095 9096 9522 
3 9522 9096 9098 
3 9522 9098 9097 
3 9097 9098 9124 
3 9097 9124 8928 
3 8928 9124 8926 
3 8928 8926 8927 
3 8927 8926 3647 
3 8927 3647 4315 
3 9099 9100 8806 
3 8806 9100 9127 
3 8806 9127 9101 
3 9101 9127 9103 
3 9101 9103 9102 
3 9102 9103 9104 
3 9102 9104 9105 
3 9105 9104 9106 
3 9105 9106 9074 
3 9074 9106 9107 
3 9074 9107 9075 
3 9075 9107 9109 
3 9075 9109 9108 
3 9108 9109 9129 
3 9108 9129 9110 
3 9110 9129 9131 
3 9110 9131 9079 
3 9079 9131 9111 
3 9079 9111 9112 
3 9112 9111 9133 
3 9112 9133 9082 
3 9082 9133 9134 
3 9082 9134 9084 
3 9084 9134 9113 
3 9084 9113 9086 
3 9086 9113 9114 
3 9086 9114 9116 
3 9116 9114 9115 
3 9116 9115 9087 
3 9087 9115 9117 
3 9087 9117 9089 
3 9089 9117 9118 
3 9089 9118 9090 
3 9090 9118 9119 
3 9090 9119 9121 
3 9121 9119 9120 
3 9121 9120 9122 
3 9122 9120 9123 
3 9122 9123 9094 
3 9094 9123 9138 
3 9094 9138 9096 
3 9096 9138 9139 
3 9096 9139 9098 
3 9098 9139 9141 
3 9098 9141 9124 
3 9124 9141 8931 
3 9124 8931 8926 
3 8926 8931 9125 
3 8926 9125 9126 
3 8681 7391 9127 
3 9127 7391 9144 
3 9127 9144 9103 
3 9103 9144 9145 
3 9103 9145 9104 
3 9104 9145 9147 
3 9104 9147 9106 
3 9106 9147 9148 
3 9106 9148 9107 
3 9107 9148 9128 
3 9107 9128 9109 
3 9109 9128 9150 
3 9109 9150 9129 
3 9129 9150 9130 
3 9129 9130 9131 
3 9131 9130 9132 
3 9131 9132 9111 
3 9111 9132 9154 
3 9111 9154 9133 
3 9133 9154 9155 
3 9133 9155 9134 
3 9134 9155 9158 
3 9134 9158 9113 
3 9113 9158 9135 
3 9113 9135 9114 
3 9114 9135 9162 
3 9114 9162 9115 
3 9115 9162 9136 
3 9115 9136 9117 
3 9117 9136 9163 
3 9117 9163 9118 
3 9118 9163 9164 
3 9118 9164 9119 
3 9119 9164 9137 
3 9119 9137 9120 
3 9120 9137 9165 
3 9120 9165 9123 
3 9123 9165 9168 
3 9123 9168 9138 
3 9138 9168 9169 
3 9138 9169 9139 
3 9139 9169 9140 
3 9139 9140 9141 
3 9141 9140 9142 
3 9141 9142 8931 
3 8931 9142 3955 
3 8931 3955 9143 
3 8805 8804 9144 
3 9144 8804 9247 
3 9144 9247 9145 
3 9145 9247 9146 
3 9145 9146 9147 
3 9147 9146 9149 
3 9147 9149 9148 
3 9148 9149 9249 
3 9148 9249 9128 
3 9128 9249 9151 
3 9128 9151 9150 
3 9150 9151 9152 
3 9150 9152 9130 
3 9130 9152 9252 
3 9130 9252 9132 
3 9132 9252 9153 
3 9132 9153 9154 
3 9154 9153 9156 
3 9154 9156 9155 
3 9155 9156 9157 
3 9155 9157 9158 
3 9158 9157 9159 
3 9158 9159 9135 
3 9135 9159 9160 
3 9135 9160 9162 
3 9162 9160 9161 
3 9162 9161 9136 
3 9136 9161 9257 
3 9136 9257 9163 
3 9163 9257 9258 
3 9163 9258 9164 
3 9164 9258 9259 
3 9164 9259 9137 
3 9137 9259 9166 
3 9137 9166 9165 
3 9165 9166 9167 
3 9165 9167 9168 
3 9168 9167 9262 
3 9168 9262 9169 
3 9169 9262 9170 
3 9169 9170 9140 
3 9140 9170 9171 
3 9140 9171 9142 
3 9142 9171 4056 
3 9142 4056 4079 
3 9172 7757 9248 
3 9248 7757 8802 
3 9248 8802 9173 
3 9173 8802 9213 
3 9173 9213 9174 
3 9174 9213 9214 
3 9174 9214 9250 
3 9250 9214 9215 
3 9250 9215 9175 
3 9175 9215 9176 
3 9175 9176 9251 
3 9251 9176 9216 
3 9251 9216 9178 
3 9178 9216 9177 
3 9178 9177 9253 
3 9253 9177 9218 
3 9253 9218 9254 
3 9254 9218 9219 
3 9254 9219 9179 
3 9179 9219 9180 
3 9179 9180 9181 
3 9181 9180 9222 
3 9181 9222 9255 
3 9255 9222 9223 
3 9255 9223 9256 
3 9256 9223 9224 
3 9256 9224 9182 
3 9182 9224 9184 
3 9182 9184 9183 
3 9183 9184 9185 
3 9183 9185 9260 
3 9260 9185 9186 
3 9260 9186 9187 
3 9187 9186 9188 
3 9187 9188 9261 
3 9261 9188 9189 
3 9261 9189 9263 
3 9263 9189 9227 
3 9263 9227 9264 
3 9264 9227 9190 
3 9264 9190 3956 
3 9191 9192 8800 
3 8800 9192 9228 
3 8800 9228 9212 
3 9212 9228 9229 
3 9212 9229 9194 
3 9194 9229 9193 
3 9194 9193 9195 
3 9195 9193 9231 
3 9195 9231 9196 
3 9196 9231 9197 
3 9196 9197 9198 
3 9198 9197 9199 
3 9198 9199 9217 
3 9217 9199 9200 
3 9217 9200 9201 
3 9201 9200 9202 
3 9201 9202 9220 
3 9220 9202 9236 
3 9220 9236 9203 
3 9203 9236 9204 
3 9203 9204 9221 
3 9221 9204 9237 
3 9221 9237 9225 
3 9225 9237 9238 
3 9225 9238 9205 
3 9205 9238 9239 
3 9205 9239 9226 
3 9226 9239 9207 
3 9226 9207 9206 
3 9206 9207 9242 
3 9206 9242 9208 
3 9208 9242 9243 
3 9208 9243 9209 
3 9209 9243 9211 
3 9209 9211 9210 
3 9210 9211 4120 
3 9210 4120 4146 
3 7750 8798 8802 
3 8802 8798 8800 
3 8802 8800 9213 
3 9213 8800 9212 
3 9213 9212 9214 
3 9214 9212 9194 
3 9214 9194 9215 
3 9215 9194 9195 
3 9215 9195 9176 
3 9176 9195 9196 
3 9176 9196 9216 
3 9216 9196 9198 
3 9216 9198 9177 
3 9177 9198 9217 
3 9177 9217 9218 
3 9218 9217 9201 
3 9218 9201 9219 
3 9219 9201 9220 
3 9219 9220 9180 
3 9180 9220 9203 
3 9180 9203 9222 
3 9222 9203 9221 
3 9222 9221 9223 
3 9223 9221 9225 
3 9223 9225 9224 
3 9224 9225 9205 
3 9224 9205 9184 
3 9184 9205 9226 
3 9184 9226 9185 
3 9185 9226 9206 
3 9185 9206 9186 
3 9186 9206 9208 
3 9186 9208 9188 
3 9188 9208 9209 
3 9188 9209 9189 
3 9189 9209 9210 
3 9189 9210 9227 
3 9227 9210 8932 
3 9227 8932 3958 
3 7808 8796 9228 
3 9228 8796 8797 
3 9228 8797 9229 
3 9229 8797 9230 
3 9229 9230 9193 
3 9193 9230 9232 
3 9193 9232 9231 
3 9231 9232 8935 
3 9231 8935 9197 
3 9197 8935 9233 
3 9197 9233 9199 
3 9199 9233 8937 
3 9199 8937 9200 
3 9200 8937 9234 
3 9200 9234 9202 
3 9202 9234 9235 
3 9202 9235 9236 
3 9236 9235 8938 
3 9236 8938 9204 
3 9204 8938 8939 
3 9204 8939 9237 
3 9237 8939 8940 
3 9237 8940 9238 
3 9238 8940 8942 
3 9238 8942 9239 
3 9239 8942 9240 
3 9239 9240 9207 
3 9207 9240 9241 
3 9207 9241 9242 
3 9242 9241 8943 
3 9242 8943 9243 
3 9243 8943 9244 
3 9243 9244 9211 
3 9211 9244 9245 
3 9211 9245 9246 
3 7762 8682 9247 
3 9247 8682 9248 
3 9247 9248 9146 
3 9146 9248 9173 
3 9146 9173 9149 
3 9149 9173 9174 
3 9149 9174 9249 
3 9249 9174 9250 
3 9249 9250 9151 
3 9151 9250 9175 
3 9151 9175 9152 
3 9152 9175 9251 
3 9152 9251 9252 
3 9252 9251 9178 
3 9252 9178 9153 
3 9153 9178 9253 
3 9153 9253 9156 
3 9156 9253 9254 
3 9156 9254 9157 
3 9157 9254 9179 
3 9157 9179 9159 
3 9159 9179 9181 
3 9159 9181 9160 
3 9160 9181 9255 
3 9160 9255 9161 
3 9161 9255 9256 
3 9161 9256 9257 
3 9257 9256 9182 
3 9257 9182 9258 
3 9258 9182 9183 
3 9258 9183 9259 
3 9259 9183 9260 
3 9259 9260 9166 
3 9166 9260 9187 
3 9166 9187 9167 
3 9167 9187 9261 
3 9167 9261 9262 
3 9262 9261 9263 
3 9262 9263 9170 
3 9170 9263 9264 
3 9170 9264 9171 
3 9171 9264 3956 
3 9171 3956 4056 
3 7240 9265 9266 
3 9266 9265 9268 
3 9266 9268 9267 
3 9267 9268 8752 
3 9267 8752 9303 
3 9303 8752 8747 
3 9303 8747 9269 
3 9269 8747 8749 
3 9269 8749 9270 
3 9270 8749 9271 
3 9270 9271 9272 
3 9272 9271 8742 
3 9272 8742 9273 
3 9273 8742 9274 
3 9273 9274 9275 
3 9275 9274 8737 
3 9275 8737 9306 
3 9306 8737 8735 
3 9306 8735 9276 
3 9276 8735 9277 
3 9276 9277 9278 
3 9278 9277 8733 
3 9278 8733 9279 
3 9279 8733 8731 
3 9279 8731 9280 
3 9280 8731 9281 
3 9280 9281 9309 
3 9309 9281 8727 
3 9309 8727 9311 
3 9311 8727 9283 
3 9311 9283 9282 
3 9282 9283 9284 
3 9282 9284 9285 
3 7197 9286 8761 
3 8761 9286 8758 
3 8761 8758 9288 
3 9288 8758 9287 
3 9288 9287 9480 
3 9480 9287 9289 
3 9480 9289 9290 
3 9290 9289 9291 
3 9290 9291 9483 
3 9483 9291 9292 
3 9483 9292 9484 
3 9484 9292 9304 
3 9484 9304 9293 
3 9293 9304 9305 
3 9293 9305 9295 
3 9295 9305 9294 
3 9295 9294 9486 
3 9486 9294 9296 
3 9486 9296 9488 
3 9488 9296 9297 
3 9488 9297 9298 
3 9298 9297 9307 
3 9298 9307 9490 
3 9490 9307 9299 
3 9490 9299 9300 
3 9300 9299 9308 
3 9300 9308 9491 
3 9491 9308 9301 
3 9491 9301 9492 
3 9492 9301 9310 
3 9492 9310 9494 
3 9494 9310 9312 
3 9494 9312 9496 
3 9496 9312 9313 
3 9496 9313 9497 
3 9497 9313 9302 
3 9497 9302 10571 
3 7195 8756 8758 
3 8758 8756 9266 
3 8758 9266 9287 
3 9287 9266 9267 
3 9287 9267 9289 
3 9289 9267 9303 
3 9289 9303 9291 
3 9291 9303 9269 
3 9291 9269 9292 
3 9292 9269 9270 
3 9292 9270 9304 
3 9304 9270 9272 
3 9304 9272 9305 
3 9305 9272 9273 
3 9305 9273 9294 
3 9294 9273 9275 
3 9294 9275 9296 
3 9296 9275 9306 
3 9296 9306 9297 
3 9297 9306 9276 
3 9297 9276 9307 
3 9307 9276 9278 
3 9307 9278 9299 
3 9299 9278 9279 
3 9299 9279 9308 
3 9308 9279 9280 
3 9308 9280 9301 
3 9301 9280 9309 
3 9301 9309 9310 
3 9310 9309 9311 
3 9310 9311 9312 
3 9312 9311 9282 
3 9312 9282 9313 
3 9313 9282 10569 
3 9313 10569 9314 
3 7202 8685 9315 
3 9315 8685 9479 
3 9315 9479 9316 
3 9316 9479 9317 
3 9316 9317 9364 
3 9364 9317 9319 
3 9364 9319 9318 
3 9318 9319 9481 
3 9318 9481 9365 
3 9365 9481 9482 
3 9365 9482 9321 
3 9321 9482 9320 
3 9321 9320 9322 
3 9322 9320 9323 
3 9322 9323 9366 
3 9366 9323 9324 
3 9366 9324 9367 
3 9367 9324 9485 
3 9367 9485 9325 
3 9325 9485 9487 
3 9325 9487 9326 
3 9326 9487 9489 
3 9326 9489 9327 
3 9327 9489 9328 
3 9327 9328 9370 
3 9370 9328 9329 
3 9370 9329 9371 
3 9371 9329 9330 
3 9371 9330 9373 
3 9373 9330 9331 
3 9373 9331 9375 
3 9375 9331 9493 
3 9375 9493 9332 
3 9332 9493 9495 
3 9332 9495 9333 
3 9333 9495 9334 
3 9333 9334 9335 
3 9335 9334 9336 
3 9335 9336 9377 
3 9377 9336 10575 
3 9377 10575 9379 
3 8765 9337 8764 
3 8764 9337 9338 
3 8764 9338 9458 
3 9458 9338 9363 
3 9458 9363 9339 
3 9339 9363 9340 
3 9339 9340 9460 
3 9460 9340 9341 
3 9460 9341 9461 
3 9461 9341 9342 
3 9461 9342 9343 
3 9343 9342 9344 
3 9343 9344 9346 
3 9346 9344 9345 
3 9346 9345 9347 
3 9347 9345 9348 
3 9347 9348 9465 
3 9465 9348 9349 
3 9465 9349 9466 
3 9466 9349 9368 
3 9466 9368 9467 
3 9467 9368 9350 
3 9467 9350 9468 
3 9468 9350 9351 
3 9468 9351 9470 
3 9470 9351 9369 
3 9470 9369 9472 
3 9472 9369 9353 
3 9472 9353 9352 
3 9352 9353 9354 
3 9352 9354 9355 
3 9355 9354 9372 
3 9355 9372 9356 
3 9356 9372 9374 
3 9356 9374 9357 
3 9357 9374 9376 
3 9357 9376 9475 
3 9475 9376 9359 
3 9475 9359 9358 
3 9358 9359 9360 
3 9358 9360 9477 
3 9477 9360 9378 
3 9477 9378 9361 
3 9361 9378 9362 
3 9361 9362 10577 
3 7203 7198 9338 
3 9338 7198 9315 
3 9338 9315 9363 
3 9363 9315 9316 
3 9363 9316 9340 
3 9340 9316 9364 
3 9340 9364 9341 
3 9341 9364 9318 
3 9341 9318 9342 
3 9342 9318 9365 
3 9342 9365 9344 
3 9344 9365 9321 
3 9344 9321 9345 
3 9345 9321 9322 
3 9345 9322 9348 
3 9348 9322 9366 
3 9348 9366 9349 
3 9349 9366 9367 
3 9349 9367 9368 
3 9368 9367 9325 
3 9368 9325 9350 
3 9350 9325 9326 
3 9350 9326 9351 
3 9351 9326 9327 
3 9351 9327 9369 
3 9369 9327 9370 
3 9369 9370 9353 
3 9353 9370 9371 
3 9353 9371 9354 
3 9354 9371 9373 
3 9354 9373 9372 
3 9372 9373 9375 
3 9372 9375 9374 
3 9374 9375 9332 
3 9374 9332 9376 
3 9376 9332 9333 
3 9376 9333 9359 
3 9359 9333 9335 
3 9359 9335 9360 
3 9360 9335 9377 
3 9360 9377 9378 
3 9378 9377 9379 
3 9378 9379 8714 
3 9380 6741 9381 
3 9381 6741 9456 
3 9381 9456 9429 
3 9429 9456 9457 
3 9429 9457 9431 
3 9431 9457 9382 
3 9431 9382 9432 
3 9432 9382 9383 
3 9432 9383 9434 
3 9434 9383 9459 
3 9434 9459 9384 
3 9384 9459 9462 
3 9384 9462 9436 
3 9436 9462 9463 
3 9436 9463 9438 
3 9438 9463 9464 
3 9438 9464 9385 
3 9385 9464 9386 
3 9385 9386 9439 
3 9439 9386 9388 
3 9439 9388 9387 
3 9387 9388 9389 
3 9387 9389 9390 
3 9390 9389 9391 
3 9390 9391 9442 
3 9442 9391 9469 
3 9442 9469 9445 
3 9445 9469 9471 
3 9445 9471 9392 
3 9392 9471 9393 
3 9392 9393 9446 
3 9446 9393 9473 
3 9446 9473 9447 
3 9447 9473 9394 
3 9447 9394 9395 
3 9395 9394 9474 
3 9395 9474 9450 
3 9450 9474 9396 
3 9450 9396 9451 
3 9451 9396 9397 
3 9451 9397 9452 
3 9452 9397 9476 
3 9452 9476 9398 
3 9398 9476 9399 
3 9398 9399 9400 
3 9400 9399 9478 
3 9400 9478 9401 
3 9401 9478 9402 
3 9401 9402 8713 
3 9403 8766 8684 
3 8684 8766 9404 
3 8684 9404 9527 
3 9527 9404 9428 
3 9527 9428 9529 
3 9529 9428 9430 
3 9529 9430 9531 
3 9531 9430 9405 
3 9531 9405 9406 
3 9406 9405 9433 
3 9406 9433 9407 
3 9407 9433 9408 
3 9407 9408 9534 
3 9534 9408 9435 
3 9534 9435 9536 
3 9536 9435 9437 
3 9536 9437 9409 
3 9409 9437 9410 
3 9409 9410 9411 
3 9411 9410 9413 
3 9411 9413 9412 
3 9412 9413 9440 
3 9412 9440 9414 
3 9414 9440 9441 
3 9414 9441 9541 
3 9541 9441 9415 
3 9541 9415 9542 
3 9542 9415 9443 
3 9542 9443 9416 
3 9416 9443 9444 
3 9416 9444 9544 
3 9544 9444 9417 
3 9544 9417 9545 
3 9545 9417 9418 
3 9545 9418 9419 
3 9419 9418 9448 
3 9419 9448 9547 
3 9547 9448 9449 
3 9547 9449 9548 
3 9548 9449 9420 
3 9548 9420 9550 
3 9550 9420 9421 
3 9550 9421 9551 
3 9551 9421 9423 
3 9551 9423 9422 
3 9422 9423 9424 
3 9422 9424 9552 
3 9552 9424 9453 
3 9552 9453 9425 
3 9425 9453 9454 
3 9425 9454 9426 
3 9426 9454 10561 
3 9426 10561 10628 
3 6742 9427 9404 
3 9404 9427 9381 
3 9404 9381 9428 
3 9428 9381 9429 
3 9428 9429 9430 
3 9430 9429 9431 
3 9430 9431 9405 
3 9405 9431 9432 
3 9405 9432 9433 
3 9433 9432 9434 
3 9433 9434 9408 
3 9408 9434 9384 
3 9408 9384 9435 
3 9435 9384 9436 
3 9435 9436 9437 
3 9437 9436 9438 
3 9437 9438 9410 
3 9410 9438 9385 
3 9410 9385 9413 
3 9413 9385 9439 
3 9413 9439 9440 
3 9440 9439 9387 
3 9440 9387 9441 
3 9441 9387 9390 
3 9441 9390 9415 
3 9415 9390 9442 
3 9415 9442 9443 
3 9443 9442 9445 
3 9443 9445 9444 
3 9444 9445 9392 
3 9444 9392 9417 
3 9417 9392 9446 
3 9417 9446 9418 
3 9418 9446 9447 
3 9418 9447 9448 
3 9448 9447 9395 
3 9448 9395 9449 
3 9449 9395 9450 
3 9449 9450 9420 
3 9420 9450 9451 
3 9420 9451 9421 
3 9421 9451 9452 
3 9421 9452 9423 
3 9423 9452 9398 
3 9423 9398 9424 
3 9424 9398 9400 
3 9424 9400 9453 
3 9453 9400 9401 
3 9453 9401 9454 
3 9454 9401 10580 
3 9454 10580 9455 
3 6736 6737 9456 
3 9456 6737 8764 
3 9456 8764 9457 
3 9457 8764 9458 
3 9457 9458 9382 
3 9382 9458 9339 
3 9382 9339 9383 
3 9383 9339 9460 
3 9383 9460 9459 
3 9459 9460 9461 
3 9459 9461 9462 
3 9462 9461 9343 
3 9462 9343 9463 
3 9463 9343 9346 
3 9463 9346 9464 
3 9464 9346 9347 
3 9464 9347 9386 
3 9386 9347 9465 
3 9386 9465 9388 
3 9388 9465 9466 
3 9388 9466 9389 
3 9389 9466 9467 
3 9389 9467 9391 
3 9391 9467 9468 
3 9391 9468 9469 
3 9469 9468 9470 
3 9469 9470 9471 
3 9471 9470 9472 
3 9471 9472 9393 
3 9393 9472 9352 
3 9393 9352 9473 
3 9473 9352 9355 
3 9473 9355 9394 
3 9394 9355 9356 
3 9394 9356 9474 
3 9474 9356 9357 
3 9474 9357 9396 
3 9396 9357 9475 
3 9396 9475 9397 
3 9397 9475 9358 
3 9397 9358 9476 
3 9476 9358 9477 
3 9476 9477 9399 
3 9399 9477 9361 
3 9399 9361 9478 
3 9478 9361 10576 
3 9478 10576 9402 
3 7200 7199 9479 
3 9479 7199 8761 
3 9479 8761 9317 
3 9317 8761 9288 
3 9317 9288 9319 
3 9319 9288 9480 
3 9319 9480 9481 
3 9481 9480 9290 
3 9481 9290 9482 
3 9482 9290 9483 
3 9482 9483 9320 
3 9320 9483 9484 
3 9320 9484 9323 
3 9323 9484 9293 
3 9323 9293 9324 
3 9324 9293 9295 
3 9324 9295 9485 
3 9485 9295 9486 
3 9485 9486 9487 
3 9487 9486 9488 
3 9487 9488 9489 
3 9489 9488 9298 
3 9489 9298 9328 
3 9328 9298 9490 
3 9328 9490 9329 
3 9329 9490 9300 
3 9329 9300 9330 
3 9330 9300 9491 
3 9330 9491 9331 
3 9331 9491 9492 
3 9331 9492 9493 
3 9493 9492 9494 
3 9493 9494 9495 
3 9495 9494 9496 
3 9495 9496 9334 
3 9334 9496 9497 
3 9334 9497 9336 
3 9336 9497 10573 
3 9336 10573 8715 
3 8680 9499 9498 
3 9498 9499 9070 
3 9498 9070 9036 
3 9036 9070 9071 
3 9036 9071 9500 
3 9500 9071 9072 
3 9500 9072 9501 
3 9501 9072 9073 
3 9501 9073 9502 
3 9502 9073 9503 
3 9502 9503 9504 
3 9504 9503 9505 
3 9504 9505 9506 
3 9506 9505 9076 
3 9506 9076 9507 
3 9507 9076 9077 
3 9507 9077 9508 
3 9508 9077 9078 
3 9508 9078 9509 
3 9509 9078 9080 
3 9509 9080 9043 
3 9043 9080 9511 
3 9043 9511 9510 
3 9510 9511 9081 
3 9510 9081 9512 
3 9512 9081 9083 
3 9512 9083 9513 
3 9513 9083 9085 
3 9513 9085 9046 
3 9046 9085 9514 
3 9046 9514 9515 
3 9515 9514 9088 
3 9515 9088 9516 
3 9516 9088 9091 
3 9516 9091 9517 
3 9517 9091 9092 
3 9517 9092 9049 
3 9049 9092 9518 
3 9049 9518 9519 
3 9519 9518 9093 
3 9519 9093 9520 
3 9520 9093 9095 
3 9520 9095 9521 
3 9521 9095 9522 
3 9521 9522 9052 
3 9052 9522 9097 
3 9052 9097 9523 
3 9523 9097 8930 
3 9523 8930 9055 
3 9055 8930 8924 
3 9055 8924 9056 
3 9056 8924 9524 
3 9056 9524 9525 
3 6738 8683 9526 
3 9526 8683 8684 
3 9526 8684 8819 
3 8819 8684 9527 
3 8819 9527 9528 
3 9528 9527 9529 
3 9528 9529 9530 
3 9530 9529 9531 
3 9530 9531 8816 
3 8816 9531 9406 
3 8816 9406 9532 
3 9532 9406 9407 
3 9532 9407 9533 
3 9533 9407 9534 
3 9533 9534 8815 
3 8815 9534 9536 
3 8815 9536 9535 
3 9535 9536 9409 
3 9535 9409 9537 
3 9537 9409 9411 
3 9537 9411 9538 
3 9538 9411 9412 
3 9538 9412 9539 
3 9539 9412 9414 
3 9539 9414 9540 
3 9540 9414 9541 
3 9540 9541 9014 
3 9014 9541 9542 
3 9014 9542 9543 
3 9543 9542 9416 
3 9543 9416 8981 
3 8981 9416 9544 
3 8981 9544 8983 
3 8983 9544 9545 
3 8983 9545 9546 
3 9546 9545 9419 
3 9546 9419 8969 
3 8969 9419 9547 
3 8969 9547 9549 
3 9549 9547 9548 
3 9549 9548 8967 
3 8967 9548 9550 
3 8967 9550 8966 
3 8966 9550 9551 
3 8966 9551 8964 
3 8964 9551 9422 
3 8964 9422 8963 
3 8963 9422 9552 
3 8963 9552 8947 
3 8947 9552 9425 
3 8947 9425 8948 
3 8948 9425 9426 
3 8948 9426 8711 
3 8711 9426 9553 
3 8711 9553 8712 
3 9554 11151 4379 
3 4379 11151 9558 
3 4218 11151 3766 
3 3766 11151 9555 
3 4218 9556 11151 
3 11151 9556 4340 
3 11151 4340 4260 
3 4260 4316 11151 
3 11151 4316 9557 
3 11151 9557 9558 
3 8189 8190 9626 
3 9628 8193 9627 
3 10946 10945 9658 
3 9574 5610 9570 
3 11414 11250 9608 
3 9608 11250 9560 
3 9608 9560 9559 
3 9559 9560 11282 
3 9559 11282 11405 
3 9565 11429 9619 
3 9619 11429 9561 
3 9619 9561 9608 
3 9608 9561 11416 
3 9608 11416 11414 
3 9567 11251 9565 
3 9565 11251 9562 
3 9565 9562 11278 
3 11278 11281 9565 
3 9565 11281 11431 
3 9565 11431 11429 
3 9621 9563 9564 
3 9564 9563 11242 
3 9564 11242 11234 
3 11234 11233 9564 
3 9564 11233 11229 
3 9564 11229 9565 
3 9565 11229 9566 
3 9565 9566 9567 
3 9621 8197 9568 
3 11238 11239 9568 
3 9568 11239 11240 
3 9568 11240 9621 
3 9621 11240 11241 
3 9621 11241 11232 
3 11232 9569 9621 
3 9621 9569 11235 
3 9621 11235 9563 
3 9675 9570 9571 
3 9571 9570 5610 
3 9571 5610 8172 
3 9573 9572 5612 
3 5612 9572 9673 
3 5612 9673 5805 
3 9573 5779 9572 
3 9572 5779 5713 
3 9572 5713 9570 
3 9570 5713 5758 
3 9570 5758 9574 
3 9575 9576 9671 
3 9671 9576 9577 
3 9671 9577 9578 
3 9578 9577 5712 
3 9578 5712 9673 
3 9673 5712 9579 
3 9673 9579 5805 
3 9580 9581 9670 
3 9670 9581 9582 
3 9670 9582 9671 
3 9671 9582 5859 
3 9671 5859 9575 
3 9580 9670 5710 
3 5710 9670 9583 
3 5710 9583 9584 
3 9584 9583 9668 
3 9584 9668 5709 
3 9667 9587 9668 
3 9668 9587 9585 
3 9668 9585 5709 
3 9586 5708 9667 
3 9667 5708 5939 
3 9667 5939 9587 
3 2817 9586 9588 
3 9588 9586 9667 
3 9588 9667 9589 
3 9589 9667 10955 
3 10950 10958 9590 
3 9590 10958 10957 
3 9590 10957 10955 
3 10946 9658 9591 
3 9592 10949 9593 
3 9593 10949 10948 
3 9593 10948 9591 
3 9594 9595 10942 
3 9595 9594 9596 
3 9596 9594 9616 
3 9596 9616 9644 
3 9637 9597 9598 
3 9598 9597 9599 
3 9598 9599 9644 
3 9630 10932 9600 
3 9600 10932 9601 
3 9600 9601 9602 
3 10928 9603 9623 
3 9623 9603 9622 
3 9622 10935 9604 
3 9604 10935 10936 
3 9604 10936 9631 
3 9631 10936 9605 
3 9631 9605 9630 
3 9606 9607 9619 
3 9619 9607 10929 
3 9559 10908 9608 
3 9608 10908 10907 
3 9608 10907 9619 
3 9619 10907 10910 
3 9619 10910 9606 
3 9609 8107 8105 
3 9609 9643 9610 
3 9609 9610 9654 
3 9654 9610 9611 
3 9654 9611 9612 
3 9612 9611 9647 
3 9612 9647 9613 
3 9613 9647 9646 
3 9613 9646 9614 
3 9614 9646 9615 
3 9614 9615 9650 
3 9650 9615 9616 
3 9650 9616 9617 
3 9617 9616 9594 
3 9617 9594 9593 
3 9593 9594 10942 
3 9593 10942 9592 
3 10928 9623 10929 
3 10929 9623 9618 
3 10929 9618 9619 
3 9619 9618 9620 
3 9619 9620 9565 
3 9565 9620 9625 
3 9565 9625 9564 
3 9564 9625 9627 
3 9564 9627 9621 
3 9621 9627 8193 
3 9621 8193 8197 
3 9622 9604 9623 
3 9623 9604 9632 
3 9623 9632 9618 
3 9618 9632 9624 
3 9618 9624 9620 
3 9620 9624 9635 
3 9620 9635 9625 
3 9625 9635 9626 
3 9625 9626 9627 
3 9627 9626 8190 
3 9627 8190 9628 
3 9636 9629 8083 
3 9630 9600 9631 
3 9631 9600 9638 
3 9631 9638 9604 
3 9604 9638 9633 
3 9604 9633 9632 
3 9632 9633 9634 
3 9632 9634 9624 
3 9624 9634 9641 
3 9624 9641 9635 
3 9635 9641 9636 
3 9635 9636 9626 
3 9626 9636 8083 
3 9626 8083 8189 
3 9642 8073 8072 
3 9637 9598 9602 
3 9602 9598 9645 
3 9602 9645 9600 
3 9600 9645 9639 
3 9600 9639 9638 
3 9638 9639 9648 
3 9638 9648 9633 
3 9633 9648 9640 
3 9633 9640 9634 
3 9634 9640 9649 
3 9634 9649 9641 
3 9641 9649 9642 
3 9641 9642 9636 
3 9636 9642 8072 
3 9636 8072 9629 
3 9609 8105 9643 
3 9643 8105 8104 
3 9643 8104 8075 
3 9644 9616 9598 
3 9598 9616 9615 
3 9598 9615 9645 
3 9645 9615 9646 
3 9645 9646 9639 
3 9639 9646 9647 
3 9639 9647 9648 
3 9648 9647 9611 
3 9648 9611 9640 
3 9640 9611 9610 
3 9640 9610 9649 
3 9649 9610 9643 
3 9649 9643 9642 
3 9642 9643 8075 
3 9642 8075 8073 
3 9655 8109 8108 
3 9591 9658 9593 
3 9593 9658 9661 
3 9593 9661 9617 
3 9617 9661 9662 
3 9617 9662 9650 
3 9650 9662 9651 
3 9650 9651 9614 
3 9614 9651 9652 
3 9614 9652 9613 
3 9613 9652 9664 
3 9613 9664 9612 
3 9612 9664 9653 
3 9612 9653 9654 
3 9654 9653 9655 
3 9654 9655 9609 
3 9609 9655 8108 
3 9609 8108 8107 
3 9656 9657 9666 
3 9666 9657 8168 
3 10950 9590 10945 
3 10945 9590 9659 
3 10945 9659 9658 
3 9658 9659 9660 
3 9658 9660 9661 
3 9661 9660 9669 
3 9661 9669 9662 
3 9662 9669 9672 
3 9662 9672 9651 
3 9651 9672 9663 
3 9651 9663 9652 
3 9652 9663 9674 
3 9652 9674 9664 
3 9664 9674 9665 
3 9664 9665 9653 
3 9653 9665 9666 
3 9653 9666 9655 
3 9655 9666 8168 
3 9655 8168 8109 
3 10955 9667 9590 
3 9590 9667 9668 
3 9590 9668 9659 
3 9659 9668 9583 
3 9659 9583 9660 
3 9660 9583 9670 
3 9660 9670 9669 
3 9669 9670 9671 
3 9669 9671 9672 
3 9672 9671 9578 
3 9672 9578 9663 
3 9663 9578 9673 
3 9663 9673 9674 
3 9674 9673 9572 
3 9674 9572 9665 
3 9665 9572 9570 
3 9665 9570 9666 
3 9666 9570 9675 
3 9666 9675 9656 
3 9676 3259 9921 
3 9921 3259 3260 
3 9921 3260 9677 
3 3227 3228 9687 
3 3398 9678 9885 
3 9885 9678 3399 
3 9885 3399 6326 
3 9684 3342 3336 
3 3336 3342 9679 
3 3336 9679 3344 
3 6303 6309 6305 
3 6305 6309 6307 
3 6305 6307 9680 
3 6307 3253 9680 
3 9680 3253 3255 
3 9680 3255 9921 
3 9921 3255 3257 
3 9921 3257 9676 
3 8410 9681 6319 
3 6319 9681 9682 
3 6319 9682 9683 
3 9682 3337 9683 
3 9683 3337 3338 
3 9683 3338 3336 
3 3336 3338 3339 
3 3336 3339 9684 
3 9885 9694 3394 
3 3292 3294 3289 
3 3289 3294 3295 
3 3289 3295 3296 
3 8278 9685 9686 
3 9686 9685 6301 
3 9686 6301 3221 
3 3221 6301 9688 
3 3221 9688 9687 
3 9687 9688 9689 
3 9687 9689 9690 
3 9690 3225 9687 
3 9687 3225 9691 
3 9687 9691 3227 
3 9731 9724 9692 
3 9692 9724 6320 
3 9692 6320 3355 
3 3389 3391 9726 
3 9726 3391 3392 
3 9726 3392 9885 
3 9885 3392 9693 
3 9885 9693 9694 
3 6326 8444 9885 
3 9885 8444 8449 
3 9885 8449 9695 
3 8328 8330 6303 
3 6303 8330 8331 
3 6303 8331 6309 
3 3209 3210 9696 
3 9696 3210 3211 
3 9696 3211 3212 
3 8352 9730 9697 
3 9697 9730 6314 
3 9697 6314 3290 
3 6314 9698 3290 
3 3290 9698 9699 
3 3290 9699 3289 
3 3289 9699 9700 
3 3289 9700 3292 
3 9695 8446 9885 
3 9885 8446 8451 
3 9885 8451 9701 
3 8423 8424 8410 
3 8410 8424 8425 
3 8410 8425 9681 
3 8328 6303 9702 
3 9702 6303 9703 
3 9702 9703 8318 
3 9721 3277 9704 
3 9704 3277 9705 
3 9704 9705 9706 
3 8263 6299 9707 
3 9707 6299 9708 
3 9707 9708 3203 
3 9708 9709 3203 
3 3203 9709 3207 
3 3203 3207 9696 
3 9696 3207 3208 
3 9696 3208 3209 
3 3385 3386 9726 
3 9726 3386 3387 
3 9726 3387 3389 
3 3394 9710 9885 
3 9885 9710 9711 
3 9885 9711 3395 
3 8423 8410 9712 
3 9712 8410 8411 
3 9712 8411 8412 
3 9713 9714 9715 
3 9715 9714 9716 
3 9715 9716 9884 
3 9717 9953 9987 
3 9987 10002 9717 
3 9717 10002 10004 
3 9717 10004 9718 
3 9718 10004 8207 
3 9718 8207 9719 
3 9719 8207 8219 
3 9749 9751 3273 
3 3273 9751 6310 
3 3273 6310 3271 
3 6310 9720 3271 
3 3271 9720 3275 
3 3271 3275 9704 
3 9704 3275 3276 
3 9704 3276 9721 
3 8295 8297 8278 
3 8278 8297 8298 
3 8278 8298 9685 
3 9722 8443 9731 
3 9731 8443 9723 
3 9731 9723 9724 
3 6320 9725 3355 
3 3355 9725 3383 
3 3355 3383 9726 
3 9726 3383 3384 
3 9726 3384 3385 
3 3395 9727 9885 
3 9885 9727 3397 
3 9885 3397 3398 
3 9953 9717 9713 
3 9713 9717 8223 
3 9713 8223 8224 
3 3173 9728 9737 
3 9737 9728 3174 
3 9737 3174 3175 
3 9739 9729 8352 
3 8352 9729 8370 
3 8352 8370 9730 
3 8295 8278 8293 
3 8293 8278 8280 
3 8293 8280 8281 
3 9722 9731 9809 
3 9809 9731 8428 
3 9809 8428 8429 
3 3192 9732 3185 
3 3185 9732 9733 
3 3185 9733 9734 
3 8228 9772 3166 
3 3166 9772 3167 
3 3166 3167 9736 
3 3167 9735 9736 
3 9736 9735 3170 
3 9736 3170 9737 
3 9737 3170 3172 
3 9737 3172 3173 
3 9752 9738 8263 
3 8263 9738 8277 
3 8263 8277 6299 
3 9739 8352 9740 
3 9740 8352 8355 
3 9740 8355 9741 
3 8224 9742 9713 
3 9713 9742 9743 
3 9713 9743 9714 
3 8201 9744 8207 
3 8207 9744 8217 
3 8207 8217 9761 
3 9759 3243 3236 
3 3236 3243 3244 
3 3236 3244 9894 
3 9797 8261 9745 
3 9745 8261 3188 
3 9745 3188 9746 
3 3188 3190 9746 
3 9746 3190 9747 
3 9746 9747 3185 
3 3185 9747 9748 
3 3185 9748 3192 
3 8347 8348 9749 
3 9749 8348 9750 
3 9749 9750 9751 
3 9752 8263 9753 
3 9753 8263 8266 
3 9753 8266 8267 
3 9716 3149 9884 
3 9884 3149 3151 
3 9884 3151 9754 
3 9755 3324 9756 
3 9756 3324 3325 
3 9756 3325 3326 
3 9799 6302 3238 
3 3238 6302 3240 
3 3238 3240 9757 
3 3240 3241 9757 
3 9757 3241 9758 
3 9757 9758 3236 
3 3236 9758 3242 
3 3236 3242 9759 
3 8347 9749 9829 
3 9829 9749 9760 
3 9829 9760 8334 
3 9761 9762 8207 
3 8207 9762 9763 
3 8207 9763 8219 
3 3311 9764 9787 
3 9787 9764 3313 
3 9787 3313 9765 
3 9766 9767 9768 
3 9768 9767 3320 
3 9768 3320 9769 
3 3320 3321 9769 
3 9769 3321 3322 
3 9769 3322 9756 
3 9756 3322 9770 
3 9756 9770 9755 
3 8243 8244 8228 
3 8228 8244 9771 
3 8228 9771 9772 
3 8318 9773 9702 
3 9702 9773 8322 
3 9702 8322 9774 
3 9774 8322 8320 
3 9774 8320 9776 
3 9776 8320 9775 
3 9776 9775 9777 
3 9777 9775 9778 
3 9777 9778 8325 
3 8325 9778 9779 
3 8325 9779 9780 
3 9780 9779 9781 
3 9780 9781 8324 
3 9782 9783 9784 
3 9784 9783 6315 
3 9784 6315 9785 
3 6315 9786 9785 
3 9785 9786 3308 
3 9785 3308 9787 
3 9787 3308 3310 
3 9787 3310 3311 
3 9796 9788 9797 
3 9797 9788 9789 
3 9797 9789 8261 
3 8243 8228 8241 
3 8241 8228 8230 
3 8241 8230 8231 
3 8412 8413 9712 
3 9712 8413 9790 
3 9712 9790 8420 
3 8420 9790 9791 
3 8420 9791 8419 
3 8419 9791 9792 
3 8419 9792 8418 
3 8418 9792 8408 
3 8418 8408 9793 
3 9793 8408 8407 
3 9793 8407 8417 
3 8417 8407 9794 
3 8417 9794 8414 
3 8314 9795 9799 
3 9799 9795 8316 
3 9799 8316 6302 
3 9796 9797 9849 
3 9849 9797 8247 
3 9849 8247 9798 
3 8403 8404 9766 
3 9766 8404 8406 
3 9766 8406 9767 
3 8314 9799 9801 
3 9801 9799 9800 
3 9801 9800 8302 
3 8281 8282 8293 
3 8293 8282 9802 
3 8293 9802 8292 
3 8292 9802 8284 
3 8292 8284 8291 
3 8291 8284 9803 
3 8291 9803 9804 
3 9804 9803 9805 
3 9804 9805 9806 
3 9806 9805 9807 
3 9806 9807 8288 
3 8288 9807 8286 
3 8288 8286 8287 
3 8429 9808 9809 
3 9809 9808 8432 
3 9809 8432 8441 
3 8441 8432 9810 
3 8441 9810 8439 
3 8439 9810 8431 
3 8439 8431 9812 
3 9812 8431 9811 
3 9812 9811 8437 
3 8437 9811 8434 
3 8437 8434 8436 
3 8436 8434 9813 
3 8436 9813 8435 
3 8386 8388 9782 
3 9782 8388 9814 
3 9782 9814 9783 
3 8403 9766 9866 
3 9866 9766 8392 
3 9866 8392 9815 
3 9741 8357 9740 
3 9740 8357 8359 
3 9740 8359 8366 
3 8366 8359 9816 
3 8366 9816 8365 
3 8365 9816 9817 
3 8365 9817 8364 
3 8364 9817 8351 
3 8364 8351 9818 
3 9818 8351 8360 
3 9818 8360 9819 
3 9819 8360 9820 
3 9819 9820 8362 
3 3344 3345 3336 
3 3336 3345 3346 
3 3336 3346 3335 
3 8386 9782 9821 
3 9821 9782 8374 
3 9821 8374 9875 
3 8267 8269 9753 
3 9753 8269 8270 
3 9753 8270 8275 
3 8275 8270 9822 
3 8275 9822 9824 
3 9824 9822 9823 
3 9824 9823 9825 
3 9825 9823 9827 
3 9825 9827 9826 
3 9826 9827 8262 
3 9826 8262 9828 
3 9828 8262 8271 
3 9828 8271 8273 
3 8334 9830 9829 
3 9829 9830 8337 
3 9829 8337 9831 
3 9831 8337 9832 
3 9831 9832 9833 
3 9833 9832 9835 
3 9833 9835 9834 
3 9834 9835 8332 
3 9834 8332 8343 
3 8343 8332 8338 
3 8343 8338 9836 
3 9836 8338 8340 
3 9836 8340 8341 
3 9837 9838 9885 
3 9885 9838 3349 
3 3349 9839 9885 
3 9885 9839 3350 
3 9885 3350 9840 
3 9840 9841 9885 
3 9885 9841 3352 
3 9885 3352 9726 
3 8231 8232 8241 
3 8241 8232 9843 
3 8241 9843 9842 
3 9842 9843 9844 
3 9842 9844 8239 
3 8239 9844 8233 
3 8239 8233 8238 
3 8238 8233 9845 
3 8238 9845 9846 
3 9846 9845 8234 
3 9846 8234 9847 
3 9847 8234 8235 
3 9847 8235 9848 
3 9798 8253 9849 
3 9849 8253 9851 
3 9849 9851 9850 
3 9850 9851 8251 
3 9850 8251 9852 
3 9852 8251 9853 
3 9852 9853 9854 
3 9854 9853 8249 
3 9854 8249 8257 
3 8257 8249 8254 
3 8257 8254 9855 
3 9855 8254 8255 
3 9855 8255 8256 
3 8302 8304 9801 
3 9801 8304 9857 
3 9801 9857 9856 
3 9856 9857 9858 
3 9856 9858 8312 
3 8312 9858 9859 
3 8312 9859 8310 
3 8310 9859 9860 
3 8310 9860 9861 
3 9861 9860 9863 
3 9861 9863 9862 
3 9862 9863 8306 
3 9862 8306 8307 
3 3153 9864 9884 
3 9884 9864 9865 
3 9884 9865 9883 
3 9815 8397 9866 
3 9866 8397 9867 
3 9866 9867 8402 
3 8402 9867 8395 
3 8402 8395 9868 
3 9868 8395 9869 
3 9868 9869 9870 
3 9870 9869 9871 
3 9870 9871 8400 
3 8400 9871 8391 
3 8400 8391 9872 
3 9872 8391 9873 
3 9872 9873 8399 
3 9874 3159 3180 
3 9875 8377 9821 
3 9821 8377 9876 
3 9821 9876 9877 
3 9877 9876 8380 
3 9877 8380 8384 
3 8384 8380 9878 
3 8384 9878 8382 
3 8382 9878 8378 
3 8382 8378 9879 
3 9879 8378 8371 
3 9879 8371 9880 
3 9880 8371 9881 
3 9880 9881 9882 
3 9883 3157 9884 
3 9884 3157 9874 
3 9884 9874 9885 
3 9885 9874 3180 
3 9885 3180 3181 
3 3159 3160 3180 
3 3180 3160 3162 
3 3180 3162 9891 
3 3198 3199 9893 
3 9893 3199 9886 
3 9754 9887 9884 
3 9884 9887 9888 
3 9884 9888 3153 
3 3175 3177 9737 
3 9737 3177 9889 
3 9737 9889 9890 
3 9890 9889 3180 
3 9890 3180 3164 
3 3164 3180 9891 
3 3232 3233 9946 
3 9946 3233 9897 
3 3212 9892 9696 
3 9696 9892 3214 
3 9696 3214 3202 
3 3202 3214 9893 
3 3202 9893 3200 
3 3200 9893 9886 
3 9903 3215 3216 
3 3346 9837 3335 
3 3335 9837 9885 
3 3335 9885 3333 
3 9894 3245 3236 
3 3236 3245 9895 
3 3236 9895 9896 
3 9896 9895 9946 
3 9896 9946 3234 
3 3234 9946 9897 
3 3216 9898 9903 
3 9903 9898 3217 
3 9903 3217 9899 
3 9943 3282 9944 
3 9900 9901 9923 
3 9923 9901 9924 
3 3228 3229 9687 
3 9687 3229 3230 
3 9687 3230 9902 
3 9902 3230 9903 
3 9902 9903 3220 
3 3220 9903 9899 
3 3282 3283 9944 
3 9944 3283 3285 
3 9944 3285 9927 
3 9904 3301 9905 
3 9905 3301 3302 
3 9905 3302 9906 
3 3315 9935 9907 
3 9907 9935 9885 
3 9907 9885 9905 
3 3315 9908 9935 
3 9935 9908 9909 
3 9935 9909 9910 
3 9935 3329 9885 
3 9885 3329 9911 
3 9885 9911 9912 
3 9916 9913 9893 
3 9893 9913 9914 
3 9893 9914 3198 
3 9947 9915 9916 
3 9916 9915 9917 
3 9916 9917 9918 
3 9948 3267 9939 
3 9939 3267 9919 
3 9939 9919 9941 
3 9677 9920 9921 
3 9921 9920 3263 
3 9921 3263 3252 
3 3252 3263 9923 
3 3252 9923 9922 
3 9922 9923 9924 
3 3296 3298 3289 
3 3289 3298 9925 
3 3289 9925 9926 
3 9926 9925 9944 
3 9926 9944 3287 
3 3287 9944 9927 
3 9765 9928 9787 
3 9787 9928 9929 
3 9787 9929 9930 
3 9930 9929 9905 
3 9930 9905 9931 
3 9931 9905 9906 
3 3326 9932 9756 
3 9756 9932 9933 
3 9756 9933 9934 
3 9934 9933 9935 
3 9934 9935 3318 
3 3318 9935 9910 
3 9912 3331 9885 
3 9885 3331 9936 
3 9885 9936 3333 
3 9734 3194 3185 
3 3185 3194 3195 
3 3185 3195 9937 
3 9937 3195 9916 
3 9937 9916 3183 
3 3183 9916 9918 
3 9706 3279 9704 
3 9704 3279 9938 
3 9704 9938 3269 
3 3269 9938 9939 
3 3269 9939 9940 
3 9940 9939 9941 
3 9903 3231 9946 
3 9946 3231 9942 
3 9946 9942 3232 
3 9939 9943 9885 
3 9885 9943 9944 
3 9885 9944 9905 
3 9905 9944 9945 
3 9905 9945 9904 
3 9946 3247 9923 
3 9923 3247 3248 
3 9923 3248 9900 
3 3215 9903 9893 
3 9893 9903 9885 
3 9893 9885 9916 
3 9916 9885 3181 
3 9916 3181 9947 
3 9903 9946 9885 
3 9885 9946 9923 
3 9885 9923 9939 
3 9939 9923 3264 
3 9939 3264 9948 
3 10961 10008 10006 
3 10956 10954 10010 
3 9949 9984 9950 
3 10933 9951 9972 
3 9969 9952 9968 
3 9987 9953 9954 
3 9954 9953 9713 
3 9954 9713 10962 
3 10962 9713 9715 
3 10962 9715 9884 
3 10003 9956 9955 
3 9955 9956 10001 
3 9959 8476 9957 
3 9957 8476 9958 
3 9957 9958 10001 
3 10001 9958 8482 
3 10001 8482 9955 
3 10015 8475 9959 
3 9959 8475 9960 
3 9959 9960 8476 
3 10023 8473 10022 
3 10022 8473 8472 
3 9990 8484 9961 
3 9961 8484 9962 
3 9963 9965 9964 
3 9964 9965 9966 
3 9964 9966 8486 
3 9969 10044 9952 
3 9952 10044 10045 
3 9952 10045 9965 
3 9965 10045 10046 
3 9965 10046 9966 
3 10026 10038 9968 
3 9968 10038 9967 
3 9968 9967 9969 
3 9970 10042 10025 
3 10025 10042 10041 
3 10025 10041 10026 
3 10026 10041 10040 
3 10026 10040 10038 
3 9970 10025 10036 
3 10036 10025 9973 
3 10036 9973 9971 
3 9951 10032 9972 
3 9972 10032 10029 
3 9972 10029 9973 
3 9973 10029 10030 
3 9973 10030 9971 
3 9951 10931 10032 
3 10032 10931 9974 
3 10032 9974 10031 
3 10031 9974 10930 
3 9975 9976 10934 
3 9981 10939 9998 
3 9998 10939 10937 
3 9998 10937 10938 
3 9982 10943 10016 
3 10016 10943 9977 
3 9977 10941 9979 
3 9979 10941 9978 
3 9979 9978 9980 
3 9980 9978 10940 
3 9980 10940 9981 
3 9982 10016 9983 
3 9983 10016 10013 
3 9983 10013 10944 
3 9949 10951 9984 
3 9984 10951 10947 
3 9984 10947 10014 
3 10014 10947 9985 
3 10014 9985 10944 
3 10010 10954 9986 
3 9986 10954 10953 
3 9986 10953 10952 
3 10008 10961 10010 
3 10010 10961 10960 
3 10010 10960 10956 
3 10962 10005 9954 
3 9954 10005 10007 
3 9954 10007 9987 
3 9987 10007 10002 
3 10014 9988 9984 
3 9984 9988 10012 
3 9984 10012 9950 
3 9950 10012 9986 
3 9950 9986 9989 
3 9989 9986 10952 
3 9990 9961 10028 
3 10028 9961 9991 
3 10028 9991 10027 
3 10027 9991 9992 
3 10027 9992 9993 
3 9993 9992 9995 
3 9993 9995 9994 
3 9994 9995 9996 
3 9994 9996 9997 
3 9997 9996 9998 
3 9997 9998 9975 
3 9975 9998 10938 
3 9975 10938 9976 
3 10011 10015 9999 
3 9999 10015 9959 
3 9999 9959 10000 
3 10000 9959 9957 
3 10000 9957 10009 
3 10009 9957 10001 
3 10009 10001 10007 
3 10007 10001 9956 
3 10007 9956 10002 
3 10002 9956 10003 
3 10002 10003 10004 
3 10005 10006 10007 
3 10007 10006 10008 
3 10007 10008 10009 
3 10009 10008 10010 
3 10009 10010 10000 
3 10000 10010 9986 
3 10000 9986 9999 
3 9999 9986 10012 
3 9999 10012 10011 
3 10011 10012 9988 
3 10944 10013 10014 
3 10014 10013 10018 
3 10014 10018 9988 
3 9988 10018 10019 
3 9988 10019 10011 
3 10011 10019 10022 
3 10011 10022 10015 
3 10015 10022 8472 
3 10015 8472 8475 
3 9977 9979 10016 
3 10016 9979 10024 
3 10016 10024 10013 
3 10013 10024 10017 
3 10013 10017 10018 
3 10018 10017 10020 
3 10018 10020 10019 
3 10019 10020 10021 
3 10019 10021 10022 
3 10022 10021 8478 
3 10022 8478 10023 
3 9981 9998 9980 
3 9980 9998 9996 
3 9980 9996 9979 
3 9979 9996 9995 
3 9979 9995 10024 
3 10024 9995 9992 
3 10024 9992 10017 
3 10017 9992 9991 
3 10017 9991 10020 
3 10020 9991 9961 
3 10020 9961 10021 
3 10021 9961 9962 
3 10021 9962 8478 
3 10933 9972 10934 
3 10934 9972 9973 
3 10934 9973 9975 
3 9975 9973 10025 
3 9975 10025 9997 
3 9997 10025 10026 
3 9997 10026 9994 
3 9994 10026 9968 
3 9994 9968 9993 
3 9993 9968 9952 
3 9993 9952 10027 
3 10027 9952 9965 
3 10027 9965 10028 
3 10028 9965 9963 
3 10028 9963 9990 
3 10030 10029 10033 
3 6611 10035 9971 
3 10030 10033 9971 
3 9971 10033 6612 
3 9971 6612 6611 
3 10930 10927 10031 
3 10031 10927 10033 
3 10031 10033 10032 
3 10032 10033 10029 
3 6624 10042 10034 
3 10034 10042 9970 
3 10034 9970 10035 
3 10035 9970 10036 
3 10035 10036 9971 
3 9969 9967 10037 
3 10037 9967 10038 
3 10037 10038 10039 
3 10039 10038 10040 
3 10039 10040 6624 
3 6624 10040 10041 
3 6624 10041 10042 
3 10037 6646 9969 
3 9969 6646 10043 
3 9969 10043 10044 
3 10044 10043 10047 
3 10044 10047 10045 
3 10045 10047 10046 
3 10046 10047 8487 
3 10046 8487 9966 
3 10926 11056 10052 
3 10052 11056 10048 
3 10052 10048 10049 
3 10052 8622 8555 
3 10964 10050 10985 
3 10985 10050 10049 
3 10985 10049 10051 
3 8594 8591 10052 
3 10052 8591 10053 
3 10052 10053 8622 
3 8555 10054 10052 
3 10052 10054 10055 
3 10052 10055 7440 
3 10050 11001 10049 
3 10049 11001 10056 
3 10049 10056 10052 
3 10052 10056 8592 
3 10052 8592 8594 
3 8640 3706 11021 
3 11021 3706 8537 
3 11021 8537 11022 
3 11022 8537 10057 
3 11022 10057 10058 
3 10058 10057 8538 
3 10058 8538 10999 
3 10999 8538 10059 
3 10999 10059 11000 
3 11000 10059 10060 
3 11000 10060 10062 
3 10060 10061 10062 
3 10062 10061 10063 
3 10062 10063 10064 
3 10064 10063 10065 
3 10064 10065 10997 
3 10997 10065 10066 
3 10997 10066 10998 
3 10998 10066 10067 
3 10998 10067 10068 
3 10068 10067 8545 
3 10068 8545 10993 
3 10993 8545 10069 
3 10993 10069 10994 
3 10994 10069 10070 
3 10994 10070 10991 
3 10991 10070 10071 
3 10991 10071 10992 
3 10992 10071 8549 
3 10992 8549 10990 
3 10072 10989 8551 
3 8551 10989 10990 
3 8551 10990 10073 
3 10073 10990 8549 
3 10056 11001 8593 
3 8593 11001 10074 
3 8593 10074 10072 
3 10072 10074 10075 
3 10072 10075 10989 
3 10225 10224 10209 
3 10209 10224 10210 
3 10208 10226 10207 
3 10161 10163 10190 
3 10076 10078 10077 
3 10077 10078 10137 
3 10217 10130 10216 
3 10079 10080 10142 
3 11527 10220 10135 
3 10121 10203 10081 
3 10194 3660 10195 
3 3675 10213 10090 
3 3676 10146 10082 
3 10083 10084 10153 
3 3657 10303 10150 
3 3657 10086 10085 
3 10085 10086 10149 
3 10087 3678 10154 
3 10154 3678 10088 
3 10083 10153 10089 
3 3675 10090 3673 
3 3673 10090 10091 
3 3673 10091 3669 
3 3668 10092 10191 
3 10191 10092 3672 
3 10191 3672 10091 
3 10091 3672 3671 
3 10091 3671 3669 
3 3668 10191 3667 
3 3667 10191 10093 
3 3667 10093 3664 
3 3664 10093 10094 
3 10094 10093 10099 
3 10094 10099 3665 
3 3661 10096 10095 
3 10095 10096 10097 
3 10095 10097 10098 
3 3660 3661 10195 
3 10195 3661 10095 
3 10195 10095 10196 
3 10196 10095 10098 
3 10196 10098 10099 
3 10099 10098 3666 
3 10099 3666 3665 
3 10100 10101 10170 
3 10170 10101 3889 
3 10102 10103 10168 
3 10168 10103 10169 
3 10173 9554 10104 
3 10174 10750 10173 
3 10750 10174 10106 
3 10106 10174 10105 
3 10106 10105 10754 
3 10754 10105 10175 
3 10754 10175 10107 
3 10107 10175 10176 
3 10107 10176 10108 
3 10108 10176 10178 
3 10108 10178 10109 
3 10109 10178 10110 
3 10110 10178 10111 
3 10110 10111 10112 
3 10112 10111 10115 
3 10112 10115 10113 
3 10762 10114 10117 
3 10117 10114 10760 
3 10117 10760 10204 
3 10204 10760 10759 
3 10204 10759 10115 
3 10115 10759 10116 
3 10115 10116 10113 
3 10762 10117 10118 
3 10118 10117 10119 
3 10118 10119 10120 
3 10228 10229 10121 
3 11534 10122 10208 
3 10208 10122 11533 
3 10208 11533 10226 
3 10226 11533 10123 
3 10226 10123 10227 
3 10227 10123 11532 
3 10227 11532 10124 
3 10210 10125 11537 
3 10125 10210 10126 
3 10126 10210 10221 
3 10126 10221 11526 
3 11524 11530 10166 
3 11522 10127 10128 
3 10128 10127 11525 
3 10128 11525 10129 
3 10131 11518 10217 
3 10217 11518 11523 
3 10217 11523 10130 
3 10130 11523 10144 
3 10217 10219 10131 
3 10131 10219 10133 
3 10131 10133 10132 
3 10132 10133 10134 
3 10222 10164 10135 
3 10135 10164 10136 
3 10135 10136 11527 
3 11527 10136 11528 
3 10137 10192 10198 
3 10198 10192 10140 
3 10198 10140 10199 
3 10199 10140 10128 
3 10199 10128 10138 
3 10138 10128 10129 
3 10192 10139 10140 
3 10140 10139 10141 
3 10140 10141 10128 
3 10128 10141 10142 
3 10128 10142 11522 
3 11522 10142 10080 
3 10139 10193 10141 
3 10141 10193 10215 
3 10141 10215 10142 
3 10142 10215 10216 
3 10142 10216 10079 
3 10079 10216 10130 
3 10079 10130 10143 
3 10143 10130 10144 
3 10155 10302 10145 
3 10146 10089 10082 
3 10082 10089 10153 
3 10082 10153 10214 
3 10214 10153 10147 
3 10214 10147 10148 
3 10148 10147 10155 
3 10148 10155 10218 
3 10218 10155 10145 
3 10152 10154 10086 
3 10086 10154 10088 
3 10086 10088 10149 
3 3657 10150 10086 
3 10086 10150 10151 
3 10086 10151 10152 
3 10151 10304 10152 
3 10152 10304 10305 
3 10152 10305 10156 
3 10084 10087 10153 
3 10153 10087 10154 
3 10153 10154 10147 
3 10147 10154 10152 
3 10147 10152 10155 
3 10155 10152 10156 
3 10155 10156 10302 
3 10222 10223 10157 
3 10157 10223 10158 
3 10157 10158 10163 
3 10165 10159 10160 
3 10160 10159 10161 
3 10160 10161 10162 
3 10162 10161 10190 
3 10162 10190 10197 
3 10163 10161 10157 
3 10157 10161 10159 
3 10157 10159 10222 
3 10222 10159 10165 
3 10222 10165 10164 
3 10164 10165 10166 
3 10164 10166 10136 
3 10136 10166 11530 
3 10136 11530 11528 
3 10167 10168 10171 
3 10171 10168 10169 
3 10171 10169 10172 
3 10182 10167 10180 
3 10180 10167 10171 
3 10180 10171 10170 
3 10170 10171 10172 
3 10170 10172 10100 
3 10104 10102 10173 
3 10173 10102 10168 
3 10173 10168 10174 
3 10174 10168 10167 
3 10174 10167 10105 
3 10105 10167 10182 
3 10105 10182 10175 
3 10175 10182 10177 
3 10175 10177 10176 
3 10176 10177 10179 
3 10176 10179 10178 
3 10178 10179 10186 
3 10178 10186 10111 
3 10170 10181 10180 
3 10180 10181 10183 
3 10180 10183 10182 
3 10182 10183 10189 
3 10182 10189 10177 
3 10177 10189 10184 
3 10177 10184 10179 
3 10179 10184 10185 
3 10179 10185 10186 
3 10186 10185 10187 
3 10186 10187 10111 
3 10181 10188 10183 
3 10183 10188 10197 
3 10183 10197 10189 
3 10189 10197 10190 
3 10189 10190 10184 
3 10184 10190 10163 
3 10184 10163 10185 
3 10185 10163 10158 
3 10185 10158 10187 
3 10076 10099 10078 
3 10078 10099 10093 
3 10078 10093 10137 
3 10137 10093 10191 
3 10137 10191 10192 
3 10192 10191 10091 
3 10192 10091 10139 
3 10139 10091 10090 
3 10139 10090 10193 
3 3889 10194 10170 
3 10170 10194 10195 
3 10170 10195 10181 
3 10181 10195 10196 
3 10181 10196 10188 
3 10188 10196 10099 
3 10188 10099 10197 
3 10197 10099 10076 
3 10197 10076 10162 
3 10162 10076 10077 
3 10162 10077 10160 
3 10160 10077 10137 
3 10160 10137 10165 
3 10165 10137 10198 
3 10165 10198 10166 
3 10166 10198 10199 
3 10166 10199 11524 
3 11524 10199 10138 
3 10121 10081 10228 
3 10228 10081 10205 
3 10228 10205 10200 
3 10200 10205 10201 
3 10200 10201 10206 
3 11531 10120 10202 
3 10202 10120 10119 
3 10202 10119 10203 
3 10203 10119 10117 
3 10203 10117 10081 
3 10081 10117 10204 
3 10081 10204 10205 
3 10205 10204 10115 
3 10205 10115 10201 
3 10201 10115 10111 
3 10201 10111 10206 
3 10206 10111 10187 
3 10207 10225 10208 
3 10208 10225 10209 
3 10208 10209 11534 
3 11534 10209 10210 
3 11534 10210 10211 
3 10211 10210 11537 
3 10145 10212 10218 
3 10218 10212 10299 
3 10218 10299 10298 
3 10213 3676 10090 
3 10090 3676 10082 
3 10090 10082 10193 
3 10193 10082 10214 
3 10193 10214 10215 
3 10215 10214 10148 
3 10215 10148 10216 
3 10216 10148 10218 
3 10216 10218 10217 
3 10217 10218 10298 
3 10217 10298 10219 
3 10220 11526 10135 
3 10135 11526 10221 
3 10135 10221 10222 
3 10222 10221 10210 
3 10222 10210 10223 
3 10223 10210 10224 
3 10223 10224 10158 
3 10158 10224 10225 
3 10158 10225 10187 
3 10187 10225 10207 
3 10187 10207 10206 
3 10206 10207 10226 
3 10206 10226 10200 
3 10200 10226 10227 
3 10200 10227 10228 
3 10228 10227 10124 
3 10228 10124 10229 
3 3690 10230 10328 
3 3685 10337 10231 
3 10369 10232 10262 
3 10236 11507 10237 
3 11573 11508 10233 
3 10233 11508 10235 
3 11508 10234 10235 
3 10235 10234 10236 
3 10235 10236 10367 
3 10367 10236 10237 
3 10367 10237 10238 
3 10369 10262 10239 
3 10239 10262 10344 
3 10239 10344 10240 
3 10240 10346 10365 
3 10365 10346 10241 
3 10365 10241 10364 
3 10364 10241 10285 
3 10364 10285 10242 
3 10242 10285 10286 
3 10242 10286 10361 
3 10244 3704 3703 
3 10361 10286 10243 
3 10243 10286 10244 
3 10243 10244 10358 
3 10358 10244 3703 
3 10358 3703 8642 
3 10318 11521 10343 
3 10309 10312 10319 
3 10245 11514 10310 
3 10310 11514 10311 
3 10246 10247 10340 
3 10340 10247 11511 
3 10340 11511 10245 
3 10335 10248 10331 
3 10331 10248 10246 
3 10323 10249 10324 
3 10324 10249 11512 
3 10250 10251 10349 
3 10349 10251 10252 
3 10349 10252 10323 
3 11510 10253 10259 
3 10259 10253 10254 
3 10259 10254 10250 
3 10250 10254 10255 
3 10250 10255 10251 
3 10259 10345 10261 
3 10263 10256 10257 
3 10257 10256 10258 
3 10257 10258 10261 
3 10261 10258 11505 
3 10261 11505 10259 
3 10259 11505 10260 
3 10259 10260 11510 
3 11507 11506 10237 
3 10237 11506 10232 
3 10237 10232 10238 
3 10238 10232 10369 
3 10265 10347 10348 
3 10345 10344 10261 
3 10261 10344 10262 
3 10261 10262 10257 
3 10257 10262 10232 
3 10257 10232 10263 
3 10263 10232 11506 
3 10290 10346 10279 
3 10264 10279 10347 
3 10348 10350 10265 
3 10265 10350 10351 
3 10265 10351 10275 
3 10351 10355 10275 
3 10275 10355 10356 
3 10275 10356 10277 
3 10277 10356 10266 
3 10277 10266 10273 
3 10347 10267 10264 
3 10264 10267 10276 
3 10264 10276 10268 
3 10268 10276 10269 
3 10268 10269 10270 
3 10270 10269 10278 
3 10270 10278 10272 
3 10272 10278 3697 
3 3697 10271 10272 
3 10272 10271 3700 
3 10272 3700 10296 
3 10357 3696 10266 
3 10266 3696 10274 
3 10266 10274 10273 
3 10273 10274 3695 
3 10273 3695 3693 
3 10347 10265 10267 
3 10267 10265 10275 
3 10267 10275 10276 
3 10276 10275 10277 
3 10276 10277 10269 
3 10269 10277 10273 
3 10269 10273 10278 
3 10278 10273 3693 
3 10278 3693 3697 
3 10279 10280 10290 
3 10290 10280 10281 
3 10290 10281 10291 
3 10291 10281 10294 
3 10291 10294 10282 
3 10282 10294 10295 
3 10282 10295 10283 
3 10346 10289 10241 
3 10241 10289 10284 
3 10241 10284 10285 
3 10285 10284 10287 
3 10285 10287 10286 
3 10286 10287 10292 
3 10286 10292 10244 
3 10244 10292 3705 
3 10244 3705 3704 
3 10283 10288 10293 
3 10346 10290 10289 
3 10289 10290 10291 
3 10289 10291 10284 
3 10284 10291 10282 
3 10284 10282 10287 
3 10287 10282 10283 
3 10287 10283 10292 
3 10292 10283 10293 
3 10292 10293 3705 
3 10279 10264 10280 
3 10280 10264 10268 
3 10280 10268 10281 
3 10281 10268 10270 
3 10281 10270 10294 
3 10294 10270 10272 
3 10294 10272 10295 
3 10295 10272 10296 
3 10295 10296 3698 
3 3698 3702 10295 
3 10295 3702 3701 
3 10295 3701 10283 
3 10283 3701 10297 
3 10283 10297 10288 
3 10298 10299 10300 
3 10300 10299 10212 
3 10300 10212 10320 
3 10156 10301 10302 
3 10302 10301 10320 
3 10302 10320 10145 
3 10145 10320 10212 
3 10303 3898 10150 
3 10150 3898 10151 
3 3898 10313 10151 
3 10151 10313 10315 
3 10151 10315 10304 
3 10304 10315 10301 
3 10304 10301 10305 
3 10305 10301 10156 
3 10307 3680 3679 
3 3679 10306 10307 
3 10307 10306 10342 
3 10307 10342 10322 
3 10322 10342 10308 
3 10322 10308 10321 
3 10321 10308 10310 
3 10321 10310 10309 
3 10309 10310 10311 
3 10309 10311 10312 
3 10313 10314 10315 
3 10315 10314 10316 
3 10315 10316 10317 
3 11515 11521 11517 
3 11517 11521 10318 
3 11517 10318 10319 
3 10319 10318 10300 
3 10319 10300 10309 
3 10309 10300 10320 
3 10309 10320 10321 
3 10321 10320 10301 
3 10321 10301 10322 
3 10322 10301 10315 
3 10322 10315 10307 
3 10307 10315 10317 
3 10307 10317 3680 
3 10323 10324 10349 
3 10349 10324 10325 
3 10349 10325 10352 
3 10352 10325 10326 
3 10352 10326 10353 
3 10353 10326 10327 
3 10353 10327 10354 
3 10354 10327 10338 
3 10354 10338 10328 
3 3686 10330 10329 
3 10329 10330 10334 
3 10246 10340 10331 
3 10331 10340 10341 
3 10331 10341 10332 
3 10332 10341 10333 
3 10332 10333 10336 
3 10336 10333 10329 
3 10336 10329 10231 
3 10231 10329 10334 
3 10231 10334 3685 
3 11512 10335 10324 
3 10324 10335 10331 
3 10324 10331 10325 
3 10325 10331 10332 
3 10325 10332 10326 
3 10326 10332 10336 
3 10326 10336 10327 
3 10327 10336 10231 
3 10327 10231 10338 
3 10338 10231 10337 
3 10338 10337 3688 
3 3688 10339 10338 
3 10338 10339 3655 
3 10338 3655 10328 
3 10328 3655 3692 
3 10328 3692 3690 
3 3679 3682 10306 
3 10306 3682 3683 
3 10306 3683 3684 
3 10245 10310 10340 
3 10340 10310 10308 
3 10340 10308 10341 
3 10341 10308 10342 
3 10341 10342 10333 
3 10333 10342 10306 
3 10333 10306 10329 
3 10329 10306 3684 
3 10329 3684 3686 
3 10298 10300 10219 
3 10219 10300 10318 
3 10219 10318 10133 
3 10133 10318 10343 
3 10133 10343 10134 
3 10240 10344 10346 
3 10346 10344 10345 
3 10346 10345 10279 
3 10279 10345 10259 
3 10279 10259 10347 
3 10347 10259 10250 
3 10347 10250 10348 
3 10348 10250 10349 
3 10348 10349 10350 
3 10350 10349 10352 
3 10350 10352 10351 
3 10351 10352 10353 
3 10351 10353 10355 
3 10355 10353 10354 
3 10355 10354 10356 
3 10356 10354 10328 
3 10356 10328 10266 
3 10266 10328 10230 
3 10266 10230 10357 
3 8642 8640 10358 
3 10358 8640 11050 
3 10358 11050 10359 
3 10359 11050 10360 
3 10359 10360 10361 
3 10361 10360 11047 
3 10361 11047 10362 
3 10362 11047 10363 
3 10362 10363 10364 
3 10364 10363 11046 
3 10364 11046 10365 
3 10365 11046 10371 
3 11573 10233 10366 
3 10366 10233 10235 
3 10366 10235 10987 
3 10987 10235 10367 
3 10987 10367 10986 
3 10986 10367 10368 
3 10986 10368 11068 
3 11068 10368 10369 
3 11068 10369 10370 
3 10370 10369 10239 
3 10370 10239 10371 
3 10371 10239 10372 
3 10371 10372 10365 
3 10541 10373 10542 
3 10504 10678 10659 
3 10473 10659 10658 
3 10454 10658 10627 
3 10441 10627 10609 
3 10440 10609 10608 
3 10374 10384 10387 
3 10375 10438 8709 
3 8709 10438 10377 
3 10453 10376 10438 
3 10438 10376 8710 
3 10438 8710 10377 
3 10381 8705 10378 
3 10378 10379 10381 
3 10381 10379 10380 
3 10381 10380 10453 
3 10453 10380 8707 
3 10453 8707 10376 
3 8705 10381 10382 
3 10382 10381 10383 
3 10382 10383 8700 
3 10384 10385 10387 
3 10387 10385 8701 
3 10387 8701 10383 
3 10383 8701 10386 
3 10383 10386 8700 
3 10374 10387 8696 
3 8696 10387 10388 
3 8696 10388 10390 
3 10426 8686 8695 
3 8695 8698 10426 
3 10426 8698 10389 
3 10426 10389 10388 
3 10388 10389 8697 
3 10388 8697 10390 
3 10402 10391 10392 
3 10392 10391 10393 
3 10392 10393 10426 
3 10426 10393 10394 
3 10426 10394 8686 
3 10395 8690 10397 
3 10395 10397 10396 
3 8690 8687 10397 
3 10397 8687 10398 
3 10397 10398 10399 
3 10399 10400 10397 
3 10397 10400 10401 
3 10397 10401 10392 
3 10392 10401 8691 
3 10392 8691 10402 
3 10417 8678 10397 
3 10397 8678 10403 
3 10397 10403 10396 
3 10419 10404 10417 
3 10417 10404 10405 
3 10417 10405 8678 
3 10408 10406 10419 
3 10419 10406 8679 
3 10419 8679 10404 
3 10407 10411 10408 
3 10408 10411 10409 
3 10408 10409 10406 
3 10422 10410 10407 
3 10407 10410 8673 
3 10407 8673 10411 
3 10413 8671 10422 
3 10422 8671 10412 
3 10422 10412 10410 
3 10424 10416 10413 
3 10413 10416 8669 
3 10413 8669 8671 
3 8666 8665 10414 
3 10414 8665 10415 
3 10414 10415 10424 
3 10424 10415 8667 
3 10424 8667 10416 
3 10392 10428 10397 
3 10397 10428 10430 
3 10397 10430 10417 
3 10417 10430 10431 
3 10417 10431 10419 
3 10419 10431 10418 
3 10419 10418 10408 
3 10408 10418 10420 
3 10408 10420 10407 
3 10407 10420 10421 
3 10407 10421 10422 
3 10422 10421 10433 
3 10422 10433 10413 
3 10413 10433 10423 
3 10413 10423 10424 
3 10424 10423 10436 
3 10424 10436 10414 
3 10414 10436 10599 
3 10414 10599 8666 
3 8666 10599 8661 
3 10388 10425 10426 
3 10426 10425 10427 
3 10426 10427 10392 
3 10392 10427 10450 
3 10392 10450 10428 
3 10428 10450 10429 
3 10428 10429 10430 
3 10430 10429 10448 
3 10430 10448 10431 
3 10431 10448 10432 
3 10431 10432 10418 
3 10418 10432 10446 
3 10418 10446 10420 
3 10420 10446 10444 
3 10420 10444 10421 
3 10421 10444 10434 
3 10421 10434 10433 
3 10433 10434 10435 
3 10433 10435 10423 
3 10423 10435 10440 
3 10423 10440 10436 
3 10436 10440 10608 
3 10436 10608 10599 
3 10437 10438 10439 
3 10439 10438 10375 
3 10439 10375 8712 
3 10609 10440 10441 
3 10441 10440 10435 
3 10441 10435 10442 
3 10442 10435 10434 
3 10442 10434 10456 
3 10456 10434 10444 
3 10456 10444 10443 
3 10443 10444 10446 
3 10443 10446 10445 
3 10445 10446 10432 
3 10445 10432 10457 
3 10457 10432 10448 
3 10457 10448 10447 
3 10447 10448 10429 
3 10447 10429 10460 
3 10460 10429 10450 
3 10460 10450 10449 
3 10449 10450 10427 
3 10449 10427 10462 
3 10462 10427 10425 
3 10462 10425 10464 
3 10464 10425 10388 
3 10464 10388 10451 
3 10451 10388 10387 
3 10451 10387 10452 
3 10452 10387 10383 
3 10452 10383 10466 
3 10466 10383 10381 
3 10466 10381 10468 
3 10468 10381 10453 
3 10468 10453 10470 
3 10470 10453 10438 
3 10470 10438 10471 
3 10471 10438 10437 
3 10471 10437 10560 
3 10627 10441 10454 
3 10454 10441 10442 
3 10454 10442 10455 
3 10455 10442 10456 
3 10455 10456 10474 
3 10474 10456 10443 
3 10474 10443 10475 
3 10475 10443 10445 
3 10475 10445 10477 
3 10477 10445 10457 
3 10477 10457 10458 
3 10458 10457 10447 
3 10458 10447 10459 
3 10459 10447 10460 
3 10459 10460 10480 
3 10480 10460 10449 
3 10480 10449 10461 
3 10461 10449 10462 
3 10461 10462 10463 
3 10463 10462 10464 
3 10463 10464 10481 
3 10481 10464 10451 
3 10481 10451 10482 
3 10482 10451 10452 
3 10482 10452 10465 
3 10465 10452 10466 
3 10465 10466 10467 
3 10467 10466 10468 
3 10467 10468 10469 
3 10469 10468 10470 
3 10469 10470 10485 
3 10485 10470 10471 
3 10485 10471 10472 
3 10472 10471 10560 
3 10472 10560 10559 
3 10658 10454 10473 
3 10473 10454 10455 
3 10473 10455 10487 
3 10487 10455 10474 
3 10487 10474 10488 
3 10488 10474 10475 
3 10488 10475 10476 
3 10476 10475 10477 
3 10476 10477 10491 
3 10491 10477 10458 
3 10491 10458 10492 
3 10492 10458 10459 
3 10492 10459 10478 
3 10478 10459 10480 
3 10478 10480 10479 
3 10479 10480 10461 
3 10479 10461 10494 
3 10494 10461 10463 
3 10494 10463 10495 
3 10495 10463 10481 
3 10495 10481 10497 
3 10497 10481 10482 
3 10497 10482 10499 
3 10499 10482 10465 
3 10499 10465 10483 
3 10483 10465 10467 
3 10483 10467 10500 
3 10500 10467 10469 
3 10500 10469 10484 
3 10484 10469 10485 
3 10484 10485 10502 
3 10502 10485 10472 
3 10502 10472 10486 
3 10486 10472 10559 
3 10486 10559 10695 
3 10659 10473 10504 
3 10504 10473 10487 
3 10504 10487 10489 
3 10489 10487 10488 
3 10489 10488 10506 
3 10506 10488 10476 
3 10506 10476 10490 
3 10490 10476 10491 
3 10490 10491 10508 
3 10508 10491 10492 
3 10508 10492 10510 
3 10510 10492 10478 
3 10510 10478 10511 
3 10511 10478 10479 
3 10511 10479 10513 
3 10513 10479 10494 
3 10513 10494 10493 
3 10493 10494 10495 
3 10493 10495 10496 
3 10496 10495 10497 
3 10496 10497 10498 
3 10498 10497 10499 
3 10498 10499 10515 
3 10515 10499 10483 
3 10515 10483 10517 
3 10517 10483 10500 
3 10517 10500 10501 
3 10501 10500 10484 
3 10501 10484 10519 
3 10519 10484 10502 
3 10519 10502 10521 
3 10521 10502 10486 
3 10521 10486 10522 
3 10522 10486 10695 
3 10522 10695 10558 
3 10678 10504 10503 
3 10503 10504 10489 
3 10503 10489 10505 
3 10505 10489 10506 
3 10505 10506 10540 
3 10540 10506 10490 
3 10540 10490 10507 
3 10507 10490 10508 
3 10507 10508 10539 
3 10539 10508 10510 
3 10539 10510 10509 
3 10509 10510 10511 
3 10509 10511 10512 
3 10512 10511 10513 
3 10512 10513 10514 
3 10514 10513 10493 
3 10514 10493 10535 
3 10535 10493 10496 
3 10535 10496 10533 
3 10533 10496 10498 
3 10533 10498 10532 
3 10532 10498 10515 
3 10532 10515 10516 
3 10516 10515 10517 
3 10516 10517 10529 
3 10529 10517 10501 
3 10529 10501 10518 
3 10518 10501 10519 
3 10518 10519 10525 
3 10525 10519 10521 
3 10525 10521 10520 
3 10520 10521 10522 
3 10520 10522 10523 
3 10523 10522 10558 
3 10523 10558 10524 
3 10524 10556 10523 
3 10523 10556 10555 
3 10523 10555 10520 
3 10520 10555 10553 
3 10520 10553 10525 
3 10525 10553 10526 
3 10525 10526 10518 
3 10518 10526 10527 
3 10518 10527 10529 
3 10529 10527 10528 
3 10529 10528 10516 
3 10516 10528 10530 
3 10516 10530 10532 
3 10532 10530 10531 
3 10532 10531 10533 
3 10533 10531 10534 
3 10533 10534 10535 
3 10535 10534 10536 
3 10535 10536 10514 
3 10514 10536 10549 
3 10514 10549 10512 
3 10512 10549 10537 
3 10512 10537 10509 
3 10509 10537 10538 
3 10509 10538 10539 
3 10539 10538 10546 
3 10539 10546 10507 
3 10507 10546 10545 
3 10507 10545 10540 
3 10540 10545 10543 
3 10540 10543 10505 
3 10505 10543 10541 
3 10505 10541 10503 
3 10503 10541 10542 
3 10503 10542 10678 
3 10749 10373 11089 
3 11089 10373 10541 
3 11089 10541 11088 
3 11088 10541 10543 
3 11088 10543 11087 
3 11087 10543 10545 
3 11087 10545 10544 
3 10544 10545 10546 
3 10544 10546 11086 
3 11086 10546 10538 
3 11086 10538 11084 
3 11084 10538 10537 
3 11084 10537 10547 
3 10547 10537 10549 
3 10547 10549 10548 
3 10548 10549 10536 
3 10548 10536 11082 
3 11082 10536 10534 
3 11082 10534 11081 
3 11081 10534 10531 
3 11081 10531 11078 
3 11078 10531 10530 
3 11078 10530 11077 
3 11077 10530 10528 
3 11077 10528 10550 
3 10550 10528 10527 
3 10550 10527 10551 
3 10551 10527 10526 
3 10551 10526 10552 
3 10552 10526 10553 
3 10552 10553 10554 
3 10554 10553 10555 
3 10554 10555 10557 
3 10557 10555 10556 
3 10557 10556 11074 
3 11074 10556 10524 
3 10729 10524 10558 
3 10679 10695 10559 
3 10661 10559 10560 
3 10660 10560 10437 
3 10628 10561 10579 
3 10596 10562 10597 
3 10563 10601 10564 
3 10564 10601 10567 
3 10563 8724 10601 
3 10601 8724 10565 
3 10601 10565 8722 
3 8720 10566 10612 
3 10612 10566 10567 
3 10612 10567 10600 
3 8716 8718 10611 
3 10611 8718 8719 
3 10611 8719 10612 
3 10612 8719 10568 
3 10612 10568 8720 
3 10610 9285 10611 
3 10611 9285 9284 
3 10611 9284 8716 
3 9314 10569 10634 
3 10634 10569 10610 
3 10634 10610 10635 
3 10572 10570 10571 
3 10572 10571 10634 
3 10634 10571 9302 
3 10634 9302 9314 
3 10574 8715 10572 
3 10572 8715 10573 
3 10572 10573 10570 
3 9362 8714 10578 
3 10578 8714 9379 
3 10578 9379 10574 
3 10574 9379 10575 
3 10574 10575 8715 
3 10581 9402 10576 
3 10581 10576 10578 
3 10578 10576 10577 
3 10578 10577 9362 
3 10561 9455 10579 
3 10579 9455 10580 
3 10579 10580 10581 
3 10581 10580 8713 
3 10581 8713 9402 
3 10583 10582 8662 
3 10582 10583 10584 
3 10584 10583 10585 
3 10584 10585 10586 
3 10586 10585 10587 
3 10587 10585 10589 
3 10587 10589 8656 
3 10588 8653 10589 
3 10589 8653 10590 
3 10589 10590 8656 
3 10607 10606 10595 
3 10595 10591 10607 
3 10607 10591 8655 
3 10607 8655 10588 
3 10588 8655 8654 
3 10588 8654 8653 
3 10604 10602 8648 
3 8648 10592 10604 
3 10604 10592 10593 
3 10604 10593 10606 
3 10606 10593 10594 
3 10606 10594 10595 
3 8722 10596 10601 
3 10601 10596 10597 
3 10601 10597 10602 
3 10602 10597 10598 
3 10602 10598 8648 
3 10608 10583 10599 
3 10599 10583 8662 
3 10599 8662 8661 
3 10567 10601 10600 
3 10600 10601 10602 
3 10600 10602 10603 
3 10603 10602 10604 
3 10603 10604 10605 
3 10605 10604 10606 
3 10605 10606 10617 
3 10617 10606 10607 
3 10617 10607 10619 
3 10619 10607 10588 
3 10619 10588 10621 
3 10621 10588 10589 
3 10621 10589 10623 
3 10623 10589 10585 
3 10623 10585 10624 
3 10624 10585 10583 
3 10624 10583 10625 
3 10625 10583 10608 
3 10625 10608 10609 
3 10610 10611 10635 
3 10635 10611 10612 
3 10635 10612 10613 
3 10613 10612 10600 
3 10613 10600 10614 
3 10614 10600 10603 
3 10614 10603 10615 
3 10615 10603 10605 
3 10615 10605 10616 
3 10616 10605 10617 
3 10616 10617 10618 
3 10618 10617 10619 
3 10618 10619 10620 
3 10620 10619 10621 
3 10620 10621 10622 
3 10622 10621 10623 
3 10622 10623 10641 
3 10641 10623 10624 
3 10641 10624 10642 
3 10642 10624 10625 
3 10642 10625 10626 
3 10626 10625 10609 
3 10626 10609 10627 
3 9553 10628 10644 
3 10644 10628 10579 
3 10644 10579 10629 
3 10629 10579 10581 
3 10629 10581 10630 
3 10630 10581 10578 
3 10630 10578 10645 
3 10645 10578 10574 
3 10645 10574 10631 
3 10631 10574 10572 
3 10631 10572 10632 
3 10632 10572 10634 
3 10632 10634 10633 
3 10633 10634 10635 
3 10633 10635 10636 
3 10636 10635 10613 
3 10636 10613 10649 
3 10649 10613 10614 
3 10649 10614 10637 
3 10637 10614 10615 
3 10637 10615 10650 
3 10650 10615 10616 
3 10650 10616 10652 
3 10652 10616 10618 
3 10652 10618 10638 
3 10638 10618 10620 
3 10638 10620 10639 
3 10639 10620 10622 
3 10639 10622 10640 
3 10640 10622 10641 
3 10640 10641 10655 
3 10655 10641 10642 
3 10655 10642 10643 
3 10643 10642 10626 
3 10643 10626 10657 
3 10657 10626 10627 
3 10657 10627 10658 
3 8712 9553 10439 
3 10439 9553 10644 
3 10439 10644 10437 
3 10437 10644 10629 
3 10437 10629 10660 
3 10660 10629 10630 
3 10660 10630 10662 
3 10662 10630 10645 
3 10662 10645 10646 
3 10646 10645 10631 
3 10646 10631 10665 
3 10665 10631 10632 
3 10665 10632 10647 
3 10647 10632 10633 
3 10647 10633 10667 
3 10667 10633 10636 
3 10667 10636 10648 
3 10648 10636 10649 
3 10648 10649 10669 
3 10669 10649 10637 
3 10669 10637 10670 
3 10670 10637 10650 
3 10670 10650 10651 
3 10651 10650 10652 
3 10651 10652 10672 
3 10672 10652 10638 
3 10672 10638 10674 
3 10674 10638 10639 
3 10674 10639 10675 
3 10675 10639 10640 
3 10675 10640 10653 
3 10653 10640 10655 
3 10653 10655 10654 
3 10654 10655 10643 
3 10654 10643 10677 
3 10677 10643 10657 
3 10677 10657 10656 
3 10656 10657 10658 
3 10656 10658 10659 
3 10560 10660 10661 
3 10661 10660 10662 
3 10661 10662 10663 
3 10663 10662 10646 
3 10663 10646 10664 
3 10664 10646 10665 
3 10664 10665 10666 
3 10666 10665 10647 
3 10666 10647 10668 
3 10668 10647 10667 
3 10668 10667 10683 
3 10683 10667 10648 
3 10683 10648 10684 
3 10684 10648 10669 
3 10684 10669 10685 
3 10685 10669 10670 
3 10685 10670 10687 
3 10687 10670 10651 
3 10687 10651 10671 
3 10671 10651 10672 
3 10671 10672 10673 
3 10673 10672 10674 
3 10673 10674 10688 
3 10688 10674 10675 
3 10688 10675 10676 
3 10676 10675 10653 
3 10676 10653 10689 
3 10689 10653 10654 
3 10689 10654 10691 
3 10691 10654 10677 
3 10691 10677 10692 
3 10692 10677 10656 
3 10692 10656 10694 
3 10694 10656 10659 
3 10694 10659 10678 
3 10559 10661 10679 
3 10679 10661 10663 
3 10679 10663 10697 
3 10697 10663 10664 
3 10697 10664 10699 
3 10699 10664 10666 
3 10699 10666 10680 
3 10680 10666 10668 
3 10680 10668 10681 
3 10681 10668 10683 
3 10681 10683 10682 
3 10682 10683 10684 
3 10682 10684 10703 
3 10703 10684 10685 
3 10703 10685 10686 
3 10686 10685 10687 
3 10686 10687 10705 
3 10705 10687 10671 
3 10705 10671 10707 
3 10707 10671 10673 
3 10707 10673 10709 
3 10709 10673 10688 
3 10709 10688 10710 
3 10710 10688 10676 
3 10710 10676 10711 
3 10711 10676 10689 
3 10711 10689 10690 
3 10690 10689 10691 
3 10690 10691 10712 
3 10712 10691 10692 
3 10712 10692 10693 
3 10693 10692 10694 
3 10693 10694 10714 
3 10714 10694 10678 
3 10714 10678 10542 
3 10695 10679 10696 
3 10696 10679 10697 
3 10696 10697 10698 
3 10698 10697 10699 
3 10698 10699 10728 
3 10728 10699 10680 
3 10728 10680 10700 
3 10700 10680 10681 
3 10700 10681 10701 
3 10701 10681 10682 
3 10701 10682 10726 
3 10726 10682 10703 
3 10726 10703 10702 
3 10702 10703 10686 
3 10702 10686 10704 
3 10704 10686 10705 
3 10704 10705 10706 
3 10706 10705 10707 
3 10706 10707 10708 
3 10708 10707 10709 
3 10708 10709 10722 
3 10722 10709 10710 
3 10722 10710 10721 
3 10721 10710 10711 
3 10721 10711 10720 
3 10720 10711 10690 
3 10720 10690 10713 
3 10713 10690 10712 
3 10713 10712 10718 
3 10718 10712 10693 
3 10718 10693 10717 
3 10717 10693 10714 
3 10717 10714 10715 
3 10715 10714 10542 
3 10715 10542 10373 
3 10373 10748 10715 
3 10715 10748 10716 
3 10715 10716 10717 
3 10717 10716 10746 
3 10717 10746 10718 
3 10718 10746 10719 
3 10718 10719 10713 
3 10713 10719 10744 
3 10713 10744 10720 
3 10720 10744 10743 
3 10720 10743 10721 
3 10721 10743 10723 
3 10721 10723 10722 
3 10722 10723 10724 
3 10722 10724 10708 
3 10708 10724 10740 
3 10708 10740 10706 
3 10706 10740 10739 
3 10706 10739 10704 
3 10704 10739 10725 
3 10704 10725 10702 
3 10702 10725 10736 
3 10702 10736 10726 
3 10726 10736 10727 
3 10726 10727 10701 
3 10701 10727 10733 
3 10701 10733 10700 
3 10700 10733 10732 
3 10700 10732 10728 
3 10728 10732 10731 
3 10728 10731 10698 
3 10698 10731 10729 
3 10698 10729 10696 
3 10696 10729 10558 
3 10696 10558 10695 
3 11074 10524 10730 
3 10730 10524 10729 
3 10730 10729 11073 
3 11073 10729 10731 
3 11073 10731 11071 
3 11071 10731 10732 
3 11071 10732 11070 
3 11070 10732 10733 
3 11070 10733 10734 
3 10734 10733 10727 
3 10734 10727 10735 
3 10735 10727 10736 
3 10735 10736 11069 
3 11069 10736 10725 
3 11069 10725 10737 
3 10737 10725 10739 
3 10737 10739 10738 
3 10738 10739 10740 
3 10738 10740 11095 
3 11095 10740 10724 
3 11095 10724 10741 
3 10741 10724 10723 
3 10741 10723 10742 
3 10742 10723 10743 
3 10742 10743 11092 
3 11092 10743 10744 
3 11092 10744 10745 
3 10745 10744 10719 
3 10745 10719 11091 
3 11091 10719 10746 
3 11091 10746 11090 
3 11090 10746 10716 
3 11090 10716 10747 
3 10747 10716 10748 
3 10747 10748 10749 
3 10749 10748 10373 
3 10106 10755 10750 
3 10750 10755 10751 
3 10750 10751 10173 
3 10173 10751 11151 
3 10173 11151 9554 
3 11531 10752 10120 
3 10120 10752 10753 
3 10120 10753 10118 
3 10118 10753 10761 
3 10118 10761 10762 
3 10106 10754 10755 
3 10755 10754 10107 
3 10755 10107 10756 
3 10756 10107 10108 
3 10756 10108 11096 
3 11096 10108 10109 
3 10109 10110 11096 
3 11096 10110 10112 
3 11096 10112 10757 
3 10112 10113 10757 
3 10757 10113 10116 
3 10757 10116 10758 
3 10758 10116 10759 
3 10758 10759 11177 
3 11177 10759 10760 
3 11177 10760 10761 
3 10761 10760 10114 
3 10761 10114 10762 
3 3129 11199 10763 
3 3129 10763 6100 
3 6100 10763 11206 
3 6100 11206 6098 
3 11594 11595 10771 
3 10771 11595 10764 
3 10771 10764 10765 
3 10765 10764 10766 
3 10765 10766 6089 
3 6089 10766 6090 
3 6090 10766 10767 
3 6090 10767 11647 
3 11647 10768 6090 
3 6090 10768 11596 
3 6090 11596 6246 
3 6246 11596 6088 
3 10769 6092 11189 
3 11189 6092 11194 
3 10769 11588 6092 
3 6092 11588 10770 
3 6092 10770 6091 
3 6091 10770 11592 
3 6091 11592 10771 
3 10771 11592 11593 
3 10771 11593 11594 
3 10772 11196 10773 
3 10773 11196 11194 
3 10773 11194 6094 
3 6094 11194 6092 
3 10774 10775 10776 
3 10776 10775 11202 
3 10776 11202 6151 
3 6151 11202 11196 
3 6151 11196 10777 
3 10777 11196 10772 
3 10776 10778 10774 
3 10774 10778 6096 
3 10774 6096 11204 
3 6096 6095 11204 
3 11204 6095 10779 
3 11204 10779 11206 
3 11206 10779 10780 
3 11206 10780 6098 
3 10836 3768 10809 
3 10781 10782 10783 
3 10785 10784 7339 
3 7339 10819 10785 
3 10785 10819 10786 
3 10785 10786 11197 
3 10792 10787 10788 
3 10788 10787 10789 
3 10788 10789 10842 
3 10790 10791 10792 
3 10782 10781 10793 
3 10888 11205 10783 
3 10783 10782 10888 
3 10888 10782 10793 
3 10888 10793 10794 
3 10794 10793 10864 
3 10794 10864 10795 
3 10795 10864 10863 
3 10795 10863 10797 
3 10797 10863 10796 
3 10797 10796 10798 
3 10798 10796 10799 
3 10799 10796 10861 
3 10799 10861 10894 
3 10894 10861 10860 
3 10894 10860 10800 
3 10800 10860 10801 
3 10800 10801 10905 
3 10905 10801 10802 
3 10905 10802 10803 
3 10803 10802 10857 
3 10803 10857 10902 
3 10902 10857 10804 
3 10804 10857 10805 
3 10804 10805 10806 
3 10806 10805 10855 
3 10806 10855 10807 
3 10807 10855 10854 
3 10807 10854 10899 
3 10899 10854 10853 
3 10899 10853 10808 
3 10808 10853 10809 
3 10808 10809 10896 
3 10896 10809 3768 
3 10896 3768 9555 
3 10810 10811 10839 
3 10810 10840 10817 
3 10815 10827 10826 
3 10824 7353 10812 
3 10812 7353 10813 
3 10812 10813 10826 
3 10826 10813 10814 
3 10826 10814 10815 
3 10815 6790 10827 
3 10827 6790 6835 
3 10827 6835 10829 
3 10829 6835 10816 
3 10829 10816 10817 
3 10817 10816 6782 
3 10817 6782 10810 
3 6972 10867 6974 
3 6974 10867 10822 
3 6974 10822 10821 
3 11197 10786 10885 
3 10885 10786 10819 
3 10885 10819 10818 
3 10818 10819 10833 
3 10818 10833 10820 
3 10820 10833 10821 
3 10820 10821 10882 
3 10882 10821 10822 
3 10882 10822 10823 
3 10823 10822 10867 
3 10823 10867 10879 
3 10879 10867 10824 
3 10879 10824 10825 
3 10825 10824 10812 
3 10825 10812 10877 
3 10877 10812 10826 
3 10877 10826 10875 
3 10875 10826 10827 
3 10875 10827 10828 
3 10828 10827 10829 
3 10828 10829 10830 
3 10830 10829 10817 
3 10830 10817 10872 
3 10872 10817 10840 
3 10872 10840 10870 
3 7339 10831 10819 
3 10819 10831 10832 
3 10819 10832 10833 
3 10833 10832 10834 
3 10833 10834 10821 
3 10821 10834 10835 
3 10821 10835 6974 
3 10852 3764 10836 
3 3652 10837 10851 
3 10851 10837 4236 
3 10838 3652 10870 
3 10810 10839 10840 
3 10840 10839 10841 
3 10840 10841 10870 
3 10870 10841 4199 
3 10870 4199 10838 
3 10792 10788 10790 
3 10790 10788 10842 
3 10790 10842 10866 
3 10866 10842 10884 
3 10866 10884 10865 
3 10865 10884 10883 
3 10865 10883 10843 
3 10843 10883 10881 
3 10843 10881 10862 
3 10862 10881 10880 
3 10862 10880 10859 
3 10859 10880 10844 
3 10859 10844 10845 
3 10845 10844 10878 
3 10845 10878 10858 
3 10858 10878 10876 
3 10858 10876 10846 
3 10846 10876 10848 
3 10846 10848 10847 
3 10847 10848 10874 
3 10847 10874 10856 
3 10856 10874 10873 
3 10856 10873 10849 
3 10849 10873 10871 
3 10849 10871 10850 
3 10850 10871 10851 
3 10850 10851 10852 
3 10852 10851 4236 
3 10852 4236 3764 
3 10836 10809 10852 
3 10852 10809 10853 
3 10852 10853 10850 
3 10850 10853 10854 
3 10850 10854 10849 
3 10849 10854 10855 
3 10849 10855 10856 
3 10856 10855 10805 
3 10856 10805 10847 
3 10847 10805 10857 
3 10847 10857 10846 
3 10846 10857 10802 
3 10846 10802 10858 
3 10858 10802 10801 
3 10858 10801 10845 
3 10845 10801 10860 
3 10845 10860 10859 
3 10859 10860 10861 
3 10859 10861 10862 
3 10862 10861 10796 
3 10862 10796 10843 
3 10843 10796 10863 
3 10843 10863 10865 
3 10865 10863 10864 
3 10865 10864 10866 
3 10866 10864 10793 
3 10866 10793 10790 
3 10790 10793 10781 
3 10790 10781 10791 
3 6972 6971 10867 
3 10867 6971 10868 
3 10867 10868 10824 
3 10824 10868 10869 
3 10824 10869 7353 
3 3652 10851 10870 
3 10870 10851 10871 
3 10870 10871 10872 
3 10872 10871 10873 
3 10872 10873 10830 
3 10830 10873 10874 
3 10830 10874 10828 
3 10828 10874 10848 
3 10828 10848 10875 
3 10875 10848 10876 
3 10875 10876 10877 
3 10877 10876 10878 
3 10877 10878 10825 
3 10825 10878 10844 
3 10825 10844 10879 
3 10879 10844 10880 
3 10879 10880 10823 
3 10823 10880 10881 
3 10823 10881 10882 
3 10882 10881 10883 
3 10882 10883 10820 
3 10820 10883 10884 
3 10820 10884 10818 
3 10818 10884 10842 
3 10818 10842 10885 
3 10885 10842 10789 
3 10885 10789 11197 
3 10886 11205 11141 
3 11141 11205 10888 
3 11141 10888 10887 
3 10887 10888 10889 
3 10887 10889 10890 
3 10890 10889 10795 
3 10890 10795 10891 
3 10891 10795 10892 
3 10891 10892 11139 
3 11139 10892 10798 
3 11139 10798 11137 
3 10798 10893 11137 
3 11137 10893 10894 
3 11137 10894 11135 
3 11135 10894 10895 
3 9555 11151 10896 
3 10896 11151 10898 
3 10896 10898 10897 
3 10897 10898 11126 
3 10897 11126 10899 
3 10899 11126 11127 
3 10899 11127 10900 
3 10900 11127 11128 
3 10900 11128 10806 
3 10806 11128 11129 
3 10806 11129 10901 
3 10901 11129 11130 
3 10901 11130 10902 
3 10902 11130 11131 
3 10902 11131 10903 
3 10903 11131 10904 
3 10903 10904 10905 
3 10905 10904 10906 
3 10905 10906 10895 
3 10895 10906 11133 
3 10895 11133 11135 
3 10909 11388 10907 
3 10907 11388 10910 
3 11405 11249 9559 
3 9559 11249 10908 
3 10908 11249 10907 
3 10907 11249 11396 
3 10907 11396 10909 
3 11388 11387 10910 
3 10910 11387 11386 
3 10910 11386 11285 
3 11285 11284 10910 
3 10910 11284 10911 
3 10910 10911 10914 
3 10914 10911 10912 
3 10914 10912 11365 
3 11365 10913 10914 
3 10914 10913 11356 
3 10914 11356 11355 
3 11355 10915 10914 
3 10914 10915 10916 
3 10914 10916 10925 
3 10925 10916 11343 
3 11343 10917 10925 
3 10925 10917 10918 
3 10925 10918 11332 
3 10924 10925 10919 
3 10919 10925 10922 
3 10919 10922 10920 
3 11332 11290 10925 
3 10925 11290 10921 
3 10925 10921 10922 
3 10922 10921 10923 
3 10922 10923 10920 
3 10924 11287 10925 
3 10925 11287 10926 
3 10925 10926 10052 
3 3510 10927 10930 
3 9622 9603 9974 
3 9974 9603 10928 
3 9974 10928 10929 
3 10914 3510 10910 
3 10910 3510 10930 
3 10910 10930 9606 
3 9606 10930 9974 
3 9606 9974 9607 
3 9607 9974 10929 
3 9951 10933 10935 
3 9622 9974 10935 
3 10935 9974 10931 
3 10935 10931 9951 
3 10932 9630 10938 
3 10932 10938 9601 
3 10933 10934 10935 
3 10935 10934 9976 
3 10935 9976 10936 
3 10936 9976 10938 
3 10936 10938 9605 
3 9605 10938 9630 
3 10937 9637 10938 
3 10938 9637 9602 
3 10938 9602 9601 
3 10937 10939 9637 
3 9637 10939 9981 
3 9637 9981 10940 
3 9644 9977 9596 
3 9596 9977 9595 
3 10940 9978 9637 
3 9637 9978 10941 
3 9637 10941 9597 
3 9597 10941 9977 
3 9597 9977 9599 
3 9599 9977 9644 
3 10943 9592 9977 
3 9977 9592 10942 
3 9977 10942 9595 
3 10943 9982 9592 
3 9592 9982 9983 
3 9592 9983 10944 
3 10947 10950 10945 
3 10945 10946 10947 
3 10947 10946 9591 
3 10947 9591 10948 
3 10948 10949 10947 
3 10947 10949 9592 
3 10947 9592 9985 
3 9985 9592 10944 
3 10950 10947 10958 
3 10958 10947 10951 
3 10958 10951 9949 
3 9949 9950 10958 
3 10958 9950 9989 
3 10958 9989 10952 
3 10952 10953 10958 
3 10958 10953 10954 
3 10958 10954 10956 
3 2817 9588 2816 
3 2816 9588 9589 
3 2816 9589 10959 
3 10959 9589 10955 
3 10959 10955 10956 
3 10956 10955 10957 
3 10956 10957 10958 
3 10956 10960 10959 
3 10959 10960 10961 
3 10959 10961 10006 
3 9884 9885 10962 
3 10962 9885 10959 
3 10962 10959 10005 
3 10005 10959 10006 
3 11028 11026 10963 
3 11025 11023 11012 
3 10964 10985 10965 
3 10966 10981 10982 
3 11053 10967 11054 
3 11054 10967 10968 
3 11054 10968 11312 
3 10969 11307 11053 
3 11053 11307 11308 
3 11053 11308 10967 
3 11051 10970 10969 
3 10969 10970 11306 
3 10969 11306 11307 
3 11302 11300 11061 
3 11061 11300 11299 
3 11061 11299 10971 
3 10971 11299 10972 
3 10971 10972 11063 
3 11063 10972 10973 
3 11302 11061 10974 
3 10974 11061 11060 
3 10974 11060 11293 
3 11293 11060 11294 
3 11294 11060 10976 
3 11294 10976 10975 
3 10975 10976 10977 
3 10977 10976 10978 
3 10977 10978 11297 
3 11297 10978 11330 
3 11330 10978 10979 
3 11330 10979 10980 
3 10982 10981 10979 
3 10979 10981 11292 
3 10979 11292 10980 
3 10966 10982 10983 
3 10983 10982 10984 
3 10983 10984 11055 
3 11057 10048 11056 
3 10985 10051 11032 
3 11032 10051 10049 
3 11032 10049 10048 
3 10986 11054 10987 
3 10987 11054 11312 
3 10987 11312 10366 
3 10074 10988 10075 
3 10075 10988 11003 
3 10075 11003 10989 
3 10989 11003 11005 
3 10989 11005 10990 
3 10990 11005 11006 
3 10995 10991 11006 
3 11006 10991 10992 
3 11006 10992 10990 
3 11011 10998 11009 
3 11009 10998 10068 
3 11009 10068 11008 
3 11008 10068 10993 
3 11008 10993 10995 
3 10995 10993 10994 
3 10995 10994 10991 
3 11012 10062 10996 
3 10996 10062 10064 
3 10996 10064 11011 
3 11011 10064 10997 
3 11011 10997 10998 
3 11022 10058 11023 
3 11023 10058 10999 
3 11023 10999 11012 
3 11012 10999 11000 
3 11012 11000 10062 
3 10074 11001 10988 
3 10988 11001 10050 
3 10988 10050 10964 
3 10964 10965 10988 
3 10988 10965 11002 
3 10988 11002 11003 
3 11003 11002 11004 
3 11003 11004 11005 
3 11005 11004 11007 
3 11005 11007 11006 
3 11006 11007 11015 
3 11006 11015 10995 
3 10995 11015 11016 
3 10995 11016 11008 
3 11008 11016 11018 
3 11008 11018 11009 
3 11009 11018 11010 
3 11009 11010 11011 
3 11011 11010 11020 
3 11011 11020 10996 
3 10996 11020 10963 
3 10996 10963 11012 
3 11012 10963 11026 
3 11012 11026 11025 
3 10985 11032 10965 
3 10965 11032 11034 
3 10965 11034 11002 
3 11002 11034 11013 
3 11002 11013 11004 
3 11004 11013 11035 
3 11004 11035 11007 
3 11007 11035 11014 
3 11007 11014 11015 
3 11015 11014 11038 
3 11015 11038 11016 
3 11016 11038 11017 
3 11016 11017 11018 
3 11018 11017 11019 
3 11018 11019 11010 
3 11010 11019 11042 
3 11010 11042 11020 
3 11020 11042 11043 
3 11020 11043 10963 
3 10963 11043 11029 
3 10963 11029 11028 
3 11021 11022 11049 
3 11049 11022 11023 
3 11049 11023 11048 
3 11048 11023 11025 
3 11048 11025 11024 
3 11024 11025 11026 
3 11024 11026 11027 
3 11027 11026 11028 
3 11027 11028 11045 
3 11045 11028 11029 
3 11040 11064 11041 
3 11041 11064 11065 
3 11041 11065 11030 
3 11030 11065 11044 
3 11030 11044 11031 
3 10048 11057 11032 
3 11032 11057 11033 
3 11032 11033 11034 
3 11034 11033 11058 
3 11034 11058 11013 
3 11013 11058 11059 
3 11013 11059 11035 
3 11035 11059 11036 
3 11035 11036 11014 
3 11014 11036 11037 
3 11014 11037 11038 
3 11038 11037 11062 
3 11038 11062 11017 
3 11017 11062 11039 
3 11017 11039 11019 
3 11019 11039 11040 
3 11019 11040 11042 
3 11042 11040 11041 
3 11042 11041 11043 
3 11043 11041 11030 
3 11043 11030 11029 
3 11029 11030 11031 
3 11029 11031 11045 
3 11044 10370 11031 
3 11031 10370 10371 
3 11031 10371 11045 
3 11045 10371 11046 
3 11045 11046 11027 
3 11027 11046 10363 
3 11027 10363 11024 
3 11024 10363 11047 
3 11024 11047 11048 
3 11048 11047 10360 
3 11048 10360 11049 
3 11049 10360 11050 
3 11049 11050 11021 
3 11021 11050 8640 
3 10973 11051 11063 
3 11063 11051 10969 
3 11063 10969 11052 
3 11052 10969 11053 
3 11052 11053 11066 
3 11066 11053 11054 
3 11066 11054 11067 
3 11067 11054 10986 
3 11067 10986 11068 
3 10926 11055 11056 
3 11056 11055 10984 
3 11056 10984 11057 
3 11057 10984 10982 
3 11057 10982 11033 
3 11033 10982 10979 
3 11033 10979 11058 
3 11058 10979 10978 
3 11058 10978 11059 
3 11059 10978 10976 
3 11059 10976 11036 
3 11036 10976 11060 
3 11036 11060 11037 
3 11037 11060 11061 
3 11037 11061 11062 
3 11062 11061 10971 
3 11062 10971 11039 
3 11039 10971 11063 
3 11039 11063 11040 
3 11040 11063 11052 
3 11040 11052 11064 
3 11064 11052 11066 
3 11064 11066 11065 
3 11065 11066 11067 
3 11065 11067 11044 
3 11044 11067 11068 
3 11044 11068 10370 
3 11095 11538 10738 
3 10738 11538 11579 
3 10738 11579 10737 
3 10737 11579 11581 
3 10737 11581 11069 
3 11069 11581 11578 
3 11069 11578 10735 
3 10735 11578 11576 
3 10735 11576 10734 
3 10734 11576 11535 
3 10734 11535 11070 
3 11070 11535 11536 
3 11070 11536 11071 
3 11071 11536 11529 
3 11071 11529 11073 
3 11073 11529 11072 
3 11073 11072 10730 
3 10730 11072 11519 
3 10730 11519 11074 
3 11074 11519 11520 
3 11074 11520 10557 
3 10557 11520 11516 
3 10557 11516 10554 
3 10554 11516 11513 
3 10554 11513 10552 
3 10552 11513 11075 
3 10552 11075 10551 
3 10551 11075 11076 
3 10551 11076 10550 
3 10550 11076 11509 
3 10550 11509 11077 
3 11077 11509 11079 
3 11077 11079 11078 
3 11078 11079 11080 
3 11078 11080 11081 
3 11081 11080 11568 
3 11081 11568 11082 
3 11082 11568 11083 
3 11082 11083 10548 
3 10548 11083 11569 
3 10548 11569 10547 
3 10547 11569 11085 
3 10547 11085 11084 
3 11084 11085 11565 
3 11084 11565 11086 
3 11086 11565 11564 
3 11086 11564 10544 
3 10544 11564 11561 
3 10544 11561 11087 
3 11087 11561 11559 
3 11087 11559 11088 
3 11088 11559 11558 
3 11088 11558 11089 
3 11089 11558 11557 
3 11089 11557 10749 
3 10749 11557 11555 
3 10749 11555 10747 
3 10747 11555 11552 
3 10747 11552 11090 
3 11090 11552 11551 
3 11090 11551 11091 
3 11091 11551 11545 
3 11091 11545 10745 
3 10745 11545 11548 
3 10745 11548 11092 
3 11092 11548 11542 
3 11092 11542 10742 
3 10742 11542 11093 
3 10742 11093 10741 
3 10741 11093 11094 
3 10741 11094 11095 
3 11095 11094 11538 
3 11191 11201 11175 
3 10761 10753 11122 
3 11096 10757 11165 
3 11097 11203 11150 
3 11098 11188 11100 
3 11099 11098 11101 
3 11101 11098 11100 
3 11101 11100 11102 
3 11102 11100 11103 
3 11103 11100 11104 
3 11103 11104 11788 
3 11186 11106 11104 
3 11104 11106 11790 
3 11104 11790 11788 
3 11108 11105 11186 
3 11186 11105 11807 
3 11186 11807 11106 
3 11107 11110 11108 
3 11108 11110 11760 
3 11108 11760 11105 
3 11111 11109 11107 
3 11107 11109 11781 
3 11107 11781 11110 
3 11112 11938 11111 
3 11111 11938 11746 
3 11111 11746 11109 
3 11180 11115 11112 
3 11112 11115 11939 
3 11112 11939 11938 
3 11116 11883 11117 
3 11117 11883 11113 
3 11117 11113 11180 
3 11180 11113 11114 
3 11180 11114 11115 
3 11116 11117 11884 
3 11884 11117 11119 
3 11884 11119 11885 
3 11885 11119 11118 
3 11118 11119 11120 
3 11118 11120 11828 
3 11828 11120 11121 
3 11121 11120 11122 
3 11121 11122 11123 
3 11123 11122 10753 
3 11123 10753 10752 
3 11151 11124 10898 
3 10898 11124 11125 
3 10898 11125 11126 
3 11126 11125 11143 
3 11126 11143 11127 
3 11127 11143 11128 
3 11128 11143 11144 
3 11128 11144 11129 
3 11129 11144 11130 
3 11130 11144 11145 
3 11130 11145 11131 
3 11131 11145 11132 
3 11131 11132 10904 
3 10904 11132 11147 
3 10904 11147 10906 
3 10906 11147 11133 
3 11133 11147 11134 
3 11133 11134 11135 
3 11135 11134 11136 
3 11135 11136 11137 
3 11137 11136 11138 
3 11137 11138 11139 
3 11139 11138 10891 
3 10891 11138 11140 
3 10891 11140 10890 
3 10890 11140 10887 
3 10887 11140 11150 
3 10887 11150 11141 
3 11141 11150 11203 
3 11141 11203 10886 
3 11124 11142 11152 
3 11124 11152 11125 
3 11125 11152 11153 
3 11125 11153 11143 
3 11143 11153 11154 
3 11143 11154 11144 
3 11144 11154 11155 
3 11144 11155 11145 
3 11145 11155 11146 
3 11145 11146 11132 
3 11132 11146 11148 
3 11132 11148 11147 
3 11147 11148 11157 
3 11147 11157 11134 
3 11134 11157 11159 
3 11134 11159 11136 
3 11136 11159 11160 
3 11136 11160 11138 
3 11138 11160 11149 
3 11138 11149 11140 
3 11140 11149 11163 
3 11140 11163 11150 
3 11150 11163 11164 
3 11150 11164 11097 
3 11151 10751 11124 
3 11124 10751 10755 
3 11124 10755 11142 
3 11142 10755 10756 
3 11142 10756 11096 
3 11096 11165 11142 
3 11142 11165 11166 
3 11142 11166 11152 
3 11152 11166 11168 
3 11152 11168 11153 
3 11153 11168 11169 
3 11153 11169 11154 
3 11154 11169 11170 
3 11154 11170 11155 
3 11155 11170 11156 
3 11155 11156 11146 
3 11146 11156 11171 
3 11146 11171 11148 
3 11148 11171 11173 
3 11148 11173 11157 
3 11157 11173 11158 
3 11157 11158 11159 
3 11159 11158 11161 
3 11159 11161 11160 
3 11160 11161 11162 
3 11160 11162 11149 
3 11149 11162 11176 
3 11149 11176 11163 
3 11163 11176 11200 
3 11163 11200 11164 
3 10757 11178 11165 
3 11165 11178 11179 
3 11165 11179 11166 
3 11166 11179 11167 
3 11166 11167 11168 
3 11168 11167 11181 
3 11168 11181 11169 
3 11169 11181 11182 
3 11169 11182 11170 
3 11170 11182 11183 
3 11170 11183 11156 
3 11156 11183 11184 
3 11156 11184 11171 
3 11171 11184 11172 
3 11171 11172 11173 
3 11173 11172 11185 
3 11173 11185 11158 
3 11158 11185 11174 
3 11158 11174 11161 
3 11161 11174 11187 
3 11161 11187 11162 
3 11162 11187 11175 
3 11162 11175 11176 
3 11176 11175 11201 
3 11176 11201 11200 
3 10757 10758 11178 
3 11178 10758 11177 
3 11178 11177 10761 
3 10761 11122 11178 
3 11178 11122 11120 
3 11178 11120 11179 
3 11179 11120 11119 
3 11179 11119 11167 
3 11167 11119 11117 
3 11167 11117 11181 
3 11181 11117 11180 
3 11181 11180 11182 
3 11182 11180 11112 
3 11182 11112 11183 
3 11183 11112 11111 
3 11183 11111 11184 
3 11184 11111 11107 
3 11184 11107 11172 
3 11172 11107 11108 
3 11172 11108 11185 
3 11185 11108 11186 
3 11185 11186 11174 
3 11174 11186 11104 
3 11174 11104 11187 
3 11187 11104 11100 
3 11187 11100 11175 
3 11175 11100 11188 
3 11175 11188 11191 
3 11189 11194 11784 
3 11784 11194 11190 
3 10781 10783 11199 
3 11199 10783 11205 
3 11199 11205 10763 
3 11191 11188 11202 
3 11586 11192 11196 
3 11196 11192 11193 
3 11196 11193 11194 
3 11194 11193 11195 
3 11194 11195 11190 
3 11097 11164 11202 
3 11188 11098 11202 
3 11202 11098 11099 
3 11202 11099 11196 
3 11196 11099 11783 
3 11196 11783 11586 
3 10784 10785 11198 
3 11198 10785 11197 
3 11198 11197 10789 
3 10789 10787 11198 
3 11198 10787 10792 
3 11198 10792 11199 
3 11199 10792 10791 
3 11199 10791 10781 
3 11164 11200 11202 
3 11202 11200 11201 
3 11202 11201 11191 
3 11097 11202 11203 
3 11203 11202 10775 
3 11203 10775 10886 
3 10775 10774 10886 
3 10886 10774 11204 
3 10886 11204 11205 
3 11205 11204 11206 
3 11205 11206 10763 
3 11226 11211 11225 
3 11225 11211 11224 
3 11207 11208 11209 
3 11209 11208 11210 
3 11209 11210 11216 
3 11211 11602 11213 
3 11213 11602 11604 
3 11213 11604 11212 
3 11212 11585 11213 
3 11213 11585 11605 
3 11213 11605 11214 
3 11214 11215 11213 
3 11213 11215 11607 
3 11213 11607 8198 
3 11216 11210 11217 
3 11217 11210 11219 
3 11217 11219 11218 
3 11218 11219 11220 
3 11218 11220 6238 
3 6238 11220 11599 
3 6238 11599 11221 
3 11213 6068 11211 
3 11211 6068 11222 
3 11211 11222 11223 
3 11227 6067 11211 
3 11211 6067 6084 
3 11211 6084 11224 
3 11225 6087 11226 
3 11226 6087 6086 
3 11226 6086 11599 
3 11599 6086 6066 
3 11599 6066 11221 
3 11223 6082 11211 
3 11211 6082 6080 
3 11211 6080 11227 
3 11231 11491 11238 
3 11238 11491 11236 
3 11228 9566 11229 
3 8198 11608 11238 
3 11238 11608 11230 
3 11238 11230 11231 
3 11232 11241 11474 
3 9563 11235 11243 
3 11229 11233 11228 
3 11228 11233 11234 
3 11228 11234 11277 
3 11243 11235 11474 
3 11474 11235 9569 
3 11474 9569 11232 
3 11236 11237 11238 
3 11238 11237 11493 
3 11238 11493 11239 
3 11239 11493 11474 
3 11239 11474 11240 
3 11240 11474 11241 
3 11277 11234 11243 
3 11243 11234 11242 
3 11243 11242 9563 
3 11244 11245 11472 
3 11456 11562 11442 
3 11563 11246 11428 
3 11321 11247 11375 
3 11320 11372 11371 
3 11248 11567 11370 
3 11354 11571 11353 
3 11570 11322 11341 
3 11396 11406 11407 
3 11406 11396 11249 
3 11250 11414 11415 
3 11251 11279 9562 
3 9567 11457 11443 
3 11620 11252 11255 
3 11253 11254 11255 
3 11255 11254 11622 
3 11255 11622 11620 
3 11253 11255 11256 
3 11256 11255 11257 
3 11256 11257 11612 
3 11612 11257 11260 
3 11612 11260 11613 
3 11264 11615 11258 
3 11258 11615 11259 
3 11258 11259 11260 
3 11260 11259 11261 
3 11260 11261 11613 
3 11262 11618 11263 
3 11263 11618 11882 
3 11263 11882 11264 
3 11264 11882 11617 
3 11264 11617 11615 
3 11907 11266 11265 
3 11265 11266 11267 
3 11265 11267 11262 
3 11262 11267 11268 
3 11262 11268 11618 
3 11907 11265 11908 
3 11908 11265 11501 
3 11908 11501 11269 
3 11269 11501 11500 
3 11269 11500 11762 
3 11762 11500 11584 
3 11584 11500 11270 
3 11584 11270 11271 
3 11271 11270 11272 
3 11271 11272 11791 
3 11791 11272 11583 
3 11583 11272 11276 
3 11583 11276 11273 
3 11492 11642 11495 
3 11495 11642 11274 
3 11495 11274 11497 
3 11497 11274 11275 
3 11497 11275 11276 
3 11276 11275 11610 
3 11276 11610 11273 
3 9567 9566 11457 
3 11457 9566 11228 
3 11457 11228 11277 
3 9562 11279 11278 
3 11278 11279 11280 
3 11278 11280 11281 
3 11281 11280 11432 
3 11281 11432 11431 
3 11434 11416 11433 
3 11433 11416 9561 
3 11433 9561 11430 
3 11430 9561 11429 
3 11250 11415 9560 
3 9560 11415 11282 
3 11282 11415 11283 
3 11282 11283 11405 
3 11388 10909 11389 
3 11366 11365 10912 
3 10911 11284 11384 
3 11384 11284 11285 
3 11384 11285 11386 
3 10916 10915 11344 
3 11344 10915 11355 
3 11344 11355 11345 
3 10918 10917 11286 
3 11286 10917 11343 
3 11286 11343 11335 
3 11291 10923 10921 
3 11287 10924 11288 
3 11288 10924 10919 
3 11288 10919 11291 
3 11291 10919 10920 
3 11291 10920 10923 
3 10926 11287 11055 
3 11055 11287 10983 
3 10983 11287 10966 
3 10966 11287 11288 
3 10966 11288 10981 
3 10981 11288 11291 
3 10981 11291 11292 
3 11289 11330 10980 
3 11290 11331 10921 
3 10921 11331 11289 
3 10921 11289 11291 
3 11291 11289 10980 
3 11291 10980 11292 
3 11293 11294 11303 
3 11303 11294 10975 
3 11303 10975 11295 
3 11295 10975 10977 
3 11295 10977 11296 
3 11296 10977 11297 
3 11298 11299 11301 
3 11301 11299 11300 
3 11301 11300 11328 
3 11328 11300 11302 
3 11328 11302 11303 
3 11303 11302 10974 
3 11303 10974 11293 
3 11306 10970 11304 
3 11304 10970 11051 
3 11304 11051 11305 
3 11305 11051 10973 
3 11305 10973 11298 
3 11298 10973 10972 
3 11298 10972 11299 
3 11306 11304 11307 
3 11307 11304 11325 
3 11307 11325 11308 
3 11308 11325 11309 
3 11308 11309 10967 
3 11310 11311 11313 
3 10967 11309 10968 
3 10968 11309 11310 
3 10968 11310 11312 
3 11312 11310 11313 
3 11312 11313 10366 
3 10912 10911 11366 
3 11366 10911 11384 
3 11366 11384 11314 
3 11314 11384 11382 
3 11314 11382 11368 
3 11368 11382 11315 
3 11368 11315 11316 
3 11316 11315 11317 
3 11316 11317 11318 
3 11318 11317 11378 
3 11318 11378 11319 
3 11319 11378 11377 
3 11319 11377 11371 
3 11371 11377 11374 
3 11371 11374 11320 
3 11320 11374 11373 
3 11321 11375 11394 
3 11244 11472 11490 
3 11322 11311 11341 
3 11341 11311 11310 
3 11341 11310 11323 
3 11323 11310 11309 
3 11323 11309 11339 
3 11339 11309 11325 
3 11339 11325 11324 
3 11324 11325 11304 
3 11324 11304 11326 
3 11326 11304 11305 
3 11326 11305 11337 
3 11337 11305 11298 
3 11337 11298 11327 
3 11327 11298 11301 
3 11327 11301 11329 
3 11329 11301 11328 
3 11329 11328 11334 
3 11334 11328 11303 
3 11334 11303 11333 
3 11333 11303 11295 
3 11333 11295 11331 
3 11331 11295 11296 
3 11331 11296 11289 
3 11289 11296 11297 
3 11289 11297 11330 
3 11290 11332 11331 
3 11331 11332 10918 
3 11331 10918 11333 
3 11333 10918 11286 
3 11333 11286 11334 
3 11334 11286 11335 
3 11334 11335 11329 
3 11329 11335 11336 
3 11329 11336 11327 
3 11327 11336 11338 
3 11327 11338 11337 
3 11337 11338 11347 
3 11337 11347 11326 
3 11326 11347 11348 
3 11326 11348 11324 
3 11324 11348 11349 
3 11324 11349 11339 
3 11339 11349 11340 
3 11339 11340 11323 
3 11323 11340 11342 
3 11323 11342 11341 
3 11341 11342 11353 
3 11341 11353 11570 
3 11570 11353 11571 
3 11343 10916 11335 
3 11335 10916 11344 
3 11335 11344 11336 
3 11336 11344 11345 
3 11336 11345 11338 
3 11338 11345 11358 
3 11338 11358 11347 
3 11347 11358 11346 
3 11347 11346 11348 
3 11348 11346 11360 
3 11348 11360 11349 
3 11349 11360 11350 
3 11349 11350 11340 
3 11340 11350 11351 
3 11340 11351 11342 
3 11342 11351 11352 
3 11342 11352 11353 
3 11353 11352 11363 
3 11353 11363 11354 
3 11354 11363 11572 
3 11355 11356 11345 
3 11345 11356 11357 
3 11345 11357 11358 
3 11358 11357 11364 
3 11358 11364 11346 
3 11346 11364 11359 
3 11346 11359 11360 
3 11360 11359 11367 
3 11360 11367 11350 
3 11350 11367 11369 
3 11350 11369 11351 
3 11351 11369 11361 
3 11351 11361 11352 
3 11352 11361 11362 
3 11352 11362 11363 
3 11363 11362 11370 
3 11363 11370 11572 
3 11572 11370 11567 
3 11356 10913 11357 
3 11357 10913 11365 
3 11357 11365 11364 
3 11364 11365 11366 
3 11364 11366 11359 
3 11359 11366 11314 
3 11359 11314 11367 
3 11367 11314 11368 
3 11367 11368 11369 
3 11369 11368 11316 
3 11369 11316 11361 
3 11361 11316 11318 
3 11361 11318 11362 
3 11362 11318 11319 
3 11362 11319 11370 
3 11370 11319 11371 
3 11370 11371 11248 
3 11248 11371 11372 
3 11247 11373 11375 
3 11375 11373 11374 
3 11375 11374 11376 
3 11376 11374 11377 
3 11376 11377 11379 
3 11379 11377 11378 
3 11379 11378 11380 
3 11380 11378 11317 
3 11380 11317 11392 
3 11392 11317 11315 
3 11392 11315 11381 
3 11381 11315 11382 
3 11381 11382 11383 
3 11383 11382 11384 
3 11383 11384 11385 
3 11385 11384 11386 
3 11385 11386 11387 
3 11387 11388 11385 
3 11385 11388 11389 
3 11385 11389 11383 
3 11383 11389 11397 
3 11383 11397 11381 
3 11381 11397 11390 
3 11381 11390 11392 
3 11392 11390 11391 
3 11392 11391 11380 
3 11380 11391 11400 
3 11380 11400 11379 
3 11379 11400 11402 
3 11379 11402 11376 
3 11376 11402 11403 
3 11376 11403 11375 
3 11375 11403 11393 
3 11375 11393 11394 
3 11394 11393 11395 
3 10909 11396 11389 
3 11389 11396 11407 
3 11389 11407 11397 
3 11397 11407 11408 
3 11397 11408 11390 
3 11390 11408 11398 
3 11390 11398 11391 
3 11391 11398 11399 
3 11391 11399 11400 
3 11400 11399 11401 
3 11400 11401 11402 
3 11402 11401 11410 
3 11402 11410 11403 
3 11403 11410 11404 
3 11403 11404 11393 
3 11393 11404 11412 
3 11393 11412 11395 
3 11395 11412 11413 
3 11249 11405 11406 
3 11406 11405 11283 
3 11406 11283 11407 
3 11407 11283 11418 
3 11407 11418 11408 
3 11408 11418 11419 
3 11408 11419 11398 
3 11398 11419 11409 
3 11398 11409 11399 
3 11399 11409 11421 
3 11399 11421 11401 
3 11401 11421 11422 
3 11401 11422 11410 
3 11410 11422 11425 
3 11410 11425 11404 
3 11404 11425 11411 
3 11404 11411 11412 
3 11412 11411 11426 
3 11412 11426 11413 
3 11413 11426 11566 
3 11414 11416 11415 
3 11415 11416 11434 
3 11415 11434 11283 
3 11283 11434 11417 
3 11283 11417 11418 
3 11418 11417 11436 
3 11418 11436 11419 
3 11419 11436 11437 
3 11419 11437 11409 
3 11409 11437 11420 
3 11409 11420 11421 
3 11421 11420 11423 
3 11421 11423 11422 
3 11422 11423 11424 
3 11422 11424 11425 
3 11425 11424 11441 
3 11425 11441 11411 
3 11411 11441 11427 
3 11411 11427 11426 
3 11426 11427 11428 
3 11426 11428 11566 
3 11566 11428 11246 
3 11429 11431 11430 
3 11430 11431 11432 
3 11430 11432 11433 
3 11433 11432 11435 
3 11433 11435 11434 
3 11434 11435 11446 
3 11434 11446 11417 
3 11417 11446 11447 
3 11417 11447 11436 
3 11436 11447 11438 
3 11436 11438 11437 
3 11437 11438 11439 
3 11437 11439 11420 
3 11420 11439 11449 
3 11420 11449 11423 
3 11423 11449 11440 
3 11423 11440 11424 
3 11424 11440 11451 
3 11424 11451 11441 
3 11441 11451 11452 
3 11441 11452 11427 
3 11427 11452 11453 
3 11427 11453 11428 
3 11428 11453 11442 
3 11428 11442 11563 
3 11563 11442 11562 
3 11251 9567 11279 
3 11279 9567 11443 
3 11279 11443 11280 
3 11280 11443 11458 
3 11280 11458 11432 
3 11432 11458 11444 
3 11432 11444 11435 
3 11435 11444 11445 
3 11435 11445 11446 
3 11446 11445 11462 
3 11446 11462 11447 
3 11447 11462 11464 
3 11447 11464 11438 
3 11438 11464 11465 
3 11438 11465 11439 
3 11439 11465 11448 
3 11439 11448 11449 
3 11449 11448 11450 
3 11449 11450 11440 
3 11440 11450 11468 
3 11440 11468 11451 
3 11451 11468 11469 
3 11451 11469 11452 
3 11452 11469 11471 
3 11452 11471 11453 
3 11453 11471 11454 
3 11453 11454 11442 
3 11442 11454 11455 
3 11442 11455 11456 
3 11456 11455 11560 
3 11277 11243 11457 
3 11457 11243 11473 
3 11457 11473 11443 
3 11443 11473 11475 
3 11443 11475 11458 
3 11458 11475 11459 
3 11458 11459 11444 
3 11444 11459 11460 
3 11444 11460 11445 
3 11445 11460 11461 
3 11445 11461 11462 
3 11462 11461 11463 
3 11462 11463 11464 
3 11464 11463 11478 
3 11464 11478 11465 
3 11465 11478 11479 
3 11465 11479 11448 
3 11448 11479 11466 
3 11448 11466 11450 
3 11450 11466 11467 
3 11450 11467 11468 
3 11468 11467 11484 
3 11468 11484 11469 
3 11469 11484 11470 
3 11469 11470 11471 
3 11471 11470 11487 
3 11471 11487 11454 
3 11454 11487 11488 
3 11454 11488 11455 
3 11455 11488 11472 
3 11455 11472 11560 
3 11560 11472 11245 
3 11243 11474 11473 
3 11473 11474 11494 
3 11473 11494 11475 
3 11475 11494 11496 
3 11475 11496 11459 
3 11459 11496 11498 
3 11459 11498 11460 
3 11460 11498 11476 
3 11460 11476 11461 
3 11461 11476 11477 
3 11461 11477 11463 
3 11463 11477 11499 
3 11463 11499 11478 
3 11478 11499 11480 
3 11478 11480 11479 
3 11479 11480 11481 
3 11479 11481 11466 
3 11466 11481 11482 
3 11466 11482 11467 
3 11467 11482 11483 
3 11467 11483 11484 
3 11484 11483 11485 
3 11484 11485 11470 
3 11470 11485 11486 
3 11470 11486 11487 
3 11487 11486 11502 
3 11487 11502 11488 
3 11488 11502 11489 
3 11488 11489 11472 
3 11472 11489 11503 
3 11472 11503 11490 
3 11490 11503 11504 
3 11491 11492 11236 
3 11236 11492 11495 
3 11236 11495 11237 
3 11237 11495 11493 
3 11474 11493 11494 
3 11494 11493 11495 
3 11494 11495 11496 
3 11496 11495 11497 
3 11496 11497 11498 
3 11498 11497 11276 
3 11498 11276 11476 
3 11476 11276 11272 
3 11476 11272 11477 
3 11477 11272 11270 
3 11477 11270 11499 
3 11499 11270 11500 
3 11499 11500 11480 
3 11480 11500 11501 
3 11480 11501 11481 
3 11481 11501 11265 
3 11481 11265 11482 
3 11482 11265 11262 
3 11482 11262 11483 
3 11483 11262 11263 
3 11483 11263 11485 
3 11485 11263 11264 
3 11485 11264 11486 
3 11486 11264 11258 
3 11486 11258 11502 
3 11502 11258 11260 
3 11502 11260 11489 
3 11489 11260 11257 
3 11489 11257 11503 
3 11503 11257 11255 
3 11503 11255 11504 
3 11504 11255 11252 
3 11620 11621 11557 
3 10260 11505 11509 
3 11509 11505 10258 
3 11509 10258 10256 
3 10256 10263 11509 
3 11509 10263 11506 
3 11509 11506 11507 
3 11573 10366 11313 
3 11507 10236 11509 
3 11509 10236 10234 
3 11509 10234 11508 
3 10255 10254 11076 
3 11076 10254 10253 
3 11076 10253 11509 
3 11509 10253 11510 
3 11509 11510 10260 
3 11075 11512 11076 
3 11076 11512 10249 
3 11076 10249 10323 
3 10323 10252 11076 
3 11076 10252 10251 
3 11076 10251 10255 
3 11513 11511 11075 
3 11075 11511 10247 
3 11075 10247 10246 
3 10246 10248 11075 
3 11075 10248 10335 
3 11075 10335 11512 
3 11516 10319 11513 
3 11513 10319 10312 
3 11513 10312 10311 
3 10311 11514 11513 
3 11513 11514 10245 
3 11513 10245 11511 
3 11521 11515 11516 
3 11516 11515 11517 
3 11516 11517 10319 
3 11518 10131 11519 
3 11519 10131 10132 
3 11519 10132 11520 
3 11520 10132 10134 
3 11520 10134 11516 
3 11516 10134 10343 
3 11516 10343 11521 
3 10079 11072 10080 
3 10080 11072 11522 
3 10079 10143 11072 
3 11072 10143 10144 
3 11072 10144 11519 
3 11519 10144 11523 
3 11519 11523 11518 
3 11529 11524 10138 
3 10138 10129 11529 
3 11529 10129 11525 
3 11529 11525 11072 
3 11072 11525 10127 
3 11072 10127 11522 
3 11526 10220 11536 
3 11526 11536 10126 
3 10220 11527 11536 
3 11536 11527 11528 
3 11536 11528 11529 
3 11529 11528 11530 
3 11529 11530 11524 
3 11535 11531 10202 
3 10202 10203 11535 
3 11535 10203 10121 
3 11535 10121 10229 
3 10229 10124 11535 
3 11535 10124 11532 
3 11535 11532 10123 
3 10123 11533 11535 
3 11535 11533 10122 
3 11535 10122 11534 
3 11534 10211 11535 
3 11535 10211 11537 
3 11535 11537 11536 
3 11536 11537 10125 
3 11536 10125 10126 
3 11665 11663 11538 
3 11538 11663 11579 
3 11094 11667 11538 
3 11538 11667 11539 
3 11538 11539 11665 
3 11093 11541 11094 
3 11094 11541 11661 
3 11094 11661 11667 
3 11542 11544 11093 
3 11093 11544 11540 
3 11093 11540 11541 
3 11548 11543 11542 
3 11542 11543 11646 
3 11542 11646 11544 
3 11630 11546 11545 
3 11545 11546 11547 
3 11545 11547 11548 
3 11548 11547 11549 
3 11548 11549 11543 
3 11630 11545 11550 
3 11550 11545 11551 
3 11550 11551 11629 
3 11629 11551 11624 
3 11624 11551 11552 
3 11624 11552 11553 
3 11554 11628 11555 
3 11555 11628 11556 
3 11555 11556 11552 
3 11552 11556 11627 
3 11552 11627 11553 
3 11557 11621 11555 
3 11555 11621 11623 
3 11555 11623 11554 
3 11620 11557 11252 
3 11252 11557 11558 
3 11252 11558 11504 
3 11504 11558 11490 
3 11490 11558 11559 
3 11490 11559 11244 
3 11244 11559 11245 
3 11245 11559 11561 
3 11245 11561 11560 
3 11564 11562 11561 
3 11561 11562 11456 
3 11561 11456 11560 
3 11565 11246 11564 
3 11564 11246 11563 
3 11564 11563 11562 
3 11085 11413 11565 
3 11565 11413 11566 
3 11565 11566 11246 
3 11247 11321 11569 
3 11569 11321 11394 
3 11569 11394 11085 
3 11085 11394 11395 
3 11085 11395 11413 
3 11567 11248 11568 
3 11568 11248 11372 
3 11568 11372 11083 
3 11083 11372 11320 
3 11083 11320 11569 
3 11569 11320 11373 
3 11569 11373 11247 
3 11322 11570 11079 
3 11079 11570 11571 
3 11079 11571 11080 
3 11080 11571 11354 
3 11080 11354 11568 
3 11568 11354 11572 
3 11568 11572 11567 
3 11508 11573 11509 
3 11509 11573 11313 
3 11509 11313 11079 
3 11079 11313 11311 
3 11079 11311 11322 
3 10752 11531 11808 
3 11808 11531 11535 
3 11808 11535 11574 
3 11574 11535 11576 
3 11578 11575 11576 
3 11576 11575 11577 
3 11576 11577 11574 
3 11581 11582 11578 
3 11578 11582 11671 
3 11578 11671 11575 
3 11663 11662 11579 
3 11579 11662 11668 
3 11579 11668 11581 
3 11581 11668 11580 
3 11581 11580 11582 
3 11831 11554 11623 
3 11617 11882 11723 
3 11256 11612 11829 
3 11791 11583 11792 
3 11762 11584 11672 
3 11605 11585 11636 
3 11599 11220 11633 
3 11586 11783 11787 
3 11586 11787 11192 
3 11192 11787 11786 
3 11192 11786 11193 
3 11193 11786 11587 
3 11193 11587 11195 
3 11195 11587 11190 
3 11190 11587 11785 
3 11190 11785 11784 
3 10770 11588 11589 
3 11589 11588 10769 
3 11589 10769 11715 
3 10770 11590 11592 
3 11592 11590 11591 
3 11592 11591 11593 
3 11593 11591 11594 
3 11594 11591 11710 
3 11594 11710 11595 
3 11709 10767 10766 
3 11709 10766 11710 
3 11710 10766 10764 
3 11710 10764 11595 
3 11207 6088 11597 
3 11597 6088 11596 
3 11597 11596 11649 
3 11649 11596 10768 
3 11649 10768 11647 
3 11207 11597 11208 
3 11208 11597 11598 
3 11208 11598 11210 
3 11633 11220 11598 
3 11598 11220 11219 
3 11598 11219 11210 
3 11599 11633 11226 
3 11226 11633 11600 
3 11226 11600 11211 
3 11211 11600 11601 
3 11211 11601 11602 
3 11602 11601 11603 
3 11602 11603 11604 
3 11636 11585 11603 
3 11603 11585 11212 
3 11603 11212 11604 
3 11605 11636 11214 
3 11214 11636 11606 
3 11214 11606 11215 
3 11215 11606 11637 
3 11215 11637 11607 
3 11607 11637 8198 
3 8198 11637 11639 
3 8198 11639 11608 
3 11608 11639 11640 
3 11608 11640 11230 
3 11492 11491 11640 
3 11640 11491 11231 
3 11640 11231 11230 
3 11583 11273 11609 
3 11609 11273 11610 
3 11609 11610 11275 
3 11641 11274 11642 
3 11584 11271 11611 
3 11611 11271 11791 
3 11612 11613 11809 
3 11809 11613 11261 
3 11809 11261 11259 
3 11254 11253 11614 
3 11614 11253 11256 
3 11259 11615 11616 
3 11616 11615 11617 
3 11863 11618 11268 
3 11910 11619 11763 
3 11620 11622 11621 
3 11621 11622 11254 
3 11621 11254 11623 
3 11623 11254 11614 
3 11623 11614 11831 
3 11629 11624 11625 
3 11625 11624 11553 
3 11625 11553 11626 
3 11626 11553 11627 
3 11626 11627 11832 
3 11832 11627 11556 
3 11832 11556 11831 
3 11831 11556 11628 
3 11831 11628 11554 
3 11629 11625 11550 
3 11550 11625 11835 
3 11550 11835 11630 
3 11630 11835 11631 
3 11630 11631 11546 
3 11546 11631 11837 
3 11546 11837 11547 
3 11649 11650 11597 
3 11597 11650 11652 
3 11597 11652 11598 
3 11598 11652 11632 
3 11598 11632 11633 
3 11633 11632 11634 
3 11633 11634 11600 
3 11600 11634 11653 
3 11600 11653 11601 
3 11601 11653 11655 
3 11601 11655 11603 
3 11603 11655 11635 
3 11603 11635 11636 
3 11636 11635 11657 
3 11636 11657 11606 
3 11606 11657 11658 
3 11606 11658 11637 
3 11637 11658 11638 
3 11637 11638 11639 
3 11639 11638 11641 
3 11639 11641 11640 
3 11640 11641 11642 
3 11640 11642 11492 
3 11643 11540 11644 
3 11644 11540 11544 
3 11644 11544 11838 
3 11838 11544 11646 
3 11838 11646 11645 
3 11645 11646 11543 
3 11645 11543 11837 
3 11837 11543 11549 
3 11837 11549 11547 
3 10767 11709 11647 
3 11647 11709 11648 
3 11647 11648 11649 
3 11649 11648 11707 
3 11649 11707 11650 
3 11650 11707 11651 
3 11650 11651 11652 
3 11652 11651 11704 
3 11652 11704 11632 
3 11632 11704 11702 
3 11632 11702 11634 
3 11634 11702 11701 
3 11634 11701 11653 
3 11653 11701 11654 
3 11653 11654 11655 
3 11655 11654 11656 
3 11655 11656 11635 
3 11635 11656 11699 
3 11635 11699 11657 
3 11657 11699 11698 
3 11657 11698 11658 
3 11658 11698 11659 
3 11658 11659 11638 
3 11638 11659 11609 
3 11638 11609 11641 
3 11641 11609 11275 
3 11641 11275 11274 
3 11660 11661 11643 
3 11643 11661 11541 
3 11643 11541 11540 
3 11662 11663 11664 
3 11664 11663 11665 
3 11664 11665 11842 
3 11842 11665 11666 
3 11842 11666 11660 
3 11660 11666 11667 
3 11660 11667 11661 
3 11662 11664 11668 
3 11668 11664 11669 
3 11668 11669 11580 
3 11580 11669 11670 
3 11580 11670 11582 
3 11582 11670 11844 
3 11582 11844 11671 
3 11671 11844 11846 
3 11671 11846 11575 
3 11584 11611 11672 
3 11672 11611 11793 
3 11672 11793 11673 
3 11673 11793 11674 
3 11673 11674 11764 
3 11764 11674 11675 
3 11764 11675 11766 
3 11766 11675 11795 
3 11766 11795 11676 
3 11676 11795 11797 
3 11676 11797 11677 
3 11677 11797 11798 
3 11677 11798 11769 
3 11769 11798 11678 
3 11769 11678 11679 
3 11679 11678 11680 
3 11679 11680 11772 
3 11772 11680 11681 
3 11772 11681 11682 
3 11682 11681 11683 
3 11682 11683 11774 
3 11774 11683 11684 
3 11774 11684 11775 
3 11775 11684 11685 
3 11775 11685 11687 
3 11687 11685 11686 
3 11687 11686 11688 
3 11688 11686 11689 
3 11688 11689 11690 
3 11690 11689 11804 
3 11690 11804 11777 
3 11777 11804 11691 
3 11777 11691 11692 
3 11692 11691 11693 
3 11692 11693 11694 
3 11694 11693 11695 
3 11694 11695 11780 
3 11780 11695 11759 
3 11780 11759 11761 
3 11583 11609 11792 
3 11792 11609 11659 
3 11792 11659 11696 
3 11696 11659 11698 
3 11696 11698 11697 
3 11697 11698 11699 
3 11697 11699 11700 
3 11700 11699 11656 
3 11700 11656 11794 
3 11794 11656 11654 
3 11794 11654 11796 
3 11796 11654 11701 
3 11796 11701 11799 
3 11799 11701 11702 
3 11799 11702 11703 
3 11703 11702 11704 
3 11703 11704 11705 
3 11705 11704 11651 
3 11705 11651 11706 
3 11706 11651 11707 
3 11706 11707 11800 
3 11800 11707 11648 
3 11800 11648 11708 
3 11708 11648 11709 
3 11708 11709 11711 
3 11711 11709 11710 
3 11711 11710 11712 
3 11712 11710 11591 
3 11712 11591 11801 
3 11801 11591 11590 
3 11801 11590 11802 
3 11802 11590 11717 
3 11802 11717 11803 
3 11803 11717 11714 
3 11803 11714 11713 
3 11713 11714 11719 
3 11713 11719 11805 
3 11805 11719 11789 
3 11805 11789 11806 
3 10770 11589 11590 
3 11590 11589 11715 
3 11590 11715 11717 
3 11717 11715 11716 
3 11717 11716 11714 
3 11714 11716 11718 
3 11714 11718 11719 
3 11719 11718 11720 
3 11719 11720 11789 
3 11575 11846 11722 
3 11722 11846 11721 
3 11722 11721 11574 
3 11617 11723 11616 
3 11616 11723 11724 
3 11616 11724 11725 
3 11725 11724 11726 
3 11725 11726 11886 
3 11886 11726 11879 
3 11886 11879 11888 
3 11888 11879 11877 
3 11888 11877 11890 
3 11890 11877 11727 
3 11890 11727 11891 
3 11891 11727 11728 
3 11891 11728 11892 
3 11892 11728 11875 
3 11892 11875 11729 
3 11729 11875 11730 
3 11729 11730 11731 
3 11731 11730 11873 
3 11731 11873 11897 
3 11897 11873 11732 
3 11897 11732 11898 
3 11898 11732 11733 
3 11898 11733 11734 
3 11734 11733 11870 
3 11734 11870 11900 
3 11900 11870 11735 
3 11900 11735 11736 
3 11736 11735 11738 
3 11736 11738 11737 
3 11737 11738 11739 
3 11737 11739 11740 
3 11740 11739 11868 
3 11740 11868 11741 
3 11741 11868 11742 
3 11741 11742 11904 
3 11904 11742 11743 
3 11904 11743 11744 
3 11744 11743 11866 
3 11744 11866 11905 
3 11782 11745 11746 
3 11910 11763 11911 
3 11911 11763 11765 
3 11911 11765 11913 
3 11913 11765 11767 
3 11913 11767 11914 
3 11914 11767 11747 
3 11914 11747 11916 
3 11916 11747 11768 
3 11916 11768 11918 
3 11918 11768 11770 
3 11918 11770 11748 
3 11748 11770 11771 
3 11748 11771 11749 
3 11749 11771 11773 
3 11749 11773 11920 
3 11920 11773 11750 
3 11920 11750 11921 
3 11921 11750 11751 
3 11921 11751 11922 
3 11922 11751 11752 
3 11922 11752 11924 
3 11924 11752 11753 
3 11924 11753 11926 
3 11926 11753 11776 
3 11926 11776 11929 
3 11929 11776 11755 
3 11929 11755 11754 
3 11754 11755 11778 
3 11754 11778 11931 
3 11931 11778 11779 
3 11931 11779 11932 
3 11932 11779 11756 
3 11932 11756 11935 
3 11935 11756 11757 
3 11935 11757 11936 
3 11936 11757 11782 
3 11936 11782 11758 
3 11758 11782 11746 
3 11758 11746 11938 
3 11759 11105 11760 
3 11759 11760 11761 
3 11761 11760 11110 
3 11761 11110 11781 
3 11762 11672 11619 
3 11619 11672 11673 
3 11619 11673 11763 
3 11763 11673 11764 
3 11763 11764 11765 
3 11765 11764 11766 
3 11765 11766 11767 
3 11767 11766 11676 
3 11767 11676 11747 
3 11747 11676 11677 
3 11747 11677 11768 
3 11768 11677 11769 
3 11768 11769 11770 
3 11770 11769 11679 
3 11770 11679 11771 
3 11771 11679 11772 
3 11771 11772 11773 
3 11773 11772 11682 
3 11773 11682 11750 
3 11750 11682 11774 
3 11750 11774 11751 
3 11751 11774 11775 
3 11751 11775 11752 
3 11752 11775 11687 
3 11752 11687 11753 
3 11753 11687 11688 
3 11753 11688 11776 
3 11776 11688 11690 
3 11776 11690 11755 
3 11755 11690 11777 
3 11755 11777 11778 
3 11778 11777 11692 
3 11778 11692 11779 
3 11779 11692 11694 
3 11779 11694 11756 
3 11756 11694 11780 
3 11756 11780 11757 
3 11757 11780 11761 
3 11757 11761 11782 
3 11782 11761 11781 
3 11782 11781 11745 
3 11783 11099 11787 
3 11787 11099 11101 
3 11787 11101 11102 
3 11189 11784 10769 
3 10769 11784 11785 
3 10769 11785 11715 
3 11715 11785 11587 
3 11715 11587 11716 
3 11716 11587 11786 
3 11716 11786 11718 
3 11718 11786 11787 
3 11718 11787 11720 
3 11720 11787 11102 
3 11102 11103 11720 
3 11720 11103 11788 
3 11720 11788 11789 
3 11789 11788 11790 
3 11789 11790 11806 
3 11806 11790 11106 
3 11806 11106 11807 
3 11791 11792 11611 
3 11611 11792 11696 
3 11611 11696 11793 
3 11793 11696 11697 
3 11793 11697 11674 
3 11674 11697 11700 
3 11674 11700 11675 
3 11675 11700 11794 
3 11675 11794 11795 
3 11795 11794 11796 
3 11795 11796 11797 
3 11797 11796 11799 
3 11797 11799 11798 
3 11798 11799 11703 
3 11798 11703 11678 
3 11678 11703 11705 
3 11678 11705 11680 
3 11680 11705 11706 
3 11680 11706 11681 
3 11681 11706 11800 
3 11681 11800 11683 
3 11683 11800 11708 
3 11683 11708 11684 
3 11684 11708 11711 
3 11684 11711 11685 
3 11685 11711 11712 
3 11685 11712 11686 
3 11686 11712 11801 
3 11686 11801 11689 
3 11689 11801 11802 
3 11689 11802 11804 
3 11804 11802 11803 
3 11804 11803 11691 
3 11691 11803 11713 
3 11691 11713 11693 
3 11693 11713 11805 
3 11693 11805 11695 
3 11695 11805 11806 
3 11695 11806 11759 
3 11759 11806 11807 
3 11759 11807 11105 
3 11123 10752 11808 
3 11574 11721 11808 
3 11808 11721 11121 
3 11808 11121 11123 
3 11612 11809 11829 
3 11829 11809 11810 
3 11829 11810 11830 
3 11830 11810 11811 
3 11830 11811 11833 
3 11833 11811 11887 
3 11833 11887 11834 
3 11834 11887 11889 
3 11834 11889 11812 
3 11812 11889 11813 
3 11812 11813 11814 
3 11814 11813 11893 
3 11814 11893 11836 
3 11836 11893 11894 
3 11836 11894 11815 
3 11815 11894 11895 
3 11815 11895 11816 
3 11816 11895 11896 
3 11816 11896 11818 
3 11818 11896 11817 
3 11818 11817 11839 
3 11839 11817 11899 
3 11839 11899 11819 
3 11819 11899 11901 
3 11819 11901 11840 
3 11840 11901 11902 
3 11840 11902 11841 
3 11841 11902 11820 
3 11841 11820 11821 
3 11821 11820 11903 
3 11821 11903 11822 
3 11822 11903 11823 
3 11822 11823 11843 
3 11843 11823 11825 
3 11843 11825 11824 
3 11824 11825 11826 
3 11824 11826 11845 
3 11845 11826 11906 
3 11845 11906 11827 
3 11827 11906 11118 
3 11827 11118 11828 
3 11256 11829 11614 
3 11614 11829 11830 
3 11614 11830 11831 
3 11831 11830 11833 
3 11831 11833 11832 
3 11832 11833 11834 
3 11832 11834 11626 
3 11626 11834 11812 
3 11626 11812 11625 
3 11625 11812 11814 
3 11625 11814 11835 
3 11835 11814 11836 
3 11835 11836 11631 
3 11631 11836 11815 
3 11631 11815 11837 
3 11837 11815 11816 
3 11837 11816 11645 
3 11645 11816 11818 
3 11645 11818 11838 
3 11838 11818 11839 
3 11838 11839 11644 
3 11644 11839 11819 
3 11644 11819 11643 
3 11643 11819 11840 
3 11643 11840 11660 
3 11660 11840 11841 
3 11660 11841 11842 
3 11842 11841 11821 
3 11842 11821 11664 
3 11664 11821 11822 
3 11664 11822 11669 
3 11669 11822 11843 
3 11669 11843 11670 
3 11670 11843 11824 
3 11670 11824 11844 
3 11844 11824 11845 
3 11844 11845 11846 
3 11846 11845 11827 
3 11846 11827 11721 
3 11721 11827 11828 
3 11721 11828 11121 
3 11939 11864 11847 
3 11847 11864 11848 
3 11847 11848 11937 
3 11937 11848 11849 
3 11937 11849 11934 
3 11934 11849 11867 
3 11934 11867 11933 
3 11933 11867 11850 
3 11933 11850 11851 
3 11851 11850 11869 
3 11851 11869 11930 
3 11930 11869 11852 
3 11930 11852 11928 
3 11928 11852 11871 
3 11928 11871 11927 
3 11927 11871 11872 
3 11927 11872 11925 
3 11925 11872 11853 
3 11925 11853 11923 
3 11923 11853 11854 
3 11923 11854 11855 
3 11855 11854 11874 
3 11855 11874 11856 
3 11856 11874 11857 
3 11856 11857 11858 
3 11858 11857 11859 
3 11858 11859 11860 
3 11860 11859 11876 
3 11860 11876 11919 
3 11919 11876 11878 
3 11919 11878 11917 
3 11917 11878 11861 
3 11917 11861 11915 
3 11915 11861 11880 
3 11915 11880 11862 
3 11862 11880 11881 
3 11862 11881 11912 
3 11912 11881 11863 
3 11912 11863 11909 
3 11909 11863 11268 
3 11909 11268 11267 
3 11939 11115 11864 
3 11864 11115 11114 
3 11864 11114 11865 
3 11865 11866 11864 
3 11864 11866 11743 
3 11864 11743 11848 
3 11848 11743 11742 
3 11848 11742 11849 
3 11849 11742 11868 
3 11849 11868 11867 
3 11867 11868 11739 
3 11867 11739 11850 
3 11850 11739 11738 
3 11850 11738 11869 
3 11869 11738 11735 
3 11869 11735 11852 
3 11852 11735 11870 
3 11852 11870 11871 
3 11871 11870 11733 
3 11871 11733 11872 
3 11872 11733 11732 
3 11872 11732 11853 
3 11853 11732 11873 
3 11853 11873 11854 
3 11854 11873 11730 
3 11854 11730 11874 
3 11874 11730 11875 
3 11874 11875 11857 
3 11857 11875 11728 
3 11857 11728 11859 
3 11859 11728 11727 
3 11859 11727 11876 
3 11876 11727 11877 
3 11876 11877 11878 
3 11878 11877 11879 
3 11878 11879 11861 
3 11861 11879 11726 
3 11861 11726 11880 
3 11880 11726 11724 
3 11880 11724 11881 
3 11881 11724 11723 
3 11881 11723 11863 
3 11863 11723 11882 
3 11863 11882 11618 
3 11865 11883 11866 
3 11866 11883 11116 
3 11866 11116 11905 
3 11905 11116 11884 
3 11905 11884 11885 
3 11259 11616 11809 
3 11809 11616 11725 
3 11809 11725 11810 
3 11810 11725 11886 
3 11810 11886 11811 
3 11811 11886 11888 
3 11811 11888 11887 
3 11887 11888 11890 
3 11887 11890 11889 
3 11889 11890 11891 
3 11889 11891 11813 
3 11813 11891 11892 
3 11813 11892 11893 
3 11893 11892 11729 
3 11893 11729 11894 
3 11894 11729 11731 
3 11894 11731 11895 
3 11895 11731 11897 
3 11895 11897 11896 
3 11896 11897 11898 
3 11896 11898 11817 
3 11817 11898 11734 
3 11817 11734 11899 
3 11899 11734 11900 
3 11899 11900 11901 
3 11901 11900 11736 
3 11901 11736 11902 
3 11902 11736 11737 
3 11902 11737 11820 
3 11820 11737 11740 
3 11820 11740 11903 
3 11903 11740 11741 
3 11903 11741 11823 
3 11823 11741 11904 
3 11823 11904 11825 
3 11825 11904 11744 
3 11825 11744 11826 
3 11826 11744 11905 
3 11826 11905 11906 
3 11906 11905 11885 
3 11906 11885 11118 
3 11267 11266 11910 
3 11266 11907 11910 
3 11910 11907 11908 
3 11910 11908 11619 
3 11619 11908 11269 
3 11619 11269 11762 
3 11267 11910 11909 
3 11909 11910 11911 
3 11909 11911 11912 
3 11912 11911 11913 
3 11912 11913 11862 
3 11862 11913 11914 
3 11862 11914 11915 
3 11915 11914 11916 
3 11915 11916 11917 
3 11917 11916 11918 
3 11917 11918 11919 
3 11919 11918 11748 
3 11919 11748 11860 
3 11860 11748 11749 
3 11860 11749 11858 
3 11858 11749 11920 
3 11858 11920 11856 
3 11856 11920 11921 
3 11856 11921 11855 
3 11855 11921 11922 
3 11855 11922 11923 
3 11923 11922 11924 
3 11923 11924 11925 
3 11925 11924 11926 
3 11925 11926 11927 
3 11927 11926 11929 
3 11927 11929 11928 
3 11928 11929 11754 
3 11928 11754 11930 
3 11930 11754 11931 
3 11930 11931 11851 
3 11851 11931 11932 
3 11851 11932 11933 
3 11933 11932 11935 
3 11933 11935 11934 
3 11934 11935 11936 
3 11934 11936 11937 
3 11937 11936 11758 
3 11937 11758 11847 
3 11847 11758 11938 
3 11847 11938 11939 
