ply
format ascii 1.0
comment VCGLIB generated
element vertex 8600
property float x
property float y
property float z
property uchar red
property uchar green
property uchar blue
property uchar alpha
element face 17130
property list uchar int vertex_indices
end_header
1.27 0.101605 20.6551 190 190 190 255 
-2.6289 0.101605 20.6551 190 190 190 255 
-1.27 -0.0508104 20.655 190 190 190 255 
-2.6289 -0.0508104 20.655 190 190 190 255 
-2.6289 -0.0860789 20.6582 190 190 190 255 
-2.6289 -0.120289 20.6673 190 190 190 255 
-1.27 -0.120289 20.6673 190 190 190 255 
-2.6289 -0.152401 20.6823 190 190 190 255 
-1.27 -0.152401 20.6823 190 190 190 255 
-1.27 -0.226772 20.7567 190 190 190 255 
-2.6289 -0.206471 20.7276 190 190 190 255 
-1.27 -0.250921 20.823 190 190 190 255 
-1.27 -0.25401 20.8582 190 190 190 255 
-1.27 -0.226787 20.9598 190 190 190 255 
-2.6289 -0.241739 20.9278 190 190 190 255 
-2.6289 -0.206462 20.9889 190 190 190 255 
-2.6289 -0.181414 21.0139 190 190 190 255 
-1.27 -0.1203 21.0492 190 190 190 255 
-2.6289 -0.152392 21.0343 190 190 190 255 
-2.6289 -0.1203 21.0492 190 190 190 255 
-1.27 -0.0507974 21.0615 190 190 190 255 
-2.6289 -0.0507974 21.0615 190 190 190 255 
2.6289 -0.0860789 20.6582 190 190 190 255 
1.27 -0.0860789 20.6582 190 190 190 255 
1.27 -0.120289 20.6673 190 190 190 255 
2.6289 -0.120289 20.6673 190 190 190 255 
2.6289 -0.152401 20.6823 190 190 190 255 
2.6289 -0.18141 20.7026 190 190 190 255 
1.27 -0.18141 20.7026 190 190 190 255 
1.27 -0.226772 20.7567 190 190 190 255 
2.6289 -0.226772 20.7567 190 190 190 255 
2.6289 -0.25401 20.8582 190 190 190 255 
2.6289 -0.250906 20.8936 190 190 190 255 
2.6289 -0.241739 20.9278 190 190 190 255 
1.27 -0.241739 20.9278 190 190 190 255 
2.6289 -0.181414 21.0139 190 190 190 255 
1.27 -0.206462 20.9889 190 190 190 255 
1.27 -0.181414 21.0139 190 190 190 255 
2.6289 -0.152392 21.0343 190 190 190 255 
2.6289 -0.0860934 21.0584 190 190 190 255 
2.6289 0.101602 20.4773 190 190 190 255 
-1.27 0.101596 21.0615 190 190 190 255 
1.27 -0.0507974 21.0615 190 190 190 255 
2.6289 -0.0507974 21.0615 190 190 190 255 
-2.6289 0.101602 20.4773 190 190 190 255 
-2.6289 0.101596 21.0615 190 190 190 255 
2.6289 0.101596 21.0615 190 190 190 255 
1.27 0.101596 21.0615 190 190 190 255 
1.27 -0.0860944 20.0739 190 190 190 255 
2.6289 -0.0860944 20.0739 190 190 190 255 
2.6289 -0.120305 20.0831 190 190 190 255 
1.27 -0.120305 20.0831 190 190 190 255 
2.6289 -0.152395 20.0981 190 190 190 255 
1.27 -0.152395 20.0981 190 190 190 255 
2.6289 -0.181404 20.1184 190 190 190 255 
2.6289 -0.206465 20.1434 190 190 190 255 
1.27 -0.206465 20.1434 190 190 190 255 
2.6289 -0.241753 20.2045 190 190 190 255 
1.27 -0.241753 20.2045 190 190 190 255 
2.6289 -0.250915 20.2388 190 190 190 255 
2.6289 -0.254005 20.2741 190 190 190 255 
1.27 -0.254005 20.2741 190 190 190 255 
2.6289 -0.250922 20.3093 190 190 190 255 
2.6289 -0.241755 20.3435 190 190 190 255 
1.27 -0.241755 20.3435 190 190 190 255 
1.27 -0.206457 20.4047 190 190 190 255 
2.6289 -0.181408 20.4297 190 190 190 255 
2.6289 -0.152408 20.45 190 190 190 255 
1.27 -0.181408 20.4297 190 190 190 255 
1.27 -0.152408 20.45 190 190 190 255 
1.27 -0.120295 20.465 190 190 190 255 
2.6289 -0.086088 20.4742 190 190 190 255 
2.6289 -0.050792 20.4773 190 190 190 255 
1.27 -0.086088 20.4742 190 190 190 255 
-1.27 -0.0860944 20.0739 190 190 190 255 
-2.6289 -0.0860944 20.0739 190 190 190 255 
-1.27 -0.152395 20.0981 190 190 190 255 
-2.6289 -0.152395 20.0981 190 190 190 255 
-1.27 -0.206465 20.1434 190 190 190 255 
-1.27 -0.226766 20.1725 190 190 190 255 
-1.27 -0.254005 20.2741 190 190 190 255 
-1.27 -0.226781 20.3757 190 190 190 255 
-1.27 -0.206457 20.4047 190 190 190 255 
-2.6289 -0.206457 20.4047 190 190 190 255 
-1.27 -0.181408 20.4297 190 190 190 255 
-1.27 -0.120295 20.465 190 190 190 255 
-2.6289 -0.120295 20.465 190 190 190 255 
-2.6289 -0.050792 20.4773 190 190 190 255 
-1.27 -0.0507944 21.2393 190 190 190 255 
2.6289 0.101599 21.2393 190 190 190 255 
1.27 0.101599 21.2393 190 190 190 255 
1.27 -0.0507944 21.2393 190 190 190 255 
1.27 0.10161 20.0709 190 190 190 255 
-1.27 -0.0860843 21.2424 190 190 190 255 
-2.6289 -0.120295 21.2515 190 190 190 255 
-1.27 -0.120295 21.2515 190 190 190 255 
-1.27 -0.181415 21.2868 190 190 190 255 
-2.6289 -0.152406 21.2665 190 190 190 255 
-2.6289 -0.181415 21.2868 190 190 190 255 
-1.27 -0.206455 21.3119 190 190 190 255 
-1.27 -0.226777 21.3409 190 190 190 255 
-1.27 -0.241742 21.373 190 190 190 255 
-2.6289 -0.226777 21.3409 190 190 190 255 
-1.27 -0.250905 21.4072 190 190 190 255 
-2.6289 -0.250905 21.4072 190 190 190 255 
-2.6289 -0.253994 21.4425 190 190 190 255 
-1.27 -0.250912 21.4778 190 190 190 255 
-2.6289 -0.250912 21.4778 190 190 190 255 
-1.27 -0.226771 21.5441 190 190 190 255 
-2.6289 -0.241744 21.512 190 190 190 255 
-1.27 -0.206467 21.5731 190 190 190 255 
-1.27 -0.181419 21.5981 190 190 190 255 
-2.6289 -0.152397 21.6184 190 190 190 255 
-1.27 -0.120306 21.6334 190 190 190 255 
-1.27 -0.0860774 21.6426 190 190 190 255 
-2.6289 -0.0860774 21.6426 190 190 190 255 
2.6289 -0.0860843 21.2424 190 190 190 255 
2.6289 -0.120295 21.2515 190 190 190 255 
2.6289 -0.152406 21.2665 190 190 190 255 
2.6289 -0.181415 21.2868 190 190 190 255 
1.27 -0.152406 21.2665 190 190 190 255 
1.27 -0.181415 21.2868 190 190 190 255 
2.6289 -0.206455 21.3119 190 190 190 255 
1.27 -0.226777 21.3409 190 190 190 255 
2.6289 -0.226777 21.3409 190 190 190 255 
2.6289 -0.241742 21.373 190 190 190 255 
2.6289 -0.250905 21.4072 190 190 190 255 
1.27 -0.241742 21.373 190 190 190 255 
2.6289 -0.250912 21.4778 190 190 190 255 
1.27 -0.250912 21.4778 190 190 190 255 
2.6289 -0.241744 21.512 190 190 190 255 
1.27 -0.226771 21.5441 190 190 190 255 
2.6289 -0.226771 21.5441 190 190 190 255 
2.6289 -0.206467 21.5731 190 190 190 255 
1.27 -0.206467 21.5731 190 190 190 255 
2.6289 -0.181419 21.5981 190 190 190 255 
1.27 -0.181419 21.5981 190 190 190 255 
2.6289 -0.0508028 21.6457 190 190 190 255 
1.27 0.101607 19.8931 190 190 190 255 
2.6289 0.10161 20.0709 190 190 190 255 
-2.6289 0.101607 19.8931 190 190 190 255 
2.6289 0.101591 21.6456 190 190 190 255 
2.6289 0.101607 19.8931 190 190 190 255 
-1.27 -0.0508079 19.893 190 190 190 255 
-1.27 0.101591 21.6456 190 190 190 255 
-2.6289 0.101591 21.6456 190 190 190 255 
2.6289 0.101594 21.8235 190 190 190 255 
1.27 -0.0507996 19.4867 190 190 190 255 
1.27 -0.1203 19.4989 190 190 190 255 
1.27 -0.15239 19.5139 190 190 190 255 
1.27 -0.18142 19.5342 190 190 190 255 
1.27 -0.226782 19.5882 190 190 190 255 
1.27 -0.241747 19.6204 190 190 190 255 
2.6289 -0.250917 19.7251 190 190 190 255 
1.27 -0.241749 19.7594 190 190 190 255 
2.6289 -0.226776 19.7915 190 190 190 255 
2.6289 -0.206451 19.8205 190 190 190 255 
1.27 -0.181424 19.8455 190 190 190 255 
2.6289 -0.120289 19.8808 190 190 190 255 
1.27 -0.120289 19.8808 190 190 190 255 
1.27 -0.0860825 19.89 190 190 190 255 
2.6289 -0.0508079 19.893 190 190 190 255 
-1.27 -0.0507996 19.4867 190 190 190 255 
-1.27 -0.086089 19.4897 190 190 190 255 
-2.6289 -0.1203 19.4989 190 190 190 255 
-2.6289 -0.15239 19.5139 190 190 190 255 
-1.27 -0.18142 19.5342 190 190 190 255 
-2.6289 -0.18142 19.5342 190 190 190 255 
-1.27 -0.226782 19.5882 190 190 190 255 
-2.6289 -0.226782 19.5882 190 190 190 255 
-1.27 -0.241747 19.6204 190 190 190 255 
-2.6289 -0.241747 19.6204 190 190 190 255 
-1.27 -0.253999 19.6899 190 190 190 255 
-1.27 -0.250917 19.7251 190 190 190 255 
-2.6289 -0.250917 19.7251 190 190 190 255 
-1.27 -0.226776 19.7915 190 190 190 255 
-2.6289 -0.226776 19.7915 190 190 190 255 
-1.27 -0.206451 19.8205 190 190 190 255 
-1.27 -0.181424 19.8455 190 190 190 255 
-1.27 -0.0860825 19.89 190 190 190 255 
-1.27 0.101594 21.8235 190 190 190 255 
-2.6289 0.101594 21.8235 190 190 190 255 
2.6289 -0.0507998 21.8235 190 190 190 255 
1.27 0.101594 21.8235 190 190 190 255 
1.27 0.101594 19.4867 190 190 190 255 
2.6289 -0.0507996 19.4867 190 190 190 255 
-2.6289 0.101594 19.4867 190 190 190 255 
-2.6289 -0.0860897 21.8265 190 190 190 255 
-1.27 -0.1203 21.8357 190 190 190 255 
-2.6289 -0.20646 21.8961 190 190 190 255 
-1.27 -0.226783 21.925 190 190 190 255 
-2.6289 -0.226783 21.925 190 190 190 255 
-1.27 -0.241748 21.9572 190 190 190 255 
-2.6289 -0.241748 21.9572 190 190 190 255 
-2.6289 -0.25091 21.9914 190 190 190 255 
-1.27 -0.253999 22.0267 190 190 190 255 
-2.6289 -0.253999 22.0267 190 190 190 255 
-1.27 -0.250917 22.0619 190 190 190 255 
-2.6289 -0.250917 22.0619 190 190 190 255 
-1.27 -0.226776 22.1283 190 190 190 255 
-2.6289 -0.226776 22.1283 190 190 190 255 
-1.27 -0.206451 22.1573 190 190 190 255 
-1.27 -0.181424 22.1823 190 190 190 255 
-1.27 -0.12029 22.2176 190 190 190 255 
-1.27 -0.0860828 22.2268 190 190 190 255 
-1.27 -0.0508082 22.2298 190 190 190 255 
-2.6289 -0.0860828 22.2268 190 190 190 255 
-2.6289 -0.0508082 22.2298 190 190 190 255 
1.27 -0.0507998 21.8235 190 190 190 255 
1.27 -0.1203 21.8357 190 190 190 255 
2.6289 -0.1203 21.8357 190 190 190 255 
1.27 -0.15239 21.8507 190 190 190 255 
2.6289 -0.15239 21.8507 190 190 190 255 
2.6289 -0.20646 21.8961 190 190 190 255 
1.27 -0.226783 21.925 190 190 190 255 
2.6289 -0.226783 21.925 190 190 190 255 
1.27 -0.25091 21.9914 190 190 190 255 
1.27 -0.250917 22.0619 190 190 190 255 
2.6289 -0.250917 22.0619 190 190 190 255 
2.6289 -0.24175 22.0962 190 190 190 255 
1.27 -0.24175 22.0962 190 190 190 255 
2.6289 -0.226776 22.1283 190 190 190 255 
1.27 -0.226776 22.1283 190 190 190 255 
2.6289 -0.181424 22.1823 190 190 190 255 
1.27 -0.181424 22.1823 190 190 190 255 
1.27 -0.12029 22.2176 190 190 190 255 
2.6289 -0.0860828 22.2268 190 190 190 255 
2.6289 -0.0508082 22.2298 190 190 190 255 
2.6289 0.101594 19.4867 190 190 190 255 
1.27 0.101591 19.3088 190 190 190 255 
-1.27 0.101591 19.3088 190 190 190 255 
1.27 0.101607 22.2299 190 190 190 255 
2.6289 0.101607 22.2299 190 190 190 255 
2.6289 0.101591 19.3088 190 190 190 255 
1.27 -0.0508025 19.3089 190 190 190 255 
-1.27 0.101607 22.2299 190 190 190 255 
-2.6289 0.101607 22.2299 190 190 190 255 
1.27 -0.0507941 18.9025 190 190 190 255 
2.6289 -0.0842465 18.9052 190 190 190 255 
1.27 -0.0842465 18.9052 190 190 190 255 
2.6289 -0.116789 18.9134 190 190 190 255 
2.6289 -0.147509 18.927 190 190 190 255 
1.27 -0.116789 18.9134 190 190 190 255 
2.6289 -0.175617 18.9453 190 190 190 255 
2.6289 -0.200299 18.968 190 190 190 255 
1.27 -0.200299 18.968 190 190 190 255 
2.6289 -0.236888 19.024 190 190 190 255 
1.27 -0.247778 19.0558 190 190 190 255 
2.6289 -0.253299 19.1225 190 190 190 255 
1.27 -0.253299 19.1225 190 190 190 255 
1.27 -0.24779 19.1555 190 190 190 255 
2.6289 -0.220921 19.2168 190 190 190 255 
1.27 -0.220921 19.2168 190 190 190 255 
2.6289 -0.200302 19.2433 190 190 190 255 
1.27 -0.200302 19.2433 190 190 190 255 
2.6289 -0.1756 19.266 190 190 190 255 
1.27 -0.1756 19.266 190 190 190 255 
2.6289 -0.147513 19.2844 190 190 190 255 
1.27 -0.116779 19.2979 190 190 190 255 
2.6289 -0.0842377 19.3061 190 190 190 255 
1.27 -0.0842377 19.3061 190 190 190 255 
-1.27 -0.0507941 18.9025 190 190 190 255 
-1.27 -0.0860836 18.9056 190 190 190 255 
-2.6289 -0.0507941 18.9025 190 190 190 255 
-2.6289 -0.0860836 18.9056 190 190 190 255 
-1.27 -0.206454 18.9751 190 190 190 255 
-2.6289 -0.206454 18.9751 190 190 190 255 
-1.27 -0.226777 19.0041 190 190 190 255 
-1.27 -0.241742 19.0362 190 190 190 255 
-2.6289 -0.226777 19.0041 190 190 190 255 
-1.27 -0.253994 19.1057 190 190 190 255 
-1.27 -0.226771 19.2073 190 190 190 255 
-2.6289 -0.241744 19.1752 190 190 190 255 
-2.6289 -0.226771 19.2073 190 190 190 255 
-2.6289 -0.206467 19.2363 190 190 190 255 
-1.27 -0.181419 19.2613 190 190 190 255 
-1.27 -0.152397 19.2817 190 190 190 255 
-2.6289 -0.181419 19.2613 190 190 190 255 
-1.27 -0.120305 19.2966 190 190 190 255 
-2.6289 -0.152397 19.2817 190 190 190 255 
-2.6289 -0.120305 19.2966 190 190 190 255 
-2.6289 -0.0860771 19.3058 190 190 190 255 
-1.27 -0.0508052 22.4077 190 190 190 255 
-2.6289 0.10161 22.4077 190 190 190 255 
2.6289 0.10161 22.4077 190 190 190 255 
1.27 0.10161 22.4077 190 190 190 255 
2.6289 -0.0507941 18.9025 190 190 190 255 
-2.6289 -0.0508052 22.4077 190 190 190 255 
-1.27 -0.120306 22.4199 190 190 190 255 
-2.6289 -0.0860951 22.4107 190 190 190 255 
-1.27 -0.152396 22.4349 190 190 190 255 
-2.6289 -0.120306 22.4199 190 190 190 255 
-2.6289 -0.152396 22.4349 190 190 190 255 
-1.27 -0.181405 22.4552 190 190 190 255 
-1.27 -0.206466 22.4802 190 190 190 255 
-1.27 -0.226767 22.5093 190 190 190 255 
-2.6289 -0.206466 22.4802 190 190 190 255 
-2.6289 -0.226767 22.5093 190 190 190 255 
-1.27 -0.241753 22.5413 190 190 190 255 
-1.27 -0.254005 22.6109 190 190 190 255 
-2.6289 -0.254005 22.6109 190 190 190 255 
-1.27 -0.250923 22.6461 190 190 190 255 
-1.27 -0.241755 22.6803 190 190 190 255 
-2.6289 -0.226782 22.7125 190 190 190 255 
-1.27 -0.206457 22.7415 190 190 190 255 
-1.27 -0.181408 22.7665 190 190 190 255 
-2.6289 -0.181408 22.7665 190 190 190 255 
-2.6289 -0.152408 22.7868 190 190 190 255 
-1.27 -0.120295 22.8018 190 190 190 255 
-2.6289 -0.0507923 22.8141 190 190 190 255 
2.6289 -0.0860951 22.4107 190 190 190 255 
1.27 -0.0508052 22.4077 190 190 190 255 
1.27 -0.0860951 22.4107 190 190 190 255 
2.6289 -0.152396 22.4349 190 190 190 255 
1.27 -0.120306 22.4199 190 190 190 255 
1.27 -0.181405 22.4552 190 190 190 255 
2.6289 -0.206466 22.4802 190 190 190 255 
2.6289 -0.226767 22.5093 190 190 190 255 
1.27 -0.250916 22.5756 190 190 190 255 
1.27 -0.254005 22.6109 190 190 190 255 
1.27 -0.250923 22.6461 190 190 190 255 
1.27 -0.241755 22.6803 190 190 190 255 
2.6289 -0.226782 22.7125 190 190 190 255 
1.27 -0.226782 22.7125 190 190 190 255 
1.27 -0.206457 22.7415 190 190 190 255 
2.6289 -0.181408 22.7665 190 190 190 255 
1.27 -0.181408 22.7665 190 190 190 255 
2.6289 -0.152408 22.7868 190 190 190 255 
1.27 -0.152408 22.7868 190 190 190 255 
1.27 -0.120295 22.8018 190 190 190 255 
2.6289 -0.0507923 22.8141 190 190 190 255 
1.27 0.101597 18.7247 190 190 190 255 
-1.27 0.1016 18.9025 190 190 190 255 
-2.6289 0.1016 18.9025 190 190 190 255 
-1.27 0.101602 22.8141 190 190 190 255 
1.27 -0.0507971 18.7247 190 190 190 255 
2.6289 0.101597 18.7247 190 190 190 255 
2.6289 -0.0507971 18.7247 190 190 190 255 
-2.6289 0.101597 18.7247 190 190 190 255 
-1.27 0.101597 18.7247 190 190 190 255 
-2.6289 -0.0507971 18.7247 190 190 190 255 
-2.6289 0.101604 22.9919 190 190 190 255 
2.6289 0.101604 22.9919 190 190 190 255 
1.27 0.101602 22.8141 190 190 190 255 
2.6289 -0.0508101 18.3182 190 190 190 255 
2.6289 -0.120289 18.3305 190 190 190 255 
2.6289 -0.1524 18.3455 190 190 190 255 
1.27 -0.20647 18.3908 190 190 190 255 
2.6289 -0.20647 18.3908 190 190 190 255 
2.6289 -0.226772 18.4199 190 190 190 255 
1.27 -0.241736 18.452 190 190 190 255 
2.6289 -0.241736 18.452 190 190 190 255 
1.27 -0.25092 18.4862 190 190 190 255 
2.6289 -0.25401 18.5214 190 190 190 255 
1.27 -0.25401 18.5214 190 190 190 255 
1.27 -0.250906 18.5568 190 190 190 255 
2.6289 -0.250906 18.5568 190 190 190 255 
2.6289 -0.241739 18.591 190 190 190 255 
1.27 -0.241739 18.591 190 190 190 255 
2.6289 -0.226787 18.623 190 190 190 255 
2.6289 -0.206462 18.6521 190 190 190 255 
1.27 -0.206462 18.6521 190 190 190 255 
1.27 -0.152391 18.6975 190 190 190 255 
2.6289 -0.1203 18.7124 190 190 190 255 
1.27 -0.1203 18.7124 190 190 190 255 
2.6289 -0.0860931 18.7216 190 190 190 255 
-1.27 -0.0860782 18.3214 190 190 190 255 
-2.6289 -0.0860782 18.3214 190 190 190 255 
-2.6289 -0.120289 18.3305 190 190 190 255 
-1.27 -0.1524 18.3455 190 190 190 255 
-2.6289 -0.1524 18.3455 190 190 190 255 
-1.27 -0.20647 18.3908 190 190 190 255 
-2.6289 -0.20647 18.3908 190 190 190 255 
-2.6289 -0.241736 18.452 190 190 190 255 
-1.27 -0.241736 18.452 190 190 190 255 
-1.27 -0.25092 18.4862 190 190 190 255 
-2.6289 -0.25092 18.4862 190 190 190 255 
-1.27 -0.25401 18.5214 190 190 190 255 
-2.6289 -0.25401 18.5214 190 190 190 255 
-1.27 -0.226787 18.623 190 190 190 255 
-1.27 -0.206462 18.6521 190 190 190 255 
-2.6289 -0.206462 18.6521 190 190 190 255 
-2.6289 -0.1203 18.7124 190 190 190 255 
-1.27 -0.0507971 18.7247 190 190 190 255 
-2.6289 -0.0860931 18.7216 190 190 190 255 
1.27 0.101604 22.9919 190 190 190 255 
1.27 -0.0507893 22.9919 190 190 190 255 
1.27 0.101605 18.3183 190 190 190 255 
-1.27 0.101605 18.3183 190 190 190 255 
-1.27 -0.0508101 18.3182 190 190 190 255 
-2.6289 0.101605 18.3183 190 190 190 255 
-1.27 -0.0860791 22.995 190 190 190 255 
-2.6289 -0.0860791 22.995 190 190 190 255 
-2.6289 -0.18141 23.0394 190 190 190 255 
-1.27 -0.20645 23.0645 190 190 190 255 
-1.27 -0.226773 23.0935 190 190 190 255 
-1.27 -0.241737 23.1256 190 190 190 255 
-2.6289 -0.226773 23.0935 190 190 190 255 
-2.6289 -0.241737 23.1256 190 190 190 255 
-1.27 -0.250921 23.1598 190 190 190 255 
-2.6289 -0.250921 23.1598 190 190 190 255 
-1.27 -0.25401 23.195 190 190 190 255 
-2.6289 -0.25401 23.195 190 190 190 255 
-1.27 -0.250907 23.2304 190 190 190 255 
-1.27 -0.226766 23.2967 190 190 190 255 
-2.6289 -0.181414 23.3507 190 190 190 255 
-1.27 -0.181414 23.3507 190 190 190 255 
-1.27 -0.120301 23.386 190 190 190 255 
-2.6289 -0.152392 23.3711 190 190 190 255 
-1.27 -0.0860936 23.3952 190 190 190 255 
2.6289 -0.0860791 22.995 190 190 190 255 
1.27 -0.0860791 22.995 190 190 190 255 
2.6289 -0.226773 23.0935 190 190 190 255 
2.6289 -0.250921 23.1598 190 190 190 255 
1.27 -0.250921 23.1598 190 190 190 255 
2.6289 -0.25401 23.195 190 190 190 255 
1.27 -0.25401 23.195 190 190 190 255 
1.27 -0.250907 23.2304 190 190 190 255 
2.6289 -0.241739 23.2646 190 190 190 255 
1.27 -0.241739 23.2646 190 190 190 255 
2.6289 -0.226766 23.2967 190 190 190 255 
1.27 -0.226766 23.2967 190 190 190 255 
2.6289 -0.206463 23.3257 190 190 190 255 
1.27 -0.206463 23.3257 190 190 190 255 
2.6289 -0.181414 23.3507 190 190 190 255 
1.27 -0.181414 23.3507 190 190 190 255 
2.6289 -0.152392 23.3711 190 190 190 255 
1.27 -0.152392 23.3711 190 190 190 255 
-2.6289 -0.0507977 23.3983 190 190 190 255 
-1.27 0.101596 23.3983 190 190 190 255 
-1.27 -0.0507977 23.3983 190 190 190 255 
1.27 0.101596 23.3983 190 190 190 255 
1.27 -0.0507977 23.3983 190 190 190 255 
2.6289 0.101596 23.3983 190 190 190 255 
1.27 0.101602 18.1405 190 190 190 255 
2.6289 0.101602 18.1405 190 190 190 255 
-2.6289 -0.0507917 18.1405 190 190 190 255 
-1.27 0.101602 18.1405 190 190 190 255 
-1.27 0.101599 23.5761 190 190 190 255 
-2.6289 0.101596 23.3983 190 190 190 255 
-2.6289 0.101599 23.5761 190 190 190 255 
2.6289 0.101599 23.5761 190 190 190 255 
1.27 -0.120305 17.7463 190 190 190 255 
1.27 -0.152395 17.7613 190 190 190 255 
1.27 -0.181404 17.7816 190 190 190 255 
1.27 -0.206465 17.8066 190 190 190 255 
1.27 -0.226766 17.8357 190 190 190 255 
2.6289 -0.241752 17.8678 190 190 190 255 
2.6289 -0.250915 17.902 190 190 190 255 
1.27 -0.241752 17.8678 190 190 190 255 
2.6289 -0.254004 17.9373 190 190 190 255 
2.6289 -0.241754 18.0067 190 190 190 255 
2.6289 -0.226781 18.0389 190 190 190 255 
1.27 -0.181408 18.0929 190 190 190 255 
1.27 -0.152407 18.1132 190 190 190 255 
1.27 -0.120295 18.1282 190 190 190 255 
2.6289 -0.0860875 18.1374 190 190 190 255 
1.27 -0.0860875 18.1374 190 190 190 255 
1.27 -0.0507917 18.1405 190 190 190 255 
-1.27 -0.0860941 17.7371 190 190 190 255 
-1.27 -0.120305 17.7463 190 190 190 255 
-1.27 -0.152395 17.7613 190 190 190 255 
-2.6289 -0.120305 17.7463 190 190 190 255 
-2.6289 -0.152395 17.7613 190 190 190 255 
-2.6289 -0.181404 17.7816 190 190 190 255 
-2.6289 -0.206465 17.8066 190 190 190 255 
-2.6289 -0.226766 17.8357 190 190 190 255 
-1.27 -0.241752 17.8678 190 190 190 255 
-2.6289 -0.241752 17.8678 190 190 190 255 
-1.27 -0.250915 17.902 190 190 190 255 
-2.6289 -0.250915 17.902 190 190 190 255 
-2.6289 -0.254004 17.9373 190 190 190 255 
-1.27 -0.250922 17.9725 190 190 190 255 
-1.27 -0.241754 18.0067 190 190 190 255 
-1.27 -0.226781 18.0389 190 190 190 255 
-2.6289 -0.226781 18.0389 190 190 190 255 
-1.27 -0.206456 18.0679 190 190 190 255 
-2.6289 -0.206456 18.0679 190 190 190 255 
-1.27 -0.181408 18.0929 190 190 190 255 
-2.6289 -0.181408 18.0929 190 190 190 255 
-1.27 -0.152407 18.1132 190 190 190 255 
-2.6289 -0.120295 18.1282 190 190 190 255 
-2.6289 -0.0860875 18.1374 190 190 190 255 
1.27 0.101599 23.5761 190 190 190 255 
2.6289 -0.0508045 17.7341 190 190 190 255 
1.27 -0.0508045 17.7341 190 190 190 255 
-1.27 0.101611 17.7341 190 190 190 255 
-2.6289 -0.0507947 23.5761 190 190 190 255 
-1.27 -0.0842475 23.5788 190 190 190 255 
-2.6289 -0.14751 23.6006 190 190 190 255 
-1.27 -0.200299 23.6416 190 190 190 255 
-1.27 -0.22091 23.6681 190 190 190 255 
-2.6289 -0.200299 23.6416 190 190 190 255 
-2.6289 -0.22091 23.6681 190 190 190 255 
-2.6289 -0.253308 23.7625 190 190 190 255 
-2.6289 -0.236888 23.8609 190 190 190 255 
-2.6289 -0.220922 23.8904 190 190 190 255 
-1.27 -0.200303 23.9169 190 190 190 255 
-2.6289 -0.200303 23.9169 190 190 190 255 
-1.27 -0.1756 23.9396 190 190 190 255 
-1.27 -0.147514 23.958 190 190 190 255 
-2.6289 -0.1756 23.9396 190 190 190 255 
-1.27 -0.0508035 23.9825 190 190 190 255 
1.27 -0.0507947 23.5761 190 190 190 255 
2.6289 -0.116768 23.5871 190 190 190 255 
1.27 -0.0842475 23.5788 190 190 190 255 
2.6289 -0.14751 23.6006 190 190 190 255 
2.6289 -0.175618 23.6189 190 190 190 255 
2.6289 -0.200299 23.6416 190 190 190 255 
1.27 -0.236889 23.6976 190 190 190 255 
2.6289 -0.247778 23.7294 190 190 190 255 
1.27 -0.2533 23.7961 190 190 190 255 
1.27 -0.247791 23.8291 190 190 190 255 
2.6289 -0.236888 23.8609 190 190 190 255 
1.27 -0.220922 23.8904 190 190 190 255 
2.6289 -0.200303 23.9169 190 190 190 255 
1.27 -0.200303 23.9169 190 190 190 255 
2.6289 -0.1756 23.9396 190 190 190 255 
2.6289 -0.147514 23.958 190 190 190 255 
1.27 -0.116779 23.9715 190 190 190 255 
2.6289 -0.116779 23.9715 190 190 190 255 
2.6289 -0.0842383 23.9797 190 190 190 255 
1.27 -0.0842383 23.9797 190 190 190 255 
2.6289 0.101607 17.5563 190 190 190 255 
1.27 0.101607 17.5563 190 190 190 255 
1.27 0.101611 17.7341 190 190 190 255 
-1.27 0.10159 23.9824 190 190 190 255 
1.27 -0.0508035 23.9825 190 190 190 255 
2.6289 -0.0508035 23.9825 190 190 190 255 
-2.6289 0.101607 17.5563 190 190 190 255 
-1.27 0.101607 17.5563 190 190 190 255 
-1.27 -0.0508074 17.5562 190 190 190 255 
2.6289 0.10159 23.9824 190 190 190 255 
2.6289 0.101593 24.1602 190 190 190 255 
1.27 0.10159 23.9824 190 190 190 255 
1.27 0.101593 24.1602 190 190 190 255 
2.6289 -0.0860887 17.1529 190 190 190 255 
1.27 -0.0507991 17.1499 190 190 190 255 
2.6289 -0.152411 17.1771 190 190 190 255 
2.6289 -0.18142 17.1974 190 190 190 255 
1.27 -0.18142 17.1974 190 190 190 255 
2.6289 -0.226782 17.2515 190 190 190 255 
1.27 -0.206459 17.2225 190 190 190 255 
2.6289 -0.253999 17.3531 190 190 190 255 
2.6289 -0.250916 17.3883 190 190 190 255 
1.27 -0.226776 17.4547 190 190 190 255 
1.27 -0.206451 17.4837 190 190 190 255 
1.27 -0.152402 17.529 190 190 190 255 
2.6289 -0.152402 17.529 190 190 190 255 
2.6289 -0.120289 17.544 190 190 190 255 
2.6289 -0.0860821 17.5532 190 190 190 255 
1.27 -0.120289 17.544 190 190 190 255 
-1.27 -0.0860887 17.1529 190 190 190 255 
-1.27 -0.152411 17.1771 190 190 190 255 
-2.6289 -0.18142 17.1974 190 190 190 255 
-1.27 -0.206459 17.2225 190 190 190 255 
-2.6289 -0.206459 17.2225 190 190 190 255 
-1.27 -0.241747 17.2836 190 190 190 255 
-2.6289 -0.250909 17.3178 190 190 190 255 
-2.6289 -0.253999 17.3531 190 190 190 255 
-2.6289 -0.250916 17.3883 190 190 190 255 
-1.27 -0.241749 17.4226 190 190 190 255 
-2.6289 -0.241749 17.4226 190 190 190 255 
-1.27 -0.206451 17.4837 190 190 190 255 
-2.6289 -0.206451 17.4837 190 190 190 255 
-1.27 -0.181424 17.5087 190 190 190 255 
-1.27 -0.152402 17.529 190 190 190 255 
-2.6289 -0.152402 17.529 190 190 190 255 
-2.6289 -0.0860821 17.5532 190 190 190 255 
-1.27 -0.0508005 24.1603 190 190 190 255 
-2.6289 0.101593 24.1602 190 190 190 255 
1.27 -0.0508005 24.1603 190 190 190 255 
1.27 0.101595 17.1499 190 190 190 255 
-1.27 -0.0507991 17.1499 190 190 190 255 
-2.6289 0.101595 17.1499 190 190 190 255 
-1.27 -0.116774 24.1713 190 190 190 255 
-1.27 -0.147515 24.1847 190 190 190 255 
-2.6289 -0.175602 24.2031 190 190 190 255 
-2.6289 -0.200305 24.2258 190 190 190 255 
-1.27 -0.200305 24.2258 190 190 190 255 
-1.27 -0.236894 24.2818 190 190 190 255 
-2.6289 -0.220915 24.2523 190 190 190 255 
-2.6289 -0.236894 24.2818 190 190 190 255 
-1.27 -0.253313 24.3467 190 190 190 255 
-2.6289 -0.253313 24.3467 190 190 190 255 
-1.27 -0.253306 24.3802 190 190 190 255 
-1.27 -0.247775 24.4134 190 190 190 255 
-1.27 -0.220906 24.4746 190 190 190 255 
-1.27 -0.200309 24.5011 190 190 190 255 
-2.6289 -0.220906 24.4746 190 190 190 255 
-1.27 -0.175606 24.5238 190 190 190 255 
-2.6289 -0.175606 24.5238 190 190 190 255 
-1.27 -0.116785 24.5556 190 190 190 255 
-2.6289 -0.0842437 24.5639 190 190 190 255 
2.6289 -0.0842529 24.163 190 190 190 255 
2.6289 -0.116774 24.1713 190 190 190 255 
2.6289 -0.175602 24.2031 190 190 190 255 
2.6289 -0.200305 24.2258 190 190 190 255 
1.27 -0.200305 24.2258 190 190 190 255 
1.27 -0.220915 24.2523 190 190 190 255 
2.6289 -0.220915 24.2523 190 190 190 255 
1.27 -0.236894 24.2818 190 190 190 255 
2.6289 -0.236894 24.2818 190 190 190 255 
2.6289 -0.247783 24.3136 190 190 190 255 
2.6289 -0.253313 24.3467 190 190 190 255 
1.27 -0.247783 24.3136 190 190 190 255 
2.6289 -0.253306 24.3802 190 190 190 255 
2.6289 -0.247775 24.4134 190 190 190 255 
1.27 -0.236893 24.4451 190 190 190 255 
1.27 -0.220906 24.4746 190 190 190 255 
2.6289 -0.200309 24.5011 190 190 190 255 
1.27 -0.200309 24.5011 190 190 190 255 
1.27 0.101592 16.972 190 190 190 255 
2.6289 0.101595 17.1499 190 190 190 255 
-1.27 0.101592 16.972 190 190 190 255 
-1.27 0.101595 17.1499 190 190 190 255 
-2.6289 -0.0508089 24.5666 190 190 190 255 
1.27 0.101606 24.5667 190 190 190 255 
1.27 -0.0508089 24.5666 190 190 190 255 
2.6289 0.101592 16.972 190 190 190 255 
-2.6289 0.101592 16.972 190 190 190 255 
-2.6289 -0.050802 16.9721 190 190 190 255 
2.6289 0.101609 24.7445 190 190 190 255 
1.27 0.101609 24.7445 190 190 190 255 
2.6289 -0.0860833 16.5688 190 190 190 255 
2.6289 -0.120294 16.5779 190 190 190 255 
1.27 -0.120294 16.5779 190 190 190 255 
2.6289 -0.181415 16.6132 190 190 190 255 
1.27 -0.181415 16.6132 190 190 190 255 
2.6289 -0.226777 16.6673 190 190 190 255 
1.27 -0.226777 16.6673 190 190 190 255 
2.6289 -0.253993 16.7689 190 190 190 255 
2.6289 -0.250911 16.8042 190 190 190 255 
2.6289 -0.241744 16.8384 190 190 190 255 
1.27 -0.241744 16.8384 190 190 190 255 
2.6289 -0.206467 16.8995 190 190 190 255 
2.6289 -0.152396 16.9449 190 190 190 255 
1.27 -0.152396 16.9449 190 190 190 255 
1.27 -0.0860766 16.969 190 190 190 255 
-1.27 -0.120294 16.5779 190 190 190 255 
-2.6289 -0.120294 16.5779 190 190 190 255 
-1.27 -0.152405 16.5929 190 190 190 255 
-2.6289 -0.152405 16.5929 190 190 190 255 
-1.27 -0.206454 16.6383 190 190 190 255 
-1.27 -0.226777 16.6673 190 190 190 255 
-2.6289 -0.253993 16.7689 190 190 190 255 
-1.27 -0.253993 16.7689 190 190 190 255 
-1.27 -0.250911 16.8042 190 190 190 255 
-2.6289 -0.241744 16.8384 190 190 190 255 
-1.27 -0.22677 16.8705 190 190 190 255 
-2.6289 -0.206467 16.8995 190 190 190 255 
-2.6289 -0.181418 16.9245 190 190 190 255 
-1.27 -0.152396 16.9449 190 190 190 255 
-2.6289 -0.152396 16.9449 190 190 190 255 
-1.27 -0.120305 16.9598 190 190 190 255 
-2.6289 -0.120305 16.9598 190 190 190 255 
-1.27 -0.050802 16.9721 190 190 190 255 
-1.27 0.101609 24.7445 190 190 190 255 
-2.6289 0.101609 24.7445 190 190 190 255 
1.27 0.1016 16.5657 190 190 190 255 
-1.27 -0.0507937 16.5657 190 190 190 255 
-2.6289 0.1016 16.5657 190 190 190 255 
-2.6289 -0.0507937 16.5657 190 190 190 255 
-1.27 -0.175612 25.108 190 190 190 255 
-1.27 -0.147504 25.1264 190 190 190 255 
-1.27 -0.116769 25.1399 190 190 190 255 
-1.27 -0.0842491 25.1481 190 190 190 255 
-2.62694 -0.050793 25.1509 190 190 190 255 
-2.62824 -0.175612 25.108 190 190 190 255 
-1.27 -0.236877 25.0293 190 190 190 255 
-2.6289 -0.226782 25.0492 190 190 190 255 
-2.62888 -0.220911 25.0588 190 190 190 255 
-1.27 -0.220911 25.0588 190 190 190 255 
-2.62865 -0.200293 25.0853 190 190 190 255 
-1.27 -0.0508059 24.7445 190 190 190 255 
-2.6289 -0.0508059 24.7445 190 190 190 255 
-1.27 -0.11678 24.7555 190 190 190 255 
-1.27 -0.147521 24.7689 190 190 190 255 
-2.6289 -0.11678 24.7555 190 190 190 255 
-2.6289 -0.147521 24.7689 190 190 190 255 
-2.6289 -0.175607 24.7873 190 190 190 255 
-1.27 -0.200289 24.8101 190 190 190 255 
-1.27 -0.236878 24.8661 190 190 190 255 
-2.6289 -0.236878 24.8661 190 190 190 255 
-1.27 -0.247789 24.8978 190 190 190 255 
-2.6289 -0.247789 24.8978 190 190 190 255 
-1.27 -0.253297 24.9309 190 190 190 255 
-2.6289 -0.253297 24.9309 190 190 190 255 
-1.27 -0.253311 24.9644 190 190 190 255 
-2.6289 -0.253311 24.9644 190 190 190 255 
-2.6289 -0.247781 24.9976 190 190 190 255 
-2.6289 -0.236877 25.0293 190 190 190 255 
1.27 -0.175612 25.108 190 190 190 255 
2.62824 -0.175612 25.108 190 190 190 255 
1.27 -0.147504 25.1264 190 190 190 255 
2.62777 -0.147504 25.1264 190 190 190 255 
2.62694 -0.050793 25.1509 190 190 190 255 
2.6289 -0.0508059 24.7445 190 190 190 255 
1.27 -0.11678 24.7555 190 190 190 255 
1.27 -0.147521 24.7689 190 190 190 255 
2.6289 -0.175607 24.7873 190 190 190 255 
1.27 -0.175607 24.7873 190 190 190 255 
1.27 -0.200289 24.8101 190 190 190 255 
2.6289 -0.200289 24.8101 190 190 190 255 
2.6289 -0.220921 24.8365 190 190 190 255 
2.6289 -0.236878 24.8661 190 190 190 255 
1.27 -0.247789 24.8978 190 190 190 255 
2.6289 -0.247789 24.8978 190 190 190 255 
2.6289 -0.253297 24.9309 190 190 190 255 
1.27 -0.253311 24.9644 190 190 190 255 
2.6289 -0.247781 24.9976 190 190 190 255 
2.6289 -0.226782 25.0492 190 190 190 255 
2.62888 -0.220911 25.0588 190 190 190 255 
2.62865 -0.200293 25.0853 190 190 190 255 
1.27 0.101597 16.3879 190 190 190 255 
-1.27 0.101597 16.3879 190 190 190 255 
-2.6289 0.101597 16.3879 190 190 190 255 
-1.27 0.1016 16.5657 190 190 190 255 
-1.27 0.101601 25.1509 190 190 190 255 
2.62694 0.101601 25.1509 190 190 190 255 
2.6289 0.101597 16.3879 190 190 190 255 
2.6289 -0.0507966 16.3879 190 190 190 255 
1.27 0.101601 25.1509 190 190 190 255 
2.6289 -0.0860779 15.9846 190 190 190 255 
1.27 -0.120289 15.9937 190 190 190 255 
1.27 -0.1524 16.0087 190 190 190 255 
2.6289 -0.181409 16.029 190 190 190 255 
2.6289 -0.20647 16.054 190 190 190 255 
2.6289 -0.226771 16.0831 190 190 190 255 
1.27 -0.20647 16.054 190 190 190 255 
1.27 -0.226771 16.0831 190 190 190 255 
2.6289 -0.241736 16.1152 190 190 190 255 
2.6289 -0.25092 16.1494 190 190 190 255 
1.27 -0.241736 16.1152 190 190 190 255 
1.27 -0.250906 16.22 190 190 190 255 
2.6289 -0.241738 16.2542 190 190 190 255 
1.27 -0.241738 16.2542 190 190 190 255 
2.6289 -0.226786 16.2862 190 190 190 255 
1.27 -0.226786 16.2862 190 190 190 255 
1.27 -0.206461 16.3153 190 190 190 255 
2.6289 -0.206461 16.3153 190 190 190 255 
2.6289 -0.120299 16.3756 190 190 190 255 
2.6289 -0.0860926 16.3848 190 190 190 255 
1.27 -0.0507966 16.3879 190 190 190 255 
-1.27 -0.0508096 15.9814 190 190 190 255 
-2.6289 -0.0508096 15.9814 190 190 190 255 
-2.6289 -0.0860779 15.9846 190 190 190 255 
-1.27 -0.0860779 15.9846 190 190 190 255 
-1.27 -0.120289 15.9937 190 190 190 255 
-2.6289 -0.120289 15.9937 190 190 190 255 
-1.27 -0.1524 16.0087 190 190 190 255 
-1.27 -0.181409 16.029 190 190 190 255 
-1.27 -0.20647 16.054 190 190 190 255 
-2.6289 -0.226771 16.0831 190 190 190 255 
-2.6289 -0.241736 16.1152 190 190 190 255 
-1.27 -0.25092 16.1494 190 190 190 255 
-2.6289 -0.25092 16.1494 190 190 190 255 
-2.6289 -0.254009 16.1846 190 190 190 255 
-1.27 -0.250906 16.22 190 190 190 255 
-1.27 -0.241738 16.2542 190 190 190 255 
-2.6289 -0.241738 16.2542 190 190 190 255 
-2.6289 -0.226786 16.2862 190 190 190 255 
-1.27 -0.206461 16.3153 190 190 190 255 
-1.27 -0.152391 16.3607 190 190 190 255 
-1.27 -0.120299 16.3756 190 190 190 255 
-1.27 0.101604 25.3287 190 190 190 255 
-2.61401 0.101604 25.3287 190 190 190 255 
2.61401 0.101604 25.3287 190 190 190 255 
1.27 0.101604 25.3287 190 190 190 255 
2.6289 0.101606 15.9815 190 190 190 255 
1.27 0.101606 15.9815 190 190 190 255 
2.6289 -0.0508096 15.9814 190 190 190 255 
-1.2385 -0.116774 25.7241 190 190 190 255 
-1.24149 -0.147509 25.7106 190 190 190 255 
-1.2453 -0.175617 25.6922 190 190 190 255 
-2.54906 -0.175617 25.6922 190 190 190 255 
-1.24963 -0.200298 25.6695 190 190 190 255 
-1.25262 -0.213919 25.652 190 190 190 255 
-2.55469 -0.200298 25.6695 190 190 190 255 
-1.2585 -0.236882 25.6135 190 190 190 255 
-2.56097 -0.220917 25.643 190 190 190 255 
-2.56764 -0.236882 25.6135 190 190 190 255 
-1.26239 -0.247786 25.5817 190 190 190 255 
-2.57441 -0.247786 25.5817 190 190 190 255 
-1.2656 -0.253317 25.5486 190 190 190 255 
-2.58103 -0.253317 25.5486 190 190 190 255 
-2.5823 -0.253312 25.5418 190 190 190 255 
-2.5873 -0.253303 25.5151 190 190 190 255 
-2.59304 -0.247773 25.482 190 190 190 255 
-1.27 -0.233525 25.443 190 190 190 255 
-2.60908 -0.175613 25.3715 190 190 190 255 
-2.61128 -0.147505 25.3532 190 190 190 255 
-2.61281 -0.116785 25.3397 190 190 190 255 
-1.27 -0.0842423 25.3314 190 190 190 255 
-2.61371 -0.0842423 25.3314 190 190 190 255 
1.2366 -0.0842545 25.7323 190 190 190 255 
2.54436 -0.147509 25.7106 190 190 190 255 
1.24149 -0.147509 25.7106 190 190 190 255 
1.25415 -0.220917 25.643 190 190 190 255 
2.56764 -0.236882 25.6135 190 190 190 255 
1.2585 -0.236882 25.6135 190 190 190 255 
2.57441 -0.247786 25.5817 190 190 190 255 
1.26239 -0.247786 25.5817 190 190 190 255 
1.2656 -0.253317 25.5486 190 190 190 255 
2.58103 -0.253317 25.5486 190 190 190 255 
2.59304 -0.247773 25.482 190 190 190 255 
1.26795 -0.253303 25.5151 190 190 190 255 
1.2694 -0.247773 25.482 190 190 190 255 
2.59814 -0.236883 25.4502 190 190 190 255 
1.27 -0.175613 25.3715 190 190 190 255 
2.61281 -0.116785 25.3397 190 190 190 255 
1.27 -0.116785 25.3397 190 190 190 255 
2.61371 -0.0842423 25.3314 190 190 190 255 
2.6289 0.101603 15.8037 190 190 190 255 
1.27 0.101603 15.8037 190 190 190 255 
-1.23595 0.101595 25.7351 190 190 190 255 
-2.53787 -0.0507984 25.7351 190 190 190 255 
-1.23595 -0.0507984 25.7351 190 190 190 255 
1.23595 -0.0507984 25.7351 190 190 190 255 
-1.27 0.101603 15.8037 190 190 190 255 
-1.20119 0.101601 25.8553 190 190 190 255 
-2.53787 0.101595 25.7351 190 190 190 255 
-2.483 0.101598 25.9129 190 190 190 255 
1.23595 0.101595 25.7351 190 190 190 255 
1.20119 0.101601 25.8553 190 190 190 255 
1.17987 0.101598 25.9129 190 190 190 255 
2.6289 -0.0860832 15.4004 190 190 190 255 
1.27 -0.0860832 15.4004 190 190 190 255 
1.27 -0.120294 15.4095 190 190 190 255 
1.27 -0.152405 15.4245 190 190 190 255 
2.6289 -0.181414 15.4448 190 190 190 255 
2.6289 -0.206464 15.4698 190 190 190 255 
1.27 -0.206464 15.4698 190 190 190 255 
2.6289 -0.226776 15.4989 190 190 190 255 
1.27 -0.241752 15.531 190 190 190 255 
2.6289 -0.250914 15.5652 190 190 190 255 
2.6289 -0.254004 15.6005 190 190 190 255 
1.27 -0.250922 15.6357 190 190 190 255 
2.6289 -0.250922 15.6357 190 190 190 255 
2.6289 -0.241754 15.6699 190 190 190 255 
1.27 -0.181407 15.7561 190 190 190 255 
1.27 -0.152407 15.7764 190 190 190 255 
1.27 -0.120294 15.7914 190 190 190 255 
2.6289 -0.0860872 15.8006 190 190 190 255 
1.27 -0.0860872 15.8006 190 190 190 255 
2.6289 -0.0507912 15.8037 190 190 190 255 
-1.27 -0.0508042 15.3973 190 190 190 255 
-1.27 -0.0860832 15.4004 190 190 190 255 
-2.6289 -0.0860832 15.4004 190 190 190 255 
-1.27 -0.120294 15.4095 190 190 190 255 
-1.27 -0.152405 15.4245 190 190 190 255 
-2.6289 -0.181414 15.4448 190 190 190 255 
-1.27 -0.181414 15.4448 190 190 190 255 
-2.6289 -0.206464 15.4698 190 190 190 255 
-1.27 -0.226776 15.4989 190 190 190 255 
-2.6289 -0.226776 15.4989 190 190 190 255 
-2.6289 -0.241752 15.531 190 190 190 255 
-1.27 -0.241752 15.531 190 190 190 255 
-1.27 -0.250914 15.5652 190 190 190 255 
-2.6289 -0.254004 15.6005 190 190 190 255 
-1.27 -0.22678 15.7021 190 190 190 255 
-2.6289 -0.22678 15.7021 190 190 190 255 
-2.6289 -0.206456 15.7311 190 190 190 255 
-1.27 -0.206456 15.7311 190 190 190 255 
-1.27 -0.181407 15.7561 190 190 190 255 
-2.6289 -0.152407 15.7764 190 190 190 255 
-2.6289 -0.120294 15.7914 190 190 190 255 
-1.27 -0.0507912 15.8037 190 190 190 255 
2.483 0.101598 25.9129 190 190 190 255 
1.17987 -0.0507954 25.9129 190 190 190 255 
1.27 0.10159 15.3972 190 190 190 255 
-1.27 0.10159 15.3972 190 190 190 255 
-2.6289 0.10159 15.3972 190 190 190 255 
-2.6289 -0.0508042 15.3973 190 190 190 255 
-1.17987 -0.0507954 25.9129 190 190 190 255 
-2.47915 -0.116769 25.9239 190 190 190 255 
-1.16189 -0.175618 25.9557 190 190 190 255 
-1.15159 -0.2003 25.9784 190 190 190 255 
-2.44905 -0.220911 26.0049 190 190 190 255 
-1.1389 -0.220911 26.0049 190 190 190 255 
-1.12386 -0.236889 26.0344 190 190 190 255 
-1.11682 -0.241317 26.0474 190 190 190 255 
-2.4101 -0.253308 26.0993 190 190 190 255 
-1.08726 -0.253308 26.0993 190 190 190 255 
-2.3952 -0.253301 26.1329 190 190 190 255 
-1.06629 -0.253301 26.1329 190 190 190 255 
-2.37994 -0.247792 26.1659 190 190 190 255 
-2.36479 -0.236888 26.1977 190 190 190 255 
-1.00221 -0.223573 26.223 190 190 190 255 
-2.35023 -0.220922 26.2272 190 190 190 255 
-2.33677 -0.200304 26.2537 190 190 190 255 
-2.32491 -0.175601 26.2764 190 190 190 255 
-2.31513 -0.147515 26.2948 190 190 190 255 
-0.941977 -0.147515 26.2948 190 190 190 255 
-2.31116 -0.132505 26.3021 190 190 190 255 
-0.935315 -0.132583 26.3021 190 190 190 255 
-2.30783 -0.116779 26.3083 190 190 190 255 
-2.30521 -0.100733 26.313 190 190 190 255 
-2.30331 -0.0842386 26.3165 190 190 190 255 
-0.919909 -0.0676906 26.3186 190 190 190 255 
-2.30217 -0.0676675 26.3186 190 190 190 255 
-0.919238 -0.0508038 26.3193 190 190 190 255 
2.30217 -0.0676571 26.3186 190 190 190 255 
2.30331 -0.0842386 26.3165 190 190 190 255 
0.929609 -0.116779 26.3083 190 190 190 255 
2.30783 -0.116779 26.3083 190 190 190 255 
0.935297 -0.132529 26.3021 190 190 190 255 
2.33677 -0.200304 26.2537 190 190 190 255 
0.958256 -0.175601 26.2764 190 190 190 255 
2.32491 -0.175601 26.2764 190 190 190 255 
2.31513 -0.147515 26.2948 190 190 190 255 
0.941977 -0.147515 26.2948 190 190 190 255 
1.00216 -0.223211 26.2229 190 190 190 255 
0.977562 -0.200304 26.2537 190 190 190 255 
1.08726 -0.253308 26.0993 190 190 190 255 
2.4101 -0.253308 26.0993 190 190 190 255 
1.06629 -0.253301 26.1329 190 190 190 255 
2.3952 -0.253301 26.1329 190 190 190 255 
1.04412 -0.247792 26.1659 190 190 190 255 
1.02142 -0.236888 26.1977 190 190 190 255 
2.44905 -0.220911 26.0049 190 190 190 255 
1.12386 -0.236889 26.0344 190 190 190 255 
1.11682 -0.241317 26.0474 190 190 190 255 
2.43732 -0.236889 26.0344 190 190 190 255 
2.45919 -0.200353 25.9785 190 190 190 255 
1.16189 -0.175618 25.9557 190 190 190 255 
2.48276 -0.0676026 25.9136 190 190 190 255 
1.17959 -0.0676592 25.9135 190 190 190 255 
1.17738 -0.100651 25.9191 190 190 190 255 
2.6289 0.10159 15.3972 190 190 190 255 
1.27 0.101599 15.2322 190 190 190 255 
1.26994 0.101597 15.2195 190 190 190 255 
-2.6289 0.101597 15.2195 190 190 190 255 
-2.30179 0.10159 26.3192 190 190 190 255 
-2.30179 -0.0508038 26.3193 190 190 190 255 
2.30179 0.10159 26.3192 190 190 190 255 
2.6289 0.101597 15.2195 190 190 190 255 
-2.6289 -0.0507965 15.2195 190 190 190 255 
-1.26994 0.101597 15.2195 190 190 190 255 
-0.860148 0.1016 26.3773 190 190 190 255 
-2.2628 0.101601 26.3875 190 190 190 255 
-0.919238 0.10159 26.3192 190 190 190 255 
0.708359 0.101593 26.497 190 190 190 255 
2.19431 0.101593 26.497 190 190 190 255 
0.919238 0.10159 26.3192 190 190 190 255 
1.26991 -0.0842421 15.2167 190 190 190 255 
2.6289 -0.116783 15.2084 190 190 190 255 
2.6289 -0.147507 15.195 190 190 190 255 
1.26946 -0.147507 15.195 190 190 190 255 
1.26878 -0.175605 15.1766 190 190 190 255 
2.6289 -0.175605 15.1766 190 190 190 255 
1.26759 -0.200296 15.1539 190 190 190 255 
2.6289 -0.220915 15.1274 190 190 190 255 
1.26567 -0.220915 15.1274 190 190 190 255 
2.6289 -0.236881 15.0979 190 190 190 255 
1.2591 -0.247784 15.0661 190 190 190 255 
2.6289 -0.253301 14.9995 190 190 190 255 
1.2506 -0.253302 15.0117 190 190 190 255 
1.2485 -0.253301 14.9995 190 190 190 255 
2.6289 -0.247782 14.9664 190 190 190 255 
1.23466 -0.236882 14.9346 190 190 190 255 
2.6289 -0.220914 14.9051 190 190 190 255 
1.22717 -0.220914 14.9051 190 190 190 255 
1.21299 -0.175611 14.8559 190 190 190 255 
1.20714 -0.147514 14.8376 190 190 190 255 
2.6289 -0.0507988 14.8131 190 190 190 255 
1.1991 -0.0676506 14.8138 190 190 190 255 
1.19886 -0.0507988 14.8131 190 190 190 255 
-1.19886 -0.0507988 14.8131 190 190 190 255 
-2.6289 -0.0842404 14.8159 190 190 190 255 
-1.19982 -0.0842404 14.8159 190 190 190 255 
-1.20265 -0.116783 14.8241 190 190 190 255 
-2.6289 -0.116783 14.8241 190 190 190 255 
-1.20714 -0.147514 14.8376 190 190 190 255 
-2.6289 -0.175611 14.8559 190 190 190 255 
-2.6289 -0.200304 14.8786 190 190 190 255 
-1.22717 -0.220914 14.9051 190 190 190 255 
-2.6289 -0.236882 14.9346 190 190 190 255 
-1.23466 -0.236882 14.9346 190 190 190 255 
-1.24188 -0.247782 14.9664 190 190 190 255 
-1.2485 -0.253301 14.9995 190 190 190 255 
-1.2591 -0.247784 15.0661 190 190 190 255 
-2.6289 -0.247784 15.0661 190 190 190 255 
-2.6289 -0.220915 15.1274 190 190 190 255 
-2.6289 -0.200296 15.1539 190 190 190 255 
-1.26759 -0.200296 15.1539 190 190 190 255 
-1.26878 -0.175605 15.1766 190 190 190 255 
-2.6289 -0.116783 15.2084 190 190 190 255 
-0.708359 0.101593 26.497 190 190 190 255 
-2.19431 0.101593 26.497 190 190 190 255 
1.19886 0.101595 14.8131 190 190 190 255 
-1.19886 0.101595 14.8131 190 190 190 255 
-2.6289 0.101595 14.8131 190 190 190 255 
1.86361 -0.0508092 26.9034 190 190 190 255 
-1.86637 -0.0842444 26.9007 190 190 190 255 
1.86431 -0.0676995 26.9028 190 190 190 255 
1.86637 -0.0842444 26.9007 190 190 190 255 
-1.8745 -0.116785 26.8924 190 190 190 255 
1.8745 -0.116785 26.8924 190 190 190 255 
-1.88767 -0.14752 26.879 190 190 190 255 
1.88056 -0.132601 26.8863 190 190 190 255 
-1.8961 -0.162167 26.8702 190 190 190 255 
1.89611 -0.162179 26.8702 190 190 190 255 
-1.90529 -0.175607 26.8606 190 190 190 255 
1.92664 -0.200309 26.8379 190 190 190 255 
-1.95089 -0.220906 26.8114 190 190 190 255 
1.97715 -0.236893 26.7819 190 190 190 255 
-1.97715 -0.236893 26.7819 190 190 190 255 
0.104876 -0.253828 26.7086 190 190 190 255 
2.00452 -0.247776 26.7502 190 190 190 255 
-2.00452 -0.247247 26.75 190 190 190 255 
-2.10907 -0.236895 26.6186 190 190 190 255 
-0.475873 -0.235801 26.6191 190 190 190 255 
-2.13071 -0.220916 26.5891 190 190 190 255 
-0.599354 -0.200306 26.5626 190 190 190 255 
-2.14961 -0.200306 26.5626 190 190 190 255 
-0.655932 -0.162416 26.5305 190 190 190 255 
-2.17206 -0.162048 26.5303 190 190 190 255 
-0.670479 -0.147516 26.5215 190 190 190 255 
-0.681869 -0.1329 26.5144 190 190 190 255 
-0.694624 -0.110934 26.5062 190 190 190 255 
-2.19019 -0.100674 26.5033 190 190 190 255 
-2.187 -0.116775 26.5081 190 190 190 255 
-2.18288 -0.132554 26.5142 190 190 190 255 
-0.700029 -0.097976 26.5026 190 190 190 255 
-2.19248 -0.0842531 26.4998 190 190 190 255 
-0.707307 -0.0677398 26.4978 190 190 190 255 
-0.708359 -0.0508008 26.4971 190 190 190 255 
-2.19431 -0.0508008 26.4971 190 190 190 255 
2.05923 -0.253313 26.6835 190 190 190 255 
0.393755 -0.247784 26.6504 190 190 190 255 
0.599354 -0.200306 26.5626 190 190 190 255 
0.547007 -0.220916 26.5891 190 190 190 255 
2.10907 -0.236895 26.6186 190 190 190 255 
0.670479 -0.147516 26.5215 190 190 190 255 
2.18288 -0.132573 26.5142 190 190 190 255 
2.17795 -0.147516 26.5215 190 190 190 255 
2.16543 -0.175602 26.5399 190 190 190 255 
2.19385 -0.0676728 26.4978 190 190 190 255 
2.19248 -0.0842531 26.4998 190 190 190 255 
0.704218 -0.0842531 26.4998 190 190 190 255 
2.19018 -0.100744 26.5033 190 190 190 255 
0.700047 -0.0979286 26.5026 190 190 190 255 
2.187 -0.116775 26.5081 190 190 190 255 
0.694619 -0.110185 26.5061 190 190 190 255 
2.6289 0.101595 14.8131 190 190 190 255 
-2.6289 0.101603 14.6353 190 190 190 255 
-1.12099 0.101603 14.6353 190 190 190 255 
1.86361 0.101606 26.9035 190 190 190 255 
2.6289 -0.0508018 14.6353 190 190 190 255 
2.6289 0.101601 13.0605 190 190 190 255 
2.6289 -0.0508037 13.0605 190 190 190 255 
-2.21898 0.101601 13.0605 190 190 190 255 
-1.12099 -0.0508018 14.6353 190 190 190 255 
-1.66796 0.101609 27.0813 190 190 190 255 
1.66796 0.101609 27.0813 190 190 190 255 
-1.86361 0.101606 26.9035 190 190 190 255 
-2.16466 0.101596 12.9784 190 190 190 255 
-2.17947 0.101604 13.0001 190 190 190 255 
1.12099 -0.0508018 14.6353 190 190 190 255 
2.6289 -0.116778 14.6243 190 190 190 255 
2.6289 -0.0842474 14.6325 190 190 190 255 
1.11951 -0.0842474 14.6325 190 190 190 255 
1.11505 -0.116778 14.6243 190 190 190 255 
1.11765 -0.100717 14.629 190 190 190 255 
1.04723 -0.236886 14.5137 190 190 190 255 
1.06688 -0.220909 14.5432 190 190 190 255 
2.6289 -0.200302 14.5697 190 190 190 255 
1.08352 -0.200302 14.5697 190 190 190 255 
2.6289 -0.147513 14.6108 190 190 190 255 
1.1076 -0.147513 14.6108 190 190 190 255 
1.11168 -0.132533 14.6181 190 190 190 255 
0.972876 -0.253354 14.4158 190 190 190 255 
1.02473 -0.247779 14.482 190 190 190 255 
2.6289 -0.253309 14.4488 190 190 190 255 
0.972413 -0.253259 14.4153 190 190 190 255 
0.914036 -0.236887 14.3504 190 190 190 255 
0.85649 -0.200298 14.2944 190 190 190 255 
2.6289 -0.175606 14.2717 190 190 190 255 
0.81634 -0.157755 14.2593 190 190 190 255 
0.809668 -0.147284 14.2538 190 190 190 255 
0.800329 -0.132644 14.2461 190 190 190 255 
2.6289 -0.147508 14.2534 190 190 190 255 
0.786658 -0.100892 14.2351 190 190 190 255 
0.782204 -0.0842457 14.2316 190 190 190 255 
2.6289 -0.0842457 14.2316 190 190 190 255 
-2.4296 -0.0685657 13.4661 190 190 190 255 
-2.42864 -0.0860867 13.4638 190 190 190 255 
2.6289 -0.0860867 13.4638 190 190 190 255 
2.6289 -0.120294 13.4546 190 190 190 255 
2.6289 -0.181418 13.4193 190 190 190 255 
-2.40974 -0.181418 13.4193 190 190 190 255 
-2.39866 -0.206456 13.3943 190 190 190 255 
-2.38931 -0.220831 13.3738 190 190 190 255 
2.6289 -0.22678 13.3653 190 190 190 255 
-2.38544 -0.22678 13.3653 190 190 190 255 
-2.35359 -0.25091 13.299 190 190 190 255 
2.6289 -0.25091 13.299 190 190 190 255 
2.6289 -0.254003 13.2637 190 190 190 255 
2.6289 -0.226776 13.1621 190 190 190 255 
-2.26346 -0.206464 13.133 190 190 190 255 
-2.24847 -0.181414 13.108 190 190 190 255 
-2.23099 -0.13678 13.0795 190 190 190 255 
-2.23604 -0.152404 13.0877 190 190 190 255 
-2.24195 -0.167471 13.0973 190 190 190 255 
2.6289 -0.0860827 13.0636 190 190 190 255 
-2.21947 -0.0686008 13.0613 190 190 190 255 
-2.22094 -0.0860827 13.0636 190 190 190 255 
-2.22672 -0.120293 13.0727 190 190 190 255 
-1.02473 -0.247779 14.482 190 190 190 255 
-2.62302 -0.200298 14.2944 190 190 190 255 
-0.85649 -0.200298 14.2944 190 190 190 255 
-2.62617 -0.236887 14.3504 190 190 190 255 
-2.62743 -0.247787 14.3822 190 190 190 255 
-2.62833 -0.253306 14.4153 190 190 190 255 
-0.972423 -0.253306 14.4153 190 190 190 255 
-0.972867 -0.253308 14.4158 190 190 190 255 
-2.61994 -0.147508 14.2534 190 190 190 255 
-0.830921 -0.175606 14.2717 190 190 190 255 
-0.816295 -0.156674 14.2593 190 190 190 255 
-0.792629 -0.116778 14.2399 190 190 190 255 
-0.786656 -0.100875 14.2351 190 190 190 255 
-2.61879 -0.116778 14.2399 190 190 190 255 
-2.6178 -0.0508038 14.2289 190 190 190 255 
-2.61806 -0.0842457 14.2316 190 190 190 255 
-2.6289 -0.247779 14.482 190 190 190 255 
-2.6289 -0.220909 14.5432 190 190 190 255 
-2.6289 -0.200302 14.5697 190 190 190 255 
-1.06688 -0.220909 14.5432 190 190 190 255 
-1.11505 -0.116778 14.6243 190 190 190 255 
-2.6289 -0.17561 14.5924 190 190 190 255 
-1.11951 -0.0842474 14.6325 190 190 190 255 
-2.6289 -0.116778 14.6243 190 190 190 255 
1.66796 -0.0508062 27.0812 190 190 190 255 
2.6289 0.101596 12.9784 190 190 190 255 
-2.14107 0.00180799 12.9447 190 190 190 255 
-2.12443 -0.0459753 12.9217 190 190 190 255 
2.6289 -0.0910549 12.895 190 190 190 255 
-2.08131 -0.134626 12.8642 190 190 190 255 
2.6289 -0.174423 12.8307 190 190 190 255 
-2.02432 -0.2124 12.7929 190 190 190 255 
-2.05503 -0.174423 12.8307 190 190 190 255 
2.6289 -0.246002 12.7534 190 190 190 255 
-1.91149 -0.30381 12.6654 190 190 190 255 
-1.57054 -0.380997 12.362 190 190 190 255 
-1.59264 -0.37954 12.3795 190 190 190 255 
2.6289 -0.0508038 14.2289 190 190 190 255 
0.778646 -0.0508038 14.2289 190 190 190 255 
-2.42992 -0.0508014 13.4669 190 190 190 255 
2.6289 0.101603 13.4669 190 190 190 255 
2.6289 -0.0508014 13.4669 190 190 190 255 
0.982507 -0.0507933 27.4877 190 190 190 255 
0.982962 -0.0594281 27.4875 190 190 190 255 
-0.989358 -0.0842498 27.4849 190 190 190 255 
0.989358 -0.0842498 27.4849 190 190 190 255 
1.0008 -0.105325 27.4802 190 190 190 255 
1.0094 -0.116769 27.4767 190 190 190 255 
-1.02463 -0.133083 27.4702 190 190 190 255 
-1.04123 -0.147504 27.4632 190 190 190 255 
-1.08279 -0.175612 27.4448 190 190 190 255 
-1.13173 -0.200293 27.4221 190 190 190 255 
-1.18567 -0.220912 27.3956 190 190 190 255 
1.29983 -0.247538 27.3343 190 190 190 255 
-1.29983 -0.247538 27.3343 190 190 190 255 
-1.30251 -0.248156 27.3328 190 190 190 255 
1.30251 -0.248156 27.3328 190 190 190 255 
1.41058 -0.253297 27.2677 190 190 190 255 
1.46134 -0.24779 27.2346 190 190 190 255 
-1.46134 -0.24779 27.2346 190 190 190 255 
-1.50772 -0.236879 27.2029 190 190 190 255 
1.50772 -0.236879 27.2029 190 190 190 255 
1.54903 -0.220922 27.1733 190 190 190 255 
-1.5847 -0.20029 27.1469 190 190 190 255 
-1.62653 -0.16228 27.1146 190 190 190 255 
1.61435 -0.175608 27.1241 190 190 190 255 
1.62652 -0.162288 27.1146 190 190 190 255 
-1.63767 -0.147521 27.1057 190 190 190 255 
1.66458 -0.0842372 27.0841 190 190 190 255 
-1.66029 -0.100908 27.0875 190 190 190 255 
1.66029 -0.100898 27.0875 190 190 190 255 
1.65446 -0.11678 27.0923 190 190 190 255 
-1.65446 -0.11678 27.0923 190 190 190 255 
-1.66796 -0.0508062 27.0812 190 190 190 255 
-1.6671 -0.0677226 27.082 190 190 190 255 
-1.66458 -0.0842372 27.0841 190 190 190 255 
-0.0713268 -0.380996 11.0412 190 190 190 255 
-0.429635 -0.380997 11.6536 190 190 190 255 
-0.620473 -0.380999 11.8253 190 190 190 255 
0.635 0.101596 14.1323 190 190 190 255 
2.6289 0.1016 14.2289 190 190 190 255 
0.466801 0.101597 14.0511 190 190 190 255 
2.6289 0.101595 13.6447 190 190 190 255 
-2.42992 0.101603 13.4669 190 190 190 255 
-2.49593 0.101595 13.6447 190 190 190 255 
-0.635 0.101596 14.1323 190 190 190 255 
-2.59528 0.101597 14.0511 190 190 190 255 
-0.778646 0.1016 14.2289 190 190 190 255 
-2.6178 0.1016 14.2289 190 190 190 255 
-0.0312167 -0.36139 10.8846 190 190 190 255 
2.6289 -0.346306 10.8341 190 190 190 255 
2.6289 -0.303825 10.7378 190 190 190 255 
-0.00853649 -0.302557 10.7358 190 190 190 255 
2.6289 0.00180324 10.4584 190 190 190 255 
-1.18996e-009 0.00180324 10.4584 190 190 190 255 
2.6289 -0.0910588 10.5081 190 190 190 255 
2.6289 -0.174423 10.5725 190 190 190 255 
2.6289 -0.245998 10.6497 190 190 190 255 
-1.18996e-009 -0.174553 10.5726 190 190 190 255 
0.466801 -0.0507961 14.0511 190 190 190 255 
-2.49593 -0.0507984 13.6447 190 190 190 255 
-2.59528 -0.0507961 14.0511 190 190 190 255 
-0.466801 0.101597 14.0511 190 190 190 255 
-0.466801 -0.0507961 14.0511 190 190 190 255 
-0.982507 0.101601 27.4877 190 190 190 255 
-0.451984 0.101608 27.639 190 190 190 255 
0.466335 -0.059439 14.0509 190 190 190 255 
0.447302 -0.105578 14.0435 190 190 190 255 
0.434366 -0.120445 14.0388 190 190 190 255 
2.6289 -0.175604 14.0082 190 190 190 255 
0.369943 -0.163061 14.0172 190 190 190 255 
2.6289 -0.147518 14.0266 190 190 190 255 
0.417592 -0.135036 14.0328 190 190 190 255 
-0.110441 -0.215428 13.967 190 190 190 255 
0.338902 -0.175604 14.0082 190 190 190 255 
-2.58384 -0.200296 13.9855 190 190 190 255 
-0.338902 -0.175604 14.0082 190 190 190 255 
-0.399313 -0.147518 14.0266 190 190 190 255 
-2.588 -0.175604 14.0082 190 190 190 255 
-0.43792 -0.116783 14.04 190 190 190 255 
-2.5912 -0.147518 14.0266 190 190 190 255 
-0.434357 -0.119979 14.0388 190 190 190 255 
-0.459727 -0.084242 14.0483 190 190 190 255 
-2.59348 -0.116783 14.04 190 190 190 255 
-0.455332 -0.09318 14.0466 190 190 190 255 
-0.464954 -0.0679898 14.0503 190 190 190 255 
-0.462721 -0.0762836 14.0495 190 190 190 255 
2.6289 -0.200296 13.9855 190 190 190 255 
2.6289 -0.220915 13.959 190 190 190 255 
2.6289 -0.247784 13.8977 190 190 190 255 
-2.56582 -0.247784 13.8977 190 190 190 255 
2.6289 -0.253304 13.8647 190 190 190 255 
-2.55821 -0.253304 13.8647 190 190 190 255 
-2.55004 -0.253301 13.8311 190 190 190 255 
2.6289 -0.247782 13.798 190 190 190 255 
-2.54151 -0.247782 13.798 190 190 190 255 
-2.53568 -0.240409 13.7765 190 190 190 255 
2.6289 -0.236882 13.7663 190 190 190 255 
-2.5329 -0.236882 13.7663 190 190 190 255 
2.6289 -0.220914 13.7367 190 190 190 255 
-2.52452 -0.220914 13.7367 190 190 190 255 
-2.51667 -0.200303 13.7102 190 190 190 255 
2.6289 -0.147514 13.6692 190 190 190 255 
-2.5039 -0.147514 13.6692 190 190 190 255 
2.6289 -0.116783 13.6557 190 190 190 255 
2.6289 -0.084251 13.6474 190 190 190 255 
-2.49684 -0.084251 13.6474 190 190 190 255 
-2.6289 -0.250398 14.4702 190 190 190 255 
-2.6214 -0.175606 14.2717 190 190 190 255 
-2.6289 -1.27396 14.4702 190 190 190 255 
-2.62881 -0.253309 14.4488 190 190 190 255 
-2.61626 -1.29522 14.2128 190 190 190 255 
-2.62466 -0.220909 14.3209 190 190 190 255 
-2.61403 -1.29646 14.1978 190 190 190 255 
-2.61474 0.101597 14.1976 190 190 190 255 
-2.59483 -0.084242 14.0483 190 190 190 255 
-2.57873 -0.220915 13.959 190 190 190 255 
-2.5727 -0.23688 13.9295 190 190 190 255 
-2.60401 -1.30204 14.1301 190 190 190 255 
-2.57978 -1.31555 13.9665 190 190 190 255 
-2.50969 -0.175611 13.6875 190 190 190 255 
-2.53328 -1.33119 13.7771 190 190 190 255 
-2.51596 -1.33691 13.7079 190 190 190 255 
-2.42924 -1.35694 13.4652 190 190 190 255 
-2.4144 -0.167403 13.4301 190 190 190 255 
-2.40446 -0.194531 13.4073 190 190 190 255 
-2.42704 -0.103428 13.4599 190 190 190 255 
-2.42482 -0.120294 13.4546 190 190 190 255 
-2.49954 -0.116783 13.6557 190 190 190 255 
-2.42196 -0.136745 13.4478 190 190 190 255 
-2.4185 -0.152396 13.4397 190 190 190 255 
-2.38663 -1.36439 13.375 190 190 190 255 
-2.3703 -0.241743 13.3332 190 190 190 255 
-2.37315 -1.36675 13.3465 190 190 190 255 
-2.3357 -0.254003 13.2637 190 190 190 255 
-2.31924 -1.37617 13.2323 190 190 190 255 
-2.21608 -1.39041 13.06 190 190 190 255 
-2.31713 -0.250914 13.2284 190 190 190 255 
-2.18689 -1.39443 13.0112 190 190 190 255 
-2.29847 -0.241741 13.1942 190 190 190 255 
-2.28035 -0.226776 13.1621 190 190 190 255 
-2.22336 -0.103396 13.0674 190 190 190 255 
-2.21898 -0.0508037 13.0605 190 190 190 255 
-2.1543 0.0505306 12.9635 190 190 190 255 
-2.17897 -1.39532 13.0005 190 190 190 255 
-2.10477 -0.0910549 12.895 190 190 190 255 
-1.91169 -0.303714 12.6656 190 190 190 255 
-1.99094 -0.246002 12.7534 190 190 190 255 
-2.02534 -1.41228 12.795 190 190 190 255 
-1.81568 -0.346306 12.569 190 190 190 255 
-1.70239 -0.372262 12.4669 190 190 190 255 
-1.23197 -1.46567 12.1484 190 190 190 255 
-1.243 -1.46523 12.1537 190 190 190 255 
-1.2322 -0.380998 12.1479 190 190 190 255 
-1.46369 -1.45428 12.2864 190 190 190 255 
-0.00189024 -0.245998 10.6497 190 190 190 255 
-0.00868529 -0.303825 10.7378 190 190 190 255 
-0.0144342 -0.32718 10.7853 190 190 190 255 
-0.0218704 -0.346306 10.8341 190 190 190 255 
-0.0425537 -0.372262 10.9362 190 190 190 255 
-0.0558134 -0.378781 10.9881 190 190 190 255 
-0.0978745 -1.61525 11.1161 190 190 190 255 
-0.148276 -1.59829 11.2271 190 190 190 255 
-0.272588 -1.5644 11.449 190 190 190 255 
-0.143504 -0.380999 11.2294 190 190 190 255 
-0.391875 -1.54013 11.6078 190 190 190 255 
-0.269224 -0.380998 11.4532 190 190 190 255 
-0.273472 -1.5642 11.4502 190 190 190 255 
-0.544741 -1.5163 11.7638 190 190 190 255 
-0.623414 -1.50753 11.8212 190 190 190 255 
-0.691006 -1.49998 11.8706 190 190 190 255 
-0.984845 -1.47522 12.0327 190 190 190 255 
-0.984845 -0.381005 12.0327 190 190 190 255 
-0.862752 -1.48461 11.9713 190 190 190 255 
-0.836668 -0.381004 11.9637 190 190 190 255 
-2.6289 -0.181405 22.4552 190 190 190 255 
-2.6289 -0.20645 23.0645 190 190 190 255 
-2.6289 0.101602 22.8141 190 190 190 255 
-2.6289 -0.0507893 22.9919 190 190 190 255 
-2.6289 -0.12029 23.0041 190 190 190 255 
-2.6289 -0.0860882 22.811 190 190 190 255 
-2.6289 -0.152401 23.0191 190 190 190 255 
-2.6289 -0.0860936 23.3952 190 190 190 255 
-2.6289 -0.236889 23.6976 190 190 190 255 
-2.6289 -0.0842475 23.5788 190 190 190 255 
-2.6289 -0.175618 23.6189 190 190 190 255 
-2.6289 -0.116768 23.5871 190 190 190 255 
-2.6289 -0.0507998 21.8235 190 190 190 255 
-2.6289 -0.0508028 21.6457 190 190 190 255 
-2.6289 -0.1203 21.8357 190 190 190 255 
-2.6289 0.101599 21.2393 190 190 190 255 
-2.6289 -0.0507944 21.2393 190 190 190 255 
-2.6289 -0.0860843 21.2424 190 190 190 255 
-2.6289 -0.0860934 21.0584 190 190 190 255 
-2.6289 -0.181421 21.871 190 190 190 255 
-2.6289 -0.15239 21.8507 190 190 190 255 
-2.6289 -0.226766 20.1725 190 190 190 255 
-2.6289 -0.206465 20.1434 190 190 190 255 
-2.6289 -0.181404 20.1184 190 190 190 255 
-2.6289 -0.086088 20.4742 190 190 190 255 
-2.6289 -0.18141 20.7026 190 190 190 255 
-2.6289 -0.206455 21.3119 190 190 190 255 
-2.6289 0.101591 19.3088 190 190 190 255 
-2.6289 -0.0507996 19.4867 190 190 190 255 
-2.6289 -0.0508025 19.3089 190 190 190 255 
-2.6289 -0.086089 19.4897 190 190 190 255 
-2.6289 0.10161 20.0709 190 190 190 255 
-2.6289 -0.050805 20.0709 190 190 190 255 
-2.6289 -0.0508079 19.893 190 190 190 255 
-2.6289 -0.120305 20.0831 190 190 190 255 
-2.6289 -0.0860825 19.89 190 190 190 255 
-2.6289 -0.250922 15.6357 190 190 190 255 
-2.6289 -0.241742 21.373 190 190 190 255 
-2.6289 -0.120294 15.4095 190 190 190 255 
-2.6289 -0.152405 15.4245 190 190 190 255 
-2.6289 -0.0842421 15.2167 190 190 190 255 
-2.6289 -0.250906 20.8936 190 190 190 255 
-2.6289 -0.25401 20.8582 190 190 190 255 
-2.6289 -0.250921 20.823 190 190 190 255 
-2.6289 -0.226772 20.7567 190 190 190 255 
-2.6289 -0.152408 20.45 190 190 190 255 
-2.6289 -0.181408 20.4297 190 190 190 255 
-2.6289 -0.226781 20.3757 190 190 190 255 
-2.6289 -0.241755 20.3435 190 190 190 255 
-2.6289 -0.241737 20.7888 190 190 190 255 
-2.6289 -0.250922 20.3093 190 190 190 255 
-2.6289 -0.254005 20.2741 190 190 190 255 
-2.6289 -0.250912 19.141 190 190 190 255 
-2.6289 -0.253994 19.1057 190 190 190 255 
-2.6289 -0.181415 18.95 190 190 190 255 
-2.6289 -0.20647 16.054 190 190 190 255 
-2.6289 -0.181409 16.029 190 190 190 255 
-2.6289 -0.250914 15.5652 190 190 190 255 
-2.6289 -0.0508018 14.6353 190 190 190 255 
-2.6289 -0.0507988 14.8131 190 190 190 255 
-2.6289 -0.0842474 14.6325 190 190 190 255 
-2.6289 -0.147507 15.195 190 190 190 255 
-2.6289 -0.175605 15.1766 190 190 190 255 
-2.6289 -0.120306 21.6334 190 190 190 255 
-2.6289 -0.226771 21.5441 190 190 190 255 
-2.6289 -0.778667 19.0198 190 190 190 255 
-2.6289 -0.20646 19.5593 190 190 190 255 
-2.6289 -0.250904 19.0704 190 190 190 255 
-2.6289 -0.241742 19.0362 190 190 190 255 
-2.6289 -0.181415 16.6132 190 190 190 255 
-2.6289 -0.181419 21.5981 190 190 190 255 
-2.6289 -0.226787 20.9598 190 190 190 255 
-2.6289 -0.206451 19.8205 190 190 190 255 
-2.6289 -0.250915 20.2388 190 190 190 255 
-2.6289 -0.220914 14.9051 190 190 190 255 
-2.6289 -0.147513 14.6108 190 190 190 255 
-2.6289 -0.147514 14.8376 190 190 190 255 
-2.6289 -0.120289 19.8808 190 190 190 255 
-2.6289 -0.152403 19.8658 190 190 190 255 
-2.6289 -0.241753 20.2045 190 190 190 255 
-2.6289 -0.181424 19.8455 190 190 190 255 
-2.6289 -0.236881 15.0979 190 190 190 255 
-2.6289 -0.253304 15.0331 190 190 190 255 
-2.6289 -0.247782 14.9664 190 190 190 255 
-2.6289 -0.253301 14.9995 190 190 190 255 
-2.6289 -0.236886 14.5137 190 190 190 255 
-2.6289 -0.241749 19.7594 190 190 190 255 
-2.6289 -0.152391 18.6975 190 190 190 255 
-2.6289 -0.181413 18.6771 190 190 190 255 
-2.6289 -0.241747 17.2836 190 190 190 255 
-2.6289 -0.226782 17.2515 190 190 190 255 
-2.6289 -0.253999 19.6899 190 190 190 255 
-2.6289 -0.250909 19.6546 190 190 190 255 
-2.6289 -0.226772 18.4199 190 190 190 255 
-2.6289 -0.120289 17.544 190 190 190 255 
-2.6289 -0.0507991 17.1499 190 190 190 255 
-2.6289 -0.0860887 17.1529 190 190 190 255 
-2.6289 -0.0860766 16.969 190 190 190 255 
-2.6289 -0.120299 17.1621 190 190 190 255 
-2.6289 -0.250904 16.7336 190 190 190 255 
-2.6289 -0.241741 16.6994 190 190 190 255 
-2.6289 -0.226777 16.6673 190 190 190 255 
-2.6289 -0.120299 16.3756 190 190 190 255 
-2.6289 -0.206454 16.6383 190 190 190 255 
-2.6289 -0.152391 16.3607 190 190 190 255 
-2.6289 -0.181413 16.3403 190 190 190 255 
-2.6289 -0.206461 16.3153 190 190 190 255 
-2.6289 -0.250906 16.22 190 190 190 255 
-2.6289 -0.181407 15.7561 190 190 190 255 
-2.6289 -0.241754 15.6699 190 190 190 255 
-2.6289 -0.120295 18.9147 190 190 190 255 
-2.6289 -0.152405 18.9297 190 190 190 255 
-2.6289 -0.226787 18.623 190 190 190 255 
-2.6289 -0.241739 18.591 190 190 190 255 
-2.6289 -0.250906 18.5568 190 190 190 255 
-2.6289 -0.181424 17.5087 190 190 190 255 
-2.6289 -0.0507966 16.3879 190 190 190 255 
-2.6289 -0.0860833 16.5688 190 190 190 255 
-2.6289 -0.0860926 16.3848 190 190 190 255 
-2.6289 0.101606 15.9815 190 190 190 255 
-2.6289 0.101603 15.8037 190 190 190 255 
-2.6289 -0.0507912 15.8037 190 190 190 255 
-2.6289 -0.0860872 15.8006 190 190 190 255 
-2.6289 -0.1524 16.0087 190 190 190 255 
-2.6289 -0.152407 18.1132 190 190 190 255 
-2.6289 -0.241754 18.0067 190 190 190 255 
-2.6289 -0.181409 18.3658 190 190 190 255 
-2.6289 -0.250922 17.9725 190 190 190 255 
-2.6289 -0.22677 16.8705 190 190 190 255 
-2.6289 -0.152411 17.1771 190 190 190 255 
-2.6289 -0.250911 16.8042 190 190 190 255 
-2.6289 -0.24175 22.0962 190 190 190 255 
-2.6289 0.101602 18.1405 190 190 190 255 
-2.6289 -0.0508101 18.3182 190 190 190 255 
-2.6289 0.101611 17.7341 190 190 190 255 
-2.6289 -0.0508074 17.5562 190 190 190 255 
-2.6289 -0.0508045 17.7341 190 190 190 255 
-2.6289 -0.0860941 17.7371 190 190 190 255 
-2.6289 -0.226776 17.4547 190 190 190 255 
-2.6289 -0.206467 21.5731 190 190 190 255 
-2.6289 -0.12029 22.2176 190 190 190 255 
-2.6289 -0.152403 22.2026 190 190 190 255 
-2.6289 -0.181424 22.1823 190 190 190 255 
-2.6289 -0.241753 22.5413 190 190 190 255 
-2.6289 -0.206457 22.7415 190 190 190 255 
-2.6289 -0.241755 22.6803 190 190 190 255 
-2.6289 -0.250923 22.6461 190 190 190 255 
-2.6289 -0.250916 22.5756 190 190 190 255 
-2.6289 -0.206451 22.1573 190 190 190 255 
-2.6289 -0.241739 23.2646 190 190 190 255 
-2.6289 -0.250907 23.2304 190 190 190 255 
-2.6289 -0.120295 22.8018 190 190 190 255 
-2.6289 -0.120301 23.386 190 190 190 255 
-2.6289 -0.247778 23.7294 190 190 190 255 
-2.6289 -0.206463 23.3257 190 190 190 255 
-2.6289 -0.226766 23.2967 190 190 190 255 
-2.6289 -0.0508005 24.1603 190 190 190 255 
-2.6289 0.10159 23.9824 190 190 190 255 
-2.6289 -0.0508035 23.9825 190 190 190 255 
-2.6289 0.101606 24.5667 190 190 190 255 
-2.6289 -0.2533 23.7961 190 190 190 255 
-2.6289 -0.247791 23.8291 190 190 190 255 
-2.6289 -0.147515 24.1847 190 190 190 255 
-2.6289 -0.0842529 24.163 190 190 190 255 
-2.6289 -0.0842383 23.9797 190 190 190 255 
-2.6289 -0.116779 23.9715 190 190 190 255 
-2.6289 -0.147514 23.958 190 190 190 255 
-2.6289 -0.116774 24.1713 190 190 190 255 
-2.6289 -0.0842369 24.7473 190 190 190 255 
-2.6289 -0.116785 24.5556 190 190 190 255 
-2.6289 -0.200309 24.5011 190 190 190 255 
-2.6289 -0.236893 24.4451 190 190 190 255 
-2.6289 -0.247775 24.4134 190 190 190 255 
-2.6289 -0.253306 24.3802 190 190 190 255 
-2.6289 -0.220921 24.8365 190 190 190 255 
-2.6289 -0.586548 25.0493 190 190 190 255 
-2.6289 -0.14752 24.5422 190 190 190 255 
-2.6289 -0.200289 24.8101 190 190 190 255 
-2.6289 -0.247783 24.3136 190 190 190 255 
-2.05366 -1.3906 19.3269 190 190 190 255 
-2.05366 -1.40714 19.0882 190 190 190 255 
-2.26427 -1.34987 19.0819 190 190 190 255 
-2.35903 -1.278 19.3235 190 190 190 255 
-2.35903 -1.29515 19.076 190 190 190 255 
-2.44291 -1.22505 19.0684 190 190 190 255 
-2.51343 -1.14166 19.0593 190 190 190 255 
-2.56846 -1.02894 19.3161 190 190 190 255 
-2.56846 -1.04745 19.049 190 190 190 255 
-2.60639 -0.926193 19.313 190 190 190 255 
-2.62608 -0.818425 19.3098 190 190 190 255 
-2.62608 -0.838077 19.0262 190 190 190 255 
-2.6289 -0.758694 19.308 190 190 190 255 
0.982507 0.101601 27.4877 190 190 190 255 
2.62856 -0.194568 25.0906 190 190 190 255 
2.61401 -0.05079 25.3287 190 190 190 255 
2.62734 -0.116769 25.1399 190 190 190 255 
2.62704 -0.0842491 25.1481 190 190 190 255 
2.60907 -0.175613 25.3715 190 190 190 255 
2.61128 -0.147505 25.3532 190 190 190 255 
2.60617 -0.200295 25.3943 190 190 190 255 
2.60252 -0.220905 25.4207 190 190 190 255 
2.617 -0.581029 25.2915 190 190 190 255 
2.59452 -0.577361 25.4533 190 190 190 255 
2.54082 -0.116774 25.7241 190 190 190 255 
2.47915 -0.116769 25.9239 190 190 190 255 
2.48204 -0.0842477 25.9156 190 190 190 255 
2.56097 -0.220917 25.643 190 190 190 255 
2.55469 -0.200298 25.6695 190 190 190 255 
2.54906 -0.175617 25.6922 190 190 190 255 
2.53787 0.101595 25.7351 190 190 190 255 
2.53787 -0.0507984 25.7351 190 190 190 255 
2.483 -0.0507954 25.9129 190 190 190 255 
2.53862 -0.0842545 25.7323 190 190 190 255 
2.5873 -0.253303 25.5151 190 190 190 255 
2.5823 -0.253312 25.5418 190 190 190 255 
2.58143 -0.575345 25.5417 190 190 190 255 
2.47435 -0.147511 25.9374 190 190 190 255 
2.46768 -0.175618 25.9557 190 190 190 255 
2.52571 -0.570097 25.7726 190 190 190 255 
2.56539 -0.573692 25.614 190 190 190 255 
2.57846 -0.574877 25.5618 190 190 190 255 
2.45662 -0.565441 25.9776 190 190 190 255 
2.45922 -0.2003 25.9784 190 190 190 255 
2.42425 -0.247779 26.0662 190 190 190 255 
2.42925 -0.563693 26.0542 190 190 190 255 
2.41694 -0.563098 26.0802 190 190 190 255 
2.3472 -0.559742 26.2279 190 190 190 255 
2.37994 -0.247792 26.1659 190 190 190 255 
2.36479 -0.236888 26.1977 190 190 190 255 
2.35023 -0.220922 26.2272 190 190 190 255 
2.31117 -0.132522 26.3021 190 190 190 255 
2.3052 -0.100662 26.313 190 190 190 255 
2.2628 0.101601 26.3875 190 190 190 255 
2.30179 -0.0508038 26.3193 190 190 190 255 
2.19431 -0.0508008 26.4971 190 190 190 255 
2.26012 -0.556149 26.3859 190 190 190 255 
2.17207 -0.162042 26.5302 190 190 190 255 
2.14961 -0.200306 26.5626 190 190 190 255 
2.18689 -0.553371 26.5082 190 190 190 255 
2.13071 -0.220916 26.5891 190 190 190 255 
2.08508 -0.247784 26.6504 190 190 190 255 
2.08755 -0.550319 26.6424 190 190 190 255 
1.88767 -0.14752 26.879 190 190 190 255 
2.03215 -0.253306 26.717 190 190 190 255 
1.99748 -0.547751 26.7552 190 190 190 255 
1.99899 -0.245589 26.7565 190 190 190 255 
1.98494 -0.547436 26.769 190 190 190 255 
1.86077 -0.544304 26.9063 190 190 190 255 
1.95089 -0.220906 26.8114 190 190 190 255 
1.78135 -0.542662 26.9785 190 190 190 255 
1.90529 -0.175607 26.8606 190 190 190 255 
1.6671 -0.0677261 27.082 190 190 190 255 
1.8698 -0.100781 26.8972 190 190 190 255 
1.67549 -0.54048 27.0746 190 190 190 255 
1.67572 0.101592 27.0748 190 190 190 255 
1.64675 -0.132676 27.0985 190 190 190 255 
1.63767 -0.147521 27.1057 190 190 190 255 
1.5847 -0.20029 27.1469 190 190 190 255 
1.67018 -0.540376 27.0794 190 190 190 255 
1.52837 -0.537977 27.1849 190 190 190 255 
1.46334 -0.536875 27.2332 190 190 190 255 
1.39293 -0.535911 27.2756 190 190 190 255 
1.35524 -0.250669 27.301 190 190 190 255 
1.30124 -0.534657 27.3307 190 190 190 255 
1.24274 -0.234214 27.365 190 190 190 255 
1.10614 -0.532375 27.4308 190 190 190 255 
1.18567 -0.220912 27.3956 190 190 190 255 
1.13173 -0.200293 27.4221 190 190 190 255 
1.08279 -0.175612 27.4448 190 190 190 255 
1.04123 -0.147504 27.4632 190 190 190 255 
1.0246 -0.13304 27.4703 190 190 190 255 
0.889439 -0.530364 27.5198 190 190 190 255 
0.993431 -0.0929894 27.4833 190 190 190 255 
0.985267 -0.0720572 27.4865 190 190 190 255 
0.890508 0.10159 27.5227 190 190 190 255 
0.486612 -0.527824 27.6313 190 190 190 255 
0.451984 0.101608 27.639 190 190 190 255 
0.645444 -0.528659 27.5944 190 190 190 255 
-1.18997e-009 0.101605 27.6782 190 190 190 255 
1.32592e-005 -0.526769 27.6779 190 190 190 255 
0.00574703 -0.526747 27.6782 190 190 190 255 
-0.767668 -0.529381 27.563 190 190 190 255 
-0.890508 0.10159 27.5227 190 190 190 255 
-0.609504 -0.528462 27.6034 190 190 190 255 
-0.506422 -0.52787 27.6289 190 190 190 255 
-0.982507 -0.0507933 27.4877 190 190 190 255 
-0.982962 -0.0594298 27.4875 190 190 190 255 
-0.984291 -0.0678766 27.487 190 190 190 255 
-0.986442 -0.0761699 27.4861 190 190 190 255 
-0.993436 -0.0930191 27.4832 190 190 190 255 
-0.889462 -0.53035 27.5198 190 190 190 255 
-0.998209 -0.101336 27.4813 190 190 190 255 
-1.0094 -0.116769 27.4767 190 190 190 255 
-0.999193 -0.531233 27.4809 190 190 190 255 
-1.07256 -0.532036 27.4464 190 190 190 255 
-1.22052 -0.533607 27.377 190 190 190 255 
-1.24274 -0.234214 27.365 190 190 190 255 
-1.23243 -0.533728 27.3714 190 190 190 255 
-1.30113 -0.534655 27.3305 190 190 190 255 
-1.35524 -0.250669 27.301 190 190 190 255 
-1.41058 -0.253297 27.2677 190 190 190 255 
-1.6301 -0.539692 27.1097 190 190 190 255 
-1.54903 -0.220922 27.1733 190 190 190 255 
-1.61435 -0.175608 27.1241 190 190 190 255 
-1.64675 -0.132674 27.0985 190 190 190 255 
-1.67572 0.101592 27.0748 190 190 190 255 
-1.86361 -0.0508092 26.9034 190 190 190 255 
-1.86431 -0.0676755 26.9028 190 190 190 255 
-1.86983 -0.100881 26.8972 190 190 190 255 
-1.67515 -0.540488 27.0742 190 190 190 255 
-1.88055 -0.132556 26.8863 190 190 190 255 
-1.92664 -0.200309 26.8379 190 190 190 255 
-1.85253 -0.544117 26.9145 190 190 190 255 
-1.99903 -0.24604 26.7566 190 190 190 255 
-2.03215 -0.253306 26.717 190 190 190 255 
-2.03659 -0.548767 26.7104 190 190 190 255 
-2.05923 -0.253313 26.6835 190 190 190 255 
-2.13434 -0.551747 26.5795 190 190 190 255 
-2.08508 -0.247784 26.6504 190 190 190 255 
-2.16543 -0.175602 26.5399 190 190 190 255 
-2.2602 -0.556138 26.3859 190 190 190 255 
-2.17795 -0.147516 26.5215 190 190 190 255 
-2.19385 -0.0676598 26.4978 190 190 190 255 
-2.43732 -0.236889 26.0344 190 190 190 255 
-2.42425 -0.247779 26.0662 190 190 190 255 
-2.44574 -0.564759 26.0071 190 190 190 255 
-2.57617 -0.574619 25.5732 190 190 190 255 
-2.46768 -0.175618 25.9557 190 190 190 255 
-2.47435 -0.147511 25.9374 190 190 190 255 
-2.54476 -0.57183 25.6964 190 190 190 255 
-2.51255 -0.568959 25.8227 190 190 190 255 
-2.45919 -0.200362 25.9785 190 190 190 255 
-2.45921 -0.200297 25.9784 190 190 190 255 
-2.48276 -0.0676575 25.9135 190 190 190 255 
-2.483 -0.0507954 25.9129 190 190 190 255 
-2.53862 -0.0842545 25.7323 190 190 190 255 
-2.48204 -0.0842477 25.9156 190 190 190 255 
-2.54082 -0.116774 25.7241 190 190 190 255 
-2.54436 -0.147509 25.7106 190 190 190 255 
-2.58098 -0.575343 25.5417 190 190 190 255 
-2.58168 -0.575454 25.5371 190 190 190 255 
-2.6064 -0.579121 25.3752 190 190 190 255 
-2.59814 -0.236883 25.4502 190 190 190 255 
-2.62051 -0.582833 25.2125 190 190 190 255 
-2.62678 -0.58561 25.0905 190 190 190 255 
-2.60252 -0.220905 25.4207 190 190 190 255 
-2.60617 -0.200295 25.3943 190 190 190 255 
-2.62856 -0.194568 25.0906 190 190 190 255 
-2.62777 -0.147504 25.1264 190 190 190 255 
-2.62694 0.101601 25.1509 190 190 190 255 
-2.61401 -0.05079 25.3287 190 190 190 255 
-2.62704 -0.0842491 25.1481 190 190 190 255 
-2.62734 -0.116769 25.1399 190 190 190 255 
2.6289 0.810522 10.3199 190 190 190 255 
-1.18996e-009 0.810522 10.3199 190 190 190 255 
2.6289 0.497094 10.3845 190 190 190 255 
-1.18996e-009 0.177797 10.4062 190 190 190 255 
-1.18996e-009 -0.0910588 10.5081 190 190 190 255 
-1.18996e-009 -0.125162 8.65642 190 190 190 255 
-1.18996e-009 -0.174423 10.5725 190 190 190 255 
-1.18996e-009 0.524917 8.47002 190 190 190 255 
-1.18996e-009 1.397 10.0672 190 190 190 255 
-1.18996e-009 1.11234 10.2135 190 190 190 255 
-1.18996e-009 0.412084 8.55199 190 190 190 255 
-1.18996e-009 0.101596 10.4247 190 190 190 255 
-1.18996e-009 0.0139675 8.66615 190 190 190 255 
-1.18996e-009 0.497094 10.3845 190 190 190 255 
-1.18996e-009 0.286733 8.61313 190 190 190 255 
-1.18996e-009 0.799978 7.8522 190 190 190 255 
-1.18996e-009 0.790247 7.99132 190 190 190 255 
-1.18996e-009 0.621795 8.36969 190 190 190 255 
-1.18996e-009 -0.387893 8.56596 190 190 190 255 
-1.18996e-009 -1.75757 10.0279 190 190 190 255 
-1.18996e-009 -0.603843 8.39108 190 190 190 255 
-1.18996e-009 1.37597 7.62468 190 190 190 255 
-1.18996e-009 1.31352 7.3905 190 190 190 255 
-1.18996e-009 0.74696 7.57944 190 190 190 255 
-1.18996e-009 0.685821 7.45409 190 190 190 255 
-1.18996e-009 1.07306 6.97165 190 190 190 255 
-1.18996e-009 0.704363 6.65973 190 190 190 255 
-1.18996e-009 0.125166 7.07592 190 190 190 255 
-1.18995e-009 0.251492 6.49199 190 190 190 255 
-1.18995e-009 0.0101734 6.4692 190 190 190 255 
-1.18995e-009 -0.0139634 7.06619 190 190 190 255 
-1.18995e-009 -0.286729 7.11921 190 190 190 255 
-1.18995e-009 -0.231448 6.48846 190 190 190 255 
-1.18995e-009 -0.686721 6.64959 190 190 190 255 
-1.18995e-009 -1.05992 6.95613 190 190 190 255 
-1.18995e-009 -1.20127 7.15302 190 190 190 255 
-1.18995e-009 -1.30645 7.3714 190 190 190 255 
-1.18995e-009 -1.3723 7.60468 190 190 190 255 
-1.18995e-009 -0.799974 7.88014 190 190 190 255 
-1.18995e-009 -0.785399 8.01884 190 190 190 255 
-1.18996e-009 -0.746956 8.1529 190 190 190 255 
-1.18995e-009 -1.25608 8.57198 190 190 190 255 
-1.18996e-009 -1.31018 9.33581 190 190 190 255 
-1.18996e-009 -0.503522 8.48795 190 190 190 255 
-1.18996e-009 -1.71369 9.98663 190 190 190 255 
1.90366 -2.68917 -0.709938 190 190 190 255 
1.90575 -2.67206 -0.720977 190 190 190 255 
1.90697 -2.64433 -0.733662 190 190 190 255 
1.90698 -2.64425 -0.733695 190 190 190 255 
1.9062 -2.61168 -0.743229 190 190 190 255 
1.90473 -2.59515 -0.745424 190 190 190 255 
1.9032 -2.57796 -0.747745 190 190 190 255 
1.3335 -2.65254 -0.755828 190 190 190 255 
1.90202 -2.57006 -0.747616 190 190 190 255 
2.16114 -2.79552 -0.598278 190 190 190 255 
2.15302 -2.80566 -0.590237 190 190 190 255 
2.03589 -2.77593 -0.626163 190 190 190 255 
2.1931 -2.74721 -0.633328 190 190 190 255 
2.21942 -2.60395 -0.70109 190 190 190 255 
2.19495 -2.50325 -0.726432 190 190 190 255 
2.21071 -2.55013 -0.716831 190 190 190 255 
2.21103 -2.55192 -0.716303 190 190 190 255 
2.18618 -2.4855 -0.728681 190 190 190 255 
2.17517 -2.46326 -0.731504 190 190 190 255 
2.16156 -2.44295 -0.732372 190 190 190 255 
2.14907 -2.42445 -0.73312 190 190 190 255 
1.97176 -2.51899 -0.744715 190 190 190 255 
2.01848 -2.48817 -0.74167 190 190 190 255 
2.04116 -2.52181 -0.74261 190 190 190 255 
1.902 -2.56991 -0.747609 190 190 190 255 
1.9064 -2.61997 -0.740779 190 190 190 255 
1.90639 -2.61974 -0.740867 190 190 190 255 
2.05891 -2.55988 -0.738786 190 190 190 255 
1.9047 -2.59486 -0.74547 190 190 190 255 
2.07064 -2.67736 -0.70062 190 190 190 255 
1.90597 -2.66703 -0.723291 190 190 190 255 
2.07409 -2.63916 -0.717486 190 190 190 255 
1.90697 -2.64433 -0.733663 190 190 190 255 
2.07007 -2.59949 -0.730316 190 190 190 255 
2.18024 -2.77162 -0.617316 190 190 190 255 
2.06005 -2.71262 -0.680476 190 190 190 255 
1.90227 -2.70061 -0.702546 190 190 190 255 
1.90369 -2.68896 -0.710053 190 190 190 255 
2.02006 -2.7682 -0.634528 190 190 190 255 
1.98407 -2.75062 -0.653567 190 190 190 255 
2.04283 -2.7435 -0.657926 190 190 190 255 
1.94282 -2.73636 -0.668838 190 190 190 255 
1.90038 -2.70897 -0.695028 190 190 190 255 
1.9002 -2.70976 -0.694308 190 190 190 255 
0.635 -1.9495 14.1323 190 190 190 255 
0.792629 -0.116778 14.2399 190 190 190 255 
0.779557 -0.0677443 14.2296 190 190 190 255 
0.778646 0.1016 14.2289 190 190 190 255 
0.943626 -0.247787 14.3822 190 190 190 255 
0.884614 -0.220909 14.3209 190 190 190 255 
0.830921 -0.175606 14.2717 190 190 190 255 
1.0971 -0.17561 14.5924 190 190 190 255 
0.999655 -0.253309 14.4488 190 190 190 255 
1.19341 0.101597 14.7978 190 190 190 255 
1.12099 0.101603 14.6353 190 190 190 255 
1.12061 -0.0676707 14.6346 190 190 190 255 
1.09985 -1.89889 14.5972 190 190 190 255 
1.09985 -0.16926 14.5972 190 190 190 255 
1.2198 -0.200304 14.8786 190 190 190 255 
1.24188 -0.247782 14.9664 190 190 190 255 
1.20265 -0.116783 14.8241 190 190 190 255 
1.19982 -0.0842404 14.8159 190 190 190 255 
1.26978 -0.116783 15.2084 190 190 190 255 
1.27 -1.82976 15.2322 190 190 190 255 
1.26994 -0.0507965 15.2195 190 190 190 255 
1.26288 -0.236881 15.0979 190 190 190 255 
1.25429 -0.253304 15.0331 190 190 190 255 
1.25071 -1.85377 15.0116 190 190 190 255 
1.19341 -1.87705 14.7978 190 190 190 255 
0.463966 -0.0720694 14.05 190 190 190 255 
0.459727 -0.084242 14.0483 190 190 190 255 
0.437588 -0.116749 14.0399 190 190 190 255 
0.455356 -0.0931352 14.0466 190 190 190 255 
0.399313 -0.147518 14.0266 190 190 190 255 
0.242277 -0.200296 13.9855 190 190 190 255 
0.434366 -1.95968 14.0388 190 190 190 255 
0.3287 -1.96331 14.0054 190 190 190 255 
0.220533 -0.203911 13.9815 190 190 190 255 
0.110502 -0.215426 13.967 190 190 190 255 
0.110688 -1.9675 13.967 190 190 190 255 
-0.369761 -0.163148 14.0172 190 190 190 255 
-1.18996e-009 -0.218801 13.9622 190 190 190 255 
-0.110688 -1.9675 13.967 190 190 190 255 
-0.220533 -1.96592 13.9815 190 190 190 255 
-0.220399 -0.202813 13.9824 190 190 190 255 
-0.242277 -0.200296 13.9855 190 190 190 255 
-0.417589 -0.135037 14.0328 190 190 190 255 
-0.434366 -1.95968 14.0388 190 190 190 255 
-0.536725 -1.95506 14.0812 190 190 190 255 
-0.450129 -0.1016 14.0446 190 190 190 255 
-0.635 -1.9495 14.1323 190 190 190 255 
-0.466334 -0.0594486 14.0509 190 190 190 255 
-0.778646 -0.0508038 14.2289 190 190 190 255 
-0.779559 -0.0677578 14.2296 190 190 190 255 
-0.782204 -0.0842457 14.2316 190 190 190 255 
-0.809217 -0.147508 14.2534 190 190 190 255 
-0.800337 -0.132661 14.2461 190 190 190 255 
-0.81634 -1.93568 14.2593 190 190 190 255 
-0.884614 -0.220909 14.3209 190 190 190 255 
-0.914036 -0.236887 14.3504 190 190 190 255 
-0.943626 -0.247787 14.3822 190 190 190 255 
-1.04723 -0.236886 14.5137 190 190 190 255 
-0.972876 -1.91863 14.4158 190 190 190 255 
-0.999655 -0.253309 14.4488 190 190 190 255 
-1.11766 -0.100661 14.6291 190 190 190 255 
-1.08352 -0.200302 14.5697 190 190 190 255 
-1.0971 -0.17561 14.5924 190 190 190 255 
-1.09985 -0.16926 14.5972 190 190 190 255 
-1.1076 -0.147513 14.6108 190 190 190 255 
-1.12061 -0.0676633 14.6346 190 190 190 255 
-1.1991 -0.0676086 14.8138 190 190 190 255 
-1.11168 -0.132526 14.6181 190 190 190 255 
-1.19341 0.101597 14.7978 190 190 190 255 
-1.21299 -0.175611 14.8559 190 190 190 255 
-1.2198 -0.200304 14.8786 190 190 190 255 
-1.26288 -0.236881 15.0979 190 190 190 255 
-1.26567 -0.220915 15.1274 190 190 190 255 
-1.2506 -0.253302 15.0117 190 190 190 255 
-1.25429 -0.253304 15.0331 190 190 190 255 
-1.27 -1.82976 15.2322 190 190 190 255 
-1.26946 -0.147507 15.195 190 190 190 255 
-1.26978 -0.116783 15.2084 190 190 190 255 
-1.27 0.101599 15.2322 190 190 190 255 
-1.26994 -0.0507965 15.2195 190 190 190 255 
-1.26991 -0.0842421 15.2167 190 190 190 255 
-2.16102 -1.88113 14.5363 190 190 190 255 
-2.16146 -1.38757 19.0861 190 190 190 255 
-2.09959 -1.89643 14.5379 190 190 190 255 
-2.05348 -1.90027 14.5384 190 190 190 255 
-1.9939 -1.40996 19.0885 190 190 190 255 
-2.26343 -1.84324 14.5321 190 190 190 255 
-2.23658 -1.85486 14.5334 190 190 190 255 
-2.19599 -1.87241 14.5353 190 190 190 255 
-2.17401 -1.87789 14.5359 190 190 190 255 
-2.29653 -1.82893 14.5306 190 190 190 255 
-2.35792 -1.78876 14.5262 190 190 190 255 
-2.35756 -1.789 14.5262 190 190 190 255 
-2.41293 -1.74571 14.5215 190 190 190 255 
-2.5278 -1.6157 14.5074 190 190 190 255 
-2.51215 -1.63598 14.5096 190 190 190 255 
-2.46377 -1.6986 14.5164 190 190 190 255 
-2.56731 -1.54213 14.4994 190 190 190 255 
-2.5459 -1.582 14.5037 190 190 190 255 
-2.62652 -1.32761 14.476 190 190 190 255 
-2.62644 -1.32945 14.4762 190 190 190 255 
-2.62578 -1.33332 14.4766 190 190 190 255 
-2.6159 -1.3914 14.4829 190 190 190 255 
-2.60639 -0.945253 19.0379 190 190 190 255 
-2.60555 -1.44026 14.4883 190 190 190 255 
-2.60021 -1.45586 14.49 190 190 190 255 
-2.57664 -1.52474 14.4975 190 190 190 255 
-2.60959 -1.42844 14.487 190 190 190 255 
-1.27759 -1.46352 12.1745 190 190 190 255 
-1.02293 -1.47393 12.0484 190 190 190 255 
-1.801 -1.43178 12.5588 190 190 190 255 
-1.67025 -1.44159 12.44 190 190 190 255 
-1.80415 -1.47298 12.5599 190 190 190 255 
-1.59134 -1.44643 12.3814 190 190 190 255 
-1.55087 -1.44892 12.3513 190 190 190 255 
-2.03366 -1.41152 12.8042 190 190 190 255 
-1.90979 -1.42282 12.6673 190 190 190 255 
-1.86089 -1.42729 12.6133 190 190 190 255 
-2.02689 -1.44712 12.7975 190 190 190 255 
-2.49769 -1.35427 13.6504 190 190 190 255 
-2.58027 -1.31981 13.9669 190 190 190 255 
-2.57847 -1.31628 13.9577 190 190 190 255 
-2.49523 -1.34169 13.6499 190 190 190 255 
-2.57808 -1.38225 13.9742 190 190 190 255 
-1.98633 -1.91993 14.4039 190 190 190 255 
-1.94631 -1.97251 13.899 190 190 190 255 
-1.89239 -1.97297 13.9167 190 190 190 255 
-1.94358 -1.95371 14.0936 190 190 190 255 
-1.79492 -1.99979 13.6703 190 190 190 255 
-1.85173 -1.99829 13.6621 190 190 190 255 
-1.72858 -2.02258 13.4391 190 190 190 255 
-1.40596 -2.05916 13.1249 190 190 190 255 
-1.40511 -2.06517 13.0479 190 190 190 255 
-1.21019 -2.08281 12.8858 190 190 190 255 
-0.767546 -2.10742 12.6393 190 190 190 255 
-0.996451 -2.09773 12.7488 190 190 190 255 
-0.74696 -2.10649 12.6902 190 190 190 255 
-2.4417 -1.71904 14.5186 190 190 190 255 
-2.35326 -1.80805 14.3669 190 190 190 255 
-2.16934 -1.89523 14.3889 190 190 190 255 
-2.04858 -1.90068 14.5384 190 190 190 255 
-2.11089 -1.89361 14.5376 190 190 190 255 
-2.23234 -1.87343 14.3822 190 190 190 255 
-2.62016 -1.28866 14.2922 190 190 190 255 
-2.29372 -1.82904 13.7691 190 190 190 255 
-2.08026 -1.84113 13.1955 190 190 190 255 
-2.03746 -1.88797 13.2279 190 190 190 255 
-1.86114 -1.91436 12.9855 190 190 190 255 
-1.90026 -1.86807 12.9481 190 190 190 255 
-1.42688 -1.95891 12.5762 190 190 190 255 
-2.62057 -1.34694 14.2985 190 190 190 255 
-2.56939 -1.44617 13.9828 190 190 190 255 
-2.48715 -1.48047 13.6676 190 190 190 255 
-2.20944 -1.54433 13.081 190 190 190 255 
-2.21692 -1.48075 13.0694 190 190 190 255 
-2.01833 -1.57294 12.8183 190 190 190 255 
-2.02516 -1.50946 12.8057 190 190 190 255 
-1.80261 -1.5353 12.5683 190 190 190 255 
-1.54754 -1.62124 12.3746 190 190 190 255 
-1.27872 -1.57704 12.1849 190 190 190 255 
-2.49556 -1.41669 13.6579 190 190 190 255 
-2.37657 -1.38728 13.3471 190 190 190 255 
-2.37454 -1.44967 13.3549 190 190 190 255 
-2.21881 -1.41839 13.0613 190 190 190 255 
-1.55279 -1.55792 12.3605 190 190 190 255 
-1.55411 -1.49561 12.352 190 190 190 255 
-1.27982 -1.51475 12.1762 190 190 190 255 
-2.29406 -1.84434 14.3749 190 190 190 255 
-2.25681 -1.87529 14.0905 190 190 190 255 
-2.2409 -1.87073 13.791 190 190 190 255 
-2.13214 -1.90038 13.5187 190 190 190 255 
-1.81821 -1.9541 13.0253 190 190 190 255 
-1.39394 -1.99763 12.6254 190 190 190 255 
-1.35876 -2.02919 12.6769 190 190 190 255 
-0.883887 -2.02672 12.3426 190 190 190 255 
-0.860906 -2.06054 12.4032 190 190 190 255 
-1.19973 -1.93149 12.3655 190 190 190 255 
-0.90472 -1.98894 12.2869 190 190 190 255 
-2.38699 -1.76974 14.5241 190 190 190 255 
-2.4087 -1.76489 14.3584 190 190 190 255 
-2.31506 -1.83979 14.0753 190 190 190 255 
-2.36962 -1.79737 14.0601 190 190 190 255 
-2.18242 -1.85939 13.4904 190 190 190 255 
-1.9905 -1.92832 13.2621 190 190 190 255 
-1.6183 -1.97732 12.812 190 190 190 255 
-1.65653 -1.93812 12.7672 190 190 190 255 
-1.14785 -2.0148 12.4677 190 190 190 255 
-1.17499 -1.97648 12.4148 190 190 190 255 
-0.838332 -2.08045 12.4612 190 190 190 255 
-2.1257 -1.93293 13.8357 190 190 190 255 
-2.1341 -1.92453 14.1198 190 190 190 255 
-2.06568 -1.95307 13.8576 190 190 190 255 
-1.96535 -1.98042 13.6064 190 190 190 255 
-1.88807 -1.98757 13.3338 190 190 190 255 
-1.53493 -2.03406 12.9067 190 190 190 255 
-1.08864 -2.06961 12.5801 190 190 190 255 
-1.0578 -2.08592 12.6373 190 190 190 255 
-2.04404 -1.91798 14.3998 190 190 190 255 
-2.01082 -1.94559 14.1462 190 190 190 255 
-1.57883 -2.04499 13.2332 190 190 190 255 
-0.786756 -2.10828 12.5919 190 190 190 255 
-2.10623 -1.90996 14.3948 190 190 190 255 
-2.072 -1.93839 14.1335 190 190 190 255 
-2.00555 -1.96612 13.8788 190 190 190 255 
-1.90812 -1.99268 13.6348 190 190 190 255 
-1.78125 -2.0177 13.405 190 190 190 255 
-1.83471 -2.00618 13.3698 190 190 190 255 
-1.67583 -2.02996 13.1513 190 190 190 255 
-1.62697 -2.04079 13.1929 190 190 190 255 
-1.4915 -2.05137 12.9547 190 190 190 255 
-1.28464 -2.07009 12.7827 190 190 190 255 
-1.44798 -2.06158 13.002 190 190 190 255 
-1.24714 -2.07977 12.8349 190 190 190 255 
-1.0269 -2.09513 12.6938 190 190 190 255 
-0.814774 -2.09721 12.5213 190 190 190 255 
-0.791008 -2.1066 12.5812 190 190 190 255 
-2.19609 -1.90355 14.1055 190 190 190 255 
-2.1845 -1.90547 13.8134 190 190 190 255 
-2.07845 -1.93438 13.5478 190 190 190 255 
-2.02248 -1.96106 13.5772 190 190 190 255 
-1.94035 -1.96161 13.2977 190 190 190 255 
-1.7246 -2.01203 13.109 190 190 190 255 
-1.77238 -1.98675 13.0668 190 190 190 255 
-1.57749 -2.00938 12.8588 190 190 190 255 
-1.32208 -2.05333 12.7297 190 190 190 255 
-1.11886 -2.04592 12.5232 190 190 190 255 
-2.59583 -1.47554 14.3142 190 190 190 255 
-2.57253 -1.53952 14.3228 190 190 190 255 
-2.35211 -1.57732 13.3794 190 190 190 255 
-2.17622 -1.6709 13.1159 190 190 190 255 
-2.00601 -1.63653 12.8354 190 190 190 255 
-1.98797 -1.69908 12.8571 190 190 190 255 
-1.78555 -1.66213 12.6002 190 190 190 255 
-1.76949 -1.72445 12.6241 190 190 190 255 
-1.53808 -1.68454 12.3944 190 190 190 255 
-1.52424 -1.74665 12.4201 190 190 190 255 
-1.2552 -1.76542 12.2477 190 190 190 255 
-0.966625 -1.78298 12.1113 190 190 190 255 
-0.954814 -1.83863 12.1466 190 190 190 255 
-2.5418 -1.60167 14.3316 190 190 190 255 
-2.46324 -1.69449 14.0306 190 190 190 255 
-2.30311 -1.70134 13.4161 190 190 190 255 
-2.26871 -1.75892 13.4386 190 190 190 255 
-2.15019 -1.73149 13.1391 190 190 190 255 
-1.93481 -1.81606 12.9138 190 190 190 255 
-1.72214 -1.84076 12.687 190 190 190 255 
-1.50597 -1.80634 12.4515 190 190 190 255 
-1.48343 -1.86237 12.4884 190 190 190 255 
-1.24016 -1.82488 12.2812 190 190 190 255 
-2.50057 -1.63593 14.0169 190 190 190 255 
-2.53081 -1.5742 14.0043 190 190 190 255 
-2.42051 -1.66933 13.7101 190 190 190 255 
-2.44979 -1.60799 13.6938 190 190 190 255 
-2.33098 -1.64039 13.3962 190 190 190 255 
-1.96418 -1.75933 12.8834 190 190 190 255 
-1.7483 -1.78441 12.6531 190 190 190 255 
-0.985333 -1.52985 12.0374 190 190 190 255 
-0.98518 -1.59253 12.0446 190 190 190 255 
-1.2744 -1.6403 12.1996 190 190 190 255 
-0.98117 -1.65503 12.0614 190 190 190 255 
-2.61174 -1.41097 14.3061 190 190 190 255 
-2.55373 -1.51052 13.9929 190 190 190 255 
-2.36654 -1.51336 13.3656 190 190 190 255 
-2.47199 -1.54463 13.6796 190 190 190 255 
-2.19596 -1.60811 13.0965 190 190 190 255 
-1.79653 -1.59869 12.5817 190 190 190 255 
-1.26661 -1.70347 12.2205 190 190 190 255 
-0.978935 -1.68987 12.0707 190 190 190 255 
-0.97523 -1.71789 12.0829 190 190 190 255 
-2.50815 -1.64114 14.5101 190 190 190 255 
-2.50386 -1.66073 14.3406 190 190 190 255 
-2.45924 -1.7155 14.3496 190 190 190 255 
-2.41934 -1.74866 14.045 190 190 190 255 
-2.34186 -1.78098 13.7481 190 190 190 255 
-2.38437 -1.72739 13.7283 190 190 190 255 
-2.22824 -1.81196 13.4636 190 190 190 255 
-2.11806 -1.78863 13.1658 190 190 190 255 
-1.69138 -1.89233 12.7252 190 190 190 255 
-1.45691 -1.91356 12.5302 190 190 190 255 
-1.22158 -1.88063 12.3207 190 190 190 255 
-0.940572 -1.89393 12.1879 190 190 190 255 
-0.181152 -1.58773 11.2962 190 190 190 255 
0.535664 -2.32177 10.6405 190 190 190 255 
0.346716 -2.26074 10.6338 190 190 190 255 
0.387696 -2.27762 10.6356 190 190 190 255 
0.434525 -2.27836 10.8422 190 190 190 255 
0.438774 -2.29865 10.6379 190 190 190 255 
0.324992 -2.2475 10.6324 190 190 190 255 
0.261756 -2.20898 10.6282 190 190 190 255 
0.115852 -2.06054 10.612 190 190 190 255 
0.10263 -2.03665 10.7823 190 190 190 255 
0.121273 -2.06932 10.613 190 190 190 255 
0.16047 -2.11495 10.618 190 190 190 255 
0.194875 -2.14225 10.8031 190 190 190 255 
0.185986 -2.14465 10.6212 190 190 190 255 
0.0692086 -1.98487 10.6038 190 190 190 255 
0.0376343 -1.91617 10.7625 190 190 190 255 
0.0310765 -1.89334 10.5938 190 190 190 255 
0.0160336 -1.85338 10.7535 190 190 190 255 
0.0272265 -1.8774 10.5921 190 190 190 255 
0.012035 -1.8145 10.5852 190 190 190 255 
0.00781498 -1.79703 10.5833 190 190 190 255 
-0.00628272 -1.72854 10.7377 190 190 190 255 
-0.0133442 -1.67342 10.7353 190 190 190 255 
-0.0128532 -1.67407 10.731 190 190 190 255 
0.00430385 -1.75266 10.5785 190 190 190 255 
-0.000974998 -1.68984 10.6278 190 190 190 255 
-0.0609945 -1.63502 10.9867 190 190 190 255 
-0.101493 -1.61331 11.1288 190 190 190 255 
-0.213816 -1.57724 11.3649 190 190 190 255 
-0.433253 -1.53367 11.6501 190 190 190 255 
-0.531574 -1.51836 11.7504 190 190 190 255 
-0.753719 -1.49299 11.9164 190 190 190 255 
0.497366 -2.24655 11.4037 190 190 190 255 
0.485146 -2.24685 11.3993 190 190 190 255 
0.615385 -2.2984 10.9274 190 190 190 255 
0.581181 -2.32533 10.6408 190 190 190 255 
0.634658 -2.32528 10.6804 190 190 190 255 
0.563138 -2.30301 10.858 190 190 190 255 
-0.596108 -2.11805 12.564 190 190 190 255 
-0.767547 -2.10741 12.6393 190 190 190 255 
-0.791009 -2.1066 12.5812 190 190 190 255 
-0.814776 -2.0972 12.5213 190 190 190 255 
-0.653392 -2.10699 12.4503 190 190 190 255 
-0.823052 -2.09393 12.5005 190 190 190 255 
-0.838334 -2.08045 12.4612 190 190 190 255 
-0.737575 -2.03696 12.2773 190 190 190 255 
-0.948331 -1.86917 12.166 190 190 190 255 
-0.954814 -1.83863 12.1466 190 190 190 255 
-0.975231 -1.71789 12.0829 190 190 190 255 
-0.981171 -1.65503 12.0614 190 190 190 255 
-0.86053 -1.60093 11.9883 190 190 190 255 
-0.985333 -1.52985 12.0374 190 190 190 255 
-0.985422 -1.49292 12.0332 190 190 190 255 
-0.883888 -2.02671 12.3426 190 190 190 255 
-0.894967 -2.01041 12.3134 190 190 190 255 
-0.904721 -1.98894 12.2869 190 190 190 255 
-0.762984 -1.99898 12.2233 190 190 190 255 
-0.924303 -1.94584 12.2338 190 190 190 255 
-0.940573 -1.89393 12.1879 190 190 190 255 
-0.393242 -2.13096 12.3762 190 190 190 255 
-0.624531 -2.11582 12.5079 190 190 190 255 
-0.46491 -2.1062 12.2683 190 190 190 255 
-0.682214 -2.09105 12.3919 190 190 190 255 
-0.710464 -2.06773 12.3339 190 190 190 255 
-0.533815 -2.05215 12.1612 190 190 190 255 
-0.565492 -2.0142 12.1106 190 190 190 255 
-0.594426 -1.96956 12.0632 190 190 190 255 
-0.78616 -1.95432 12.1729 190 190 190 255 
-0.806646 -1.90373 12.1271 190 190 190 255 
-0.641902 -1.86354 11.982 190 190 190 255 
-0.824083 -1.84822 12.0868 190 190 190 255 
-0.838235 -1.78896 12.0526 190 190 190 255 
-0.673295 -1.74257 11.9227 190 190 190 255 
-0.848995 -1.72718 12.0247 190 190 190 255 
-0.688111 -1.6164 11.8872 190 190 190 255 
-0.856383 -1.66412 12.0033 190 190 190 255 
-0.861661 -1.53869 11.9793 190 190 190 255 
-0.838893 -1.48644 11.9593 190 190 190 255 
-0.143893 -2.14621 12.3253 190 190 190 255 
-0.357967 -2.13319 12.4282 190 190 190 255 
-0.179342 -2.14927 12.2165 190 190 190 255 
-0.429086 -2.12213 12.3226 190 190 190 255 
-0.263908 -2.12453 12.1183 190 190 190 255 
-0.305439 -2.10124 12.0689 190 190 190 255 
-0.500054 -2.0829 12.2141 190 190 190 255 
-0.345385 -2.07052 12.0205 190 190 190 255 
-0.382915 -2.03259 11.974 190 190 190 255 
-0.417253 -1.98798 11.9304 190 190 190 255 
-0.447719 -1.93746 11.8905 190 190 190 255 
-0.620045 -1.919 12.0201 190 190 190 255 
-0.473781 -1.88204 11.855 190 190 190 255 
-0.49508 -1.82286 11.8245 190 190 190 255 
-0.659698 -1.80432 11.9494 190 190 190 255 
-0.511447 -1.76116 11.7993 190 190 190 255 
-0.522899 -1.69818 11.7796 190 190 190 255 
-0.682713 -1.67955 11.902 190 190 190 255 
-0.529616 -1.63508 11.7651 190 190 190 255 
-0.531915 -1.57292 11.7558 190 190 190 255 
-0.689764 -1.5542 11.878 190 190 190 255 
0.0605516 -2.17265 12.0729 190 190 190 255 
0.0273301 -2.16383 12.1635 190 190 190 255 
0.0133676 -2.17041 12.0314 190 190 190 255 
-0.137776 -2.15149 12.2636 190 190 190 255 
-0.0346688 -2.16161 11.9883 190 190 190 255 
-0.0827767 -2.14571 11.9445 190 190 190 255 
-0.221617 -2.14044 12.1678 190 190 190 255 
-0.130077 -2.12243 11.9006 190 190 190 255 
-0.175632 -2.09173 11.8574 190 190 190 255 
-0.257795 -2.00926 11.7765 190 190 190 255 
-0.292741 -1.95877 11.7404 190 190 190 255 
-0.322725 -1.90339 11.7081 190 190 190 255 
-0.366362 -1.7826 11.6568 190 190 190 255 
0.255939 -2.19541 11.8734 190 190 190 255 
0.128882 -2.18528 11.7868 190 190 190 255 
0.0233362 -2.14614 11.7115 190 190 190 255 
-0.218501 -2.05384 11.8157 190 190 190 255 
-0.0747769 -2.07759 11.638 190 190 190 255 
-0.118505 -2.03305 11.6038 190 190 190 255 
-0.218722 -1.86816 11.5184 190 190 190 255 
-0.240264 -1.80656 11.4972 190 190 190 255 
-0.347332 -1.84426 11.6801 190 190 190 255 
-0.255677 -1.74366 11.4799 190 190 190 255 
-0.379823 -1.71966 11.6381 190 190 190 255 
-0.387912 -1.65662 11.6242 190 190 190 255 
-0.269118 -1.61859 11.4573 190 190 190 255 
-0.390981 -1.5945 11.6147 190 190 190 255 
-0.363147 -1.54461 11.5785 190 190 190 255 
0.366276 -2.21944 11.6489 190 190 190 255 
0.384022 -2.21886 11.658 190 190 190 255 
0.233965 -2.19631 11.8588 190 190 190 255 
0.181923 -2.19409 11.8235 190 190 190 255 
0.1967 -2.19252 11.558 190 190 190 255 
0.0756971 -2.16939 11.7493 190 190 190 255 
0.140462 -2.16929 11.5263 190 190 190 255 
-0.0271686 -2.11546 11.6742 190 190 190 255 
-0.0123561 -2.05626 11.4346 190 190 190 255 
-0.0545435 -2.00584 11.4073 190 190 190 255 
-0.157493 -1.9826 11.572 190 190 190 255 
-0.0909726 -1.95053 11.3823 190 190 190 255 
-0.191054 -1.92726 11.5434 190 190 190 255 
-0.161846 -1.76705 11.3256 190 190 190 255 
-0.177408 -1.64205 11.3039 190 190 190 255 
-0.265169 -1.68066 11.4667 190 190 190 255 
0.426226 -2.24463 11.3773 190 190 190 255 
0.310578 -2.21721 11.6198 190 190 190 255 
0.366031 -2.23583 11.3542 190 190 190 255 
0.253749 -2.2084 11.5894 190 190 190 255 
0.187977 -2.16608 11.2811 190 190 190 255 
0.0861394 -2.13863 11.4947 190 190 190 255 
0.133295 -2.12826 11.2569 190 190 190 255 
0.0348479 -2.10078 11.464 190 190 190 255 
0.0828557 -2.08377 11.2335 190 190 190 255 
0.0376516 -2.03338 11.2114 190 190 190 255 
-0.121132 -1.89147 11.3602 190 190 190 255 
-0.0341096 -1.91907 11.1725 190 190 190 255 
-0.0598218 -1.85753 11.1564 190 190 190 255 
-0.144761 -1.8299 11.3413 190 190 190 255 
-0.0786293 -1.79471 11.1426 190 190 190 255 
-0.172596 -1.70408 11.3132 190 190 190 255 
0.572041 -2.27558 11.1367 190 190 190 255 
0.510837 -2.27336 11.1223 190 190 190 255 
0.448227 -2.26457 11.1069 190 190 190 255 
0.305519 -2.21996 11.3302 190 190 190 255 
0.322874 -2.22548 11.0737 190 190 190 255 
0.245779 -2.19673 11.3057 190 190 190 255 
0.262469 -2.19485 11.0564 190 190 190 255 
0.152272 -2.11256 11.0221 190 190 190 255 
-0.00152164 -1.9781 11.191 190 190 190 255 
0.00124247 -1.88642 10.9626 190 190 190 255 
-0.0190881 -1.82363 10.9511 190 190 190 255 
-0.0907406 -1.73178 11.1313 190 190 190 255 
-0.0965608 -1.66978 11.1224 190 190 190 255 
-0.0393035 -1.69874 10.9328 190 190 190 255 
0.619468 -2.30095 10.9039 190 190 190 255 
0.499092 -2.29422 10.8505 190 190 190 255 
0.385197 -2.2487 11.0906 190 190 190 255 
0.37058 -2.25515 10.8332 190 190 190 255 
0.308493 -2.22452 10.8236 190 190 190 255 
0.249523 -2.18672 10.8135 190 190 190 255 
0.20521 -2.15704 11.0391 190 190 190 255 
0.14562 -2.0919 10.7926 190 190 190 255 
0.104694 -2.06219 11.0056 190 190 190 255 
0.0665207 -1.97767 10.7722 190 190 190 255 
0.0633153 -2.00693 10.9901 190 190 190 255 
0.0287255 -1.94793 10.9756 190 190 190 255 
0.00152858 -1.7905 10.7452 190 190 190 255 
-0.0324676 -1.76072 10.9411 190 190 190 255 
-0.0295884 -1.65186 10.8764 190 190 190 255 
-0.0436327 -1.64433 10.9257 190 190 190 255 
0.535681 -2.35124 10.3678 190 190 190 255 
0.635 -2.32954 10.6413 190 190 190 255 
0.535664 -2.32177 10.6405 190 190 190 255 
0.533019 -2.35103 10.3677 190 190 190 255 
0.516844 -2.31727 10.64 190 190 190 255 
0.440636 -2.32942 10.3608 190 190 190 255 
0.451696 -2.30173 10.6383 190 190 190 255 
0.438774 -2.29865 10.6379 190 190 190 255 
0.438833 -2.32871 10.3605 190 190 190 255 
0.346742 -2.29181 10.3479 190 190 190 255 
0.346716 -2.26074 10.6338 190 190 190 255 
0.345958 -2.2915 10.3477 190 190 190 255 
0.265817 -2.24439 10.33 190 190 190 255 
0.261756 -2.20898 10.6282 190 190 190 255 
0.261996 -2.24129 10.3288 190 190 190 255 
0.186247 -2.17911 10.3026 190 190 190 255 
0.210214 -2.16522 10.6234 190 190 190 255 
0.18953 -2.18269 10.3042 190 190 190 255 
0.185987 -2.14465 10.6212 190 190 190 255 
0.128243 -2.11582 10.2728 190 190 190 255 
0.121927 -2.10648 10.2678 190 190 190 255 
0.121274 -2.06932 10.613 190 190 190 255 
0.0793326 -2.00129 10.6056 190 190 190 255 
0.0763829 -2.0391 10.2318 190 190 190 255 
0.0398243 -1.96305 10.1856 190 190 190 255 
0.0692109 -1.98487 10.6038 190 190 190 255 
0.0503839 -1.93969 10.5989 190 190 190 255 
0.0310791 -1.89334 10.5938 190 190 190 255 
0.0078179 -1.79703 10.5833 190 190 190 255 
0.0134719 -1.87771 10.1265 190 190 190 255 
0.0324546 -1.93918 10.1691 190 190 190 255 
-6.01456e-007 -1.69827 10.5726 190 190 190 255 
0.009412 -1.84904 10.1036 190 190 190 255 
0.000933311 -1.78915 10.0558 190 190 190 255 
1.27 -0.0508082 22.2298 190 190 190 255 
1.27 -0.0860828 22.2268 190 190 190 255 
1.27 -0.206466 22.4802 190 190 190 255 
1.27 -0.152396 22.4349 190 190 190 255 
1.27 -0.20645 23.0645 190 190 190 255 
1.27 -0.0507923 22.8141 190 190 190 255 
1.27 -0.175618 23.6189 190 190 190 255 
1.27 -0.18141 23.0394 190 190 190 255 
1.27 -0.0860882 22.811 190 190 190 255 
1.27 -0.152401 23.0191 190 190 190 255 
1.27 -0.12029 23.0041 190 190 190 255 
1.27 -0.14751 23.6006 190 190 190 255 
1.27 -0.116768 23.5871 190 190 190 255 
1.27 -0.0860934 21.0584 190 190 190 255 
1.27 -0.206455 21.3119 190 190 190 255 
1.27 -0.22091 23.6681 190 190 190 255 
1.27 -0.0860936 23.3952 190 190 190 255 
1.27 -0.200299 23.6416 190 190 190 255 
1.27 0.101591 21.6456 190 190 190 255 
1.27 -0.0508028 21.6457 190 190 190 255 
1.27 -0.0860897 21.8265 190 190 190 255 
1.27 -0.0508042 15.3973 190 190 190 255 
1.27 -0.0860843 21.2424 190 190 190 255 
1.27 -0.120295 21.2515 190 190 190 255 
1.27 -0.20646 21.8961 190 190 190 255 
1.27 -0.0860774 21.6426 190 190 190 255 
1.27 -0.181421 21.871 190 190 190 255 
1.27 -0.181404 20.1184 190 190 190 255 
1.27 -0.050805 20.0709 190 190 190 255 
1.27 -0.0508079 19.893 190 190 190 255 
1.27 -0.206471 20.7276 190 190 190 255 
1.27 -0.241737 20.7888 190 190 190 255 
1.27 -0.086089 19.4897 190 190 190 255 
1.27 -0.25092 16.1494 190 190 190 255 
1.27 -0.0508104 20.655 190 190 190 255 
1.27 0.101602 20.4773 190 190 190 255 
1.27 -0.050792 20.4773 190 190 190 255 
1.27 -0.152401 20.6823 190 190 190 255 
1.27 -0.250921 20.823 190 190 190 255 
1.27 -0.181409 16.029 190 190 190 255 
1.27 -0.241741 16.6994 190 190 190 255 
1.27 -0.120306 21.6334 190 190 190 255 
1.27 -0.181414 15.4448 190 190 190 255 
1.27 0.1016 18.9025 190 190 190 255 
1.27 -0.220909 18.9945 190 190 190 255 
1.27 -0.175617 18.9453 190 190 190 255 
1.27 -0.147509 18.927 190 190 190 255 
1.27 -0.0860931 18.7216 190 190 190 255 
1.27 -0.20646 19.5593 190 190 190 255 
1.27 -0.226772 18.4199 190 190 190 255 
1.27 -0.253999 17.3531 190 190 190 255 
1.27 -0.250909 17.3178 190 190 190 255 
1.27 -0.241747 17.2836 190 190 190 255 
1.27 -0.226782 17.2515 190 190 190 255 
1.27 -0.226767 22.5093 190 190 190 255 
1.27 -0.241744 21.512 190 190 190 255 
1.27 -0.253994 21.4425 190 190 190 255 
1.27 -0.250905 21.4072 190 190 190 255 
1.27 -0.152392 21.0343 190 190 190 255 
1.27 -0.1203 21.0492 190 190 190 255 
1.27 -0.226787 20.9598 190 190 190 255 
1.27 -0.250906 20.8936 190 190 190 255 
1.27 -0.25401 20.8582 190 190 190 255 
1.27 -0.226781 20.3757 190 190 190 255 
1.27 -0.250922 20.3093 190 190 190 255 
1.27 -1.39341 19.327 190 190 190 255 
1.27 -0.250917 19.7251 190 190 190 255 
1.27 -0.254004 17.9373 190 190 190 255 
1.27 -0.250915 17.902 190 190 190 255 
1.27 -0.181424 17.5087 190 190 190 255 
1.27 -0.120299 16.3756 190 190 190 255 
1.27 -0.254009 16.1846 190 190 190 255 
1.27 -0.206456 15.7311 190 190 190 255 
1.27 -0.22678 15.7021 190 190 190 255 
1.27 -0.241754 15.6699 190 190 190 255 
1.27 -0.254004 15.6005 190 190 190 255 
1.27 -0.250914 15.5652 190 190 190 255 
1.27 -0.226776 15.4989 190 190 190 255 
1.27 -0.236888 19.024 190 190 190 255 
1.27 -0.181413 18.6771 190 190 190 255 
1.27 -0.206456 18.0679 190 190 190 255 
1.27 -0.050802 16.9721 190 190 190 255 
1.27 -0.0860887 17.1529 190 190 190 255 
1.27 -0.120299 17.1621 190 190 190 255 
1.27 -0.120305 16.9598 190 190 190 255 
1.27 -0.181418 16.9245 190 190 190 255 
1.27 -0.152391 16.3607 190 190 190 255 
1.27 -0.206454 16.6383 190 190 190 255 
1.27 -0.181413 16.3403 190 190 190 255 
1.27 -0.0508096 15.9814 190 190 190 255 
1.27 -0.0507912 15.8037 190 190 190 255 
1.27 -0.0860779 15.9846 190 190 190 255 
1.27 -0.226766 20.1725 190 190 190 255 
1.27 -0.152403 19.8658 190 190 190 255 
1.27 -0.250915 20.2388 190 190 190 255 
1.27 -0.206451 19.8205 190 190 190 255 
1.27 -0.226776 19.7915 190 190 190 255 
1.27 -0.147513 19.2844 190 190 190 255 
1.27 -0.226781 18.0389 190 190 190 255 
1.27 -0.241754 18.0067 190 190 190 255 
1.27 -0.250922 17.9725 190 190 190 255 
1.27 -0.250911 16.8042 190 190 190 255 
1.27 -0.253993 16.7689 190 190 190 255 
1.27 -0.250904 16.7336 190 190 190 255 
1.27 -0.0507937 16.5657 190 190 190 255 
1.27 -0.0860833 16.5688 190 190 190 255 
1.27 -0.0860926 16.3848 190 190 190 255 
1.27 -0.152405 16.5929 190 190 190 255 
1.27 -0.253999 19.6899 190 190 190 255 
1.27 -0.250909 19.6546 190 190 190 255 
1.27 -0.226787 18.623 190 190 190 255 
1.27 -0.253307 19.0889 190 190 190 255 
1.27 -0.0508101 18.3182 190 190 190 255 
1.27 -0.0860782 18.3214 190 190 190 255 
1.27 -0.120289 18.3305 190 190 190 255 
1.27 -0.1524 18.3455 190 190 190 255 
1.27 -0.181409 18.3658 190 190 190 255 
1.27 -0.0508074 17.5562 190 190 190 255 
1.27 -0.0860941 17.7371 190 190 190 255 
1.27 -0.0860821 17.5532 190 190 190 255 
1.27 -0.206467 16.8995 190 190 190 255 
1.27 -0.152411 17.1771 190 190 190 255 
1.27 -0.22677 16.8705 190 190 190 255 
1.27 -0.206451 22.1573 190 190 190 255 
1.27 -0.253999 22.0267 190 190 190 255 
1.27 -0.241749 17.4226 190 190 190 255 
1.27 -0.250916 17.3883 190 190 190 255 
1.27 -0.226773 23.0935 190 190 190 255 
1.27 -0.241737 23.1256 190 190 190 255 
1.27 -0.241748 21.9572 190 190 190 255 
1.27 -0.152397 21.6184 190 190 190 255 
1.27 -0.236887 19.1873 190 190 190 255 
1.27 -0.241753 22.5413 190 190 190 255 
1.27 -0.152403 22.2026 190 190 190 255 
1.27 -0.236877 25.0293 190 190 190 255 
1.27 -0.0842529 24.163 190 190 190 255 
1.27 -0.0508059 24.7445 190 190 190 255 
1.27 -0.120301 23.386 190 190 190 255 
1.27 -1.21002 25.443 190 190 190 255 
1.27 -0.200293 25.0853 190 190 190 255 
1.27 -0.220911 25.0588 190 190 190 255 
1.27 -0.147505 25.3532 190 190 190 255 
1.27 -0.116769 25.1399 190 190 190 255 
1.27 -0.236888 23.8609 190 190 190 255 
1.27 -0.253308 23.7625 190 190 190 255 
1.27 -0.247778 23.7294 190 190 190 255 
1.27 -0.116774 24.1713 190 190 190 255 
1.27 -0.147514 23.958 190 190 190 255 
1.27 -0.147515 24.1847 190 190 190 255 
1.27 -0.175602 24.2031 190 190 190 255 
1.27 -0.220921 24.8365 190 190 190 255 
1.27 -0.050793 25.1509 190 190 190 255 
1.27 -0.05079 25.3287 190 190 190 255 
1.27 -0.0842423 25.3314 190 190 190 255 
1.27 -0.0842491 25.1481 190 190 190 255 
1.27 -0.1756 23.9396 190 190 190 255 
1.27 -0.0842369 24.7473 190 190 190 255 
1.27 -0.0842437 24.5639 190 190 190 255 
1.27 -0.116785 24.5556 190 190 190 255 
1.27 -0.14752 24.5422 190 190 190 255 
1.27 -0.175606 24.5238 190 190 190 255 
1.27 -0.247775 24.4134 190 190 190 255 
1.27 -0.253306 24.3802 190 190 190 255 
1.27 -0.253313 24.3467 190 190 190 255 
1.27 -0.253297 24.9309 190 190 190 255 
1.27 -0.236878 24.8661 190 190 190 255 
1.27 -0.220905 25.4207 190 190 190 255 
1.27 -0.200295 25.3943 190 190 190 255 
1.27 -0.247781 24.9976 190 190 190 255 
0.480299 -0.236895 26.6186 190 190 190 255 
0.509944 -0.22978 26.6055 190 190 190 255 
1.11693 -1.19189 26.0474 190 190 190 255 
1.26998 -0.236883 25.4502 190 190 190 255 
1.27 -0.233525 25.443 190 190 190 255 
1.2385 -0.116774 25.7241 190 190 190 255 
1.2453 -0.175617 25.6922 190 190 190 255 
1.24963 -0.200298 25.6695 190 190 190 255 
1.25262 -0.213919 25.652 190 190 190 255 
1.25268 -1.20375 25.652 190 190 190 255 
1.15159 -0.2003 25.9784 190 190 190 255 
1.1389 -0.220911 26.0049 190 190 190 255 
1.16982 -0.147511 25.9374 190 190 190 255 
1.17289 -0.132513 25.93 190 190 190 255 
1.17543 -0.116769 25.9239 190 190 190 255 
1.20119 -1.19766 25.8553 190 190 190 255 
1.17876 -0.0842477 25.9156 190 190 190 255 
1.00221 -1.18662 26.223 190 190 190 255 
1.10657 -0.247779 26.0662 190 190 190 255 
0.919238 -0.0508038 26.3193 190 190 190 255 
0.919905 -0.0676571 26.3186 190 190 190 255 
0.921872 -0.0842386 26.3165 190 190 190 255 
0.925172 -0.100875 26.313 190 190 190 255 
0.860148 -1.18201 26.3773 190 190 190 255 
0.998933 -0.220922 26.2272 190 190 190 255 
0.708359 -0.0508008 26.4971 190 190 190 255 
0.707302 -0.0677737 26.4978 190 190 190 255 
0.681896 -0.13286 26.5144 190 190 190 255 
0.694624 -1.17813 26.5062 190 190 190 255 
0.691694 -0.116775 26.5081 190 190 190 255 
0.860148 0.1016 26.3773 190 190 190 255 
0.640006 -0.175602 26.5399 190 190 190 255 
0.655922 -0.162426 26.5305 190 190 190 255 
0.311767 -1.17311 26.6741 190 190 190 255 
0.311407 -0.251529 26.6728 190 190 190 255 
0.272049 -0.253313 26.6835 190 190 190 255 
0.104876 -1.17208 26.7086 190 190 190 255 
-0.104876 -0.253828 26.7086 190 190 190 255 
-0.255348 -0.252731 26.6835 190 190 190 255 
-0.311767 -0.252317 26.6741 190 190 190 255 
-0.393755 -0.247784 26.6504 190 190 190 255 
-0.691284 -0.116692 26.5083 190 190 190 255 
-0.640006 -0.175602 26.5399 190 190 190 255 
-0.547007 -0.220916 26.5891 190 190 190 255 
-0.510153 -0.230809 26.606 190 190 190 255 
-0.704218 -0.0842531 26.4998 190 190 190 255 
-0.977562 -0.200304 26.2537 190 190 190 255 
-0.958256 -0.175601 26.2764 190 190 190 255 
-0.929609 -0.116779 26.3083 190 190 190 255 
-0.925143 -0.100758 26.313 190 190 190 255 
-0.921872 -0.0842386 26.3165 190 190 190 255 
-1.11693 -1.19189 26.0474 190 190 190 255 
-1.04412 -0.247792 26.1659 190 190 190 255 
-1.02142 -0.236888 26.1977 190 190 190 255 
-0.999039 -0.220575 26.227 190 190 190 255 
-1.17987 0.101598 25.9129 190 190 190 255 
-1.17959 -0.0676766 25.9135 190 190 190 255 
-1.17876 -0.0842477 25.9156 190 190 190 255 
-1.17738 -0.100683 25.9191 190 190 190 255 
-1.17543 -0.116769 25.9239 190 190 190 255 
-1.17289 -0.132539 25.93 190 190 190 255 
-1.16982 -0.147511 25.9374 190 190 190 255 
-1.20119 -1.19766 25.8553 190 190 190 255 
-1.10657 -0.247779 26.0662 190 190 190 255 
-1.2366 -0.0842545 25.7323 190 190 190 255 
-1.26998 -0.236883 25.4502 190 190 190 255 
-1.2694 -0.247773 25.482 190 190 190 255 
-1.26795 -0.253303 25.5151 190 190 190 255 
-1.25415 -0.220917 25.643 190 190 190 255 
-1.27 0.10161 22.4077 190 190 190 255 
-1.27 -0.0507923 22.8141 190 190 190 255 
-1.27 0.101604 22.9919 190 190 190 255 
-1.27 -0.0507893 22.9919 190 190 190 255 
-1.27 0.101599 21.2393 190 190 190 255 
-1.27 -0.0507947 23.5761 190 190 190 255 
-1.27 0.101607 19.8931 190 190 190 255 
-1.27 0.10161 20.0709 190 190 190 255 
-1.27 -0.050805 20.0709 190 190 190 255 
-1.27 -0.152403 22.2026 190 190 190 255 
-1.27 -0.0860951 22.4107 190 190 190 255 
-1.27 -0.0860771 19.3058 190 190 190 255 
-1.27 -0.206467 19.2363 190 190 190 255 
-1.27 -0.1203 19.4989 190 190 190 255 
-1.27 -0.18141 20.7026 190 190 190 255 
-1.27 -0.206471 20.7276 190 190 190 255 
-1.27 -0.0508025 19.3089 190 190 190 255 
-1.27 0.101594 19.4867 190 190 190 255 
-1.27 0.101602 20.4773 190 190 190 255 
-1.27 0.101605 20.6551 190 190 190 255 
-1.27 -0.050792 20.4773 190 190 190 255 
-1.27 -0.086088 20.4742 190 190 190 255 
-1.27 -0.0860789 20.6582 190 190 190 255 
-1.27 -0.0860934 21.0584 190 190 190 255 
-1.27 -0.241753 20.2045 190 190 190 255 
-1.27 -0.241744 21.512 190 190 190 255 
-1.27 -1.21002 25.443 190 190 190 255 
-1.27 -0.241754 15.6699 190 190 190 255 
-1.27 -0.226771 16.0831 190 190 190 255 
-1.27 -0.241736 16.1152 190 190 190 255 
-1.27 -0.18142 17.1974 190 190 190 255 
-1.27 -0.226782 17.2515 190 190 190 255 
-1.27 -0.120305 20.0831 190 190 190 255 
-1.27 -0.120289 19.8808 190 190 190 255 
-1.27 -0.241737 20.7888 190 190 190 255 
-1.27 -1.40996 19.0885 190 190 190 255 
-1.27 -0.250906 20.8936 190 190 190 255 
-1.27 -0.152392 21.0343 190 190 190 255 
-1.27 -0.206464 15.4698 190 190 190 255 
-1.27 -0.254004 15.6005 190 190 190 255 
-1.27 -0.250922 15.6357 190 190 190 255 
-1.27 -0.226786 16.2862 190 190 190 255 
-1.27 -0.181415 16.6132 190 190 190 255 
-1.27 -0.226772 18.4199 190 190 190 255 
-1.27 -0.250915 20.2388 190 190 190 255 
-1.27 -0.250922 20.3093 190 190 190 255 
-1.27 -0.152408 20.45 190 190 190 255 
-1.27 -0.241739 20.9278 190 190 190 255 
-1.27 -0.206462 20.9889 190 190 190 255 
-1.27 -0.181414 21.0139 190 190 190 255 
-1.27 -1.39341 19.327 190 190 190 255 
-1.27 -0.253994 21.4425 190 190 190 255 
-1.27 -0.152407 15.7764 190 190 190 255 
-1.27 -0.120294 15.7914 190 190 190 255 
-1.27 -0.0860872 15.8006 190 190 190 255 
-1.27 -0.254009 16.1846 190 190 190 255 
-1.27 -0.0860766 16.969 190 190 190 255 
-1.27 -0.120299 17.1621 190 190 190 255 
-1.27 -0.120295 18.9147 190 190 190 255 
-1.27 -0.250904 19.0704 190 190 190 255 
-1.27 -0.20646 19.5593 190 190 190 255 
-1.27 -0.241749 19.7594 190 190 190 255 
-1.27 -0.152406 21.2665 190 190 190 255 
-1.27 -0.0508028 21.6457 190 190 190 255 
-1.27 -0.0507998 21.8235 190 190 190 255 
-1.27 -0.0860897 21.8265 190 190 190 255 
-1.27 -0.152397 21.6184 190 190 190 255 
-1.27 -0.15239 21.8507 190 190 190 255 
-1.27 -0.181421 21.871 190 190 190 255 
-1.27 -0.116768 23.5871 190 190 190 255 
-1.27 -0.14751 23.6006 190 190 190 255 
-1.27 -0.181413 16.3403 190 190 190 255 
-1.27 -0.241741 16.6994 190 190 190 255 
-1.27 -0.206465 17.8066 190 190 190 255 
-1.27 -0.226766 17.8357 190 190 190 255 
-1.27 -0.181413 18.6771 190 190 190 255 
-1.27 -0.250912 19.141 190 190 190 255 
-1.27 -0.15239 19.5139 190 190 190 255 
-1.27 -0.241744 19.1752 190 190 190 255 
-1.27 -0.250909 19.6546 190 190 190 255 
-1.27 -0.181404 20.1184 190 190 190 255 
-1.27 -0.241755 20.3435 190 190 190 255 
-1.27 -0.0507966 16.3879 190 190 190 255 
-1.27 -0.0860926 16.3848 190 190 190 255 
-1.27 -0.0860833 16.5688 190 190 190 255 
-1.27 -0.250904 16.7336 190 190 190 255 
-1.27 -0.250909 17.3178 190 190 190 255 
-1.27 -0.253999 17.3531 190 190 190 255 
-1.27 -0.120289 17.544 190 190 190 255 
-1.27 -0.0860821 17.5532 190 190 190 255 
-1.27 -0.181404 17.7816 190 190 190 255 
-1.27 -0.241739 18.591 190 190 190 255 
-1.27 -0.250906 18.5568 190 190 190 255 
-1.27 -0.1203 18.7124 190 190 190 255 
-1.27 -0.152405 18.9297 190 190 190 255 
-1.27 -0.152391 18.6975 190 190 190 255 
-1.27 -0.181415 18.95 190 190 190 255 
-1.27 -0.152403 19.8658 190 190 190 255 
-1.27 0.101606 15.9815 190 190 190 255 
-1.27 -0.241744 16.8384 190 190 190 255 
-1.27 -0.206467 16.8995 190 190 190 255 
-1.27 -0.181418 16.9245 190 190 190 255 
-1.27 -0.120289 18.3305 190 190 190 255 
-1.27 -0.120295 18.1282 190 190 190 255 
-1.27 -0.0860931 18.7216 190 190 190 255 
-1.27 -0.0860882 22.811 190 190 190 255 
-1.27 -0.12029 23.0041 190 190 190 255 
-1.27 -0.152401 23.0191 190 190 190 255 
-1.27 -0.254004 17.9373 190 190 190 255 
-1.27 -0.181409 18.3658 190 190 190 255 
-1.27 -0.152408 22.7868 190 190 190 255 
-1.27 -0.250916 17.3883 190 190 190 255 
-1.27 -0.226776 17.4547 190 190 190 255 
-1.27 -0.0508045 17.7341 190 190 190 255 
-1.27 -0.0507917 18.1405 190 190 190 255 
-1.27 -0.0860875 18.1374 190 190 190 255 
-1.27 -0.226782 22.7125 190 190 190 255 
-1.27 -0.18141 23.0394 190 190 190 255 
-1.27 -0.20646 21.8961 190 190 190 255 
-1.27 -0.25091 21.9914 190 190 190 255 
-1.27 -0.250916 22.5756 190 190 190 255 
-1.27 -0.24175 22.0962 190 190 190 255 
-1.27 -0.241739 23.2646 190 190 190 255 
-1.27 -0.206463 23.3257 190 190 190 255 
-1.27 -0.152392 23.3711 190 190 190 255 
-1.27 -0.220922 23.8904 190 190 190 255 
-1.27 -0.14752 24.5422 190 190 190 255 
-1.27 -0.175618 23.6189 190 190 190 255 
-1.27 0.101593 24.1602 190 190 190 255 
-1.27 -0.0842383 23.9797 190 190 190 255 
-1.27 -0.0842529 24.163 190 190 190 255 
-1.27 -0.116779 23.9715 190 190 190 255 
-1.27 0.101606 24.5667 190 190 190 255 
-1.27 -0.0508089 24.5666 190 190 190 255 
-1.27 -0.0842437 24.5639 190 190 190 255 
-1.27 -0.0842369 24.7473 190 190 190 255 
-1.27 -0.147505 25.3532 190 190 190 255 
-1.27 -0.200293 25.0853 190 190 190 255 
-1.27 -0.236888 23.8609 190 190 190 255 
-1.27 -0.247791 23.8291 190 190 190 255 
-1.27 -0.220915 24.2523 190 190 190 255 
-1.27 -0.2533 23.7961 190 190 190 255 
-1.27 -0.175602 24.2031 190 190 190 255 
-1.27 -0.236889 23.6976 190 190 190 255 
-1.27 -0.247778 23.7294 190 190 190 255 
-1.27 -0.253308 23.7625 190 190 190 255 
-1.27 -0.247783 24.3136 190 190 190 255 
-1.27 -0.050793 25.1509 190 190 190 255 
-1.27 -0.05079 25.3287 190 190 190 255 
-1.27 -0.116785 25.3397 190 190 190 255 
-1.27 -0.236893 24.4451 190 190 190 255 
-1.27 -0.175607 24.7873 190 190 190 255 
-1.27 -0.220921 24.8365 190 190 190 255 
-1.27 -0.220905 25.4207 190 190 190 255 
-1.27 -0.247781 24.9976 190 190 190 255 
-1.27 -0.200295 25.3943 190 190 190 255 
-1.27 -0.175613 25.3715 190 190 190 255 
-1.9939 -1.39341 19.327 190 190 190 255 
-2.16122 -1.19805 25.0676 190 190 190 255 
-2.16146 -1.37093 19.3263 190 190 190 255 
-2.19708 -1.18574 25.0672 190 190 190 255 
-2.26427 -1.333 19.3252 190 190 190 255 
-2.24791 -1.16826 25.0667 190 190 190 255 
-2.26857 -1.15718 25.0664 190 190 190 255 
-2.50585 -0.959454 25.0604 190 190 190 255 
-2.51343 -1.12366 19.3189 190 190 190 255 
-2.35809 -1.10461 25.0648 190 190 190 255 
-2.44291 -1.20751 19.3214 190 190 190 255 
-2.49324 -0.978643 25.061 190 190 190 255 
-2.56657 -0.855965 25.0574 190 190 190 255 
-2.5524 -0.888562 25.0583 190 190 190 255 
-2.51177 -0.950431 25.0602 190 190 190 255 
-2.62391 -0.646096 25.051 190 190 190 255 
-2.5959 -0.788487 25.0553 190 190 190 255 
-2.60465 -0.753596 25.0543 190 190 190 255 
-2.62005 -0.692104 25.0524 190 190 190 255 
-2.39942 -1.07276 25.0638 190 190 190 255 
-2.33892 -1.11939 25.0653 190 190 190 255 
2.12341 -1.20644 25.0678 190 190 190 255 
-0.718831 -1.1614 26.9864 190 190 190 255 
-0.921582 -0.530608 27.5084 190 190 190 255 
-0.921078 -0.586622 27.5089 190 190 190 255 
-1.92705 -0.606887 26.8331 190 190 190 255 
-2.6043 -0.650528 25.3771 190 190 190 255 
-2.61951 -0.655416 25.2146 190 190 190 255 
-2.61507 -0.58043 25.3184 190 190 190 255 
-2.54366 -0.640909 25.6982 190 190 190 255 
-2.50136 -0.568248 25.8536 190 190 190 255 
-2.49862 -0.636218 25.8548 190 190 190 255 
-2.45644 -0.565439 25.9775 190 190 190 255 
-2.31373 -0.558151 26.2974 190 190 190 255 
-2.37976 -0.627115 26.1582 190 190 190 255 
-2.3809 -0.561362 26.1567 190 190 190 255 
-2.42472 -0.563446 26.065 190 190 190 255 
-2.30982 -0.558007 26.3038 190 190 190 255 
-2.3064 -0.622751 26.3039 190 190 190 255 
-2.03397 -0.610578 26.71 190 190 190 255 
-2.1804 -0.553152 26.5179 190 190 190 255 
-2.22403 -0.618527 26.4449 190 190 190 255 
-2.22519 -0.554821 26.4438 190 190 190 255 
-1.92782 -0.546006 26.832 190 190 190 255 
-1.99775 -0.547739 26.7554 190 190 190 255 
-2.02627 -0.548457 26.7242 190 190 190 255 
-1.75382 -0.542097 27.0034 190 190 190 255 
-1.66117 -0.540199 27.0868 190 190 190 255 
-1.49861 -0.537478 27.2066 190 190 190 255 
-1.36139 -0.535475 27.2946 190 190 190 255 
-1.49754 -0.595688 27.2066 190 190 190 255 
-1.4537 -0.53672 27.2397 190 190 190 255 
-1.21889 -0.590616 27.3756 190 190 190 255 
-1.07206 -0.588477 27.4469 190 190 190 255 
-0.766673 -0.585051 27.5613 190 190 190 255 
-0.756472 -0.529286 27.567 190 190 190 255 
-0.609303 -0.583757 27.6041 190 190 190 255 
-0.449677 -0.582772 27.637 190 190 190 255 
-0.451676 -0.527692 27.6369 190 190 190 255 
-0.450053 -0.527681 27.6372 190 190 190 255 
-0.288532 -0.527152 27.6607 190 190 190 255 
-1.15227e-005 -0.526769 27.6779 190 190 190 255 
-0.288317 -0.582091 27.6599 190 190 190 255 
-0.251531 -0.527035 27.6661 190 190 190 255 
0.16282 -0.581756 27.6708 190 190 190 255 
0.162915 -0.526947 27.6701 190 190 190 255 
0.325035 -0.58221 27.6556 190 190 190 255 
0.451623 -0.527708 27.6366 190 190 190 255 
0.325186 -0.527262 27.6556 190 190 190 255 
0.263051 -0.527063 27.665 190 190 190 255 
0.486067 -0.582982 27.6304 190 190 190 255 
0.517713 -0.527933 27.6267 190 190 190 255 
0.95659 -0.5309 27.4956 190 190 190 255 
0.802793 -0.529643 27.551 190 190 190 255 
0.767563 -0.52936 27.5636 190 190 190 255 
1.00987 -0.53134 27.4765 190 190 190 255 
1.10574 -0.588932 27.4315 190 190 190 255 
1.24267 -0.533865 27.3659 190 190 190 255 
1.25302 -0.534001 27.3597 190 190 190 255 
1.65954 -0.540194 27.0873 190 190 190 255 
1.6573 -0.599287 27.0864 190 190 190 255 
1.78059 -0.602488 26.9795 190 190 190 255 
2.03368 -0.548653 26.7152 190 190 190 255 
1.98368 -0.60878 26.7699 190 190 190 255 
2.08652 -0.612571 26.6434 190 190 190 255 
2.26783 -0.620698 26.3725 190 190 190 255 
2.26893 -0.556471 26.3712 190 190 190 255 
2.31927 -0.558401 26.287 190 190 190 255 
2.51595 -0.569209 25.8116 190 190 190 255 
2.47344 -0.633979 25.9292 190 190 190 255 
2.47449 -0.566575 25.9276 190 190 190 255 
2.59334 -0.648204 25.4552 190 190 190 255 
2.61626 -0.580695 25.3066 190 190 190 255 
2.61342 -0.653049 25.2933 190 190 190 255 
2.62687 -0.585613 25.0905 190 190 190 255 
2.62598 -0.646263 25.051 190 190 190 255 
1.75202 -1.19271 26.0202 190 190 190 255 
1.77795 -1.19448 25.9613 190 190 190 255 
1.83065 -1.19135 25.9874 190 190 190 255 
1.88504 -1.20178 25.7181 190 190 190 255 
1.96644 -1.21138 25.398 190 190 190 255 
1.70245 -1.18476 26.2074 190 190 190 255 
1.57103 -1.18445 26.2961 190 190 190 255 
1.50267 -1.18223 26.3701 190 190 190 255 
1.54818 -1.17869 26.4096 190 190 190 255 
1.38966 -1.17378 26.5732 190 190 190 255 
1.34767 -1.17721 26.5378 190 190 190 255 
0.158461 -1.16166 27.0559 190 190 190 255 
0.253662 -1.15796 27.1009 190 190 190 255 
0.503547 -1.15938 27.0538 190 190 190 255 
0.796397 -1.16644 26.8963 190 190 190 255 
0.976601 -1.16492 26.8689 190 190 190 255 
1.1922 -1.16897 26.734 190 190 190 255 
0.947337 -1.16887 26.815 190 190 190 255 
1.15713 -1.17277 26.6855 190 190 190 255 
-1.90496e-005 -1.15749 27.1167 190 190 190 255 
-1.8544e-005 -1.16166 27.0559 190 190 190 255 
-0.158459 -1.16166 27.0559 190 190 190 255 
-0.218346 -1.16196 27.0461 190 190 190 255 
-0.697769 -1.16545 26.9298 190 190 190 255 
-0.922717 -1.16849 26.8282 190 190 190 255 
-1.08697 -1.17113 26.7399 190 190 190 255 
-1.16874 -1.16847 26.7505 190 190 190 255 
-1.13507 -1.17226 26.7026 190 190 190 255 
-1.88523 -1.2018 25.7175 190 190 190 255 
-1.75229 -1.19273 26.0197 190 190 190 255 
-1.80009 -1.18959 26.0459 190 190 190 255 
-1.61612 -1.18651 26.2273 190 190 190 255 
-1.5712 -1.18445 26.2959 190 190 190 255 
-1.98529 -1.20378 25.573 190 190 190 255 
-1.92575 -1.20656 25.558 190 190 190 255 
-1.96659 -1.2114 25.3972 190 190 190 255 
2.03974 -1.21326 25.2569 190 190 190 255 
2.04829 -1.21671 25.0681 190 190 190 255 
2.05348 -1.21627 25.0682 190 190 190 255 
2.26345 -1.15897 25.0664 190 190 190 255 
2.33598 -1.1186 25.0652 190 190 190 255 
2.50561 -0.959119 25.0604 190 190 190 255 
2.57588 -0.840438 25.0569 190 190 190 255 
2.57369 -0.812059 25.2943 190 190 190 255 
2.58335 -0.81874 25.0562 190 190 190 255 
2.60569 -0.75379 25.0543 190 190 190 255 
2.45941 -0.715193 25.9267 190 190 190 255 
2.40047 -0.710668 26.0777 190 190 190 255 
2.14816 -0.776105 26.4935 190 190 190 255 
1.95352 -0.768454 26.7485 190 190 190 255 
2.07469 -0.693903 26.6369 190 190 190 255 
1.75352 -0.762269 26.9549 190 190 190 255 
1.64791 -0.680699 27.0773 190 190 190 255 
1.51894 -0.677738 27.1758 190 190 190 255 
1.23233 -0.751075 27.328 190 190 190 255 
0.950425 -0.668489 27.4842 190 190 190 255 
0.641566 -0.665527 27.5833 190 190 190 255 
0.320092 -0.742303 27.6208 190 190 190 255 
-2.42738e-005 -0.663118 27.6634 190 190 190 255 
-0.283933 -0.742184 27.625 190 190 190 255 
-0.600039 -0.743813 27.5701 190 190 190 255 
-0.447127 -0.66429 27.6247 190 190 190 255 
-0.907072 -0.746633 27.4763 190 190 190 255 
-0.915854 -0.668107 27.4974 190 190 190 255 
-1.20035 -0.750568 27.3451 190 190 190 255 
-1.06598 -0.669943 27.4358 190 190 190 255 
-1.35312 -0.674453 27.2852 190 190 190 255 
-1.47477 -0.755557 27.1787 190 190 190 255 
-1.7265 -0.761524 26.9796 190 190 190 255 
-1.74322 -0.683139 26.9958 190 190 190 255 
-2.02244 -0.691922 26.7031 190 190 190 255 
-2.21142 -0.699822 26.4395 190 190 190 255 
-2.27134 -0.782216 26.2897 190 190 190 255 
-2.36627 -0.708378 26.1544 190 190 190 255 
-2.43008 -0.712843 26.0053 190 190 190 255 
2.0995 -1.21242 25.068 190 190 190 255 
2.00057 -1.2057 25.5087 190 190 190 255 
2.0741 -1.19416 25.5245 190 190 190 255 
1.93047 -1.19836 25.7534 190 190 190 255 
2.00143 -1.18654 25.7783 190 190 190 255 
1.89795 -1.17927 26.0208 190 190 190 255 
1.44075 -1.16106 26.6282 190 190 190 255 
0.745966 -1.16169 26.976 190 190 190 255 
0.26299 -1.14465 27.1753 190 190 190 255 
-0.225007 -1.15785 27.1043 190 190 190 255 
-0.233281 -1.14455 27.1787 190 190 190 255 
-0.475512 -1.15917 27.0607 190 190 190 255 
-0.745262 -1.14821 27.0565 190 190 190 255 
-0.951258 -1.1645 26.8824 190 190 190 255 
-1.21171 -1.15554 26.812 190 190 190 255 
-1.41855 -1.16046 26.6484 190 190 190 255 
-1.36825 -1.17319 26.5927 190 190 190 255 
-1.50398 -1.17721 26.459 190 190 190 255 
-1.66476 -1.18312 26.2619 190 190 190 255 
-1.90744 -1.19651 25.8152 190 190 190 255 
-2.05826 -1.19215 25.5912 190 190 190 255 
-2.10734 -1.19994 25.3314 190 190 190 255 
-2.56437 -0.726844 25.5383 190 190 190 255 
-2.56471 -0.809594 25.3769 190 190 190 255 
-2.52924 -0.722078 25.697 190 190 190 255 
-2.505 -0.800094 25.6931 190 190 190 255 
-2.12349 -1.20626 25.0678 190 190 190 255 
-2.15151 -1.2014 25.0677 190 190 190 255 
-2.04846 -1.21874 25.0682 190 190 190 255 
-2.03263 -1.21128 25.3225 190 190 190 255 
-2.05239 -1.21856 25.0682 190 190 190 255 
-2.05364 -1.21835 25.0682 190 190 190 255 
-2.04644 -1.16365 25.8686 190 190 190 255 
-1.97755 -1.18462 25.8423 190 190 190 255 
-1.86625 -1.17745 26.0815 190 190 190 255 
-1.93127 -1.15621 26.1162 190 190 190 255 
-1.72596 -1.17074 26.3054 190 190 190 255 
-1.55927 -1.16461 26.5097 190 190 190 255 
-1.46798 -1.13862 26.7028 190 190 190 255 
-0.986233 -1.15144 26.9487 190 190 190 255 
-0.771232 -1.12595 27.1252 190 190 190 255 
-0.492997 -1.14589 27.1336 190 190 190 255 
-0.24141 -1.12218 27.2516 190 190 190 255 
-1.97518e-005 -1.14415 27.1916 190 190 190 255 
0.522062 -1.14612 27.1264 190 190 190 255 
0.800344 -1.1263 27.114 190 190 190 255 
0.773394 -1.14854 27.0458 190 190 190 255 
1.01251 -1.15186 26.9347 190 190 190 255 
1.23603 -1.15606 26.7949 190 190 190 255 
1.49095 -1.13924 26.6819 190 190 190 255 
1.60509 -1.16614 26.4586 190 190 190 255 
1.66101 -1.14451 26.5064 190 190 190 255 
1.76503 -1.17242 26.249 190 190 190 255 
1.96406 -1.15811 26.0534 190 190 190 255 
2.14635 -1.1735 25.5398 190 190 190 255 
2.18838 -1.1816 25.2698 190 190 190 255 
2.11472 -1.20197 25.2636 190 190 190 255 
-2.25172 -1.15003 25.348 190 190 190 255 
-2.2637 -1.15978 25.0665 190 190 190 255 
-2.18075 -1.17949 25.34 190 190 190 255 
-2.19929 -1.14169 25.6256 190 190 190 255 
-2.12996 -1.17142 25.6089 190 190 190 255 
-2.11305 -1.13366 25.8938 190 190 190 255 
-1.78609 -1.14927 26.3478 190 190 190 255 
-1.84423 -1.11882 26.3886 190 190 190 255 
-1.6136 -1.14293 26.5593 190 190 190 255 
-1.51577 -1.10782 26.7551 190 190 190 255 
-1.25393 -1.13354 26.8721 190 190 190 255 
-1.0206 -1.12931 27.0136 190 190 190 255 
-1.05383 -1.09821 27.076 190 190 190 255 
-0.796343 -1.09476 27.1912 190 190 190 255 
-0.526788 -1.09228 27.2736 190 190 190 255 
-0.510177 -1.12357 27.2049 190 190 190 255 
-0.249271 -1.09084 27.3218 190 190 190 255 
-2.11051e-005 -1.09042 27.3356 190 190 190 255 
0.281016 -1.09095 27.3181 190 190 190 255 
-2.04394e-005 -1.12177 27.2649 190 190 190 255 
0.272154 -1.12228 27.248 190 190 190 255 
0.557846 -1.09253 27.2659 190 190 190 255 
0.826403 -1.0951 27.1797 190 190 190 255 
0.540255 -1.12378 27.1975 190 190 190 255 
1.04779 -1.12975 26.9991 190 190 190 255 
1.0819 -1.09866 27.0611 190 190 190 255 
1.2791 -1.13407 26.8544 190 190 190 255 
1.53949 -1.10849 26.7335 190 190 190 255 
1.71508 -1.11392 26.5523 190 190 190 255 
1.82652 -1.15101 26.2895 190 190 190 255 
2.02799 -1.12795 26.0846 190 190 190 255 
2.07115 -1.16561 25.8024 190 190 190 255 
2.13856 -1.13571 25.8254 190 190 190 255 
2.21621 -1.14385 25.5543 190 190 190 255 
2.16102 -1.19701 25.0676 190 190 190 255 
2.25961 -1.15221 25.2755 190 190 190 255 
2.29605 -1.1448 25.066 190 190 190 255 
2.08873 -1.08903 26.1139 190 190 190 255 
1.88598 -1.12064 26.3283 190 190 190 255 
1.32074 -1.10315 26.9116 190 190 190 255 
1.3603 -1.0635 26.9657 190 190 190 255 
1.11431 -1.05889 27.1196 190 190 190 255 
0.851157 -1.05521 27.2419 190 190 190 255 
0.289434 -1.05095 27.3843 190 190 190 255 
-2.17381e-005 -1.05041 27.4023 190 190 190 255 
-1.29475 -1.10258 26.93 190 190 190 255 
-1.56117 -1.06833 26.8045 190 190 190 255 
-1.66612 -1.11227 26.607 190 190 190 255 
-1.71602 -1.0729 26.652 190 190 190 255 
-1.89946 -1.07966 26.427 190 190 190 255 
-1.99413 -1.126 26.1494 190 190 190 255 
-2.26515 -1.10322 25.6412 190 190 190 255 
-2.31915 -1.1118 25.3553 190 190 190 255 
-2.3819 -1.06517 25.3618 190 190 190 255 
-2.32644 -1.05637 25.6554 190 190 190 255 
-2.17633 -1.09493 25.9174 190 190 190 255 
-2.10943 -1.03976 26.2094 190 190 190 255 
-2.05385 -1.08705 26.1807 190 190 190 255 
-1.76246 -1.02523 26.6935 190 190 190 255 
-1.60342 -1.02054 26.8502 190 190 190 255 
-1.36962 -1.015 27.0351 190 190 190 255 
-1.33353 -1.06293 26.9846 190 190 190 255 
-1.11477 -1.01037 27.1896 190 190 190 255 
-1.08539 -1.05844 27.135 190 190 190 255 
-0.842398 -1.00671 27.3115 190 190 190 255 
-0.557254 -1.00409 27.3986 190 190 190 255 
-0.820197 -1.05487 27.2537 190 190 190 255 
-0.542568 -1.05232 27.3385 190 190 190 255 
-0.263687 -1.00256 27.4497 190 190 190 255 
-0.256738 -1.05084 27.3882 190 190 190 255 
0.297269 -1.00269 27.4457 190 190 190 255 
0.574556 -1.05256 27.3306 190 190 190 255 
1.14447 -1.01083 27.1738 190 190 190 255 
1.62851 -1.02123 26.8273 190 190 190 255 
1.58559 -1.06901 26.7823 190 190 190 255 
1.76645 -1.0746 26.5956 190 190 190 255 
1.81425 -1.02697 26.6356 190 190 190 255 
1.94246 -1.08152 26.365 190 190 190 255 
1.99502 -1.03408 26.3987 190 190 190 255 
2.26221 -1.05004 25.8667 190 190 190 255 
2.2026 -1.09704 25.847 190 190 190 255 
2.34434 -1.05864 25.5799 190 190 190 255 
2.28257 -1.10542 25.5677 190 190 190 255 
2.32727 -1.11403 25.2806 190 190 190 255 
2.38618 -1.08565 25.0642 190 190 190 255 
-2.43727 -1.01246 25.3671 190 190 190 255 
-2.45468 -1.02013 25.0623 190 190 190 255 
-2.44164 -1.03417 25.0627 190 190 190 255 
-2.42183 -1.05548 25.0633 190 190 190 255 
-2.38052 -1.00344 25.6676 190 190 190 255 
-2.15847 -0.986444 26.2345 190 190 190 255 
-2.23522 -1.04786 25.939 190 190 190 255 
-1.99622 -0.978678 26.4934 190 190 190 255 
-1.95086 -1.03216 26.4625 190 190 190 255 
-1.6407 -0.96678 26.8901 190 190 190 255 
-0.861986 -0.952627 27.3622 190 190 190 255 
-0.570213 -0.949972 27.4512 190 190 190 255 
-2.23275e-005 -1.00212 27.4642 190 190 190 255 
0.590108 -1.00434 27.3905 190 190 190 255 
0.874196 -1.00708 27.2993 190 190 190 255 
1.39712 -1.01558 27.0157 190 190 190 255 
1.66637 -0.967496 26.8667 190 190 190 255 
2.0414 -0.980649 26.4282 190 190 190 255 
2.19512 -0.988558 26.1643 190 190 190 255 
2.14525 -1.04181 26.1409 190 190 190 255 
2.39024 -1.06748 25.285 190 190 190 255 
2.44173 -1.03407 25.0627 190 190 190 255 
-2.42982 -0.941766 25.6782 190 190 190 255 
-2.28718 -0.994747 25.9578 190 190 190 255 
-2.20318 -0.924415 26.2569 190 190 190 255 
-1.80344 -0.971606 26.7297 190 190 190 255 
-1.40147 -0.961115 27.0793 190 190 190 255 
-1.16432 -0.893723 27.2806 190 190 190 255 
-1.14069 -0.956374 27.2375 190 190 190 255 
-0.269819 -0.948397 27.5035 190 190 190 255 
-2.28441e-005 -0.94796 27.5183 190 190 190 255 
0.304181 -0.948517 27.4995 190 190 190 255 
0.61634 -0.887429 27.4904 190 190 190 255 
0.60383 -0.95022 27.443 190 190 190 255 
0.894524 -0.953014 27.3497 190 190 190 255 
1.19534 -0.894217 27.2641 190 190 190 255 
1.17108 -0.956865 27.2212 190 190 190 255 
1.4296 -0.961703 27.0595 190 190 190 255 
1.45922 -0.899154 27.099 190 190 190 255 
1.70089 -0.905061 26.9022 190 190 190 255 
1.89489 -0.911063 26.702 190 190 190 255 
1.85643 -0.973363 26.6706 190 190 190 255 
2.08369 -0.91849 26.4546 190 190 190 255 
2.24058 -0.926573 26.1853 190 190 190 255 
2.36274 -0.935152 25.899 190 190 190 255 
2.44851 -0.944138 25.5994 190 190 190 255 
2.31479 -0.996963 25.8838 190 190 190 255 
2.39883 -1.00577 25.5903 190 190 190 255 
2.49646 -0.953361 25.2914 190 190 190 255 
2.4458 -1.01481 25.2886 190 190 190 255 
2.45576 -1.02105 25.0623 190 190 190 255 
-2.53052 -0.883041 25.3748 190 190 190 255 
-2.48775 -0.950965 25.3715 190 190 190 255 
-2.4716 -0.873673 25.6868 190 190 190 255 
-2.33455 -0.932875 25.9745 190 190 190 255 
-2.0726 -0.84797 26.5442 190 190 190 255 
-2.03756 -0.916487 26.5212 190 190 190 255 
-1.8408 -0.909258 26.7624 190 190 190 255 
-1.67468 -0.904345 26.9261 190 190 190 255 
-1.4305 -0.898564 27.1192 190 190 190 255 
-1.18435 -0.824811 27.3168 190 190 190 255 
-0.879843 -0.889897 27.4079 190 190 190 255 
-0.592037 -0.818156 27.5387 190 190 190 255 
-0.582026 -0.88717 27.4989 190 190 190 255 
-0.275409 -0.885567 27.5522 190 190 190 255 
-2.37208e-005 -0.816061 27.6084 190 190 190 255 
-2.3317e-005 -0.885117 27.5674 190 190 190 255 
0.315823 -0.81665 27.5888 190 190 190 255 
0.626941 -0.818413 27.5302 190 190 190 255 
0.310483 -0.885703 27.5481 190 190 190 255 
0.928759 -0.821303 27.4333 190 190 190 255 
0.913055 -0.89029 27.3952 190 190 190 255 
1.2159 -0.825303 27.3 190 190 190 255 
1.48431 -0.830348 27.132 190 190 190 255 
1.92747 -0.842458 26.7282 190 190 190 255 
2.11952 -0.850005 26.4765 190 190 190 255 
2.53938 -0.885482 25.2934 190 190 190 255 
2.54842 -0.891534 25.0584 190 190 190 255 
2.49061 -0.876076 25.6067 190 190 190 255 
2.40336 -0.866947 25.9113 190 190 190 255 
2.52427 -0.802548 25.6118 190 190 190 255 
2.43584 -0.793278 25.9207 190 190 190 255 
2.27911 -0.858219 26.2026 190 190 190 255 
2.30991 -0.784439 26.2158 190 190 190 255 
1.73014 -0.836343 26.9319 190 190 190 255 
1.50437 -0.756189 27.1578 190 190 190 255 
0.941312 -0.747033 27.4632 190 190 190 255 
0.635414 -0.744076 27.5614 190 190 190 255 
-2.4041e-005 -0.741708 27.6407 190 190 190 255 
-0.280146 -0.816515 27.593 190 190 190 255 
-0.894976 -0.820913 27.4463 190 190 190 255 
-1.4551 -0.829736 27.1526 190 190 190 255 
-1.70348 -0.835625 26.9561 190 190 190 255 
-1.87245 -0.84061 26.7896 190 190 190 255 
-1.89776 -0.766584 26.8108 190 190 190 255 
-2.10061 -0.774053 26.5621 190 190 190 255 
-2.24106 -0.856035 26.2754 190 190 190 255 
-2.3747 -0.864643 25.9882 190 190 190 255 
-2.40678 -0.790952 25.9985 190 190 190 255 
-2.60466 -0.736512 25.2161 190 190 190 255 
-2.60783 -0.740889 25.0539 190 190 190 255 
-2.58954 -0.73166 25.3777 190 190 190 255 
-2.58289 -0.818415 25.0562 190 190 190 255 
2.5986 -0.734156 25.2943 190 190 190 255 
2.57864 -0.729327 25.4554 190 190 190 255 
2.5487 -0.724546 25.6149 190 190 190 255 
2.56323 -0.643382 25.6157 190 190 190 255 
2.5089 -0.719829 25.7722 190 190 190 255 
2.52321 -0.638643 25.7738 190 190 190 255 
2.41416 -0.62942 26.0811 190 190 190 255 
2.33226 -0.706253 26.2248 190 190 190 255 
2.34556 -0.624986 26.229 190 190 190 255 
2.25498 -0.701992 26.3674 190 190 190 255 
2.16895 -0.69785 26.5051 190 190 190 255 
2.18132 -0.616542 26.5109 190 190 190 255 
1.97243 -0.690127 26.7626 190 190 190 255 
1.77049 -0.683895 26.971 190 190 190 255 
1.5276 -0.596306 27.1855 190 190 190 255 
1.38427 -0.675029 27.266 190 190 190 255 
1.39216 -0.593585 27.2762 190 190 190 255 
1.25136 -0.591127 27.3583 190 190 190 255 
1.24426 -0.672598 27.3476 190 190 190 255 
1.09947 -0.670403 27.4205 190 190 190 255 
0.79754 -0.666867 27.5385 190 190 190 255 
0.955846 -0.587023 27.4955 190 190 190 255 
0.802088 -0.585368 27.5503 190 190 190 255 
0.483311 -0.664468 27.6182 190 190 190 255 
0.645225 -0.584021 27.5953 190 190 190 255 
0.323191 -0.663717 27.6433 190 190 190 255 
0.161896 -0.663279 27.6583 190 190 190 255 
-2.4412e-005 -0.581604 27.6758 190 190 190 255 
-0.286682 -0.66359 27.6476 190 190 190 255 
-0.605848 -0.665268 27.592 190 190 190 255 
-0.762326 -0.666531 27.5496 190 190 190 255 
-1.21198 -0.672078 27.3649 190 190 190 255 
-1.36084 -0.593022 27.2955 190 190 190 255 
-1.48905 -0.677104 27.1969 190 190 190 255 
-1.6285 -0.59858 27.1096 190 190 190 255 
-1.61926 -0.680016 27.1003 190 190 190 255 
-1.75316 -0.601732 27.0045 190 190 190 255 
-1.91613 -0.688251 26.8255 190 190 190 255 
-2.12094 -0.695768 26.5744 190 190 190 255 
-2.13303 -0.614453 26.5806 190 190 190 255 
-2.29333 -0.704037 26.2992 190 190 190 255 
-2.44393 -0.631618 26.0083 190 190 190 255 
-2.48445 -0.717412 25.8527 190 190 190 255 
-2.57899 -0.645695 25.5386 190 190 190 255 
-2.62273 -0.660151 25.0515 190 190 190 255 
-1.18996e-009 0.152668 8.65157 190 190 190 255 
2.3241 0.0139675 8.66615 190 190 190 255 
2.3241 -0.125162 8.65642 190 190 190 255 
-1.18996e-009 -0.260484 8.62268 190 190 190 255 
2.3241 -0.603843 8.39108 190 190 190 255 
-1.18996e-009 -0.685817 8.27826 190 190 190 255 
2.3241 -0.799974 7.88014 190 190 190 255 
-1.18995e-009 -0.790253 7.74099 190 190 190 255 
2.3241 -0.756509 7.60568 190 190 190 255 
-1.18995e-009 -0.756509 7.60568 190 190 190 255 
-1.18995e-009 -0.699782 7.47827 190 190 190 255 
2.3241 -0.699782 7.47827 190 190 190 255 
-1.18995e-009 -0.621791 7.36265 190 190 190 255 
-1.18995e-009 -0.524913 7.26232 190 190 190 255 
-1.18995e-009 -0.41208 7.18035 190 190 190 255 
2.3241 -0.41208 7.18035 190 190 190 255 
-1.18995e-009 -0.152664 7.08077 190 190 190 255 
2.3241 -0.152664 7.08077 190 190 190 255 
2.3241 -0.0139634 7.06619 190 190 190 255 
2.3241 0.125166 7.07592 190 190 190 255 
-1.18996e-009 0.260488 7.10966 190 190 190 255 
2.3241 0.260488 7.10966 190 190 190 255 
-1.18996e-009 0.387897 7.16638 190 190 190 255 
-1.18996e-009 0.503515 7.24436 190 190 190 255 
2.3241 0.503515 7.24436 190 190 190 255 
-1.18996e-009 0.603847 7.34126 190 190 190 255 
2.3241 0.603847 7.34126 190 190 190 255 
2.3241 0.74696 7.57944 190 190 190 255 
-1.18996e-009 0.785403 7.71351 190 190 190 255 
2.3241 0.785403 7.71351 190 190 190 255 
2.3241 0.799978 7.8522 190 190 190 255 
-1.18996e-009 0.756513 8.12666 190 190 190 255 
-1.18996e-009 0.699786 8.25407 190 190 190 255 
2.3241 0.699786 8.25407 190 190 190 255 
1.61513 -2.68893 -0.718618 190 190 190 255 
1.89638 -2.72669 -0.67913 190 190 190 255 
1.90519 -2.72801 -0.677729 190 190 190 255 
1.3335 -3.03798 -0.315873 190 190 190 255 
2.1209 -3.03756 -0.315523 190 190 190 255 
1.3335 -3.75107 0.962494 190 190 190 255 
1.3335 -3.44276 0.296415 190 190 190 255 
2.1209 -3.28624 0.0353157 190 190 190 255 
2.1209 -3.44134 0.297244 190 190 190 255 
-1.18996e-009 1.39701 7.86618 190 190 190 255 
1.3335 1.37597 7.62468 190 190 190 255 
1.3335 1.31352 7.3905 190 190 190 255 
1.3335 1.21153 7.1706 190 190 190 255 
-1.18996e-009 1.21153 7.1706 190 190 190 255 
-1.18996e-009 0.902296 6.79964 190 190 190 255 
1.3335 0.704363 6.65973 190 190 190 255 
-1.18996e-009 0.48523 6.55614 190 190 190 255 
1.3335 0.48523 6.55614 190 190 190 255 
1.3335 0.0101734 6.4692 190 190 190 255 
1.3335 -0.466091 6.54923 190 190 190 255 
-1.18995e-009 -0.466091 6.54923 190 190 190 255 
1.3335 -0.686721 6.64959 190 190 190 255 
-1.18995e-009 -0.886665 6.78661 190 190 190 255 
1.3335 -1.20127 7.15302 190 190 190 255 
1.3335 -1.30645 7.3714 190 190 190 255 
-1.18995e-009 -1.39686 7.8458 190 190 190 255 
1.3335 -1.37934 8.08757 190 190 190 255 
-1.18995e-009 -1.37934 8.08757 190 190 190 255 
1.3335 -1.32031 8.32265 190 190 190 255 
0.0241414 -1.91227 10.1504 190 190 190 255 
0.0134722 -1.87771 10.1265 190 190 190 255 
0.128244 -2.11582 10.2728 190 190 190 255 
0.0763831 -2.0391 10.2318 190 190 190 255 
0.070019 -2.02587 10.2237 190 190 190 255 
0.0398243 -1.96305 10.1856 190 190 190 255 
0.635 -2.35906 10.3702 190 190 190 255 
0.53302 -2.35103 10.3677 190 190 190 255 
0.440636 -2.32942 10.3608 190 190 190 255 
1.3335 -2.13376 10.2816 190 190 190 255 
0.345958 -2.2915 10.3477 190 190 190 255 
0.265818 -2.24439 10.33 190 190 190 255 
0.18953 -2.18269 10.3042 190 190 190 255 
0.144819 -2.13391 10.2813 190 190 190 255 
0.000930135 -1.78915 10.0558 190 190 190 255 
1.3335 -1.5446 9.79246 190 190 190 255 
-1.18996e-009 -1.5446 9.79246 190 190 190 255 
1.3335 -1.40892 9.57362 190 190 190 255 
-1.18996e-009 -1.40892 9.57362 190 190 190 255 
1.3335 -1.31018 9.33581 190 190 190 255 
1.3335 -1.25094 9.08524 190 190 190 255 
-1.18996e-009 -1.25094 9.08524 190 190 190 255 
1.3335 -1.23275 8.8284 190 190 190 255 
-1.18996e-009 -1.23275 8.8284 190 190 190 255 
1.3335 -1.25608 8.57198 190 190 190 255 
-1.18995e-009 -1.32031 8.32265 190 190 190 255 
1.3335 1.39699 4.78738 190 190 190 255 
1.3335 1.39701 7.86618 190 190 190 255 
1.96899 1.397 10.0672 190 190 190 255 
1.96899 1.41069 4.57852 190 190 190 255 
1.3335 1.51881 4.17501 190 190 190 255 
1.3335 1.61139 3.9873 190 190 190 255 
1.96899 1.61139 3.9873 190 190 190 255 
1.96899 1.98209 3.34522 190 190 190 255 
1.3335 2.07191 3.15745 190 190 190 255 
1.96899 2.13171 2.95809 190 190 190 255 
1.96899 2.14237 2.88121 190 190 190 255 
1.96899 2.14118 2.80359 190 190 190 255 
1.3335 2.14118 2.80359 190 190 190 255 
1.3335 2.12817 2.72705 190 190 190 255 
1.3335 2.10364 2.65337 190 190 190 255 
1.96899 1.83099 2.09398 190 190 190 255 
1.3335 1.78915 2.02037 190 190 190 255 
1.96899 1.49782 1.56835 190 190 190 255 
1.96899 1.39191 1.4364 190 190 190 255 
1.3335 0.934248 0.898035 190 190 190 255 
1.96899 0.934248 0.898035 190 190 190 255 
2.29454 -2.18117 -0.702199 190 190 190 255 
2.1209 -2.39265 -0.731284 190 190 190 255 
2.10997 -2.40408 -0.73261 190 190 190 255 
2.02113 -2.48641 -0.741481 190 190 190 255 
1.936 -2.53541 -0.746263 190 190 190 255 
1.89842 -2.54612 -0.747261 190 190 190 255 
1.3335 -1.30672 -0.491611 190 190 190 255 
2.44532 -1.78511 -0.625254 190 190 190 255 
2.30655 -2.15359 -0.697786 190 190 190 255 
2.1952 -2.80046 -0.589105 190 190 190 255 
2.25495 -2.8188 -0.551898 190 190 190 255 
2.3372 -2.7961 -0.531783 190 190 190 255 
2.34931 -2.79084 -0.527102 190 190 190 255 
2.41702 -2.72627 -0.535447 190 190 190 255 
2.41836 -2.75979 -0.499564 190 190 190 255 
2.48011 -2.72095 -0.465118 190 190 190 255 
2.53202 -2.67476 -0.424146 190 190 190 255 
2.53074 -2.64118 -0.459985 190 190 190 255 
2.57276 -2.59092 -0.412912 190 190 190 255 
2.6289 -2.45222 -0.226769 190 190 190 255 
2.62665 -2.48798 -0.258497 190 190 190 255 
2.62161 -2.50861 -0.276786 190 190 190 255 
2.60338 -2.53716 -0.361148 190 190 190 255 
2.60362 -2.56726 -0.328813 190 190 190 255 
2.60624 -2.52852 -0.352941 190 190 190 255 
2.6109 -2.55251 -0.315737 190 190 190 255 
2.62427 -2.49096 -0.282892 190 190 190 255 
2.58779 -2.54948 -0.401717 190 190 190 255 
2.55937 -2.56625 -0.456476 190 190 190 255 
2.56803 -2.56114 -0.439794 190 190 190 255 
2.58455 -2.5514 -0.407973 190 190 190 255 
2.47685 -2.57813 -0.566647 190 190 190 255 
2.52124 -2.58365 -0.510547 190 190 190 255 
2.52174 -2.57639 -0.513013 190 190 190 255 
2.46876 -2.62841 -0.552388 190 190 190 255 
2.45998 -2.57574 -0.582759 190 190 190 255 
2.42008 -2.56908 -0.619567 190 190 190 255 
2.38988 -2.60706 -0.62893 190 190 190 255 
2.37894 -2.55739 -0.651255 190 190 190 255 
2.36866 -2.55317 -0.657535 190 190 190 255 
2.29769 -2.58239 -0.68488 190 190 190 255 
2.24509 -2.48966 -0.716899 190 190 190 255 
2.25156 -2.49398 -0.715081 190 190 190 255 
2.26574 -2.50343 -0.711041 190 190 190 255 
2.14941 -2.42484 -0.733162 190 190 190 255 
2.1534 -2.42121 -0.732353 190 190 190 255 
2.15862 -2.4258 -0.732538 190 190 190 255 
2.16148 -2.42831 -0.732628 190 190 190 255 
2.20145 -2.4595 -0.727775 190 190 190 255 
2.21088 -2.46686 -0.726641 190 190 190 255 
2.21262 -2.46802 -0.726133 190 190 190 255 
2.21928 -2.59773 -0.703347 190 190 190 255 
2.21347 -2.56547 -0.712477 190 190 190 255 
2.26645 -2.51943 -0.708825 190 190 190 255 
2.22639 -2.61875 -0.69496 190 190 190 255 
2.21998 -2.62935 -0.691818 190 190 190 255 
2.21981 -2.62141 -0.694704 190 190 190 255 
2.18784 -2.75718 -0.626786 190 190 190 255 
2.19042 -2.75228 -0.629978 190 190 190 255 
2.1246 -2.82974 -0.566658 190 190 190 255 
2.1531 -2.80559 -0.590293 190 190 190 255 
2.21402 -2.69008 -0.665886 190 190 190 255 
2.22034 -2.64545 -0.685956 190 190 190 255 
2.2492 -2.67663 -0.664093 190 190 190 255 
2.32207 -2.64426 -0.651871 190 190 190 255 
2.33359 -2.53874 -0.678908 190 190 190 255 
2.20003 -2.73404 -0.641959 190 190 190 255 
2.26506 -2.73211 -0.625461 190 190 190 255 
2.40751 -2.66873 -0.586009 190 190 190 255 
2.44039 -2.57296 -0.601448 190 190 190 255 
2.42704 -2.57106 -0.614209 190 190 190 255 
2.27361 -2.78387 -0.579956 190 190 190 255 
2.34818 -2.75894 -0.561945 190 190 190 255 
2.33904 -2.70358 -0.610555 190 190 190 255 
2.47839 -2.68668 -0.501164 190 190 190 255 
2.52954 -2.57428 -0.501277 190 190 190 255 
2.62251 -2.84978 6.67316 190 190 190 255 
2.61456 -2.6766 7.04454 190 190 190 255 
2.58972 -2.34297 7.76002 190 190 190 255 
1.37547 -3.89866 4.42382 190 190 190 255 
2.19013 -2.33367 10.3162 190 190 190 255 
2.40816 -2.23632 10.0771 190 190 190 255 
2.22762 -2.26911 10.1643 190 190 190 255 
2.46133 -2.19581 9.95191 190 190 190 255 
1.3335 -2.09332 9.51465 190 190 190 255 
2.59826 -2.05812 9.06696 190 190 190 255 
1.3335 -2.05746 9.06693 190 190 190 255 
2.58586 -2.0679 9.30081 190 190 190 255 
2.56361 -2.09464 9.51449 190 190 190 255 
2.55969 -2.09935 9.55211 190 190 190 255 
2.60383 -2.0644 8.84173 190 190 190 255 
2.57286 -2.2396 8.01014 190 190 190 255 
0.972876 -1.91863 14.4158 190 190 190 255 
1.9939 -1.40996 19.0885 190 190 190 255 
1.27 -1.40996 19.0885 190 190 190 255 
-1.18996e-009 -1.96802 13.9622 190 190 190 255 
-0.532872 -2.11739 12.5901 190 190 190 255 
-1.88105 -1.97725 13.8775 190 190 190 255 
-1.80139 -1.99809 13.6859 190 190 190 255 
-1.68613 -2.02109 13.4747 190 190 190 255 
-1.68189 -2.02175 13.4687 190 190 190 255 
-1.19341 -1.87705 14.7978 190 190 190 255 
-1.9813 -1.92968 14.3143 190 190 190 255 
-1.09985 -1.89889 14.5972 190 190 190 255 
-1.95446 -1.94678 14.1573 190 190 190 255 
-1.9939 -1.90523 14.5389 190 190 190 255 
-1.25071 -1.85377 15.0116 190 190 190 255 
-0.331703 -2.13064 12.4684 190 190 190 255 
0.220533 -1.96592 13.9815 190 190 190 255 
-0.573021 -2.11534 12.6089 190 190 190 255 
0.536725 -1.95506 14.0812 190 190 190 255 
-0.11078 -2.14963 12.294 190 190 190 255 
0.085814 -2.1713 12.0949 190 190 190 255 
0.179917 -2.18331 11.9846 190 190 190 255 
0.313392 -2.20456 11.7894 190 190 190 255 
0.578971 -2.27568 11.1362 190 190 190 255 
0.578409 -2.27546 11.1381 190 190 190 255 
0.513621 -2.25091 11.3636 190 190 190 255 
0.424983 -2.22715 11.5819 190 190 190 255 
0.81634 -1.93568 14.2593 190 190 190 255 
1.9939 -2.35906 10.3702 190 190 190 255 
-0.85877 -2.10114 12.7393 190 190 190 255 
-0.3287 -1.96331 14.0054 190 190 190 255 
0.728442 -1.94302 14.1918 190 190 190 255 
0.622166 -2.30527 10.8643 190 190 190 255 
-1.17604 -2.08014 12.9322 190 190 190 255 
-1.05461 -2.08947 12.8466 190 190 190 255 
-0.968206 -2.09462 12.7993 190 190 190 255 
-0.728442 -1.94302 14.1918 190 190 190 255 
-1.36588 -2.06303 13.0894 190 190 190 255 
-1.23812 -2.07538 12.976 190 190 190 255 
-1.55556 -2.04105 13.2914 190 190 190 255 
-1.53542 -2.04348 13.269 190 190 190 255 
-0.104876 -1.17208 26.7086 190 190 190 255 
-0.311767 -1.17311 26.6741 190 190 190 255 
-0.462566 -1.16314 27.0061 190 190 190 255 
-0.484054 -1.16325 27.0026 190 190 190 255 
-0.510153 -1.17515 26.606 190 190 190 255 
0.510153 -1.17515 26.606 190 190 190 255 
0.724523 -1.16571 26.9207 190 190 190 255 
0.484043 -1.16325 27.0026 190 190 190 255 
0.246032 -1.16208 27.0416 190 190 190 255 
-0.796402 -1.16646 26.8962 190 190 190 255 
-0.694624 -1.17813 26.5062 190 190 190 255 
-0.860148 -1.18201 26.3773 190 190 190 255 
1.08691 -1.17112 26.7399 190 190 190 255 
-1.33076 -1.1768 26.5509 190 190 190 255 
-1.34781 -1.17721 26.5376 190 190 190 255 
-1.00221 -1.18662 26.223 190 190 190 255 
-1.4589 -1.18079 26.4174 190 190 190 255 
1.65144 -1.18812 26.1735 190 190 190 255 
-1.85192 -1.19952 25.7933 190 190 190 255 
-1.25268 -1.20375 25.652 190 190 190 255 
1.94164 -1.20846 25.4955 190 190 190 255 
1.87774 -1.20128 25.7347 190 190 190 255 
1.9939 -1.22126 25.0683 190 190 190 255 
1.97865 -1.21576 25.2515 190 190 190 255 
-1.9939 -1.22126 25.0683 190 190 190 255 
-1.97339 -1.21384 25.3153 190 190 190 255 
2.3241 -0.685817 8.27826 190 190 190 255 
2.3241 -0.849107 8.37637 190 190 190 255 
2.3241 -0.924803 8.22117 190 190 190 255 
2.3241 -0.746956 8.1529 190 190 190 255 
2.3241 -0.785399 8.01884 190 190 190 255 
2.3241 -0.972399 8.05518 190 190 190 255 
2.3241 -0.790253 7.74099 190 190 190 255 
2.3241 -0.769841 7.24276 190 190 190 255 
2.3241 -0.621791 7.36265 190 190 190 255 
2.3241 -0.524913 7.26232 190 190 190 255 
2.3241 -0.510194 7.01706 190 190 190 255 
2.3241 -0.286729 7.11921 190 190 190 255 
2.3241 -0.354997 6.94137 190 190 190 255 
2.3241 0.154964 6.88776 190 190 190 255 
2.3241 0.322505 6.92953 190 190 190 255 
2.3241 0.387897 7.16638 190 190 190 255 
2.3241 0.48025 6.99976 190 190 190 255 
2.3241 0.623402 7.09632 190 190 190 255 
2.3241 0.747611 7.21626 190 190 190 255 
2.3241 0.685821 7.45409 190 190 190 255 
2.3241 0.849111 7.35597 190 190 190 255 
2.3241 0.972403 7.67716 190 190 190 255 
2.3241 0.990447 7.84887 190 190 190 255 
2.3241 0.790247 7.99132 190 190 190 255 
2.3241 0.978401 8.02112 190 190 190 255 
2.3241 0.936626 8.18866 190 190 190 255 
2.3241 0.756513 8.12666 190 190 190 255 
2.3241 0.621795 8.36969 190 190 190 255 
2.3241 0.866394 8.34641 190 190 190 255 
2.3241 0.769845 8.48958 190 190 190 255 
2.3241 0.524917 8.47002 190 190 190 255 
2.3241 0.412084 8.55199 190 190 190 255 
2.3241 0.649889 8.61377 190 190 190 255 
2.3241 0.510198 8.71528 190 190 190 255 
2.3241 0.286733 8.61313 190 190 190 255 
2.3241 0.152668 8.65157 190 190 190 255 
2.3241 0.0172854 8.85661 190 190 190 255 
2.3241 -0.15496 8.84458 190 190 190 255 
2.3241 -0.260484 8.62268 190 190 190 255 
2.3241 -0.387893 8.56596 190 190 190 255 
2.3241 -0.480257 8.73255 190 190 190 255 
2.3241 -0.503522 8.48795 190 190 190 255 
2.3241 -0.747618 8.51605 190 190 190 255 
1.3335 0.263874 2.48191 190 190 190 255 
1.3335 1.3272 2.95534 190 190 190 255 
1.3335 1.98209 3.34522 190 190 190 255 
1.3335 1.07306 6.97165 190 190 190 255 
1.3335 0.902296 6.79964 190 190 190 255 
1.3335 0.305294 2.38889 190 190 190 255 
1.3335 -0.409834 1.38448 190 190 190 255 
1.3335 -0.181002 1.20011 190 190 190 255 
1.3335 0.515365 2.17136 190 190 190 255 
1.3335 0.60689 2.12672 190 190 190 255 
1.3335 0.351404 0.955962 190 190 190 255 
1.3335 0.70478 2.09865 190 190 190 255 
1.3335 0.640423 0.90283 190 190 190 255 
1.3335 0.907635 2.0951 190 190 190 255 
1.3335 1.39726 1.43211 190 190 190 255 
1.3335 1.25715 2.28884 190 190 190 255 
1.3335 2.13171 2.95809 190 190 190 255 
1.3335 1.11713 3.17287 190 190 190 255 
1.3335 1.02561 3.21751 190 190 190 255 
1.3335 1.45152 4.37322 190 190 190 255 
1.3335 1.38971 2.56063 190 190 190 255 
1.3335 1.40036 2.66192 190 190 190 255 
1.3335 2.14237 2.88121 190 190 190 255 
1.3335 0.927717 3.24558 190 190 190 255 
1.3335 1.41069 4.57852 190 190 190 255 
1.3335 -1.39686 7.8458 190 190 190 255 
1.3335 -2.18366 8.17997 190 190 190 255 
1.3335 -1.3723 7.60468 190 190 190 255 
1.3335 -0.231448 6.48846 190 190 190 255 
1.3335 0.251492 6.49199 190 190 190 255 
1.3335 0.826446 3.25623 190 190 190 255 
1.3335 -2.34297 7.76002 190 190 190 255 
1.3335 0.533025 3.18308 190 190 190 255 
1.3335 0.626053 3.22449 190 190 190 255 
1.3335 -1.05992 6.95613 190 190 190 255 
1.3335 -0.886665 6.78661 190 190 190 255 
1.3335 -1.45405 3.59176 190 190 190 255 
1.3335 -1.31077 3.48766 190 190 190 255 
1.3335 0.315487 2.97299 190 190 190 255 
1.3335 0.375348 3.05539 190 190 190 255 
1.3335 -1.78347 3.71821 190 190 190 255 
1.3335 -1.01668 3.05165 190 190 190 255 
1.3335 -2.08779 8.61879 190 190 190 255 
1.3335 -2.74412 3.38742 190 190 190 255 
1.3335 -3.89866 4.42382 190 190 190 255 
1.3335 -2.46989 3.60949 190 190 190 255 
1.3335 -3.9229 4.20124 190 190 190 255 
1.3335 -2.92584 3.08499 190 190 190 255 
1.3335 -2.97466 2.91474 190 190 190 255 
1.3335 -2.35906 10.3702 190 190 190 255 
1.3335 0.232137 2.68231 190 190 190 255 
1.3335 -1.9118 10.1511 190 190 190 255 
1.3335 -2.19458 9.95226 190 190 190 255 
1.3335 -1.71369 9.98663 190 190 190 255 
1.3335 -0.875102 2.12384 190 190 190 255 
1.3335 0.242776 2.78357 190 190 190 255 
1.3335 -0.961488 2.70313 190 190 190 255 
1.3335 -0.973839 2.8798 190 190 190 255 
1.3335 -3.9229 1.52159 190 190 190 255 
1.3335 -2.56116 0.908814 190 190 190 255 
1.3335 -1.97554 -0.665958 190 190 190 255 
1.3335 -1.80087 -0.0967889 190 190 190 255 
1.96899 1.39699 4.78738 190 190 190 255 
2.46204 1.11234 10.2135 190 190 190 255 
1.96899 1.45152 4.37322 190 190 190 255 
1.96899 1.51881 4.17501 190 190 190 255 
2.6289 1.65214 3.15472 190 190 190 255 
2.6289 1.75941 2.87716 190 190 190 255 
1.96899 2.07191 3.15745 190 190 190 255 
1.96899 2.12817 2.72705 190 190 190 255 
2.6289 1.76208 2.85794 190 190 190 255 
2.62891 0.824885 1.33771 190 190 190 255 
1.96899 1.10827 1.08304 190 190 190 255 
2.62891 1.18787 1.78993 190 190 190 255 
1.96899 1.78571 2.02255 190 190 190 255 
2.62891 1.49832 2.27971 190 190 190 255 
1.96899 2.10364 2.65337 190 190 190 255 
2.6289 0.4242 0.937914 190 190 190 255 
2.62891 0.351404 0.955962 190 190 190 255 
2.33087 0.640423 0.90283 190 190 190 255 
2.1479 0.784234 0.894392 190 190 190 255 
2.62891 0.0750799 1.05597 190 190 190 255 
1.3335 0.0750799 1.05597 190 190 190 255 
2.62891 -0.181002 1.20011 190 190 190 255 
2.62891 -0.409834 1.38448 190 190 190 255 
1.3335 -0.60518 1.60402 190 190 190 255 
2.62891 -0.60518 1.60402 190 190 190 255 
2.62891 -0.761696 1.85273 190 190 190 255 
2.62891 -0.875102 2.12384 190 190 190 255 
1.3335 -0.761696 1.85273 190 190 190 255 
2.62891 -0.942314 2.4099 190 190 190 255 
1.3335 -0.942314 2.4099 190 190 190 255 
2.6289 -0.961488 2.70313 190 190 190 255 
2.6289 -2.99317 2.73861 190 190 190 255 
1.3335 -2.99317 2.73861 190 190 190 255 
2.6289 -2.97466 2.91474 190 190 190 255 
2.6289 -2.92584 3.08499 190 190 190 255 
1.3335 -2.84821 3.24414 190 190 190 255 
2.6289 -2.61672 3.51045 190 190 190 255 
2.6289 -2.46989 3.60949 190 190 190 255 
1.3335 -2.61672 3.51045 190 190 190 255 
2.6289 -2.30811 3.68152 190 190 190 255 
1.3335 -2.30811 3.68152 190 190 190 255 
1.3335 -2.13626 3.72438 190 190 190 255 
2.6289 -1.9596 3.73672 190 190 190 255 
2.6289 -1.78347 3.71821 190 190 190 255 
1.3335 -1.9596 3.73672 190 190 190 255 
1.3335 -1.61322 3.66939 190 190 190 255 
2.6289 -1.45405 3.59176 190 190 190 255 
2.6289 -1.31077 3.48766 190 190 190 255 
1.3335 -1.18774 3.36028 190 190 190 255 
1.3335 -1.08871 3.21344 190 190 190 255 
2.6289 -1.08871 3.21344 190 190 190 255 
2.6289 -0.973839 2.8798 190 190 190 255 
1.3335 -2.2229 0.374349 190 190 190 255 
2.6289 -2.80634 1.49186 190 190 190 255 
1.3335 -2.80634 1.49186 190 190 190 255 
2.6289 -2.95168 2.10744 190 190 190 255 
1.3335 -2.95168 2.10744 190 190 190 255 
2.6289 -1.30672 -0.491611 190 190 190 255 
2.4822 -2.20813 -0.649842 190 190 190 255 
2.3891 -2.18239 -0.689857 190 190 190 255 
2.36481 -2.17436 -0.694218 190 190 190 255 
2.58412 -1.42228 -0.52811 190 190 190 255 
2.46807 -1.72566 -0.609351 190 190 190 255 
2.4795 -1.72938 -0.611563 190 190 190 255 
2.37338 -1.97614 -0.662854 190 190 190 255 
2.33133 -2.16266 -0.697367 190 190 190 255 
2.4938 -1.73442 -0.610875 190 190 190 255 
2.50852 -1.7394 -0.608578 190 190 190 255 
2.52344 -1.74424 -0.604549 190 190 190 255 
2.41864 -2.19128 -0.680476 190 190 190 255 
2.5383 -1.74884 -0.59873 190 190 190 255 
2.5528 -1.75307 -0.591072 190 190 190 255 
2.57953 -1.7601 -0.570658 190 190 190 255 
2.53018 -2.21733 -0.610527 190 190 190 255 
2.59121 -1.76273 -0.558219 190 190 190 255 
2.53131 -2.21748 -0.609319 190 190 190 255 
2.5215 -2.21608 -0.619559 190 190 190 255 
2.56664 -1.75686 -0.581671 190 190 190 255 
2.58941 -2.22205 -0.53162 190 190 190 255 
2.60147 -1.76469 -0.54457 190 190 190 255 
2.58217 -2.22247 -0.545825 190 190 190 255 
2.57367 -2.22193 -0.55778 190 190 190 255 
2.61715 -1.76662 -0.515004 190 190 190 255 
2.60518 -2.22075 -0.49895 190 190 190 255 
2.61015 -1.766 -0.530087 190 190 190 255 
2.62257 -2.21389 -0.438122 190 190 190 255 
2.62214 -2.21427 -0.440562 190 190 190 255 
2.61925 -2.21678 -0.456933 190 190 190 255 
2.62823 -1.76486 -0.469294 190 190 190 255 
2.62613 -1.766 -0.484341 190 190 190 255 
2.62247 -1.7666 -0.499656 190 190 190 255 
2.25852 -2.29987 -0.717866 190 190 190 255 
2.36658 -2.36052 -0.69468 190 190 190 255 
2.28921 -2.51612 -0.700518 190 190 190 255 
2.27979 -2.51103 -0.704739 190 190 190 255 
2.3557 -2.54783 -0.665425 190 190 190 255 
2.40233 -2.37567 -0.677914 190 190 190 255 
2.32287 -2.53433 -0.685451 190 190 190 255 
2.45313 -2.57476 -0.589294 190 190 190 255 
2.51938 -2.57648 -0.515821 190 190 190 255 
2.53019 -2.40534 -0.572833 190 190 190 255 
2.49691 -2.57735 -0.542683 190 190 190 255 
2.5305 -2.57403 -0.499842 190 190 190 255 
2.6033 -2.53187 -0.360723 190 190 190 255 
2.60199 -2.53335 -0.364176 190 190 190 255 
2.61053 -2.52366 -0.341623 190 190 190 255 
2.61068 -2.38178 -0.42836 190 190 190 255 
2.62233 -2.49558 -0.291176 190 190 190 255 
2.61705 -2.50814 -0.313744 190 190 190 255 
2.6289 -2.24378 -0.367976 190 190 190 255 
2.6271 -2.35159 -0.352 190 190 190 255 
2.62554 -2.48038 -0.267575 190 190 190 255 
2.6289 -2.38575 -0.279353 190 190 190 255 
2.62743 -2.20922 -0.408568 190 190 190 255 
2.62741 -2.20927 -0.408835 190 190 190 255 
2.62727 -2.20981 -0.411503 190 190 190 255 
2.621 -2.36808 -0.39011 190 190 190 255 
2.61428 -2.21819 -0.47178 190 190 190 255 
2.61542 -2.21786 -0.468361 190 190 190 255 
2.59624 -2.39252 -0.466312 190 190 190 255 
2.59085 -2.22197 -0.528809 190 190 190 255 
2.5534 -2.22064 -0.586301 190 190 190 255 
2.54391 -2.315 -0.582897 190 190 190 255 
2.57256 -2.22186 -0.55934 190 190 190 255 
2.44827 -2.19963 -0.668461 190 190 190 255 
2.45372 -2.20099 -0.665449 190 190 190 255 
2.43222 -2.29062 -0.673852 190 190 190 255 
2.50441 -2.21262 -0.63273 190 190 190 255 
2.50717 -2.21318 -0.630601 190 190 190 255 
2.39561 -2.18454 -0.68868 190 190 190 255 
2.40044 -2.27917 -0.688365 190 190 190 255 
2.42493 -2.19312 -0.678237 190 190 190 255 
2.44074 -2.19773 -0.672572 190 190 190 255 
2.39533 -2.18445 -0.688746 190 190 190 255 
2.33427 -2.16374 -0.697336 190 190 190 255 
2.34888 -2.1691 -0.6971 190 190 190 255 
2.29432 -2.32236 -0.714755 190 190 190 255 
2.35972 -2.17268 -0.695149 190 190 190 255 
2.22668 -2.27786 -0.71664 190 190 190 255 
2.22675 -2.27778 -0.716608 190 190 190 255 
2.26776 -2.22605 -0.709139 190 190 190 255 
2.33045 -2.34266 -0.706994 190 190 190 255 
2.43716 -2.3879 -0.656969 190 190 190 255 
2.46291 -2.30003 -0.655743 190 190 190 255 
2.49204 -2.30733 -0.634395 190 190 190 255 
2.51918 -2.31235 -0.609996 190 190 190 255 
2.47047 -2.39704 -0.632232 190 190 190 255 
2.50166 -2.4029 -0.604061 190 190 190 255 
2.56594 -2.3153 -0.55351 190 190 190 255 
2.55569 -2.40438 -0.539108 190 190 190 255 
2.57782 -2.40008 -0.503408 190 190 190 255 
2.58501 -2.31325 -0.522244 190 190 190 255 
2.60347 -2.22124 -0.504064 190 190 190 255 
2.60398 -2.22109 -0.502524 190 190 190 255 
2.15502 -3.4486 0.309254 190 190 190 255 
2.25495 -3.27109 0.0450483 190 190 190 255 
2.25484 -3.39097 0.242599 190 190 190 255 
2.16863 -3.44074 0.298896 190 190 190 255 
2.33991 -3.34184 0.220232 190 190 190 255 
2.3372 -3.24557 0.061458 190 190 190 255 
2.33716 -3.34344 0.220555 190 190 190 255 
2.30834 -3.36008 0.224008 190 190 190 255 
2.47379 -3.26455 0.272125 190 190 190 255 
2.48011 -3.16108 0.115758 190 190 190 255 
2.413 -3.20853 0.0852599 190 190 190 255 
2.53652 -3.10463 0.15203 190 190 190 255 
2.56752 -3.21044 0.425808 190 190 190 255 
2.5344 -3.22956 0.351905 190 190 190 255 
2.50549 -3.24625 0.307237 190 190 190 255 
2.58055 -3.04086 0.193023 190 190 190 255 
2.60157 -3.19078 0.553329 190 190 190 255 
2.6109 -3.16439 0.567331 190 190 190 255 
2.60478 -3.18893 0.569631 190 190 190 255 
2.62538 -3.17703 0.787215 190 190 190 255 
2.6289 -2.64546 0.00696027 190 190 190 255 
2.62665 -2.68334 -0.0222011 190 190 190 255 
2.6109 -2.75168 -0.0748179 190 190 190 255 
2.58055 -2.61404 -0.370297 190 190 190 255 
2.58055 -2.81684 -0.124981 190 190 190 255 
2.57352 -2.6231 -0.378342 190 190 190 255 
2.53652 -2.87691 -0.171227 190 190 190 255 
2.53652 -2.67075 -0.420607 190 190 190 255 
2.413 -2.76316 -0.502548 190 190 190 255 
2.413 -2.97478 -0.246569 190 190 190 255 
2.27467 -2.81336 -0.547089 190 190 190 255 
2.19629 -2.82681 -0.559005 190 190 190 255 
2.25495 -3.03371 -0.291942 190 190 190 255 
2.16871 -2.83059 -0.562374 190 190 190 255 
2.1209 -2.83228 -0.563866 190 190 190 255 
2.6289 -3.0459 0.629967 190 190 190 255 
2.62665 -3.08816 0.607627 190 190 190 255 
2.6289 -2.85891 0.309958 190 190 190 255 
2.62665 -2.89912 0.284119 190 190 190 255 
2.6109 -2.97167 0.237492 190 190 190 255 
2.48011 -2.93009 -0.21217 190 190 190 255 
2.3372 -3.00967 -0.27343 190 190 190 255 
2.16871 -3.04619 -0.301549 190 190 190 255 
2.16871 -3.28434 0.0365349 190 190 190 255 
2.1209 -3.04798 -0.302936 190 190 190 255 
2.60967 -3.1861 0.610621 190 190 190 255 
2.62337 -3.17819 0.725473 190 190 190 255 
2.1209 -3.46829 0.342766 190 190 190 255 
2.21809 -3.41218 0.261278 190 190 190 255 
2.5795 -3.20351 0.468066 190 190 190 255 
1.46778 -3.84537 1.23948 190 190 190 255 
2.47992 -3.26101 0.278744 190 190 190 255 
1.63111 -3.75107 0.962494 190 190 190 255 
1.85724 -3.62052 0.647676 190 190 190 255 
2.26721 -3.38382 0.236313 190 190 190 255 
2.37436 -3.32196 0.222175 190 190 190 255 
2.38548 -3.31553 0.224273 190 190 190 255 
2.41506 -3.29846 0.233681 190 190 190 255 
2.44373 -3.28191 0.248779 190 190 190 255 
2.59671 -3.19358 0.528705 190 190 190 255 
2.50061 -3.24907 0.301007 190 190 190 255 
2.56091 -3.21425 0.408439 190 190 190 255 
2.62887 -3.17502 5.97569 190 190 190 255 
2.6289 -3.175 5.9631 190 190 190 255 
2.60349 -2.50606 7.41028 190 190 190 255 
2.09324 -2.35265 10.3568 190 190 190 255 
2.14341 -2.34444 10.3395 190 190 190 255 
2.23848 -2.31917 10.2839 190 190 190 255 
2.32737 -2.28263 10.1981 190 190 190 255 
2.36714 -2.26159 10.145 190 190 190 255 
2.62608 -0.838077 19.0262 190 190 190 255 
2.62183 -2.07365 7.95394 190 190 190 255 
2.60639 -0.945253 19.0379 190 190 190 255 
2.59782 -2.05762 9.08484 190 190 190 255 
2.59606 -0.973105 19.0409 190 190 190 255 
2.62108 -2.08293 7.95708 190 190 190 255 
2.60408 -2.08779 8.61879 190 190 190 255 
2.6023 -2.15882 7.9828 190 190 190 255 
2.59782 -2.13691 8.3565 190 190 190 255 
2.58521 -2.18879 8.1815 190 190 190 255 
2.59782 -2.17693 7.98892 190 190 190 255 
2.50763 -2.15598 9.81703 190 190 190 255 
2.51343 -1.14166 19.0593 190 190 190 255 
2.36664 -1.2888 19.0753 190 190 190 255 
2.44291 -1.22505 19.0684 190 190 190 255 
2.44291 -2.21167 10.0056 190 190 190 255 
2.50703 -1.14924 19.0601 190 190 190 255 
2.28218 -2.30289 10.2466 190 190 190 255 
2.16146 -1.38757 19.0861 190 190 190 255 
2.04421 -2.35742 10.3668 190 190 190 255 
2.09284 -1.40004 19.0874 190 190 190 255 
2.05366 -1.40714 19.0882 190 190 190 255 
1.9939 -1.39341 19.327 190 190 190 255 
2.18948 -1.3773 19.0849 190 190 190 255 
2.16146 -1.37093 19.3263 190 190 190 255 
2.26427 -1.34987 19.0819 190 190 190 255 
2.28148 -1.33993 19.0809 190 190 190 255 
2.35903 -1.278 19.3235 190 190 190 255 
2.35903 -1.29515 19.076 190 190 190 255 
2.55847 -1.06457 19.0509 190 190 190 255 
2.56847 -1.04745 19.049 190 190 190 255 
2.60639 -0.926193 19.313 190 190 190 255 
2.61893 -0.877035 19.0305 190 190 190 255 
2.62608 -0.818425 19.3098 190 190 190 255 
2.05366 -1.3906 19.3269 190 190 190 255 
2.19594 -1.18827 25.0673 190 190 190 255 
2.26853 -1.15674 25.0664 190 190 190 255 
2.44291 -1.20751 19.3214 190 190 190 255 
2.39961 -1.07318 25.0639 190 190 190 255 
2.35794 -1.10419 25.0648 190 190 190 255 
2.26427 -1.333 19.3252 190 190 190 255 
2.46304 -1.01429 25.0621 190 190 190 255 
2.51221 -0.950557 25.0602 190 190 190 255 
2.51343 -1.12366 19.3189 190 190 190 255 
2.52699 -0.931399 25.0596 190 190 190 255 
2.56847 -1.02894 19.3161 190 190 190 255 
2.5674 -0.856229 25.0573 190 190 190 255 
2.60903 -0.744085 25.054 190 190 190 255 
2.6262 -0.645013 25.051 190 190 190 255 
2.62358 -0.660133 25.0515 190 190 190 255 
2.6289 -0.510194 7.01706 190 190 190 255 
2.6289 -0.769841 7.24276 190 190 190 255 
2.3241 -0.649896 7.11854 190 190 190 255 
2.6289 -0.866401 7.38591 190 190 190 255 
2.3241 -0.866401 7.38591 190 190 190 255 
2.6289 -0.936633 7.54365 190 190 190 255 
2.3241 -0.936633 7.54365 190 190 190 255 
2.3241 -0.978407 7.71119 190 190 190 255 
2.6289 -0.978407 7.71119 190 190 190 255 
2.3241 -0.990453 7.88344 190 190 190 255 
2.6289 -0.990453 7.88344 190 190 190 255 
2.6289 -0.972399 8.05518 190 190 190 255 
2.6289 -0.924803 8.22117 190 190 190 255 
2.6289 -0.849107 8.37637 190 190 190 255 
2.6289 -0.747618 8.51605 190 190 190 255 
2.6289 -0.623408 8.636 190 190 190 255 
2.3241 -0.623408 8.636 190 190 190 255 
2.6289 -0.322512 8.80279 190 190 190 255 
2.3241 -0.322512 8.80279 190 190 190 255 
2.3241 0.189017 8.83857 190 190 190 255 
2.6289 0.189017 8.83857 190 190 190 255 
2.6289 0.355001 8.79097 190 190 190 255 
2.6289 0.510198 8.71528 190 190 190 255 
2.3241 0.355001 8.79097 190 190 190 255 
2.6289 0.769845 8.48958 190 190 190 255 
2.6289 0.936626 8.18866 190 190 190 255 
2.6289 0.978401 8.02112 190 190 190 255 
2.6289 0.990447 7.84887 190 190 190 255 
2.6289 0.972403 7.67716 190 190 190 255 
2.3241 0.924807 7.51117 190 190 190 255 
2.6289 0.924807 7.51117 190 190 190 255 
2.6289 0.849111 7.35597 190 190 190 255 
2.6289 0.48025 6.99976 190 190 190 255 
2.6289 0.322505 6.92953 190 190 190 255 
2.6289 0.154964 6.88776 190 190 190 255 
2.6289 -0.0172921 6.87571 190 190 190 255 
2.3241 -0.0172921 6.87571 190 190 190 255 
2.3241 -0.189013 6.89377 190 190 190 255 
2.6289 0.515365 2.17136 190 190 190 255 
1.3335 0.432977 2.23121 190 190 190 255 
1.3335 0.362237 2.30446 190 190 190 255 
1.3335 0.239238 2.58072 190 190 190 255 
2.6289 0.239238 2.58072 190 190 190 255 
2.6289 0.242776 2.78357 190 190 190 255 
1.3335 0.270845 2.88146 190 190 190 255 
1.3335 0.448602 3.12613 190 190 190 255 
2.6289 0.724862 3.24913 190 190 190 255 
1.3335 0.724862 3.24913 190 190 190 255 
2.6289 1.02561 3.21751 190 190 190 255 
2.6289 1.11713 3.17287 190 190 190 255 
2.6289 1.19952 3.11302 190 190 190 255 
1.3335 1.19952 3.11302 190 190 190 255 
1.3335 1.27026 3.03977 190 190 190 255 
1.3335 1.36862 2.86232 190 190 190 255 
2.6289 1.39326 2.76351 190 190 190 255 
1.3335 1.39326 2.76351 190 190 190 255 
2.6289 1.40036 2.66192 190 190 190 255 
2.6289 1.38971 2.56063 190 190 190 255 
1.3335 1.36164 2.46274 190 190 190 255 
1.3335 1.317 2.37121 190 190 190 255 
2.6289 1.18389 2.2181 190 190 190 255 
1.3335 1.18389 2.2181 190 190 190 255 
1.3335 1.09947 2.16116 190 190 190 255 
2.6289 1.00644 2.11974 190 190 190 255 
1.3335 1.00644 2.11974 190 190 190 255 
2.6289 0.806051 2.088 190 190 190 255 
1.3335 0.806051 2.088 190 190 190 255 
2.6289 0.101602 22.8141 190 190 190 255 
2.6289 0.824889 1.33771 190 190 190 255 
2.6289 0.70478 2.09865 190 190 190 255 
2.6289 0.351404 0.955962 190 190 190 255 
2.6289 0.0750799 1.05597 190 190 190 255 
2.6289 1.28143 3.79678 190 190 190 255 
2.6289 -0.0507977 23.3983 190 190 190 255 
2.6289 -0.0507947 23.5761 190 190 190 255 
2.6289 -0.0507984 13.6447 190 190 190 255 
2.6289 1.25715 2.28884 190 190 190 255 
2.6289 -1.18774 3.36028 190 190 190 255 
2.6289 1.016 4.78739 190 190 190 255 
2.6289 -0.0860774 21.6426 190 190 190 255 
2.6289 1.36862 2.86232 190 190 190 255 
2.6289 1.76177 2.83852 190 190 190 255 
2.6289 1.75853 2.8194 190 190 190 255 
2.6289 1.27026 3.03977 190 190 190 255 
2.6289 1.3272 2.95534 190 190 190 255 
2.6289 1.71654 3.02009 190 190 190 255 
2.6289 1.75239 2.80097 190 190 190 255 
2.6289 1.49833 2.27971 190 190 190 255 
2.6289 1.36164 2.46274 190 190 190 255 
2.6289 1.317 2.37121 190 190 190 255 
2.6289 1.18788 1.78993 190 190 190 255 
2.6289 1.09947 2.16116 190 190 190 255 
2.6289 0.907635 2.0951 190 190 190 255 
2.6289 0.362237 2.30446 190 190 190 255 
2.6289 -1.01668 3.05165 190 190 190 255 
2.6289 0.626053 3.22449 190 190 190 255 
2.6289 0.533025 3.18308 190 190 190 255 
2.6289 0.448602 3.12613 190 190 190 255 
2.6289 0.305294 2.38889 190 190 190 255 
2.6289 0.263874 2.48191 190 190 190 255 
2.6289 1.16681 4.02921 190 190 190 255 
2.6289 0.927717 3.24558 190 190 190 255 
2.6289 1.08351 4.27462 190 190 190 255 
2.6289 0.826446 3.25623 190 190 190 255 
2.6289 1.03295 4.52879 190 190 190 255 
2.6289 -0.189013 6.89377 190 190 190 255 
2.6289 0.232137 2.68231 190 190 190 255 
2.6289 0.270845 2.88146 190 190 190 255 
2.6289 0.315487 2.97299 190 190 190 255 
2.6289 0.375348 3.05539 190 190 190 255 
2.6289 -2.84821 3.24414 190 190 190 255 
2.6289 -2.74412 3.38742 190 190 190 255 
2.6289 -2.13626 3.72438 190 190 190 255 
2.6289 0.649889 8.61377 190 190 190 255 
2.6289 1.016 10.2524 190 190 190 255 
2.6289 0.866394 8.34641 190 190 190 255 
2.6289 -0.206451 22.1573 190 190 190 255 
2.6289 -0.181002 1.20011 190 190 190 255 
2.6289 0.60689 2.12672 190 190 190 255 
2.6289 -0.409834 1.38448 190 190 190 255 
2.6289 0.432977 2.23121 190 190 190 255 
2.6289 -0.60518 1.60402 190 190 190 255 
2.6289 -1.61322 3.66939 190 190 190 255 
2.6289 -0.354997 6.94137 190 190 190 255 
2.6289 0.747611 7.21626 190 190 190 255 
2.6289 0.623402 7.09632 190 190 190 255 
2.6289 -0.152403 22.2026 190 190 190 255 
2.6289 -0.12029 22.2176 190 190 190 255 
2.6289 -0.0508052 22.4077 190 190 190 255 
2.6289 -0.050805 20.0709 190 190 190 255 
2.6289 0.00180799 12.9447 190 190 190 255 
2.6289 -0.942314 2.4099 190 190 190 255 
2.6289 -0.875102 2.12384 190 190 190 255 
2.6289 -0.761696 1.85273 190 190 190 255 
2.6289 -3.175 0.895484 190 190 190 255 
2.6289 -1.98656 7.92443 190 190 190 255 
2.6289 -0.649896 7.11854 190 190 190 255 
2.6289 -0.480257 8.73255 190 190 190 255 
2.6289 0.0172854 8.85661 190 190 190 255 
2.6289 -2.2229 0.374349 190 190 190 255 
2.6289 0.177797 10.4062 190 190 190 255 
2.6289 0.101596 10.4247 190 190 190 255 
2.6289 -0.15496 8.84458 190 190 190 255 
2.6289 -1.80087 -0.0967889 190 190 190 255 
2.6289 -1.75972 -0.455212 190 190 190 255 
2.6289 -1.76325 -0.45459 190 190 190 255 
2.6289 -2.56116 0.908814 190 190 190 255 
2.6289 -2.33327 -0.316384 190 190 190 255 
2.6289 -2.29471 -0.343571 190 190 190 255 
2.6289 -2.20349 -0.379963 190 190 190 255 
2.6289 -0.206451 17.4837 190 190 190 255 
2.6289 -0.0842421 15.2167 190 190 190 255 
2.6289 -0.0507965 15.2195 190 190 190 255 
2.6289 -0.0508042 15.3973 190 190 190 255 
2.6289 -0.152405 15.4245 190 190 190 255 
2.6289 -0.120294 15.4095 190 190 190 255 
2.6289 -0.200296 15.1539 190 190 190 255 
2.6289 -0.0508025 19.3089 190 190 190 255 
2.6289 -0.1203 19.4989 190 190 190 255 
2.6289 -0.086089 19.4897 190 190 190 255 
2.6289 -0.116779 19.2979 190 190 190 255 
2.6289 -0.22677 16.8705 190 190 190 255 
2.6289 -0.181418 16.9245 190 190 190 255 
2.6289 -0.120299 17.1621 190 190 190 255 
2.6289 -0.120305 16.9598 190 190 190 255 
2.6289 -0.181408 18.0929 190 190 190 255 
2.6289 -0.206471 20.7276 190 190 190 255 
2.6289 -0.226766 20.1725 190 190 190 255 
2.6289 -0.758694 19.308 190 190 190 255 
2.6289 -0.050802 16.9721 190 190 190 255 
2.6289 -0.0507991 17.1499 190 190 190 255 
2.6289 -0.0860766 16.969 190 190 190 255 
2.6289 -0.1203 21.0492 190 190 190 255 
2.6289 -0.25091 21.9914 190 190 190 255 
2.6289 -0.22678 15.7021 190 190 190 255 
2.6289 -0.206456 15.7311 190 190 190 255 
2.6289 -0.181407 15.7561 190 190 190 255 
2.6289 -0.152407 15.7764 190 190 190 255 
2.6289 -0.1524 16.0087 190 190 190 255 
2.6289 -0.120294 15.7914 190 190 190 255 
2.6289 -0.250909 17.3178 190 190 190 255 
2.6289 -0.241737 20.7888 190 190 190 255 
2.6289 -0.250921 20.823 190 190 190 255 
2.6289 -0.241749 17.4226 190 190 190 255 
2.6289 -0.226776 17.4547 190 190 190 255 
2.6289 -0.181424 17.5087 190 190 190 255 
2.6289 -0.152407 18.1132 190 190 190 255 
2.6289 -0.181409 18.3658 190 190 190 255 
2.6289 -0.0507944 21.2393 190 190 190 255 
2.6289 -0.253304 15.0331 190 190 190 255 
2.6289 -0.247784 15.0661 190 190 190 255 
2.6289 -0.250906 16.22 190 190 190 255 
2.6289 -0.250922 17.9725 190 190 190 255 
2.6289 -0.778667 19.0198 190 190 190 255 
2.6289 -0.206456 18.0679 190 190 190 255 
2.6289 0.101605 20.6551 190 190 190 255 
2.6289 -0.0508104 20.655 190 190 190 255 
2.6289 -0.120295 20.465 190 190 190 255 
2.6289 -0.120306 22.4199 190 190 190 255 
2.6289 -0.120289 15.9937 190 190 190 255 
2.6289 -0.152405 16.5929 190 190 190 255 
2.6289 -0.206454 16.6383 190 190 190 255 
2.6289 -0.372262 10.9362 190 190 190 255 
2.6289 -0.380996 11.0412 190 190 190 255 
2.6289 -0.120305 17.7463 190 190 190 255 
2.6289 -0.152395 17.7613 190 190 190 255 
2.6289 -0.181404 17.7816 190 190 190 255 
2.6289 -0.120295 18.1282 190 190 190 255 
2.6289 -0.226781 20.3757 190 190 190 255 
2.6289 -0.206457 20.4047 190 190 190 255 
2.6289 -0.253994 21.4425 190 190 190 255 
2.6289 -0.0842475 23.5788 190 190 190 255 
2.6289 -0.0860936 23.3952 190 190 190 255 
2.6289 -0.0860897 21.8265 190 190 190 255 
2.6289 -0.120306 21.6334 190 190 190 255 
2.6289 -0.152397 21.6184 190 190 190 255 
2.6289 -0.181421 21.871 190 190 190 255 
2.6289 -0.181413 16.3403 190 190 190 255 
2.6289 -0.152391 16.3607 190 190 190 255 
2.6289 -0.206459 17.2225 190 190 190 255 
2.6289 -0.206465 17.8066 190 190 190 255 
2.6289 -0.226766 17.8357 190 190 190 255 
2.6289 0.1016 18.9025 190 190 190 255 
2.6289 -0.181424 19.8455 190 190 190 255 
2.6289 -0.152403 19.8658 190 190 190 255 
2.6289 -0.0860825 19.89 190 190 190 255 
2.6289 -0.241747 19.6204 190 190 190 255 
2.6289 -0.250909 19.6546 190 190 190 255 
2.6289 -0.253999 19.6899 190 190 190 255 
2.6289 -0.226787 20.9598 190 190 190 255 
2.6289 -0.206462 20.9889 190 190 190 255 
2.6289 -0.241748 21.9572 190 190 190 255 
2.6289 -0.241747 17.2836 190 190 190 255 
2.6289 -0.250904 16.7336 190 190 190 255 
2.6289 -0.241741 16.6994 190 190 190 255 
2.6289 -0.254009 16.1846 190 190 190 255 
2.6289 -0.25092 18.4862 190 190 190 255 
2.6289 -0.241749 19.7594 190 190 190 255 
2.6289 -0.206457 22.7415 190 190 190 255 
2.6289 -0.0507893 22.9919 190 190 190 255 
2.6289 -0.0860882 22.811 190 190 190 255 
2.6289 -0.120295 22.8018 190 190 190 255 
2.6289 -0.12029 23.0041 190 190 190 255 
2.6289 -0.152401 23.0191 190 190 190 255 
2.6289 -0.181405 22.4552 190 190 190 255 
2.6289 -0.120293 13.0727 190 190 190 255 
2.6289 -0.303827 12.6654 190 190 190 255 
2.6289 -0.152404 13.0877 190 190 190 255 
2.6289 -0.181414 13.108 190 190 190 255 
2.6289 -0.346306 12.569 190 190 190 255 
2.6289 -0.206464 13.133 190 190 190 255 
2.6289 -0.241741 13.1942 190 190 190 255 
2.6289 -0.152396 13.4397 190 190 190 255 
2.6289 -0.175611 13.6875 190 190 190 255 
2.6289 -0.200303 13.7102 190 190 190 255 
2.6289 0.1016 16.5657 190 190 190 255 
2.6289 -0.0507937 16.5657 190 190 190 255 
2.6289 0.101611 17.7341 190 190 190 255 
2.6289 -0.0508074 17.5562 190 190 190 255 
2.6289 -0.0860941 17.7371 190 190 190 255 
2.6289 -0.0507917 18.1405 190 190 190 255 
2.6289 0.101605 18.3183 190 190 190 255 
2.6289 -0.0860782 18.3214 190 190 190 255 
2.6289 -0.241743 13.3332 190 190 190 255 
2.6289 -0.253301 13.8311 190 190 190 255 
2.6289 -0.206456 13.3943 190 190 190 255 
2.6289 -0.220909 18.9945 190 190 190 255 
2.6289 -0.18141 23.0394 190 190 190 255 
2.6289 -0.241755 22.6803 190 190 190 255 
2.6289 -0.152391 18.6975 190 190 190 255 
2.6289 -0.241753 22.5413 190 190 190 255 
2.6289 -0.250916 22.5756 190 190 190 255 
2.6289 -0.181413 18.6771 190 190 190 255 
2.6289 -0.226782 19.5882 190 190 190 255 
2.6289 -0.20646 19.5593 190 190 190 255 
2.6289 -0.18142 19.5342 190 190 190 255 
2.6289 -0.24779 19.1555 190 190 190 255 
2.6289 -0.15239 19.5139 190 190 190 255 
2.6289 -0.236887 19.1873 190 190 190 255 
2.6289 0.101597 14.0511 190 190 190 255 
2.6289 -0.0507961 14.0511 190 190 190 255 
2.6289 -0.084242 14.0483 190 190 190 255 
2.6289 -0.247778 19.0558 190 190 190 255 
2.6289 -0.253307 19.0889 190 190 190 255 
2.6289 -0.241737 23.1256 190 190 190 255 
2.6289 -0.20645 23.0645 190 190 190 255 
2.6289 -0.250923 22.6461 190 190 190 255 
2.6289 -0.17561 14.5924 190 190 190 255 
2.6289 -0.220909 14.5432 190 190 190 255 
2.6289 0.101603 14.6353 190 190 190 255 
2.6289 -0.0842404 14.8159 190 190 190 255 
2.6289 -0.254005 22.6109 190 190 190 255 
2.6289 -0.586548 25.0493 190 190 190 255 
2.6289 -0.250907 23.2304 190 190 190 255 
2.6289 -0.116783 14.04 190 190 190 255 
2.6289 -0.23688 13.9295 190 190 190 255 
2.6289 -0.116778 14.2399 190 190 190 255 
2.6289 -0.120301 23.386 190 190 190 255 
2.6289 -0.200298 14.2944 190 190 190 255 
2.6289 -0.372262 12.4669 190 190 190 255 
2.6289 -0.220909 14.3209 190 190 190 255 
2.6289 -0.236887 14.3504 190 190 190 255 
2.6289 -0.247787 14.3822 190 190 190 255 
2.6289 -0.253306 14.4153 190 190 190 255 
2.6289 -0.241752 15.531 190 190 190 255 
2.6289 -0.380997 12.362 190 190 190 255 
2.6289 -0.247779 14.482 190 190 190 255 
2.6289 -0.253999 22.0267 190 190 190 255 
2.6289 -0.0508005 24.1603 190 190 190 255 
2.6289 -0.250914 13.2284 190 190 190 255 
2.6289 -0.236882 14.9346 190 190 190 255 
2.6289 -0.236893 24.4451 190 190 190 255 
2.6289 -0.220906 24.4746 190 190 190 255 
2.6289 -0.0842369 24.7473 190 190 190 255 
2.6289 -0.175606 24.5238 190 190 190 255 
2.6289 -0.14752 24.5422 190 190 190 255 
2.6289 -0.22091 23.6681 190 190 190 255 
2.6289 -0.236889 23.6976 190 190 190 255 
2.6289 0.101606 24.5667 190 190 190 255 
2.6289 -0.0508089 24.5666 190 190 190 255 
2.6289 -0.0842437 24.5639 190 190 190 255 
2.6289 -0.116785 24.5556 190 190 190 255 
2.6289 -0.116783 14.8241 190 190 190 255 
2.6289 -0.236886 14.5137 190 190 190 255 
2.6289 -0.147514 14.8376 190 190 190 255 
2.6289 -0.175611 14.8559 190 190 190 255 
2.6289 -0.200304 14.8786 190 190 190 255 
2.6289 -0.147515 24.1847 190 190 190 255 
2.6289 -0.247791 23.8291 190 190 190 255 
2.6289 -0.220922 23.8904 190 190 190 255 
2.6289 -0.253308 23.7625 190 190 190 255 
2.6289 -0.2533 23.7961 190 190 190 255 
2.6289 -0.11678 24.7555 190 190 190 255 
2.6289 -0.147521 24.7689 190 190 190 255 
2.6289 -0.236877 25.0293 190 190 190 255 
2.6289 -0.253311 24.9644 190 190 190 255 
-0.367427 -3.06259 1.29589 190 190 190 255 
-0.367439 -1.9789 3.21027 190 190 190 255 
-0.353533 -1.99077 3.21384 190 190 190 255 
-0.306378 -3.11571 1.32596 190 190 190 255 
-0.231575 -2.23417 3.1324 190 190 190 255 
-0.269722 -2.12876 3.17028 190 190 190 255 
-0.22037 -3.24537 1.39935 190 190 190 255 
-0.220502 -2.27003 3.12238 190 190 190 255 
-0.256858 -3.17726 1.3608 190 190 190 255 
-0.201029 -2.36061 3.10743 190 190 190 255 
-0.204344 -2.3383 3.1095 190 190 190 255 
-0.198025 -3.31793 1.44043 190 190 190 255 
-0.198862 -2.37522 3.10607 190 190 190 255 
-0.229977 -2.67782 3.13911 190 190 190 255 
-0.290492 -2.77582 3.17845 190 190 190 255 
-0.256858 -3.60828 1.6048 190 190 190 255 
-0.22037 -3.54021 1.56626 190 190 190 255 
-1.06522 -3.66983 1.63964 190 190 190 255 
-1.03911 -2.81895 3.20109 190 190 190 255 
-0.93345 -2.89015 3.2414 190 190 190 255 
-0.367427 -3.72295 1.66972 190 190 190 255 
-0.306378 -3.66983 1.63964 190 190 190 255 
-1.11474 -3.60828 1.6048 190 190 190 255 
-1.11416 -2.72864 3.15793 190 190 190 255 
-1.10656 -2.73973 3.16269 190 190 190 255 
-1.1811 -2.47566 3.10289 190 190 190 255 
-1.18034 -2.48954 3.10406 190 190 190 255 
-1.17752 -2.54085 3.10838 190 190 190 255 
-1.1811 -3.39279 1.4828 190 190 190 255 
-1.17771 -2.40914 3.10298 190 190 190 255 
-1.17358 -3.31793 1.44043 190 190 190 255 
-1.15123 -3.24537 1.39935 190 190 190 255 
-1.09864 -2.12106 3.17382 190 190 190 255 
-1.11396 -2.16042 3.15799 190 190 190 255 
-1.01423 -1.98729 3.21308 190 190 190 255 
-1.00417 -3.06259 1.29589 190 190 190 255 
-1.06519 -2.04732 3.21335 190 190 190 255 
-0.966801 -1.96455 3.17786 190 190 190 255 
-0.966872 -1.96455 3.17797 190 190 190 255 
-0.967873 -1.96443 3.17954 190 190 190 255 
-0.975249 -1.96514 3.18888 190 190 190 255 
-0.989098 -1.96971 3.20182 190 190 190 255 
-0.995942 -1.97332 3.20636 190 190 190 255 
-1.00417 -1.97887 3.2103 190 190 190 255 
-0.85513 -2.0178 2.96734 190 190 190 255 
-0.91782 -1.99691 3.06033 190 190 190 255 
-0.93339 -1.98338 3.10204 190 190 190 255 
-0.808331 -2.02332 2.92777 190 190 190 255 
-0.839677 -2.02034 2.95155 190 190 190 255 
-0.771791 -2.02512 2.90887 190 190 190 255 
-0.775742 -2.02502 2.91028 190 190 190 255 
-0.780341 -2.02477 2.91275 190 190 190 255 
-0.685797 -2.02632 2.89169 190 190 190 255 
-0.539193 -2.0212 2.94533 190 190 190 255 
-0.599792 -2.96829 1.24251 190 190 190 255 
-0.599833 -2.02508 2.90914 190 190 190 255 
-0.6858 -2.96174 1.2388 190 190 190 255 
-0.606586 -2.02537 2.90587 190 190 190 255 
-0.44594 -1.99011 3.08128 190 190 190 255 
-0.473806 -2.0062 3.02396 190 190 190 255 
-0.507783 -2.01642 2.97603 190 190 190 255 
-0.509291 -2.01679 2.97407 190 190 190 255 
-0.516458 -2.01784 2.96718 190 190 190 255 
-0.369321 -1.97745 3.2096 190 190 190 255 
-0.404767 -1.96445 3.17807 190 190 190 255 
-0.382695 -1.96966 3.20161 190 190 190 255 
-0.432374 -1.97829 3.11767 190 190 190 255 
-0.248064 -0.712084 3.74286 190 190 190 255 
-0.0889001 -1.33202 3.56557 190 190 190 255 
-0.248064 -1.3326 3.56699 190 190 190 255 
-0.0889001 -1.60173 3.45696 190 190 190 255 
-0.248064 -1.50968 3.49814 190 190 190 255 
-0.248064 -0.158946 3.80668 190 190 190 255 
-0.248064 -0.182949 3.8048 190 190 190 255 
-0.0889001 -0.182759 3.80218 190 190 190 255 
-0.0889001 -0.573324 3.76303 190 190 190 255 
-0.0889001 1.05671 3.66053 190 190 190 255 
-0.248064 0.945642 3.69078 190 190 190 255 
-0.248064 0.600227 3.76041 190 190 190 255 
-0.0889001 1.77727 3.37008 190 190 190 255 
-0.248064 1.72628 3.39648 190 190 190 255 
-0.248064 1.35767 3.5572 190 190 190 255 
-0.248064 1.21279 3.61182 190 190 190 255 
-0.0889001 2.67043 2.71415 190 190 190 255 
-0.248064 2.67088 2.7148 190 190 190 255 
-0.248064 2.63246 2.75431 190 190 190 255 
-0.0889001 2.42393 2.9395 190 190 190 255 
-0.0889001 2.11159 3.17132 190 190 190 255 
-0.248064 1.96985 3.26125 190 190 190 255 
-0.0889001 3.17006 2.10967 190 190 190 255 
-0.248064 3.16886 2.1153 190 190 190 255 
-0.0889001 2.93584 2.42481 190 190 190 255 
-0.248064 2.93566 2.42476 190 190 190 255 
-0.0889001 2.711 2.67705 190 190 190 255 
-0.248064 2.8267 2.55459 190 190 190 255 
-0.248064 3.64425 1.11155 190 190 190 255 
-0.0889001 3.5353 1.41561 190 190 190 255 
-0.248064 3.5533 1.37487 190 190 190 255 
-0.248064 3.5357 1.41581 190 190 190 255 
-0.248064 3.44331 1.63084 190 190 190 255 
-0.0889001 3.80694 -0.121029 190 190 190 255 
-0.0889001 3.80215 0.244338 190 190 190 255 
-0.248064 3.79963 0.271761 190 190 190 255 
-0.248064 3.76735 0.568514 190 190 190 255 
-0.0889001 3.75744 0.630712 190 190 190 255 
-0.248064 3.74985 0.661278 190 190 190 255 
-0.0889001 3.75066 0.661382 190 190 190 255 
-0.0889001 3.67355 1.01051 190 190 190 255 
-0.248064 3.71572 0.842284 190 190 190 255 
-0.0889001 3.66245 1.04406 190 190 190 255 
-0.248064 3.66215 1.04409 190 190 190 255 
-0.248064 3.77122 -0.542125 190 190 190 255 
-0.248064 3.80076 -0.265103 190 190 190 255 
-0.248064 3.03093 -2.30773 190 190 190 255 
-0.248064 3.18357 -2.09307 190 190 190 255 
-0.248064 3.25076 -1.98228 190 190 190 255 
-0.0889001 3.25276 -1.9835 190 190 190 255 
-0.0889001 3.4365 -1.64515 190 190 190 255 
-0.0889001 3.43954 -1.63791 190 190 190 255 
-0.248064 3.4389 -1.63755 190 190 190 255 
-0.248064 3.45464 -1.6067 190 190 190 255 
-0.0889001 3.58632 -1.28621 190 190 190 255 
-0.248064 3.56282 -1.34996 190 190 190 255 
-0.0889001 3.58972 -1.27494 190 190 190 255 
-0.0889001 3.70176 -0.898449 190 190 190 255 
-0.248064 3.70044 -0.898058 190 190 190 255 
-0.248064 2.65167 -2.73581 190 190 190 255 
-0.0889001 2.7774 -2.60779 190 190 190 255 
-0.248064 2.49299 -2.87875 190 190 190 255 
-0.248064 2.44468 -2.92227 190 190 190 255 
-0.0889001 1.85094 -3.32931 190 190 190 255 
-0.248064 1.75001 -3.38431 190 190 190 255 
-0.248064 1.85006 -3.32785 190 190 190 255 
-0.248064 2.18353 -3.12041 190 190 190 255 
-0.0889001 1.12951 -3.63754 190 190 190 255 
-0.248064 1.49805 -3.50314 190 190 190 255 
-0.248064 0.748747 -3.73416 190 190 190 255 
-0.248064 0.69964 -3.74521 190 190 190 255 
-0.0889001 0.391693 -3.78981 190 190 190 255 
-0.248064 0.360259 -3.79112 190 190 190 255 
-0.0889001 0.360331 -3.79144 190 190 190 255 
-0.248064 0.146299 -3.80719 190 190 190 255 
-0.0889001 0.00326035 -3.81 190 190 190 255 
-0.248064 -0.132288 -3.8077 190 190 190 255 
-0.248064 -0.410191 -3.78786 190 190 190 255 
-0.248064 -0.957886 -3.68762 190 190 190 255 
-0.0889001 -0.769642 -3.73145 190 190 190 255 
-0.248064 -0.4242 -3.78582 190 190 190 255 
-0.0889001 -0.424012 -3.78452 190 190 190 255 
-0.248064 -1.19064 -3.61798 190 190 190 255 
-0.0889001 -1.90586 -3.29628 190 190 190 255 
-0.248064 -1.98069 -3.25468 190 190 190 255 
-0.248064 -1.90607 -3.29643 190 190 190 255 
-0.0889001 -1.55632 -3.47515 190 190 190 255 
-0.248064 -1.48514 -3.50862 190 190 190 255 
-0.0889001 -2.23508 -3.08238 190 190 190 255 
-0.248064 -2.23607 -3.08364 190 190 190 255 
-0.0889001 -2.81896 -2.55892 190 190 190 255 
-0.248064 -2.83516 -2.54518 190 190 190 255 
-0.0889001 -3.28318 -1.92701 190 190 190 255 
-0.0889001 -3.02737 -2.31323 190 190 190 255 
-0.0889001 -3.58411 -1.29236 190 190 190 255 
-0.248064 -3.60891 -1.21361 190 190 190 255 
-0.248064 -3.55784 -1.36305 190 190 190 255 
-0.248064 -3.46578 -1.57932 190 190 190 255 
-0.0889001 -3.46404 -1.57861 190 190 190 255 
-0.0889001 -3.43369 -1.65104 190 190 190 255 
-0.0889001 -3.60809 -1.21345 190 190 190 255 
-0.248064 -3.71691 -0.83601 190 190 190 255 
-0.0889001 -3.6972 -0.920208 190 190 190 255 
-0.0889001 -3.71377 -0.835407 190 190 190 255 
-0.248064 -3.81 -0.000670776 190 190 190 255 
-0.248064 -3.80794 -0.0567556 190 190 190 255 
-0.0889001 -3.807 -0.151111 190 190 190 255 
-0.0889001 -3.77995 -0.448506 190 190 190 255 
-0.248064 -3.7185 -0.829927 190 190 190 255 
-0.0889001 -3.79144 0.335375 190 190 190 255 
-0.248064 -3.79349 0.335615 190 190 190 255 
-0.0889001 -3.80258 0.237818 190 190 190 255 
-0.248064 -3.64832 1.09814 190 190 190 255 
-0.0889001 -3.73666 0.724021 190 190 190 255 
-0.353663 -3.45889 1.51567 190 190 190 255 
-0.979809 -3.47242 1.49174 190 190 190 255 
-0.979219 -3.47278 1.49113 190 190 190 255 
-0.965542 -3.49091 1.45908 190 190 190 255 
-0.987736 -3.46366 1.49758 190 190 190 255 
-1.02187 -3.45817 1.5169 190 190 190 255 
-1.0349 -3.45705 1.51887 190 190 190 255 
-1.01237 -3.34968 1.45808 190 190 190 255 
-1.01844 -3.34755 1.45719 190 190 190 255 
-0.986288 -3.30241 1.43133 190 190 190 255 
-0.858766 -3.19316 1.36949 190 190 190 255 
-0.745821 -3.15778 1.34945 190 190 190 255 
-0.565345 -3.16576 1.35429 190 190 190 255 
-0.509615 -3.18813 1.36695 190 190 190 255 
-0.459132 -3.21847 1.38414 190 190 190 255 
-0.42034 -3.25976 1.40718 190 190 190 255 
-0.385312 -3.30241 1.43133 190 190 190 255 
-0.37972 -3.29938 1.42994 190 190 190 255 
-0.359234 -3.34968 1.45808 190 190 190 255 
-0.342881 -3.40013 1.48665 190 190 190 255 
-0.336499 -3.39893 1.48629 190 190 190 255 
-0.336697 -3.45705 1.51887 190 190 190 255 
-0.342073 -3.45751 1.51806 190 190 190 255 
-0.373655 -3.46363 1.50728 190 190 190 255 
-0.364696 -3.4611 1.51174 190 190 190 255 
-0.383826 -3.46781 1.49991 190 190 190 255 
-0.391791 -3.47242 1.49174 190 190 190 255 
-0.392417 -3.46875 1.48886 190 190 190 255 
-0.403702 -3.48064 1.46822 190 190 190 255 
-0.403667 -3.48449 1.4704 190 190 190 255 
-0.960251 -3.4489 1.42701 190 190 190 255 
-0.926586 -3.36699 1.38893 190 190 190 255 
-0.824231 -3.28326 1.33324 190 190 190 255 
-0.780559 -3.26185 1.32942 190 190 190 255 
-0.733896 -3.2511 1.32332 190 190 190 255 
-0.637763 -3.25494 1.31721 190 190 190 255 
-0.591041 -3.26185 1.32942 190 190 190 255 
-0.547369 -3.28326 1.33324 190 190 190 255 
-0.473082 -3.33279 1.36958 190 190 190 255 
-0.445309 -3.37069 1.38274 190 190 190 255 
-0.424437 -3.40851 1.40415 190 190 190 255 
-0.411349 -3.4489 1.42701 190 190 190 255 
-0.424117 -3.40487 1.41037 190 190 190 255 
-0.411013 -3.44529 1.43326 190 190 190 255 
-0.406092 -3.48708 1.45692 190 190 190 255 
-0.406434 -3.49064 1.45064 190 190 190 255 
-0.406058 -3.49091 1.45908 190 190 190 255 
-0.405202 -3.48861 1.46313 190 190 190 255 
-0.408664 -3.4385 1.44436 190 190 190 255 
-0.445014 -3.36699 1.38893 190 190 190 255 
-0.471264 -3.32504 1.38014 190 190 190 255 
-0.505962 -3.29531 1.36331 190 190 190 255 
-0.507486 -3.30332 1.3529 190 190 190 255 
-0.547199 -3.27944 1.33937 190 190 190 255 
-0.590231 -3.25349 1.33963 190 190 190 255 
-0.637293 -3.24263 1.33349 190 190 190 255 
-0.637704 -3.2511 1.32332 190 190 190 255 
-0.6858 -3.24748 1.32127 190 190 190 255 
-0.824401 -3.27944 1.33937 190 190 190 255 
-0.825585 -3.27123 1.34967 190 190 190 255 
-0.864114 -3.30332 1.3529 190 190 190 255 
-0.928644 -3.35953 1.39965 190 190 190 255 
-0.898518 -3.33279 1.36958 190 190 190 255 
-0.947483 -3.40487 1.41037 190 190 190 255 
-0.962936 -3.4385 1.44436 190 190 190 255 
-0.960587 -3.44529 1.43326 190 190 190 255 
-0.967898 -3.48064 1.46822 190 190 190 255 
-0.965508 -3.48708 1.45692 190 190 190 255 
-0.967933 -3.48449 1.4704 190 190 190 255 
-0.966398 -3.48861 1.46313 190 190 190 255 
-0.402462 -3.48291 1.47323 190 190 190 255 
-0.399097 -3.47446 1.47898 190 190 190 255 
-0.404141 -3.43163 1.45473 190 190 190 255 
-0.417572 -3.39019 1.43127 190 190 190 255 
-0.42188 -3.39773 1.42128 190 190 190 255 
-0.438992 -3.35135 1.40929 190 190 190 255 
-0.442956 -3.35953 1.39965 190 190 190 255 
-0.467763 -3.31635 1.38946 190 190 190 255 
-0.503026 -3.28612 1.37236 190 190 190 255 
-0.546015 -3.27123 1.34967 190 190 190 255 
-0.6858 -3.22886 1.33994 190 190 190 255 
-0.6858 -3.23897 1.33142 190 190 190 255 
-0.734307 -3.24263 1.33349 190 190 190 255 
-0.781369 -3.25349 1.33963 190 190 190 255 
-0.782929 -3.24361 1.34829 190 190 190 255 
-0.827867 -3.26163 1.3585 190 190 190 255 
-0.868574 -3.28612 1.37236 190 190 190 255 
-0.865638 -3.29531 1.36331 190 190 190 255 
-0.903838 -3.31635 1.38946 190 190 190 255 
-0.900336 -3.32504 1.38014 190 190 190 255 
-0.932608 -3.35135 1.40929 190 190 190 255 
-0.94972 -3.39773 1.42128 190 190 190 255 
-0.972538 -3.4784 1.4812 190 190 190 255 
-0.969138 -3.48291 1.47323 190 190 190 255 
-0.397958 -3.47745 1.48284 190 190 190 255 
-0.397578 -3.42493 1.46405 190 190 190 255 
-0.411323 -3.3825 1.44004 190 190 190 255 
-0.433242 -3.34277 1.41755 190 190 190 255 
-0.462683 -3.30692 1.39726 190 190 190 255 
-0.543733 -3.26163 1.3585 190 190 190 255 
-0.586408 -3.2325 1.35513 190 190 190 255 
-0.588671 -3.24361 1.34829 190 190 190 255 
-0.636501 -3.23257 1.34204 190 190 190 255 
-0.6858 -3.21743 1.34659 190 190 190 255 
-0.736247 -3.22123 1.34874 190 190 190 255 
-0.735099 -3.23257 1.34204 190 190 190 255 
-0.960277 -3.3825 1.44004 190 190 190 255 
-0.954028 -3.39019 1.43127 190 190 190 255 
-0.974022 -3.42493 1.46405 190 190 190 255 
-0.967459 -3.43163 1.45473 190 190 190 255 
-0.972503 -3.47446 1.47898 190 190 190 255 
-0.973642 -3.47745 1.48284 190 190 190 255 
-0.383864 -3.46366 1.49758 190 190 190 255 
-0.425879 -3.33404 1.42419 190 190 190 255 
-0.498768 -3.27603 1.37976 190 190 190 255 
-0.536185 -3.23953 1.37069 190 190 190 255 
-0.540423 -3.25096 1.36557 190 190 190 255 
-0.633882 -3.20893 1.35337 190 190 190 255 
-0.635353 -3.22123 1.34874 190 190 190 255 
-0.737718 -3.20893 1.35337 190 190 190 255 
-0.78809 -3.22055 1.35995 190 190 190 255 
-0.785192 -3.2325 1.35513 190 190 190 255 
-0.835415 -3.23953 1.37069 190 190 190 255 
-0.831177 -3.25096 1.36557 190 190 190 255 
-0.878285 -3.26533 1.38529 190 190 190 255 
-0.872832 -3.27603 1.37976 190 190 190 255 
-0.915423 -3.29712 1.4033 190 190 190 255 
-0.908917 -3.30692 1.39726 190 190 190 255 
-0.938358 -3.34277 1.41755 190 190 190 255 
-0.979183 -3.46875 1.48886 190 190 190 255 
-0.37491 -3.46416 1.50637 190 190 190 255 
-0.373694 -3.45937 1.50486 190 190 190 255 
-0.389175 -3.41854 1.47204 190 190 190 255 
-0.393806 -3.36762 1.45292 190 190 190 255 
-0.403321 -3.3749 1.44733 190 190 190 255 
-0.456177 -3.29712 1.4033 190 190 190 255 
-0.486831 -3.25434 1.38879 190 190 190 255 
-0.493315 -3.26533 1.38529 190 190 190 255 
-0.531145 -3.22768 1.3737 190 190 190 255 
-0.58351 -3.22055 1.35995 190 190 190 255 
-0.580065 -3.20806 1.36259 190 190 190 255 
-0.6858 -3.20502 1.35115 190 190 190 255 
-0.840455 -3.22768 1.3737 190 190 190 255 
-0.884768 -3.25434 1.38879 190 190 190 255 
-0.923157 -3.2872 1.40741 190 190 190 255 
-0.954476 -3.32534 1.429 190 190 190 255 
-0.945721 -3.33404 1.42419 190 190 190 255 
-0.968279 -3.3749 1.44733 190 190 190 255 
-0.982425 -3.41854 1.47204 190 190 190 255 
-0.99669 -3.46416 1.50637 190 190 190 255 
-0.379184 -3.41271 1.47846 190 190 190 255 
-0.417124 -3.32534 1.429 190 190 190 255 
-0.448443 -3.2872 1.40741 190 190 190 255 
-0.525457 -3.21576 1.37451 190 190 190 255 
-0.576176 -3.19541 1.36299 190 190 190 255 
-0.632133 -3.19603 1.35579 190 190 190 255 
-0.630159 -3.18295 1.35594 190 190 190 255 
-0.741441 -3.18295 1.35594 190 190 190 255 
-0.6858 -3.19197 1.3535 190 190 190 255 
-0.739467 -3.19603 1.35579 190 190 190 255 
-0.791535 -3.20806 1.36259 190 190 190 255 
-0.892087 -3.2434 1.39015 190 190 190 255 
-0.964358 -3.31704 1.43184 190 190 190 255 
-0.977794 -3.36762 1.45292 190 190 190 255 
-0.988533 -3.36083 1.45664 190 190 190 255 
-0.992416 -3.41271 1.47846 190 190 190 255 
-1.00939 -3.45597 1.51049 190 190 190 255 
-0.997906 -3.45937 1.50486 190 190 190 255 
-0.362175 -3.46037 1.51299 190 190 190 255 
-0.349772 -3.45359 1.5143 190 190 190 255 
-0.362215 -3.45597 1.51049 190 190 190 255 
-0.355683 -3.40337 1.48588 190 190 190 255 
-0.367907 -3.4076 1.48312 190 190 190 255 
-0.371425 -3.3548 1.45838 190 190 190 255 
-0.396531 -3.3093 1.43262 190 190 190 255 
-0.383067 -3.36083 1.45664 190 190 190 255 
-0.407242 -3.31704 1.43184 190 190 190 255 
-0.43025 -3.26824 1.40938 190 190 190 255 
-0.439713 -3.27748 1.40945 190 190 190 255 
-0.471581 -3.23282 1.38933 190 190 190 255 
-0.479513 -3.2434 1.39015 190 190 190 255 
-0.62802 -3.17008 1.35381 190 190 190 255 
-0.6858 -3.17875 1.35357 190 190 190 255 
-0.74358 -3.17008 1.35381 190 190 190 255 
-0.795424 -3.19541 1.36299 190 190 190 255 
-0.846143 -3.21576 1.37451 190 190 190 255 
-0.852309 -3.20413 1.37309 190 190 190 255 
-0.900019 -3.23282 1.38933 190 190 190 255 
-0.975069 -3.3093 1.43262 190 190 190 255 
-0.931887 -3.27748 1.40945 190 190 190 255 
-1.01592 -3.40337 1.48588 190 190 190 255 
-1.00369 -3.4076 1.48312 190 190 190 255 
-1.00943 -3.46037 1.51299 190 190 190 255 
-0.34973 -3.45817 1.5169 190 190 190 255 
-0.33674 -3.4523 1.51617 190 190 190 255 
-0.463273 -3.22298 1.38636 190 190 190 255 
-0.512834 -3.19316 1.36949 190 190 190 255 
-0.519291 -3.20413 1.37309 190 190 190 255 
-0.567546 -3.17122 1.35706 190 190 190 255 
-0.57196 -3.18301 1.36113 190 190 190 255 
-0.625779 -3.15778 1.34945 190 190 190 255 
-0.6858 -3.1657 1.35134 190 190 190 255 
-0.6858 -3.15325 1.34689 190 190 190 255 
-0.79964 -3.18301 1.36113 190 190 190 255 
-0.804054 -3.17122 1.35706 190 190 190 255 
-0.908327 -3.22298 1.38636 190 190 190 255 
-0.95126 -3.25976 1.40718 190 190 190 255 
-0.94135 -3.26824 1.40938 190 190 190 255 
-1.00017 -3.3548 1.45838 190 190 190 255 
-1.02872 -3.40013 1.48665 190 190 190 255 
-1.02183 -3.45359 1.5143 190 190 190 255 
-1.03486 -3.4523 1.51617 190 190 190 255 
-1.02953 -3.45751 1.51806 190 190 190 255 
-0.383562 -1.96921 3.20101 190 190 190 255 
-0.268232 -3.64736 1.09785 190 190 190 255 
-0.248064 -3.7188 0.828617 190 190 190 255 
-0.248064 -3.79985 0.277736 190 190 190 255 
-0.248064 -3.76942 0.55466 190 190 190 255 
-0.268232 -3.76842 0.554514 190 190 190 255 
-0.248064 -3.73804 0.724408 190 190 190 255 
-0.248064 -3.79977 -0.279075 190 190 190 255 
-0.248064 -3.78106 -0.448562 190 190 190 255 
-0.268232 -3.76823 -0.55584 190 190 190 255 
-0.248064 -3.76922 -0.555986 190 190 190 255 
-0.248064 -3.64793 -1.09943 190 190 190 255 
-0.268232 -3.55689 -1.36269 190 190 190 255 
-0.248064 -3.44873 -1.61939 190 190 190 255 
-0.268232 -3.32029 -1.86657 190 190 190 255 
-0.248064 -3.32118 -1.86706 190 190 190 255 
-0.268232 -3.17502 -2.10421 190 190 190 255 
-0.248064 -3.28425 -1.92748 190 190 190 255 
-0.248064 -3.17585 -2.10476 190 190 190 255 
-0.248064 -3.06798 -2.25529 190 190 190 255 
-0.248064 -3.01358 -2.3312 190 190 190 255 
-0.248064 -2.54071 -2.83576 190 190 190 255 
-0.248064 -2.6416 -2.74555 190 190 190 255 
-0.248064 -2.82061 -2.56026 190 190 190 255 
-0.248064 -2.43391 -2.93123 190 190 190 255 
-0.268232 -1.73712 -3.38982 190 190 190 255 
-0.268232 -1.98017 -3.25383 190 190 190 255 
-0.248064 -2.21321 -3.10125 190 190 190 255 
-0.268232 -1.22446 -3.60682 190 190 190 255 
-0.248064 -1.22481 -3.60776 190 190 190 255 
-0.268232 -1.48476 -3.5077 190 190 190 255 
-0.248064 -1.55644 -3.47531 190 190 190 255 
-0.248064 -1.73756 -3.39072 190 190 190 255 
-0.268232 -0.957656 -3.68665 190 190 190 255 
-0.248064 -0.811388 -3.72001 190 190 190 255 
-0.248064 -0.685864 -3.74776 190 190 190 255 
-0.268232 -0.410079 -3.78686 190 190 190 255 
-0.248064 -0.0321229 -3.80752 190 190 190 255 
-0.268232 0.423981 -3.78532 190 190 190 255 
-0.248064 0.424108 -3.78632 190 190 190 255 
-0.268232 1.23772 -3.60229 190 190 190 255 
-0.248064 1.23806 -3.60324 190 190 190 255 
-0.248064 1.12909 -3.63628 190 190 190 255 
-0.268232 0.971203 -3.6831 190 190 190 255 
-0.248064 0.971451 -3.68407 190 190 190 255 
-0.268232 0.699453 -3.74422 190 190 190 255 
-0.268232 1.74954 -3.38341 190 190 190 255 
-0.248064 1.49851 -3.50292 190 190 190 255 
-0.268232 1.99213 -3.24653 190 190 190 255 
-0.248064 1.99265 -3.24738 190 190 190 255 
-0.248064 2.2246 -3.09309 190 190 190 255 
-0.248064 3.02213 -2.32011 190 190 190 255 
-0.268232 3.02133 -2.31949 190 190 190 255 
-0.248064 2.84451 -2.53474 190 190 190 255 
-0.248064 2.77586 -2.60632 190 190 190 255 
-0.248064 3.32802 -1.85484 190 190 190 255 
-0.268232 3.32712 -1.85435 190 190 190 255 
-0.268232 3.56188 -1.34961 190 190 190 255 
-0.248064 3.58831 -1.27444 190 190 190 255 
-0.248064 3.65195 -1.08601 190 190 190 255 
-0.268232 3.65098 -1.08572 190 190 190 255 
-0.248064 3.72154 -0.81625 190 190 190 255 
-0.268232 3.77024 -0.541983 190 190 190 255 
-0.268232 3.80897 0.0133335 190 190 190 255 
-0.268232 3.79978 -0.265034 190 190 190 255 
-0.248064 3.7744 -0.512426 190 190 190 255 
-0.268232 3.76636 0.568364 190 190 190 255 
-0.248064 3.79883 0.291705 190 190 190 255 
-0.268232 3.79781 0.291629 190 190 190 255 
-0.248064 3.80999 0.0133364 190 190 190 255 
-0.248064 3.80554 -0.12093 190 190 190 255 
-0.268232 3.64328 1.11126 190 190 190 255 
-0.268232 3.55235 1.37451 190 190 190 255 
-0.248064 3.37007 1.7719 190 190 190 255 
-0.248064 3.31493 1.8781 190 190 190 255 
-0.248064 3.17161 2.11081 190 190 190 255 
-0.248064 3.00581 2.34121 190 190 190 255 
-0.268232 2.63177 2.75359 190 190 190 255 
-0.268232 2.42352 2.93853 190 190 190 255 
-0.248064 2.42416 2.93931 190 190 190 255 
-0.268232 2.20231 3.10777 190 190 190 255 
-0.248064 2.05767 3.20373 190 190 190 255 
-0.248064 2.20289 3.10859 190 190 190 255 
-0.248064 2.37711 2.9753 190 190 190 255 
-0.268232 1.72582 3.39558 190 190 190 255 
-0.268232 1.47309 3.51261 190 190 190 255 
-0.248064 1.47349 3.51354 190 190 190 255 
-0.248064 1.71775 3.40043 190 190 190 255 
-0.268232 0.673222 3.74903 190 190 190 255 
-0.248064 0.984402 3.67932 190 190 190 255 
-0.268232 0.39747 3.7882 190 190 190 255 
-0.248064 0.673423 3.75002 190 190 190 255 
-0.248064 0.119631 3.80812 190 190 190 255 
-0.268232 0.119608 3.80712 190 190 190 255 
-0.248064 0.209704 3.80199 190 190 190 255 
-0.248064 0.397582 3.7892 190 190 190 255 
-0.248064 -0.436683 3.78489 190 190 190 255 
-0.248064 -0.573571 3.764 190 190 190 255 
-0.268232 -0.711897 3.74188 190 190 190 255 
-0.248064 -0.958602 3.68656 190 190 190 255 
-0.248064 -0.983704 3.68082 190 190 190 255 
-0.268232 -1.2497 3.59815 190 190 190 255 
-0.248064 -1.25003 3.5991 190 190 190 255 
-0.248064 -1.693 3.41094 190 190 190 255 
-0.248064 -1.76126 3.37847 190 190 190 255 
-0.248064 -2.00341 3.24074 190 190 190 255 
-0.248064 -2.04634 3.21381 190 190 190 255 
-0.32941 -1.9945 3.22629 190 190 190 255 
-0.343834 -2.00109 3.21392 190 190 190 255 
-0.332039 -2.01578 3.21157 190 190 190 255 
-0.357392 -1.98664 3.21359 190 190 190 255 
-0.361853 -1.98321 3.21226 190 190 190 255 
-0.358526 -1.98623 3.21289 190 190 190 255 
-0.357364 -1.98729 3.21311 190 190 190 255 
-0.40457 -1.96441 3.17838 190 190 190 255 
-0.397424 -1.96493 3.18765 190 190 190 255 
-0.42207 -1.96942 3.14613 190 190 190 255 
-0.412106 -1.96533 3.1664 190 190 190 255 
-0.422972 -1.95097 3.15587 190 190 190 255 
-0.422875 -1.97013 3.14391 190 190 190 255 
-0.432374 -1.93018 3.14716 190 190 190 255 
-0.432374 -1.70689 3.27415 190 190 190 255 
-0.422972 -1.71512 3.29 190 190 190 255 
-0.432374 -1.45717 3.39243 190 190 190 255 
-0.432374 -1.21142 3.48797 190 190 190 255 
-0.432374 -1.2086 3.48884 190 190 190 255 
-0.432374 -0.953309 3.56717 190 190 190 255 
-0.432374 -0.693831 3.62645 190 190 190 255 
-0.422972 -0.693459 3.64485 190 190 190 255 
-0.422972 -0.425249 3.68578 190 190 190 255 
-0.432374 -0.430329 3.66694 190 190 190 255 
-0.422972 -0.154793 3.707 190 190 190 255 
-0.432374 0.101976 3.69047 190 190 190 255 
-0.422972 0.116499 3.7084 190 190 190 255 
-0.432374 0.367998 3.67338 190 190 190 255 
-0.422972 0.387166 3.68997 190 190 190 255 
-0.432374 0.632086 3.63714 190 190 190 255 
-0.432374 0.652614 3.63423 190 190 190 255 
-0.422972 0.655778 3.65182 190 190 190 255 
-0.432374 0.892878 3.58195 190 190 190 255 
-0.432374 0.916424 3.57682 190 190 190 255 
-0.422972 0.920857 3.59413 190 190 190 255 
-0.432374 1.14899 3.50809 190 190 190 255 
-0.432374 1.17535 3.50029 190 190 190 255 
-0.432374 1.6419 3.306 190 190 190 255 
-0.432374 1.67298 3.2916 190 190 190 255 
-0.422972 1.91826 3.17585 190 190 190 255 
-0.432374 1.8761 3.17883 190 190 190 255 
-0.432374 2.10054 3.03509 190 190 190 255 
-0.422972 2.36069 2.86234 190 190 190 255 
-0.432374 2.87791 2.31072 190 190 190 255 
-0.422972 2.75266 2.48769 190 190 190 255 
-0.432374 3.071 2.04999 190 190 190 255 
-0.422972 3.22812 1.82891 190 190 190 255 
-0.432374 3.30718 1.63794 190 190 190 255 
-0.422972 3.35314 1.58814 190 190 190 255 
-0.432374 3.63651 0.627884 190 190 190 255 
-0.422972 3.66868 0.553627 190 190 190 255 
-0.432374 3.65102 0.55096 190 190 190 255 
-0.422972 3.69934 0.284066 190 190 190 255 
-0.432374 3.68151 0.282699 190 190 190 255 
-0.432374 3.68892 0.0979074 190 190 190 255 
-0.432374 3.68632 -0.168529 190 190 190 255 
-0.422972 3.70124 -0.258161 190 190 190 255 
-0.432374 3.62362 -0.697366 190 190 190 255 
-0.432374 3.60663 -0.791046 190 190 190 255 
-0.422972 3.55631 -1.05757 190 190 190 255 
-0.432374 3.48544 -1.21166 190 190 190 255 
-0.422972 3.46951 -1.31461 190 190 190 255 
-0.432374 3.4528 -1.30828 190 190 190 255 
-0.432374 3.38889 -1.45999 190 190 190 255 
-0.422972 3.36419 -1.56462 190 190 190 255 
-0.432374 3.34799 -1.55709 190 190 190 255 
-0.432374 3.27469 -1.7007 190 190 190 255 
-0.422972 3.24087 -1.80627 190 190 190 255 
-0.432374 3.22524 -1.79757 190 190 190 255 
-0.432374 3.14341 -1.93255 190 190 190 255 
-0.432374 3.08527 -2.02844 190 190 190 255 
-0.422972 3.10021 -2.03826 190 190 190 255 
-0.432374 2.92882 -2.24847 190 190 190 255 
-0.432374 2.83248 -2.36486 190 190 190 255 
-0.432374 2.65444 -2.56307 190 190 190 255 
-0.432374 2.56981 -2.65134 190 190 190 255 
-0.422972 2.38066 -2.84574 190 190 190 255 
-0.432374 2.04139 -3.07375 190 190 190 255 
-0.422972 1.94045 -3.16234 190 190 190 255 
-0.432374 1.81429 -3.21304 190 190 190 255 
-0.422972 1.70421 -3.29568 190 190 190 255 
-0.432374 1.57772 -3.33558 190 190 190 255 
-0.422972 1.45883 -3.4114 190 190 190 255 
-0.432374 1.33292 -3.44074 190 190 190 255 
-0.432374 1.19984 -3.49198 190 190 190 255 
-0.422972 0.946 -3.5876 190 190 190 255 
-0.432374 1.08117 -3.52796 190 190 190 255 
-0.432374 0.941448 -3.57032 190 190 190 255 
-0.432374 0.823784 -3.59678 190 190 190 255 
-0.432374 0.411014 -3.66941 190 190 190 255 
-0.422972 0.413003 -3.68717 190 190 190 255 
-0.432374 0.0313425 -3.68984 190 190 190 255 
-0.422972 0.142476 -3.70749 190 190 190 255 
-0.422972 -0.128829 -3.70799 190 190 190 255 
-0.422972 -0.399448 -3.68866 190 190 190 255 
-0.432374 -0.235013 -3.6825 190 190 190 255 
-0.432374 -0.50012 -3.65597 190 190 190 255 
-0.422972 -0.667924 -3.64961 190 190 190 255 
-0.432374 -0.664701 -3.63204 190 190 190 255 
-0.432374 -0.762612 -3.61039 190 190 190 255 
-0.432374 -1.02116 -3.54598 190 190 190 255 
-0.422972 -0.932807 -3.59105 190 190 190 255 
-0.422972 -1.19274 -3.51329 190 190 190 255 
-0.422972 -1.44625 -3.41674 190 190 190 255 
-0.432374 -1.68391 -3.28602 190 190 190 255 
-0.422972 -2.15525 -3.02004 190 190 190 255 
-0.432374 -2.20823 -2.95669 190 190 190 255 
-0.422972 -2.37018 -2.85447 190 190 190 255 
-0.432374 -2.41586 -2.78968 190 190 190 255 
-0.422972 -2.57243 -2.67365 190 190 190 255 
-0.432374 -2.56005 -2.66077 190 190 190 255 
-0.432374 -2.61091 -2.60812 190 190 190 255 
-0.422972 -2.76092 -2.47853 190 190 190 255 
-0.432374 -2.79232 -2.41297 190 190 190 255 
-0.432374 -2.92052 -2.25922 190 190 190 255 
-0.432374 -2.95922 -2.20523 190 190 190 255 
-0.422972 -3.0927 -2.04964 190 190 190 255 
-0.432374 -3.0778 -2.03977 190 190 190 255 
-0.422972 -3.23421 -1.81817 190 190 190 255 
-0.432374 -3.21862 -1.80942 190 190 190 255 
-0.432374 -3.44797 -1.32096 190 190 190 255 
-0.432374 -3.36429 -1.51761 190 190 190 255 
-0.432374 -3.34224 -1.56938 190 190 190 255 
-0.432374 -3.24594 -1.75638 190 190 190 255 
-0.432374 -3.60368 -0.804301 190 190 190 255 
-0.432374 -3.54782 -1.0176 190 190 190 255 
-0.422972 -3.55241 -1.07064 190 190 190 255 
-0.422972 -3.46466 -1.32736 190 190 190 255 
-0.432374 -3.68245 -0.270457 190 190 190 255 
-0.432374 -3.65751 -0.496347 190 190 190 255 
-0.422972 -3.67051 -0.541427 190 190 190 255 
-0.432374 -3.65283 -0.53882 190 190 190 255 
-0.422972 -3.62114 -0.808193 190 190 190 255 
-0.422972 -3.71023 -0.000653049 190 190 190 255 
-0.422972 -3.70027 -0.271766 190 190 190 255 
-0.432374 -3.60397 0.803031 190 190 190 255 
-0.432374 -3.64771 0.566238 190 190 190 255 
-0.432374 -3.65301 0.537533 190 190 190 255 
-0.432374 -3.67898 0.301542 190 190 190 255 
-0.432374 -3.52904 1.08567 190 190 190 255 
-0.422972 -3.55279 1.06939 190 190 190 255 
-0.422972 -3.62143 0.806918 190 190 190 255 
-0.357392 -3.61774 1.08894 190 190 190 255 
-0.299447 -3.64198 1.09624 190 190 190 255 
-0.268232 -3.63242 1.14626 190 190 190 255 
-0.268232 -3.71783 0.828399 190 190 190 255 
-0.268232 -3.79887 0.277664 190 190 190 255 
-0.299447 -3.80341 -0.000669175 190 190 190 255 
-0.268232 -3.80899 -0.000671197 190 190 190 255 
-0.268232 -3.79875 -0.279002 190 190 190 255 
-0.268232 -3.71753 -0.829708 190 190 190 255 
-0.268232 -3.64696 -1.09914 190 190 190 255 
-0.299447 -3.55168 -1.36069 190 190 190 255 
-0.268232 -3.44782 -1.61896 190 190 190 255 
-0.299447 -3.17035 -2.10111 190 190 190 255 
-0.299447 -3.00835 -2.32716 190 190 190 255 
-0.268232 -3.01277 -2.33059 190 190 190 255 
-0.299447 -2.83027 -2.54076 190 190 190 255 
-0.268232 -2.83443 -2.54451 190 190 190 255 
-0.268232 -2.64091 -2.74482 190 190 190 255 
-0.268232 -2.43327 -2.93046 190 190 190 255 
-0.299447 -2.4297 -2.92615 190 190 190 255 
-0.299447 -2.20938 -3.09588 190 190 190 255 
-0.268232 -2.21263 -3.10043 190 190 190 255 
-0.299447 -1.48258 -3.50254 190 190 190 255 
-0.299447 -0.956236 -3.68123 190 190 190 255 
-0.299447 -0.684686 -3.74126 190 190 190 255 
-0.268232 -0.685693 -3.74677 190 190 190 255 
-0.299447 -0.409457 -3.78129 190 190 190 255 
-0.299447 -0.13206 -3.8011 190 190 190 255 
-0.268232 -0.132265 -3.8067 190 190 190 255 
-0.268232 0.146263 -3.80619 190 190 190 255 
-0.299447 0.423379 -3.77976 190 190 190 255 
-0.299447 0.69843 -3.73872 190 190 190 255 
-0.299447 0.969758 -3.67769 190 190 190 255 
-0.299447 1.23591 -3.59699 190 190 190 255 
-0.299447 1.747 -3.37844 190 190 190 255 
-0.268232 1.49765 -3.50221 190 190 190 255 
-0.299447 2.22076 -3.08773 190 190 190 255 
-0.268232 2.22402 -3.09228 190 190 190 255 
-0.268232 2.44403 -2.9215 190 190 190 255 
-0.299447 2.44044 -2.9172 190 190 190 255 
-0.268232 2.65099 -2.73509 190 190 190 255 
-0.268232 2.84377 -2.53407 190 190 190 255 
-0.299447 3.01688 -2.31608 190 190 190 255 
-0.268232 3.18273 -2.09252 190 190 190 255 
-0.268232 3.45374 -1.60627 190 190 190 255 
-0.299447 3.71508 -0.814834 190 190 190 255 
-0.268232 3.72057 -0.816035 190 190 190 255 
-0.299447 3.80336 0.0133145 190 190 190 255 
-0.299447 3.79223 0.2912 190 190 190 255 
-0.299447 3.76082 0.567529 190 190 190 255 
-0.268232 3.71475 0.842062 190 190 190 255 
-0.268232 3.44242 1.63041 190 190 190 255 
-0.268232 3.31407 1.8776 190 190 190 255 
-0.268232 3.16802 2.11475 190 190 190 255 
-0.268232 3.005 2.34059 190 190 190 255 
-0.299447 2.82178 2.55016 190 190 190 255 
-0.268232 2.82595 2.55392 190 190 190 255 
-0.299447 2.41995 2.93421 190 190 190 255 
-0.299447 2.19909 3.1032 190 190 190 255 
-0.268232 1.96933 3.26039 190 190 190 255 
-0.299447 1.72329 3.39059 190 190 190 255 
-0.268232 1.21247 3.61087 190 190 190 255 
-0.299447 0.943992 3.68439 190 190 190 255 
-0.268232 0.945382 3.68981 190 190 190 255 
-0.299447 -0.158666 3.80008 190 190 190 255 
-0.299447 -0.435925 3.77833 190 190 190 255 
-0.268232 -0.158909 3.80568 190 190 190 255 
-0.268232 -0.436587 3.7839 190 190 190 255 
-0.268232 -0.983427 3.67985 190 190 190 255 
-0.299447 -1.24786 3.59286 190 190 190 255 
-0.268232 -1.50928 3.49722 190 190 190 255 
-0.299447 -1.7582 3.37261 190 190 190 255 
-0.268232 -1.7608 3.37758 190 190 190 255 
-0.299447 -1.99995 3.23512 190 190 190 255 
-0.268232 -2.00289 3.23988 190 190 190 255 
-0.281656 -2.04485 3.21147 190 190 190 255 
-0.315746 -2.04011 3.20402 190 190 190 255 
-0.299258 -2.0424 3.20763 190 190 190 255 
-0.329412 -2.01972 3.21035 190 190 190 255 
-0.299447 -1.50707 3.49207 190 190 190 255 
-0.299447 -0.981981 3.67444 190 190 190 255 
-0.299447 -0.710844 3.73637 190 190 190 255 
-0.32941 -0.708905 3.72617 190 190 190 255 
-0.32941 -0.158228 3.7897 190 190 190 255 
-0.299447 0.119432 3.80152 190 190 190 255 
-0.299447 0.396908 3.78263 190 190 190 255 
-0.32941 0.395827 3.7723 190 190 190 255 
-0.32941 0.670394 3.73329 190 190 190 255 
-0.299447 0.672245 3.74352 190 190 190 255 
-0.32941 0.941403 3.67432 190 190 190 255 
-0.299447 1.2107 3.60556 190 190 190 255 
-0.32941 1.20738 3.59571 190 190 190 255 
-0.299447 1.47094 3.50745 190 190 190 255 
-0.299447 1.96645 3.2556 190 190 190 255 
-0.299447 2.62791 2.74954 190 190 190 255 
-0.32941 2.41336 2.9262 190 190 190 255 
-0.32941 2.62071 2.74203 190 190 190 255 
-0.299447 3.00058 2.33715 190 190 190 255 
-0.299447 3.16335 2.11164 190 190 190 255 
-0.299447 3.30921 1.87484 190 190 190 255 
-0.32941 3.15472 2.10587 190 190 190 255 
-0.32941 3.42795 1.62357 190 190 190 255 
-0.299447 3.43734 1.62802 190 190 190 255 
-0.32941 3.53743 1.36874 190 190 190 255 
-0.299447 3.54712 1.37249 190 190 190 255 
-0.299447 3.63794 1.10962 190 190 190 255 
-0.299447 3.70929 0.840824 190 190 190 255 
-0.32941 3.69917 0.838526 190 190 190 255 
-0.32941 3.78187 0.290405 190 190 190 255 
-0.32941 3.79297 0.0132781 190 190 190 255 
-0.299447 3.79419 -0.264644 190 190 190 255 
-0.32941 3.78381 -0.26392 190 190 190 255 
-0.299447 3.76471 -0.541186 190 190 190 255 
-0.32941 3.70493 -0.812608 190 190 190 255 
-0.299447 3.64561 -1.08413 190 190 190 255 
-0.32941 3.63564 -1.08116 190 190 190 255 
-0.299447 3.55665 -1.34762 190 190 190 255 
-0.299447 3.44867 -1.60391 190 190 190 255 
-0.32941 3.43926 -1.59953 190 190 190 255 
-0.299447 3.32225 -1.85163 190 190 190 255 
-0.32941 3.31318 -1.84657 190 190 190 255 
-0.299447 3.17806 -2.08944 190 190 190 255 
-0.32941 3.00865 -2.30976 190 190 190 255 
-0.299447 2.83958 -2.53034 190 190 190 255 
-0.32941 2.83183 -2.52343 190 190 190 255 
-0.299447 2.64709 -2.73107 190 190 190 255 
-0.32941 2.63987 -2.72361 190 190 190 255 
-0.299447 1.98919 -3.24175 190 190 190 255 
-0.299447 1.49544 -3.49707 190 190 190 255 
-0.32941 0.967123 -3.66764 190 190 190 255 
-0.32941 0.69652 -3.72851 190 190 190 255 
-0.32941 0.422221 -3.76944 190 190 190 255 
-0.32941 0.145641 -3.79021 190 190 190 255 
-0.299447 0.14605 -3.80059 190 190 190 255 
-0.32941 -0.953618 -3.67117 190 190 190 255 
-0.299447 -1.22266 -3.60151 190 190 190 255 
-0.32941 -1.47853 -3.49297 190 190 190 255 
-0.32941 -1.72981 -3.3756 190 190 190 255 
-0.299447 -1.73456 -3.38484 190 190 190 255 
-0.299447 -1.97726 -3.24904 190 190 190 255 
-0.32941 -2.20335 -3.08742 190 190 190 255 
-0.32941 -2.42307 -2.91816 190 190 190 255 
-0.299447 -2.63703 -2.74079 190 190 190 255 
-0.299447 -3.3154 -1.86383 190 190 190 255 
-0.32941 -3.16169 -2.09537 190 190 190 255 
-0.32941 -3.30636 -1.85874 190 190 190 255 
-0.32941 -3.43334 -1.61216 190 190 190 255 
-0.299447 -3.44274 -1.61658 190 190 190 255 
-0.32941 -3.54197 -1.35697 190 190 190 255 
-0.299447 -3.64159 -1.09752 190 190 190 255 
-0.32941 -3.63165 -1.09453 190 190 190 255 
-0.299447 -3.71207 -0.828488 190 190 190 255 
-0.32941 -3.70192 -0.826225 190 190 190 255 
-0.299447 -3.76267 -0.555024 190 190 190 255 
-0.299447 -3.79318 -0.278591 190 190 190 255 
-0.299447 -3.79328 0.277256 190 190 190 255 
-0.299447 -3.76288 0.553698 190 190 190 255 
-0.32941 -3.7526 0.552186 190 190 190 255 
-0.299447 -3.71237 0.827181 190 190 190 255 
-0.32941 -3.63205 1.09325 190 190 190 255 
-0.357392 -3.68765 0.821675 190 190 190 255 
-0.32941 -3.70222 0.824921 190 190 190 255 
-0.357392 -3.73782 0.550013 190 190 190 255 
-0.357392 -3.76804 0.275411 190 190 190 255 
-0.32941 -3.7829 0.276498 190 190 190 255 
-0.32941 -3.79302 -0.000667176 190 190 190 255 
-0.357392 -3.77807 -0.000665988 190 190 190 255 
-0.32941 -3.78281 -0.277831 190 190 190 255 
-0.32941 -3.75241 -0.553507 190 190 190 255 
-0.357392 -3.68736 -0.822974 190 190 190 255 
-0.357392 -3.61736 -1.09022 190 190 190 255 
-0.357392 -3.52802 -1.35163 190 190 190 255 
-0.357392 -3.29335 -1.85142 190 190 190 255 
-0.357392 -3.14926 -2.08713 190 190 190 255 
-0.32941 -3.00014 -2.3208 190 190 190 255 
-0.357392 -2.81141 -2.52386 190 190 190 255 
-0.32941 -2.82253 -2.53382 190 190 190 255 
-0.357392 -2.61947 -2.72255 190 190 190 255 
-0.32941 -2.62983 -2.7333 190 190 190 255 
-0.357392 -2.41352 -2.90668 190 190 190 255 
-0.32941 -1.97184 -3.24017 190 190 190 255 
-0.357392 -1.72302 -3.36231 190 190 190 255 
-0.32941 -1.21934 -3.59167 190 190 190 255 
-0.357392 -0.949873 -3.65673 190 190 190 255 
-0.32941 -0.682805 -3.73104 190 190 190 255 
-0.357392 -0.131175 -3.77581 190 190 190 255 
-0.32941 -0.408347 -3.77096 190 190 190 255 
-0.32941 -0.131692 -3.79072 190 190 190 255 
-0.357392 0.420555 -3.7546 190 190 190 255 
-0.357392 0.963317 -3.65321 190 190 190 255 
-0.32941 1.23252 -3.58717 190 190 190 255 
-0.357392 1.22768 -3.57305 190 190 190 255 
-0.32941 1.49135 -3.48751 190 190 190 255 
-0.32941 1.74221 -3.36921 190 190 190 255 
-0.32941 1.98374 -3.2329 190 190 190 255 
-0.357392 2.20597 -3.06718 190 190 190 255 
-0.32941 2.21467 -3.0793 190 190 190 255 
-0.32941 2.43378 -2.90923 190 190 190 255 
-0.357392 2.82068 -2.5135 190 190 190 255 
-0.357392 3.15692 -2.07554 190 190 190 255 
-0.32941 3.16938 -2.08373 190 190 190 255 
-0.32941 3.54693 -1.34394 190 190 190 255 
-0.357392 3.53297 -1.33865 190 190 190 255 
-0.357392 3.73965 -0.537584 190 190 190 255 
-0.32941 3.75443 -0.539708 190 190 190 255 
-0.357392 3.77805 0.0132258 190 190 190 255 
-0.357392 3.767 0.289261 190 190 190 255 
-0.357392 3.73579 0.563751 190 190 190 255 
-0.32941 3.75054 0.565979 190 190 190 255 
-0.357392 3.61373 1.10224 190 190 190 255 
-0.32941 3.62799 1.10659 190 190 190 255 
-0.357392 3.41448 1.61718 190 190 190 255 
-0.357392 3.28718 1.86236 190 190 190 255 
-0.32941 3.30016 1.86972 190 190 190 255 
-0.357392 3.14229 2.09759 190 190 190 255 
-0.357392 2.98063 2.32159 190 190 190 255 
-0.32941 2.9924 2.33076 190 190 190 255 
-0.32941 2.81407 2.5432 190 190 190 255 
-0.357392 2.61041 2.73124 190 190 190 255 
-0.32941 2.19309 3.09473 190 190 190 255 
-0.357392 1.95334 3.23393 190 190 190 255 
-0.32941 1.96106 3.24671 190 190 190 255 
-0.357392 1.71183 3.36802 190 190 190 255 
-0.32941 1.71859 3.38133 190 190 190 255 
-0.32941 1.46691 3.49787 190 190 190 255 
-0.357392 0.937717 3.65986 190 190 190 255 
-0.357392 0.118637 3.77622 190 190 190 255 
-0.357392 -0.15761 3.77479 190 190 190 255 
-0.32941 0.119095 3.79114 190 190 190 255 
-0.32941 -0.434737 3.76801 190 190 190 255 
-0.357392 -0.43304 3.75318 190 190 190 255 
-0.32941 -0.979316 3.66441 190 190 190 255 
-0.32941 -1.24446 3.58305 190 190 190 255 
-0.357392 -1.49704 3.46883 190 190 190 255 
-0.32941 -1.50295 3.48254 190 190 190 255 
-0.32941 -1.7534 3.3634 190 190 190 255 
-0.38271 -3.74898 0.274018 190 190 190 255 
-0.357392 -3.76792 -0.276738 190 190 190 255 
-0.38271 -3.71875 -0.548542 190 190 190 255 
-0.357392 -3.73764 -0.551329 190 190 190 255 
-0.38271 -3.66873 -0.818814 190 190 190 255 
-0.38271 -3.59908 -1.08471 190 190 190 255 
-0.38271 -3.5102 -1.3448 190 190 190 255 
-0.357392 -3.41982 -1.60582 190 190 190 255 
-0.38271 -3.27671 -1.84207 190 190 190 255 
-0.38271 -2.97322 -2.29999 190 190 190 255 
-0.357392 -2.98831 -2.31167 190 190 190 255 
-0.38271 -2.60624 -2.70878 190 190 190 255 
-0.38271 -2.40134 -2.89199 190 190 190 255 
-0.357392 -2.19469 -3.07527 190 190 190 255 
-0.357392 -1.9641 -3.22742 190 190 190 255 
-0.38271 -1.71431 -3.34532 190 190 190 255 
-0.357392 -1.4727 -3.47923 190 190 190 255 
-0.38271 -1.46527 -3.46164 190 190 190 255 
-0.357392 -1.21453 -3.57754 190 190 190 255 
-0.38271 -0.676686 -3.69758 190 190 190 255 
-0.357392 -0.680123 -3.71636 190 190 190 255 
-0.357392 -0.40676 -3.75612 190 190 190 255 
-0.357392 0.145084 -3.7753 190 190 190 255 
-0.38271 0.418421 -3.73563 190 190 190 255 
-0.38271 0.690283 -3.69506 190 190 190 255 
-0.357392 0.693771 -3.71383 190 190 190 255 
-0.38271 0.95844 -3.63474 190 190 190 255 
-0.38271 1.22147 -3.55499 190 190 190 255 
-0.38271 1.47798 -3.45623 190 190 190 255 
-0.38271 1.72658 -3.33899 190 190 190 255 
-0.357392 1.48551 -3.47379 190 190 190 255 
-0.357392 1.73535 -3.35595 190 190 190 255 
-0.357392 1.97594 -3.22018 190 190 190 255 
-0.38271 2.41194 -2.88314 190 190 190 255 
-0.357392 2.42421 -2.89779 190 190 190 255 
-0.357392 2.62948 -2.7129 190 190 190 255 
-0.38271 2.80643 -2.5008 190 190 190 255 
-0.357392 2.9968 -2.30067 190 190 190 255 
-0.38271 2.98166 -2.28904 190 190 190 255 
-0.38271 3.28346 -1.83001 190 190 190 255 
-0.357392 3.30013 -1.8393 190 190 190 255 
-0.357392 3.42571 -1.59324 190 190 190 255 
-0.38271 3.51513 -1.33189 190 190 190 255 
-0.38271 3.60306 -1.07147 190 190 190 255 
-0.357392 3.62136 -1.07691 190 190 190 255 
-0.38271 3.67171 -0.805321 190 190 190 255 
-0.357392 3.69036 -0.809411 190 190 190 255 
-0.38271 3.72075 -0.534867 190 190 190 255 
-0.38271 3.74988 -0.261554 190 190 190 255 
-0.357392 3.76891 -0.262881 190 190 190 255 
-0.38271 3.75897 0.0131578 190 190 190 255 
-0.38271 3.74795 0.2878 190 190 190 255 
-0.38271 3.7169 0.560902 190 190 190 255 
-0.357392 3.68461 0.835227 190 190 190 255 
-0.357392 3.52351 1.36335 190 190 190 255 
-0.38271 3.39722 1.60901 190 190 190 255 
-0.38271 3.12642 2.08698 190 190 190 255 
-0.38271 2.96557 2.30986 190 190 190 255 
-0.38271 2.78885 2.52038 190 190 190 255 
-0.357392 2.80301 2.53319 190 190 190 255 
-0.38271 2.39171 2.89995 190 190 190 255 
-0.357392 2.40386 2.91469 190 190 190 255 
-0.38271 2.17339 3.06697 190 190 190 255 
-0.357392 2.18445 3.08255 190 190 190 255 
-0.38271 1.94347 3.21759 190 190 190 255 
-0.38271 1.70318 3.351 190 190 190 255 
-0.38271 1.45374 3.4665 190 190 190 255 
-0.357392 1.46114 3.4841 190 190 190 255 
-0.357392 1.20263 3.58156 190 190 190 255 
-0.38271 1.19655 3.56346 190 190 190 255 
-0.38271 0.932983 3.64137 190 190 190 255 
-0.38271 0.664393 3.69981 190 190 190 255 
-0.357392 0.66777 3.7186 190 190 190 255 
-0.38271 0.392255 3.73846 190 190 190 255 
-0.357392 0.39427 3.75745 190 190 190 255 
-0.38271 -0.156824 3.75571 190 190 190 255 
-0.38271 -0.430846 3.73421 190 190 190 255 
-0.38271 -0.702547 3.69275 190 190 190 255 
-0.357392 -0.706125 3.71151 190 190 190 255 
-0.38271 -0.970512 3.63154 190 190 190 255 
-0.357392 -0.975449 3.64999 190 190 190 255 
-0.357392 -1.23956 3.56895 190 190 190 255 
-0.38271 -1.48946 3.4513 190 190 190 255 
-0.357392 -1.74652 3.35017 190 190 190 255 
-0.376333 -1.97292 3.20597 190 190 190 255 
-0.38271 -3.59947 1.08344 190 190 190 255 
-0.38271 -3.66901 0.817522 190 190 190 255 
-0.38271 -3.71893 0.547233 190 190 190 255 
-0.404749 -3.7362 -0.000657103 190 190 190 255 
-0.38271 -3.759 -0.000661249 190 190 190 255 
-0.38271 -3.7489 -0.275338 190 190 190 255 
-0.404749 -3.6962 -0.545215 190 190 190 255 
-0.404749 -3.64647 -0.813846 190 190 190 255 
-0.404749 -3.57724 -1.07813 190 190 190 255 
-0.38271 -3.40256 -1.5977 190 190 190 255 
-0.38271 -3.13333 -2.07658 190 190 190 255 
-0.404749 -3.11432 -2.06398 190 190 190 255 
-0.404749 -2.78024 -2.49587 190 190 190 255 
-0.38271 -2.79722 -2.5111 190 190 190 255 
-0.404749 -2.38675 -2.87444 190 190 190 255 
-0.38271 -2.1836 -3.05973 190 190 190 255 
-0.404749 -2.17033 -3.04117 190 190 190 255 
-0.404749 -1.94231 -3.19163 190 190 190 255 
-0.38271 -1.95417 -3.21111 190 190 190 255 
-0.404749 -1.45637 -3.44064 190 190 190 255 
-0.38271 -1.20839 -3.55946 190 190 190 255 
-0.404749 -1.20108 -3.53787 190 190 190 255 
-0.404749 -0.939352 -3.61617 190 190 190 255 
-0.38271 -0.94508 -3.63824 190 190 190 255 
-0.38271 -0.404686 -3.73714 190 190 190 255 
-0.38271 -0.130529 -3.75672 190 190 190 255 
-0.404749 0.143468 -3.73343 190 190 190 255 
-0.38271 0.144328 -3.75621 190 190 190 255 
-0.404749 0.415883 -3.71296 190 190 190 255 
-0.404749 0.686091 -3.67265 190 190 190 255 
-0.404749 0.952617 -3.61269 190 190 190 255 
-0.38271 1.96596 -3.2039 190 190 190 255 
-0.404749 1.95403 -3.18446 190 190 190 255 
-0.38271 2.19482 -3.05168 190 190 190 255 
-0.404749 2.1815 -3.03316 190 190 190 255 
-0.404749 2.39731 -2.86565 190 190 190 255 
-0.38271 2.61618 -2.69918 190 190 190 255 
-0.38271 3.14094 -2.06504 190 190 190 255 
-0.404749 3.1219 -2.05252 190 190 190 255 
-0.404749 3.26354 -1.81891 190 190 190 255 
-0.38271 3.40841 -1.58519 190 190 190 255 
-0.404749 3.4938 -1.32381 190 190 190 255 
-0.404749 3.64944 -0.800435 190 190 190 255 
-0.404749 3.73617 0.0130781 190 190 190 255 
-0.404749 3.69434 0.5575 190 190 190 255 
-0.38271 3.66597 0.831006 190 190 190 255 
-0.404749 3.57364 1.09001 190 190 190 255 
-0.38271 3.59544 1.09667 190 190 190 255 
-0.38271 3.50571 1.35646 190 190 190 255 
-0.38271 3.27057 1.85295 190 190 190 255 
-0.404749 2.94755 2.29585 190 190 190 255 
-0.404749 2.77193 2.50509 190 190 190 255 
-0.38271 2.59721 2.71743 190 190 190 255 
-0.404749 2.16021 3.04836 190 190 190 255 
-0.404749 1.18929 3.54184 190 190 190 255 
-0.404749 0.389897 3.71578 190 190 190 255 
-0.38271 0.11805 3.75713 190 190 190 255 
-0.404749 -0.155875 3.73293 190 190 190 255 
-0.404749 -0.428219 3.71156 190 190 190 255 
-0.404749 -1.2258 3.52937 190 190 190 255 
-0.38271 -1.23329 3.55091 190 190 190 255 
-0.404749 -1.72713 3.31301 190 190 190 255 
-0.390386 -1.96663 3.19512 190 190 190 255 
-0.38271 -1.73768 3.33323 190 190 190 255 
-0.404749 -3.57764 1.07687 190 190 190 255 
-0.404749 -3.64677 0.812563 190 190 190 255 
-0.422972 -3.67069 0.540134 190 190 190 255 
-0.404749 -3.69637 0.543913 190 190 190 255 
-0.404749 -3.72624 0.272356 190 190 190 255 
-0.422972 -3.70035 0.270463 190 190 190 255 
-0.404749 -3.72616 -0.273667 190 190 190 255 
-0.422972 -3.3584 -1.57698 190 190 190 255 
-0.404749 -3.48891 -1.33664 190 190 190 255 
-0.404749 -3.3819 -1.58801 190 190 190 255 
-0.404749 -3.25681 -1.83089 190 190 190 255 
-0.422972 -2.93465 -2.27015 190 190 190 255 
-0.404749 -2.95518 -2.28603 190 190 190 255 
-0.404749 -2.59043 -2.69235 190 190 190 255 
-0.422972 -1.92881 -3.16946 190 190 190 255 
-0.404749 -1.7039 -3.32502 190 190 190 255 
-0.422972 -1.69206 -3.30193 190 190 190 255 
-0.404749 -0.672581 -3.67515 190 190 190 255 
-0.404749 -0.402239 -3.71447 190 190 190 255 
-0.404749 -0.129747 -3.73393 190 190 190 255 
-0.422972 0.681316 -3.64713 190 190 190 255 
-0.422972 1.20564 -3.50888 190 190 190 255 
-0.404749 1.21407 -3.53343 190 190 190 255 
-0.404749 1.46903 -3.43527 190 190 190 255 
-0.404749 1.71612 -3.31874 190 190 190 255 
-0.422972 2.16634 -3.01209 190 190 190 255 
-0.422972 2.58224 -2.66417 190 190 190 255 
-0.404749 2.6003 -2.68281 190 190 190 255 
-0.422972 2.77003 -2.46836 190 190 190 255 
-0.404749 2.78941 -2.48563 190 190 190 255 
-0.422972 2.94299 -2.25935 190 190 190 255 
-0.404749 2.96356 -2.27515 190 190 190 255 
-0.404749 3.38773 -1.57557 190 190 190 255 
-0.404749 3.5812 -1.06497 190 190 190 255 
-0.422972 3.6241 -0.794875 190 190 190 255 
-0.404749 3.69818 -0.531623 190 190 190 255 
-0.422972 3.67247 -0.527929 190 190 190 255 
-0.404749 3.72714 -0.259967 190 190 190 255 
-0.422972 3.7102 0.012988 190 190 190 255 
-0.404749 3.7252 0.286055 190 190 190 255 
-0.422972 3.61843 0.820227 190 190 190 255 
-0.404749 3.64374 0.825965 190 190 190 255 
-0.422972 3.54883 1.08244 190 190 190 255 
-0.422972 3.46023 1.33887 190 190 190 255 
-0.404749 3.48445 1.34823 190 190 190 255 
-0.404749 3.37662 1.59925 190 190 190 255 
-0.404749 3.25073 1.84171 190 190 190 255 
-0.422972 3.08587 2.05991 190 190 190 255 
-0.404749 3.10746 2.07432 190 190 190 255 
-0.422972 2.92708 2.2799 190 190 190 255 
-0.422972 2.56351 2.68219 190 190 190 255 
-0.404749 2.58145 2.70095 190 190 190 255 
-0.404749 2.3772 2.88236 190 190 190 255 
-0.422972 2.14522 3.02719 190 190 190 255 
-0.404749 1.9317 3.19807 190 190 190 255 
-0.422972 1.68107 3.30753 190 190 190 255 
-0.404749 1.69283 3.33067 190 190 190 255 
-0.422972 1.4349 3.42153 190 190 190 255 
-0.404749 1.44493 3.44547 190 190 190 255 
-0.422972 1.18104 3.51724 190 190 190 255 
-0.404749 0.927313 3.61928 190 190 190 255 
-0.404749 0.660376 3.67736 190 190 190 255 
-0.404749 0.117328 3.73434 190 190 190 255 
-0.404749 -0.698294 3.67035 190 190 190 255 
-0.422972 -0.957921 3.58443 190 190 190 255 
-0.404749 -0.964628 3.60951 190 190 190 255 
-0.422972 -1.2173 3.50485 190 190 190 255 
-0.422972 -1.47015 3.40653 190 190 190 255 
-0.404749 -1.48042 3.43036 190 190 190 255 
-0.404984 -1.96447 3.17772 190 190 190 255 
-0.43815 -3.0195 1.27149 190 190 190 255 
-0.624662 -3.15208 1.34654 190 190 190 255 
-0.516397 -2.98773 1.25352 190 190 190 255 
-0.6858 -3.14747 1.34394 190 190 190 255 
-0.746938 -3.15208 1.34654 190 190 190 255 
-0.771808 -2.96829 1.24251 190 190 190 255 
-0.806255 -3.16576 1.35429 190 190 190 255 
-0.855203 -2.98773 1.25352 190 190 190 255 
-0.861985 -3.18813 1.36695 190 190 190 255 
-0.93345 -3.0195 1.27149 190 190 190 255 
-0.912468 -3.21847 1.38414 190 190 190 255 
-1.06522 -3.11571 1.32596 190 190 190 255 
-0.9562 -3.25594 1.40534 190 190 190 255 
-1.11474 -3.17726 1.3608 190 190 190 255 
-0.99188 -3.29938 1.42994 190 190 190 255 
-1.0351 -3.39893 1.48629 190 190 190 255 
-1.04136 -3.45205 1.51636 190 190 190 255 
-1.0414 -3.45692 1.51911 190 190 190 255 
-0.4154 -3.25594 1.40534 190 190 190 255 
-0.353156 -3.34755 1.45719 190 190 190 255 
-0.1905 -3.39279 1.4828 190 190 190 255 
-1.01408 -3.62225 1.6127 190 190 190 255 
-1.01774 -3.61248 1.60718 190 190 190 255 
-1.03192 -3.57463 1.58576 190 190 190 255 
-0.956003 -3.70415 1.65907 190 190 190 255 
-0.987776 -3.66679 1.63792 190 190 190 255 
-1.03427 -3.56119 1.57813 190 190 190 255 
-1.15123 -3.54021 1.56626 190 190 190 255 
-1.04121 -3.50816 1.54812 190 190 190 255 
-1.0414 -3.50329 1.54537 190 190 190 255 
-1.17358 -3.46761 1.52517 190 190 190 255 
-0.516397 -3.79781 1.71209 190 190 190 255 
-0.534383 -3.78329 1.70387 190 190 190 255 
-0.701952 -3.81247 1.72038 190 190 190 255 
-0.855203 -3.79781 1.71209 190 190 190 255 
-0.865593 -3.77037 1.69655 190 190 190 255 
-0.93345 -3.76605 1.69411 190 190 190 255 
-0.912397 -3.74179 1.68038 190 190 190 255 
-1.00417 -3.72295 1.66972 190 190 190 255 
-0.953729 -3.70681 1.66058 190 190 190 255 
-0.330244 -3.45205 1.51636 190 190 190 255 
-0.198025 -3.46761 1.52517 190 190 190 255 
-0.3302 -3.50329 1.54537 190 190 190 255 
-0.337086 -3.56116 1.57812 190 190 190 255 
-0.348592 -3.60153 1.60097 190 190 190 255 
-0.353923 -3.6124 1.60713 190 190 190 255 
-0.371201 -3.64766 1.62709 190 190 190 255 
-0.746849 -3.80755 1.71759 190 190 190 255 
-0.771808 -3.81725 1.7231 190 190 190 255 
-0.3805 -3.66039 1.6343 190 190 190 255 
-0.401874 -3.68969 1.65087 190 190 190 255 
-0.43815 -3.76605 1.69411 190 190 190 255 
-0.459827 -3.74101 1.67993 190 190 190 255 
-0.599792 -3.81725 1.7231 190 190 190 255 
-0.6858 -3.8238 1.7268 190 190 190 255 
-0.268178 -2.04546 3.21241 190 190 190 255 
-0.306846 -2.04637 3.21386 190 190 190 255 
-0.424437 -3.53922 1.11684 190 190 190 255 
-0.422972 -3.53825 1.11654 190 190 190 255 
-0.248064 -3.63339 1.14656 190 190 190 255 
-0.4064 -3.63339 1.14656 190 190 190 255 
-0.404749 -3.563 1.12435 190 190 190 255 
-0.38271 -3.58475 1.13121 190 190 190 255 
-0.357392 -3.60295 1.13695 190 190 190 255 
-0.32941 -3.61719 1.14145 190 190 190 255 
-0.299447 -3.62708 1.14457 190 190 190 255 
-0.4064 -3.49446 1.4528 190 190 190 255 
-0.402462 -3.52928 1.49948 190 190 190 255 
-0.399062 -3.4784 1.4812 190 190 190 255 
-0.397958 -3.52385 1.50909 190 190 190 255 
-0.392381 -3.47278 1.49113 190 190 190 255 
-0.3302 -3.45692 1.51911 190 190 190 255 
-0.342073 -3.50391 1.54431 190 190 190 255 
-0.34973 -3.50457 1.54315 190 190 190 255 
-0.364696 -3.50746 1.53799 190 190 190 255 
-0.384058 -3.46794 1.49968 190 190 190 255 
-0.0381 -3.59726 1.09143 190 190 190 255 
-0.0381 -3.62519 0.990521 190 190 190 255 
-0.0381 -3.71937 0.545637 190 190 190 255 
-0.0889001 -3.75851 0.624268 190 190 190 255 
-0.0381 -3.68776 0.72947 190 190 190 255 
-0.0889001 -3.67526 1.00421 190 190 190 255 
-0.0889001 -3.77176 -0.538465 190 190 190 255 
-0.0381 -3.73946 -0.385133 190 190 190 255 
-0.0381 -3.75392 -0.198995 190 190 190 255 
-0.0889001 -3.80592 -0.0568581 190 190 190 255 
-0.0381 -3.75919 -0.0122001 190 190 190 255 
-0.0381 -3.75088 0.234576 190 190 190 255 
-0.0381 -3.59005 -1.11509 190 190 190 255 
-0.0381 -3.64733 -0.907806 190 190 190 255 
-0.0381 -3.6829 -0.753515 190 190 190 255 
-0.0381 -3.46182 -1.46542 190 190 190 255 
-0.0381 -3.38776 -1.62897 190 190 190 255 
-0.0381 -3.20621 -1.96262 190 190 190 255 
-0.0889001 -3.24745 -1.99252 190 190 190 255 
-0.0889001 -3.06737 -2.25495 190 190 190 255 
-0.0381 -2.99575 -2.27096 190 190 190 255 
-0.0381 -2.98679 -2.2822 190 190 190 255 
-0.0381 -2.87954 -2.41659 190 190 190 255 
-0.0889001 -2.77577 -2.60983 190 190 190 255 
-0.0381 -2.73837 -2.57466 190 190 190 255 
-0.0889001 -2.18867 -3.11863 190 190 190 255 
-0.0381 -2.34624 -2.93712 190 190 190 255 
-0.0889001 -2.49522 -2.87923 190 190 190 255 
-0.0889001 -2.54053 -2.83572 190 190 190 255 
-0.0381 -2.62557 -2.69038 190 190 190 255 
-0.0889001 -1.85929 -3.32552 190 190 190 255 
-0.0381 -1.72056 -3.34233 190 190 190 255 
-0.0381 -1.88452 -3.25273 190 190 190 255 
-0.0889001 -0.811448 -3.72058 190 190 190 255 
-0.0381 -0.846745 -3.66263 190 190 190 255 
-0.0889001 -1.14607 -3.63354 190 190 190 255 
-0.0889001 -1.19024 -3.61709 190 190 190 255 
-0.0889001 -1.51056 -3.49776 190 190 190 255 
-0.0381 -1.49 -3.45016 190 190 190 255 
-0.0381 -0.479585 -3.72848 190 190 190 255 
-0.0381 0.265411 -3.74983 190 190 190 255 
-0.0381 0.0786772 -3.75838 190 190 190 255 
-0.0381 0.00321759 -3.75809 190 190 190 255 
-0.0889001 -0.032011 -3.80823 190 190 190 255 
-0.0889001 -0.385201 -3.79048 190 190 190 255 
-0.0381 -0.107779 -3.75768 190 190 190 255 
-0.0381 0.999931 -3.6238 190 190 190 255 
-0.0889001 0.776057 -3.73013 190 190 190 255 
-0.0889001 0.748887 -3.73435 190 190 190 255 
-0.0381 0.451108 -3.73207 190 190 190 255 
-0.0381 1.69503 -3.3554 190 190 190 255 
-0.0889001 1.51655 -3.49516 190 190 190 255 
-0.0381 1.52648 -3.43534 190 190 190 255 
-0.0381 1.49609 -3.44795 190 190 190 255 
-0.0889001 1.49816 -3.50205 190 190 190 255 
-0.0381 1.35382 -3.50696 190 190 190 255 
-0.0889001 1.15229 -3.63157 190 190 190 255 
-0.0381 1.13671 -3.58238 190 190 190 255 
-0.0889001 2.18406 -3.12115 190 190 190 255 
-0.0381 2.16462 -3.07314 190 190 190 255 
-0.0381 2.01918 -3.17089 190 190 190 255 
-0.0889001 1.865 -3.32233 190 190 190 255 
-0.0381 1.85919 -3.26729 190 190 190 255 
-0.0381 2.60509 -2.71021 190 190 190 255 
-0.0889001 2.50014 -2.87495 190 190 190 255 
-0.0381 2.74303 -2.5702 190 190 190 255 
-0.0889001 2.78023 -2.60507 190 190 190 255 
-0.0381 2.46714 -2.83634 190 190 190 255 
-0.0381 2.46679 -2.83661 190 190 190 255 
-0.0889001 2.49398 -2.87979 190 190 190 255 
-0.0889001 2.194 -3.11487 190 190 190 255 
-0.0381 2.32348 -2.95521 190 190 190 255 
-0.0381 2.97827 -2.29379 190 190 190 255 
-0.0889001 3.03136 -2.30804 190 190 190 255 
-0.0381 3.08854 -2.14306 190 190 190 255 
-0.0381 3.3723 -1.66113 190 190 190 255 
-0.0381 3.28554 -1.8267 190 190 190 255 
-0.0889001 3.25087 -1.98695 190 190 190 255 
-0.0381 3.19095 -1.98737 190 190 190 255 
-0.0381 3.52022 -1.319 190 190 190 255 
-0.0381 3.45057 -1.49179 190 190 190 255 
-0.0889001 3.69877 -0.913866 190 190 190 255 
-0.0381 3.58138 -1.14252 190 190 190 255 
-0.0381 3.677 -0.78198 190 190 190 255 
-0.0889001 3.77443 -0.512445 190 190 190 255 
-0.0889001 3.77268 -0.531997 190 190 190 255 
-0.0889001 3.80725 -0.144583 190 190 190 255 
-0.0381 3.75537 -0.142615 190 190 190 255 
-0.0381 3.75233 -0.227606 190 190 190 255 
-0.0381 3.72351 0.516887 190 190 190 255 
-0.0889001 3.79899 0.271638 190 190 190 255 
-0.0381 3.75638 0.145316 190 190 190 255 
-0.0381 3.70622 0.622121 190 190 190 255 
-0.0889001 3.55138 1.37978 190 190 190 255 
-0.0381 3.60556 1.06378 190 190 190 255 
-0.0381 3.62355 0.996765 190 190 190 255 
-0.0381 3.40779 1.58702 190 190 190 255 
-0.0381 3.54843 1.2411 190 190 190 255 
-0.0381 3.23391 1.91664 190 190 190 255 
-0.0889001 3.37059 1.77207 190 190 190 255 
-0.0381 3.32496 1.75397 190 190 190 255 
-0.0889001 3.39219 1.73467 190 190 190 255 
-0.0381 3.34619 1.71116 190 190 190 255 
-0.0889001 2.9698 2.38671 190 190 190 255 
-0.0889001 3.19765 2.07148 190 190 190 255 
-0.0381 2.79216 2.51702 190 190 190 255 
-0.0381 2.92978 2.35455 190 190 190 255 
-0.0889001 2.37663 2.97461 190 190 190 255 
-0.0381 2.38795 2.90333 190 190 190 255 
-0.0381 2.66369 2.65263 190 190 190 255 
-0.0889001 2.05759 3.20342 190 190 190 255 
-0.0381 2.08339 3.12894 190 190 190 255 
-0.0381 1.43065 3.47635 190 190 190 255 
-0.0889001 1.7167 3.39816 190 190 190 255 
-0.0889001 1.35759 3.55676 190 190 190 255 
-0.0889001 1.42442 3.53372 190 190 190 255 
-0.0381 0.71695 3.69021 190 190 190 255 
-0.0889001 0.984069 3.67754 190 190 190 255 
-0.0381 0.898888 3.65018 190 190 190 255 
-0.0381 1.04243 3.61101 190 190 190 255 
-0.0889001 0.600104 3.7592 190 190 190 255 
-0.0889001 0.678005 3.74919 190 190 190 255 
-0.0381 0.668822 3.69833 190 190 190 255 
-0.0889001 0.209766 3.8009 190 190 190 255 
-0.0381 0.28826 3.74715 190 190 190 255 
-0.0889001 0.292202 3.79878 190 190 190 255 
-0.0381 0.347319 3.74314 190 190 190 255 
-0.0889001 -0.0966115 3.80877 190 190 190 255 
-0.0381 -0.766203 3.68028 190 190 190 255 
-0.0381 -0.582541 3.71381 190 190 190 255 
-0.0889001 -0.484441 3.77908 190 190 190 255 
-0.0889001 -0.957758 3.68388 190 190 190 255 
-0.0381 -1.12725 3.58624 190 190 190 255 
-0.0381 -0.948103 3.6377 190 190 190 255 
-0.0889001 -0.867211 3.71 190 190 190 255 
-0.0381 -1.47733 3.45676 190 190 190 255 
-0.0381 -1.30364 3.52593 190 190 190 255 
-0.0889001 -1.24094 3.60225 190 190 190 255 
-0.0381 -1.22401 3.55315 190 190 190 255 
-0.0889001 -1.94583 3.27564 190 190 190 255 
-0.0381 -1.81247 3.29345 190 190 190 255 
-0.0889001 -1.69207 3.40935 190 190 190 255 
-0.967933 -3.53086 1.49666 190 190 190 255 
-0.969138 -3.52928 1.49948 190 190 190 255 
-0.979219 -3.51914 1.51738 190 190 190 255 
-1.0349 -3.50345 1.54513 190 190 190 255 
-1.01794 -3.45889 1.51567 190 190 190 255 
-1.01794 -3.50526 1.54192 190 190 190 255 
-1.00943 -3.50677 1.53925 190 190 190 255 
-1.0069 -3.4611 1.51174 190 190 190 255 
-0.997945 -3.46363 1.50728 190 190 190 255 
-0.997945 -3.51 1.53353 190 190 190 255 
-0.99669 -3.51052 1.53262 190 190 190 255 
-0.987774 -3.46781 1.49991 190 190 190 255 
-0.987774 -3.51418 1.52617 190 190 190 255 
-0.987542 -3.46794 1.49968 190 190 190 255 
-0.979809 -3.51878 1.51799 190 190 190 255 
-0.965166 -3.49064 1.45064 190 190 190 255 
-0.947163 -3.40851 1.40415 190 190 190 255 
-0.960187 -3.53554 1.27175 190 190 190 255 
-0.960224 -3.53583 1.27191 190 190 190 255 
-0.960305 -3.53649 1.27228 190 190 190 255 
-0.947589 -3.49587 1.24928 190 190 190 255 
-0.898257 -3.33655 1.36341 190 190 190 255 
-0.926102 -3.45657 1.22704 190 190 190 255 
-0.926291 -3.37069 1.38274 190 190 190 255 
-0.899343 -3.42324 1.20817 190 190 190 255 
-0.897994 -3.42202 1.20748 190 190 190 255 
-0.863896 -3.30711 1.34675 190 190 190 255 
-0.863599 -3.39223 1.19062 190 190 190 255 
-0.832625 -3.37206 1.1792 190 190 190 255 
-0.825444 -3.36882 1.17736 190 190 190 255 
-0.780443 -3.26569 1.3233 190 190 190 255 
-0.823947 -3.36815 1.17698 190 190 190 255 
-0.792033 -3.35375 1.16883 190 190 190 255 
-0.78022 -3.35041 1.16695 190 190 190 255 
-0.74869 -3.34152 1.16191 190 190 190 255 
-0.733837 -3.25494 1.31721 190 190 190 255 
-0.734328 -3.33966 1.16086 190 190 190 255 
-0.6858 -3.25132 1.31516 190 190 190 255 
-0.733718 -3.33958 1.16081 190 190 190 255 
-0.703709 -3.33569 1.15861 190 190 190 255 
-0.685815 -3.33595 1.15877 190 190 190 255 
-0.658208 -3.33639 1.15901 190 190 190 255 
-0.620354 -3.34207 1.16222 190 190 190 255 
-0.590215 -3.35082 1.16718 190 190 190 255 
-0.577058 -3.35468 1.16936 190 190 190 255 
-0.591157 -3.26569 1.3233 190 190 190 255 
-0.472472 -3.42344 1.20829 190 190 190 255 
-0.473343 -3.33655 1.36341 190 190 190 255 
-0.507704 -3.30711 1.34675 190 190 190 255 
-0.424901 -3.49502 1.24881 190 190 190 255 
-0.4064 -3.58205 1.29807 190 190 190 255 
-0.406761 -3.57825 1.29593 190 190 190 255 
-0.410314 -3.5409 1.27479 190 190 190 255 
-0.411586 -3.53655 1.27231 190 190 190 255 
-0.967286 -3.56267 1.12424 190 190 190 255 
-0.948991 -3.53804 1.11647 190 190 190 255 
-0.9652 -3.63339 1.14656 190 190 190 255 
-1.08919 -3.63069 1.14571 190 190 190 255 
-1.04244 -3.61666 1.14128 190 190 190 255 
-0.869434 -3.39606 1.19278 190 190 190 255 
-0.591382 -2.02471 2.91323 190 190 190 255 
-0.481227 -2.00965 3.01047 190 190 190 255 
-0.406434 -3.62919 1.14524 190 190 190 255 
-0.411766 -3.53591 1.27197 190 190 190 255 
-0.406766 -3.5782 1.2959 190 190 190 255 
-0.422002 -3.50076 1.25206 190 190 190 255 
-0.411349 -3.58346 1.1308 190 190 190 255 
-0.424372 -3.4961 1.24941 190 190 190 255 
-0.432374 -3.53566 1.06424 190 190 190 255 
-0.445309 -3.62435 0.562639 190 190 190 255 
-0.432374 -3.59746 0.827998 190 190 190 255 
-0.432374 -3.6839 -0.231138 190 190 190 255 
-0.445309 -3.66761 0.0350931 190 190 190 255 
-0.432374 -3.69236 -0.000650185 190 190 190 255 
-0.432374 -3.69106 0.035287 190 190 190 255 
-0.432374 -3.68254 0.269161 190 190 190 255 
-0.445309 -3.63446 -0.493186 190 190 190 255 
-0.445309 -3.52564 -1.01119 190 190 190 255 
-0.432374 -3.4651 -1.27092 190 190 190 255 
-0.432374 -3.53527 -1.06548 190 190 190 255 
-0.445309 -3.5894 -0.754155 190 190 190 255 
-0.432374 -3.6121 -0.758954 190 190 190 255 
-0.445309 -3.22581 -1.74546 190 190 190 255 
-0.445309 -3.34338 -1.50814 190 190 190 255 
-0.432374 -3.11069 -1.98598 190 190 190 255 
-0.445309 -2.59491 -2.59211 190 190 190 255 
-0.445309 -2.77519 -2.39811 190 190 190 255 
-0.432374 -2.74763 -2.46659 190 190 190 255 
-0.445309 -2.94099 -2.1916 190 190 190 255 
-0.445309 -2.19477 -2.93862 190 190 190 255 
-0.432374 -2.35877 -2.84073 190 190 190 255 
-0.445309 -2.40112 -2.77259 190 190 190 255 
-0.445309 -1.977 -3.08933 190 190 190 255 
-0.432374 -1.75963 -3.24367 190 190 190 255 
-0.432374 -1.91953 -3.15419 190 190 190 255 
-0.432374 -1.9891 -3.10828 190 190 190 255 
-0.432374 -2.14487 -3.00549 190 190 190 255 
-0.445309 -1.51175 -3.34173 190 190 190 255 
-0.432374 -1.27437 -3.46309 190 190 190 255 
-0.432374 -1.4393 -3.40028 190 190 190 255 
-0.445309 -1.74895 -3.22394 190 190 190 255 
-0.432374 -1.52097 -3.36214 190 190 190 255 
-0.432374 -0.928315 -3.57376 190 190 190 255 
-0.445309 -1.26667 -3.44211 190 190 190 255 
-0.432374 -1.18698 -3.49637 190 190 190 255 
-0.445309 -0.758032 -3.58859 190 190 190 255 
-0.432374 -0.397527 -3.6709 190 190 190 255 
-0.445309 -0.233607 -3.66033 190 190 190 255 
-0.432374 -0.128217 -3.69013 190 190 190 255 
-0.445309 0.0311383 -3.66764 190 190 190 255 
-0.432374 0.141775 -3.68963 190 190 190 255 
-0.445309 0.295697 -3.65583 190 190 190 255 
-0.432374 0.297488 -3.67794 190 190 190 255 
-0.445309 0.558722 -3.62497 190 190 190 255 
-0.432374 0.562105 -3.64687 190 190 190 255 
-0.432374 0.678033 -3.62957 190 190 190 255 
-0.445309 0.818832 -3.5752 190 190 190 255 
-0.445309 1.32491 -3.42011 190 190 190 255 
-0.432374 1.45178 -3.39497 190 190 190 255 
-0.445309 1.56826 -3.31559 190 190 190 255 
-0.432374 1.696 -3.27981 190 190 190 255 
-0.432374 1.93111 -3.14711 190 190 190 255 
-0.445309 2.02917 -3.05533 190 190 190 255 
-0.432374 2.15591 -2.99759 190 190 190 255 
-0.432374 2.25788 -2.91844 190 190 190 255 
-0.432374 2.36921 -2.83204 190 190 190 255 
-0.445309 2.24436 -2.90095 190 190 190 255 
-0.432374 2.46257 -2.74792 190 190 190 255 
-0.445309 2.63854 -2.54769 190 190 190 255 
-0.432374 2.75668 -2.45647 190 190 190 255 
-0.445309 2.97776 -2.14137 190 190 190 255 
-0.432374 2.99576 -2.15432 190 190 190 255 
-0.445309 3.12453 -1.92092 190 190 190 255 
-0.445309 3.36849 -1.45117 190 190 190 255 
-0.445309 3.46442 -1.20433 190 190 190 255 
-0.432374 3.53918 -1.05248 190 190 190 255 
-0.432374 3.56381 -0.957008 190 190 190 255 
-0.445309 3.54227 -0.951203 190 190 190 255 
-0.432374 3.65479 -0.525386 190 190 190 255 
-0.445309 3.6017 -0.693122 190 190 190 255 
-0.445309 3.64231 -0.431425 190 190 190 255 
-0.432374 3.66452 -0.434081 190 190 190 255 
-0.432374 3.6834 -0.256917 190 190 190 255 
-0.445309 3.66396 -0.16748 190 190 190 255 
-0.432374 3.69232 0.0129259 190 190 190 255 
-0.432374 3.6723 0.36384 190 190 190 255 
-0.445309 3.64989 0.361652 190 190 190 255 
-0.445309 3.61428 0.624077 190 190 190 255 
-0.432374 3.60101 0.816276 190 190 190 255 
-0.432374 3.58178 0.888662 190 190 190 255 
-0.445309 3.55983 0.88325 190 190 190 255 
-0.432374 3.53172 1.07723 190 190 190 255 
-0.432374 3.50839 1.14481 190 190 190 255 
-0.432374 3.44357 1.33242 190 190 190 255 
-0.445309 3.39562 1.38645 190 190 190 255 
-0.432374 3.41669 1.39501 190 190 190 255 
-0.432374 3.33701 1.58049 190 190 190 255 
-0.432374 3.21259 1.8201 190 190 190 255 
-0.445309 3.16071 1.86078 190 190 190 255 
-0.432374 3.18042 1.87234 190 190 190 255 
-0.445309 3.0182 2.084 190 190 190 255 
-0.432374 3.03709 2.09699 190 190 190 255 
-0.432374 2.91298 2.26892 190 190 190 255 
-0.432374 2.7394 2.47571 190 190 190 255 
-0.445309 2.68679 2.49673 190 190 190 255 
-0.432374 2.70373 2.51241 190 190 190 255 
-0.432374 2.55119 2.66927 190 190 190 255 
-0.432374 2.51544 2.70101 190 190 190 255 
-0.432374 2.34931 2.84855 190 190 190 255 
-0.432374 2.31402 2.87554 190 190 190 255 
-0.432374 2.13487 3.01261 190 190 190 255 
-0.445309 2.29943 2.85747 190 190 190 255 
-0.445309 2.08726 3.01594 190 190 190 255 
-0.432374 1.90904 3.16055 190 190 190 255 
-0.445309 1.86421 3.15869 190 190 190 255 
-0.445309 1.63142 3.28498 190 190 190 255 
-0.432374 1.42797 3.40505 190 190 190 255 
-0.432374 1.39909 3.41594 190 190 190 255 
-0.445309 1.1416 3.48559 190 190 190 255 
-0.432374 0.385305 3.6722 190 190 190 255 
-0.432374 0.115947 3.69054 190 190 190 255 
-0.432374 -0.154032 3.68914 190 190 190 255 
-0.432374 -0.16458 3.68832 190 190 190 255 
-0.445309 -0.427483 3.64278 190 190 190 255 
-0.432374 -0.423199 3.66802 190 190 190 255 
-0.432374 -0.690116 3.62729 190 190 190 255 
-0.445309 -0.947372 3.54331 190 190 190 255 
-0.432374 -1.46308 3.39013 190 190 190 255 
-0.445309 -1.68694 3.25681 190 190 190 255 
-0.432374 -1.6981 3.27833 190 190 190 255 
-0.445309 -1.91753 3.1266 190 190 190 255 
-0.453625 -1.99681 3.06066 190 190 190 255 
-0.438209 -1.98338 3.10202 190 190 190 255 
-0.432374 -1.94156 3.14067 190 190 190 255 
-0.547573 -2.0219 2.93943 190 190 190 255 
-0.547369 -1.86501 3.04095 190 190 190 255 
-0.639923 -2.02607 2.89601 190 190 190 255 
-0.74481 -2.02587 2.89922 190 190 190 255 
-0.893667 -2.00849 3.01556 190 190 190 255 
-0.898022 -2.0064 3.02363 190 190 190 255 
-0.939226 -1.97829 3.11767 190 190 190 255 
-0.939226 -1.70689 3.27415 190 190 190 255 
-0.926291 -1.91753 3.1266 190 190 190 255 
-0.939226 -1.46308 3.39013 190 190 190 255 
-0.926291 -1.68694 3.25681 190 190 190 255 
-0.939226 -1.45717 3.39243 190 190 190 255 
-0.926291 -1.44754 3.37005 190 190 190 255 
-0.939226 -1.21142 3.48797 190 190 190 255 
-0.926291 -1.20059 3.46571 190 190 190 255 
-0.939226 -1.2086 3.48884 190 190 190 255 
-0.926291 -0.947372 3.54331 190 190 190 255 
-0.939226 -0.953309 3.56717 190 190 190 255 
-0.926291 -0.689216 3.60243 190 190 190 255 
-0.939226 -0.690116 3.62729 190 190 190 255 
-0.926291 -0.427483 3.64278 190 190 190 255 
-0.939226 -0.423199 3.66802 190 190 190 255 
-0.939226 0.101976 3.69047 190 190 190 255 
-0.926291 0.101305 3.66637 190 190 190 255 
-0.939226 0.632086 3.63714 190 190 190 255 
-0.939226 0.652614 3.63423 190 190 190 255 
-0.939226 1.39909 3.41594 190 190 190 255 
-0.926291 0.887098 3.55888 190 190 190 255 
-0.939226 0.916424 3.57682 190 190 190 255 
-0.939226 0.892878 3.58195 190 190 190 255 
-0.926291 1.63142 3.28498 190 190 190 255 
-0.939226 1.8761 3.17883 190 190 190 255 
-0.939226 1.67298 3.2916 190 190 190 255 
-0.926291 1.39012 3.39413 190 190 190 255 
-0.939226 1.42797 3.40505 190 190 190 255 
-0.939226 2.31402 2.87554 190 190 190 255 
-0.939226 2.13487 3.01261 190 190 190 255 
-0.939226 2.10054 3.03509 190 190 190 255 
-0.926291 1.86421 3.15869 190 190 190 255 
-0.939226 2.70373 2.51241 190 190 190 255 
-0.939226 2.55119 2.66927 190 190 190 255 
-0.926291 2.29943 2.85747 190 190 190 255 
-0.926291 2.85996 2.29635 190 190 190 255 
-0.939226 2.91298 2.26892 190 190 190 255 
-0.939226 2.87791 2.31072 190 190 190 255 
-0.926291 3.16071 1.86078 190 190 190 255 
-0.926291 3.28674 1.62786 190 190 190 255 
-0.939226 3.21259 1.8201 190 190 190 255 
-0.939226 3.18042 1.87234 190 190 190 255 
-0.939226 3.071 2.04999 190 190 190 255 
-0.939226 3.44357 1.33242 190 190 190 255 
-0.926291 3.55983 0.88325 190 190 190 255 
-0.926291 3.48683 1.13782 190 190 190 255 
-0.939226 3.53172 1.07723 190 190 190 255 
-0.926291 3.64989 0.361652 190 190 190 255 
-0.939226 3.68151 0.282699 190 190 190 255 
-0.926291 3.61428 0.624077 190 190 190 255 
-0.939226 3.68632 -0.168529 190 190 190 255 
-0.939226 3.69232 0.0129259 190 190 190 255 
-0.939226 3.68892 0.0979074 190 190 190 255 
-0.939226 3.60663 -0.791046 190 190 190 255 
-0.926291 3.6017 -0.693122 190 190 190 255 
-0.939226 3.62362 -0.697366 190 190 190 255 
-0.939226 3.65479 -0.525386 190 190 190 255 
-0.926291 3.36849 -1.45117 190 190 190 255 
-0.926291 3.46442 -1.20433 190 190 190 255 
-0.939226 3.48544 -1.21166 190 190 190 255 
-0.926291 3.54227 -0.951203 190 190 190 255 
-0.939226 3.56381 -0.957008 190 190 190 255 
-0.926291 3.25499 -1.69045 190 190 190 255 
-0.939226 3.4528 -1.30828 190 190 190 255 
-0.939226 3.27469 -1.7007 190 190 190 255 
-0.939226 3.34799 -1.55709 190 190 190 255 
-0.939226 3.08527 -2.02844 190 190 190 255 
-0.926291 3.12453 -1.92092 190 190 190 255 
-0.939226 3.14341 -1.93255 190 190 190 255 
-0.939226 3.22524 -1.79757 190 190 190 255 
-0.939226 2.92882 -2.24847 190 190 190 255 
-0.926291 2.97776 -2.14137 190 190 190 255 
-0.939226 2.56981 -2.65134 190 190 190 255 
-0.926291 2.24436 -2.90095 190 190 190 255 
-0.939226 2.36921 -2.83204 190 190 190 255 
-0.926291 2.44783 -2.73144 190 190 190 255 
-0.939226 2.46257 -2.74792 190 190 190 255 
-0.926291 2.02917 -3.05533 190 190 190 255 
-0.939226 2.15591 -2.99759 190 190 190 255 
-0.939226 2.25788 -2.91844 190 190 190 255 
-0.926291 1.8034 -3.19379 190 190 190 255 
-0.939226 2.04139 -3.07375 190 190 190 255 
-0.939226 1.57772 -3.33558 190 190 190 255 
-0.939226 1.696 -3.27981 190 190 190 255 
-0.939226 1.19984 -3.49198 190 190 190 255 
-0.939226 1.45178 -3.39497 190 190 190 255 
-0.939226 0.941448 -3.57032 190 190 190 255 
-0.926291 1.07467 -3.5068 190 190 190 255 
-0.939226 0.823784 -3.59678 190 190 190 255 
-0.939226 0.411014 -3.66941 190 190 190 255 
-0.926291 0.558722 -3.62497 190 190 190 255 
-0.939226 0.562105 -3.64687 190 190 190 255 
-0.939226 0.678033 -3.62957 190 190 190 255 
-0.926291 -0.233607 -3.66033 190 190 190 255 
-0.939226 -0.128217 -3.69013 190 190 190 255 
-0.939226 0.0313425 -3.68984 190 190 190 255 
-0.926291 -0.758032 -3.58859 190 190 190 255 
-0.939226 -0.50012 -3.65597 190 190 190 255 
-0.939226 -0.762612 -3.61039 190 190 190 255 
-0.939226 -0.664701 -3.63204 190 190 190 255 
-0.939226 -1.02116 -3.54598 190 190 190 255 
-0.926291 -1.51175 -3.34173 190 190 190 255 
-0.939226 -1.4393 -3.40028 190 190 190 255 
-0.939226 -1.27437 -3.46309 190 190 190 255 
-0.939226 -1.68391 -3.28602 190 190 190 255 
-0.939226 -1.91953 -3.15419 190 190 190 255 
-0.939226 -1.75963 -3.24367 190 190 190 255 
-0.939226 -2.35877 -2.84073 190 190 190 255 
-0.939226 -2.14487 -3.00549 190 190 190 255 
-0.926291 -2.40112 -2.77259 190 190 190 255 
-0.939226 -2.41586 -2.78968 190 190 190 255 
-0.939226 -2.74763 -2.46659 190 190 190 255 
-0.939226 -2.61091 -2.60812 190 190 190 255 
-0.926291 -2.59491 -2.59211 190 190 190 255 
-0.939226 -2.56005 -2.66077 190 190 190 255 
-0.926291 -3.09148 -1.97367 190 190 190 255 
-0.926291 -2.94099 -2.1916 190 190 190 255 
-0.939226 -3.0778 -2.03977 190 190 190 255 
-0.939226 -2.95922 -2.20523 190 190 190 255 
-0.939226 -2.92052 -2.25922 190 190 190 255 
-0.939226 -3.21862 -1.80942 190 190 190 255 
-0.939226 -3.34224 -1.56938 190 190 190 255 
-0.939226 -3.44797 -1.32096 190 190 190 255 
-0.939226 -3.36429 -1.51761 190 190 190 255 
-0.926291 -3.34338 -1.50814 190 190 190 255 
-0.939226 -3.53527 -1.06548 190 190 190 255 
-0.926291 -3.5894 -0.754155 190 190 190 255 
-0.939226 -3.60368 -0.804301 190 190 190 255 
-0.939226 -3.54782 -1.0176 190 190 190 255 
-0.926291 -3.52564 -1.01119 190 190 190 255 
-0.939226 -3.65283 -0.53882 190 190 190 255 
-0.939226 -3.68245 -0.270457 190 190 190 255 
-0.939226 -3.68254 0.269161 190 190 190 255 
-0.926291 -3.66761 0.0350931 190 190 190 255 
-0.939226 -3.69236 -0.000650185 190 190 190 255 
-0.939226 -3.65301 0.537533 190 190 190 255 
-0.939226 -3.67898 0.301542 190 190 190 255 
-0.939226 -3.52119 1.11116 190 190 190 255 
-0.926291 -3.50563 1.07847 190 190 190 255 
-0.939226 -3.52904 1.08567 190 190 190 255 
-0.939226 -3.59746 0.827998 190 190 190 255 
-0.947074 -3.49488 1.24873 190 190 190 255 
-0.947163 -3.53922 1.11684 190 190 190 255 
-0.960251 -3.58346 1.1308 190 190 190 255 
-0.947633 -3.49598 1.24936 190 190 190 255 
-0.965072 -3.5746 1.29385 190 190 190 255 
-0.965166 -3.62919 1.14524 190 190 190 255 
-0.965134 -3.57817 1.29588 190 190 190 255 
-0.965135 -3.57823 1.29591 190 190 190 255 
-0.901467 -3.42518 1.20927 190 190 190 255 
-0.927077 -3.45781 1.22775 190 190 190 255 
-0.927794 -3.45874 1.22826 190 190 190 255 
-0.781389 -3.35073 1.16713 190 190 190 255 
-0.637172 -3.33955 1.16079 190 190 190 255 
-0.637873 -3.33943 1.16073 190 190 190 255 
-0.637763 -3.3785 1.03936 190 190 190 255 
-0.591415 -3.35047 1.16699 190 190 190 255 
-0.591157 -3.39031 1.04299 190 190 190 255 
-0.54773 -3.36827 1.17705 190 190 190 255 
-0.508136 -3.39238 1.19071 190 190 190 255 
-0.473815 -3.42217 1.20757 190 190 190 255 
-0.473343 -3.46813 1.06693 190 190 190 255 
-0.441128 -3.46291 1.23064 190 190 190 255 
-0.444833 -3.45802 1.22786 190 190 190 255 
-0.432374 -3.52119 1.11116 190 190 190 255 
-0.445792 -3.45674 1.22714 190 190 190 255 
-0.4671 -3.42849 1.21114 190 190 190 255 
-0.445309 -3.50563 1.07847 190 190 190 255 
-0.445309 -3.57431 0.822699 190 190 190 255 
-0.445309 -3.65551 0.299647 190 190 190 255 
-0.473343 -3.5856 0.556622 190 190 190 255 
-0.445309 -3.66057 -0.229645 190 190 190 255 
-0.473343 -3.59559 -0.487911 190 190 190 255 
-0.473343 -3.55102 -0.746088 190 190 190 255 
-0.445309 -3.44349 -1.26296 190 190 190 255 
-0.473343 -3.30761 -1.49201 190 190 190 255 
-0.445309 -3.09148 -1.97367 190 190 190 255 
-0.473343 -3.19132 -1.72679 190 190 190 255 
-0.473343 -3.0584 -1.95257 190 190 190 255 
-0.473343 -2.90952 -2.16816 190 190 190 255 
-0.473343 -2.74551 -2.37246 190 190 190 255 
-0.473343 -2.56716 -2.56438 190 190 190 255 
-0.473343 -2.37541 -2.74294 190 190 190 255 
-0.473343 -2.1713 -2.90719 190 190 190 255 
-0.473343 -1.95586 -3.05629 190 190 190 255 
-0.473343 -1.49557 -3.30599 190 190 190 255 
-0.445309 -1.01502 -3.52453 190 190 190 255 
-0.473343 -1.00414 -3.48684 190 190 190 255 
-0.473343 -0.749923 -3.5502 190 190 190 255 
-0.445309 -0.497109 -3.63393 190 190 190 255 
-0.473343 -0.49181 -3.59506 190 190 190 255 
-0.473343 -0.231098 -3.62118 190 190 190 255 
-0.473343 0.810072 -3.53696 190 190 190 255 
-0.445309 1.07467 -3.5068 190 190 190 255 
-0.473343 1.31075 -3.38353 190 190 190 255 
-0.445309 1.8034 -3.19379 190 190 190 255 
-0.473343 1.78413 -3.15963 190 190 190 255 
-0.445309 2.44783 -2.73144 190 190 190 255 
-0.473343 2.42164 -2.70222 190 190 190 255 
-0.445309 2.8155 -2.35066 190 190 190 255 
-0.473343 2.61031 -2.52044 190 190 190 255 
-0.473343 2.78536 -2.32551 190 190 190 255 
-0.473343 2.94593 -2.11847 190 190 190 255 
-0.473343 3.09111 -1.90037 190 190 190 255 
-0.445309 3.25499 -1.69045 190 190 190 255 
-0.473343 3.22016 -1.67237 190 190 190 255 
-0.473343 3.42735 -1.19145 190 190 190 255 
-0.473343 3.5044 -0.94103 190 190 190 255 
-0.473343 3.60336 -0.426811 190 190 190 255 
-0.445309 3.66647 0.0973402 190 190 190 255 
-0.473343 3.62726 0.0962987 190 190 190 255 
-0.473343 3.57564 0.617401 190 190 190 255 
-0.445309 3.48683 1.13782 190 190 190 255 
-0.473343 3.44954 1.12565 190 190 190 255 
-0.473343 3.35932 1.37162 190 190 190 255 
-0.445309 3.28674 1.62786 190 190 190 255 
-0.473343 3.2516 1.61045 190 190 190 255 
-0.473343 3.1269 1.84088 190 190 190 255 
-0.445309 2.85996 2.29635 190 190 190 255 
-0.473343 2.82936 2.27179 190 190 190 255 
-0.445309 2.49963 2.6841 190 190 190 255 
-0.473343 2.27485 2.82691 190 190 190 255 
-0.473343 1.61396 3.24984 190 190 190 255 
-0.445309 1.39012 3.39413 190 190 190 255 
-0.473343 1.37526 3.35783 190 190 190 255 
-0.445309 0.887098 3.55888 190 190 190 255 
-0.445309 0.627982 3.61361 190 190 190 255 
-0.445309 0.365607 3.64951 190 190 190 255 
-0.445309 0.101305 3.66637 190 190 190 255 
-0.445309 -0.163526 3.66413 190 190 190 255 
-0.473343 -0.422909 3.60381 190 190 190 255 
-0.445309 -0.689216 3.60243 190 190 190 255 
-0.445309 -1.20059 3.46571 190 190 190 255 
-0.473343 -1.18774 3.42864 190 190 190 255 
-0.445309 -1.44754 3.37005 190 190 190 255 
-0.499099 -3.39843 1.19414 190 190 190 255 
-0.506577 -3.39342 1.1913 190 190 190 255 
-0.507704 -3.4358 1.05699 190 190 190 255 
-0.473343 -3.5361 0.8139 190 190 190 255 
-0.507704 -3.55218 0.551434 190 190 190 255 
-0.473343 -3.6164 0.296442 190 190 190 255 
-0.473343 -3.62839 0.0347179 190 190 190 255 
-0.507704 -3.59456 0.0343942 190 190 190 255 
-0.473343 -3.62144 -0.227188 190 190 190 255 
-0.507704 -3.56208 -0.483362 190 190 190 255 
-0.473343 -3.48792 -1.00038 190 190 190 255 
-0.507704 -3.4554 -0.991051 190 190 190 255 
-0.473343 -3.40664 -1.24945 190 190 190 255 
-0.507704 -3.27677 -1.4781 190 190 190 255 
-0.507704 -2.71991 -2.35034 190 190 190 255 
-0.507704 -2.54322 -2.54048 190 190 190 255 
-0.473343 -1.73024 -3.18945 190 190 190 255 
-0.507704 -1.71411 -3.15972 190 190 190 255 
-0.473343 -1.25313 -3.40529 190 190 190 255 
-0.507704 -1.24146 -3.37354 190 190 190 255 
-0.507704 -0.48721 -3.56155 190 190 190 255 
-0.473343 0.0307863 -3.62841 190 190 190 255 
-0.507704 0.0305078 -3.59459 190 190 190 255 
-0.473343 0.292533 -3.61673 190 190 190 255 
-0.473343 0.552735 -3.5862 190 190 190 255 
-0.507704 0.289801 -3.58302 190 190 190 255 
-0.507704 0.547601 -3.55277 190 190 190 255 
-0.473343 1.06319 -3.46929 190 190 190 255 
-0.473343 1.55148 -3.28013 190 190 190 255 
-0.507704 1.98875 -2.99447 190 190 190 255 
-0.473343 2.00747 -3.02265 190 190 190 255 
-0.473343 2.22032 -2.86992 190 190 190 255 
-0.507704 2.19965 -2.84316 190 190 190 255 
-0.507704 2.39907 -2.67703 190 190 190 255 
-0.473343 3.33245 -1.43565 190 190 190 255 
-0.507704 3.19016 -1.65678 190 190 190 255 
-0.507704 3.30137 -1.42227 190 190 190 255 
-0.507704 3.3954 -1.18034 190 190 190 255 
-0.473343 3.56317 -0.685708 190 190 190 255 
-0.507704 3.52994 -0.679315 190 190 190 255 
-0.507704 3.56976 -0.422832 190 190 190 255 
-0.473343 3.62475 -0.165687 190 190 190 255 
-0.473343 3.61086 0.357783 190 190 190 255 
-0.507704 3.59346 0.0954003 190 190 190 255 
-0.507704 3.5772 0.354448 190 190 190 255 
-0.507704 3.5423 0.611646 190 190 190 255 
-0.473343 3.52176 0.873802 190 190 190 255 
-0.507704 3.41739 1.11515 190 190 190 255 
-0.507704 3.09776 1.82372 190 190 190 255 
-0.473343 2.9859 2.06171 190 190 190 255 
-0.507704 2.803 2.25061 190 190 190 255 
-0.507704 2.63329 2.447 190 190 190 255 
-0.473343 2.65805 2.47003 190 190 190 255 
-0.473343 2.4729 2.65539 190 190 190 255 
-0.507704 2.44984 2.63064 190 190 190 255 
-0.507704 2.25364 2.80055 190 190 190 255 
-0.473343 2.06494 2.98369 190 190 190 255 
-0.507704 2.04569 2.95587 190 190 190 255 
-0.473343 1.84425 3.12491 190 190 190 255 
-0.473343 1.12937 3.44831 190 190 190 255 
-0.507704 1.36242 3.32653 190 190 190 255 
-0.473343 0.877603 3.52082 190 190 190 255 
-0.507704 0.869429 3.48799 190 190 190 255 
-0.473343 0.621262 3.57496 190 190 190 255 
-0.507704 0.615479 3.54164 190 190 190 255 
-0.473343 0.361672 3.61047 190 190 190 255 
-0.473343 0.100225 3.62716 190 190 190 255 
-0.473343 -0.161769 3.62494 190 190 190 255 
-0.507704 0.0992806 3.59335 190 190 190 255 
-0.507704 -0.160266 3.59114 190 190 190 255 
-0.507704 -0.418977 3.57022 190 190 190 255 
-0.473343 -0.681844 3.5639 190 190 190 255 
-0.473343 -0.937251 3.50541 190 190 190 255 
-0.507704 -1.17668 3.39668 190 190 190 255 
-0.473343 -1.43204 3.334 190 190 190 255 
-0.473343 -1.6689 3.22198 190 190 190 255 
-0.507704 -1.41869 3.30292 190 190 190 255 
-0.473343 -1.89703 3.09316 190 190 190 255 
-0.507704 -1.65332 3.19194 190 190 190 255 
-0.536125 -3.37363 1.18009 190 190 190 255 
-0.546211 -3.36896 1.17744 190 190 190 255 
-0.507704 -3.50313 0.806313 190 190 190 255 
-0.507704 -3.5827 0.293679 190 190 190 255 
-0.547369 -3.52507 0.547227 190 190 190 255 
-0.547369 -3.55537 0.291439 190 190 190 255 
-0.507704 -3.58766 -0.225071 190 190 190 255 
-0.547369 -3.5603 -0.223355 190 190 190 255 
-0.507704 -3.51791 -0.739133 190 190 190 255 
-0.547369 -3.49109 -0.733496 190 190 190 255 
-0.507704 -3.3749 -1.2378 190 190 190 255 
-0.547369 -3.34915 -1.22836 190 190 190 255 
-0.507704 -3.16158 -1.71069 190 190 190 255 
-0.507704 -3.0299 -1.93436 190 190 190 255 
-0.507704 -2.8824 -2.14795 190 190 190 255 
-0.547369 -3.0068 -1.91961 190 190 190 255 
-0.547369 -2.86044 -2.13157 190 190 190 255 
-0.547369 -2.69918 -2.33242 190 190 190 255 
-0.507704 -2.35329 -2.71737 190 190 190 255 
-0.547369 -2.33534 -2.69664 190 190 190 255 
-0.507704 -2.15107 -2.88009 190 190 190 255 
-0.507704 -1.93765 -3.0278 190 190 190 255 
-0.507704 -1.48165 -3.27517 190 190 190 255 
-0.507704 -0.994786 -3.45433 190 190 190 255 
-0.547369 -0.987191 -3.42799 190 190 190 255 
-0.507704 -0.742928 -3.51711 190 190 190 255 
-0.507704 -0.228963 -3.58742 190 190 190 255 
-0.547369 -0.227194 -3.56006 190 190 190 255 
-0.547369 0.287599 -3.55569 190 190 190 255 
-0.507704 0.802527 -3.50399 190 190 190 255 
-0.547369 0.543417 -3.52567 190 190 190 255 
-0.507704 1.05328 -3.43695 190 190 190 255 
-0.507704 1.29853 -3.35199 190 190 190 255 
-0.547369 1.28863 -3.32642 190 190 190 255 
-0.507704 1.537 -3.24955 190 190 190 255 
-0.547369 1.5253 -3.22477 190 190 190 255 
-0.507704 1.7675 -3.13017 190 190 190 255 
-0.547369 2.38077 -2.65662 190 190 190 255 
-0.507704 2.58597 -2.49694 190 190 190 255 
-0.547369 2.56626 -2.4779 190 190 190 255 
-0.547369 2.73837 -2.28627 190 190 190 255 
-0.507704 2.75941 -2.30384 190 190 190 255 
-0.507704 2.91847 -2.09872 190 190 190 255 
-0.547369 2.89621 -2.08271 190 190 190 255 
-0.507704 3.06229 -1.88266 190 190 190 255 
-0.547369 3.16581 -1.64415 190 190 190 255 
-0.507704 3.47173 -0.932258 190 190 190 255 
-0.547369 3.44525 -0.925148 190 190 190 255 
-0.547369 3.50302 -0.674135 190 190 190 255 
-0.507704 3.59096 -0.164143 190 190 190 255 
-0.547369 3.56606 0.0946727 190 190 190 255 
-0.547369 3.54993 0.351744 190 190 190 255 
-0.507704 3.48892 0.865657 190 190 190 255 
-0.547369 3.46234 0.859054 190 190 190 255 
-0.507704 3.328 1.35884 190 190 190 255 
-0.507704 3.22126 1.59544 190 190 190 255 
-0.547369 2.93551 2.02691 190 190 190 255 
-0.507704 2.95809 2.04249 190 190 190 255 
-0.547369 2.78162 2.23345 190 190 190 255 
-0.547369 2.03009 2.93333 190 190 190 255 
-0.507704 1.82705 3.09578 190 190 190 255 
-0.507704 1.59891 3.21955 190 190 190 255 
-0.547369 1.81313 3.07217 190 190 190 255 
-0.507704 1.11884 3.41617 190 190 190 255 
-0.547369 1.11031 3.39011 190 190 190 255 
-0.547369 0.862806 3.46139 190 190 190 255 
-0.547369 0.610774 3.51463 190 190 190 255 
-0.507704 0.358318 3.57682 190 190 190 255 
-0.547369 0.355569 3.54954 190 190 190 255 
-0.547369 0.0985242 3.56594 190 190 190 255 
-0.507704 -0.675506 3.53068 190 190 190 255 
-0.547369 -0.670358 3.50375 190 190 190 255 
-0.507704 -0.928496 3.47273 190 190 190 255 
-0.547369 -0.921415 3.44625 190 190 190 255 
-0.547369 -1.40787 3.27773 190 190 190 255 
-0.507704 -1.87936 3.06432 190 190 190 255 
-0.547369 -3.4096 1.04893 190 190 190 255 
-0.547369 -3.47642 0.800164 190 190 190 255 
-0.591157 -3.45675 0.795636 190 190 190 255 
-0.591157 -3.50515 0.544132 190 190 190 255 
-0.591157 -3.53525 0.289789 190 190 190 255 
-0.547369 -3.56715 0.0341319 190 190 190 255 
-0.591157 -3.54696 0.0339383 190 190 190 255 
-0.547369 -3.5349 -0.479676 190 190 190 255 
-0.591157 -3.47132 -0.729346 190 190 190 255 
-0.547369 -3.42904 -0.983494 190 190 190 255 
-0.591157 -3.40965 -0.977928 190 190 190 255 
-0.547369 -3.25179 -1.46683 190 190 190 255 
-0.591157 -3.33019 -1.22141 190 190 190 255 
-0.547369 -3.13747 -1.69764 190 190 190 255 
-0.591157 -2.98978 -1.90875 190 190 190 255 
-0.547369 -2.52384 -2.5211 190 190 190 255 
-0.591157 -2.50954 -2.50684 190 190 190 255 
-0.591157 -2.32212 -2.68138 190 190 190 255 
-0.547369 -2.13467 -2.85813 190 190 190 255 
-0.547369 -1.92286 -3.00471 190 190 190 255 
-0.591157 -2.12257 -2.84195 190 190 190 255 
-0.591157 -1.91199 -2.9877 190 190 190 255 
-0.547369 -1.70103 -3.13563 190 190 190 255 
-0.547369 -1.47034 -3.25019 190 190 190 255 
-0.591157 -1.69141 -3.11788 190 190 190 255 
-0.591157 -1.46203 -3.2318 190 190 190 255 
-0.547369 -1.23199 -3.34782 190 190 190 255 
-0.547369 -0.737278 -3.49029 190 190 190 255 
-0.591157 -0.981604 -3.40859 190 190 190 255 
-0.547369 -0.483482 -3.53439 190 190 190 255 
-0.591157 -0.225925 -3.53992 190 190 190 255 
-0.547369 0.0302798 -3.56718 190 190 190 255 
-0.591157 0.540349 -3.50572 190 190 190 255 
-0.547369 0.796413 -3.47727 190 190 190 255 
-0.591157 0.791898 -3.45759 190 190 190 255 
-0.547369 1.04523 -3.41074 190 190 190 255 
-0.591157 1.03932 -3.39144 190 190 190 255 
-0.591157 1.28132 -3.3076 190 190 190 255 
-0.547369 1.75402 -3.1063 190 190 190 255 
-0.591157 1.74408 -3.08872 190 190 190 255 
-0.547369 1.97359 -2.97164 190 190 190 255 
-0.591157 2.1705 -2.80552 190 190 190 255 
-0.547369 2.18285 -2.82148 190 190 190 255 
-0.591157 2.3673 -2.64158 190 190 190 255 
-0.591157 2.72287 -2.27333 190 190 190 255 
-0.547369 3.03893 -1.8683 190 190 190 255 
-0.591157 2.87982 -2.07093 190 190 190 255 
-0.591157 3.02173 -1.85773 190 190 190 255 
-0.591157 3.14792 -1.63484 190 190 190 255 
-0.547369 3.27622 -1.41142 190 190 190 255 
-0.547369 3.36953 -1.17134 190 190 190 255 
-0.591157 3.35045 -1.16471 190 190 190 255 
-0.591157 3.42577 -0.919914 190 190 190 255 
-0.547369 3.54253 -0.419607 190 190 190 255 
-0.547369 3.56357 -0.162891 190 190 190 255 
-0.591157 3.54341 -0.16197 190 190 190 255 
-0.591157 3.54586 0.0941382 190 190 190 255 
-0.547369 3.51529 0.606982 190 190 190 255 
-0.591157 3.49538 0.603548 190 190 190 255 
-0.547369 3.3913 1.10665 190 190 190 255 
-0.591157 3.37211 1.10039 190 190 190 255 
-0.547369 3.30263 1.34847 190 190 190 255 
-0.547369 3.19672 1.58327 190 190 190 255 
-0.547369 3.07414 1.80981 190 190 190 255 
-0.547369 2.61321 2.42834 190 190 190 255 
-0.591157 2.5984 2.4146 190 190 190 255 
-0.547369 2.43118 2.61057 190 190 190 255 
-0.547369 2.23646 2.7792 190 190 190 255 
-0.591157 2.01859 2.91673 190 190 190 255 
-0.547369 1.58672 3.19499 190 190 190 255 
-0.547369 1.35204 3.30116 190 190 190 255 
-0.591157 1.3444 3.28248 190 190 190 255 
-0.591157 0.857925 3.44181 190 190 190 255 
-0.591157 0.607339 3.49474 190 190 190 255 
-0.547369 -0.159052 3.56376 190 190 190 255 
-0.591157 -0.158144 3.54359 190 190 190 255 
-0.547369 -0.415785 3.54299 190 190 190 255 
-0.591157 -0.413438 3.52294 190 190 190 255 
-0.591157 -0.916205 3.42675 190 190 190 255 
-0.591157 -1.16108 3.3517 190 190 190 255 
-0.547369 -1.16769 3.37078 190 190 190 255 
-0.591157 -1.39993 3.25919 190 190 190 255 
-0.547369 -1.64072 3.1676 190 190 190 255 
-0.570324 -2.02379 2.92342 190 190 190 255 
-0.591157 -1.85446 3.02374 190 190 190 255 
-0.591157 -3.54014 -0.222091 190 190 190 255 
-0.637763 -3.52784 -0.221316 190 190 190 255 
-0.591157 -3.51491 -0.476961 190 190 190 255 
-0.637763 -3.45922 -0.726806 190 190 190 255 
-0.637763 -3.39777 -0.974521 190 190 190 255 
-0.591157 -3.23339 -1.45853 190 190 190 255 
-0.637763 -3.3186 -1.21716 190 190 190 255 
-0.591157 -3.11971 -1.68804 190 190 190 255 
-0.637763 -3.10884 -1.68216 190 190 190 255 
-0.637763 -2.97935 -1.9021 190 190 190 255 
-0.591157 -2.84426 -2.11951 190 190 190 255 
-0.591157 -2.68389 -2.31922 190 190 190 255 
-0.637763 -2.83435 -2.11212 190 190 190 255 
-0.637763 -2.67454 -2.31114 190 190 190 255 
-0.637763 -2.11518 -2.83205 190 190 190 255 
-0.637763 -1.90533 -2.9773 190 190 190 255 
-0.591157 -1.22502 -3.32887 190 190 190 255 
-0.637763 -1.22074 -3.31728 190 190 190 255 
-0.591157 -0.733105 -3.47053 190 190 190 255 
-0.591157 -0.480758 -3.51439 190 190 190 255 
-0.637763 -0.479099 -3.50214 190 190 190 255 
-0.591157 0.0301189 -3.54699 190 190 190 255 
-0.591157 0.285972 -3.53557 190 190 190 255 
-0.637763 0.284979 -3.52325 190 190 190 255 
-0.637763 1.03571 -3.37962 190 190 190 255 
-0.637763 1.27688 -3.29608 190 190 190 255 
-0.591157 1.51668 -3.20652 190 190 190 255 
-0.637763 1.95559 -2.94453 190 190 190 255 
-0.591157 1.96242 -2.95482 190 190 190 255 
-0.637763 2.16296 -2.79574 190 190 190 255 
-0.637763 2.35904 -2.63238 190 190 190 255 
-0.591157 2.55175 -2.46388 190 190 190 255 
-0.637763 2.71338 -2.26541 190 190 190 255 
-0.637763 3.01121 -1.85125 190 190 190 255 
-0.591157 3.25766 -1.40343 190 190 190 255 
-0.637763 3.33878 -1.16065 190 190 190 255 
-0.637763 3.41382 -0.916708 190 190 190 255 
-0.591157 3.4832 -0.67032 190 190 190 255 
-0.591157 3.52249 -0.417232 190 190 190 255 
-0.591157 3.52983 0.349754 190 190 190 255 
-0.591157 3.44274 0.854193 190 190 190 255 
-0.637763 3.36036 1.09655 190 190 190 255 
-0.591157 3.28393 1.34084 190 190 190 255 
-0.591157 3.17861 1.57431 190 190 190 255 
-0.637763 3.16755 1.56882 190 190 190 255 
-0.591157 3.05674 1.79957 190 190 190 255 
-0.591157 2.91891 2.01544 190 190 190 255 
-0.591157 2.76589 2.22081 190 190 190 255 
-0.637763 2.90876 2.00842 190 190 190 255 
-0.637763 2.75623 2.21307 190 190 190 255 
-0.591157 2.41742 2.5958 190 190 190 255 
-0.637763 2.40897 2.58676 190 190 190 255 
-0.637763 2.21606 2.75384 190 190 190 255 
-0.591157 2.22379 2.76347 190 190 190 255 
-0.591157 1.80287 3.05478 190 190 190 255 
-0.637763 1.57224 3.16585 190 190 190 255 
-0.591157 1.57774 3.17691 190 190 190 255 
-0.637763 1.33971 3.27104 190 190 190 255 
-0.591157 1.10404 3.37093 190 190 190 255 
-0.637763 0.854936 3.42981 190 190 190 255 
-0.637763 0.605206 3.48256 190 190 190 255 
-0.637763 0.352342 3.51716 190 190 190 255 
-0.591157 0.353556 3.52945 190 190 190 255 
-0.591157 0.0979692 3.54576 190 190 190 255 
-0.637763 0.0976173 3.53341 190 190 190 255 
-0.637763 -0.1576 3.53125 190 190 190 255 
-0.591157 -0.666567 3.48393 190 190 190 255 
-0.637763 -0.411996 3.51067 190 190 190 255 
-0.637763 -0.913013 3.41481 190 190 190 255 
-0.637763 -1.39503 3.24783 190 190 190 255 
-0.591157 -1.63143 3.14967 190 190 190 255 
-0.637763 -1.848 3.01321 190 190 190 255 
-0.68574 -3.33595 1.15877 190 190 190 255 
-0.637763 -3.44469 0.792863 190 190 190 255 
-0.6858 -3.48881 0.541597 190 190 190 255 
-0.637763 -3.49292 0.542235 190 190 190 255 
-0.6858 -3.51879 0.28844 190 190 190 255 
-0.637763 -3.52295 0.288781 190 190 190 255 
-0.637763 -3.53461 0.0338205 190 190 190 255 
-0.6858 -3.52368 -0.221056 190 190 190 255 
-0.637763 -3.50265 -0.4753 190 190 190 255 
-0.6858 -3.45518 -0.725949 190 190 190 255 
-0.6858 -3.3147 -1.21572 190 190 190 255 
-0.637763 -3.22211 -1.45345 190 190 190 255 
-0.6858 -2.831 -2.10964 190 190 190 255 
-0.637763 -2.50082 -2.4981 190 190 190 255 
-0.6858 -2.49786 -2.49516 190 190 190 255 
-0.6858 -2.31132 -2.6689 190 190 190 255 
-0.637763 -2.31402 -2.67204 190 190 190 255 
-0.6858 -2.11271 -2.82872 190 190 190 255 
-0.637763 -1.68552 -3.10702 190 190 190 255 
-0.6858 -1.90308 -2.97379 190 190 190 255 
-0.637763 -1.45693 -3.22054 190 190 190 255 
-0.637763 -0.978203 -3.39671 190 190 190 255 
-0.637763 -0.730529 -3.45845 190 190 190 255 
-0.6858 -0.977038 -3.39272 190 190 190 255 
-0.637763 -0.225126 -3.52758 190 190 190 255 
-0.6858 -0.478524 -3.49802 190 190 190 255 
-0.6858 -0.224878 -3.52343 190 190 190 255 
-0.637763 0.0299936 -3.53463 190 190 190 255 
-0.6858 0.284631 -3.51911 190 190 190 255 
-0.6858 0.537836 -3.4894 190 190 190 255 
-0.637763 0.538455 -3.49351 190 190 190 255 
-0.637763 0.78913 -3.44555 190 190 190 255 
-0.6858 0.788209 -3.44149 190 190 190 255 
-0.637763 1.51139 -3.19535 190 190 190 255 
-0.6858 1.27536 -3.2922 190 190 190 255 
-0.6858 1.50961 -3.19159 190 190 190 255 
-0.637763 1.73802 -3.07796 190 190 190 255 
-0.6858 1.95327 -2.94106 190 190 190 255 
-0.6858 2.35628 -2.62928 190 190 190 255 
-0.637763 2.54286 -2.4553 190 190 190 255 
-0.6858 2.53985 -2.4524 190 190 190 255 
-0.6858 2.86639 -2.06128 190 190 190 255 
-0.637763 2.86979 -2.06371 190 190 190 255 
-0.637763 3.13694 -1.62915 190 190 190 255 
-0.6858 3.13325 -1.62723 190 190 190 255 
-0.637763 3.24631 -1.39854 190 190 190 255 
-0.6858 3.24251 -1.3969 190 190 190 255 
-0.6858 3.33486 -1.15929 190 190 190 255 
-0.637763 3.47108 -0.667986 190 190 190 255 
-0.637763 3.51024 -0.41578 190 190 190 255 
-0.637763 3.53106 -0.161405 190 190 190 255 
-0.6858 3.52692 -0.161216 190 190 190 255 
-0.637763 3.53351 0.0938097 190 190 190 255 
-0.6858 3.52936 0.0936991 190 190 190 255 
-0.637763 3.51753 0.348536 190 190 190 255 
-0.6858 3.51339 0.348126 190 190 190 255 
-0.637763 3.48321 0.601445 190 190 190 255 
-0.637763 3.43074 0.851218 190 190 190 255 
-0.6858 3.42669 0.850217 190 190 190 255 
-0.6858 3.35641 1.09526 190 190 190 255 
-0.637763 3.27249 1.33617 190 190 190 255 
-0.6858 3.26865 1.3346 190 190 190 255 
-0.6858 3.16381 1.56698 190 190 190 255 
-0.637763 3.04608 1.7933 190 190 190 255 
-0.6858 2.75299 2.21047 190 190 190 255 
-0.637763 2.58936 2.40619 190 190 190 255 
-0.6858 2.58632 2.40336 190 190 190 255 
-0.6858 2.40616 2.58371 190 190 190 255 
-0.6858 2.21344 2.7506 190 190 190 255 
-0.6858 2.00919 2.90315 190 190 190 255 
-0.637763 2.01155 2.90657 190 190 190 255 
-0.637763 1.79658 3.04414 190 190 190 255 
-0.637763 1.10017 3.35919 190 190 190 255 
-0.6858 0.351915 3.51302 190 190 190 255 
-0.6858 -0.411497 3.50654 190 190 190 255 
-0.637763 -0.664221 3.47179 190 190 190 255 
-0.6858 -0.663452 3.4677 190 190 190 255 
-0.637763 -1.15704 3.34003 190 190 190 255 
-0.637763 -1.62577 3.1387 190 190 190 255 
-0.6858 -1.62385 3.13501 190 190 190 255 
-0.676447 -2.02634 2.8914 190 190 190 255 
-0.685791 -2.02632 2.89169 190 190 190 255 
-0.6858 -3.37454 1.03814 190 190 190 255 
-0.6858 -3.44065 0.791931 190 190 190 255 
-0.733837 -3.49292 0.542235 190 190 190 255 
-0.733837 -3.52295 0.288781 190 190 190 255 
-0.6858 -3.53043 0.0337799 190 190 190 255 
-0.733837 -3.53461 0.0338205 190 190 190 255 
-0.6858 -3.49853 -0.474741 190 190 190 255 
-0.733837 -3.50265 -0.4753 190 190 190 255 
-0.6858 -3.39377 -0.973374 190 190 190 255 
-0.733837 -3.45922 -0.726806 190 190 190 255 
-0.6858 -3.21832 -1.45173 190 190 190 255 
-0.6858 -3.10518 -1.68018 190 190 190 255 
-0.6858 -2.97585 -1.89986 190 190 190 255 
-0.733837 -2.97935 -1.9021 190 190 190 255 
-0.6858 -2.67138 -2.30842 190 190 190 255 
-0.733837 -2.11518 -2.83205 190 190 190 255 
-0.6858 -1.68354 -3.10336 190 190 190 255 
-0.6858 -1.45521 -3.21675 190 190 190 255 
-0.6858 -1.21931 -3.31337 190 190 190 255 
-0.733837 -1.22074 -3.31728 190 190 190 255 
-0.733837 -0.978203 -3.39671 190 190 190 255 
-0.6858 -0.729687 -3.45437 190 190 190 255 
-0.733837 -0.730529 -3.45845 190 190 190 255 
-0.6858 0.0299739 -3.53047 190 190 190 255 
-0.733837 0.284979 -3.52325 190 190 190 255 
-0.6858 1.03448 -3.37564 190 190 190 255 
-0.733837 0.78913 -3.44555 190 190 190 255 
-0.6858 1.73597 -3.07434 190 190 190 255 
-0.6858 2.16042 -2.79245 190 190 190 255 
-0.733837 2.16296 -2.79574 190 190 190 255 
-0.6858 2.71018 -2.26274 190 190 190 255 
-0.733837 2.86979 -2.06371 190 190 190 255 
-0.6858 3.00765 -1.84908 190 190 190 255 
-0.733837 3.01121 -1.85125 190 190 190 255 
-0.733837 3.24631 -1.39854 190 190 190 255 
-0.6858 3.40979 -0.915629 190 190 190 255 
-0.6858 3.46698 -0.667198 190 190 190 255 
-0.733837 3.47108 -0.667986 190 190 190 255 
-0.6858 3.50608 -0.415289 190 190 190 255 
-0.733837 3.51024 -0.41578 190 190 190 255 
-0.733837 3.51753 0.348536 190 190 190 255 
-0.6858 3.47912 0.600737 190 190 190 255 
-0.733837 3.48321 0.601445 190 190 190 255 
-0.733837 3.43074 0.851218 190 190 190 255 
-0.733837 3.36036 1.09655 190 190 190 255 
-0.733837 3.16755 1.56882 190 190 190 255 
-0.6858 3.04251 1.79119 190 190 190 255 
-0.6858 2.90532 2.00606 190 190 190 255 
-0.733837 2.90876 2.00842 190 190 190 255 
-0.733837 2.75623 2.21307 190 190 190 255 
-0.733837 2.58936 2.40619 190 190 190 255 
-0.733837 2.40897 2.58676 190 190 190 255 
-0.733837 2.21606 2.75384 190 190 190 255 
-0.6858 1.79448 3.04056 190 190 190 255 
-0.6858 1.5704 3.16212 190 190 190 255 
-0.6858 1.33814 3.26719 190 190 190 255 
-0.733837 1.10017 3.35919 190 190 190 255 
-0.6858 1.09889 3.35523 190 190 190 255 
-0.733837 0.854936 3.42981 190 190 190 255 
-0.6858 0.853917 3.42578 190 190 190 255 
-0.6858 0.604483 3.47847 190 190 190 255 
-0.733837 0.605206 3.48256 190 190 190 255 
-0.733837 0.352342 3.51716 190 190 190 255 
-0.6858 0.0975177 3.52925 190 190 190 255 
-0.6858 -0.157401 3.52709 190 190 190 255 
-0.733837 -0.1576 3.53125 190 190 190 255 
-0.733837 -0.411996 3.51067 190 190 190 255 
-0.733837 -0.664221 3.47179 190 190 190 255 
-0.6858 -0.911941 3.41079 190 190 190 255 
-0.6858 -1.15567 3.3361 190 190 190 255 
-0.733837 -1.15704 3.34003 190 190 190 255 
-0.6858 -1.39339 3.24401 190 190 190 255 
-0.733837 -1.62577 3.1387 190 190 190 255 
-0.733837 -1.848 3.01321 190 190 190 255 
-0.6858 -1.84583 3.00966 190 190 190 255 
-0.708965 -2.02629 2.89242 190 190 190 255 
-0.733767 -2.02598 2.89712 190 190 190 255 
-0.733837 -3.3785 1.03936 190 190 190 255 
-0.733837 -3.44469 0.792863 190 190 190 255 
-0.780443 -3.39031 1.04299 190 190 190 255 
-0.780443 -3.54696 0.0339383 190 190 190 255 
-0.733837 -3.52784 -0.221316 190 190 190 255 
-0.780443 -3.47132 -0.729346 190 190 190 255 
-0.733837 -3.39777 -0.974521 190 190 190 255 
-0.733837 -3.3186 -1.21716 190 190 190 255 
-0.733837 -3.22211 -1.45345 190 190 190 255 
-0.780443 -3.33019 -1.22141 190 190 190 255 
-0.733837 -3.10884 -1.68216 190 190 190 255 
-0.733837 -2.83435 -2.11212 190 190 190 255 
-0.780443 -2.98978 -1.90875 190 190 190 255 
-0.780443 -2.84426 -2.11951 190 190 190 255 
-0.733837 -2.67454 -2.31114 190 190 190 255 
-0.733837 -2.50082 -2.4981 190 190 190 255 
-0.733837 -2.31402 -2.67204 190 190 190 255 
-0.780443 -2.32212 -2.68138 190 190 190 255 
-0.780443 -2.12257 -2.84195 190 190 190 255 
-0.733837 -1.90533 -2.9773 190 190 190 255 
-0.733837 -1.68552 -3.10702 190 190 190 255 
-0.780443 -1.69141 -3.11788 190 190 190 255 
-0.733837 -1.45693 -3.22054 190 190 190 255 
-0.780443 -1.22502 -3.32887 190 190 190 255 
-0.780443 -0.981604 -3.40859 190 190 190 255 
-0.733837 -0.479099 -3.50214 190 190 190 255 
-0.733837 -0.225126 -3.52758 190 190 190 255 
-0.733837 0.0299936 -3.53463 190 190 190 255 
-0.733837 0.538455 -3.49351 190 190 190 255 
-0.780443 0.791898 -3.45759 190 190 190 255 
-0.733837 1.03571 -3.37962 190 190 190 255 
-0.780443 1.03932 -3.39144 190 190 190 255 
-0.733837 1.27688 -3.29608 190 190 190 255 
-0.733837 1.51139 -3.19535 190 190 190 255 
-0.733837 1.73802 -3.07796 190 190 190 255 
-0.733837 1.95559 -2.94453 190 190 190 255 
-0.780443 1.96242 -2.95482 190 190 190 255 
-0.780443 2.1705 -2.80552 190 190 190 255 
-0.733837 2.35904 -2.63238 190 190 190 255 
-0.733837 2.54286 -2.4553 190 190 190 255 
-0.733837 2.71338 -2.26541 190 190 190 255 
-0.733837 3.13694 -1.62915 190 190 190 255 
-0.780443 3.14792 -1.63484 190 190 190 255 
-0.780443 3.25766 -1.40343 190 190 190 255 
-0.733837 3.33878 -1.16065 190 190 190 255 
-0.733837 3.41382 -0.916708 190 190 190 255 
-0.780443 3.42577 -0.919914 190 190 190 255 
-0.780443 3.4832 -0.67032 190 190 190 255 
-0.780443 3.52249 -0.417232 190 190 190 255 
-0.733837 3.53106 -0.161405 190 190 190 255 
-0.780443 3.54341 -0.16197 190 190 190 255 
-0.733837 3.53351 0.0938097 190 190 190 255 
-0.780443 3.49538 0.603548 190 190 190 255 
-0.780443 3.44274 0.854193 190 190 190 255 
-0.733837 3.27249 1.33617 190 190 190 255 
-0.780443 3.37211 1.10039 190 190 190 255 
-0.780443 3.17861 1.57431 190 190 190 255 
-0.733837 3.04608 1.7933 190 190 190 255 
-0.780443 3.05674 1.79957 190 190 190 255 
-0.780443 2.91891 2.01544 190 190 190 255 
-0.780443 2.76589 2.22081 190 190 190 255 
-0.780443 2.41742 2.5958 190 190 190 255 
-0.733837 2.01155 2.90657 190 190 190 255 
-0.733837 1.79658 3.04414 190 190 190 255 
-0.780443 2.01859 2.91673 190 190 190 255 
-0.780443 1.80287 3.05478 190 190 190 255 
-0.733837 1.57224 3.16585 190 190 190 255 
-0.733837 1.33971 3.27104 190 190 190 255 
-0.780443 1.3444 3.28248 190 190 190 255 
-0.780443 0.857925 3.44181 190 190 190 255 
-0.780443 0.353556 3.52945 190 190 190 255 
-0.733837 0.0976173 3.53341 190 190 190 255 
-0.780443 -0.413438 3.52294 190 190 190 255 
-0.733837 -0.913013 3.41481 190 190 190 255 
-0.780443 -0.916205 3.42675 190 190 190 255 
-0.733837 -1.39503 3.24783 190 190 190 255 
-0.780443 -1.39993 3.25919 190 190 190 255 
-0.780443 -1.63143 3.14967 190 190 190 255 
-0.780443 -3.45675 0.795636 190 190 190 255 
-0.780443 -3.50515 0.544132 190 190 190 255 
-0.824231 -3.52507 0.547227 190 190 190 255 
-0.780443 -3.53525 0.289789 190 190 190 255 
-0.824231 -3.55537 0.291439 190 190 190 255 
-0.780443 -3.54014 -0.222091 190 190 190 255 
-0.780443 -3.51491 -0.476961 190 190 190 255 
-0.824231 -3.5349 -0.479676 190 190 190 255 
-0.780443 -3.40965 -0.977928 190 190 190 255 
-0.824231 -3.49109 -0.733496 190 190 190 255 
-0.824231 -3.34915 -1.22836 190 190 190 255 
-0.780443 -3.23339 -1.45853 190 190 190 255 
-0.824231 -3.25179 -1.46683 190 190 190 255 
-0.780443 -3.11971 -1.68804 190 190 190 255 
-0.824231 -2.86044 -2.13157 190 190 190 255 
-0.780443 -2.68389 -2.31922 190 190 190 255 
-0.780443 -2.50954 -2.50684 190 190 190 255 
-0.824231 -2.33534 -2.69664 190 190 190 255 
-0.780443 -1.91199 -2.9877 190 190 190 255 
-0.824231 -1.92286 -3.00471 190 190 190 255 
-0.824231 -1.70103 -3.13563 190 190 190 255 
-0.780443 -1.46203 -3.2318 190 190 190 255 
-0.824231 -1.47034 -3.25019 190 190 190 255 
-0.824231 -1.23199 -3.34782 190 190 190 255 
-0.780443 -0.733105 -3.47053 190 190 190 255 
-0.780443 -0.480758 -3.51439 190 190 190 255 
-0.780443 -0.225925 -3.53992 190 190 190 255 
-0.780443 0.0301189 -3.54699 190 190 190 255 
-0.780443 0.285972 -3.53557 190 190 190 255 
-0.824231 0.0302798 -3.56718 190 190 190 255 
-0.780443 0.540349 -3.50572 190 190 190 255 
-0.824231 0.543417 -3.52567 190 190 190 255 
-0.824231 0.796413 -3.47727 190 190 190 255 
-0.824231 1.04523 -3.41074 190 190 190 255 
-0.780443 1.28132 -3.3076 190 190 190 255 
-0.824231 1.28863 -3.32642 190 190 190 255 
-0.780443 1.51668 -3.20652 190 190 190 255 
-0.780443 1.74408 -3.08872 190 190 190 255 
-0.824231 1.75402 -3.1063 190 190 190 255 
-0.780443 2.3673 -2.64158 190 190 190 255 
-0.780443 2.55175 -2.46388 190 190 190 255 
-0.824231 2.38077 -2.65662 190 190 190 255 
-0.824231 2.73837 -2.28627 190 190 190 255 
-0.780443 2.72287 -2.27333 190 190 190 255 
-0.780443 2.87982 -2.07093 190 190 190 255 
-0.780443 3.02173 -1.85773 190 190 190 255 
-0.824231 2.89621 -2.08271 190 190 190 255 
-0.824231 3.16581 -1.64415 190 190 190 255 
-0.780443 3.35045 -1.16471 190 190 190 255 
-0.824231 3.36953 -1.17134 190 190 190 255 
-0.824231 3.54253 -0.419607 190 190 190 255 
-0.780443 3.54586 0.0941382 190 190 190 255 
-0.780443 3.52983 0.349754 190 190 190 255 
-0.824231 3.51529 0.606982 190 190 190 255 
-0.824231 3.46234 0.859054 190 190 190 255 
-0.780443 3.28393 1.34084 190 190 190 255 
-0.824231 2.93551 2.02691 190 190 190 255 
-0.824231 2.78162 2.23345 190 190 190 255 
-0.780443 2.5984 2.4146 190 190 190 255 
-0.824231 2.43118 2.61057 190 190 190 255 
-0.780443 2.22379 2.76347 190 190 190 255 
-0.824231 2.03009 2.93333 190 190 190 255 
-0.824231 1.81313 3.07217 190 190 190 255 
-0.780443 1.57774 3.17691 190 190 190 255 
-0.824231 1.58672 3.19499 190 190 190 255 
-0.824231 1.35204 3.30116 190 190 190 255 
-0.780443 1.10404 3.37093 190 190 190 255 
-0.824231 1.11031 3.39011 190 190 190 255 
-0.780443 0.607339 3.49474 190 190 190 255 
-0.824231 0.610774 3.51463 190 190 190 255 
-0.780443 0.0979692 3.54576 190 190 190 255 
-0.780443 -0.158144 3.54359 190 190 190 255 
-0.824231 -0.159052 3.56376 190 190 190 255 
-0.824231 -0.415785 3.54299 190 190 190 255 
-0.780443 -0.666567 3.48393 190 190 190 255 
-0.824231 -0.670358 3.50375 190 190 190 255 
-0.780443 -1.16108 3.3517 190 190 190 255 
-0.824231 -1.64072 3.1676 190 190 190 255 
-0.780443 -1.85446 3.02374 190 190 190 255 
-0.824231 -1.86501 3.04095 190 190 190 255 
-0.823944 -2.02186 2.93961 190 190 190 255 
-0.824231 -3.4096 1.04893 190 190 190 255 
-0.824231 -3.47642 0.800164 190 190 190 255 
-0.863896 -3.50313 0.806313 190 190 190 255 
-0.863896 -3.55218 0.551434 190 190 190 255 
-0.863896 -3.5827 0.293679 190 190 190 255 
-0.824231 -3.56715 0.0341319 190 190 190 255 
-0.863896 -3.59456 0.0343942 190 190 190 255 
-0.824231 -3.5603 -0.223355 190 190 190 255 
-0.863896 -3.56208 -0.483362 190 190 190 255 
-0.863896 -3.51791 -0.739133 190 190 190 255 
-0.824231 -3.42904 -0.983494 190 190 190 255 
-0.863896 -3.4554 -0.991051 190 190 190 255 
-0.863896 -3.3749 -1.2378 190 190 190 255 
-0.824231 -3.13747 -1.69764 190 190 190 255 
-0.863896 -3.16158 -1.71069 190 190 190 255 
-0.863896 -3.0299 -1.93436 190 190 190 255 
-0.824231 -3.0068 -1.91961 190 190 190 255 
-0.863896 -2.8824 -2.14795 190 190 190 255 
-0.824231 -2.69918 -2.33242 190 190 190 255 
-0.824231 -2.52384 -2.5211 190 190 190 255 
-0.863896 -2.54322 -2.54048 190 190 190 255 
-0.863896 -2.35329 -2.71737 190 190 190 255 
-0.824231 -2.13467 -2.85813 190 190 190 255 
-0.863896 -2.15107 -2.88009 190 190 190 255 
-0.863896 -1.93765 -3.0278 190 190 190 255 
-0.824231 -0.987191 -3.42799 190 190 190 255 
-0.863896 -0.994786 -3.45433 190 190 190 255 
-0.824231 -0.737278 -3.49029 190 190 190 255 
-0.824231 -0.483482 -3.53439 190 190 190 255 
-0.863896 -0.48721 -3.56155 190 190 190 255 
-0.824231 -0.227194 -3.56006 190 190 190 255 
-0.824231 0.287599 -3.55569 190 190 190 255 
-0.863896 0.0305078 -3.59459 190 190 190 255 
-0.863896 0.289801 -3.58302 190 190 190 255 
-0.824231 1.5253 -3.22477 190 190 190 255 
-0.824231 1.97359 -2.97164 190 190 190 255 
-0.863896 1.7675 -3.13017 190 190 190 255 
-0.824231 2.18285 -2.82148 190 190 190 255 
-0.863896 2.19965 -2.84316 190 190 190 255 
-0.824231 2.56626 -2.4779 190 190 190 255 
-0.863896 2.39907 -2.67703 190 190 190 255 
-0.863896 2.58597 -2.49694 190 190 190 255 
-0.863896 2.91847 -2.09872 190 190 190 255 
-0.863896 3.06229 -1.88266 190 190 190 255 
-0.824231 3.03893 -1.8683 190 190 190 255 
-0.824231 3.27622 -1.41142 190 190 190 255 
-0.863896 3.19016 -1.65678 190 190 190 255 
-0.863896 3.30137 -1.42227 190 190 190 255 
-0.863896 3.3954 -1.18034 190 190 190 255 
-0.824231 3.44525 -0.925148 190 190 190 255 
-0.824231 3.50302 -0.674135 190 190 190 255 
-0.863896 3.52994 -0.679315 190 190 190 255 
-0.824231 3.56357 -0.162891 190 190 190 255 
-0.824231 3.56606 0.0946727 190 190 190 255 
-0.863896 3.59346 0.0954003 190 190 190 255 
-0.824231 3.54993 0.351744 190 190 190 255 
-0.863896 3.5772 0.354448 190 190 190 255 
-0.824231 3.3913 1.10665 190 190 190 255 
-0.863896 3.41739 1.11515 190 190 190 255 
-0.824231 3.30263 1.34847 190 190 190 255 
-0.824231 3.19672 1.58327 190 190 190 255 
-0.824231 3.07414 1.80981 190 190 190 255 
-0.863896 2.95809 2.04249 190 190 190 255 
-0.863896 2.803 2.25061 190 190 190 255 
-0.824231 2.61321 2.42834 190 190 190 255 
-0.863896 2.63329 2.447 190 190 190 255 
-0.824231 2.23646 2.7792 190 190 190 255 
-0.863896 2.25364 2.80055 190 190 190 255 
-0.863896 1.82705 3.09578 190 190 190 255 
-0.863896 1.36242 3.32653 190 190 190 255 
-0.863896 1.11884 3.41617 190 190 190 255 
-0.863896 0.869429 3.48799 190 190 190 255 
-0.824231 0.862806 3.46139 190 190 190 255 
-0.824231 0.355569 3.54954 190 190 190 255 
-0.863896 0.358318 3.57682 190 190 190 255 
-0.824231 0.0985242 3.56594 190 190 190 255 
-0.863896 -0.418977 3.57022 190 190 190 255 
-0.824231 -0.921415 3.44625 190 190 190 255 
-0.824231 -1.16769 3.37078 190 190 190 255 
-0.824231 -1.40787 3.27773 190 190 190 255 
-0.863896 -1.41869 3.30292 190 190 190 255 
-0.863896 -1.65332 3.19194 190 190 190 255 
-0.86376 -2.01639 2.97616 190 190 190 255 
-0.867343 -2.01577 2.97982 190 190 190 255 
-0.863896 -3.4358 1.05699 190 190 190 255 
-0.865148 -3.39325 1.1912 190 190 190 255 
-0.898257 -3.5361 0.8139 190 190 190 255 
-0.898257 -3.6164 0.296442 190 190 190 255 
-0.898257 -3.62839 0.0347179 190 190 190 255 
-0.863896 -3.58766 -0.225071 190 190 190 255 
-0.898257 -3.62144 -0.227188 190 190 190 255 
-0.898257 -3.48792 -1.00038 190 190 190 255 
-0.863896 -3.27677 -1.4781 190 190 190 255 
-0.898257 -3.30761 -1.49201 190 190 190 255 
-0.863896 -2.71991 -2.35034 190 190 190 255 
-0.898257 -2.1713 -2.90719 190 190 190 255 
-0.898257 -1.95586 -3.05629 190 190 190 255 
-0.863896 -1.71411 -3.15972 190 190 190 255 
-0.898257 -1.73024 -3.18945 190 190 190 255 
-0.863896 -1.48165 -3.27517 190 190 190 255 
-0.863896 -1.24146 -3.37354 190 190 190 255 
-0.898257 -1.25313 -3.40529 190 190 190 255 
-0.863896 -0.742928 -3.51711 190 190 190 255 
-0.898257 -1.00414 -3.48684 190 190 190 255 
-0.898257 -0.749923 -3.5502 190 190 190 255 
-0.863896 -0.228963 -3.58742 190 190 190 255 
-0.898257 0.0307863 -3.62841 190 190 190 255 
-0.898257 0.292533 -3.61673 190 190 190 255 
-0.863896 0.547601 -3.55277 190 190 190 255 
-0.898257 0.552735 -3.5862 190 190 190 255 
-0.863896 0.802527 -3.50399 190 190 190 255 
-0.863896 1.05328 -3.43695 190 190 190 255 
-0.898257 0.810072 -3.53696 190 190 190 255 
-0.898257 1.06319 -3.46929 190 190 190 255 
-0.863896 1.29853 -3.35199 190 190 190 255 
-0.863896 1.537 -3.24955 190 190 190 255 
-0.898257 1.31075 -3.38353 190 190 190 255 
-0.898257 1.55148 -3.28013 190 190 190 255 
-0.898257 1.78413 -3.15963 190 190 190 255 
-0.863896 1.98875 -2.99447 190 190 190 255 
-0.898257 2.00747 -3.02265 190 190 190 255 
-0.898257 2.42164 -2.70222 190 190 190 255 
-0.898257 2.61031 -2.52044 190 190 190 255 
-0.863896 2.75941 -2.30384 190 190 190 255 
-0.898257 3.22016 -1.67237 190 190 190 255 
-0.898257 3.42735 -1.19145 190 190 190 255 
-0.863896 3.47173 -0.932258 190 190 190 255 
-0.863896 3.56976 -0.422832 190 190 190 255 
-0.898257 3.60336 -0.426811 190 190 190 255 
-0.863896 3.59096 -0.164143 190 190 190 255 
-0.898257 3.62475 -0.165687 190 190 190 255 
-0.898257 3.62726 0.0962987 190 190 190 255 
-0.863896 3.5423 0.611646 190 190 190 255 
-0.863896 3.48892 0.865657 190 190 190 255 
-0.898257 3.44954 1.12565 190 190 190 255 
-0.863896 3.328 1.35884 190 190 190 255 
-0.863896 3.22126 1.59544 190 190 190 255 
-0.863896 3.09776 1.82372 190 190 190 255 
-0.898257 3.1269 1.84088 190 190 190 255 
-0.898257 2.9859 2.06171 190 190 190 255 
-0.863896 2.44984 2.63064 190 190 190 255 
-0.898257 2.65805 2.47003 190 190 190 255 
-0.863896 2.04569 2.95587 190 190 190 255 
-0.898257 2.27485 2.82691 190 190 190 255 
-0.898257 2.06494 2.98369 190 190 190 255 
-0.863896 1.59891 3.21955 190 190 190 255 
-0.898257 1.61396 3.24984 190 190 190 255 
-0.898257 1.12937 3.44831 190 190 190 255 
-0.863896 0.615479 3.54164 190 190 190 255 
-0.863896 0.0992806 3.59335 190 190 190 255 
-0.863896 -0.160266 3.59114 190 190 190 255 
-0.863896 -0.675506 3.53068 190 190 190 255 
-0.863896 -0.928496 3.47273 190 190 190 255 
-0.863896 -1.17668 3.39668 190 190 190 255 
-0.863896 -1.87936 3.06432 190 190 190 255 
-0.898257 -3.46813 1.06693 190 190 190 255 
-0.926291 -3.57431 0.822699 190 190 190 255 
-0.898257 -3.5856 0.556622 190 190 190 255 
-0.926291 -3.62435 0.562639 190 190 190 255 
-0.926291 -3.65551 0.299647 190 190 190 255 
-0.926291 -3.66057 -0.229645 190 190 190 255 
-0.926291 -3.63446 -0.493186 190 190 190 255 
-0.898257 -3.59559 -0.487911 190 190 190 255 
-0.898257 -3.55102 -0.746088 190 190 190 255 
-0.926291 -3.44349 -1.26296 190 190 190 255 
-0.898257 -3.40664 -1.24945 190 190 190 255 
-0.926291 -3.22581 -1.74546 190 190 190 255 
-0.898257 -3.19132 -1.72679 190 190 190 255 
-0.898257 -3.0584 -1.95257 190 190 190 255 
-0.898257 -2.90952 -2.16816 190 190 190 255 
-0.898257 -2.74551 -2.37246 190 190 190 255 
-0.926291 -2.77519 -2.39811 190 190 190 255 
-0.898257 -2.56716 -2.56438 190 190 190 255 
-0.898257 -2.37541 -2.74294 190 190 190 255 
-0.926291 -2.19477 -2.93862 190 190 190 255 
-0.926291 -1.977 -3.08933 190 190 190 255 
-0.926291 -1.74895 -3.22394 190 190 190 255 
-0.898257 -1.49557 -3.30599 190 190 190 255 
-0.926291 -1.26667 -3.44211 190 190 190 255 
-0.926291 -1.01502 -3.52453 190 190 190 255 
-0.898257 -0.49181 -3.59506 190 190 190 255 
-0.926291 -0.497109 -3.63393 190 190 190 255 
-0.898257 -0.231098 -3.62118 190 190 190 255 
-0.926291 0.0311383 -3.66764 190 190 190 255 
-0.926291 0.295697 -3.65583 190 190 190 255 
-0.926291 0.818832 -3.5752 190 190 190 255 
-0.926291 1.32491 -3.42011 190 190 190 255 
-0.926291 1.56826 -3.31559 190 190 190 255 
-0.898257 2.22032 -2.86992 190 190 190 255 
-0.898257 2.78536 -2.32551 190 190 190 255 
-0.926291 2.63854 -2.54769 190 190 190 255 
-0.926291 2.8155 -2.35066 190 190 190 255 
-0.898257 2.94593 -2.11847 190 190 190 255 
-0.898257 3.09111 -1.90037 190 190 190 255 
-0.898257 3.33245 -1.43565 190 190 190 255 
-0.898257 3.5044 -0.94103 190 190 190 255 
-0.898257 3.56317 -0.685708 190 190 190 255 
-0.926291 3.64231 -0.431425 190 190 190 255 
-0.926291 3.66396 -0.16748 190 190 190 255 
-0.926291 3.66647 0.0973402 190 190 190 255 
-0.898257 3.61086 0.357783 190 190 190 255 
-0.898257 3.57564 0.617401 190 190 190 255 
-0.898257 3.52176 0.873802 190 190 190 255 
-0.898257 3.35932 1.37162 190 190 190 255 
-0.926291 3.39562 1.38645 190 190 190 255 
-0.898257 3.2516 1.61045 190 190 190 255 
-0.898257 2.82936 2.27179 190 190 190 255 
-0.926291 3.0182 2.084 190 190 190 255 
-0.926291 2.68679 2.49673 190 190 190 255 
-0.898257 2.4729 2.65539 190 190 190 255 
-0.926291 2.49963 2.6841 190 190 190 255 
-0.926291 2.08726 3.01594 190 190 190 255 
-0.898257 1.84425 3.12491 190 190 190 255 
-0.898257 1.37526 3.35783 190 190 190 255 
-0.926291 1.1416 3.48559 190 190 190 255 
-0.898257 0.877603 3.52082 190 190 190 255 
-0.898257 0.621262 3.57496 190 190 190 255 
-0.926291 0.627982 3.61361 190 190 190 255 
-0.898257 0.361672 3.61047 190 190 190 255 
-0.926291 0.365607 3.64951 190 190 190 255 
-0.898257 0.100225 3.62716 190 190 190 255 
-0.926291 -0.163526 3.66413 190 190 190 255 
-0.898257 -0.161769 3.62494 190 190 190 255 
-0.898257 -0.422909 3.60381 190 190 190 255 
-0.898257 -0.681844 3.5639 190 190 190 255 
-0.898257 -0.937251 3.50541 190 190 190 255 
-0.898257 -1.18774 3.42864 190 190 190 255 
-0.898257 -1.43204 3.334 190 190 190 255 
-0.898257 -1.6689 3.22198 190 190 190 255 
-0.898257 -1.89703 3.09316 190 190 190 255 
-0.925646 -1.99011 3.08129 190 190 190 255 
-1.07233 -2.04243 3.20768 190 190 190 255 
-1.06475 -2.04637 3.21386 190 190 190 255 
-1.10343 -2.0454 3.21235 190 190 190 255 
-0.987542 -3.51431 1.52593 190 190 190 255 
-1.0069 -3.50746 1.53799 190 190 190 255 
-0.813771 -3.79201 1.70881 190 190 190 255 
-0.406058 -3.53728 1.48533 190 190 190 255 
-0.392381 -3.51914 1.51738 190 190 190 255 
-0.383826 -3.51418 1.52617 190 190 190 255 
-0.384058 -3.51431 1.52593 190 190 190 255 
-0.383864 -3.51829 1.5285 190 190 190 255 
-0.373655 -3.51 1.53353 190 190 190 255 
-0.37491 -3.51052 1.53262 190 190 190 255 
-0.362215 -3.51118 1.54175 190 190 190 255 
-0.349772 -3.50915 1.54575 190 190 190 255 
-0.353663 -3.50526 1.54192 190 190 190 255 
-0.336697 -3.50345 1.54513 190 190 190 255 
-0.33674 -3.5082 1.54783 190 190 190 255 
-0.330646 -3.50813 1.5481 190 190 190 255 
-0.334801 -3.55313 1.57358 190 190 190 255 
-0.342881 -3.56036 1.57735 190 190 190 255 
-0.385312 -3.65808 1.63267 190 190 190 255 
-0.42034 -3.70074 1.65682 190 190 190 255 
-0.416194 -3.70365 1.65879 190 190 190 255 
-0.440209 -3.72713 1.67207 190 190 190 255 
-0.463273 -3.73752 1.67764 190 190 190 255 
-0.484676 -3.75857 1.68988 190 190 190 255 
-0.510172 -3.77126 1.69705 190 190 190 255 
-0.565733 -3.79358 1.70968 190 190 190 255 
-0.512834 -3.76734 1.69451 190 190 190 255 
-0.625779 -3.80272 1.71454 190 190 190 255 
-0.685833 -3.81195 1.7201 190 190 190 255 
-0.644331 -3.81068 1.71937 190 190 190 255 
-0.624858 -3.80729 1.71745 190 190 190 255 
-0.588266 -3.80094 1.71386 190 190 190 255 
-0.806097 -3.79398 1.70993 190 190 190 255 
-0.758765 -3.80621 1.71685 190 190 190 255 
-0.861878 -3.7719 1.69742 190 190 190 255 
-0.986288 -3.65808 1.63267 190 190 190 255 
-0.991423 -3.66062 1.63443 190 190 190 255 
-1.01237 -3.61082 1.60592 190 190 190 255 
-1.04051 -3.52557 1.55797 190 190 190 255 
-1.03486 -3.5082 1.54783 190 190 190 255 
-1.02953 -3.50391 1.54431 190 190 190 255 
-1.02187 -3.50457 1.54315 190 190 190 255 
-1.02183 -3.50915 1.54575 190 190 190 255 
-1.00939 -3.51118 1.54175 190 190 190 255 
-0.972538 -3.52477 1.50745 190 190 190 255 
-0.973642 -3.52385 1.50909 190 190 190 255 
-0.966398 -3.535 1.48939 190 190 190 255 
-0.406092 -3.5411 1.4875 190 190 190 255 
-0.406434 -3.54465 1.48122 190 190 190 255 
-0.411013 -3.58289 1.51116 190 190 190 255 
-0.445309 -3.6646 1.54912 190 190 190 255 
-0.473082 -3.69539 1.57483 190 190 190 255 
-0.507704 -3.72818 1.58511 190 190 190 255 
-0.507486 -3.72486 1.59152 190 190 190 255 
-0.547199 -3.74874 1.60504 190 190 190 255 
-0.733837 -3.78035 1.61465 190 190 190 255 
-0.780559 -3.76633 1.615 190 190 190 255 
-0.863896 -3.72818 1.58511 190 190 190 255 
-0.926291 -3.6646 1.54912 190 190 190 255 
-0.960587 -3.58289 1.51116 190 190 190 255 
-0.965542 -3.53728 1.48533 190 190 190 255 
-0.967898 -3.53474 1.49884 190 190 190 255 
-0.965508 -3.5411 1.4875 190 190 190 255 
-0.962936 -3.57688 1.5227 190 190 190 255 
-0.94972 -3.61765 1.54578 190 190 190 255 
-0.947483 -3.62335 1.53405 190 190 190 255 
-0.926586 -3.66119 1.55548 190 190 190 255 
-0.900336 -3.69034 1.58692 190 190 190 255 
-0.865638 -3.72004 1.60375 190 190 190 255 
-0.898518 -3.69539 1.57483 190 190 190 255 
-0.864114 -3.72486 1.59152 190 190 190 255 
-0.824401 -3.74874 1.60504 190 190 190 255 
-0.734307 -3.77273 1.63357 190 190 190 255 
-0.733896 -3.77711 1.62109 190 190 190 255 
-0.6858 -3.78074 1.62314 190 190 190 255 
-0.6858 -3.77641 1.63564 190 190 190 255 
-0.637293 -3.77273 1.63357 190 190 190 255 
-0.637704 -3.77711 1.62109 190 190 190 255 
-0.590231 -3.76189 1.62743 190 190 190 255 
-0.591041 -3.76633 1.615 190 190 190 255 
-0.505962 -3.72004 1.60375 190 190 190 255 
-0.445014 -3.66119 1.55548 190 190 190 255 
-0.424117 -3.62335 1.53405 190 190 190 255 
-0.42188 -3.61765 1.54578 190 190 190 255 
-0.403667 -3.53086 1.49666 190 190 190 255 
-0.405202 -3.535 1.48939 190 190 190 255 
-0.972503 -3.52868 1.50967 190 190 190 255 
-0.967459 -3.57151 1.53392 190 190 190 255 
-0.903838 -3.68683 1.59919 190 190 190 255 
-0.928644 -3.65585 1.56741 190 190 190 255 
-0.868574 -3.71702 1.61629 190 190 190 255 
-0.827867 -3.74151 1.63015 190 190 190 255 
-0.825585 -3.74415 1.61739 190 190 190 255 
-0.781369 -3.76189 1.62743 190 190 190 255 
-0.782929 -3.75954 1.64035 190 190 190 255 
-0.546015 -3.74415 1.61739 190 190 190 255 
-0.543733 -3.74151 1.63015 190 190 190 255 
-0.503026 -3.71702 1.61629 190 190 190 255 
-0.438992 -3.65179 1.57935 190 190 190 255 
-0.471264 -3.69034 1.58692 190 190 190 255 
-0.442956 -3.65585 1.56741 190 190 190 255 
-0.404141 -3.57151 1.53392 190 190 190 255 
-0.408664 -3.57688 1.5227 190 190 190 255 
-0.403702 -3.53474 1.49884 190 190 190 255 
-0.399097 -3.52868 1.50967 190 190 190 255 
-0.399062 -3.52477 1.50745 190 190 190 255 
-0.979183 -3.52314 1.51965 190 190 190 255 
-0.954028 -3.61296 1.55738 190 190 190 255 
-0.938358 -3.64912 1.59097 190 190 190 255 
-0.932608 -3.65179 1.57935 190 190 190 255 
-0.908917 -3.68497 1.61126 190 190 190 255 
-0.872832 -3.71589 1.62876 190 190 190 255 
-0.831177 -3.74093 1.64294 190 190 190 255 
-0.736247 -3.77069 1.65978 190 190 190 255 
-0.735099 -3.77058 1.6466 190 190 190 255 
-0.6858 -3.77449 1.66193 190 190 190 255 
-0.6858 -3.77429 1.6487 190 190 190 255 
-0.635353 -3.77069 1.65978 190 190 190 255 
-0.636501 -3.77058 1.6466 190 190 190 255 
-0.588671 -3.75954 1.64035 190 190 190 255 
-0.498768 -3.71589 1.62876 190 190 190 255 
-0.467763 -3.68683 1.59919 190 190 190 255 
-0.417572 -3.61296 1.55738 190 190 190 255 
-0.392417 -3.52314 1.51965 190 190 190 255 
-0.982425 -3.56341 1.55404 190 190 190 255 
-0.974022 -3.56699 1.54447 190 190 190 255 
-0.960277 -3.60939 1.56848 190 190 190 255 
-0.968279 -3.60706 1.57875 190 190 190 255 
-0.915423 -3.68484 1.62278 190 190 190 255 
-0.737718 -3.77305 1.67271 190 190 190 255 
-0.785192 -3.75939 1.65339 190 190 190 255 
-0.58351 -3.76143 1.66613 190 190 190 255 
-0.586408 -3.75939 1.65339 190 190 190 255 
-0.536185 -3.74242 1.65538 190 190 190 255 
-0.540423 -3.74093 1.64294 190 190 190 255 
-0.493315 -3.71666 1.64079 190 190 190 255 
-0.462683 -3.68497 1.61126 190 190 190 255 
-0.425879 -3.64795 1.60189 190 190 190 255 
-0.433242 -3.64912 1.59097 190 190 190 255 
-0.403321 -3.60706 1.57875 190 190 190 255 
-0.411323 -3.60939 1.56848 190 190 190 255 
-0.389175 -3.56341 1.55404 190 190 190 255 
-0.397578 -3.56699 1.54447 190 190 190 255 
-0.391791 -3.51878 1.51799 190 190 190 255 
-0.987736 -3.51829 1.5285 190 190 190 255 
-0.997906 -3.51426 1.53594 190 190 190 255 
-0.992416 -3.56092 1.56234 190 190 190 255 
-0.945721 -3.64795 1.60189 190 190 190 255 
-0.878285 -3.71666 1.64079 190 190 190 255 
-0.884768 -3.71929 1.65201 190 190 190 255 
-0.840455 -3.74595 1.6671 190 190 190 255 
-0.835415 -3.74242 1.65538 190 190 190 255 
-0.78809 -3.76143 1.66613 190 190 190 255 
-0.739467 -3.7776 1.68501 190 190 190 255 
-0.6858 -3.77697 1.67493 190 190 190 255 
-0.633882 -3.77305 1.67271 190 190 190 255 
-0.580065 -3.76557 1.67821 190 190 190 255 
-0.531145 -3.74595 1.6671 190 190 190 255 
-0.486831 -3.71929 1.65201 190 190 190 255 
-0.456177 -3.68484 1.62278 190 190 190 255 
-0.448443 -3.68643 1.6334 190 190 190 255 
-0.379184 -3.56092 1.56234 190 190 190 255 
-0.977794 -3.60601 1.58788 190 190 190 255 
-0.954476 -3.64829 1.6118 190 190 190 255 
-0.923157 -3.68643 1.6334 190 190 190 255 
-0.791535 -3.76557 1.67821 190 190 190 255 
-0.741441 -3.7842 1.6963 190 190 190 255 
-0.6858 -3.7884 1.69868 190 190 190 255 
-0.6858 -3.78166 1.6873 190 190 190 255 
-0.632133 -3.7776 1.68501 190 190 190 255 
-0.479513 -3.72377 1.66209 190 190 190 255 
-0.417124 -3.64829 1.6118 190 190 190 255 
-0.383067 -3.60632 1.5956 190 190 190 255 
-0.393806 -3.60601 1.58788 190 190 190 255 
-0.373694 -3.51426 1.53594 190 190 190 255 
-1.01592 -3.55937 1.57418 190 190 190 255 
-1.00017 -3.60794 1.60167 190 190 190 255 
-1.00369 -3.55954 1.56912 190 190 190 255 
-0.988533 -3.60632 1.5956 190 190 190 255 
-0.964358 -3.65014 1.6204 190 190 190 255 
-0.94135 -3.6945 1.65067 190 190 190 255 
-0.931887 -3.68966 1.64279 190 190 190 255 
-0.892087 -3.72377 1.66209 190 190 190 255 
-0.846143 -3.75139 1.67773 190 190 190 255 
-0.795424 -3.77173 1.68925 190 190 190 255 
-0.6858 -3.797 1.70871 190 190 190 255 
-0.62802 -3.79266 1.70625 190 190 190 255 
-0.630159 -3.7842 1.6963 190 190 190 255 
-0.576176 -3.77173 1.68925 190 190 190 255 
-0.519291 -3.7586 1.68696 190 190 190 255 
-0.525457 -3.75139 1.67773 190 190 190 255 
-0.471581 -3.72988 1.67072 190 190 190 255 
-0.439713 -3.68966 1.64279 190 190 190 255 
-0.407242 -3.65014 1.6204 190 190 190 255 
-0.367907 -3.55954 1.56912 190 190 190 255 
-0.362175 -3.50677 1.53925 190 190 190 255 
-1.02872 -3.56036 1.57735 190 190 190 255 
-0.95126 -3.70074 1.65682 190 190 190 255 
-0.975069 -3.65344 1.62743 190 190 190 255 
-0.908327 -3.73752 1.67764 190 190 190 255 
-0.900019 -3.72988 1.67072 190 190 190 255 
-0.858766 -3.76734 1.69451 190 190 190 255 
-0.852309 -3.7586 1.68696 190 190 190 255 
-0.804054 -3.78928 1.70694 190 190 190 255 
-0.79964 -3.77973 1.69892 190 190 190 255 
-0.745821 -3.80272 1.71454 190 190 190 255 
-0.74358 -3.79266 1.70625 190 190 190 255 
-0.6858 -3.80724 1.71711 190 190 190 255 
-0.567546 -3.78928 1.70694 190 190 190 255 
-0.57196 -3.77973 1.69892 190 190 190 255 
-0.43025 -3.6945 1.65067 190 190 190 255 
-0.396531 -3.65344 1.62743 190 190 190 255 
-0.371425 -3.60794 1.60167 190 190 190 255 
-0.359234 -3.61082 1.60592 190 190 190 255 
-0.355683 -3.55937 1.57418 190 190 190 255 
-0.31166 -2.03631 3.22018 190 190 190 255 
-0.4064 -3.64587 1.10618 190 190 190 255 
-0.4064 -3.54083 1.47905 190 190 190 255 
-0.4064 -3.65464 1.27801 190 190 190 255 
-0.4064 -3.63986 1.1302 190 190 190 255 
-0.4064 -3.63508 1.17179 190 190 190 255 
-0.0381 2.08816 3.12592 190 190 190 255 
-0.0381 2.24067 3.01845 190 190 190 255 
-0.0381 -1.46543 2.59256 190 190 190 255 
-0.0381 -2.62461 3.07183 190 190 190 255 
-0.0381 0.532837 3.72124 190 190 190 255 
-0.0381 -0.293819 3.0656 190 190 190 255 
-0.0381 -0.233404 2.9689 190 190 190 255 
-0.0381 1.7534 3.32481 190 190 190 255 
-0.0381 1.60122 3.40116 190 190 190 255 
-0.0381 -1.33868 2.27862 190 190 190 255 
-0.0381 1.93073 3.22552 190 190 190 255 
-0.0381 1.76817 3.3174 190 190 190 255 
-0.0381 2.52896 2.78139 190 190 190 255 
-0.0381 2.39154 2.90022 190 190 190 255 
-0.0381 -3.70733 0.61576 190 190 190 255 
-0.0381623 -3.3156 1.87693 190 190 190 255 
-0.0381 3.64848 -0.901447 190 190 190 255 
-0.0381 -1.4694 2.7065 190 190 190 255 
-0.0381 -0.459888 3.22056 190 190 190 255 
-0.0381 -0.370085 3.15035 190 190 190 255 
-0.0381 0.161341 3.75576 190 190 190 255 
-0.0381 1.40523 3.48608 190 190 190 255 
-0.0381 1.25656 3.54297 190 190 190 255 
-0.0381 1.07889 3.60106 190 190 190 255 
-0.0381 -3.72074 -0.531191 190 190 190 255 
-0.0381 -2.33312 3.05892 190 190 190 255 
-0.0381 -2.4195 3.05179 190 190 190 255 
-0.0381 -2.5066 3.0538 190 190 190 255 
-0.0381 -3.74191 0.360121 190 190 190 255 
-0.0381 -0.829037 0.191609 190 190 190 255 
-0.0381 -3.59568 1.26028 190 190 190 255 
-0.0381 -3.58418 1.17155 190 190 190 255 
-0.0381 -0.713518 0.463604 190 190 190 255 
-0.0381 2.91372 2.37527 190 190 190 255 
-0.0381 -0.1631 2.63772 190 190 190 255 
-0.0381 2.67461 2.64113 190 190 190 255 
-0.0381 3.13463 2.07503 190 190 190 255 
-0.0381 3.15439 2.04348 190 190 190 255 
-0.0381 3.4824 1.41578 190 190 190 255 
-0.0381 3.75032 0.241007 190 190 190 255 
-0.0381 3.74456 0.331715 190 190 190 255 
-0.0381 0.849726 -0.0447363 190 190 190 255 
-0.0381 3.73639 -0.413486 190 190 190 255 
-0.0381 3.72128 -0.524755 190 190 190 255 
-0.0381 -2.4615 -2.84031 190 190 190 255 
-0.0381 -2.48905 -2.81717 190 190 190 255 
-0.0381 -0.849722 0.0447361 190 190 190 255 
-0.0381 -3.7552 0.174076 190 190 190 255 
-0.0381 -3.75532 -0.149072 190 190 190 255 
-0.0381 -2.00917 3.17724 190 190 190 255 
-0.0381 -2.08516 3.13464 190 190 190 255 
-0.0381 -2.09383 3.13093 190 190 190 255 
-0.0381 -2.16469 3.1007 190 190 190 255 
-0.0381 -1.29448 3.11829 190 190 190 255 
-0.0381 -1.57992 3.40988 190 190 190 255 
-0.0381 -1.36468 3.02846 190 190 190 255 
-0.0381 -1.64713 3.37918 190 190 190 255 
-0.0381 -1.91946 3.23122 190 190 190 255 
-0.0381 -1.41824 2.92781 190 190 190 255 
-0.0381 -1.96539 3.20451 190 190 190 255 
-0.0381287 -3.36358 1.78707 190 190 190 255 
-0.0381 -3.4044 1.71057 190 190 190 255 
-0.0381 -3.59132 1.11516 190 190 190 255 
-0.0381 -3.64705 0.91143 190 190 190 255 
-0.0381 -0.178981 2.52483 190 190 190 255 
-0.0381 3.02784 2.22801 190 190 190 255 
-0.0381 -0.247072 2.34991 190 190 190 255 
-0.0381 0.191599 0.829046 190 190 190 255 
-0.0381 0.758258 0.386119 190 190 190 255 
-0.0381 3.50309 1.36103 190 190 190 255 
-0.0381 3.69329 0.700858 190 190 190 255 
-0.0381 3.65388 0.883581 190 190 190 255 
-0.0381 0.813778 0.248584 190 190 190 255 
-0.0381 0.829042 -0.191609 190 190 190 255 
-0.0381 3.71121 -0.598701 190 190 190 255 
-0.0381 0.783177 -0.332661 190 190 190 255 
-0.0381 3.53764 -1.26876 190 190 190 255 
-0.0381 3.63374 -0.963243 190 190 190 255 
-0.0381 2.99056 -2.27699 190 190 190 255 
-0.0381 -0.679674 -0.511922 190 190 190 255 
-0.0381 -3.10471 -2.11956 190 190 190 255 
-0.0381 -3.20408 -1.9659 190 190 190 255 
-0.0381 -1.45349 2.81939 190 190 190 255 
-0.0381 -2.24752 3.07544 190 190 190 255 
-0.0381 -1.00731 3.29763 190 190 190 255 
-0.0381 -1.11303 3.25494 190 190 190 255 
-0.0381 -0.47784 3.72759 190 190 190 255 
-0.0381 -0.668953 3.30936 190 190 190 255 
-0.0381 -0.85537 3.65941 190 190 190 255 
-0.0381 -0.0250346 3.75912 190 190 190 255 
-0.0381 -0.0952836 3.75691 190 190 190 255 
-0.0381 -0.211867 3.75323 190 190 190 255 
-0.0381 -0.397842 3.73812 190 190 190 255 
-0.0381 -0.422768 2.14967 190 190 190 255 
-0.0381 -0.338026 2.22594 190 190 190 255 
-0.0381 0.679678 0.511922 190 190 190 255 
-0.0381 3.38995 -1.62288 190 190 190 255 
-0.0381 0.740482 -0.41918 190 190 190 255 
-0.0381 0.713522 -0.463605 190 190 190 255 
-0.0381 3.20698 -1.96013 190 190 190 255 
-0.0381 -1.02739 -3.6161 190 190 190 255 
-0.0381 -2.19736 -3.05012 190 190 190 255 
-0.0381 -0.463595 -0.713514 190 190 190 255 
-0.0381 -2.15899 -3.07635 190 190 190 255 
-0.0381 -2.04336 -3.15538 190 190 190 255 
-0.0381 -0.580458 -0.62217 190 190 190 255 
-0.0381 -2.7559 -2.55667 190 190 190 255 
-0.0381 -3.38479 -1.63551 190 190 190 255 
-0.0381 -3.2996 -1.8012 190 190 190 255 
-0.0381 -0.758254 -0.386119 190 190 190 255 
-0.0381 -0.844574 -0.103497 190 190 190 255 
-0.0381 -3.71576 -0.56993 190 190 190 255 
-0.0381 -0.850624 2.01897 190 190 190 255 
-0.0381 -0.622162 0.580461 190 190 190 255 
-0.0381 -0.963521 2.03486 190 190 190 255 
-0.0381 -1.07194 2.07012 190 190 190 255 
-0.0381 3.75899 -0.0414278 190 190 190 255 
-0.0381 2.17418 -3.06672 190 190 190 255 
-0.0381 1.17825 -3.5698 190 190 190 255 
-0.0381 0.765504 -3.67946 190 190 190 255 
-0.0381 0.635438 -3.70512 190 190 190 255 
-0.0381 0.818731 -3.66896 190 190 190 255 
-0.0381 0.248596 -0.81378 190 190 190 255 
-0.0381 -0.293837 -3.74772 190 190 190 255 
-0.0381 -0.0447489 -0.849723 190 190 190 255 
-0.0381 -1.38094 -3.49639 190 190 190 255 
-0.0381 -0.332668 -0.783177 190 190 190 255 
-0.0381 -1.20585 -3.56055 190 190 190 255 
-0.0381 -1.13045 -3.58402 190 190 190 255 
-0.0381 -1.83405 -3.28032 190 190 190 255 
-0.0381 -1.5525 -3.42367 190 190 190 255 
-0.0381 -3.64092 -0.935643 190 190 190 255 
-0.0381 -0.813774 -0.248584 190 190 190 255 
-0.0381 -3.53598 -1.27501 190 190 190 255 
-0.0381 -3.53038 -1.29159 190 190 190 255 
-0.0381 2.73634 -2.57765 190 190 190 255 
-0.0381 2.86066 -2.43891 190 190 190 255 
-0.0381 0.386114 -0.75825 190 190 190 255 
-0.0381 0.511923 -0.679682 190 190 190 255 
-0.0381 1.8399 -3.27762 190 190 190 255 
-0.0381 0.386379 -3.73826 190 190 190 255 
-0.0381 -0.511919 0.679681 190 190 190 255 
-0.0381 -0.519448 2.08928 190 190 190 255 
-0.0381 0.0447234 0.849724 190 190 190 255 
-0.0381 -0.759145 -3.68059 190 190 190 255 
-0.0381 -0.664223 -3.70006 190 190 190 255 
-0.0381 -0.379943 -3.7388 190 190 190 255 
-0.9652 -3.64587 1.10618 190 190 190 255 
-1.12354 -3.64587 1.10618 190 190 190 255 
-0.9652 -3.49446 1.4528 190 190 190 255 
-0.9652 -3.54083 1.47905 190 190 190 255 
-0.9652 -3.64615 1.25451 190 190 190 255 
-0.9652 -3.58205 1.29807 190 190 190 255 
-0.9652 -3.63986 1.1302 190 190 190 255 
-1.01421 -1.98664 3.21359 190 190 190 255 
-1.12354 -1.50968 3.49814 190 190 190 255 
-1.12354 -1.25003 3.5991 190 190 190 255 
-1.12354 -0.712084 3.74286 190 190 190 255 
-1.12354 -0.958602 3.68656 190 190 190 255 
-1.10337 -0.983427 3.67985 190 190 190 255 
-1.10337 -0.158909 3.80568 190 190 190 255 
-1.12354 -0.436683 3.78489 190 190 190 255 
-1.12354 -0.573571 3.764 190 190 190 255 
-1.10337 0.39747 3.7882 190 190 190 255 
-1.12354 0.119631 3.80812 190 190 190 255 
-1.10337 0.945382 3.68981 190 190 190 255 
-1.12354 0.945642 3.69078 190 190 190 255 
-1.12354 0.673423 3.75002 190 190 190 255 
-1.10337 0.673222 3.74903 190 190 190 255 
-1.12354 0.600227 3.76041 190 190 190 255 
-1.12354 1.35767 3.5572 190 190 190 255 
-1.10337 1.47309 3.51261 190 190 190 255 
-1.12354 1.47349 3.51354 190 190 190 255 
-1.12354 1.72628 3.39648 190 190 190 255 
-1.12354 2.20289 3.10859 190 190 190 255 
-1.12354 2.37711 2.9753 190 190 190 255 
-1.10337 2.42352 2.93853 190 190 190 255 
-1.12354 3.00581 2.34121 190 190 190 255 
-1.10337 3.005 2.34059 190 190 190 255 
-1.10337 2.82595 2.55392 190 190 190 255 
-1.12354 2.8267 2.55459 190 190 190 255 
-1.12354 2.67088 2.7148 190 190 190 255 
-1.10337 3.16802 2.11475 190 190 190 255 
-1.12354 3.5533 1.37487 190 190 190 255 
-1.10337 3.55235 1.37451 190 190 190 255 
-1.12354 3.37007 1.7719 190 190 190 255 
-1.10337 3.64328 1.11126 190 190 190 255 
-1.12354 3.66215 1.04409 190 190 190 255 
-1.12354 3.64425 1.11155 190 190 190 255 
-1.10337 3.79781 0.291629 190 190 190 255 
-1.12354 3.76735 0.568514 190 190 190 255 
-1.10337 3.76636 0.568364 190 190 190 255 
-1.12354 3.74985 0.661278 190 190 190 255 
-1.12354 3.71572 0.842284 190 190 190 255 
-1.10337 3.79978 -0.265034 190 190 190 255 
-1.12354 3.80554 -0.12093 190 190 190 255 
-1.12354 3.80076 -0.265103 190 190 190 255 
-1.10337 3.77024 -0.541983 190 190 190 255 
-1.12354 3.77122 -0.542125 190 190 190 255 
-1.12354 3.58831 -1.27444 190 190 190 255 
-1.12354 3.56282 -1.34996 190 190 190 255 
-1.12354 3.32802 -1.85484 190 190 190 255 
-1.12354 3.02213 -2.32011 190 190 190 255 
-1.10337 3.02133 -2.31949 190 190 190 255 
-1.12354 3.03093 -2.30773 190 190 190 255 
-1.12354 2.84451 -2.53474 190 190 190 255 
-1.10337 2.22402 -3.09228 190 190 190 255 
-1.10337 2.44403 -2.9215 190 190 190 255 
-1.12354 2.49299 -2.87875 190 190 190 255 
-1.10337 2.65099 -2.73509 190 190 190 255 
-1.12354 2.77586 -2.60632 190 190 190 255 
-1.12354 1.75001 -3.38431 190 190 190 255 
-1.10337 1.74954 -3.38341 190 190 190 255 
-1.12354 1.49851 -3.50292 190 190 190 255 
-1.10337 1.49765 -3.50221 190 190 190 255 
-1.12354 1.12909 -3.63628 190 190 190 255 
-1.10337 1.23772 -3.60229 190 190 190 255 
-1.12354 0.748747 -3.73416 190 190 190 255 
-1.12354 0.69964 -3.74521 190 190 190 255 
-1.12354 0.424108 -3.78632 190 190 190 255 
-1.10337 0.146263 -3.80619 190 190 190 255 
-1.12354 0.360259 -3.79112 190 190 190 255 
-1.12354 -0.132288 -3.8077 190 190 190 255 
-1.10337 -0.685693 -3.74677 190 190 190 255 
-1.10337 -0.410079 -3.78686 190 190 190 255 
-1.12354 -0.4242 -3.78582 190 190 190 255 
-1.12354 -1.19064 -3.61798 190 190 190 255 
-1.12354 -0.957886 -3.68762 190 190 190 255 
-1.12354 -0.811388 -3.72001 190 190 190 255 
-1.12354 -1.55644 -3.47531 190 190 190 255 
-1.10337 -1.48476 -3.5077 190 190 190 255 
-1.12354 -1.48514 -3.50862 190 190 190 255 
-1.12354 -2.21321 -3.10125 190 190 190 255 
-1.12354 -1.73756 -3.39072 190 190 190 255 
-1.10337 -2.21263 -3.10043 190 190 190 255 
-1.10337 -3.01277 -2.33059 190 190 190 255 
-1.10337 -3.17502 -2.10421 190 190 190 255 
-1.12354 -3.44873 -1.61939 190 190 190 255 
-1.10337 -3.64696 -1.09914 190 190 190 255 
-1.10337 -3.55689 -1.36269 190 190 190 255 
-1.12354 -3.60891 -1.21361 190 190 190 255 
-1.10337 -3.44782 -1.61896 190 190 190 255 
-1.12354 -3.55784 -1.36305 190 190 190 255 
-1.12354 -3.46578 -1.57932 190 190 190 255 
-1.12354 -3.64793 -1.09943 190 190 190 255 
-1.12354 -3.79349 0.335615 190 190 190 255 
-1.12354 -3.79985 0.277736 190 190 190 255 
-1.12354 -3.81 -0.000670776 190 190 190 255 
-1.10337 -3.80899 -0.000671197 190 190 190 255 
-1.12354 -3.78106 -0.448562 190 190 190 255 
-1.10337 -3.76842 0.554514 190 190 190 255 
-1.12354 -3.73804 0.724408 190 190 190 255 
-1.10337 -3.71783 0.828399 190 190 190 255 
-1.12354 -3.64832 1.09814 190 190 190 255 
-1.10337 -3.64736 1.09785 190 190 190 255 
-1.10342 -3.63181 1.14606 190 190 190 255 
-1.12354 -3.63339 1.14656 190 190 190 255 
-1.0723 -3.62652 1.1444 190 190 190 255 
-1.01421 -3.61774 1.08894 190 190 190 255 
-1.01458 -3.60239 1.13678 190 190 190 255 
-0.98889 -3.59947 1.08344 190 190 190 255 
-0.989327 -3.58428 1.13107 190 190 190 255 
-0.953253 -3.54541 1.1188 190 190 190 255 
-0.973294 -3.57007 1.12658 190 190 190 255 
-0.939226 -3.53566 1.06424 190 190 190 255 
-0.948628 -3.62143 0.806918 190 190 190 255 
-0.939226 -3.60397 0.803031 190 190 190 255 
-0.939226 -3.64771 0.566238 190 190 190 255 
-0.948628 -3.67069 0.540134 190 190 190 255 
-0.939226 -3.69106 0.035287 190 190 190 255 
-0.948628 -3.70035 0.270463 190 190 190 255 
-0.948628 -3.71023 -0.000653049 190 190 190 255 
-0.939226 -3.6839 -0.231138 190 190 190 255 
-0.939226 -3.65751 -0.496347 190 190 190 255 
-0.939226 -3.6121 -0.758954 190 190 190 255 
-0.948628 -3.62114 -0.808193 190 190 190 255 
-0.948628 -3.55241 -1.07064 190 190 190 255 
-0.939226 -3.4651 -1.27092 190 190 190 255 
-0.948628 -3.46466 -1.32736 190 190 190 255 
-0.939226 -3.24594 -1.75638 190 190 190 255 
-0.939226 -3.11069 -1.98598 190 190 190 255 
-0.939226 -2.79232 -2.41297 190 190 190 255 
-0.948628 -2.93465 -2.27015 190 190 190 255 
-0.948628 -2.37018 -2.85447 190 190 190 255 
-0.939226 -2.20823 -2.95669 190 190 190 255 
-0.948628 -2.15525 -3.02004 190 190 190 255 
-0.939226 -1.9891 -3.10828 190 190 190 255 
-0.948628 -1.92881 -3.16946 190 190 190 255 
-0.939226 -1.52097 -3.36214 190 190 190 255 
-0.948628 -1.44625 -3.41674 190 190 190 255 
-0.948628 -1.19274 -3.51329 190 190 190 255 
-0.939226 -1.18698 -3.49637 190 190 190 255 
-0.939226 -0.928315 -3.57376 190 190 190 255 
-0.948628 -0.932807 -3.59105 190 190 190 255 
-0.948628 -0.667924 -3.64961 190 190 190 255 
-0.939226 -0.397527 -3.6709 190 190 190 255 
-0.939226 -0.235013 -3.6825 190 190 190 255 
-0.948628 -0.128829 -3.70799 190 190 190 255 
-0.939226 0.141775 -3.68963 190 190 190 255 
-0.948628 0.142476 -3.70749 190 190 190 255 
-0.939226 0.297488 -3.67794 190 190 190 255 
-0.948628 0.413003 -3.68717 190 190 190 255 
-0.939226 1.08117 -3.52796 190 190 190 255 
-0.948628 1.20564 -3.50888 190 190 190 255 
-0.939226 1.33292 -3.44074 190 190 190 255 
-0.948628 1.70421 -3.29568 190 190 190 255 
-0.939226 1.81429 -3.21304 190 190 190 255 
-0.939226 1.93111 -3.14711 190 190 190 255 
-0.948628 1.94045 -3.16234 190 190 190 255 
-0.948628 2.16634 -3.01209 190 190 190 255 
-0.948628 2.38066 -2.84574 190 190 190 255 
-0.948628 2.58224 -2.66417 190 190 190 255 
-0.939226 2.65444 -2.56307 190 190 190 255 
-0.939226 2.75668 -2.45647 190 190 190 255 
-0.939226 2.83248 -2.36486 190 190 190 255 
-0.948628 3.10021 -2.03826 190 190 190 255 
-0.939226 2.99576 -2.15432 190 190 190 255 
-0.948628 3.36419 -1.56462 190 190 190 255 
-0.939226 3.38889 -1.45999 190 190 190 255 
-0.948628 3.46951 -1.31461 190 190 190 255 
-0.939226 3.53918 -1.05248 190 190 190 255 
-0.948628 3.55631 -1.05757 190 190 190 255 
-0.948628 3.6241 -0.794875 190 190 190 255 
-0.948628 3.67247 -0.527929 190 190 190 255 
-0.939226 3.66452 -0.434081 190 190 190 255 
-0.939226 3.6834 -0.256917 190 190 190 255 
-0.948628 3.70124 -0.258161 190 190 190 255 
-0.948628 3.7102 0.012988 190 190 190 255 
-0.939226 3.6723 0.36384 190 190 190 255 
-0.939226 3.65102 0.55096 190 190 190 255 
-0.939226 3.63651 0.627884 190 190 190 255 
-0.939226 3.60101 0.816276 190 190 190 255 
-0.948628 3.54883 1.08244 190 190 190 255 
-0.939226 3.58178 0.888662 190 190 190 255 
-0.939226 3.50839 1.14481 190 190 190 255 
-0.939226 3.41669 1.39501 190 190 190 255 
-0.948628 3.46023 1.33887 190 190 190 255 
-0.939226 3.33701 1.58049 190 190 190 255 
-0.939226 3.30718 1.63794 190 190 190 255 
-0.939226 3.03709 2.09699 190 190 190 255 
-0.948628 3.22812 1.82891 190 190 190 255 
-0.948628 2.75266 2.48769 190 190 190 255 
-0.939226 2.7394 2.47571 190 190 190 255 
-0.948628 2.92708 2.2799 190 190 190 255 
-0.948628 2.56351 2.68219 190 190 190 255 
-0.939226 2.34931 2.84855 190 190 190 255 
-0.939226 2.51544 2.70101 190 190 190 255 
-0.948628 1.91826 3.17585 190 190 190 255 
-0.939226 1.90904 3.16055 190 190 190 255 
-0.948628 2.14522 3.02719 190 190 190 255 
-0.939226 1.17535 3.50029 190 190 190 255 
-0.948628 1.68107 3.30753 190 190 190 255 
-0.939226 1.6419 3.306 190 190 190 255 
-0.948628 0.920857 3.59413 190 190 190 255 
-0.939226 1.14899 3.50809 190 190 190 255 
-0.939226 0.115947 3.69054 190 190 190 255 
-0.939226 0.367998 3.67338 190 190 190 255 
-0.939226 0.385305 3.6722 190 190 190 255 
-0.948628 0.655778 3.65182 190 190 190 255 
-0.939226 -0.154032 3.68914 190 190 190 255 
-0.939226 -0.16458 3.68832 190 190 190 255 
-0.948628 -0.425249 3.68578 190 190 190 255 
-0.939226 -0.430329 3.66694 190 190 190 255 
-0.948628 -0.693459 3.64485 190 190 190 255 
-0.939226 -0.693831 3.62645 190 190 190 255 
-0.948628 -0.957921 3.58443 190 190 190 255 
-0.948628 -1.2173 3.50485 190 190 190 255 
-0.939226 -1.6981 3.27833 190 190 190 255 
-0.948628 -1.71512 3.29 190 190 190 255 
-0.939226 -1.93018 3.14716 190 190 190 255 
-0.948827 -1.97032 3.14373 190 190 190 255 
-0.939226 -1.94156 3.14067 190 190 190 255 
-0.966851 -1.72713 3.31301 190 190 190 255 
-1.00329 -1.97817 3.21001 190 190 190 255 
-1.01313 -1.98628 3.2129 190 190 190 255 
-1.01084 -1.98416 3.21252 190 190 190 255 
-1.04219 -1.9945 3.22629 190 190 190 255 
-1.05585 -2.04011 3.20402 190 190 190 255 
-1.12354 -2.00341 3.24074 190 190 190 255 
-0.966851 -3.57764 1.07687 190 190 190 255 
-0.966851 -3.64677 0.812563 190 190 190 255 
-0.948628 -3.55279 1.06939 190 190 190 255 
-0.948628 -3.70027 -0.271766 190 190 190 255 
-0.948628 -3.67051 -0.541427 190 190 190 255 
-0.966851 -3.6962 -0.545215 190 190 190 255 
-0.966851 -3.57724 -1.07813 190 190 190 255 
-0.966851 -3.3819 -1.58801 190 190 190 255 
-0.948628 -3.3584 -1.57698 190 190 190 255 
-0.966851 -3.25681 -1.83089 190 190 190 255 
-0.948628 -3.23421 -1.81817 190 190 190 255 
-0.966851 -3.11432 -2.06398 190 190 190 255 
-0.948628 -3.0927 -2.04964 190 190 190 255 
-0.966851 -2.78024 -2.49587 190 190 190 255 
-0.948628 -2.76092 -2.47853 190 190 190 255 
-0.948628 -2.57243 -2.67365 190 190 190 255 
-0.966851 -1.94231 -3.19163 190 190 190 255 
-0.948628 -1.69206 -3.30193 190 190 190 255 
-0.966851 -1.20108 -3.53787 190 190 190 255 
-0.966851 -0.672581 -3.67515 190 190 190 255 
-0.948628 -0.399448 -3.68866 190 190 190 255 
-0.966851 -0.129747 -3.73393 190 190 190 255 
-0.966851 0.143468 -3.73343 190 190 190 255 
-0.966851 0.415883 -3.71296 190 190 190 255 
-0.966851 0.686091 -3.67265 190 190 190 255 
-0.948628 0.681316 -3.64713 190 190 190 255 
-0.948628 0.946 -3.5876 190 190 190 255 
-0.966851 0.952617 -3.61269 190 190 190 255 
-0.966851 1.21407 -3.53343 190 190 190 255 
-0.948628 1.45883 -3.4114 190 190 190 255 
-0.966851 1.46903 -3.43527 190 190 190 255 
-0.966851 1.71612 -3.31874 190 190 190 255 
-0.966851 1.95403 -3.18446 190 190 190 255 
-0.966851 2.1815 -3.03316 190 190 190 255 
-0.966851 2.6003 -2.68281 190 190 190 255 
-0.966851 2.78941 -2.48563 190 190 190 255 
-0.948628 2.77003 -2.46836 190 190 190 255 
-0.948628 2.94299 -2.25935 190 190 190 255 
-0.948628 3.24087 -1.80627 190 190 190 255 
-0.966851 3.69818 -0.531623 190 190 190 255 
-0.966851 3.73617 0.0130781 190 190 190 255 
-0.966851 3.7252 0.286055 190 190 190 255 
-0.948628 3.69934 0.284066 190 190 190 255 
-0.966851 3.64374 0.825965 190 190 190 255 
-0.948628 3.66868 0.553627 190 190 190 255 
-0.948628 3.61843 0.820227 190 190 190 255 
-0.948628 3.35314 1.58814 190 190 190 255 
-0.948628 3.08587 2.05991 190 190 190 255 
-0.966851 2.77193 2.50509 190 190 190 255 
-0.966851 2.58145 2.70095 190 190 190 255 
-0.966851 2.3772 2.88236 190 190 190 255 
-0.948628 2.36069 2.86234 190 190 190 255 
-0.966851 1.69283 3.33067 190 190 190 255 
-0.948628 1.4349 3.42153 190 190 190 255 
-0.948628 1.18104 3.51724 190 190 190 255 
-0.966851 0.927313 3.61928 190 190 190 255 
-0.966851 0.389897 3.71578 190 190 190 255 
-0.948628 0.387166 3.68997 190 190 190 255 
-0.948628 0.116499 3.7084 190 190 190 255 
-0.948628 -0.154793 3.707 190 190 190 255 
-0.966851 -0.964628 3.60951 190 190 190 255 
-0.966851 -1.2258 3.52937 190 190 190 255 
-0.966851 -1.48042 3.43036 190 190 190 255 
-0.948628 -1.47015 3.40653 190 190 190 255 
-0.948628 -1.95097 3.15587 190 190 190 255 
-0.959608 -1.96536 3.16655 190 190 190 255 
-0.95056 -1.96888 3.14844 190 190 190 255 
-0.98889 -3.66901 0.817522 190 190 190 255 
-0.966851 -3.69637 0.543913 190 190 190 255 
-0.98889 -3.74898 0.274018 190 190 190 255 
-0.966851 -3.72624 0.272356 190 190 190 255 
-0.966851 -3.7362 -0.000657103 190 190 190 255 
-0.98889 -3.7489 -0.275338 190 190 190 255 
-0.966851 -3.72616 -0.273667 190 190 190 255 
-0.966851 -3.64647 -0.813846 190 190 190 255 
-0.98889 -3.59908 -1.08471 190 190 190 255 
-0.98889 -3.40256 -1.5977 190 190 190 255 
-0.966851 -3.48891 -1.33664 190 190 190 255 
-0.98889 -3.13333 -2.07658 190 190 190 255 
-0.966851 -2.95518 -2.28603 190 190 190 255 
-0.98889 -2.97322 -2.29999 190 190 190 255 
-0.98889 -2.79722 -2.5111 190 190 190 255 
-0.98889 -2.60624 -2.70878 190 190 190 255 
-0.966851 -2.59043 -2.69235 190 190 190 255 
-0.98889 -2.40134 -2.89199 190 190 190 255 
-0.966851 -2.38675 -2.87444 190 190 190 255 
-0.966851 -2.17033 -3.04117 190 190 190 255 
-0.98889 -2.1836 -3.05973 190 190 190 255 
-0.98889 -1.71431 -3.34532 190 190 190 255 
-0.966851 -1.7039 -3.32502 190 190 190 255 
-0.966851 -1.45637 -3.44064 190 190 190 255 
-0.98889 -1.20839 -3.55946 190 190 190 255 
-0.966851 -0.939352 -3.61617 190 190 190 255 
-0.98889 -0.404686 -3.73714 190 190 190 255 
-0.966851 -0.402239 -3.71447 190 190 190 255 
-0.98889 -0.130529 -3.75672 190 190 190 255 
-0.98889 0.418421 -3.73563 190 190 190 255 
-0.98889 0.690283 -3.69506 190 190 190 255 
-0.98889 1.96596 -3.2039 190 190 190 255 
-0.98889 2.41194 -2.88314 190 190 190 255 
-0.966851 2.39731 -2.86565 190 190 190 255 
-0.98889 2.80643 -2.5008 190 190 190 255 
-0.966851 2.96356 -2.27515 190 190 190 255 
-0.966851 3.1219 -2.05252 190 190 190 255 
-0.966851 3.26354 -1.81891 190 190 190 255 
-0.966851 3.38773 -1.57557 190 190 190 255 
-0.98889 3.40841 -1.58519 190 190 190 255 
-0.98889 3.51513 -1.33189 190 190 190 255 
-0.966851 3.4938 -1.32381 190 190 190 255 
-0.966851 3.5812 -1.06497 190 190 190 255 
-0.98889 3.72075 -0.534867 190 190 190 255 
-0.966851 3.64944 -0.800435 190 190 190 255 
-0.98889 3.74988 -0.261554 190 190 190 255 
-0.98889 3.75897 0.0131578 190 190 190 255 
-0.966851 3.72714 -0.259967 190 190 190 255 
-0.966851 3.69434 0.5575 190 190 190 255 
-0.98889 3.7169 0.560902 190 190 190 255 
-0.966851 3.57364 1.09001 190 190 190 255 
-0.98889 3.50571 1.35646 190 190 190 255 
-0.966851 3.48445 1.34823 190 190 190 255 
-0.966851 3.37662 1.59925 190 190 190 255 
-0.966851 3.25073 1.84171 190 190 190 255 
-0.98889 3.27057 1.85295 190 190 190 255 
-0.966851 3.10746 2.07432 190 190 190 255 
-0.966851 2.94755 2.29585 190 190 190 255 
-0.966851 2.16021 3.04836 190 190 190 255 
-0.966851 1.9317 3.19807 190 190 190 255 
-0.98889 1.70318 3.351 190 190 190 255 
-0.98889 1.45374 3.4665 190 190 190 255 
-0.966851 1.44493 3.44547 190 190 190 255 
-0.966851 1.18929 3.54184 190 190 190 255 
-0.966851 0.660376 3.67736 190 190 190 255 
-0.98889 0.11805 3.75713 190 190 190 255 
-0.966851 0.117328 3.73434 190 190 190 255 
-0.966851 -0.155875 3.73293 190 190 190 255 
-0.966851 -0.428219 3.71156 190 190 190 255 
-0.966851 -0.698294 3.67035 190 190 190 255 
-0.98889 -0.702547 3.69275 190 190 190 255 
-0.98889 -1.23329 3.55091 190 190 190 255 
-0.988894 -1.96963 3.20165 190 190 190 255 
-0.982244 -1.96694 3.19609 190 190 190 255 
-0.998158 -3.59212 1.13354 190 190 190 255 
-0.98889 -3.71893 0.547233 190 190 190 255 
-1.01421 -3.77807 -0.000665988 190 190 190 255 
-0.98889 -3.759 -0.000661249 190 190 190 255 
-1.01421 -3.73764 -0.551329 190 190 190 255 
-0.98889 -3.71875 -0.548542 190 190 190 255 
-0.98889 -3.66873 -0.818814 190 190 190 255 
-1.01421 -3.61736 -1.09022 190 190 190 255 
-0.98889 -3.5102 -1.3448 190 190 190 255 
-1.01421 -3.14926 -2.08713 190 190 190 255 
-0.98889 -3.27671 -1.84207 190 190 190 255 
-1.01421 -2.98831 -2.31167 190 190 190 255 
-0.98889 -1.95417 -3.21111 190 190 190 255 
-1.01421 -1.72302 -3.36231 190 190 190 255 
-1.01421 -1.4727 -3.47923 190 190 190 255 
-0.98889 -1.46527 -3.46164 190 190 190 255 
-1.01421 -1.21453 -3.57754 190 190 190 255 
-0.98889 -0.94508 -3.63824 190 190 190 255 
-0.98889 -0.676686 -3.69758 190 190 190 255 
-1.01421 -0.680123 -3.71636 190 190 190 255 
-1.01421 -0.40676 -3.75612 190 190 190 255 
-0.98889 0.144328 -3.75621 190 190 190 255 
-1.01421 0.693771 -3.71383 190 190 190 255 
-0.98889 0.95844 -3.63474 190 190 190 255 
-1.01421 1.48551 -3.47379 190 190 190 255 
-0.98889 1.22147 -3.55499 190 190 190 255 
-0.98889 1.47798 -3.45623 190 190 190 255 
-0.98889 1.72658 -3.33899 190 190 190 255 
-1.01421 2.20597 -3.06718 190 190 190 255 
-0.98889 2.19482 -3.05168 190 190 190 255 
-0.98889 2.61618 -2.69918 190 190 190 255 
-1.01421 2.82068 -2.5135 190 190 190 255 
-0.98889 2.98166 -2.28904 190 190 190 255 
-1.01421 3.15692 -2.07554 190 190 190 255 
-0.98889 3.14094 -2.06504 190 190 190 255 
-0.98889 3.28346 -1.83001 190 190 190 255 
-1.01421 3.30013 -1.8393 190 190 190 255 
-1.01421 3.42571 -1.59324 190 190 190 255 
-1.01421 3.53297 -1.33865 190 190 190 255 
-1.01421 3.62136 -1.07691 190 190 190 255 
-0.98889 3.60306 -1.07147 190 190 190 255 
-0.98889 3.67171 -0.805321 190 190 190 255 
-1.01421 3.69036 -0.809411 190 190 190 255 
-1.01421 3.76891 -0.262881 190 190 190 255 
-1.01421 3.77805 0.0132258 190 190 190 255 
-1.01421 3.767 0.289261 190 190 190 255 
-0.98889 3.74795 0.2878 190 190 190 255 
-1.01421 3.73579 0.563751 190 190 190 255 
-1.01421 3.68461 0.835227 190 190 190 255 
-0.98889 3.66597 0.831006 190 190 190 255 
-1.01421 3.61373 1.10224 190 190 190 255 
-0.98889 3.59544 1.09667 190 190 190 255 
-1.01421 3.41448 1.61718 190 190 190 255 
-0.98889 3.39722 1.60901 190 190 190 255 
-1.01421 3.28718 1.86236 190 190 190 255 
-0.98889 3.12642 2.08698 190 190 190 255 
-0.98889 2.96557 2.30986 190 190 190 255 
-1.01421 2.80301 2.53319 190 190 190 255 
-0.98889 2.78885 2.52038 190 190 190 255 
-0.98889 2.59721 2.71743 190 190 190 255 
-1.01421 2.40386 2.91469 190 190 190 255 
-0.98889 2.39171 2.89995 190 190 190 255 
-1.01421 2.18445 3.08255 190 190 190 255 
-0.98889 2.17339 3.06697 190 190 190 255 
-0.98889 1.94347 3.21759 190 190 190 255 
-1.01421 1.71183 3.36802 190 190 190 255 
-1.01421 1.46114 3.4841 190 190 190 255 
-1.01421 1.20263 3.58156 190 190 190 255 
-0.98889 1.19655 3.56346 190 190 190 255 
-0.98889 0.932983 3.64137 190 190 190 255 
-0.98889 0.664393 3.69981 190 190 190 255 
-1.01421 0.39427 3.75745 190 190 190 255 
-0.98889 0.392255 3.73846 190 190 190 255 
-0.98889 -0.156824 3.75571 190 190 190 255 
-0.98889 -0.430846 3.73421 190 190 190 255 
-1.01421 -1.23956 3.56895 190 190 190 255 
-0.98889 -0.970512 3.63154 190 190 190 255 
-0.98889 -1.48946 3.4513 190 190 190 255 
-0.98889 -1.73768 3.33323 190 190 190 255 
-1.02646 -3.60985 1.13913 190 190 190 255 
-1.04219 -3.63205 1.09325 190 190 190 255 
-1.01421 -3.68765 0.821675 190 190 190 255 
-1.04219 -3.70222 0.824921 190 190 190 255 
-1.04219 -3.7526 0.552186 190 190 190 255 
-1.01421 -3.73782 0.550013 190 190 190 255 
-1.01421 -3.76804 0.275411 190 190 190 255 
-1.04219 -3.78281 -0.277831 190 190 190 255 
-1.01421 -3.76792 -0.276738 190 190 190 255 
-1.04219 -3.70192 -0.826225 190 190 190 255 
-1.01421 -3.68736 -0.822974 190 190 190 255 
-1.04219 -3.54197 -1.35697 190 190 190 255 
-1.01421 -3.52802 -1.35163 190 190 190 255 
-1.01421 -3.41982 -1.60582 190 190 190 255 
-1.01421 -3.29335 -1.85142 190 190 190 255 
-1.04219 -3.16169 -2.09537 190 190 190 255 
-1.04219 -2.82253 -2.53382 190 190 190 255 
-1.01421 -2.81141 -2.52386 190 190 190 255 
-1.04219 -2.62983 -2.7333 190 190 190 255 
-1.01421 -2.61947 -2.72255 190 190 190 255 
-1.04219 -2.42307 -2.91816 190 190 190 255 
-1.04219 -2.20335 -3.08742 190 190 190 255 
-1.01421 -2.41352 -2.90668 190 190 190 255 
-1.01421 -2.19469 -3.07527 190 190 190 255 
-1.01421 -1.9641 -3.22742 190 190 190 255 
-1.04219 -1.97184 -3.24017 190 190 190 255 
-1.04219 -1.72981 -3.3756 190 190 190 255 
-1.04219 -1.47853 -3.49297 190 190 190 255 
-1.01421 -0.949873 -3.65673 190 190 190 255 
-1.04219 -0.408347 -3.77096 190 190 190 255 
-1.01421 -0.131175 -3.77581 190 190 190 255 
-1.04219 0.145641 -3.79021 190 190 190 255 
-1.01421 0.145084 -3.7753 190 190 190 255 
-1.04219 0.422221 -3.76944 190 190 190 255 
-1.01421 0.420555 -3.7546 190 190 190 255 
-1.01421 0.963317 -3.65321 190 190 190 255 
-1.01421 1.22768 -3.57305 190 190 190 255 
-1.04219 1.49135 -3.48751 190 190 190 255 
-1.04219 1.74221 -3.36921 190 190 190 255 
-1.04219 1.98374 -3.2329 190 190 190 255 
-1.01421 1.73535 -3.35595 190 190 190 255 
-1.01421 1.97594 -3.22018 190 190 190 255 
-1.01421 2.42421 -2.89779 190 190 190 255 
-1.01421 2.62948 -2.7129 190 190 190 255 
-1.04219 2.83183 -2.52343 190 190 190 255 
-1.01421 2.9968 -2.30067 190 190 190 255 
-1.04219 3.31318 -1.84657 190 190 190 255 
-1.04219 3.54693 -1.34394 190 190 190 255 
-1.04219 3.63564 -1.08116 190 190 190 255 
-1.04219 3.70493 -0.812608 190 190 190 255 
-1.04219 3.75443 -0.539708 190 190 190 255 
-1.01421 3.73965 -0.537584 190 190 190 255 
-1.04219 3.78381 -0.26392 190 190 190 255 
-1.04219 3.78187 0.290405 190 190 190 255 
-1.04219 3.69917 0.838526 190 190 190 255 
-1.01421 3.52351 1.36335 190 190 190 255 
-1.04219 3.15472 2.10587 190 190 190 255 
-1.01421 3.14229 2.09759 190 190 190 255 
-1.01421 2.98063 2.32159 190 190 190 255 
-1.04219 2.9924 2.33076 190 190 190 255 
-1.04219 2.81407 2.5432 190 190 190 255 
-1.04219 2.62071 2.74203 190 190 190 255 
-1.01421 2.61041 2.73124 190 190 190 255 
-1.01421 1.95334 3.23393 190 190 190 255 
-1.04219 1.71859 3.38133 190 190 190 255 
-1.04219 1.46691 3.49787 190 190 190 255 
-1.01421 0.937717 3.65986 190 190 190 255 
-1.01421 0.66777 3.7186 190 190 190 255 
-1.04219 0.119095 3.79114 190 190 190 255 
-1.01421 0.118637 3.77622 190 190 190 255 
-1.04219 -0.434737 3.76801 190 190 190 255 
-1.01421 -0.15761 3.77479 190 190 190 255 
-1.01421 -0.43304 3.75318 190 190 190 255 
-1.04219 -0.708905 3.72617 190 190 190 255 
-1.01421 -0.706125 3.71151 190 190 190 255 
-1.04219 -0.979316 3.66441 190 190 190 255 
-1.01421 -0.975449 3.64999 190 190 190 255 
-1.04219 -1.24446 3.58305 190 190 190 255 
-1.04219 -1.50295 3.48254 190 190 190 255 
-1.01421 -1.49704 3.46883 190 190 190 255 
-1.04219 -1.7534 3.3634 190 190 190 255 
-1.01421 -1.74652 3.35017 190 190 190 255 
-1.01899 -1.99169 3.21388 190 190 190 255 
-1.05659 -3.62268 1.14318 190 190 190 255 
-1.07215 -3.64198 1.09624 190 190 190 255 
-1.04219 -3.7829 0.276498 190 190 190 255 
-1.04219 -3.79302 -0.000667176 190 190 190 255 
-1.07215 -3.76267 -0.555024 190 190 190 255 
-1.04219 -3.75241 -0.553507 190 190 190 255 
-1.07215 -3.64159 -1.09752 190 190 190 255 
-1.04219 -3.63165 -1.09453 190 190 190 255 
-1.04219 -3.43334 -1.61216 190 190 190 255 
-1.07215 -3.3154 -1.86383 190 190 190 255 
-1.04219 -3.30636 -1.85874 190 190 190 255 
-1.07215 -3.17035 -2.10111 190 190 190 255 
-1.07215 -3.00835 -2.32716 190 190 190 255 
-1.04219 -3.00014 -2.3208 190 190 190 255 
-1.07215 -2.63703 -2.74079 190 190 190 255 
-1.07215 -2.4297 -2.92615 190 190 190 255 
-1.07215 -2.20938 -3.09588 190 190 190 255 
-1.07215 -1.97726 -3.24904 190 190 190 255 
-1.07215 -1.73456 -3.38484 190 190 190 255 
-1.07215 -1.22266 -3.60151 190 190 190 255 
-1.04219 -1.21934 -3.59167 190 190 190 255 
-1.07215 -0.956236 -3.68123 190 190 190 255 
-1.04219 -0.953618 -3.67117 190 190 190 255 
-1.04219 -0.682805 -3.73104 190 190 190 255 
-1.07215 -0.684686 -3.74126 190 190 190 255 
-1.07215 -0.409457 -3.78129 190 190 190 255 
-1.04219 -0.131692 -3.79072 190 190 190 255 
-1.07215 -0.13206 -3.8011 190 190 190 255 
-1.07215 0.14605 -3.80059 190 190 190 255 
-1.07215 0.423379 -3.77976 190 190 190 255 
-1.07215 0.69843 -3.73872 190 190 190 255 
-1.04219 0.69652 -3.72851 190 190 190 255 
-1.07215 0.969758 -3.67769 190 190 190 255 
-1.04219 0.967123 -3.66764 190 190 190 255 
-1.04219 1.23252 -3.58717 190 190 190 255 
-1.07215 1.98919 -3.24175 190 190 190 255 
-1.07215 2.22076 -3.08773 190 190 190 255 
-1.04219 2.21467 -3.0793 190 190 190 255 
-1.07215 2.44044 -2.9172 190 190 190 255 
-1.04219 2.43378 -2.90923 190 190 190 255 
-1.07215 2.64709 -2.73107 190 190 190 255 
-1.04219 2.63987 -2.72361 190 190 190 255 
-1.04219 3.00865 -2.30976 190 190 190 255 
-1.07215 3.17806 -2.08944 190 190 190 255 
-1.04219 3.16938 -2.08373 190 190 190 255 
-1.07215 3.32225 -1.85163 190 190 190 255 
-1.04219 3.43926 -1.59953 190 190 190 255 
-1.07215 3.55665 -1.34762 190 190 190 255 
-1.07215 3.64561 -1.08413 190 190 190 255 
-1.07215 3.71508 -0.814834 190 190 190 255 
-1.07215 3.76471 -0.541186 190 190 190 255 
-1.07215 3.80336 0.0133145 190 190 190 255 
-1.04219 3.79297 0.0132781 190 190 190 255 
-1.07215 3.79223 0.2912 190 190 190 255 
-1.04219 3.75054 0.565979 190 190 190 255 
-1.07215 3.70929 0.840824 190 190 190 255 
-1.07215 3.63794 1.10962 190 190 190 255 
-1.04219 3.62799 1.10659 190 190 190 255 
-1.07215 3.54712 1.37249 190 190 190 255 
-1.04219 3.53743 1.36874 190 190 190 255 
-1.07215 3.43734 1.62802 190 190 190 255 
-1.04219 3.42795 1.62357 190 190 190 255 
-1.07215 3.30921 1.87484 190 190 190 255 
-1.04219 3.30016 1.86972 190 190 190 255 
-1.07215 3.16335 2.11164 190 190 190 255 
-1.07215 2.82178 2.55016 190 190 190 255 
-1.07215 2.41995 2.93421 190 190 190 255 
-1.04219 2.41336 2.9262 190 190 190 255 
-1.04219 2.19309 3.09473 190 190 190 255 
-1.04219 1.96106 3.24671 190 190 190 255 
-1.04219 1.20738 3.59571 190 190 190 255 
-1.07215 0.943992 3.68439 190 190 190 255 
-1.04219 0.941403 3.67432 190 190 190 255 
-1.04219 0.670394 3.73329 190 190 190 255 
-1.04219 0.395827 3.7723 190 190 190 255 
-1.07215 -0.158666 3.80008 190 190 190 255 
-1.04219 -0.158228 3.7897 190 190 190 255 
-1.07215 -0.435925 3.77833 190 190 190 255 
-1.07215 -1.7582 3.37261 190 190 190 255 
-1.07215 -1.99995 3.23512 190 190 190 255 
-1.04139 -2.01832 3.21092 190 190 190 255 
-1.02818 -2.00158 3.21382 190 190 190 255 
-1.07215 -3.71237 0.827181 190 190 190 255 
-1.07215 -3.76288 0.553698 190 190 190 255 
-1.10337 -3.79887 0.277664 190 190 190 255 
-1.07215 -3.79328 0.277256 190 190 190 255 
-1.07215 -3.80341 -0.000669175 190 190 190 255 
-1.10337 -3.79875 -0.279002 190 190 190 255 
-1.07215 -3.79318 -0.278591 190 190 190 255 
-1.10337 -3.76823 -0.55584 190 190 190 255 
-1.10337 -3.71753 -0.829708 190 190 190 255 
-1.07215 -3.71207 -0.828488 190 190 190 255 
-1.07215 -3.55168 -1.36069 190 190 190 255 
-1.07215 -3.44274 -1.61658 190 190 190 255 
-1.10337 -3.32029 -1.86657 190 190 190 255 
-1.07215 -2.83027 -2.54076 190 190 190 255 
-1.10337 -2.83443 -2.54451 190 190 190 255 
-1.10337 -2.64091 -2.74482 190 190 190 255 
-1.10337 -2.43327 -2.93046 190 190 190 255 
-1.10337 -1.98017 -3.25383 190 190 190 255 
-1.10337 -1.73712 -3.38982 190 190 190 255 
-1.10337 -1.22446 -3.60682 190 190 190 255 
-1.07215 -1.48258 -3.50254 190 190 190 255 
-1.10337 -0.957656 -3.68665 190 190 190 255 
-1.10337 -0.132265 -3.8067 190 190 190 255 
-1.10337 0.423981 -3.78532 190 190 190 255 
-1.10337 0.699453 -3.74422 190 190 190 255 
-1.10337 0.971203 -3.6831 190 190 190 255 
-1.07215 1.23591 -3.59699 190 190 190 255 
-1.07215 1.49544 -3.49707 190 190 190 255 
-1.07215 1.747 -3.37844 190 190 190 255 
-1.10337 1.99213 -3.24653 190 190 190 255 
-1.07215 2.83958 -2.53034 190 190 190 255 
-1.10337 2.84377 -2.53407 190 190 190 255 
-1.07215 3.01688 -2.31608 190 190 190 255 
-1.10337 3.18273 -2.09252 190 190 190 255 
-1.10337 3.32712 -1.85435 190 190 190 255 
-1.10337 3.45374 -1.60627 190 190 190 255 
-1.07215 3.44867 -1.60391 190 190 190 255 
-1.10337 3.56188 -1.34961 190 190 190 255 
-1.10337 3.65098 -1.08572 190 190 190 255 
-1.10337 3.72057 -0.816035 190 190 190 255 
-1.10337 3.80897 0.0133335 190 190 190 255 
-1.07215 3.79419 -0.264644 190 190 190 255 
-1.07215 3.76082 0.567529 190 190 190 255 
-1.10337 3.71475 0.842062 190 190 190 255 
-1.10337 3.44242 1.63041 190 190 190 255 
-1.10337 3.31407 1.8776 190 190 190 255 
-1.07215 3.00058 2.33715 190 190 190 255 
-1.10337 2.63177 2.75359 190 190 190 255 
-1.07215 2.62791 2.74954 190 190 190 255 
-1.10337 2.20231 3.10777 190 190 190 255 
-1.07215 2.19909 3.1032 190 190 190 255 
-1.10337 1.96933 3.26039 190 190 190 255 
-1.07215 1.96645 3.2556 190 190 190 255 
-1.10337 1.72582 3.39558 190 190 190 255 
-1.07215 1.72329 3.39059 190 190 190 255 
-1.07215 1.47094 3.50745 190 190 190 255 
-1.10337 1.21247 3.61087 190 190 190 255 
-1.07215 1.2107 3.60556 190 190 190 255 
-1.07215 0.672245 3.74352 190 190 190 255 
-1.07215 0.396908 3.78263 190 190 190 255 
-1.10337 0.119608 3.80712 190 190 190 255 
-1.07215 0.119432 3.80152 190 190 190 255 
-1.10337 -0.436587 3.7839 190 190 190 255 
-1.07215 -0.710844 3.73637 190 190 190 255 
-1.10337 -0.711897 3.74188 190 190 190 255 
-1.10337 -1.2497 3.59815 190 190 190 255 
-1.07215 -0.981981 3.67444 190 190 190 255 
-1.07215 -1.24786 3.59286 190 190 190 255 
-1.07215 -1.50707 3.49207 190 190 190 255 
-1.10337 -1.50928 3.49722 190 190 190 255 
-1.10337 -1.7608 3.37758 190 190 190 255 
-1.10337 -2.00289 3.23988 190 190 190 255 
-1.08845 -2.04471 3.21126 190 190 190 255 
-1.12354 -2.04634 3.21381 190 190 190 255 
-0.436275 -3.73873 1.38475 190 190 190 255 
-0.439256 -3.74303 1.38753 190 190 190 255 
-0.445755 -3.75235 1.39356 190 190 190 255 
-0.424801 -3.71816 1.36794 190 190 190 255 
-0.42453 -3.71754 1.36729 190 190 190 255 
-0.424437 -3.62678 1.52771 190 190 190 255 
-0.421723 -3.71106 1.36061 190 190 190 255 
-0.411349 -3.58639 1.50485 190 190 190 255 
-0.411464 -3.68381 1.3289 190 190 190 255 
-0.411825 -3.68498 1.33048 190 190 190 255 
-0.965166 -3.54465 1.48122 190 190 190 255 
-0.963681 -3.67012 1.30887 190 190 190 255 
-0.960251 -3.58639 1.50485 190 190 190 255 
-0.959902 -3.68491 1.33066 190 190 190 255 
-0.960199 -3.68374 1.32895 190 190 190 255 
-0.950232 -3.7108 1.36085 190 190 190 255 
-0.923682 -3.75608 1.39641 190 190 190 255 
-0.932107 -3.74313 1.38738 190 190 190 255 
-0.947163 -3.62678 1.52771 190 190 190 255 
-0.939423 -3.73187 1.37954 190 190 190 255 
-0.898257 -3.69874 1.56845 190 190 190 255 
-0.89764 -3.7859 1.41347 190 190 190 255 
-0.854539 -3.82221 1.43402 190 190 190 255 
-0.824231 -3.75203 1.59861 190 190 190 255 
-0.823952 -3.83925 1.44367 190 190 190 255 
-0.780443 -3.7696 1.60856 190 190 190 255 
-0.733832 -3.86791 1.45989 190 190 190 255 
-0.637763 -3.78035 1.61465 190 190 190 255 
-0.643871 -3.86895 1.46049 190 190 190 255 
-0.685817 -3.87136 1.46184 190 190 190 255 
-0.6858 -3.78397 1.6167 190 190 190 255 
-0.689169 -3.87153 1.46195 190 190 190 255 
-0.591157 -3.7696 1.60856 190 190 190 255 
-0.519988 -3.82412 1.4351 190 190 190 255 
-0.547729 -3.83913 1.4436 190 190 190 255 
-0.547369 -3.75203 1.59861 190 190 190 255 
-0.557361 -3.84435 1.44655 190 190 190 255 
-0.457879 -3.76906 1.40394 190 190 190 255 
-0.473343 -3.69874 1.56845 190 190 190 255 
-0.508245 -3.81522 1.43007 190 190 190 255 
-0.198477 -2.56876 3.11284 190 190 190 255 
-0.208851 -2.61723 3.1224 190 190 190 255 
-0.209625 -2.62086 3.12311 190 190 190 255 
-0.0889001 -2.73944 3.16365 190 190 190 255 
-0.221237 -2.65336 3.13224 190 190 190 255 
-0.256703 -2.72892 3.15769 190 190 190 255 
-0.256874 -2.72916 3.1578 190 190 190 255 
-0.264545 -2.7398 3.16251 190 190 190 255 
-0.0889001 -2.81895 3.20109 190 190 190 255 
-0.307135 -2.7929 3.18742 190 190 190 255 
-0.332492 -2.81895 3.20109 190 190 190 255 
-0.194033 -2.40773 3.10304 190 190 190 255 
-0.0889001 -2.48957 3.10465 190 190 190 255 
-0.1905 -2.47566 3.10289 190 190 190 255 
-0.190743 -2.48956 3.10364 190 190 190 255 
-0.190877 -2.49721 3.10405 190 190 190 255 
-0.19656 -2.55981 3.11107 190 190 190 255 
-0.221219 -2.26698 3.12295 190 190 190 255 
-0.0889001 -2.23982 3.12996 190 190 190 255 
-0.257504 -2.16046 3.15774 190 190 190 255 
-0.0889001 -2.11555 3.17643 190 190 190 255 
-0.242701 -2.19889 3.14255 190 190 190 255 
-0.0889001 -2.23412 3.13209 190 190 190 255 
-0.306386 -2.04732 3.21329 190 190 190 255 
-0.248064 -2.03631 3.22018 190 190 190 255 
-0.0889001 -2.11339 3.17762 190 190 190 255 
-0.301099 -2.05838 3.20674 190 190 190 255 
-0.276462 -2.11364 3.17811 190 190 190 255 
-0.0889001 -3.74323 1.38723 190 190 190 255 
-0.0889001 -3.64587 1.10618 190 190 190 255 
-0.0889001 -3.64075 1.12591 190 190 190 255 
-0.248064 -3.64587 1.10618 190 190 190 255 
-0.0889001 -3.63531 1.16628 190 190 190 255 
-0.0889001 -3.64395 1.24702 190 190 190 255 
-0.4064 -3.63717 1.21361 190 190 190 255 
-0.4064 -3.64615 1.25451 190 190 190 255 
-0.0889001 -3.64661 1.25434 190 190 190 255 
-0.409291 -3.67664 1.31938 190 190 190 255 
-0.406928 -3.66193 1.29326 190 190 190 255 
-0.406576 -3.65971 1.28937 190 190 190 255 
-0.406477 -3.65686 1.28299 190 190 190 255 
-0.4151 -3.69574 1.34483 190 190 190 255 
-0.0889001 -3.7029 1.35286 190 190 190 255 
-0.0889001 -3.6839 1.3288 190 190 190 255 
-0.0381 -0.740478 0.41918 190 190 190 255 
-0.0889001 -0.736409 0.3128 190 190 190 255 
-0.0381 -0.783173 0.33266 190 190 190 255 
-0.0889001 -0.798979 0.0420646 190 190 190 255 
-0.0889001 -0.794171 -0.0973169 190 190 190 255 
-0.0889001 -0.765183 -0.233744 190 190 190 255 
-0.0889001 -0.639089 -0.48136 190 190 190 255 
-0.0889001 -0.545794 -0.585026 190 190 190 255 
-0.0889001 -0.312808 -0.736421 190 190 190 255 
-0.0381 -0.191595 -0.829046 190 190 190 255 
-0.0889001 0.0973073 -0.794159 190 190 190 255 
-0.0889001 0.233755 -0.765196 190 190 190 255 
-0.0381 0.103486 -0.844582 190 190 190 255 
-0.0889001 0.363071 -0.712981 190 190 190 255 
-0.0889001 0.481351 -0.639103 190 190 190 255 
-0.0889001 0.585015 -0.545806 190 190 190 255 
-0.0381 0.622166 -0.580461 190 190 190 255 
-0.0889001 0.696288 -0.394155 190 190 190 255 
-0.0889001 0.736413 -0.3128 190 190 190 255 
-0.0889001 0.794146 0.0973182 190 190 190 255 
-0.0381 0.844578 0.103497 190 190 190 255 
-0.0889001 0.765188 0.233744 190 190 190 255 
-0.0381 0.580463 0.62217 190 190 190 255 
-0.0889001 0.545799 0.585026 190 190 190 255 
-0.0889001 0.43593 0.670916 190 190 190 255 
-0.0381 0.463599 0.713514 190 190 190 255 
-0.0889001 0.18016 0.779551 190 190 190 255 
-0.0381 0.332672 0.783177 190 190 190 255 
-0.0889001 0.0420526 0.798994 190 190 190 255 
-0.0381 -0.103482 0.844582 190 190 190 255 
-0.0889001 -0.233751 0.765196 190 190 190 255 
-0.0381 -0.248592 0.81378 190 190 190 255 
-0.0381 -0.38611 0.758249 190 190 190 255 
-0.0889001 -0.670926 0.435927 190 190 190 255 
-0.0889001 -0.310383 2.34344 190 190 190 255 
-0.0381 -0.267791 2.31576 190 190 190 255 
-0.0889001 -0.260998 2.43627 190 190 190 255 
-0.0889001 -0.228486 2.53627 190 190 190 255 
-0.0381 -0.214264 2.41641 190 190 190 255 
-0.0889001 -0.213842 2.6404 190 190 190 255 
-0.0381 -0.167039 2.75166 190 190 190 255 
-0.0889001 -0.217472 2.74549 190 190 190 255 
-0.0381 -0.190742 2.86319 190 190 190 255 
-0.0381 -0.560537 3.27411 190 190 190 255 
-0.0381 -0.78185 3.32526 190 190 190 255 
-0.0889001 -0.889613 3.27088 190 190 190 255 
-0.0889001 -0.99247 3.24904 190 190 190 255 
-0.0381 -0.895792 3.3213 190 190 190 255 
-0.0889001 -1.08998 3.20968 190 190 190 255 
-0.0889001 -1.17916 3.15397 190 190 190 255 
-0.0381 -1.20973 3.19455 190 190 190 255 
-0.0889001 -1.32209 3.00079 190 190 190 255 
-0.0889001 -1.34121 2.96929 190 190 190 255 
-0.0381 -1.38543 2.99432 190 190 190 255 
-0.0889001 -1.40402 2.80795 190 190 190 255 
-0.0381 -1.44176 2.48103 190 190 190 255 
-0.0889001 -1.35381 2.39837 190 190 190 255 
-0.0381 -1.39907 2.37532 190 190 190 255 
-0.0381 -1.26242 2.19388 190 190 190 255 
-0.0381 -1.17259 2.12366 190 190 190 255 
-0.0889001 -1.05208 2.11687 190 190 190 255 
-0.0889001 -0.742861 2.07334 190 190 190 255 
-0.0381 -0.736682 2.02292 190 190 190 255 
-0.0381 -0.625163 2.04659 190 190 190 255 
-0.0889001 -0.640004 2.09518 190 190 190 255 
-0.0889001 -0.542491 2.13455 190 190 190 255 
-0.0889001 -0.453311 2.19025 190 190 190 255 
-0.0889001 -0.375148 2.26059 190 190 190 255 
-0.91788 -3.76381 1.40097 190 190 190 255 
-0.926089 -3.7524 1.39383 190 190 190 255 
-1.2827 -3.74323 1.38723 190 190 190 255 
-1.2827 -3.73293 1.38038 190 190 190 255 
-0.946738 -3.71762 1.36689 190 190 190 255 
-0.958969 -3.68856 1.33604 190 190 190 255 
-0.950886 -3.70952 1.35971 190 190 190 255 
-0.9652 -3.65464 1.27801 190 190 190 255 
-1.2827 -3.65784 1.28531 190 190 190 255 
-1.2827 -3.66217 1.29312 190 190 190 255 
-0.964968 -3.65702 1.28273 190 190 190 255 
-0.964456 -3.6622 1.29312 190 190 190 255 
-1.2827 -3.6839 1.3288 190 190 190 255 
-1.2827 -3.64395 1.24702 190 190 190 255 
-0.9652 -3.63717 1.21361 190 190 190 255 
-1.2827 -3.63639 1.20699 190 190 190 255 
-0.9652 -3.63508 1.17179 190 190 190 255 
-1.2827 -3.63531 1.16628 190 190 190 255 
-1.2827 -2.03631 3.22018 190 190 190 255 
-1.2827 -1.94583 3.27564 190 190 190 255 
-1.12354 -1.76126 3.37847 190 190 190 255 
-1.12354 -1.693 3.41094 190 190 190 255 
-1.12354 -1.3326 3.56699 190 190 190 255 
-1.12354 -0.983704 3.68082 190 190 190 255 
-1.2827 -1.24094 3.60225 190 190 190 255 
-1.2827 -0.957758 3.68388 190 190 190 255 
-1.2827 -0.573324 3.76303 190 190 190 255 
-1.2827 -0.484441 3.77908 190 190 190 255 
-1.2827 -0.182759 3.80218 190 190 190 255 
-1.12354 -0.182949 3.8048 190 190 190 255 
-1.12354 -0.158946 3.80668 190 190 190 255 
-1.2827 -0.0966115 3.80877 190 190 190 255 
-1.12354 0.209704 3.80199 190 190 190 255 
-1.2827 0.209766 3.8009 190 190 190 255 
-1.12354 0.397582 3.7892 190 190 190 255 
-1.2827 0.984069 3.67754 190 190 190 255 
-1.12354 0.984402 3.67932 190 190 190 255 
-1.2827 1.35759 3.55676 190 190 190 255 
-1.12354 1.21279 3.61182 190 190 190 255 
-1.2827 1.42442 3.53372 190 190 190 255 
-1.2827 1.7167 3.39816 190 190 190 255 
-1.2827 1.77727 3.37008 190 190 190 255 
-1.12354 1.71775 3.40043 190 190 190 255 
-1.12354 1.96985 3.26125 190 190 190 255 
-1.12354 2.05767 3.20373 190 190 190 255 
-1.2827 2.11159 3.17132 190 190 190 255 
-1.12354 2.42416 2.93931 190 190 190 255 
-1.2827 2.42393 2.9395 190 190 190 255 
-1.12354 2.63246 2.75431 190 190 190 255 
-1.2827 2.67043 2.71415 190 190 190 255 
-1.2827 2.93584 2.42481 190 190 190 255 
-1.2827 2.9698 2.38671 190 190 190 255 
-1.12354 2.93566 2.42476 190 190 190 255 
-1.12354 3.16886 2.1153 190 190 190 255 
-1.2827 3.17006 2.10967 190 190 190 255 
-1.12354 3.17161 2.11081 190 190 190 255 
-1.12354 3.31493 1.8781 190 190 190 255 
-1.2827 3.39219 1.73467 190 190 190 255 
-1.12354 3.44331 1.63084 190 190 190 255 
-1.2827 3.5353 1.41561 190 190 190 255 
-1.12354 3.5357 1.41581 190 190 190 255 
-1.2827 3.66245 1.04406 190 190 190 255 
-1.2827 3.67355 1.01051 190 190 190 255 
-1.2827 3.75744 0.630712 190 190 190 255 
-1.12354 3.79883 0.291705 190 190 190 255 
-1.2827 3.79899 0.271638 190 190 190 255 
-1.12354 3.79963 0.271761 190 190 190 255 
-1.12354 3.80999 0.0133364 190 190 190 255 
-1.2827 3.80725 -0.144583 190 190 190 255 
-1.2827 3.77443 -0.512445 190 190 190 255 
-1.12354 3.7744 -0.512426 190 190 190 255 
-1.12354 3.72154 -0.81625 190 190 190 255 
-1.2827 3.70176 -0.898449 190 190 190 255 
-1.12354 3.70044 -0.898058 190 190 190 255 
-1.12354 3.65195 -1.08601 190 190 190 255 
-1.2827 3.58972 -1.27494 190 190 190 255 
-1.12354 3.45464 -1.6067 190 190 190 255 
-1.2827 3.43954 -1.63791 190 190 190 255 
-1.2827 3.4365 -1.64515 190 190 190 255 
-1.12354 3.4389 -1.63755 190 190 190 255 
-1.12354 3.25076 -1.98228 190 190 190 255 
-1.12354 3.18357 -2.09307 190 190 190 255 
-1.2827 2.78023 -2.60507 190 190 190 255 
-1.12354 2.65167 -2.73581 190 190 190 255 
-1.2827 2.50014 -2.87495 190 190 190 255 
-1.12354 2.44468 -2.92227 190 190 190 255 
-1.2827 2.49398 -2.87979 190 190 190 255 
-1.2827 2.194 -3.11487 190 190 190 255 
-1.12354 2.2246 -3.09309 190 190 190 255 
-1.12354 2.18353 -3.12041 190 190 190 255 
-1.2827 2.18406 -3.12115 190 190 190 255 
-1.2827 1.865 -3.32233 190 190 190 255 
-1.2827 1.51655 -3.49516 190 190 190 255 
-1.12354 1.85006 -3.32785 190 190 190 255 
-1.2827 1.85094 -3.32931 190 190 190 255 
-1.12354 1.99265 -3.24738 190 190 190 255 
-1.2827 1.15229 -3.63157 190 190 190 255 
-1.12354 1.49805 -3.50314 190 190 190 255 
-1.12354 1.23806 -3.60324 190 190 190 255 
-1.2827 1.12951 -3.63754 190 190 190 255 
-1.12354 0.971451 -3.68407 190 190 190 255 
-1.2827 0.776057 -3.73013 190 190 190 255 
-1.2827 0.748887 -3.73435 190 190 190 255 
-1.2827 0.391693 -3.78981 190 190 190 255 
-1.2827 0.00326035 -3.81 190 190 190 255 
-1.12354 0.146299 -3.80719 190 190 190 255 
-1.12354 -0.0321229 -3.80752 190 190 190 255 
-1.12354 -0.410191 -3.78786 190 190 190 255 
-1.2827 -0.424012 -3.78452 190 190 190 255 
-1.12354 -0.685864 -3.74776 190 190 190 255 
-1.2827 -0.811448 -3.72058 190 190 190 255 
-1.2827 -1.14607 -3.63354 190 190 190 255 
-1.2827 -1.51056 -3.49776 190 190 190 255 
-1.12354 -1.22481 -3.60776 190 190 190 255 
-1.2827 -1.55632 -3.47515 190 190 190 255 
-1.2827 -1.85929 -3.32552 190 190 190 255 
-1.12354 -1.90607 -3.29643 190 190 190 255 
-1.2827 -1.90586 -3.29628 190 190 190 255 
-1.12354 -1.98069 -3.25468 190 190 190 255 
-1.2827 -2.18867 -3.11863 190 190 190 255 
-1.12354 -2.23607 -3.08364 190 190 190 255 
-1.12354 -2.43391 -2.93123 190 190 190 255 
-1.12354 -2.54071 -2.83576 190 190 190 255 
-1.12354 -2.6416 -2.74555 190 190 190 255 
-1.12354 -2.82061 -2.56026 190 190 190 255 
-1.2827 -2.77577 -2.60983 190 190 190 255 
-1.12354 -2.83516 -2.54518 190 190 190 255 
-1.2827 -3.02737 -2.31323 190 190 190 255 
-1.12354 -3.01358 -2.3312 190 190 190 255 
-1.2827 -3.06737 -2.25495 190 190 190 255 
-1.12354 -3.06798 -2.25529 190 190 190 255 
-1.2827 -3.24745 -1.99252 190 190 190 255 
-1.12354 -3.17585 -2.10476 190 190 190 255 
-1.12354 -3.28425 -1.92748 190 190 190 255 
-1.12354 -3.32118 -1.86706 190 190 190 255 
-1.2827 -3.46404 -1.57861 190 190 190 255 
-1.2827 -3.58411 -1.29236 190 190 190 255 
-1.2827 -3.60809 -1.21345 190 190 190 255 
-1.12354 -3.71691 -0.83601 190 190 190 255 
-1.12354 -3.7185 -0.829927 190 190 190 255 
-1.2827 -3.77176 -0.538465 190 190 190 255 
-1.12354 -3.76922 -0.555986 190 190 190 255 
-1.2827 -3.77995 -0.448506 190 190 190 255 
-1.12354 -3.79977 -0.279075 190 190 190 255 
-1.12354 -3.80794 -0.0567556 190 190 190 255 
-1.2827 -3.80592 -0.0568581 190 190 190 255 
-1.12354 -3.76942 0.55466 190 190 190 255 
-1.2827 -3.67526 1.00421 190 190 190 255 
-1.12354 -3.7188 0.828617 190 190 190 255 
-1.05994 -2.03631 3.22018 190 190 190 255 
-1.04605 -2.81269 3.19755 190 190 190 255 
-1.06449 -2.79295 3.18743 190 190 190 255 
-1.09522 -2.1135 3.17787 190 190 190 255 
-1.12354 -2.03631 3.22018 190 190 190 255 
-1.12869 -2.19832 3.14274 190 190 190 255 
-1.14 -2.23416 3.13244 190 190 190 255 
-1.15066 -2.26801 3.12271 190 190 190 255 
-1.2827 -2.23982 3.12996 190 190 190 255 
-1.15114 -2.27003 3.12233 190 190 190 255 
-1.2827 -2.37025 3.10575 190 190 190 255 
-1.17267 -2.37519 3.10614 190 190 190 255 
-1.17051 -2.36061 3.10749 190 190 190 255 
-1.16698 -2.33689 3.1097 190 190 190 255 
-1.2827 -2.50294 3.10453 190 190 190 255 
-1.2827 -2.48957 3.10465 190 190 190 255 
-1.2827 -2.7589 3.17051 190 190 190 255 
-1.0853 -2.7707 3.17601 190 190 190 255 
-1.12098 -2.71872 3.15366 190 190 190 255 
-1.14728 -2.66426 3.13487 190 190 190 255 
-1.15068 -2.65357 3.1321 190 190 190 255 
-1.2827 -2.73944 3.16365 190 190 190 255 
-1.2827 -2.63379 3.12634 190 190 190 255 
-1.16226 -2.61715 3.12266 190 190 190 255 
-1.1663 -2.60441 3.11936 190 190 190 255 
-1.17264 -2.5685 3.11315 190 190 190 255 
-0.527385 -4.16394 1.62747 190 190 190 255 
-1.2125 -3.94546 1.5038 190 190 190 255 
-1.17758 -3.98293 1.525 190 190 190 255 
-1.28671 -3.80288 1.42306 190 190 190 255 
-1.28615 -3.8005 1.4217 190 190 190 255 
-0.88888 -3.79546 1.41889 190 190 190 255 
-0.45372 -3.76381 1.40097 190 190 190 255 
-1.28527 -3.83081 1.43889 190 190 190 255 
-1.24257 -3.9039 1.48027 190 190 190 255 
-0.863407 -3.81531 1.43011 190 190 190 255 
-1.10806 -4.04483 1.56005 190 190 190 255 
-1.1635 -3.99803 1.53355 190 190 190 255 
-0.778508 -3.85794 1.45425 190 190 190 255 
-0.780441 -3.85719 1.45383 190 190 190 255 
-0.908617 -4.14664 1.61769 190 190 190 255 
-0.979493 -4.11977 1.60248 190 190 190 255 
-0.817324 -3.84296 1.44576 190 190 190 255 
-1.04635 -4.08561 1.58314 190 190 190 255 
-0.599926 -3.85985 1.45533 190 190 190 255 
-0.637831 -3.86771 1.45978 190 190 190 255 
-0.574638 -4.17173 1.63189 190 190 190 255 
-0.603332 -4.17646 1.63457 190 190 190 255 
-0.680723 -4.18101 1.63714 190 190 190 255 
-0.735122 -3.86779 1.45983 190 190 190 255 
-0.796966 -4.17168 1.63185 190 190 190 255 
-0.466605 -4.14713 1.61797 190 190 190 255 
-0.383019 -4.11569 1.60016 190 190 190 255 
-0.591378 -3.85672 1.45357 190 190 190 255 
-0.0882895 -3.77941 1.40977 190 190 190 255 
-0.473949 -3.7859 1.41347 190 190 190 255 
-0.0889001 -3.76381 1.40097 190 190 190 255 
-0.193745 -3.98313 1.52512 190 190 190 255 
-0.255819 -4.03895 1.55672 190 190 190 255 
-0.273519 -4.05103 1.56356 190 190 190 255 
-0.485641 -3.79815 1.4204 190 190 190 255 
-0.113063 -3.88063 1.4671 190 190 190 255 
-0.898982 -3.14859 3.38769 190 190 190 255 
-0.771808 -2.94136 3.27038 190 190 190 255 
-0.599792 -2.94136 3.27038 190 190 190 255 
-1.10026 -3.04951 3.33161 190 190 190 255 
-1.00417 -2.84706 3.217 190 190 190 255 
-0.308347 -3.07443 3.3457 190 190 190 255 
-0.374082 -3.11046 3.3661 190 190 190 255 
-0.824309 -3.16699 3.39811 190 190 190 255 
-0.6858 -2.94791 3.27409 190 190 190 255 
-0.670341 -3.17986 3.40539 190 190 190 255 
-0.855203 -2.92191 3.25937 190 190 190 255 
-0.97036 -3.12274 3.37305 190 190 190 255 
-0.367427 -2.84706 3.217 190 190 190 255 
-0.43815 -2.89015 3.2414 190 190 190 255 
-0.248297 -3.03201 3.3217 190 190 190 255 
-0.57461 -3.17091 3.40032 190 190 190 255 
-0.516397 -2.92191 3.25937 190 190 190 255 
-0.466706 -3.14587 3.38615 190 190 190 255 
-0.443896 -3.13926 3.3824 190 190 190 255 
-0.108413 -2.8718 3.23101 190 190 190 255 
-0.0889001 -2.63379 3.12634 190 190 190 255 
-0.0384415 -2.63463 3.07476 190 190 190 255 
-0.0453917 -2.71641 3.10632 190 190 190 255 
-0.0804693 -2.81933 3.19213 190 190 190 255 
-0.0691922 -2.79821 3.16758 190 190 190 255 
-0.0889001 -2.7589 3.17051 190 190 190 255 
-0.0594345 -2.7708 3.14398 190 190 190 255 
-0.0545553 -2.75713 3.13219 190 190 190 255 
-0.0889001 -2.03631 3.22018 190 190 190 255 
-0.0889001 -2.3607 3.10752 190 190 190 255 
-0.0381 -2.36546 3.05625 190 190 190 255 
-0.0381 -2.2265 3.08186 190 190 190 255 
-0.0889001 -2.61705 3.12354 190 190 190 255 
-0.0381 -2.59258 3.06517 190 190 190 255 
-0.0889001 -2.50294 3.10453 190 190 190 255 
-0.0381 -2.50689 3.05384 190 190 190 255 
-0.0889001 -2.37025 3.10575 190 190 190 255 
-0.0799312 -3.8157 1.43243 190 190 190 255 
-0.0810464 -3.81919 1.43232 190 190 190 255 
-0.0381 -3.61731 1.31819 190 190 190 255 
-0.0889001 -3.66217 1.29312 190 190 190 255 
-0.0381 -3.61237 1.30609 190 190 190 255 
-0.0381 -3.5982 1.27144 190 190 190 255 
-0.0889001 -3.65784 1.28531 190 190 190 255 
-0.0381 -3.58712 1.22224 190 190 190 255 
-0.0889001 -3.63762 1.21353 190 190 190 255 
-0.0381 -3.58653 1.21237 190 190 190 255 
-0.0889001 -3.63639 1.20699 190 190 190 255 
-0.0889001 -3.63546 1.17178 190 190 190 255 
-0.0381 -3.58507 1.1636 190 190 190 255 
-0.0381 -3.58977 1.1214 190 190 190 255 
-0.0889001 -3.64016 1.13024 190 190 190 255 
-0.0383345 -3.62338 1.32814 190 190 190 255 
-0.0889001 -3.67766 1.3209 190 190 190 255 
-0.0410566 -3.65684 1.37291 190 190 190 255 
-0.0430248 -3.66958 1.38376 190 190 190 255 
-0.0889001 -3.71118 1.36044 190 190 190 255 
-0.0496519 -3.70558 1.40858 190 190 190 255 
-0.0889001 -3.73293 1.38038 190 190 190 255 
-0.0504303 -3.70934 1.41069 190 190 190 255 
-0.0573069 -3.73815 1.42246 190 190 190 255 
-0.0767683 -3.8058 1.43274 190 190 190 255 
-0.0887759 -3.76697 1.40275 190 190 190 255 
-0.0659211 -3.76981 1.42997 190 190 190 255 
-0.0748725 -3.7995 1.43225 190 190 190 255 
-0.0839915 -3.80302 1.42315 190 190 190 255 
-0.0889001 0.312812 0.73642 190 190 190 255 
-1.2827 0.43593 0.670916 190 190 190 255 
-0.0889001 0.639093 0.48136 190 190 190 255 
-0.0889001 0.712995 0.363066 190 190 190 255 
-1.2827 0.712995 0.363066 190 190 190 255 
-1.2827 0.794146 0.0973182 190 190 190 255 
-0.0889001 0.798984 -0.0420648 190 190 190 255 
-1.2827 0.798984 -0.0420648 190 190 190 255 
-0.0889001 0.779537 -0.180169 190 190 190 255 
-1.2827 0.736413 -0.3128 190 190 190 255 
-1.2827 0.696288 -0.394155 190 190 190 255 
-0.0889001 0.67093 -0.435927 190 190 190 255 
-1.2827 0.585015 -0.545806 190 190 190 255 
-1.2827 0.481351 -0.639103 190 190 190 255 
-1.2827 0.363071 -0.712981 190 190 190 255 
-1.2827 0.233755 -0.765196 190 190 190 255 
-0.0889001 -0.0420781 -0.798993 190 190 190 255 
-1.2827 0.0973073 -0.794159 190 190 190 255 
-1.2827 -0.0420781 -0.798993 190 190 190 255 
-0.0889001 -0.180156 -0.779551 190 190 190 255 
-1.2827 -0.312808 -0.736421 190 190 190 255 
-0.0889001 -0.435926 -0.670916 190 190 190 255 
-1.2827 -0.435926 -0.670916 190 190 190 255 
-1.2827 -0.712991 -0.363067 190 190 190 255 
-0.0889001 -0.712991 -0.363067 190 190 190 255 
-1.2827 -0.794171 -0.0973169 190 190 190 255 
-0.0889001 -0.779562 0.180171 190 190 190 255 
-1.2827 -0.779562 0.180171 190 190 190 255 
-1.2827 -0.736409 0.3128 190 190 190 255 
-1.2827 -0.670926 0.435927 190 190 190 255 
-0.0889001 -0.585011 0.545806 190 190 190 255 
-0.0889001 -0.481346 0.639103 190 190 190 255 
-1.2827 -0.481346 0.639103 190 190 190 255 
-0.0889001 -0.363066 0.712981 190 190 190 255 
-0.0889001 -0.097303 0.794159 190 190 190 255 
-1.2827 0.0420526 0.798994 190 190 190 255 
-0.0889001 -1.41503 2.59874 190 190 190 255 
-1.2827 -1.39317 2.49588 190 190 190 255 
-1.2827 -1.35381 2.39837 190 190 190 255 
-0.0889001 -1.39317 2.49588 190 190 190 255 
-1.2827 -1.2981 2.30918 190 190 190 255 
-0.0889001 -1.2981 2.30918 190 190 190 255 
-1.2827 -1.14492 2.16626 190 190 190 255 
-0.0889001 -1.22775 2.23102 190 190 190 255 
-0.0889001 -1.14492 2.16626 190 190 190 255 
-0.0889001 -0.952081 2.08435 190 190 190 255 
-0.0889001 -0.847953 2.06969 190 190 190 255 
-1.2827 -0.847953 2.06969 190 190 190 255 
-1.2827 -0.640004 2.09518 190 190 190 255 
-1.2827 -0.542491 2.13455 190 190 190 255 
-1.2827 -0.453311 2.19025 190 190 190 255 
-1.2827 -0.375148 2.26059 190 190 190 255 
-1.2827 -0.310383 2.34344 190 190 190 255 
-1.2827 -0.217472 2.74549 190 190 190 255 
-1.2827 -0.239303 2.84835 190 190 190 255 
-0.0889001 -0.239303 2.84835 190 190 190 255 
-1.2827 -0.334374 3.03504 190 190 190 255 
-0.0889001 -0.278667 2.94585 190 190 190 255 
-0.0889001 -0.334374 3.03504 190 190 190 255 
-0.0889001 -0.404719 3.1132 190 190 190 255 
-1.2827 -0.404719 3.1132 190 190 190 255 
-0.0889001 -0.487558 3.17796 190 190 190 255 
-1.2827 -0.580397 3.22735 190 190 190 255 
-0.0889001 -0.580397 3.22735 190 190 190 255 
-0.0889001 -0.680392 3.25987 190 190 190 255 
-0.0889001 -0.784521 3.27453 190 190 190 255 
-1.2827 -0.889613 3.27088 190 190 190 255 
-1.2827 -0.99247 3.24904 190 190 190 255 
-1.2827 -1.08998 3.20968 190 190 190 255 
-0.0889001 -1.25733 3.08363 190 190 190 255 
-1.2827 -1.34121 2.96929 190 190 190 255 
-0.0889001 -1.37148 2.90795 190 190 190 255 
-0.0889001 -1.41866 2.70383 190 190 190 255 
-1.33262 -3.63637 1.34845 190 190 190 255 
-1.2827 -3.67766 1.3209 190 190 190 255 
-1.3324 -3.64008 1.35399 190 190 190 255 
-1.2827 -3.7029 1.35286 190 190 190 255 
-1.2827 -3.71118 1.36044 190 190 190 255 
-1.30236 -3.78116 1.43146 190 190 190 255 
-1.283 -3.76697 1.40276 190 190 190 255 
-1.31004 -3.75391 1.4264 190 190 190 255 
-1.2827 -3.76381 1.40097 190 190 190 255 
-1.3119 -3.74735 1.42518 190 190 190 255 
-1.32182 -3.70577 1.40823 190 190 190 255 
-1.3335 -3.61161 1.30639 190 190 190 255 
-1.2827 -3.64661 1.25434 190 190 190 255 
-1.3335 -3.59496 1.26043 190 190 190 255 
-1.2827 -3.63762 1.21353 190 190 190 255 
-1.3335 -3.58587 1.21241 190 190 190 255 
-1.2827 -3.63546 1.17178 190 190 190 255 
-1.2827 -3.64016 1.13024 190 190 190 255 
-1.3335 -3.59112 1.1151 190 190 190 255 
-1.2827 -3.64075 1.12591 190 190 190 255 
-1.2827 -1.69207 3.40935 190 190 190 255 
-1.2827 -1.60173 3.45696 190 190 190 255 
-1.2827 -1.33202 3.56557 190 190 190 255 
-1.3335 -1.22437 3.55422 190 190 190 255 
-1.3335 -0.855639 3.66053 190 190 190 255 
-1.2827 -0.867211 3.71 190 190 190 255 
-1.2827 0.292202 3.79878 190 190 190 255 
-1.2827 0.600104 3.7592 190 190 190 255 
-1.3335 0.668957 3.6992 190 190 190 255 
-1.2827 0.678005 3.74919 190 190 190 255 
-1.2827 1.05671 3.66053 190 190 190 255 
-1.3335 1.40541 3.4866 190 190 190 255 
-1.3335 2.08346 3.12903 190 190 190 255 
-1.2827 2.05759 3.20342 190 190 190 255 
-1.2827 2.37663 2.97461 190 190 190 255 
-1.3335 2.39161 2.90031 190 190 190 255 
-1.2827 2.711 2.67705 190 190 190 255 
-1.3335 2.93022 2.35488 190 190 190 255 
-1.3335 3.15504 2.04386 190 190 190 255 
-1.2827 3.19765 2.07148 190 190 190 255 
-1.2827 3.37059 1.77207 190 190 190 255 
-1.3335 3.34696 1.71154 190 190 190 255 
-1.3335 3.50403 1.36139 190 190 190 255 
-1.2827 3.55138 1.37978 190 190 190 255 
-1.3335 3.62458 0.997039 190 190 190 255 
-1.3335 3.70733 0.622303 190 190 190 255 
-1.2827 3.75066 0.661382 190 190 190 255 
-1.3335 3.75146 0.24108 190 190 190 255 
-1.2827 3.80215 0.244338 190 190 190 255 
-1.2827 3.80694 -0.121029 190 190 190 255 
-1.3335 3.7565 -0.142656 190 190 190 255 
-1.3335 3.72238 -0.524904 190 190 190 255 
-1.2827 3.77268 -0.531997 190 190 190 255 
-1.2827 3.69877 -0.913866 190 190 190 255 
-1.2827 3.58632 -1.28621 190 190 190 255 
-1.2827 3.25276 -1.9835 190 190 190 255 
-1.2827 3.25087 -1.98695 190 190 190 255 
-1.2827 3.03136 -2.30804 190 190 190 255 
-1.3335 2.74317 -2.57033 190 190 190 255 
-1.2827 2.7774 -2.60779 190 190 190 255 
-1.3335 2.16476 -3.07334 190 190 190 255 
-1.3335 1.84015 -3.27803 190 190 190 255 
-1.2827 1.49816 -3.50205 190 190 190 255 
-1.3335 1.13693 -3.58315 190 190 190 255 
-1.3335 0.765694 -3.68039 190 190 190 255 
-1.2827 0.360331 -3.79144 190 190 190 255 
-1.3335 0.386475 -3.73928 190 190 190 255 
-1.2827 -0.032011 -3.80823 190 190 190 255 
-1.3335 -0.380063 -3.73994 190 190 190 255 
-1.2827 -0.385201 -3.79048 190 190 190 255 
-1.3335 -0.759383 -3.6817 190 190 190 255 
-1.2827 -0.769642 -3.73145 190 190 190 255 
-1.3335 -1.1308 -3.58509 190 190 190 255 
-1.2827 -1.19024 -3.61709 190 190 190 255 
-1.3335 -1.83451 -3.28118 190 190 190 255 
-1.2827 -2.23508 -3.08238 190 190 190 255 
-1.3335 -2.46195 -2.84084 190 190 190 255 
-1.2827 -2.49522 -2.87923 190 190 190 255 
-1.2827 -2.54053 -2.83572 190 190 190 255 
-1.2827 -2.81896 -2.55892 190 190 190 255 
-1.2827 -3.28318 -1.92701 190 190 190 255 
-1.3335 -3.38791 -1.62903 190 190 190 255 
-1.2827 -3.43369 -1.65104 190 190 190 255 
-1.3335 -3.53634 -1.27513 190 190 190 255 
-1.2827 -3.6972 -0.920208 190 190 190 255 
-1.3335 -3.64791 -0.907938 190 190 190 255 
-1.2827 -3.71377 -0.835407 190 190 190 255 
-1.3335 -3.75625 -0.149096 190 190 190 255 
-1.2827 -3.807 -0.151111 190 190 190 255 
-1.3335 -3.75186 0.234646 190 190 190 255 
-1.2827 -3.80258 0.237818 190 190 190 255 
-1.2827 -3.79144 0.335375 190 190 190 255 
-1.2827 -3.64587 1.10618 190 190 190 255 
-1.3335 -3.70839 0.615944 190 190 190 255 
-1.2827 -3.73666 0.724021 190 190 190 255 
-1.2827 -3.75851 0.624268 190 190 190 255 
-1.33264 -2.64614 3.07837 190 190 190 255 
-1.2827 -2.61705 3.12354 190 190 190 255 
-1.3335 -2.62461 3.07183 190 190 190 255 
-1.2827 -2.3607 3.10752 190 190 190 255 
-1.2827 -2.23412 3.13209 190 190 190 255 
-1.3335 -2.00917 3.17724 190 190 190 255 
-1.3335 -2.0937 3.13057 190 190 190 255 
-1.2827 -2.11339 3.17762 190 190 190 255 
-1.2827 -2.11555 3.17643 190 190 190 255 
-1.2827 -2.81895 3.20109 190 190 190 255 
-1.31658 -2.75873 3.13339 190 190 190 255 
-1.31224 -2.7709 3.14387 190 190 190 255 
-1.30283 -2.79724 3.16661 190 190 190 255 
-1.33151 -2.67451 3.08699 190 190 190 255 
-0.0381 -3.45766 1.60018 190 190 190 255 
-0.0395757 -2.6679 3.08452 190 190 190 255 
-0.0448942 -3.68169 1.39406 190 190 190 255 
-0.038895 -3.63612 1.3486 190 190 190 255 
-0.0387883 -3.63508 1.3474 190 190 190 255 
-0.0616168 -3.75398 1.42622 190 190 190 255 
-0.0502307 -3.7085 1.41035 190 190 190 255 
-0.0381 -3.25306 1.98333 190 190 190 255 
-0.0500306 -2.73703 3.11942 190 190 190 255 
-1.31946 -3.71694 1.41435 190 190 190 255 
-1.33344 -3.36358 1.78706 190 190 190 255 
-1.32978 -3.66246 1.37832 190 190 190 255 
-1.32861 -3.66948 1.38384 190 190 190 255 
-1.32621 -2.71641 3.10632 190 190 190 255 
-1.32153 -2.73696 3.11947 190 190 190 255 
-1.32102 -3.70957 1.41031 190 190 190 255 
-1.32547 -3.68843 1.39872 190 190 190 255 
-1.3334 -3.62309 1.32863 190 190 190 255 
-1.33345 -3.4044 1.71057 190 190 190 255 
-1.33346 -3.62207 1.3271 190 190 190 255 
-1.3335 -3.45766 1.60018 190 190 190 255 
-1.3335 -3.15143 2.14116 190 190 190 255 
-1.3331 -2.63456 3.07485 190 190 190 255 
-1.33342 -3.24815 1.99095 190 190 190 255 
-1.33341 -3.25306 1.98336 190 190 190 255 
-0.0388362 -2.64621 3.07816 190 190 190 255 
-0.0381 -3.24815 1.99094 190 190 190 255 
-0.0381 -3.15143 2.14116 190 190 190 255 
-1.29667 -3.79949 1.43188 190 190 190 255 
-1.29161 -3.8158 1.43225 190 190 190 255 
-1.29111 -2.8193 3.19216 190 190 190 255 
-1.29055 -3.81919 1.43232 190 190 190 255 
-1.28292 -2.83471 3.21001 190 190 190 255 
-1.24869 -2.89522 3.24426 190 190 190 255 
-1.25372 -3.88848 1.47155 190 190 190 255 
-1.24285 -2.90302 3.24867 190 190 190 255 
-1.20643 -2.95164 3.2762 190 190 190 255 
-1.17746 -2.98178 3.29326 190 190 190 255 
-1.15661 -3.00346 3.30554 190 190 190 255 
-1.0986 -3.05058 3.33221 190 190 190 255 
-1.0377 -3.08956 3.35427 190 190 190 255 
-1.09831 -4.05126 1.5637 190 190 190 255 
-1.00615 -3.10509 3.36307 190 190 190 255 
-1.00615 -4.10615 1.59477 190 190 190 255 
-0.905062 -3.14639 3.38644 190 190 190 255 
-0.905149 -4.14756 1.6182 190 190 190 255 
-0.273633 -3.04992 3.33183 190 190 190 255 
-0.316862 -4.08065 1.58032 190 190 190 255 
-0.365346 -4.10633 1.59486 190 190 190 255 
-0.365176 -3.10556 3.36333 190 190 190 255 
-0.45334 -4.14348 1.61589 190 190 190 255 
-0.51747 -3.16062 3.3945 190 190 190 255 
-0.593257 -3.17424 3.40222 190 190 190 255 
-0.685785 -4.18078 1.63701 190 190 190 255 
-0.685774 -3.17937 3.40511 190 190 190 255 
-0.758097 -4.17756 1.63518 190 190 190 255 
-0.747968 -3.1774 3.40401 190 190 190 255 
-0.834188 -4.16605 1.62866 190 190 190 255 
-0.796999 -3.17073 3.40022 190 190 190 255 
-0.194429 -2.98355 3.29427 190 190 190 255 
-0.193371 -2.98236 3.29359 190 190 190 255 
-0.201169 -3.99136 1.52978 190 190 190 255 
-0.153236 -3.93816 1.49967 190 190 190 255 
-0.147419 -2.92979 3.26383 190 190 190 255 
-0.12925 -2.90278 3.24854 190 190 190 255 
-0.129238 -3.90382 1.48021 190 190 190 255 
-0.0886848 -2.83471 3.21001 190 190 190 255 
-1.2827 0.67093 -0.435927 190 190 190 255 
-1.3335 0.713522 -0.463605 190 190 190 255 
-1.3335 0.783177 -0.332661 190 190 190 255 
-1.2827 0.779537 -0.180169 190 190 190 255 
-1.3335 0.844578 0.103497 190 190 190 255 
-1.3335 0.813778 0.248584 190 190 190 255 
-1.2827 0.765188 0.233744 190 190 190 255 
-1.3335 0.758258 0.386119 190 190 190 255 
-1.2827 0.639093 0.48136 190 190 190 255 
-1.3335 0.580463 0.62217 190 190 190 255 
-1.2827 0.545799 0.585026 190 190 190 255 
-1.3335 0.463599 0.713514 190 190 190 255 
-1.3335 0.332672 0.783177 190 190 190 255 
-1.2827 0.312812 0.73642 190 190 190 255 
-1.3335 0.191599 0.829046 190 190 190 255 
-1.2827 0.18016 0.779551 190 190 190 255 
-1.2827 -0.097303 0.794159 190 190 190 255 
-1.2827 -0.233751 0.765196 190 190 190 255 
-1.3335 -0.511919 0.679681 190 190 190 255 
-1.2827 -0.363066 0.712981 190 190 190 255 
-1.2827 -0.585011 0.545806 190 190 190 255 
-1.3335 -0.622162 0.580461 190 190 190 255 
-1.3335 -0.783173 0.33266 190 190 190 255 
-1.3335 -0.829037 0.191609 190 190 190 255 
-1.3335 -0.849722 0.0447361 190 190 190 255 
-1.2827 -0.798979 0.0420646 190 190 190 255 
-1.2827 -0.765183 -0.233744 190 190 190 255 
-1.3335 -0.758254 -0.386119 190 190 190 255 
-1.3335 -0.679674 -0.511922 190 190 190 255 
-1.2827 -0.639089 -0.48136 190 190 190 255 
-1.2827 -0.545794 -0.585026 190 190 190 255 
-1.2827 -0.180156 -0.779551 190 190 190 255 
-1.3335 0.386114 -0.75825 190 190 190 255 
-1.3335 0.511923 -0.679682 190 190 190 255 
-1.2827 -1.25733 3.08363 190 190 190 255 
-1.2827 -1.32209 3.00079 190 190 190 255 
-1.3335 -1.36468 3.02846 190 190 190 255 
-1.2827 -1.37148 2.90795 190 190 190 255 
-1.3335 -1.45349 2.81939 190 190 190 255 
-1.2827 -1.40402 2.80795 190 190 190 255 
-1.3335 -1.4694 2.7065 190 190 190 255 
-1.2827 -1.41866 2.70383 190 190 190 255 
-1.2827 -1.41503 2.59874 190 190 190 255 
-1.3335 -1.46543 2.59256 190 190 190 255 
-1.3335 -1.44176 2.48103 190 190 190 255 
-1.3335 -1.39907 2.37532 190 190 190 255 
-1.2827 -1.22775 2.23102 190 190 190 255 
-1.3335 -1.17259 2.12366 190 190 190 255 
-1.3335 -1.07194 2.07012 190 190 190 255 
-1.2827 -1.05208 2.11687 190 190 190 255 
-1.2827 -0.952081 2.08435 190 190 190 255 
-1.2827 -0.742861 2.07334 190 190 190 255 
-1.3335 -0.422768 2.14967 190 190 190 255 
-1.2827 -0.260998 2.43627 190 190 190 255 
-1.2827 -0.228486 2.53627 190 190 190 255 
-1.2827 -0.213842 2.6404 190 190 190 255 
-1.3335 -0.190742 2.86319 190 190 190 255 
-1.2827 -0.278667 2.94585 190 190 190 255 
-1.3335 -0.293819 3.0656 190 190 190 255 
-1.3335 -0.370085 3.15035 190 190 190 255 
-1.2827 -0.487558 3.17796 190 190 190 255 
-1.3335 -0.560537 3.27411 190 190 190 255 
-1.2827 -0.680392 3.25987 190 190 190 255 
-1.2827 -0.784521 3.27453 190 190 190 255 
-1.3335 -0.78185 3.32526 190 190 190 255 
-1.3335 -0.895792 3.3213 190 190 190 255 
-1.3335 -1.00731 3.29763 190 190 190 255 
-1.2827 -1.17916 3.15397 190 190 190 255 
-1.3335 -2.36536 3.05518 190 190 190 255 
-1.3335 -2.50689 3.05388 190 190 190 255 
-1.3335 1.75357 3.32514 190 190 190 255 
-1.3335 -0.167039 2.75166 190 190 190 255 
-1.3335 -0.178981 2.52483 190 190 190 255 
-1.3335 -0.214264 2.41641 190 190 190 255 
-1.3335 2.67486 2.64136 190 190 190 255 
-1.3335 -0.1631 2.63772 190 190 190 255 
-1.3335 -1.29448 3.11829 190 190 190 255 
-1.3335 -1.91989 3.23196 190 190 190 255 
-1.3335 -1.41824 2.92781 190 190 190 255 
-1.3335 -2.22625 3.08101 190 190 190 255 
-1.33344 -3.3156 1.87693 190 190 190 255 
-1.3335 0.829042 -0.191609 190 190 190 255 
-1.3335 0.849726 -0.0447363 190 190 190 255 
-1.3335 -0.668953 3.30936 190 190 190 255 
-1.3335 -0.267791 2.31576 190 190 190 255 
-1.3335 -1.33868 2.27862 190 190 190 255 
-1.3335 -0.38611 0.758249 190 190 190 255 
-1.3335 -0.713518 0.463604 190 190 190 255 
-1.3335 -0.844574 -0.103497 190 190 190 255 
-1.3335 1.04262 3.61172 190 190 190 255 
-1.3335 -0.233404 2.9689 190 190 190 255 
-1.3335 0.288311 3.74813 190 190 190 255 
-1.3335 -0.095316 3.75799 190 190 190 255 
-1.3335 -0.459888 3.22056 190 190 190 255 
-1.3335 -0.477961 3.72869 190 190 190 255 
-1.3335 -1.20973 3.19455 190 190 190 255 
-1.3335 -1.58037 3.41086 190 190 190 255 
-1.3335 -0.248592 0.81378 190 190 190 255 
-1.3335 -0.103482 0.844582 190 190 190 255 
-1.3335 0.0447234 0.849724 190 190 190 255 
-1.3335 -1.26242 2.19388 190 190 190 255 
-1.3335 -0.963521 2.03486 190 190 190 255 
-1.3335 -0.850624 2.01897 190 190 190 255 
-1.3335 -0.736682 2.02292 190 190 190 255 
-1.3335 -0.625163 2.04659 190 190 190 255 
-1.3335 -1.11303 3.25494 190 190 190 255 
-1.3335 -0.519448 2.08928 190 190 190 255 
-1.3335 -3.62628 0.990823 190 190 190 255 
-1.3335 -3.59726 1.09143 190 190 190 255 
-1.3335 -3.58457 1.16354 190 190 190 255 
-1.3335 -3.61731 1.31819 190 190 190 255 
-1.3335 -0.463595 -0.713514 190 190 190 255 
-1.3335 0.679678 0.511922 190 190 190 255 
-1.3335 -0.338026 2.22594 190 190 190 255 
-1.3335 -3.20415 -1.96595 190 190 190 255 
-1.3335 -0.813774 -0.248584 190 190 190 255 
-1.3335 -3.72146 -0.531286 190 190 190 255 
-1.3335 -2.15947 -3.07705 190 190 190 255 
-1.3335 -0.580458 -0.62217 190 190 190 255 
-1.3335 -2.73875 -2.57503 190 190 190 255 
-1.3335 -2.98701 -2.28239 190 190 190 255 
-1.3335 -0.332668 -0.783177 190 190 190 255 
-1.3335 -1.49041 -3.45112 190 190 190 255 
-1.3335 0.103486 -0.844582 190 190 190 255 
-1.3335 0.00321909 -3.7592 190 190 190 255 
-1.3335 -0.0447489 -0.849723 190 190 190 255 
-1.3335 -0.191595 -0.829046 190 190 190 255 
-1.3335 0.248596 -0.81378 190 190 190 255 
-1.3335 2.46682 -2.83662 190 190 190 255 
-1.3335 1.49632 -3.44856 190 190 190 255 
-1.3335 3.64945 -0.901681 190 190 190 255 
-1.3335 3.53852 -1.26906 190 190 190 255 
-1.3335 3.39068 -1.62322 190 190 190 255 
-1.3335 3.20753 -1.96046 190 190 190 255 
-1.3335 2.99093 -2.27726 190 190 190 255 
-1.3335 0.622166 -0.580461 190 190 190 255 
3 3969 0 3970 
3 3970 0 2304 
3 2527 1 2 
3 2 1 3 
3 2 3 2530 
3 2530 3 4 
3 2530 4 6 
3 6 4 5 
3 6 5 8 
3 8 5 7 
3 8 7 2522 
3 2522 7 1349 
3 2522 1349 2523 
3 2523 1349 10 
3 2523 10 9 
3 9 10 1368 
3 9 1368 2542 
3 2542 1368 1373 
3 2542 1373 11 
3 11 1373 1367 
3 11 1367 12 
3 12 1367 1366 
3 12 1366 2544 
3 2544 1366 1365 
3 2544 1365 2555 
3 2555 1365 14 
3 2555 14 13 
3 13 14 1395 
3 13 1395 2556 
3 2556 1395 15 
3 2556 15 2557 
3 2557 15 16 
3 2557 16 2545 
3 2545 16 18 
3 2545 18 17 
3 17 18 19 
3 17 19 2531 
3 2531 19 1342 
3 2531 1342 20 
3 20 1342 21 
3 3970 2304 22 
3 22 2304 23 
3 22 23 25 
3 25 23 24 
3 25 24 26 
3 26 24 2307 
3 26 2307 27 
3 27 2307 28 
3 27 28 3940 
3 3940 28 2300 
3 3940 2300 30 
3 30 2300 29 
3 30 29 3955 
3 3955 29 2301 
3 3955 2301 3956 
3 3956 2301 2308 
3 3956 2308 31 
3 31 2308 2332 
3 31 2332 32 
3 32 2332 2331 
3 32 2331 33 
3 33 2331 34 
3 33 34 4003 
3 4003 34 2330 
3 4003 2330 4004 
3 4004 2330 36 
3 4004 36 35 
3 35 36 37 
3 35 37 38 
3 38 37 2328 
3 38 2328 3946 
3 3946 2328 2329 
3 3946 2329 39 
3 39 2329 2283 
3 39 2283 43 
3 43 2283 42 
3 40 2305 3969 
3 3969 2305 0 
3 2526 44 2527 
3 2527 44 1 
3 45 41 21 
3 21 41 20 
3 47 46 42 
3 42 46 43 
3 2305 40 2306 
3 2306 40 72 
3 44 2526 87 
3 87 2526 2528 
3 41 45 2512 
3 2512 45 1339 
3 46 47 89 
3 89 47 90 
3 3903 2298 49 
3 49 2298 48 
3 49 48 50 
3 50 48 51 
3 50 51 52 
3 52 51 53 
3 52 53 54 
3 54 53 2297 
3 54 2297 55 
3 55 2297 56 
3 55 56 3941 
3 3941 56 2362 
3 3941 2362 57 
3 57 2362 58 
3 57 58 59 
3 59 58 2364 
3 59 2364 60 
3 60 2364 61 
3 60 61 62 
3 62 61 2334 
3 62 2334 63 
3 63 2334 64 
3 63 64 3982 
3 3982 64 2333 
3 3982 2333 3983 
3 3983 2333 65 
3 3983 65 66 
3 66 65 68 
3 66 68 67 
3 67 68 69 
3 67 69 3971 
3 3971 69 70 
3 3971 70 71 
3 71 70 73 
3 71 73 72 
3 72 73 2306 
3 2516 1356 74 
3 74 1356 75 
3 74 75 2540 
3 2540 75 1358 
3 2540 1358 76 
3 76 1358 77 
3 76 77 2588 
3 2588 77 1347 
3 2588 1347 78 
3 78 1347 1346 
3 78 1346 79 
3 79 1346 1345 
3 79 1345 2532 
3 2532 1345 1403 
3 2532 1403 2552 
3 2552 1403 1397 
3 2552 1397 80 
3 80 1397 1375 
3 80 1375 2553 
3 2553 1375 1374 
3 2553 1374 2589 
3 2589 1374 1372 
3 2589 1372 81 
3 81 1372 1371 
3 81 1371 82 
3 82 1371 83 
3 82 83 84 
3 84 83 1370 
3 84 1370 2554 
3 2554 1370 1369 
3 2554 1369 85 
3 85 1369 86 
3 85 86 2529 
3 2529 86 1348 
3 2529 1348 2528 
3 2528 1348 87 
3 2512 1339 88 
3 88 1339 1340 
3 89 90 3962 
3 3962 90 91 
3 139 92 3903 
3 3903 92 2298 
3 2515 1355 2516 
3 2516 1355 1356 
3 88 1340 93 
3 93 1340 1341 
3 93 1341 95 
3 95 1341 94 
3 95 94 2570 
3 2570 94 97 
3 2570 97 96 
3 96 97 98 
3 96 98 99 
3 99 98 1350 
3 99 1350 100 
3 100 1350 102 
3 100 102 101 
3 101 102 1361 
3 101 1361 103 
3 103 1361 104 
3 103 104 2559 
3 2559 104 105 
3 2559 105 106 
3 106 105 107 
3 106 107 2533 
3 2533 107 109 
3 2533 109 108 
3 108 109 1388 
3 108 1388 110 
3 110 1388 1463 
3 110 1463 111 
3 111 1463 1394 
3 111 1394 2574 
3 2574 1394 112 
3 2574 112 113 
3 113 112 1387 
3 113 1387 114 
3 114 1387 115 
3 114 115 2571 
3 2571 115 1337 
3 3962 91 116 
3 116 91 2292 
3 116 2292 117 
3 117 2292 2293 
3 117 2293 118 
3 118 2293 120 
3 118 120 119 
3 119 120 121 
3 119 121 122 
3 122 121 2284 
3 122 2284 124 
3 124 2284 123 
3 124 123 125 
3 125 123 127 
3 125 127 126 
3 126 127 2327 
3 126 2327 3984 
3 3984 2327 2326 
3 3984 2326 128 
3 128 2326 129 
3 128 129 130 
3 130 129 2325 
3 130 2325 132 
3 132 2325 131 
3 132 131 133 
3 133 131 134 
3 133 134 135 
3 135 134 136 
3 135 136 3989 
3 3989 136 2400 
3 3989 2400 3988 
3 3988 2400 2311 
3 3988 2311 3853 
3 3853 2311 2295 
3 3853 2295 137 
3 137 2295 2289 
3 142 138 139 
3 139 138 92 
3 2514 140 2515 
3 2515 140 1355 
3 145 144 1337 
3 1337 144 2571 
3 2288 141 2289 
3 2289 141 137 
3 138 142 2299 
3 2299 142 161 
3 140 2514 1357 
3 1357 2514 143 
3 144 145 180 
3 180 145 181 
3 141 2288 146 
3 146 2288 183 
3 185 147 3933 
3 3933 147 2302 
3 3933 2302 3932 
3 3932 2302 148 
3 3932 148 4051 
3 4051 148 149 
3 4051 149 4049 
3 4049 149 150 
3 4049 150 4048 
3 4048 150 2318 
3 4048 2318 4047 
3 4047 2318 151 
3 4047 151 4000 
3 4000 151 152 
3 4000 152 4001 
3 4001 152 2379 
3 4001 2379 4002 
3 4002 2379 2378 
3 4002 2378 153 
3 153 2378 2336 
3 153 2336 4011 
3 4011 2336 154 
3 4011 154 155 
3 155 154 2366 
3 155 2366 156 
3 156 2366 2365 
3 156 2365 3997 
3 3997 2365 157 
3 3997 157 3998 
3 3998 157 2363 
3 3998 2363 158 
3 158 2363 159 
3 158 159 3999 
3 3999 159 160 
3 3999 160 161 
3 161 160 2299 
3 162 1352 163 
3 163 1352 1354 
3 163 1354 2521 
3 2521 1354 164 
3 2521 164 2585 
3 2585 164 165 
3 2585 165 166 
3 166 165 167 
3 166 167 2568 
3 2568 167 1390 
3 2568 1390 168 
3 168 1390 169 
3 168 169 170 
3 170 169 171 
3 170 171 2587 
3 2587 171 1416 
3 2587 1416 172 
3 172 1416 1415 
3 172 1415 173 
3 173 1415 174 
3 173 174 2569 
3 2569 174 1410 
3 2569 1410 175 
3 175 1410 176 
3 175 176 177 
3 177 176 1396 
3 177 1396 178 
3 178 1396 1404 
3 178 1404 2605 
3 2605 1404 1402 
3 2605 1402 2541 
3 2541 1402 1401 
3 2541 1401 179 
3 179 1401 1359 
3 179 1359 143 
3 143 1359 1357 
3 180 181 2572 
3 2572 181 1336 
3 146 183 182 
3 182 183 208 
3 228 184 185 
3 185 184 147 
3 2525 186 162 
3 162 186 1352 
3 2572 1336 2573 
3 2573 1336 187 
3 2573 187 188 
3 188 187 1338 
3 188 1338 2575 
3 2575 1338 1344 
3 2575 1344 2576 
3 2576 1344 1343 
3 2576 1343 2626 
3 2626 1343 189 
3 2626 189 190 
3 190 189 191 
3 190 191 192 
3 192 191 193 
3 192 193 2627 
3 2627 193 194 
3 2627 194 195 
3 195 194 196 
3 195 196 197 
3 197 196 198 
3 197 198 2629 
3 2629 198 1455 
3 2629 1455 199 
3 199 1455 200 
3 199 200 201 
3 201 200 1472 
3 201 1472 202 
3 202 1472 1466 
3 202 1466 2517 
3 2517 1466 1465 
3 2517 1465 203 
3 203 1465 1464 
3 203 1464 204 
3 204 1464 206 
3 204 206 205 
3 205 206 207 
3 182 208 3987 
3 3987 208 2290 
3 3987 2290 210 
3 210 2290 209 
3 210 209 212 
3 212 209 211 
3 212 211 3990 
3 3990 211 2296 
3 3990 2296 213 
3 213 2296 2294 
3 213 2294 215 
3 215 2294 214 
3 215 214 4005 
3 4005 214 2399 
3 4005 2399 3947 
3 3947 2399 216 
3 3947 216 4081 
3 4081 216 2394 
3 4081 2394 218 
3 218 2394 217 
3 218 217 219 
3 219 217 220 
3 219 220 221 
3 221 220 222 
3 221 222 3890 
3 3890 222 2393 
3 3890 2393 223 
3 223 2393 224 
3 223 224 3900 
3 3900 224 2403 
3 3900 2403 3901 
3 3901 2403 225 
3 3901 225 226 
3 226 225 2271 
3 226 2271 227 
3 227 2271 2270 
3 233 229 228 
3 228 229 184 
3 230 1351 2525 
3 2525 1351 186 
3 236 235 207 
3 207 235 205 
3 231 232 2270 
3 2270 232 227 
3 229 233 234 
3 234 233 3931 
3 1351 230 1353 
3 1353 230 2524 
3 235 236 2508 
3 2508 236 283 
3 232 231 284 
3 284 231 285 
3 286 237 238 
3 238 237 239 
3 238 239 240 
3 240 239 242 
3 240 242 241 
3 241 242 2316 
3 241 2316 243 
3 243 2316 2315 
3 243 2315 244 
3 244 2315 245 
3 244 245 4040 
3 4040 245 2314 
3 4040 2314 246 
3 246 2314 2348 
3 246 2348 4056 
3 4056 2348 247 
3 4056 247 4057 
3 4057 247 2381 
3 4057 2381 248 
3 248 2381 249 
3 248 249 4050 
3 4050 249 250 
3 4050 250 4052 
3 4052 250 2401 
3 4052 2401 251 
3 251 2401 252 
3 251 252 253 
3 253 252 254 
3 253 254 255 
3 255 254 256 
3 255 256 257 
3 257 256 2367 
3 257 2367 3934 
3 3934 2367 258 
3 3934 258 259 
3 259 258 260 
3 259 260 3931 
3 3931 260 234 
3 261 263 262 
3 262 263 264 
3 262 264 2566 
3 2566 264 1434 
3 2566 1434 2602 
3 2602 1434 1435 
3 2602 1435 2604 
3 2604 1435 1378 
3 2604 1378 265 
3 265 1378 266 
3 265 266 267 
3 267 266 269 
3 267 269 268 
3 268 269 1392 
3 268 1392 2567 
3 2567 1392 1391 
3 2567 1391 270 
3 270 1391 1377 
3 270 1377 2584 
3 2584 1377 1376 
3 2584 1376 2586 
3 2586 1376 272 
3 2586 272 271 
3 271 272 273 
3 271 273 2520 
3 2520 273 274 
3 2520 274 275 
3 275 274 277 
3 275 277 276 
3 276 277 279 
3 276 279 278 
3 278 279 280 
3 278 280 2519 
3 2519 280 281 
3 2519 281 2524 
3 2524 281 1353 
3 2508 283 282 
3 282 283 287 
3 284 285 3902 
3 3902 285 311 
3 3996 2313 286 
3 286 2313 237 
3 332 333 261 
3 261 333 263 
3 282 287 2518 
3 2518 287 289 
3 2518 289 288 
3 288 289 291 
3 288 291 290 
3 290 291 292 
3 290 292 293 
3 293 292 1324 
3 293 1324 294 
3 294 1324 296 
3 294 296 295 
3 295 296 297 
3 295 297 298 
3 298 297 1467 
3 298 1467 2628 
3 2628 1467 1471 
3 2628 1471 299 
3 299 1471 300 
3 299 300 301 
3 301 300 1470 
3 301 1470 302 
3 302 1470 1469 
3 302 1469 2624 
3 2624 1469 303 
3 2624 303 304 
3 304 303 1468 
3 304 1468 305 
3 305 1468 306 
3 305 306 2618 
3 2618 306 307 
3 2618 307 308 
3 308 307 1475 
3 308 1475 2613 
3 2613 1475 1329 
3 2613 1329 2509 
3 2509 1329 309 
3 3902 311 310 
3 310 311 312 
3 310 312 3972 
3 3972 312 314 
3 3972 314 313 
3 313 314 2273 
3 313 2273 4018 
3 4018 2273 315 
3 4018 315 316 
3 316 315 2272 
3 316 2272 317 
3 317 2272 2324 
3 317 2324 4044 
3 4044 2324 2402 
3 4044 2402 4045 
3 4045 2402 318 
3 4045 318 4065 
3 4065 318 319 
3 4065 319 4060 
3 4060 319 320 
3 4060 320 4042 
3 4042 320 321 
3 4042 321 322 
3 322 321 323 
3 322 323 4012 
3 4012 323 324 
3 4012 324 325 
3 325 324 326 
3 325 326 327 
3 327 326 328 
3 327 328 4015 
3 4015 328 329 
3 4015 329 4014 
3 4014 329 2278 
3 4014 2278 330 
3 330 2278 2275 
3 336 331 3996 
3 3996 331 2313 
3 339 338 332 
3 332 338 333 
3 1326 334 309 
3 309 334 2509 
3 343 3841 2275 
3 2275 3841 330 
3 331 336 335 
3 335 336 337 
3 338 339 340 
3 340 339 383 
3 334 1326 2510 
3 2510 1326 341 
3 3841 343 342 
3 342 343 385 
3 344 2382 4036 
3 4036 2382 2383 
3 4036 2383 345 
3 345 2383 2384 
3 345 2384 346 
3 346 2384 2385 
3 346 2385 3961 
3 3961 2385 2386 
3 3961 2386 348 
3 348 2386 347 
3 348 347 349 
3 349 347 2319 
3 349 2319 351 
3 351 2319 350 
3 351 350 4010 
3 4010 350 352 
3 4010 352 353 
3 353 352 354 
3 353 354 356 
3 356 354 355 
3 356 355 357 
3 357 355 358 
3 357 358 359 
3 359 358 2380 
3 359 2380 360 
3 360 2380 361 
3 360 361 4046 
3 4046 361 2349 
3 4046 2349 4043 
3 4043 2349 362 
3 4043 362 363 
3 363 362 364 
3 363 364 365 
3 365 364 2317 
3 365 2317 337 
3 337 2317 335 
3 389 1457 366 
3 366 1457 367 
3 366 367 2610 
3 2610 367 368 
3 2610 368 369 
3 369 368 370 
3 369 370 2617 
3 2617 370 1450 
3 2617 1450 371 
3 371 1450 372 
3 371 372 2551 
3 2551 372 1417 
3 2551 1417 374 
3 374 1417 373 
3 374 373 375 
3 375 373 376 
3 375 376 377 
3 377 376 378 
3 377 378 2600 
3 2600 378 1438 
3 2600 1438 2599 
3 2599 1438 1437 
3 2599 1437 379 
3 379 1437 1436 
3 379 1436 380 
3 380 1436 381 
3 380 381 2583 
3 2583 381 1412 
3 2583 1412 2603 
3 2603 1412 1411 
3 2603 1411 2601 
3 2601 1411 382 
3 2601 382 2612 
3 2612 382 384 
3 2612 384 383 
3 383 384 340 
3 2510 341 2511 
3 2511 341 1327 
3 342 385 4013 
3 4013 385 386 
3 4035 387 344 
3 344 387 2382 
3 388 390 389 
3 389 390 1457 
3 2511 1327 391 
3 391 1327 392 
3 391 392 2614 
3 2614 392 1328 
3 2614 1328 2615 
3 2615 1328 1330 
3 2615 1330 2625 
3 2625 1330 393 
3 2625 393 394 
3 394 393 1325 
3 394 1325 395 
3 395 1325 397 
3 395 397 396 
3 396 397 398 
3 396 398 399 
3 399 398 400 
3 399 400 401 
3 401 400 402 
3 401 402 403 
3 403 402 1474 
3 403 1474 2630 
3 2630 1474 1473 
3 2630 1473 404 
3 404 1473 1479 
3 404 1479 2631 
3 2631 1479 1478 
3 2631 1478 406 
3 406 1478 405 
3 406 405 2632 
3 2632 405 408 
3 2632 408 407 
3 407 408 1476 
3 407 1476 409 
3 409 1476 1331 
3 409 1331 430 
3 430 1331 428 
3 4013 386 410 
3 410 386 411 
3 410 411 4016 
3 4016 411 2280 
3 4016 2280 4017 
3 4017 2280 2279 
3 4017 2279 4041 
3 4041 2279 2277 
3 4041 2277 4059 
3 4059 2277 2274 
3 4059 2274 412 
3 412 2274 2397 
3 412 2397 4058 
3 4058 2397 2398 
3 4058 2398 413 
3 413 2398 414 
3 413 414 415 
3 415 414 416 
3 415 416 4067 
3 4067 416 417 
3 4067 417 418 
3 418 417 419 
3 418 419 420 
3 420 419 421 
3 420 421 422 
3 422 421 423 
3 422 423 424 
3 424 423 425 
3 424 425 426 
3 426 425 427 
3 426 427 4071 
3 4071 427 2407 
3 4071 2407 3986 
3 3986 2407 2286 
3 3986 2286 3847 
3 3847 2286 432 
3 435 434 4035 
3 4035 434 387 
3 437 1456 388 
3 388 1456 390 
3 439 429 428 
3 428 429 430 
3 431 433 432 
3 432 433 3847 
3 434 435 458 
3 458 435 4034 
3 1456 437 436 
3 436 437 2622 
3 429 439 438 
3 438 439 440 
3 433 431 441 
3 441 431 483 
3 484 485 4033 
3 4033 485 2388 
3 4033 2388 3978 
3 3978 2388 442 
3 3978 442 3979 
3 3979 442 443 
3 3979 443 3980 
3 3980 443 444 
3 3980 444 3994 
3 3994 444 445 
3 3994 445 3995 
3 3995 445 446 
3 3995 446 447 
3 447 446 449 
3 447 449 448 
3 448 449 2338 
3 448 2338 450 
3 450 2338 2337 
3 450 2337 3966 
3 3966 2337 2370 
3 3966 2370 451 
3 451 2370 2369 
3 451 2369 452 
3 452 2369 2368 
3 452 2368 3968 
3 3968 2368 2350 
3 3968 2350 3939 
3 3939 2350 453 
3 3939 453 3960 
3 3960 453 454 
3 3960 454 3981 
3 3981 454 455 
3 3981 455 456 
3 456 455 457 
3 456 457 4034 
3 4034 457 458 
3 2621 1460 459 
3 459 1460 1461 
3 459 1461 460 
3 460 1461 462 
3 460 462 461 
3 461 462 463 
3 461 463 2598 
3 2598 463 464 
3 2598 464 2581 
3 2581 464 465 
3 2581 465 2582 
3 2582 465 466 
3 2582 466 467 
3 467 466 468 
3 467 468 469 
3 469 468 470 
3 469 470 2616 
3 2616 470 471 
3 2616 471 472 
3 472 471 1451 
3 472 1451 473 
3 473 1451 1449 
3 473 1449 474 
3 474 1449 475 
3 474 475 476 
3 476 475 477 
3 476 477 478 
3 478 477 479 
3 478 479 480 
3 480 479 1448 
3 480 1448 2611 
3 2611 1448 481 
3 2611 481 2623 
3 2623 481 482 
3 2623 482 2622 
3 2622 482 436 
3 438 440 2513 
3 2513 440 487 
3 441 483 3848 
3 3848 483 503 
3 4031 525 484 
3 484 525 485 
3 486 1458 2621 
3 2621 1458 1460 
3 2513 487 488 
3 488 487 1333 
3 488 1333 2577 
3 2577 1333 1335 
3 2577 1335 2578 
3 2578 1335 489 
3 2578 489 2635 
3 2635 489 1334 
3 2635 1334 490 
3 490 1334 492 
3 490 492 491 
3 491 492 493 
3 491 493 2651 
3 2651 493 1332 
3 2651 1332 2652 
3 2652 1332 1477 
3 2652 1477 2653 
3 2653 1477 494 
3 2653 494 2649 
3 2649 494 1484 
3 2649 1484 2647 
3 2647 1484 1485 
3 2647 1485 2646 
3 2646 1485 495 
3 2646 495 2633 
3 2633 495 496 
3 2633 496 497 
3 497 496 498 
3 497 498 499 
3 499 498 501 
3 499 501 500 
3 500 501 1490 
3 500 1490 2639 
3 2639 1490 1489 
3 2639 1489 2637 
3 2637 1489 1488 
3 2637 1488 502 
3 502 1488 1482 
3 3848 503 3985 
3 3985 503 505 
3 3985 505 504 
3 504 505 2282 
3 504 2282 506 
3 506 2282 2281 
3 506 2281 507 
3 507 2281 2276 
3 507 2276 508 
3 508 2276 2287 
3 508 2287 4090 
3 4090 2287 2285 
3 4090 2285 4091 
3 4091 2285 509 
3 4091 509 510 
3 510 509 2415 
3 510 2415 4104 
3 4104 2415 2414 
3 4104 2414 4105 
3 4105 2414 511 
3 4105 511 4102 
3 4102 511 512 
3 4102 512 513 
3 513 512 2413 
3 513 2413 4103 
3 4103 2413 514 
3 4103 514 515 
3 515 514 516 
3 515 516 517 
3 517 516 2425 
3 517 2425 518 
3 518 2425 2417 
3 518 2417 520 
3 520 2417 519 
3 520 519 521 
3 521 519 522 
3 521 522 528 
3 528 522 527 
3 523 524 4031 
3 4031 524 525 
3 530 529 486 
3 486 529 1458 
3 1481 526 1482 
3 1482 526 502 
3 534 532 527 
3 527 532 528 
3 524 523 2387 
3 2387 523 4032 
3 529 530 1459 
3 1459 530 531 
3 526 1481 2636 
3 2636 1481 570 
3 532 534 533 
3 533 534 535 
3 3944 537 536 
3 536 537 2352 
3 536 2352 3937 
3 3937 2352 2353 
3 3937 2353 538 
3 538 2353 2391 
3 538 2391 539 
3 539 2391 540 
3 539 540 3993 
3 3993 540 542 
3 3993 542 541 
3 541 542 2323 
3 541 2323 4006 
3 4006 2323 2322 
3 4006 2322 3954 
3 3954 2322 2321 
3 3954 2321 543 
3 543 2321 2320 
3 543 2320 544 
3 544 2320 2396 
3 544 2396 3957 
3 3957 2396 2395 
3 3957 2395 3958 
3 3958 2395 545 
3 3958 545 3924 
3 3924 545 546 
3 3924 546 3959 
3 3959 546 2339 
3 3959 2339 548 
3 548 2339 547 
3 548 547 549 
3 549 547 551 
3 549 551 550 
3 550 551 2389 
3 550 2389 4032 
3 4032 2389 2387 
3 573 1419 552 
3 552 1419 1420 
3 552 1420 2565 
3 2565 1420 1422 
3 2565 1422 553 
3 553 1422 1453 
3 553 1453 2538 
3 2538 1453 554 
3 2538 554 555 
3 555 554 556 
3 555 556 2539 
3 2539 556 1414 
3 2539 1414 557 
3 557 1414 1413 
3 557 1413 2594 
3 2594 1413 558 
3 2594 558 2595 
3 2595 558 559 
3 2595 559 2619 
3 2619 559 560 
3 2619 560 561 
3 561 560 562 
3 561 562 2620 
3 2620 562 1462 
3 2620 1462 563 
3 563 1462 564 
3 563 564 565 
3 565 564 1439 
3 565 1439 566 
3 566 1439 567 
3 566 567 2596 
3 2596 567 1418 
3 2596 1418 2597 
3 2597 1418 568 
3 2597 568 531 
3 531 568 1459 
3 2636 570 569 
3 569 570 1480 
3 533 535 4082 
3 4082 535 571 
3 613 572 3944 
3 3944 572 537 
3 615 574 573 
3 573 574 1419 
3 569 1480 2638 
3 2638 1480 1487 
3 2638 1487 575 
3 575 1487 1491 
3 575 1491 576 
3 576 1491 1486 
3 576 1486 2650 
3 2650 1486 577 
3 2650 577 579 
3 579 577 578 
3 579 578 2648 
3 2648 578 581 
3 2648 581 580 
3 580 581 582 
3 580 582 2654 
3 2654 582 1502 
3 2654 1502 583 
3 583 1502 584 
3 583 584 585 
3 585 584 1497 
3 585 1497 586 
3 586 1497 1496 
3 586 1496 2658 
3 2658 1496 1495 
3 2658 1495 587 
3 587 1495 589 
3 587 589 588 
3 588 589 1494 
3 588 1494 590 
3 590 1494 591 
3 590 591 2634 
3 2634 591 1500 
3 2634 1500 592 
3 592 1500 1493 
3 592 1493 2642 
3 2642 1493 593 
3 2642 593 2641 
3 2641 593 616 
3 4082 571 594 
3 594 571 2405 
3 594 2405 595 
3 595 2405 2416 
3 595 2416 4101 
3 4101 2416 2418 
3 4101 2418 596 
3 596 2418 2419 
3 596 2419 597 
3 597 2419 598 
3 597 598 600 
3 600 598 599 
3 600 599 602 
3 602 599 601 
3 602 601 603 
3 603 601 605 
3 603 605 604 
3 604 605 2433 
3 604 2433 606 
3 606 2433 2432 
3 606 2432 607 
3 607 2432 2431 
3 607 2431 4085 
3 4085 2431 608 
3 4085 608 4086 
3 4086 608 609 
3 4086 609 610 
3 610 609 611 
3 610 611 4088 
3 4088 611 2430 
3 4088 2430 4089 
3 4089 2430 2429 
3 4089 2429 4095 
3 4095 2429 2428 
3 4095 2428 4094 
3 4094 2428 2427 
3 4094 2427 4093 
3 4093 2427 618 
3 619 612 613 
3 613 612 572 
3 614 620 615 
3 615 620 574 
3 1483 2640 616 
3 616 2640 2641 
3 617 4092 618 
3 618 4092 4093 
3 612 619 2351 
3 2351 619 3943 
3 620 614 621 
3 621 614 656 
3 2640 1483 657 
3 657 1483 658 
3 4092 617 622 
3 622 617 623 
3 4030 2374 624 
3 624 2374 2375 
3 624 2375 625 
3 625 2375 626 
3 625 626 3974 
3 3974 626 2377 
3 3974 2377 627 
3 627 2377 628 
3 627 628 3975 
3 3975 628 2357 
3 3975 2357 629 
3 629 2357 630 
3 629 630 4008 
3 4008 630 2310 
3 4008 2310 4007 
3 4007 2310 2373 
3 4007 2373 631 
3 631 2373 2372 
3 631 2372 632 
3 632 2372 2371 
3 632 2371 633 
3 633 2371 634 
3 633 634 3935 
3 3935 634 2392 
3 3935 2392 635 
3 635 2392 2390 
3 635 2390 3936 
3 3936 2390 2355 
3 3936 2355 636 
3 636 2355 637 
3 636 637 3938 
3 3938 637 2354 
3 3938 2354 3945 
3 3945 2354 638 
3 3945 638 3943 
3 3943 638 2351 
3 660 662 2592 
3 2592 662 1441 
3 2592 1441 639 
3 639 1441 640 
3 639 640 641 
3 641 640 642 
3 641 642 2550 
3 2550 642 1393 
3 2550 1393 643 
3 643 1393 1427 
3 643 1427 644 
3 644 1427 1425 
3 644 1425 2580 
3 2580 1425 1424 
3 2580 1424 2593 
3 2593 1424 1423 
3 2593 1423 646 
3 646 1423 645 
3 646 645 647 
3 647 645 1454 
3 647 1454 2607 
3 2607 1454 648 
3 2607 648 649 
3 649 648 1452 
3 649 1452 2608 
3 2608 1452 650 
3 2608 650 2609 
3 2609 650 651 
3 2609 651 652 
3 652 651 653 
3 652 653 654 
3 654 653 655 
3 654 655 2564 
3 2564 655 1421 
3 2564 1421 656 
3 656 1421 621 
3 657 658 674 
3 674 658 675 
3 622 623 697 
3 697 623 2406 
3 4029 659 4030 
3 4030 659 2374 
3 717 661 660 
3 660 661 662 
3 663 1672 664 
3 664 1672 1676 
3 664 1676 665 
3 665 1676 1675 
3 665 1675 666 
3 666 1675 667 
3 666 667 2655 
3 672 673 2645 
3 2645 673 1671 
3 2645 1671 663 
3 663 1671 668 
3 663 668 1672 
3 669 670 672 
3 672 670 671 
3 672 671 673 
3 674 675 2643 
3 2643 675 1492 
3 2643 1492 676 
3 676 1492 678 
3 676 678 677 
3 677 678 679 
3 677 679 2659 
3 2659 679 680 
3 2659 680 681 
3 681 680 1501 
3 681 1501 2660 
3 2660 1501 1498 
3 2660 1498 682 
3 682 1498 683 
3 682 683 684 
3 684 683 685 
3 684 685 686 
3 686 685 687 
3 686 687 688 
3 688 687 689 
3 688 689 2662 
3 2662 689 690 
3 2662 690 669 
3 669 690 691 
3 669 691 670 
3 1517 2409 692 
3 1517 692 693 
3 693 692 694 
3 693 694 695 
3 695 694 2412 
3 695 2412 1519 
3 1519 2412 2424 
3 1519 2424 1520 
3 1520 2424 2421 
3 1520 2421 696 
3 697 2406 4087 
3 4087 2406 2426 
3 4087 2426 4106 
3 4106 2426 698 
3 4106 698 4107 
3 4107 698 699 
3 4107 699 700 
3 700 699 701 
3 700 701 703 
3 703 701 702 
3 703 702 704 
3 704 702 2420 
3 704 2420 705 
3 705 2420 2435 
3 705 2435 707 
3 707 2435 706 
3 707 706 708 
3 708 706 2434 
3 708 2434 4109 
3 4109 2434 709 
3 4109 709 710 
3 710 709 2438 
3 710 2438 4108 
3 4108 2438 2404 
3 4108 2404 711 
3 711 2404 2410 
3 711 2410 712 
3 712 2410 2409 
3 712 2409 713 
3 713 2409 1517 
3 720 714 4029 
3 4029 714 659 
3 715 716 717 
3 717 716 661 
3 1673 718 667 
3 667 718 2655 
3 722 719 2421 
3 2421 719 696 
3 714 720 743 
3 743 720 721 
3 716 715 1440 
3 1440 715 2590 
3 718 1673 765 
3 765 1673 766 
3 719 722 767 
3 767 722 768 
3 771 2359 723 
3 723 2359 2361 
3 723 2361 3973 
3 3973 2361 724 
3 3973 724 3952 
3 3952 724 725 
3 3952 725 726 
3 726 725 2309 
3 726 2309 727 
3 727 2309 729 
3 727 729 728 
3 728 729 730 
3 728 730 731 
3 731 730 733 
3 731 733 732 
3 732 733 2303 
3 732 2303 4009 
3 4009 2303 2341 
3 4009 2341 3965 
3 3965 2341 734 
3 3965 734 735 
3 735 734 736 
3 735 736 737 
3 737 736 738 
3 737 738 740 
3 740 738 739 
3 740 739 3991 
3 3991 739 2358 
3 3991 2358 3992 
3 3992 2358 2356 
3 3992 2356 741 
3 741 2356 2340 
3 741 2340 742 
3 742 2340 2376 
3 742 2376 721 
3 721 2376 743 
3 744 745 747 
3 747 745 746 
3 747 746 748 
3 748 746 749 
3 748 749 750 
3 750 749 1447 
3 750 1447 751 
3 751 1447 1380 
3 751 1380 752 
3 752 1380 1379 
3 752 1379 2536 
3 2536 1379 753 
3 2536 753 2537 
3 2537 753 754 
3 2537 754 755 
3 755 754 756 
3 755 756 2563 
3 2563 756 757 
3 2563 757 758 
3 758 757 1431 
3 758 1431 759 
3 759 1431 760 
3 759 760 2549 
3 2549 760 761 
3 2549 761 762 
3 762 761 1430 
3 762 1430 2579 
3 2579 1430 1429 
3 2579 1429 763 
3 763 1429 1428 
3 763 1428 764 
3 764 1428 1426 
3 764 1426 2591 
3 2591 1426 1442 
3 2591 1442 2590 
3 2590 1442 1440 
3 765 766 2656 
3 2656 766 1674 
3 767 768 1518 
3 1518 768 2422 
3 769 770 771 
3 771 770 2359 
3 2606 1443 744 
3 744 1443 745 
3 816 817 2503 
3 816 2503 1659 
3 1659 2503 772 
3 1659 772 1661 
3 1661 772 773 
3 1661 773 1662 
3 1662 773 774 
3 1662 774 775 
3 775 774 776 
3 775 776 778 
3 778 776 777 
3 778 777 780 
3 777 2507 780 
3 780 2507 779 
3 780 779 781 
3 781 779 782 
3 781 782 783 
3 783 782 784 
3 783 784 785 
3 785 784 786 
3 786 784 2506 
3 786 2506 787 
3 787 2506 2505 
3 787 2505 788 
3 788 2505 2504 
3 788 2504 1666 
3 1666 2504 789 
3 1666 789 1669 
3 789 2661 1669 
3 1669 2661 2663 
3 1669 2663 1670 
3 1670 2663 2664 
3 1670 2664 790 
3 790 2664 2644 
3 790 2644 791 
3 791 2644 2657 
3 791 2657 792 
3 792 2657 793 
3 792 793 794 
3 794 793 2656 
3 794 2656 1674 
3 818 1534 1536 
3 818 1536 795 
3 795 1536 1527 
3 795 1527 2444 
3 2444 1527 796 
3 2444 796 797 
3 797 796 1532 
3 797 1532 2445 
3 2445 1532 1531 
3 2445 1531 2446 
3 2446 1531 2447 
3 2447 1531 1530 
3 2447 1530 798 
3 798 1530 799 
3 798 799 800 
3 800 799 801 
3 800 801 802 
3 802 801 804 
3 802 804 803 
3 803 804 1538 
3 803 1538 806 
3 808 807 805 
3 805 807 806 
3 805 806 1537 
3 1537 806 1538 
3 2436 2443 808 
3 808 2443 2442 
3 808 2442 807 
3 808 1524 2436 
3 2436 1524 1523 
3 2436 1523 2437 
3 2437 1523 1521 
3 2437 1521 809 
3 809 1521 1522 
3 809 1522 2411 
3 2411 1522 810 
3 2411 810 811 
3 811 810 812 
3 811 812 2423 
3 2423 812 1518 
3 2423 1518 2422 
3 813 814 769 
3 769 814 770 
3 819 1444 2606 
3 2606 1444 1443 
3 821 815 816 
3 816 815 817 
3 823 1533 818 
3 818 1533 1534 
3 814 813 2360 
3 2360 813 845 
3 1444 819 1445 
3 1445 819 867 
3 815 821 820 
3 820 821 822 
3 820 822 2494 
3 1533 823 868 
3 868 823 824 
3 868 824 825 
3 3927 2291 826 
3 826 2291 827 
3 826 827 3929 
3 3929 827 828 
3 3929 828 3928 
3 3928 828 829 
3 3928 829 830 
3 830 829 2312 
3 830 2312 831 
3 831 2312 832 
3 831 832 833 
3 833 832 2347 
3 833 2347 4078 
3 4078 2347 834 
3 4078 834 835 
3 835 834 2346 
3 835 2346 836 
3 836 2346 2345 
3 836 2345 838 
3 838 2345 837 
3 838 837 839 
3 839 837 2344 
3 839 2344 3948 
3 3948 2344 2343 
3 3948 2343 3949 
3 3949 2343 2342 
3 3949 2342 3950 
3 3950 2342 840 
3 3950 840 3951 
3 3951 840 841 
3 3951 841 3953 
3 3953 841 842 
3 3953 842 843 
3 843 842 844 
3 843 844 845 
3 845 844 2360 
3 846 873 847 
3 847 873 848 
3 847 848 849 
3 849 848 1362 
3 849 1362 850 
3 850 1362 1363 
3 850 1363 852 
3 852 1363 851 
3 852 851 2546 
3 2546 851 853 
3 2546 853 854 
3 854 853 855 
3 854 855 857 
3 857 855 856 
3 857 856 858 
3 858 856 1381 
3 858 1381 2547 
3 2547 1381 859 
3 2547 859 2548 
3 2548 859 1360 
3 2548 1360 2535 
3 2535 1360 1433 
3 2535 1433 860 
3 860 1433 861 
3 860 861 863 
3 863 861 862 
3 863 862 864 
3 864 862 1432 
3 864 1432 2560 
3 2560 1432 865 
3 2560 865 2561 
3 2561 865 866 
3 2561 866 2562 
3 2562 866 1446 
3 2562 1446 867 
3 867 1446 1445 
3 2494 822 874 
3 874 822 1658 
3 868 825 1535 
3 1535 825 869 
3 929 870 3927 
3 3927 870 2291 
3 871 872 846 
3 846 872 873 
3 1660 2496 2495 
3 1660 2495 1657 
3 1657 2495 874 
3 1657 874 1658 
3 2496 1660 2497 
3 2497 1660 875 
3 2497 875 2498 
3 2498 875 2499 
3 2499 875 1652 
3 2499 1652 2500 
3 2500 1652 1651 
3 2500 1651 876 
3 876 1651 1656 
3 876 1656 877 
3 877 1656 1655 
3 877 1655 879 
3 1655 878 879 
3 879 878 1647 
3 879 1647 880 
3 880 1647 881 
3 881 1647 1648 
3 881 1648 2502 
3 2502 1648 882 
3 2502 882 883 
3 883 882 884 
3 883 884 885 
3 885 884 886 
3 885 886 2491 
3 2491 886 887 
3 2491 887 2492 
3 2492 887 888 
3 888 887 889 
3 888 889 2493 
3 2493 889 890 
3 2493 890 2485 
3 2485 890 891 
3 2485 891 2486 
3 2486 891 892 
3 2486 892 893 
3 893 892 894 
3 893 894 895 
3 895 894 896 
3 895 896 2487 
3 2487 896 897 
3 2487 897 2488 
3 2488 897 898 
3 2488 898 2489 
3 2489 898 900 
3 2489 900 899 
3 899 900 934 
3 899 934 901 
3 2458 1557 2459 
3 2459 1557 902 
3 2459 902 2460 
3 2460 902 903 
3 2460 903 2461 
3 2461 903 1555 
3 2461 1555 904 
3 904 1555 905 
3 904 905 906 
3 906 905 1554 
3 906 1554 911 
3 1553 913 907 
3 907 913 908 
3 907 908 909 
3 909 908 911 
3 909 911 910 
3 910 911 1554 
3 919 912 1553 
3 1553 912 2463 
3 1553 2463 913 
3 1547 914 915 
3 915 914 916 
3 915 916 917 
3 917 916 918 
3 917 918 1551 
3 1551 918 919 
3 1551 919 1552 
3 1552 919 1553 
3 920 921 923 
3 923 921 922 
3 923 922 1547 
3 1547 922 2457 
3 1547 2457 914 
3 924 2449 920 
3 920 2449 2450 
3 920 2450 921 
3 924 1546 2449 
3 2449 1546 1541 
3 2449 1541 925 
3 925 1541 1540 
3 925 1540 2451 
3 1528 2453 1540 
3 1540 2453 2452 
3 1540 2452 2451 
3 1535 869 926 
3 926 869 927 
3 926 927 1529 
3 1529 927 2455 
3 1529 2455 1528 
3 1528 2455 928 
3 1528 928 2453 
3 870 929 930 
3 930 929 936 
3 930 936 931 
3 872 871 932 
3 932 871 1844 
3 932 1844 938 
3 933 941 934 
3 934 941 901 
3 944 935 2458 
3 2458 935 1557 
3 931 936 1786 
3 1786 936 3926 
3 932 938 937 
3 937 938 1845 
3 989 988 939 
3 989 939 940 
3 940 939 941 
3 940 941 933 
3 2469 942 943 
3 2469 943 944 
3 944 943 1556 
3 944 1556 935 
3 1786 3926 3925 
3 1786 3925 945 
3 945 3925 946 
3 945 946 1784 
3 1784 946 947 
3 1784 947 948 
3 948 947 950 
3 948 950 949 
3 949 950 3930 
3 949 3930 951 
3 951 3930 952 
3 951 952 953 
3 953 952 954 
3 953 954 1787 
3 1787 954 3964 
3 1787 3964 955 
3 955 3964 3963 
3 955 3963 1788 
3 1788 3963 957 
3 957 3963 956 
3 957 956 958 
3 958 956 959 
3 958 959 1781 
3 1781 959 4084 
3 1781 4084 960 
3 960 4084 961 
3 960 961 962 
3 962 961 4100 
3 962 4100 1780 
3 1780 4100 4099 
3 1780 4099 963 
3 963 4099 4098 
3 963 4098 964 
3 964 4098 4096 
3 964 4096 1782 
3 1782 4096 4064 
3 1782 4064 1783 
3 1783 4064 966 
3 966 4064 965 
3 966 965 967 
3 968 1383 1832 
3 1832 1383 969 
3 1832 969 970 
3 970 969 972 
3 970 972 971 
3 971 972 1400 
3 971 1400 973 
3 973 1400 974 
3 973 974 1835 
3 1835 974 975 
3 1835 975 1836 
3 1836 975 1398 
3 1836 1398 976 
3 976 1398 977 
3 976 977 978 
3 978 977 1407 
3 978 1407 979 
3 979 1407 1408 
3 979 1408 980 
3 980 1408 1839 
3 1839 1408 1406 
3 1839 1406 1840 
3 1840 1406 982 
3 1840 982 981 
3 981 982 1405 
3 981 1405 1837 
3 1837 1405 983 
3 1837 983 1838 
3 1838 983 984 
3 1838 984 985 
3 985 984 1386 
3 985 1386 986 
3 986 1386 1385 
3 986 1385 1842 
3 1842 1385 987 
3 1842 987 1843 
3 1843 987 1364 
3 1843 1364 1846 
3 1846 1364 937 
3 1846 937 1845 
3 988 989 1027 
3 1027 989 1028 
3 943 942 1558 
3 1558 942 2464 
3 1045 990 965 
3 965 990 967 
3 991 992 968 
3 968 992 1383 
3 1631 1630 993 
3 1631 993 994 
3 993 995 994 
3 994 995 996 
3 994 996 1632 
3 1632 996 997 
3 996 1576 997 
3 997 1576 998 
3 997 998 1634 
3 1634 998 999 
3 999 998 1000 
3 999 1000 1566 
3 1002 1003 1566 
3 1566 1003 1001 
3 1566 1001 999 
3 1002 1574 1003 
3 1003 1574 1004 
3 1003 1004 1635 
3 1635 1004 1572 
3 1635 1572 1005 
3 1005 1572 1006 
3 1005 1006 1007 
3 1569 1010 1006 
3 1006 1010 1637 
3 1006 1637 1007 
3 1008 2476 1567 
3 1008 1567 2474 
3 2474 1567 1029 
3 2474 1029 2473 
3 1569 1009 1010 
3 1010 1009 1567 
3 1010 1567 1638 
3 1638 1567 2476 
3 1638 2476 1640 
3 1640 2476 2477 
3 2477 2478 1640 
3 1640 2478 2479 
3 1640 2479 1642 
3 1642 2479 1012 
3 1642 1012 1011 
3 1011 1012 2483 
3 1011 2483 1013 
3 2483 2482 1013 
3 1013 2482 1014 
3 1013 1014 1015 
3 1015 1014 2481 
3 1015 2481 1643 
3 1643 2481 1016 
3 1643 1016 1017 
3 1017 1016 1018 
3 1017 1018 1645 
3 1645 1018 1019 
3 1645 1019 1023 
3 1023 1019 2480 
3 1024 1025 1020 
3 1020 1025 1021 
3 1020 1021 2480 
3 2480 1021 1022 
3 2480 1022 1023 
3 1024 2484 1025 
3 1025 2484 1026 
3 1025 1026 1646 
3 1646 1026 1027 
3 1646 1027 1028 
3 2473 1029 1030 
3 1030 1029 1564 
3 1030 1564 1033 
3 1032 2440 1033 
3 1033 2440 2439 
3 1033 2439 1030 
3 1037 1031 1561 
3 1561 1031 1032 
3 1561 1032 1563 
3 1563 1032 1033 
3 1034 2471 1037 
3 1037 2471 2470 
3 1037 2470 1031 
3 1043 2468 1035 
3 1035 2468 2466 
3 1035 2466 1036 
3 1036 2466 1034 
3 1036 1034 1560 
3 1560 1034 1037 
3 1558 2464 1038 
3 1038 2464 2465 
3 1038 2465 1039 
3 1039 2465 1040 
3 1039 1040 1041 
3 1041 1040 1042 
3 1041 1042 1043 
3 1043 1042 1044 
3 1043 1044 2468 
3 990 1045 1775 
3 1775 1045 4063 
3 1775 4063 1776 
3 992 991 1046 
3 1046 991 1834 
3 1046 1834 1047 
3 1056 1048 1630 
3 1630 1048 993 
3 1776 4063 1059 
3 1059 4063 1049 
3 1050 1052 1051 
3 1051 1052 1291 
3 1046 1047 1382 
3 1382 1047 1053 
3 1054 1055 1629 
3 1629 1055 1578 
3 1629 1578 1056 
3 1056 1578 1048 
3 1134 1057 1050 
3 1050 1057 1058 
3 1050 1058 1052 
3 1059 1049 1777 
3 1777 1049 1061 
3 1060 1064 1061 
3 1061 1064 1062 
3 1061 1062 1777 
3 1069 1071 1060 
3 1060 1071 1063 
3 1060 1063 1064 
3 1074 1073 4080 
3 4080 1073 1065 
3 4080 1065 4097 
3 4097 1065 1066 
3 4097 1066 4062 
3 4062 1066 1068 
3 4062 1068 1067 
3 1067 1068 1773 
3 1067 1773 4061 
3 4061 1773 1779 
3 4061 1779 1069 
3 1069 1779 1070 
3 1069 1070 1071 
3 1075 1072 1074 
3 1074 1072 1774 
3 1074 1774 1073 
3 1074 4077 1075 
3 1075 4077 4076 
3 1075 4076 1770 
3 1770 4076 4075 
3 1770 4075 1076 
3 1076 4075 4074 
3 1076 4074 1771 
3 1771 4074 4072 
3 1771 4072 1077 
3 1077 4072 1078 
3 1077 1078 1772 
3 1772 1078 1079 
3 1079 1078 1082 
3 1079 1082 1080 
3 1080 1082 1081 
3 1081 1082 4070 
3 1081 4070 1767 
3 1767 4070 1083 
3 1083 4070 1085 
3 1083 1085 1084 
3 1084 1085 1768 
3 1768 1085 1146 
3 1768 1146 1147 
3 1148 1150 1086 
3 1086 1150 1088 
3 1086 1088 1087 
3 1087 1088 1275 
3 1275 1088 1089 
3 1275 1089 1276 
3 1276 1089 1278 
3 1278 1089 4026 
3 1278 4026 1279 
3 1279 4026 1273 
3 1273 4026 1090 
3 1273 1090 1091 
3 1091 1090 1274 
3 1274 1090 4039 
3 1274 4039 1092 
3 1092 4039 1093 
3 1093 4039 1094 
3 1093 1094 1095 
3 1095 1094 4037 
3 1095 4037 1281 
3 1281 4037 1097 
3 1281 1097 1096 
3 1096 1097 1098 
3 1096 1098 1283 
3 1283 1098 4083 
3 1283 4083 1286 
3 1286 4083 4025 
3 1286 4025 1288 
3 1288 4025 1099 
3 1288 1099 1289 
3 1289 1099 4024 
3 1289 4024 1100 
3 1100 4024 4022 
3 1100 4022 1101 
3 4021 4019 1108 
3 1108 1102 4021 
3 4021 1102 1103 
3 4021 1103 4022 
3 4022 1103 1104 
3 4022 1104 1101 
3 1105 1051 1291 
3 1291 1106 1105 
3 1105 1106 1107 
3 1105 1107 4019 
3 4019 1107 1290 
3 4019 1290 1108 
3 1256 1109 1259 
3 1259 1109 1825 
3 1259 1825 1114 
3 1114 1825 1116 
3 1118 1110 1111 
3 1111 1110 1261 
3 1111 1261 1820 
3 1820 1261 1112 
3 1820 1112 1821 
3 1821 1112 1113 
3 1821 1113 1822 
3 1822 1113 1114 
3 1822 1114 1115 
3 1115 1114 1116 
3 1119 1117 1118 
3 1118 1117 1257 
3 1118 1257 1110 
3 1119 1817 1117 
3 1117 1817 1818 
3 1117 1818 1122 
3 1818 1120 1122 
3 1122 1120 1121 
3 1122 1121 1124 
3 1814 1123 1815 
3 1815 1123 1124 
3 1815 1124 1816 
3 1816 1124 1121 
3 1256 1125 1109 
3 1109 1125 1409 
3 1109 1409 1823 
3 1823 1409 1126 
3 1823 1126 1128 
3 1128 1126 1127 
3 1128 1127 1827 
3 1827 1127 1130 
3 1827 1130 1828 
3 1399 1132 1129 
3 1129 1833 1399 
3 1399 1833 1830 
3 1399 1830 1130 
3 1130 1830 1829 
3 1130 1829 1828 
3 1384 1382 1053 
3 1053 1831 1384 
3 1384 1831 1131 
3 1384 1131 1132 
3 1132 1131 1826 
3 1132 1826 1129 
3 1055 1054 1133 
3 1133 1054 1182 
3 1057 1134 1292 
3 1292 1134 3904 
3 1292 3904 1135 
3 1135 3904 1136 
3 1136 3904 1137 
3 1136 1137 1294 
3 1294 1137 1138 
3 1138 1137 1139 
3 1138 1139 1141 
3 1143 1295 1142 
3 1142 1295 1296 
3 1142 1296 1139 
3 1139 1296 1140 
3 1139 1140 1141 
3 1142 4020 1143 
3 1143 4020 4023 
3 1143 4023 1298 
3 1298 4023 4073 
3 1298 4073 1299 
3 4079 1144 4073 
3 4073 1144 1145 
3 4073 1145 1299 
3 1189 1769 1146 
3 1146 1769 1147 
3 1192 1149 1148 
3 1148 1149 1150 
3 1196 1197 1814 
3 1814 1197 1123 
3 1152 1153 1612 
3 1609 1151 1610 
3 1610 1151 1152 
3 1610 1152 1611 
3 1611 1152 1612 
3 1155 1156 1615 
3 1615 1156 1616 
3 1152 1597 1153 
3 1153 1597 1154 
3 1153 1154 1613 
3 1613 1154 1615 
3 1615 1154 1596 
3 1615 1596 1155 
3 1616 1156 1157 
3 1157 1156 1594 
3 1157 1594 1158 
3 1594 1593 1158 
3 1158 1593 1592 
3 1158 1592 1159 
3 1159 1592 1591 
3 1159 1591 1160 
3 1160 1591 1590 
3 1160 1590 1161 
3 1161 1590 1588 
3 1161 1588 1620 
3 1620 1588 1162 
3 1620 1162 1163 
3 1163 1162 1164 
3 1162 1165 1164 
3 1164 1165 1586 
3 1164 1586 1623 
3 1623 1586 1166 
3 1623 1166 1624 
3 1624 1166 1167 
3 1624 1167 1168 
3 1168 1167 1170 
3 1168 1170 1169 
3 1169 1170 1171 
3 1169 1171 1626 
3 1626 1171 1581 
3 1626 1581 1172 
3 1172 1581 1174 
3 1172 1174 1627 
3 1627 1174 1173 
3 1173 1174 1175 
3 1173 1175 1176 
3 1176 1175 1580 
3 1176 1580 1628 
3 1628 1580 1579 
3 1628 1579 1181 
3 1177 1178 1179 
3 1179 1178 1181 
3 1179 1181 1180 
3 1180 1181 1579 
3 1133 1182 1575 
3 1575 1182 1183 
3 1575 1183 1177 
3 1177 1183 1184 
3 1177 1184 1178 
3 3977 1185 4079 
3 4079 1185 1313 
3 4079 1313 1315 
3 1315 1186 4079 
3 4079 1186 1187 
3 4079 1187 1323 
3 1323 1321 4079 
3 4079 1321 1302 
3 4079 1302 1144 
3 1769 1189 1188 
3 1188 1189 4053 
3 1188 4053 1190 
3 1149 1192 1191 
3 1191 1192 1193 
3 1194 1211 1195 
3 1194 1195 1196 
3 1196 1195 1263 
3 1196 1263 1197 
3 1213 1516 1609 
3 1609 1516 1151 
3 1306 1307 1199 
3 1199 1307 3976 
3 1307 1198 3976 
3 3976 1198 1308 
3 3976 1308 3977 
3 3977 1308 1309 
3 3977 1309 1185 
3 1306 1199 1305 
3 1305 1199 1200 
3 1305 1200 1201 
3 1201 1200 1206 
3 1201 1206 1304 
3 3915 1688 1202 
3 1202 1688 1203 
3 1202 1203 1204 
3 1204 1203 1681 
3 1204 1681 1205 
3 1205 1681 1683 
3 1205 1683 1206 
3 1206 1683 1207 
3 1206 1207 1304 
3 1190 4053 1208 
3 1208 4053 4054 
3 1191 1193 3849 
3 3849 1193 1209 
3 1195 1211 1210 
3 1210 1211 1212 
3 1516 1213 1606 
3 1602 1600 1598 
3 1516 1606 1598 
3 1598 1606 1214 
3 1598 1214 1602 
3 1688 3915 1680 
3 1680 3915 3914 
3 1811 1228 1232 
3 1808 1226 1229 
3 1208 4054 1215 
3 1215 4054 4055 
3 1215 4055 1791 
3 1793 1216 4068 
3 4068 1216 1794 
3 4068 1794 4055 
3 4055 1794 1792 
3 4055 1792 1791 
3 1793 4068 1217 
3 1217 4068 1220 
3 1217 1220 1221 
3 1236 1223 1218 
3 1218 1223 1219 
3 1218 1219 1220 
3 1220 1219 1795 
3 1220 1795 1221 
3 1807 1806 1265 
3 1265 1806 1222 
3 1265 1222 1803 
3 1800 1799 1236 
3 1236 1799 1796 
3 1236 1796 1223 
3 1265 1224 1807 
3 1807 1224 1227 
3 1807 1227 1225 
3 1229 1226 1227 
3 1227 1226 1802 
3 1227 1802 1225 
3 1232 1228 1229 
3 1229 1228 1230 
3 1229 1230 1808 
3 1264 1231 1232 
3 1232 1231 1233 
3 1232 1233 1811 
3 1210 1212 1264 
3 1264 1212 1813 
3 1813 1234 1264 
3 1264 1234 1235 
3 1264 1235 1231 
3 1800 1236 1803 
3 1803 1236 1237 
3 1803 1237 1265 
3 1265 1237 4069 
3 1265 4069 1266 
3 1266 4069 1238 
3 1266 1238 1239 
3 1239 1238 1240 
3 1239 1240 1241 
3 1241 1240 4038 
3 1241 4038 1242 
3 1242 4038 1243 
3 1242 1243 1244 
3 1244 1243 1245 
3 1245 1243 1246 
3 1245 1246 1247 
3 1247 1246 1248 
3 1247 1248 1249 
3 1249 1248 4028 
3 1249 4028 1250 
3 1250 4028 4027 
3 1250 4027 1269 
3 1269 4027 1251 
3 1269 1251 1252 
3 1252 1251 1253 
3 1252 1253 1277 
3 1277 1253 1254 
3 1277 1254 1255 
3 1255 1254 3849 
3 1255 3849 1209 
3 1258 1256 1259 
3 1261 1110 1262 
3 1262 1110 1257 
3 1262 1257 1117 
3 1258 1259 1909 
3 1909 1259 1114 
3 1909 1114 1260 
3 1260 1114 1113 
3 1260 1113 1262 
3 1262 1113 1112 
3 1262 1112 1261 
3 1117 1122 1262 
3 1262 1122 1124 
3 1262 1124 1263 
3 1263 1124 1123 
3 1263 1123 1197 
3 1195 1210 1263 
3 1263 1210 1264 
3 1263 1264 1262 
3 1262 1264 1232 
3 1232 1229 1262 
3 1262 1229 1227 
3 1262 1227 1224 
3 1224 1265 1262 
3 1262 1265 1266 
3 1262 1266 1267 
3 1267 1266 1239 
3 1267 1239 1268 
3 1268 1239 1241 
3 1242 1270 1241 
3 1241 1270 1887 
3 1241 1887 1268 
3 1252 1277 1093 
3 1252 1093 1269 
3 1272 1247 1280 
3 1280 1247 1249 
3 1280 1249 1250 
3 1242 1244 1270 
3 1270 1244 1245 
3 1270 1245 1271 
3 1271 1245 1247 
3 1271 1247 1888 
3 1888 1247 1272 
3 1279 1273 1277 
3 1277 1273 1091 
3 1091 1274 1277 
3 1277 1274 1092 
3 1277 1092 1093 
3 1193 1192 1209 
3 1209 1192 1148 
3 1209 1148 1255 
3 1255 1148 1086 
3 1255 1086 1087 
3 1087 1275 1255 
3 1255 1275 1276 
3 1255 1276 1277 
3 1277 1276 1278 
3 1277 1278 1279 
3 1095 1280 1093 
3 1093 1280 1250 
3 1093 1250 1269 
3 1095 1281 1280 
3 1280 1281 1096 
3 1280 1096 1282 
3 1282 1096 1283 
3 1282 1283 1284 
3 1284 1283 1285 
3 1285 1283 1286 
3 1285 1286 1287 
3 1287 1286 1288 
3 1287 1288 1293 
3 1288 1289 1293 
3 1293 1289 1100 
3 1293 1100 1101 
3 1102 1108 1293 
3 1293 1108 1290 
3 1293 1290 1107 
3 1101 1104 1293 
3 1293 1104 1103 
3 1293 1103 1102 
3 1052 1058 1291 
3 1291 1058 1106 
3 1057 1293 1058 
3 1058 1293 1107 
3 1058 1107 1106 
3 1057 1292 1293 
3 1293 1292 1135 
3 1293 1135 1136 
3 1136 1294 1293 
3 1293 1294 1138 
3 1293 1138 1141 
3 1295 1882 1296 
3 1296 1882 1297 
3 1141 1140 1293 
3 1293 1140 1296 
3 1293 1296 1881 
3 1881 1296 1297 
3 1295 1143 1882 
3 1882 1143 1298 
3 1882 1298 1883 
3 1883 1298 1299 
3 1144 1879 1145 
3 1145 1879 1877 
3 1145 1877 1299 
3 1299 1877 1876 
3 1299 1876 1883 
3 1302 1300 1301 
3 1301 1874 1302 
3 1302 1874 1303 
3 1302 1303 1144 
3 1144 1303 1880 
3 1144 1880 1879 
3 1300 1302 1875 
3 1875 1302 1321 
3 1875 1321 1320 
3 1304 1207 2267 
3 2267 2072 1304 
3 1304 2072 2070 
3 1304 2070 1201 
3 1201 2070 2069 
3 1201 2069 1305 
3 1305 2069 1306 
3 1308 1198 2069 
3 2069 1198 1307 
3 2069 1307 1306 
3 2069 2234 1308 
3 1308 2234 2235 
3 1308 2235 1309 
3 1309 2235 2073 
3 1309 2073 1185 
3 2073 1310 1185 
3 1185 1310 2074 
3 1185 2074 1313 
3 1313 2074 1311 
3 1313 1311 2047 
3 1316 1315 1312 
3 1312 1315 1313 
3 1312 1313 2075 
3 2075 1313 2047 
3 2076 1186 1314 
3 1314 1186 1315 
3 1314 1315 2173 
3 2173 1315 1316 
3 1318 1187 1317 
3 1317 1187 1186 
3 1317 1186 2077 
3 2077 1186 2076 
3 1318 1319 1187 
3 1187 1319 2078 
3 1187 2078 1323 
3 1320 1321 1322 
3 1322 1321 1323 
3 1322 1323 2124 
3 2124 1323 2078 
3 283 236 287 
3 287 236 207 
3 287 207 289 
3 289 207 206 
3 289 206 291 
3 296 1324 206 
3 206 1324 292 
3 206 292 291 
3 1329 397 1325 
3 341 1326 1327 
3 1327 1326 309 
3 1327 309 392 
3 392 309 1329 
3 392 1329 1328 
3 1325 393 1329 
3 1329 393 1330 
3 1329 1330 1328 
3 492 1331 493 
3 493 1331 1332 
3 440 439 487 
3 487 439 428 
3 487 428 1333 
3 1333 428 1331 
3 1333 1331 1335 
3 97 1342 98 
3 98 1342 1350 
3 492 1334 1331 
3 1331 1334 489 
3 1331 489 1335 
3 181 145 1336 
3 1336 145 1337 
3 1336 1337 187 
3 187 1337 115 
3 187 115 1338 
3 1339 45 1340 
3 1340 45 21 
3 1340 21 1341 
3 1341 21 1342 
3 1341 1342 94 
3 94 1342 97 
3 189 1343 115 
3 115 1343 1344 
3 115 1344 1338 
3 1345 1346 1359 
3 1359 1346 1347 
3 1359 1347 77 
3 1368 10 1348 
3 1348 10 1349 
3 1348 1349 7 
3 1350 1342 102 
3 102 1342 19 
3 102 19 1361 
3 1367 1373 1515 
3 186 1351 1352 
3 1352 1351 1353 
3 1352 1353 1354 
3 1354 1353 281 
3 1 44 3 
3 3 44 87 
3 3 87 4 
3 4 87 1348 
3 4 1348 5 
3 5 1348 7 
3 1355 140 1356 
3 1356 140 1357 
3 1356 1357 75 
3 75 1357 1359 
3 75 1359 1358 
3 1358 1359 77 
3 1125 1256 1258 
3 1360 859 1258 
3 872 932 873 
3 873 932 937 
3 873 937 848 
3 848 937 1364 
3 848 1364 1362 
3 19 18 1361 
3 1361 18 16 
3 1361 16 104 
3 1362 1364 1363 
3 1363 1364 987 
3 1363 987 1385 
3 1395 14 1499 
3 1499 14 1365 
3 1499 1365 1515 
3 1515 1365 1366 
3 1515 1366 1367 
3 1348 86 1368 
3 1368 86 1369 
3 1368 1369 1373 
3 1369 1370 1373 
3 1373 1370 83 
3 1373 83 1371 
3 1371 1372 1373 
3 1373 1372 1374 
3 1373 1374 1515 
3 1515 1374 1375 
3 272 1376 1389 
3 1389 1376 1377 
3 1389 269 1258 
3 1258 269 266 
3 1258 266 1378 
3 1258 372 1450 
3 753 1379 1258 
3 1258 1379 1380 
3 1258 1380 1447 
3 859 1381 1258 
3 1258 1381 856 
3 1258 856 855 
3 969 1132 972 
3 972 1132 1399 
3 972 1399 1400 
3 992 1046 1383 
3 1383 1046 1382 
3 1383 1382 969 
3 969 1382 1384 
3 969 1384 1132 
3 1385 1386 1363 
3 1363 1386 984 
3 1363 984 983 
3 189 115 191 
3 191 115 1387 
3 191 1387 193 
3 1463 1388 1499 
3 1515 169 1389 
3 1389 169 1390 
3 1389 1390 167 
3 279 167 280 
3 280 167 165 
3 280 165 281 
3 281 165 164 
3 281 164 1354 
3 1377 1391 1389 
3 1389 1391 1392 
3 1389 1392 269 
3 1453 1258 554 
3 554 1258 556 
3 1426 1427 1393 
3 1387 112 193 
3 193 112 1394 
3 193 1394 194 
3 16 15 104 
3 104 15 1395 
3 104 1395 105 
3 105 1395 1499 
3 1396 176 1403 
3 1403 176 1515 
3 1403 1515 1397 
3 1397 1515 1375 
3 651 650 1453 
3 757 756 1258 
3 1258 756 754 
3 1258 754 753 
3 1398 1399 977 
3 977 1399 1407 
3 1398 975 1399 
3 1399 975 974 
3 1399 974 1400 
3 855 853 1258 
3 1258 853 851 
3 1258 851 1363 
3 1388 109 1499 
3 1499 109 107 
3 1499 107 105 
3 1359 1401 1345 
3 1345 1401 1402 
3 1345 1402 1403 
3 1403 1402 1404 
3 1403 1404 1396 
3 279 277 167 
3 167 277 274 
3 167 274 1389 
3 1389 274 273 
3 1389 273 272 
3 983 1405 1363 
3 1363 1405 982 
3 1363 982 1258 
3 1258 982 1406 
3 1258 1406 1408 
3 1399 1130 1407 
3 1407 1130 1127 
3 1407 1127 1408 
3 1408 1127 1126 
3 1408 1126 1258 
3 1258 1126 1409 
3 1258 1409 1125 
3 296 206 297 
3 297 206 1464 
3 297 1464 1467 
3 176 1410 1515 
3 1515 1410 174 
3 1515 174 1415 
3 1378 382 1411 
3 1411 1412 1378 
3 1378 1412 381 
3 1378 381 1436 
3 558 1413 1258 
3 1258 1413 1414 
3 1258 1414 556 
3 645 1423 1258 
3 1415 1416 1515 
3 1515 1416 171 
3 1515 171 169 
3 376 373 1258 
3 1258 373 1417 
3 1258 1417 372 
3 464 1418 465 
3 465 1418 567 
3 574 620 1419 
3 1419 620 621 
3 1419 621 1420 
3 1420 621 1421 
3 1420 1421 1422 
3 1422 1421 655 
3 1422 655 1453 
3 1453 655 653 
3 1453 653 651 
3 1423 1424 1258 
3 1258 1424 1425 
3 1258 1425 1427 
3 1426 1428 1427 
3 1427 1428 1429 
3 1427 1429 1430 
3 1430 761 1427 
3 1427 761 760 
3 1427 760 1258 
3 1258 760 1431 
3 1258 1431 757 
3 1432 862 1447 
3 1447 862 861 
3 1447 861 1258 
3 1258 861 1433 
3 1258 1433 1360 
3 333 338 263 
3 263 338 340 
3 263 340 264 
3 264 340 384 
3 264 384 1434 
3 1434 384 382 
3 1434 382 1435 
3 1435 382 1378 
3 1436 1437 1378 
3 1378 1437 1438 
3 1378 1438 1258 
3 1258 1438 378 
3 1258 378 376 
3 1450 477 475 
3 470 468 1258 
3 1258 468 466 
3 1258 466 465 
3 567 1439 465 
3 465 1439 564 
3 465 564 1462 
3 661 716 662 
3 662 716 1440 
3 662 1440 1441 
3 1441 1440 1442 
3 1441 1442 640 
3 640 1442 1426 
3 640 1426 642 
3 642 1426 1393 
3 1443 1444 745 
3 745 1444 1445 
3 745 1445 746 
3 746 1445 1446 
3 746 1446 749 
3 749 1446 866 
3 749 866 1447 
3 1447 866 865 
3 1447 865 1432 
3 481 1448 1450 
3 1450 1448 479 
3 1450 479 477 
3 475 1449 1450 
3 1450 1449 1451 
3 1450 1451 1258 
3 1258 1451 471 
3 1258 471 470 
3 650 1452 1453 
3 1453 1452 648 
3 1453 648 1258 
3 1258 648 1454 
3 1258 1454 645 
3 1472 200 1499 
3 1499 200 1455 
3 1499 1455 198 
3 390 1456 1457 
3 1457 1456 436 
3 1457 436 367 
3 367 436 482 
3 367 482 368 
3 368 482 481 
3 368 481 370 
3 370 481 1450 
3 1458 529 1460 
3 1460 529 1459 
3 1460 1459 1461 
3 1461 1459 568 
3 1461 568 462 
3 462 568 1418 
3 462 1418 463 
3 463 1418 464 
3 1462 562 465 
3 465 562 560 
3 465 560 1258 
3 1258 560 559 
3 1258 559 558 
3 198 196 1499 
3 1499 196 194 
3 1499 194 1463 
3 1463 194 1394 
3 1464 1465 1467 
3 1467 1465 1466 
3 1467 1466 1471 
3 306 1468 1499 
3 1468 303 1499 
3 1499 303 1469 
3 1499 1469 1470 
3 1470 300 1499 
3 1499 300 1471 
3 1499 1471 1472 
3 1472 1471 1466 
3 1499 1473 1474 
3 1329 1475 397 
3 397 1475 307 
3 397 307 398 
3 398 307 306 
3 398 306 400 
3 400 306 1499 
3 400 1499 402 
3 402 1499 1474 
3 1331 1476 1332 
3 1332 1476 408 
3 1332 408 1477 
3 405 1478 1499 
3 1499 1478 1479 
3 1499 1479 1473 
3 581 578 1484 
3 570 1481 1480 
3 1480 1481 1482 
3 1480 1482 1487 
3 1484 578 1485 
3 658 1483 675 
3 675 1483 616 
3 675 616 1492 
3 498 496 1486 
3 1484 494 1499 
3 1499 494 1477 
3 1499 1477 405 
3 405 1477 408 
3 578 577 1485 
3 1485 577 1486 
3 1485 1486 495 
3 495 1486 496 
3 1482 1488 1487 
3 1487 1488 1489 
3 1487 1489 1491 
3 1491 1489 1490 
3 1491 1490 1486 
3 1486 1490 501 
3 1486 501 498 
3 616 593 1492 
3 1492 593 1493 
3 1492 1493 678 
3 678 1493 1500 
3 678 1500 679 
3 679 1500 680 
3 1500 591 1499 
3 1499 591 1494 
3 1499 1494 589 
3 589 1495 1499 
3 1499 1495 1496 
3 1499 1496 1497 
3 690 1499 691 
3 691 1499 670 
3 690 689 1499 
3 1499 689 687 
3 1499 687 685 
3 685 683 1499 
3 1499 683 1498 
3 1499 1498 1500 
3 1500 1498 1501 
3 1500 1501 680 
3 1497 584 1499 
3 1499 584 1502 
3 1499 1502 1484 
3 1484 1502 582 
3 1484 582 581 
3 1851 2665 1503 
3 1851 1503 1504 
3 1504 1503 2667 
3 1504 2667 1848 
3 1848 2667 2669 
3 1848 2669 1505 
3 1505 2669 1506 
3 1505 1506 1507 
3 1507 1506 2675 
3 1507 2675 1508 
3 1508 2675 2673 
3 1508 2673 1509 
3 1509 2673 1510 
3 1509 1510 1511 
3 1511 1510 1512 
3 1511 1512 1869 
3 1869 1512 1513 
3 1869 1513 1514 
3 1514 1513 1515 
3 1514 1515 1389 
3 2738 1595 1598 
3 1151 1516 1598 
3 713 1517 2759 
3 4066 711 2759 
3 2759 711 712 
3 2759 712 713 
3 812 1520 1518 
3 1518 1520 696 
3 1518 696 767 
3 767 696 719 
3 810 695 812 
3 812 695 1519 
3 812 1519 1520 
3 1521 2759 1522 
3 1522 2759 1517 
3 1522 1517 810 
3 810 1517 693 
3 810 693 695 
3 1521 1523 2759 
3 2759 1523 1524 
3 2759 1524 1525 
3 1525 1524 808 
3 1525 808 2757 
3 2757 808 1526 
3 808 805 1526 
3 1526 805 1537 
3 1526 1537 1539 
3 796 1527 1528 
3 1528 1527 1536 
3 1528 1536 1529 
3 1530 1531 1528 
3 1528 1531 1532 
3 1528 1532 796 
3 1533 868 1534 
3 1534 868 1535 
3 1534 1535 1536 
3 1536 1535 926 
3 1536 926 1529 
3 1537 1538 1539 
3 1539 1538 804 
3 1539 804 801 
3 1530 1528 799 
3 799 1528 1540 
3 799 1540 801 
3 801 1540 1541 
3 801 1541 1539 
3 2755 2753 1546 
3 2753 1542 1546 
3 1546 1542 1543 
3 1546 1543 1541 
3 1541 1543 1544 
3 1541 1544 1539 
3 2755 1546 1545 
3 1545 1546 924 
3 1545 924 920 
3 920 923 1545 
3 1545 923 1547 
3 1545 1547 1548 
3 1548 1547 1549 
3 1547 915 1549 
3 1549 915 917 
3 1549 917 1550 
3 1550 917 1551 
3 1550 1551 2752 
3 2752 1551 1552 
3 2752 1552 2751 
3 2751 1552 1553 
3 2751 1553 1559 
3 1553 907 1559 
3 1559 907 909 
3 1559 909 910 
3 910 1554 1559 
3 1559 1554 905 
3 1559 905 1555 
3 1555 903 1559 
3 1559 903 902 
3 1559 902 1556 
3 1556 902 1557 
3 1556 1557 935 
3 943 1558 1556 
3 1556 1558 1038 
3 1556 1038 1559 
3 1559 1038 1039 
3 1039 1041 1559 
3 1559 1041 1043 
3 1559 1043 1035 
3 1035 1036 1559 
3 1559 1036 1560 
3 1559 1560 1037 
3 1037 1561 1559 
3 1559 1561 1563 
3 1559 1563 1562 
3 1562 1563 1033 
3 1562 1033 1565 
3 1033 1564 1565 
3 1565 1564 1029 
3 1565 1029 2747 
3 2747 1029 1567 
3 2747 1567 1568 
3 998 1576 1577 
3 1002 1566 1577 
3 1577 1566 1000 
3 1577 1000 998 
3 1567 1009 1568 
3 1568 1009 1569 
3 1568 1569 1570 
3 1570 1569 1006 
3 1570 1006 1571 
3 1571 1006 1572 
3 1571 1572 1573 
3 1573 1572 1004 
3 1573 1004 1577 
3 1577 1004 1574 
3 1577 1574 1002 
3 996 995 1578 
3 1578 995 993 
3 1578 993 1048 
3 1133 1575 1577 
3 1576 996 1577 
3 1577 996 1578 
3 1577 1578 1133 
3 1133 1578 1055 
3 1575 1177 1577 
3 1577 1177 1179 
3 1577 1179 1180 
3 1180 1579 1577 
3 1577 1579 1580 
3 1577 1580 1175 
3 1175 1174 1577 
3 1577 1174 1581 
3 1577 1581 1582 
3 1582 1581 2744 
3 2744 1581 1171 
3 2744 1171 1583 
3 1583 1171 1170 
3 1583 1170 1584 
3 1584 1170 1167 
3 1584 1167 1585 
3 1167 1166 1585 
3 1585 1166 1586 
3 1585 1586 1587 
3 1586 1165 1587 
3 1587 1165 1162 
3 1587 1162 2743 
3 2743 1162 1588 
3 2743 1588 2742 
3 2742 1588 1589 
3 1589 1588 1590 
3 1589 1590 2740 
3 2740 1590 1591 
3 2740 1591 2737 
3 2737 1591 1592 
3 2737 1592 1595 
3 1595 1592 1593 
3 1595 1593 1594 
3 1594 1156 1595 
3 1595 1156 1155 
3 1595 1155 1596 
3 1596 1154 1595 
3 1595 1154 1597 
3 1595 1597 1598 
3 1598 1597 1152 
3 1598 1152 1151 
3 2733 2732 1600 
3 1600 2732 1599 
3 1599 2736 1600 
3 1600 2736 1601 
3 1600 1601 1598 
3 1598 1601 2739 
3 1598 2739 2738 
3 1602 1604 2730 
3 1602 2730 1600 
3 1600 2730 2734 
3 1600 2734 2733 
3 2725 1214 2724 
3 2724 1214 2723 
3 2725 2728 1214 
3 1214 2728 2726 
3 1214 2726 1602 
3 1602 2726 1603 
3 1602 1603 1604 
3 1606 1614 1605 
3 1605 2720 1606 
3 1606 2720 1607 
3 1606 1607 1214 
3 1214 1607 1608 
3 1214 1608 2723 
3 1213 1609 1606 
3 1606 1609 1610 
3 1606 1610 1614 
3 1614 1610 1611 
3 1611 1612 1614 
3 1614 1612 1153 
3 1614 1153 1613 
3 1613 1615 1614 
3 1614 1615 1616 
3 1614 1616 1157 
3 1157 1158 1614 
3 1614 1158 1159 
3 1614 1159 2688 
3 2688 1159 1160 
3 2688 1160 1617 
3 1617 1160 1618 
3 1618 1160 1161 
3 1618 1161 1619 
3 1619 1161 1620 
3 1619 1620 1621 
3 1621 1620 1163 
3 1621 1163 1622 
3 1622 1163 1164 
3 1622 1164 2714 
3 2714 1164 1623 
3 2714 1623 2716 
3 2716 1623 1624 
3 2716 1624 2713 
3 2713 1624 1168 
3 2713 1168 1625 
3 1625 1168 1169 
3 1625 1169 2712 
3 2712 1169 1626 
3 2712 1626 1633 
3 1633 1626 1172 
3 1633 1172 1627 
3 1628 1181 1633 
3 1633 1181 1178 
3 1633 1178 1184 
3 1627 1173 1633 
3 1633 1173 1176 
3 1633 1176 1628 
3 1184 1183 1633 
3 1633 1183 1182 
3 1633 1182 1629 
3 1629 1182 1054 
3 1056 1630 1629 
3 1629 1630 1631 
3 1629 1631 1633 
3 1633 1631 994 
3 1633 994 1632 
3 1632 997 1633 
3 1633 997 1634 
3 1633 1634 999 
3 999 1001 1633 
3 1633 1001 1003 
3 1633 1003 2711 
3 2711 1003 1635 
3 2711 1635 1636 
3 1636 1635 1005 
3 1636 1005 2708 
3 2708 1005 1007 
3 2708 1007 2709 
3 1007 1637 2709 
3 2709 1637 1010 
3 2709 1010 2710 
3 2710 1010 1638 
3 2710 1638 1639 
3 1639 1638 1640 
3 1639 1640 1641 
3 1641 1640 1642 
3 1641 1642 2705 
3 2705 1642 1011 
3 2705 1011 2707 
3 2707 1011 1013 
3 2707 1013 1644 
3 1644 1013 1015 
3 1644 1015 1643 
3 1022 1021 1644 
3 1022 1644 1023 
3 1643 1017 1644 
3 1644 1017 1645 
3 1644 1645 1023 
3 1025 1646 940 
3 940 1646 1028 
3 940 1028 989 
3 940 933 934 
3 934 900 940 
3 940 900 1644 
3 940 1644 1025 
3 1025 1644 1021 
3 900 898 1644 
3 1644 898 897 
3 1644 897 896 
3 896 894 1644 
3 1644 894 892 
3 1644 892 891 
3 1647 2697 1648 
3 1648 2697 1649 
3 1648 1649 882 
3 882 1649 2701 
3 882 2701 884 
3 884 2701 2700 
3 884 2700 886 
3 886 2700 2698 
3 886 2698 887 
3 887 2698 2702 
3 887 2702 889 
3 889 2702 1644 
3 889 1644 890 
3 890 1644 891 
3 1650 1651 1663 
3 1663 1651 1652 
3 1663 1652 875 
3 1650 1653 1651 
3 1651 1653 1654 
3 1651 1654 2695 
3 1647 878 2697 
3 2697 878 1655 
3 2697 1655 2695 
3 2695 1655 1656 
3 2695 1656 1651 
3 1659 1657 816 
3 816 1657 1658 
3 816 1658 821 
3 821 1658 822 
3 1661 875 1659 
3 1659 875 1660 
3 1659 1660 1657 
3 1661 1662 875 
3 875 1662 775 
3 875 775 1663 
3 1663 775 778 
3 778 780 1663 
3 1663 780 781 
3 1663 781 783 
3 783 785 1663 
3 1663 785 786 
3 1663 786 1664 
3 1664 786 787 
3 1664 787 1665 
3 1665 787 788 
3 1665 788 2693 
3 2693 788 1666 
3 2693 1666 1667 
3 1667 1666 1669 
3 1667 1669 1668 
3 1669 1670 1668 
3 1668 1670 790 
3 1668 790 1671 
3 794 1676 792 
3 792 1676 1672 
3 790 791 1671 
3 1671 791 792 
3 1671 792 668 
3 668 792 1672 
3 766 1673 1674 
3 1674 1673 667 
3 1674 667 794 
3 794 667 1675 
3 794 1675 1676 
3 670 1499 671 
3 671 1499 1668 
3 671 1668 673 
3 673 1668 1671 
3 3217 1685 1686 
3 1677 3888 3501 
3 3217 1686 3501 
3 3501 1686 1678 
3 3501 1678 1677 
3 1677 1678 1690 
3 1677 1690 1679 
3 1679 1690 1680 
3 1679 1680 3914 
3 1203 1689 1681 
3 1681 1689 1682 
3 2267 1207 1682 
3 1682 1207 1683 
3 1682 1683 1681 
3 1694 1684 1685 
3 1685 1684 1687 
3 1685 1687 1686 
3 1686 1687 1691 
3 1203 1688 1689 
3 1689 1688 1680 
3 1689 1680 3126 
3 3126 1680 1690 
3 3126 1690 1691 
3 1691 1690 1678 
3 1691 1678 1686 
3 1692 1693 3169 
3 3169 1693 3157 
3 3169 3157 1685 
3 1685 3157 3158 
3 1685 3158 1694 
3 1682 3129 2267 
3 2267 3129 1695 
3 2267 1695 1720 
3 1721 1696 2267 
3 1720 1697 3210 
3 1692 3169 3154 
3 3154 3169 1698 
3 3154 1698 1700 
3 1700 1698 1699 
3 1700 1699 1701 
3 1701 1699 3173 
3 1701 3173 3151 
3 3151 3173 1702 
3 3151 1702 3149 
3 3149 1702 3174 
3 3149 3174 3148 
3 3148 3174 1703 
3 3148 1703 3146 
3 3146 1703 3176 
3 3146 3176 1704 
3 1704 3176 1705 
3 1704 1705 1707 
3 1707 1705 1706 
3 1707 1706 3142 
3 3142 1706 1709 
3 3142 1709 1708 
3 1708 1709 3180 
3 1708 3180 3140 
3 3140 3180 1710 
3 3140 1710 3139 
3 3139 1710 3182 
3 3139 3182 3138 
3 3138 3182 1711 
3 3138 1711 3136 
3 3136 1711 1712 
3 3136 1712 3135 
3 3135 1712 1713 
3 3135 1713 3133 
3 3133 1713 1714 
3 3133 1714 1715 
3 1715 1714 3185 
3 1715 3185 1716 
3 1716 3185 3187 
3 1716 3187 1717 
3 1717 3187 3214 
3 1717 3214 3131 
3 3131 3214 1718 
3 3131 1718 1697 
3 1697 1718 3212 
3 1697 3212 3210 
3 3210 1719 1720 
3 1720 1719 3207 
3 1720 3207 2267 
3 2267 3207 3205 
3 2267 3205 1721 
3 1752 1729 1724 
3 1759 1722 1729 
3 1764 1765 1729 
3 3241 1746 1729 
3 1764 1729 1758 
3 3161 3160 1765 
3 1765 3160 1729 
3 1722 1758 1729 
3 1723 1759 1729 
3 1752 1723 1729 
3 1725 1724 1729 
3 1747 1725 1729 
3 1748 1747 1729 
3 1726 1748 1729 
3 1727 1726 1729 
3 1750 1727 1729 
3 1728 1750 1729 
3 1730 1728 1729 
3 1746 1730 1729 
3 1756 1731 1762 
3 1733 1760 1762 
3 1731 3296 1762 
3 1762 3296 1732 
3 1762 1732 1733 
3 1733 1732 3295 
3 1733 3295 3688 
3 1734 3294 1757 
3 1757 3294 3293 
3 1757 3293 1756 
3 1734 1757 3302 
3 3302 1757 1751 
3 3302 1751 3297 
3 3297 1751 3298 
3 3298 1751 1753 
3 3298 1753 3291 
3 3288 3287 1755 
3 1755 3287 1735 
3 1755 1735 1753 
3 1753 1735 3292 
3 1753 3292 3291 
3 1739 1736 1749 
3 1749 1736 1737 
3 1749 1737 1755 
3 1755 1737 1738 
3 1755 1738 3288 
3 1739 1749 1740 
3 1740 1749 1745 
3 1740 1745 1741 
3 3238 3237 1742 
3 1745 3239 1741 
3 1741 3239 3238 
3 1741 3238 3280 
3 3280 3238 1742 
3 1746 3241 3240 
3 3240 1743 1745 
3 1745 1743 1744 
3 1745 1744 3239 
3 1746 3240 1730 
3 1730 3240 1745 
3 1730 1745 1728 
3 1728 1745 1749 
3 1728 1749 1750 
3 1747 1748 1755 
3 1755 1748 1726 
3 1755 1726 1749 
3 1749 1726 1727 
3 1749 1727 1750 
3 1757 1723 1751 
3 1751 1723 1752 
3 1751 1752 1753 
3 1753 1752 1754 
3 1753 1754 1755 
3 1755 1754 1725 
3 1755 1725 1747 
3 1756 1762 1757 
3 1757 1762 1764 
3 1757 1764 1758 
3 1758 1722 1757 
3 1757 1722 1759 
3 1757 1759 1723 
3 1760 1761 1762 
3 1762 1761 1763 
3 1762 1763 1764 
3 1764 1763 3162 
3 1764 3162 1765 
3 1765 3162 3161 
3 1084 1188 1083 
3 1083 1188 1766 
3 1083 1766 1767 
3 1084 1768 1188 
3 1188 1768 1147 
3 1188 1147 1769 
3 1770 3355 1075 
3 1075 3355 3328 
3 1770 1076 3355 
3 3355 1076 1771 
3 3355 1771 1077 
3 1077 1772 3355 
3 3355 1772 1079 
3 3355 1079 3359 
3 3359 1079 1080 
3 3359 1080 1766 
3 1766 1080 1081 
3 1766 1081 1767 
3 1773 1068 1778 
3 1778 1068 1066 
3 1778 1066 1065 
3 1065 1073 1778 
3 1778 1073 1774 
3 1778 1774 3328 
3 3328 1774 1072 
3 3328 1072 1075 
3 1777 1775 1059 
3 1059 1775 1776 
3 1777 1062 1775 
3 1775 1062 1064 
3 1775 1064 1790 
3 1790 1064 1063 
3 1063 1071 1790 
3 1790 1071 1070 
3 1790 1070 1778 
3 1778 1070 1779 
3 1778 1779 1773 
3 1780 963 1790 
3 1790 963 964 
3 1790 964 1782 
3 1781 960 1790 
3 1790 960 962 
3 1790 962 1780 
3 1782 1783 1790 
3 1790 1783 966 
3 1790 966 1775 
3 1775 966 967 
3 1775 967 990 
3 945 1784 1785 
3 1785 1784 948 
3 1785 948 949 
3 945 1785 1786 
3 1786 1785 930 
3 1786 930 931 
3 949 951 1785 
3 1785 951 953 
3 1785 953 1787 
3 1787 955 1785 
3 1785 955 1788 
3 1785 1788 1789 
3 1789 1788 957 
3 1789 957 1790 
3 1790 957 958 
3 1790 958 1781 
3 1188 1190 1208 
3 1208 1215 1188 
3 1188 1215 1791 
3 1188 1791 1766 
3 1766 1791 1792 
3 1766 1792 1794 
3 1793 1217 1797 
3 1794 1216 1766 
3 1766 1216 1793 
3 1766 1793 3346 
3 3346 1793 1797 
3 1217 1221 1797 
3 1797 1221 1795 
3 1797 1795 1219 
3 1219 1223 1797 
3 1797 1223 1796 
3 1797 1796 1798 
3 1798 1796 1799 
3 1798 1799 3344 
3 3344 1799 1800 
3 3344 1800 1801 
3 1801 1800 1803 
3 1801 1803 3331 
3 1802 1226 1809 
3 3331 1803 1804 
3 1804 1803 1222 
3 1804 1222 1805 
3 1805 1222 1806 
3 1805 1806 3358 
3 3358 1806 1807 
3 3358 1807 1809 
3 1809 1807 1225 
3 1809 1225 1802 
3 1226 1808 1809 
3 1809 1808 1230 
3 1809 1230 1810 
3 1810 1230 1228 
3 1810 1228 1812 
3 1812 1228 1811 
3 1811 1233 1812 
3 1812 1233 1231 
3 1812 1231 1194 
3 1194 1231 1235 
3 1194 1235 1234 
3 1234 1813 1194 
3 1194 1813 1212 
3 1194 1212 1211 
3 1194 1196 1814 
3 1814 1815 1194 
3 1194 1815 1816 
3 1194 1816 1812 
3 1812 1816 1121 
3 1812 1121 1120 
3 1817 1119 1819 
3 1120 1818 1812 
3 1812 1818 1817 
3 1812 1817 3364 
3 3364 1817 1819 
3 1119 1118 1819 
3 1819 1118 1111 
3 1819 1111 1820 
3 1820 1821 1819 
3 1819 1821 1822 
3 1819 1822 1824 
3 1109 1823 3339 
3 3339 1823 1128 
3 3339 1128 1827 
3 1822 1115 1824 
3 1824 1115 1116 
3 1824 1116 3339 
3 3339 1116 1825 
3 3339 1825 1109 
3 1826 1131 1834 
3 1826 1834 1129 
3 1827 1828 3339 
3 3339 1828 1829 
3 3339 1829 3337 
3 3337 1829 1830 
3 3337 1830 1833 
3 1131 1831 1834 
3 1834 1831 1053 
3 1834 1053 1047 
3 1832 970 3337 
3 1834 991 968 
3 1833 1129 3337 
3 3337 1129 1834 
3 3337 1834 1832 
3 1832 1834 968 
3 970 971 3337 
3 3337 971 973 
3 3337 973 1835 
3 1835 1836 3337 
3 3337 1836 976 
3 3337 976 978 
3 981 1837 1841 
3 1841 1837 1838 
3 1841 1838 985 
3 978 979 3337 
3 3337 979 980 
3 3337 980 3342 
3 3342 980 1839 
3 3342 1839 1841 
3 1841 1839 1840 
3 1841 1840 981 
3 985 986 1841 
3 1841 986 1842 
3 1841 1842 1843 
3 938 1844 1845 
3 1845 1844 1841 
3 1845 1841 1846 
3 1846 1841 1843 
3 1389 1258 1514 
3 1514 1258 1865 
3 1847 1907 1848 
3 1848 1907 1849 
3 1848 1849 1504 
3 1504 1849 1850 
3 1504 1850 1851 
3 1851 1850 1906 
3 1851 1906 3341 
3 1852 1853 1505 
3 1505 1853 1854 
3 1505 1854 1848 
3 1848 1854 1855 
3 1848 1855 1847 
3 1852 1505 1856 
3 1856 1505 1507 
3 1856 1507 1858 
3 1508 1944 1507 
3 1507 1944 1857 
3 1507 1857 1858 
3 1862 1903 1508 
3 1508 1903 1859 
3 1508 1859 1944 
3 1511 1860 1509 
3 1509 1860 1861 
3 1509 1861 1508 
3 1508 1861 2035 
3 1508 2035 1862 
3 1872 1863 1511 
3 1511 1863 1864 
3 1511 1864 1860 
3 1865 1866 1514 
3 1514 1866 1867 
3 1514 1867 1869 
3 1869 1867 1868 
3 1868 1873 1869 
3 1869 1873 1870 
3 1869 1870 1511 
3 1511 1870 1871 
3 1511 1871 1872 
3 1873 1868 2026 
3 1863 1872 1993 
3 1852 1856 1933 
3 1903 1862 2037 
3 1894 3334 1895 
3 1932 1874 1301 
3 1320 2099 1875 
3 1875 2099 2022 
3 1875 2022 1300 
3 1874 1932 1303 
3 1303 1932 1931 
3 1303 1931 1880 
3 1878 1876 1877 
3 1878 1877 1931 
3 1931 1877 1879 
3 1931 1879 1880 
3 1881 1297 1884 
3 1884 1297 1882 
3 1884 1882 1878 
3 1878 1882 1883 
3 1878 1883 1876 
3 1881 1884 1293 
3 1293 1884 1929 
3 1293 1929 1287 
3 1927 1284 1929 
3 1929 1284 1285 
3 1929 1285 1287 
3 1272 1927 1885 
3 1272 1280 1927 
3 1927 1280 1282 
3 1927 1282 1284 
3 1267 1268 1886 
3 1886 1268 1887 
3 1887 1270 1886 
3 1886 1270 1271 
3 1886 1271 1885 
3 1885 1271 1888 
3 1885 1888 1272 
3 1909 1260 1916 
3 1916 1260 1262 
3 1916 1262 1889 
3 1889 1262 1267 
3 1963 1890 3341 
3 1964 3340 1963 
3 1963 3340 3338 
3 1963 3338 1890 
3 1895 3334 1891 
3 3334 3333 1891 
3 1891 3333 1892 
3 1891 1892 1964 
3 1964 1892 1893 
3 1964 1893 3340 
3 1894 1895 3335 
3 3335 1895 1896 
3 3335 1896 3336 
3 3336 1896 3367 
3 3367 1896 1965 
3 3367 1965 3368 
3 3368 1965 1897 
3 1897 1965 1898 
3 1897 1898 3365 
3 3365 1898 3366 
3 3366 1898 1899 
3 3366 1899 3361 
3 3361 1899 3362 
3 3362 1899 1901 
3 3362 1901 3363 
3 1900 1902 1901 
3 1901 1902 3357 
3 1901 3357 3363 
3 1944 1859 1945 
3 1945 1859 1903 
3 1856 1858 1904 
3 1904 1858 1857 
3 1904 1857 1944 
3 1847 1855 1905 
3 1905 1855 1854 
3 3341 1906 1963 
3 1963 1906 1850 
3 1963 1850 1849 
3 1849 1907 1967 
3 1967 1907 1847 
3 1854 1853 1908 
3 1908 1853 1852 
3 1868 1867 1916 
3 1258 1909 1865 
3 1865 1909 1916 
3 1865 1916 1866 
3 1866 1916 1867 
3 1860 1864 2005 
3 2005 1864 1863 
3 1872 1871 1992 
3 1992 1871 1870 
3 1992 1870 1873 
3 1903 2037 1945 
3 1945 2037 2038 
3 1945 2038 1947 
3 1947 2038 2039 
3 1947 2039 1910 
3 1910 2039 2041 
3 1910 2041 1948 
3 1948 2041 1911 
3 1948 1911 1912 
3 1912 1911 1914 
3 1912 1914 1913 
3 1913 1914 2043 
3 1913 2043 1951 
3 1951 2043 2044 
3 1951 2044 1915 
3 1915 2044 1942 
3 1915 1942 1953 
3 1868 1916 2026 
3 2026 1916 1889 
3 2026 1889 1917 
3 1917 1889 1926 
3 1917 1926 1918 
3 1918 1926 1928 
3 1918 1928 2028 
3 2028 1928 1920 
3 2028 1920 1919 
3 1919 1920 1922 
3 1919 1922 1921 
3 1921 1922 1923 
3 1921 1923 2031 
3 2031 1923 1930 
3 2031 1930 1924 
3 1924 1930 1925 
3 1924 1925 2024 
3 1267 1886 1889 
3 1889 1886 1885 
3 1889 1885 1926 
3 1926 1885 1927 
3 1926 1927 1928 
3 1928 1927 1929 
3 1928 1929 1920 
3 1920 1929 1884 
3 1920 1884 1922 
3 1922 1884 1878 
3 1922 1878 1923 
3 1923 1878 1931 
3 1923 1931 1930 
3 1930 1931 1932 
3 1930 1932 1925 
3 1856 1904 1933 
3 1933 1904 1946 
3 1933 1946 1934 
3 1934 1946 1935 
3 1934 1935 1983 
3 1983 1935 1936 
3 1983 1936 1984 
3 1984 1936 1949 
3 1984 1949 1986 
3 1986 1949 1937 
3 1986 1937 1988 
3 1988 1937 1950 
3 1988 1950 1989 
3 1989 1950 1938 
3 1989 1938 1939 
3 1939 1938 1952 
3 1939 1952 1991 
3 1991 1952 1940 
3 1991 1940 1941 
3 1942 2104 1953 
3 1953 2104 1943 
3 1953 1943 2101 
3 1944 1945 1904 
3 1904 1945 1947 
3 1904 1947 1946 
3 1946 1947 1910 
3 1946 1910 1935 
3 1935 1910 1948 
3 1935 1948 1936 
3 1936 1948 1912 
3 1936 1912 1949 
3 1949 1912 1913 
3 1949 1913 1937 
3 1937 1913 1951 
3 1937 1951 1950 
3 1950 1951 1915 
3 1950 1915 1938 
3 1938 1915 1953 
3 1938 1953 1952 
3 1952 1953 2101 
3 1952 2101 1940 
3 1961 1954 2090 
3 1854 1908 1905 
3 1905 1908 1982 
3 1905 1982 1956 
3 1956 1982 1955 
3 1956 1955 1957 
3 1957 1955 1985 
3 1957 1985 1958 
3 1958 1985 1959 
3 1958 1959 1972 
3 1972 1959 1987 
3 1972 1987 1973 
3 1973 1987 1960 
3 1973 1960 1975 
3 1975 1960 1990 
3 1975 1990 1976 
3 1976 1990 1961 
3 1976 1961 1962 
3 1962 1961 2090 
3 1962 2090 1980 
3 1979 1981 1966 
3 1849 1967 1963 
3 1963 1967 1968 
3 1963 1968 1964 
3 1964 1968 1969 
3 1964 1969 1891 
3 1891 1969 1970 
3 1891 1970 1895 
3 1895 1970 1971 
3 1895 1971 1896 
3 1896 1971 1974 
3 1896 1974 1965 
3 1965 1974 1977 
3 1965 1977 1898 
3 1898 1977 1978 
3 1898 1978 1899 
3 1899 1978 1979 
3 1899 1979 1901 
3 1901 1979 1966 
3 1901 1966 1900 
3 1847 1905 1967 
3 1967 1905 1956 
3 1967 1956 1968 
3 1968 1956 1957 
3 1968 1957 1969 
3 1969 1957 1958 
3 1969 1958 1970 
3 1970 1958 1972 
3 1970 1972 1971 
3 1971 1972 1973 
3 1971 1973 1974 
3 1974 1973 1975 
3 1974 1975 1977 
3 1977 1975 1976 
3 1977 1976 1978 
3 1978 1976 1962 
3 1978 1962 1979 
3 1979 1962 1980 
3 1979 1980 1981 
3 1852 1933 1908 
3 1908 1933 1934 
3 1908 1934 1982 
3 1982 1934 1983 
3 1982 1983 1955 
3 1955 1983 1984 
3 1955 1984 1985 
3 1985 1984 1986 
3 1985 1986 1959 
3 1959 1986 1988 
3 1959 1988 1987 
3 1987 1988 1989 
3 1987 1989 1960 
3 1960 1989 1939 
3 1960 1939 1990 
3 1990 1939 1991 
3 1990 1991 1961 
3 1961 1991 1941 
3 1961 1941 1954 
3 1872 1992 1993 
3 1993 1992 2027 
3 1993 2027 2016 
3 2016 2027 2029 
3 2016 2029 2018 
3 2018 2029 1994 
3 2018 1994 2019 
3 2019 1994 2030 
3 2019 2030 1995 
3 1995 2030 1996 
3 1995 1996 1997 
3 1997 1996 1998 
3 1997 1998 1999 
3 1999 1998 2000 
3 1999 2000 2001 
3 2001 2000 2032 
3 2001 2032 2002 
3 2002 2032 2034 
3 2002 2034 2003 
3 2014 2004 2093 
3 1860 2005 2036 
3 2036 2005 2015 
3 2036 2015 2006 
3 2006 2015 2017 
3 2006 2017 2040 
3 2040 2017 2007 
3 2040 2007 2008 
3 2008 2007 2009 
3 2008 2009 2042 
3 2042 2009 2020 
3 2042 2020 2010 
3 2010 2020 2021 
3 2010 2021 2011 
3 2011 2021 2012 
3 2011 2012 2013 
3 2013 2012 2014 
3 2013 2014 2045 
3 2045 2014 2093 
3 2045 2093 2046 
3 1863 1993 2005 
3 2005 1993 2016 
3 2005 2016 2015 
3 2015 2016 2018 
3 2015 2018 2017 
3 2017 2018 2019 
3 2017 2019 2007 
3 2007 2019 1995 
3 2007 1995 2009 
3 2009 1995 1997 
3 2009 1997 2020 
3 2020 1997 1999 
3 2020 1999 2021 
3 2021 1999 2001 
3 2021 2001 2012 
3 2012 2001 2002 
3 2012 2002 2014 
3 2014 2002 2003 
3 2014 2003 2004 
3 1301 1300 1932 
3 1932 1300 2022 
3 1932 2022 1925 
3 1925 2022 2023 
3 1925 2023 2024 
3 2024 2023 2025 
3 2024 2025 2033 
3 1873 2026 1992 
3 1992 2026 1917 
3 1992 1917 2027 
3 2027 1917 1918 
3 2027 1918 2029 
3 2029 1918 2028 
3 2029 2028 1994 
3 1994 2028 1919 
3 1994 1919 2030 
3 2030 1919 1921 
3 2030 1921 1996 
3 1996 1921 2031 
3 1996 2031 1998 
3 1998 2031 1924 
3 1998 1924 2000 
3 2000 1924 2024 
3 2000 2024 2032 
3 2032 2024 2033 
3 2032 2033 2034 
3 1862 2035 2036 
3 2036 2035 1861 
3 2036 1861 1860 
3 1862 2036 2037 
3 2037 2036 2006 
3 2037 2006 2038 
3 2038 2006 2040 
3 2038 2040 2039 
3 2039 2040 2008 
3 2039 2008 2041 
3 2041 2008 2042 
3 2041 2042 1911 
3 1911 2042 2010 
3 1911 2010 1914 
3 1914 2010 2011 
3 1914 2011 2043 
3 2043 2011 2013 
3 2043 2013 2044 
3 2044 2013 2045 
3 2044 2045 1942 
3 1942 2045 2046 
3 1942 2046 2104 
3 2089 2107 2087 
3 3349 3348 2146 
3 2147 3347 2149 
3 3332 3345 2085 
3 2078 1319 2145 
3 2076 1314 2172 
3 2075 2047 2188 
3 2073 2235 2219 
3 2048 2082 2084 
3 2082 2237 2083 
3 2048 2084 2240 
3 2084 2221 2240 
3 2240 2221 2051 
3 2240 2051 2242 
3 2053 2049 2223 
3 2223 2049 2050 
3 2223 2050 2051 
3 2051 2050 2052 
3 2051 2052 2242 
3 2223 2224 2053 
3 2053 2224 2225 
3 2053 2225 2054 
3 2054 2225 2059 
3 2054 2059 2252 
3 2061 2258 2229 
3 2229 2258 2055 
3 2229 2055 2056 
3 2056 2055 2057 
3 2056 2057 2227 
3 2227 2057 2058 
3 2227 2058 2059 
3 2059 2058 2060 
3 2059 2060 2252 
3 2061 2229 2262 
3 2262 2229 2062 
3 2262 2062 2063 
3 2063 2062 2064 
3 2063 2064 2065 
3 2065 2064 2232 
3 2065 2232 2066 
3 2068 2071 2232 
3 2232 2071 2067 
3 2232 2067 2066 
3 2234 2069 2068 
3 2068 2069 2070 
3 2068 2070 2071 
3 2071 2070 2072 
3 2071 2072 2267 
3 2073 2219 1310 
3 1311 2074 2218 
3 2075 2188 1312 
3 2173 1316 2171 
3 2076 2172 2077 
3 1318 1317 2144 
3 2078 2145 2124 
3 3332 2085 3343 
3 3349 2146 2159 
3 2175 3350 2176 
3 2079 3354 2174 
3 3352 3353 2080 
3 2207 2081 2206 
3 2206 2081 3351 
3 2082 2083 2084 
3 2084 2083 3360 
3 2084 3360 2220 
3 3345 1902 2085 
3 2085 1902 2086 
3 2085 2086 2107 
3 2107 2086 1966 
3 2107 1966 2087 
3 2087 2088 2089 
3 2089 2088 2090 
3 2089 2090 2109 
3 2109 2090 2091 
3 2109 2091 2110 
3 2110 2091 1941 
3 2110 1941 2092 
3 2115 2093 2117 
3 2117 2093 2094 
3 2117 2094 2118 
3 2118 2094 2003 
3 2118 2003 2120 
3 2003 2095 2120 
3 2120 2095 2033 
3 2120 2033 2122 
3 2122 2033 2096 
3 2122 2096 2097 
3 2097 2096 2023 
3 2097 2023 2123 
3 2123 2023 2098 
3 2123 2098 1322 
3 1322 2098 2099 
3 1322 2099 1320 
3 1941 2100 2092 
3 2092 2100 2101 
3 2092 2101 2103 
3 2103 2101 2102 
3 2103 2102 2114 
3 2114 2102 2104 
3 2114 2104 2115 
3 2115 2104 2105 
3 2115 2105 2093 
3 2125 3343 2126 
3 2126 3343 2085 
3 2126 2085 2106 
3 2106 2085 2107 
3 2106 2107 2128 
3 2128 2107 2089 
3 2128 2089 2108 
3 2108 2089 2109 
3 2108 2109 2131 
3 2131 2109 2110 
3 2131 2110 2111 
3 2111 2110 2092 
3 2111 2092 2112 
3 2112 2092 2103 
3 2112 2103 2113 
3 2113 2103 2114 
3 2113 2114 2136 
3 2136 2114 2115 
3 2136 2115 2116 
3 2116 2115 2117 
3 2116 2117 2139 
3 2139 2117 2118 
3 2139 2118 2119 
3 2119 2118 2120 
3 2119 2120 2142 
3 2142 2120 2122 
3 2142 2122 2121 
3 2121 2122 2097 
3 2121 2097 2145 
3 2145 2097 2123 
3 2145 2123 2124 
3 2124 2123 1322 
3 3347 2125 2149 
3 2149 2125 2126 
3 2149 2126 2127 
3 2127 2126 2106 
3 2127 2106 2152 
3 2152 2106 2128 
3 2152 2128 2129 
3 2129 2128 2108 
3 2129 2108 2130 
3 2130 2108 2131 
3 2130 2131 2132 
3 2132 2131 2111 
3 2132 2111 2133 
3 2133 2111 2112 
3 2133 2112 2134 
3 2134 2112 2113 
3 2134 2113 2135 
3 2135 2113 2136 
3 2135 2136 2137 
3 2137 2136 2116 
3 2137 2116 2138 
3 2138 2116 2139 
3 2138 2139 2140 
3 2140 2139 2119 
3 2140 2119 2141 
3 2141 2119 2142 
3 2141 2142 2143 
3 2143 2142 2121 
3 2143 2121 2144 
3 2144 2121 2145 
3 2144 2145 1318 
3 1318 2145 1319 
3 3348 2147 2146 
3 2146 2147 2149 
3 2146 2149 2148 
3 2148 2149 2127 
3 2148 2127 2150 
3 2150 2127 2152 
3 2150 2152 2151 
3 2151 2152 2129 
3 2151 2129 2153 
3 2153 2129 2130 
3 2153 2130 2154 
3 2154 2130 2132 
3 2154 2132 2162 
3 2162 2132 2133 
3 2162 2133 2155 
3 2155 2133 2134 
3 2155 2134 2156 
3 2156 2134 2135 
3 2156 2135 2157 
3 2157 2135 2137 
3 2157 2137 2167 
3 2167 2137 2138 
3 2167 2138 2158 
3 2158 2138 2140 
3 2158 2140 2169 
3 2169 2140 2141 
3 2169 2141 2170 
3 2170 2141 2143 
3 2170 2143 2172 
3 2172 2143 2144 
3 2172 2144 2077 
3 2077 2144 1317 
3 3350 2159 2176 
3 2176 2159 2146 
3 2176 2146 2177 
3 2177 2146 2148 
3 2177 2148 2160 
3 2160 2148 2150 
3 2160 2150 2179 
3 2179 2150 2151 
3 2179 2151 2161 
3 2161 2151 2153 
3 2161 2153 2181 
3 2181 2153 2154 
3 2181 2154 2163 
3 2163 2154 2162 
3 2163 2162 2164 
3 2164 2162 2155 
3 2164 2155 2184 
3 2184 2155 2156 
3 2184 2156 2186 
3 2186 2156 2157 
3 2186 2157 2165 
3 2165 2157 2167 
3 2165 2167 2166 
3 2166 2167 2158 
3 2166 2158 2168 
3 2168 2158 2169 
3 2168 2169 2189 
3 2189 2169 2170 
3 2189 2170 2171 
3 2171 2170 2172 
3 2171 2172 2173 
3 2173 2172 1314 
3 3354 2175 2174 
3 2174 2175 2176 
3 2174 2176 2191 
3 2191 2176 2177 
3 2191 2177 2193 
3 2193 2177 2160 
3 2193 2160 2178 
3 2178 2160 2179 
3 2178 2179 2180 
3 2180 2179 2161 
3 2180 2161 2195 
3 2195 2161 2181 
3 2195 2181 2197 
3 2197 2181 2163 
3 2197 2163 2182 
3 2182 2163 2164 
3 2182 2164 2183 
3 2183 2164 2184 
3 2183 2184 2185 
3 2185 2184 2186 
3 2185 2186 2200 
3 2200 2186 2165 
3 2200 2165 2203 
3 2203 2165 2166 
3 2203 2166 2187 
3 2187 2166 2168 
3 2187 2168 2205 
3 2205 2168 2189 
3 2205 2189 2188 
3 2188 2189 2171 
3 2188 2171 1312 
3 1312 2171 1316 
3 3353 2079 2080 
3 2080 2079 2174 
3 2080 2174 2190 
3 2190 2174 2191 
3 2190 2191 2192 
3 2192 2191 2193 
3 2192 2193 2209 
3 2209 2193 2178 
3 2209 2178 2211 
3 2211 2178 2180 
3 2211 2180 2194 
3 2194 2180 2195 
3 2194 2195 2196 
3 2196 2195 2197 
3 2196 2197 2198 
3 2198 2197 2182 
3 2198 2182 2199 
3 2199 2182 2183 
3 2199 2183 2214 
3 2214 2183 2185 
3 2214 2185 2201 
3 2201 2185 2200 
3 2201 2200 2202 
3 2202 2200 2203 
3 2202 2203 2204 
3 2204 2203 2187 
3 2204 2187 2217 
3 2217 2187 2205 
3 2217 2205 2218 
3 2218 2205 2188 
3 2218 2188 1311 
3 1311 2188 2047 
3 3351 3352 2206 
3 2206 3352 2080 
3 2206 2080 2207 
3 2207 2080 2190 
3 2207 2190 2208 
3 2208 2190 2192 
3 2208 2192 2222 
3 2222 2192 2209 
3 2222 2209 2210 
3 2210 2209 2211 
3 2210 2211 2212 
3 2212 2211 2194 
3 2212 2194 2226 
3 2226 2194 2196 
3 2226 2196 2213 
3 2213 2196 2198 
3 2213 2198 2228 
3 2228 2198 2199 
3 2228 2199 2230 
3 2230 2199 2214 
3 2230 2214 2231 
3 2231 2214 2201 
3 2231 2201 2215 
3 2215 2201 2202 
3 2215 2202 2216 
3 2216 2202 2204 
3 2216 2204 2233 
3 2233 2204 2217 
3 2233 2217 2219 
3 2219 2217 2218 
3 2219 2218 1310 
3 1310 2218 2074 
3 2220 2081 2084 
3 2084 2081 2207 
3 2084 2207 2221 
3 2221 2207 2208 
3 2221 2208 2051 
3 2051 2208 2222 
3 2051 2222 2223 
3 2223 2222 2210 
3 2223 2210 2224 
3 2224 2210 2212 
3 2224 2212 2225 
3 2225 2212 2226 
3 2225 2226 2059 
3 2059 2226 2213 
3 2059 2213 2227 
3 2227 2213 2228 
3 2227 2228 2056 
3 2056 2228 2230 
3 2056 2230 2229 
3 2229 2230 2231 
3 2229 2231 2062 
3 2062 2231 2215 
3 2062 2215 2064 
3 2064 2215 2216 
3 2064 2216 2232 
3 2232 2216 2233 
3 2232 2233 2068 
3 2068 2233 2219 
3 2068 2219 2234 
3 2234 2219 2235 
3 2236 3195 2237 
3 2237 2082 2236 
3 2236 2082 2238 
3 2236 2238 2239 
3 2239 2238 2240 
3 2239 2240 2241 
3 2240 2242 2241 
3 2241 2242 2243 
3 2241 2243 2244 
3 2244 2243 2245 
3 2243 2050 2245 
3 2245 2050 2246 
3 2245 2246 2247 
3 2247 2246 2053 
3 2247 2053 2248 
3 2248 2053 2249 
3 2248 2249 2250 
3 2254 2251 2253 
3 2250 2249 2253 
3 2253 2249 2252 
3 2253 2252 2254 
3 2261 3193 2259 
3 2251 2254 3202 
3 3202 2254 2058 
3 3202 2058 2255 
3 2255 2058 2257 
3 2255 2257 2256 
3 2256 2257 2055 
3 2256 2055 2259 
3 2259 2055 2258 
3 2259 2258 2261 
3 3193 2261 2260 
3 2260 2261 2262 
3 2260 2262 2263 
3 2066 2264 2265 
3 2265 2264 2268 
3 2066 2265 2065 
3 2065 2265 3189 
3 2065 3189 2263 
3 2263 3189 2266 
3 2263 2266 2260 
3 2267 1696 2269 
3 2268 2264 2269 
3 2269 2264 2071 
3 2269 2071 2267 
3 285 231 311 
3 311 231 2270 
3 311 2270 312 
3 312 2270 2271 
3 312 2271 314 
3 2272 315 2271 
3 2271 315 2273 
3 2271 2273 314 
3 2278 2397 2274 
3 385 343 386 
3 386 343 2275 
3 386 2275 411 
3 411 2275 2278 
3 411 2278 2280 
3 2276 2281 2286 
3 2274 2277 2278 
3 2278 2277 2279 
3 2278 2279 2280 
3 2281 2282 2286 
3 2286 2282 505 
3 2286 505 432 
3 432 505 503 
3 432 503 431 
3 431 503 483 
3 123 2284 2283 
3 2283 2284 121 
3 2283 121 120 
3 509 2285 2286 
3 2286 2285 2287 
3 2286 2287 2276 
3 183 2288 208 
3 208 2288 2289 
3 208 2289 2290 
3 2290 2289 2295 
3 2290 2295 209 
3 2291 870 930 
3 90 47 91 
3 91 47 42 
3 91 42 2292 
3 2292 42 2283 
3 2292 2283 2293 
3 2293 2283 120 
3 2294 2296 2295 
3 2295 2296 211 
3 2295 211 209 
3 2362 56 160 
3 160 56 2297 
3 160 2297 53 
3 2300 28 73 
3 73 28 2307 
3 92 138 2298 
3 2298 138 2299 
3 2298 2299 48 
3 48 2299 160 
3 48 160 51 
3 51 160 53 
3 2300 73 29 
3 29 73 70 
3 29 70 2301 
3 184 229 147 
3 147 229 234 
3 147 234 2302 
3 2302 234 260 
3 2302 260 148 
3 2303 733 1785 
3 0 2305 2304 
3 2304 2305 2306 
3 2304 2306 23 
3 23 2306 73 
3 23 73 24 
3 24 73 2307 
3 1785 347 2386 
3 829 828 1785 
3 2408 37 36 
3 2335 2332 2308 
3 3330 151 2318 
3 446 445 1785 
3 2323 542 1785 
3 1785 542 540 
3 1785 540 2391 
3 733 730 1785 
3 1785 730 729 
3 1785 729 2309 
3 2310 630 1785 
3 1785 828 930 
3 930 828 827 
3 930 827 2291 
3 2294 2295 214 
3 214 2295 2311 
3 214 2311 2399 
3 2400 136 2408 
3 2408 136 134 
3 2334 61 2335 
3 2335 61 2364 
3 551 445 444 
3 2347 832 1785 
3 1785 832 2312 
3 1785 2312 829 
3 2317 239 335 
3 335 239 237 
3 335 237 331 
3 331 237 2313 
3 364 2314 245 
3 245 2315 364 
3 364 2315 2316 
3 364 2316 2317 
3 2317 2316 242 
3 2317 242 239 
3 3330 2318 1785 
3 1785 2318 150 
3 1785 150 149 
3 352 350 1785 
3 1785 350 2319 
3 1785 2319 347 
3 2320 2321 1785 
3 1785 2321 2322 
3 1785 2322 2323 
3 2344 837 1785 
3 1785 837 2345 
3 2272 2271 2324 
3 2324 2271 225 
3 2324 225 2402 
3 134 131 2408 
3 2408 131 2325 
3 2408 2325 129 
3 129 2326 2408 
3 2408 2326 2327 
3 2408 2327 37 
3 37 2327 127 
3 37 127 2328 
3 2328 127 123 
3 2328 123 2329 
3 2329 123 2283 
3 36 2330 2408 
3 2408 2330 34 
3 2408 34 2335 
3 2335 34 2331 
3 2335 2331 2332 
3 70 69 2301 
3 2301 69 68 
3 2301 68 2308 
3 68 65 2308 
3 2308 65 2333 
3 2308 2333 2335 
3 2335 2333 64 
3 2335 64 2334 
3 2335 154 2336 
3 2337 2338 1785 
3 1785 2338 449 
3 1785 449 446 
3 551 547 445 
3 445 547 2339 
3 445 2339 546 
3 628 2340 2357 
3 2357 2340 2356 
3 630 2357 1785 
3 1785 2357 738 
3 1785 738 736 
3 736 734 1785 
3 1785 734 2341 
3 1785 2341 2303 
3 2309 842 841 
3 841 840 2309 
3 2309 840 2342 
3 2309 2342 1785 
3 1785 2342 2343 
3 1785 2343 2344 
3 2345 2346 1785 
3 1785 2346 834 
3 1785 834 2347 
3 2314 364 2348 
3 2348 364 362 
3 2348 362 247 
3 2380 2381 361 
3 361 2381 247 
3 361 247 2349 
3 2349 247 362 
3 453 2350 2386 
3 572 612 537 
3 537 612 2351 
3 537 2351 2352 
3 2352 2351 638 
3 2352 638 2353 
3 2353 638 2354 
3 2353 2354 2391 
3 2391 2354 637 
3 2391 637 2355 
3 2356 2358 2357 
3 2357 2358 739 
3 2357 739 738 
3 770 814 2359 
3 2359 814 2360 
3 2359 2360 2361 
3 2361 2360 844 
3 2361 844 724 
3 724 844 842 
3 724 842 725 
3 725 842 2309 
3 160 159 2362 
3 2362 159 2363 
3 2362 2363 58 
3 58 2363 157 
3 58 157 2364 
3 2364 157 2365 
3 2364 2365 2335 
3 2335 2365 2366 
3 2335 2366 154 
3 148 260 149 
3 149 260 258 
3 149 258 2367 
3 2350 2368 2386 
3 2386 2368 2369 
3 2386 2369 1785 
3 1785 2369 2370 
3 1785 2370 2337 
3 2371 2372 1785 
3 1785 2372 2373 
3 1785 2373 2310 
3 659 714 2374 
3 2374 714 743 
3 2374 743 2375 
3 2375 743 2376 
3 2375 2376 626 
3 626 2376 2340 
3 626 2340 2377 
3 2377 2340 628 
3 417 416 2408 
3 2336 2378 2335 
3 2335 2378 2379 
3 2335 2379 3330 
3 3330 2379 152 
3 3330 152 151 
3 2380 358 2381 
3 2381 358 355 
3 2381 355 1785 
3 1785 355 354 
3 1785 354 352 
3 387 434 2382 
3 2382 434 458 
3 2382 458 2383 
3 2383 458 457 
3 2383 457 2384 
3 2384 457 455 
3 2384 455 2385 
3 2385 455 2386 
3 2386 455 454 
3 2386 454 453 
3 525 524 485 
3 485 524 2387 
3 485 2387 2388 
3 2388 2387 2389 
3 2388 2389 442 
3 442 2389 551 
3 442 551 443 
3 443 551 444 
3 2355 2390 2391 
3 2391 2390 2392 
3 2391 2392 1785 
3 1785 2392 634 
3 1785 634 2371 
3 2403 224 2408 
3 2408 224 2393 
3 2408 2393 222 
3 222 220 2408 
3 2408 220 217 
3 2408 217 2394 
3 546 545 445 
3 445 545 2395 
3 445 2395 1785 
3 1785 2395 2396 
3 1785 2396 2320 
3 2278 329 2397 
3 2397 329 328 
3 2397 328 2398 
3 2398 328 2408 
3 2398 2408 414 
3 414 2408 416 
3 2394 216 2408 
3 2408 216 2399 
3 2408 2399 2400 
3 2400 2399 2311 
3 2367 256 149 
3 149 256 254 
3 149 254 252 
3 328 326 2408 
3 2408 326 324 
3 2408 324 323 
3 323 321 2408 
3 2408 321 320 
3 2408 320 319 
3 252 2401 149 
3 149 2401 250 
3 149 250 1785 
3 1785 250 249 
3 1785 249 2381 
3 692 2409 811 
3 423 421 2408 
3 2408 421 419 
3 2408 419 417 
3 319 318 2408 
3 2408 318 2402 
3 2408 2402 2403 
3 2403 2402 225 
3 2404 2438 2411 
3 535 534 571 
3 571 534 527 
3 571 527 2405 
3 623 617 2406 
3 2406 617 618 
3 2406 618 2426 
3 2286 2407 509 
3 509 2407 427 
3 509 427 2408 
3 2408 427 425 
3 2408 425 423 
3 811 2409 2411 
3 2411 2409 2410 
3 2411 2410 2404 
3 2423 2412 811 
3 811 2412 694 
3 811 694 692 
3 2425 599 598 
3 514 2408 516 
3 516 2408 2425 
3 514 2413 2408 
3 2408 2413 512 
3 2408 512 511 
3 511 2414 2408 
3 2408 2414 2415 
3 2408 2415 509 
3 527 522 2405 
3 2405 522 519 
3 2405 519 2416 
3 2416 519 2417 
3 2416 2417 2418 
3 2418 2417 2425 
3 2418 2425 2419 
3 2419 2425 598 
3 2420 702 2430 
3 608 2431 2408 
3 768 722 2422 
3 2422 722 2421 
3 2422 2421 2423 
3 2423 2421 2424 
3 2423 2424 2412 
3 608 2408 609 
3 599 2425 601 
3 601 2425 2408 
3 601 2408 605 
3 618 2427 2426 
3 2426 2427 2428 
3 2426 2428 698 
3 698 2428 2429 
3 698 2429 699 
3 699 2429 2430 
3 699 2430 701 
3 701 2430 702 
3 2431 2432 2408 
3 2408 2432 2433 
3 2408 2433 605 
3 2434 706 2408 
3 2408 706 2435 
3 2408 2435 2420 
3 2420 2430 2408 
3 2408 2430 611 
3 2408 611 609 
3 2443 2436 2408 
3 2408 2436 2437 
3 2434 2408 709 
3 709 2408 2437 
3 709 2437 2438 
3 2438 2437 809 
3 2438 809 2411 
3 817 815 820 
3 901 941 939 
3 2474 2473 2472 
3 2439 2440 3374 
3 2457 922 2441 
3 869 825 824 
3 798 800 2448 
3 806 2408 803 
3 803 2408 2448 
3 803 2448 802 
3 802 2448 800 
3 806 807 2408 
3 2408 807 2442 
3 2408 2442 2443 
3 823 818 824 
3 824 818 795 
3 824 795 2454 
3 2454 795 2444 
3 2454 2444 797 
3 797 2445 2454 
3 2454 2445 2446 
3 2454 2446 2448 
3 2448 2446 2447 
3 2448 2447 798 
3 2449 925 2454 
3 2449 2454 2450 
3 2441 922 2454 
3 2454 922 921 
3 2454 921 2450 
3 925 2451 2454 
3 2454 2451 2452 
3 2454 2452 2453 
3 2453 928 2454 
3 2454 928 2455 
3 2454 2455 824 
3 824 2455 927 
3 824 927 869 
3 919 918 2456 
3 2456 918 916 
3 2456 916 2441 
3 2441 916 914 
3 2441 914 2457 
3 2469 944 2458 
3 2458 2459 2469 
3 2469 2459 2460 
3 2469 2460 2462 
3 2462 2460 2461 
3 2462 2461 904 
3 904 906 2462 
3 2462 906 911 
3 2462 911 908 
3 908 913 2462 
3 2462 913 2463 
3 2462 2463 2456 
3 2456 2463 912 
3 2456 912 919 
3 942 2469 2464 
3 2464 2469 2465 
3 3374 2440 2467 
3 2466 2468 2467 
3 2467 2468 1044 
3 2467 1044 2462 
3 2462 1044 1042 
3 2462 1042 2469 
3 2469 1042 1040 
3 2469 1040 2465 
3 2440 1032 2467 
3 2467 1032 1031 
3 2467 1031 2470 
3 2470 2471 2467 
3 2467 2471 1034 
3 2467 1034 2466 
3 2472 2473 3374 
3 3374 2473 1030 
3 3374 1030 2439 
3 2474 2472 1008 
3 1008 2472 2475 
3 1008 2475 2476 
3 2476 2475 3369 
3 2476 3369 2477 
3 2477 3369 3370 
3 2477 3370 2478 
3 2478 3370 2479 
3 2479 3370 3373 
3 2479 3373 1012 
3 2480 1019 3379 
3 1019 1018 3379 
3 3379 1018 1016 
3 3379 1016 2481 
3 2481 1014 3379 
3 3379 1014 2482 
3 3379 2482 3373 
3 3373 2482 2483 
3 3373 2483 1012 
3 939 988 1027 
3 1027 1026 939 
3 939 1026 2484 
3 939 2484 3380 
3 3380 2484 1024 
3 3380 1024 3379 
3 3379 1024 1020 
3 3379 1020 2480 
3 2485 2486 3380 
3 2486 893 3380 
3 3380 893 895 
3 3380 895 2487 
3 2487 2488 3380 
3 3380 2488 2489 
3 3380 2489 939 
3 939 2489 899 
3 939 899 901 
3 2490 2502 883 
3 2490 883 3384 
3 3384 883 885 
3 3384 885 2491 
3 2491 2492 3384 
3 3384 2492 888 
3 3384 888 3380 
3 3380 888 2493 
3 3380 2493 2485 
3 820 2494 874 
3 874 2495 820 
3 820 2495 2496 
3 820 2496 2501 
3 2496 2497 2501 
3 2501 2497 2498 
3 2501 2498 2499 
3 2499 2500 2501 
3 2501 2500 876 
3 2501 876 877 
3 877 879 2501 
3 2501 879 880 
3 2501 880 2490 
3 2490 880 881 
3 2490 881 2502 
3 774 773 2501 
3 2501 773 772 
3 2501 772 820 
3 820 772 2503 
3 820 2503 817 
3 2534 789 2504 
3 2504 2505 2534 
3 2534 2505 2506 
3 2534 2506 3388 
3 2506 784 3388 
3 3388 784 782 
3 3388 782 779 
3 779 2507 3388 
3 3388 2507 777 
3 3388 777 2501 
3 2501 777 776 
3 2501 776 774 
3 235 2508 205 
3 205 2508 282 
3 334 2510 2509 
3 2509 2510 2511 
3 2509 2511 2613 
3 41 2512 20 
3 20 2512 88 
3 429 438 430 
3 430 438 2513 
3 430 2513 409 
3 409 2513 488 
3 2518 201 202 
3 2514 2515 143 
3 143 2515 2516 
3 143 2516 179 
3 202 2517 2518 
3 2518 2517 203 
3 2518 203 282 
3 282 203 204 
3 282 204 205 
3 2521 278 2519 
3 2543 8 2522 
3 2520 2521 271 
3 271 2521 2586 
3 101 2558 100 
3 100 2558 99 
3 2520 275 2521 
3 2521 275 276 
3 2521 276 278 
3 2522 2523 2543 
3 2543 2523 9 
3 2543 9 2542 
3 2534 111 2574 
3 230 2525 2524 
3 2524 2525 162 
3 2524 162 2519 
3 2519 162 163 
3 2519 163 2521 
3 871 846 1844 
3 1844 846 847 
3 1844 847 1841 
3 2585 166 1841 
3 2526 2527 2528 
3 2528 2527 2 
3 2528 2 2529 
3 2529 2 2530 
3 2529 2530 85 
3 93 17 88 
3 88 17 2531 
3 88 2531 20 
3 168 170 2543 
3 2532 2543 79 
3 79 2543 78 
3 2533 108 2534 
3 2534 108 110 
3 2534 110 111 
3 847 849 1841 
3 1841 849 850 
3 1841 850 852 
3 863 864 750 
3 1841 2548 2535 
3 752 2536 1841 
3 1841 2536 2537 
3 1841 2537 755 
3 553 2538 1841 
3 1841 2538 555 
3 1841 555 2539 
3 2604 265 1841 
3 1841 265 267 
3 2540 76 2541 
3 2542 11 2543 
3 2543 11 12 
3 2543 12 2544 
3 93 95 17 
3 17 95 2570 
3 17 2570 2545 
3 2545 2570 2557 
3 852 2546 1841 
3 1841 2546 854 
3 1841 854 857 
3 857 858 1841 
3 1841 858 2547 
3 1841 2547 2548 
3 759 2549 643 
3 643 2549 762 
3 639 764 2591 
3 639 641 764 
3 764 641 2550 
3 764 2550 643 
3 2617 371 1841 
3 1841 371 2551 
3 1841 2551 374 
3 2532 2552 2543 
3 2543 2552 80 
3 2543 80 2553 
3 2530 6 85 
3 85 6 8 
3 85 8 2554 
3 2554 8 84 
3 2555 13 2570 
3 2570 13 2556 
3 2570 2556 2557 
3 101 103 2558 
3 2558 103 2559 
3 2558 2559 2534 
3 2534 2559 106 
3 2534 106 2533 
3 201 2518 199 
3 199 2518 288 
3 199 288 2629 
3 2576 2626 2574 
3 752 1841 751 
3 751 1841 2535 
3 751 2535 750 
3 750 2535 860 
3 750 860 863 
3 864 2560 750 
3 750 2560 2561 
3 750 2561 748 
3 748 2561 2562 
3 755 2563 1841 
3 1841 2563 758 
3 1841 758 759 
3 2564 2565 654 
3 654 2565 553 
3 654 553 652 
3 652 553 2609 
3 2566 2601 2612 
3 267 268 1841 
3 1841 268 2567 
3 1841 2567 270 
3 1841 166 2543 
3 2543 166 2568 
3 2543 2568 168 
3 2543 173 2569 
3 2544 2555 2543 
3 2543 2555 2570 
3 2543 2570 2558 
3 2558 2570 96 
3 2558 96 99 
3 144 180 2571 
3 2571 180 2572 
3 2571 2572 114 
3 114 2572 2573 
3 114 2573 113 
3 113 2573 188 
3 113 188 2574 
3 2574 188 2575 
3 2574 2575 2576 
3 488 2577 409 
3 409 2577 2578 
3 409 2578 407 
3 762 2579 643 
3 643 2579 763 
3 643 763 764 
3 759 643 1841 
3 1841 643 644 
3 1841 644 2580 
3 614 615 656 
3 656 615 573 
3 656 573 2564 
3 2564 573 552 
3 2564 552 2565 
3 563 565 2581 
3 2581 565 566 
3 2581 566 2596 
3 1841 2581 2582 
3 379 380 2604 
3 2604 380 2583 
3 270 2584 1841 
3 1841 2584 2586 
3 1841 2586 2585 
3 2585 2586 2521 
3 170 2587 2543 
3 2543 2587 172 
3 2543 172 173 
3 78 2543 2588 
3 2588 2543 2569 
3 2588 2569 76 
3 76 2569 175 
3 76 175 177 
3 2553 2589 2543 
3 2543 2589 81 
3 2543 81 8 
3 8 81 82 
3 8 82 84 
3 715 717 2590 
3 2590 717 660 
3 2590 660 2591 
3 2591 660 2592 
3 2591 2592 639 
3 2580 2593 1841 
3 1841 2593 646 
3 1841 646 647 
3 2539 557 1841 
3 1841 557 2594 
3 1841 2594 2595 
3 460 2596 2597 
3 460 461 2596 
3 2596 461 2598 
3 2596 2598 2581 
3 476 478 2617 
3 2610 2611 2623 
3 379 2604 2599 
3 2599 2604 1841 
3 2599 1841 2600 
3 2566 2602 2601 
3 2601 2602 2604 
3 2601 2604 2603 
3 2603 2604 2583 
3 177 178 76 
3 76 178 2605 
3 76 2605 2541 
3 819 2606 867 
3 867 2606 744 
3 867 744 2562 
3 2562 744 747 
3 2562 747 748 
3 647 2607 1841 
3 1841 2607 649 
3 1841 649 553 
3 553 649 2608 
3 553 2608 2609 
3 2610 369 2611 
3 2611 369 2617 
3 2611 2617 480 
3 480 2617 478 
3 374 375 1841 
3 1841 375 377 
3 1841 377 2600 
3 339 332 383 
3 383 332 261 
3 383 261 2612 
3 2612 261 262 
3 2612 262 2566 
3 179 2516 2541 
3 2541 2516 74 
3 2541 74 2540 
3 2615 2624 304 
3 2511 391 2613 
3 2613 391 2614 
3 2613 2614 308 
3 308 2614 2615 
3 2582 467 1841 
3 1841 467 469 
3 1841 469 2616 
3 2616 472 1841 
3 1841 472 473 
3 1841 473 2617 
3 2617 473 474 
3 2617 474 476 
3 304 305 2615 
3 2615 305 2618 
3 2615 2618 308 
3 195 197 2534 
3 395 396 301 
3 2595 2619 1841 
3 1841 2619 561 
3 1841 561 2581 
3 2581 561 2620 
3 2581 2620 563 
3 530 486 531 
3 531 486 2621 
3 531 2621 2597 
3 2597 2621 459 
3 2597 459 460 
3 437 388 2622 
3 2622 388 389 
3 2622 389 2623 
3 2623 389 366 
3 2623 366 2610 
3 2624 2615 302 
3 302 2615 2625 
3 302 2625 301 
3 301 2625 394 
3 301 394 395 
3 399 401 2534 
3 2626 190 2574 
3 2574 190 192 
3 2574 192 2534 
3 2534 192 2627 
3 2534 2627 195 
3 295 298 197 
3 197 298 2628 
3 197 2628 2534 
3 2628 299 2534 
3 2534 299 301 
3 2534 301 399 
3 399 301 396 
3 288 290 2629 
3 2629 290 293 
3 2629 293 197 
3 197 293 294 
3 197 294 295 
3 401 403 2534 
3 2534 403 2630 
3 2534 2630 404 
3 404 2631 2534 
3 2534 2631 406 
3 2534 406 2632 
3 2638 2646 2633 
3 2633 497 2638 
3 2638 497 499 
3 2638 499 500 
3 2643 2658 587 
3 587 588 2643 
3 2643 588 590 
3 2643 590 2634 
3 407 2578 2632 
3 2632 2578 2635 
3 2632 2635 490 
3 526 2636 502 
3 502 2636 569 
3 502 569 2637 
3 2637 569 2638 
3 2637 2638 2639 
3 2639 2638 500 
3 2640 657 2641 
3 2641 657 674 
3 2641 674 2642 
3 2642 674 2643 
3 2642 2643 592 
3 592 2643 2634 
3 2662 669 2644 
3 2644 669 672 
3 2644 672 2657 
3 2657 672 2645 
3 2657 2645 663 
3 2638 575 2646 
3 2646 575 576 
3 2646 576 2647 
3 2648 2649 579 
3 579 2649 2647 
3 579 2647 2650 
3 2650 2647 576 
3 2534 2653 2649 
3 585 586 2534 
3 490 491 2632 
3 2632 491 2651 
3 2632 2651 2534 
3 2534 2651 2652 
3 2534 2652 2653 
3 2648 580 2649 
3 2649 580 2654 
3 2649 2654 2534 
3 2534 2654 583 
3 2534 583 585 
3 718 765 2655 
3 2655 765 2656 
3 2655 2656 666 
3 666 2656 793 
3 666 793 665 
3 665 793 2657 
3 665 2657 664 
3 664 2657 663 
3 2643 676 2658 
3 2658 676 677 
3 2658 677 586 
3 586 677 2659 
3 2659 681 586 
3 586 681 2660 
3 586 2660 2534 
3 2534 2660 682 
3 682 684 2534 
3 2534 684 686 
3 2534 686 688 
3 789 2534 2661 
3 2661 2534 688 
3 2661 688 2663 
3 2663 688 2662 
3 2663 2662 2664 
3 2664 2662 2644 
3 1851 2543 2665 
3 2665 2543 2558 
3 2863 2666 2667 
3 3393 2864 2665 
3 2665 2864 1503 
3 2864 2866 1503 
3 1503 2866 2867 
3 1503 2867 2667 
3 2667 2867 2862 
3 2667 2862 2863 
3 2685 2674 1506 
3 2666 2668 2667 
3 2667 2668 2670 
3 2667 2670 2669 
3 2669 2670 2894 
3 2669 2894 1506 
3 1506 2894 2671 
3 1506 2671 2685 
3 2676 2672 2673 
3 2674 2684 1506 
3 1506 2684 2981 
3 1506 2981 2675 
3 2675 2981 2980 
3 2675 2980 2673 
3 2673 2980 2979 
3 2673 2979 2676 
3 2677 1510 2678 
3 2678 1510 2673 
3 2678 2673 2679 
3 2679 2673 2672 
3 1499 1515 2680 
3 2680 1515 1513 
3 2680 1513 3125 
3 3125 1513 2683 
3 2677 3080 1510 
3 1510 3080 2681 
3 1510 2681 1512 
3 1512 2681 2682 
3 1512 2682 1513 
3 1513 2682 3078 
3 1513 3078 2683 
3 2677 2678 3029 
3 2679 2672 3030 
3 2981 2684 2946 
3 2674 2685 2945 
3 2806 3771 3081 
3 2999 3028 3027 
3 2977 3762 2998 
3 2800 3760 2928 
3 2836 2686 2892 
3 3378 2784 2687 
3 1614 2688 2689 
3 1622 2714 3113 
3 1636 2708 2690 
3 2680 3125 2692 
3 1663 1664 3124 
3 3124 1664 1665 
3 3124 1665 2691 
3 2691 1665 2693 
3 2691 2693 2692 
3 2692 2693 1667 
3 2692 1667 2680 
3 2680 1667 1668 
3 2680 1668 1499 
3 1663 3124 1650 
3 1650 3124 2694 
3 1650 2694 1653 
3 1653 2694 1654 
3 1654 2694 2696 
3 1654 2696 2695 
3 2695 2696 2697 
3 2697 2696 3122 
3 2697 3122 1649 
3 2703 2698 2699 
3 2699 2698 2700 
3 2699 2700 3122 
3 3122 2700 2701 
3 3122 2701 1649 
3 2706 1644 2703 
3 2703 1644 2702 
3 2703 2702 2698 
3 2710 1639 2704 
3 2704 1639 1641 
3 2704 1641 3120 
3 3120 1641 2705 
3 3120 2705 2706 
3 2706 2705 2707 
3 2706 2707 1644 
3 2690 2708 2704 
3 2704 2708 2709 
3 2704 2709 2710 
3 1636 2690 2711 
3 2711 2690 3117 
3 2711 3117 1633 
3 1633 3117 3115 
3 1633 3115 2712 
3 2712 3115 1625 
3 1625 3115 2715 
3 1625 2715 2713 
3 3113 2714 2715 
3 2715 2714 2716 
3 2715 2716 2713 
3 1622 3113 1621 
3 1621 3113 2717 
3 1621 2717 1619 
3 1619 2717 2718 
3 1619 2718 1618 
3 2689 2688 2718 
3 2718 2688 1617 
3 2718 1617 1618 
3 1614 2689 1605 
3 1605 2689 2719 
3 1605 2719 2720 
3 2720 2719 2721 
3 2720 2721 1607 
3 1607 2721 1608 
3 1608 2721 2722 
3 1608 2722 2723 
3 2723 2722 2724 
3 2724 2722 2727 
3 2724 2727 2725 
3 3108 2726 2727 
3 2727 2726 2728 
3 2727 2728 2725 
3 2729 1604 3108 
3 3108 1604 1603 
3 3108 1603 2726 
3 2731 2734 2729 
3 2729 2734 2730 
3 2729 2730 1604 
3 2735 2732 2731 
3 2731 2732 2733 
3 2731 2733 2734 
3 3105 2736 2735 
3 2735 2736 1599 
3 2735 1599 2732 
3 3103 2739 3105 
3 3105 2739 1601 
3 3105 1601 2736 
3 2740 2737 3102 
3 3102 2737 1595 
3 3102 1595 3103 
3 3103 1595 2738 
3 3103 2738 2739 
3 2740 3102 1589 
3 1589 3102 2741 
3 1589 2741 2742 
3 2742 2741 3098 
3 2742 3098 2743 
3 1582 2744 2745 
3 2745 2744 1583 
3 2745 1583 3095 
3 3095 1583 1584 
3 3095 1584 3097 
3 3097 1584 1585 
3 3097 1585 3098 
3 3098 1585 1587 
3 3098 1587 2743 
3 2746 2748 1570 
3 1570 1571 2746 
3 2746 1571 1573 
3 2746 1573 2745 
3 2745 1573 1577 
3 2745 1577 1582 
3 1565 2747 2748 
3 2748 2747 1568 
3 2748 1568 1570 
3 2748 2749 1565 
3 1565 2749 3092 
3 1565 3092 1562 
3 1562 3092 1559 
3 1559 3092 2750 
3 1559 2750 2751 
3 2751 2750 2752 
3 2752 2750 3089 
3 2752 3089 1550 
3 1550 3089 3087 
3 1550 3087 1549 
3 2754 1545 3087 
3 3087 1545 1548 
3 3087 1548 1549 
3 3084 1542 3086 
3 3086 1542 2753 
3 3086 2753 2754 
3 2754 2753 2755 
3 2754 2755 1545 
3 1539 1544 3084 
3 3084 1544 1543 
3 3084 1543 1542 
3 1539 3084 1526 
3 1526 3084 2756 
3 1526 2756 2757 
3 2757 2756 2758 
3 2757 2758 1525 
3 2758 3773 2760 
3 3772 4066 2759 
3 1525 2758 2759 
3 2759 2758 2760 
3 2759 2760 3772 
3 3392 2797 2765 
3 2765 2797 2837 
3 2761 2762 2763 
3 2763 2762 3390 
3 2763 3390 2839 
3 2839 3390 2764 
3 2839 2764 2837 
3 2837 2764 3389 
3 2837 3389 2765 
3 2761 2763 3386 
3 3386 2763 2766 
3 3386 2766 2767 
3 2767 2766 2769 
3 2767 2769 2768 
3 2768 2769 2770 
3 2768 2770 2771 
3 2771 2770 2777 
3 2771 2777 2779 
3 2772 3377 2773 
3 2773 3377 3376 
3 2773 3376 2774 
3 2774 3376 3375 
3 2774 3375 2843 
3 2843 3375 2775 
3 2843 2775 2776 
3 2776 2775 2778 
3 2776 2778 2777 
3 2777 2778 3381 
3 2777 3381 2779 
3 2772 2773 2781 
3 2781 2773 2780 
3 2781 2780 2782 
3 2782 2780 2845 
3 2782 2845 2783 
3 2783 2845 2847 
3 2783 2847 3371 
3 2687 2784 2847 
3 2847 2784 3372 
3 2847 3372 3371 
3 3378 2687 2785 
3 2785 2687 2849 
3 2785 2849 2786 
3 2786 2849 2787 
3 2786 2787 2788 
3 2788 2787 2852 
3 2788 2852 3382 
3 2789 3387 2855 
3 2855 3387 2790 
3 2855 2790 2791 
3 2791 2790 2792 
3 2791 2792 2854 
3 2854 2792 2793 
3 2854 2793 2853 
3 2853 2793 3385 
3 2853 3385 2852 
3 2852 3385 3383 
3 2852 3383 3382 
3 2789 2855 2795 
3 2795 2855 2794 
3 2795 2794 2796 
3 2796 2794 2865 
3 2796 2865 3394 
3 3392 3391 2797 
3 2797 3391 2798 
3 2797 2798 2799 
3 2800 2928 3759 
3 2929 2801 2976 
3 2976 2801 3763 
3 3765 2802 3026 
3 3026 2802 3766 
3 3055 3770 2804 
3 2804 3770 2803 
3 2804 2803 2805 
3 2805 2806 2804 
3 2804 2806 3081 
3 2804 3081 3058 
3 3081 3082 3058 
3 3058 3082 3083 
3 3058 3083 3059 
3 3059 3083 3085 
3 3085 2807 3059 
3 3059 2807 2808 
3 3059 2808 3061 
3 3061 2808 3088 
3 3061 3088 2809 
3 2809 3088 3090 
3 3090 3091 2809 
3 2809 3091 2811 
3 2809 2811 2810 
3 2810 2811 3093 
3 2810 3093 2812 
3 3093 3094 2812 
3 2812 3094 2813 
3 2812 2813 3063 
3 2813 2814 3063 
3 3063 2814 3096 
3 3063 3096 2815 
3 3096 3099 2815 
3 2815 3099 3100 
3 2815 3100 3064 
3 3064 3100 2816 
3 3064 2816 3065 
3 3065 2816 3101 
3 3101 2817 3065 
3 3065 2817 3104 
3 3065 3104 2818 
3 3104 3106 2818 
3 2818 3106 3107 
3 2818 3107 3066 
3 3066 3107 2819 
3 3066 2819 2820 
3 2819 3109 2820 
3 2820 3109 2822 
3 2820 2822 2821 
3 2821 2822 3110 
3 2821 3110 2823 
3 3110 3111 2823 
3 2823 3111 2824 
3 2823 2824 2825 
3 2824 2826 2825 
3 2825 2826 3112 
3 2825 3112 2828 
3 3112 2827 2828 
3 2828 2827 3114 
3 2828 3114 2829 
3 3114 3116 2829 
3 2829 3116 2830 
3 2829 2830 3072 
3 3072 2830 3118 
3 3072 3118 3073 
3 3118 2831 3073 
3 3073 2831 3119 
3 3073 3119 2833 
3 3119 2832 2833 
3 2833 2832 3121 
3 2833 3121 3076 
3 3076 3121 2834 
3 2834 2835 3076 
3 3076 2835 3123 
3 3076 3123 2861 
3 2799 2836 2797 
3 2797 2836 2892 
3 2797 2892 2837 
3 2837 2892 2838 
3 2837 2838 2839 
3 2839 2838 2840 
3 2839 2840 2763 
3 2763 2840 2841 
3 2763 2841 2766 
3 2766 2841 2888 
3 2766 2888 2769 
3 2769 2888 2886 
3 2769 2886 2770 
3 2770 2886 2842 
3 2770 2842 2777 
3 2777 2842 2884 
3 2777 2884 2776 
3 2776 2884 2883 
3 2776 2883 2843 
3 2843 2883 2882 
3 2843 2882 2774 
3 2774 2882 2880 
3 2774 2880 2773 
3 2773 2880 2844 
3 2773 2844 2780 
3 2780 2844 2879 
3 2780 2879 2845 
3 2845 2879 2846 
3 2845 2846 2847 
3 2847 2846 2877 
3 2847 2877 2687 
3 2687 2877 2848 
3 2687 2848 2849 
3 2849 2848 2875 
3 2849 2875 2787 
3 2787 2875 2850 
3 2787 2850 2852 
3 2852 2850 2851 
3 2852 2851 2853 
3 2853 2851 2873 
3 2853 2873 2854 
3 2854 2873 2872 
3 2854 2872 2791 
3 2791 2872 2870 
3 2791 2870 2855 
3 2855 2870 2869 
3 2855 2869 2794 
3 2794 2869 2856 
3 2794 2856 2865 
3 2865 2856 2857 
3 3079 2859 2858 
3 2858 2859 2861 
3 2858 2861 2860 
3 2860 2861 3123 
3 2867 2865 2862 
3 2862 2865 2857 
3 2862 2857 2863 
3 3393 3394 2864 
3 2864 3394 2865 
3 2864 2865 2866 
3 2866 2865 2867 
3 2670 2668 2895 
3 2895 2668 2666 
3 2666 2863 2895 
3 2895 2863 2857 
3 2895 2857 2897 
3 2897 2857 2856 
3 2897 2856 2868 
3 2868 2856 2869 
3 2868 2869 2871 
3 2871 2869 2870 
3 2871 2870 2899 
3 2899 2870 2872 
3 2899 2872 2901 
3 2901 2872 2873 
3 2901 2873 2874 
3 2874 2873 2851 
3 2874 2851 2903 
3 2903 2851 2850 
3 2903 2850 2904 
3 2904 2850 2875 
3 2904 2875 2876 
3 2876 2875 2848 
3 2876 2848 2908 
3 2908 2848 2877 
3 2908 2877 2878 
3 2878 2877 2846 
3 2878 2846 2912 
3 2912 2846 2879 
3 2912 2879 2913 
3 2913 2879 2844 
3 2913 2844 2916 
3 2916 2844 2880 
3 2916 2880 2881 
3 2881 2880 2882 
3 2881 2882 2917 
3 2917 2882 2883 
3 2917 2883 2919 
3 2919 2883 2884 
3 2919 2884 2885 
3 2885 2884 2842 
3 2885 2842 2887 
3 2887 2842 2886 
3 2887 2886 2922 
3 2922 2886 2888 
3 2922 2888 2889 
3 2889 2888 2841 
3 2889 2841 2924 
3 2924 2841 2840 
3 2924 2840 2890 
3 2890 2840 2838 
3 2890 2838 2891 
3 2891 2838 2892 
3 2891 2892 2927 
3 2927 2892 2686 
3 2893 2671 2894 
3 2894 2670 2893 
3 2893 2670 2895 
3 2893 2895 2896 
3 2896 2895 2897 
3 2896 2897 2898 
3 2898 2897 2868 
3 2898 2868 2943 
3 2943 2868 2871 
3 2943 2871 2900 
3 2900 2871 2899 
3 2900 2899 2940 
3 2940 2899 2901 
3 2940 2901 2902 
3 2902 2901 2874 
3 2902 2874 2938 
3 2938 2874 2903 
3 2938 2903 2905 
3 2905 2903 2904 
3 2905 2904 2906 
3 2906 2904 2876 
3 2906 2876 2907 
3 2907 2876 2908 
3 2907 2908 2909 
3 2909 2908 2878 
3 2909 2878 2910 
3 2910 2878 2912 
3 2910 2912 2911 
3 2911 2912 2913 
3 2911 2913 2914 
3 2914 2913 2916 
3 2914 2916 2915 
3 2915 2916 2881 
3 2915 2881 2918 
3 2918 2881 2917 
3 2918 2917 2932 
3 2932 2917 2919 
3 2932 2919 2920 
3 2920 2919 2885 
3 2920 2885 2921 
3 2921 2885 2887 
3 2921 2887 2931 
3 2931 2887 2922 
3 2931 2922 2923 
3 2923 2922 2889 
3 2923 2889 2925 
3 2925 2889 2924 
3 2925 2924 2926 
3 2926 2924 2890 
3 2926 2890 2928 
3 2928 2890 2891 
3 2928 2891 3759 
3 3759 2891 2927 
3 3760 2929 2928 
3 2928 2929 2976 
3 2928 2976 2926 
3 2926 2976 2975 
3 2926 2975 2925 
3 2925 2975 2973 
3 2925 2973 2923 
3 2923 2973 2930 
3 2923 2930 2931 
3 2931 2930 2970 
3 2931 2970 2921 
3 2921 2970 2968 
3 2921 2968 2920 
3 2920 2968 2967 
3 2920 2967 2932 
3 2932 2967 2933 
3 2932 2933 2918 
3 2918 2933 2934 
3 2918 2934 2915 
3 2915 2934 2935 
3 2915 2935 2914 
3 2914 2935 2964 
3 2914 2964 2911 
3 2911 2964 2936 
3 2911 2936 2910 
3 2910 2936 2937 
3 2910 2937 2909 
3 2909 2937 2962 
3 2909 2962 2907 
3 2907 2962 2960 
3 2907 2960 2906 
3 2906 2960 2959 
3 2906 2959 2905 
3 2905 2959 2956 
3 2905 2956 2938 
3 2938 2956 2954 
3 2938 2954 2902 
3 2902 2954 2939 
3 2902 2939 2940 
3 2940 2939 2941 
3 2940 2941 2900 
3 2900 2941 2942 
3 2900 2942 2943 
3 2943 2942 2950 
3 2943 2950 2898 
3 2898 2950 2948 
3 2898 2948 2896 
3 2896 2948 2944 
3 2896 2944 2893 
3 2893 2944 2945 
3 2893 2945 2671 
3 2671 2945 2685 
3 2684 2674 2946 
3 2946 2674 2945 
3 2946 2945 2947 
3 2947 2945 2944 
3 2947 2944 2984 
3 2984 2944 2948 
3 2984 2948 2949 
3 2949 2948 2950 
3 2949 2950 2986 
3 2986 2950 2942 
3 2986 2942 2951 
3 2951 2942 2941 
3 2951 2941 2952 
3 2952 2941 2939 
3 2952 2939 2953 
3 2953 2939 2954 
3 2953 2954 2955 
3 2955 2954 2956 
3 2955 2956 2957 
3 2957 2956 2959 
3 2957 2959 2958 
3 2958 2959 2960 
3 2958 2960 2961 
3 2961 2960 2962 
3 2961 2962 2990 
3 2990 2962 2937 
3 2990 2937 2963 
3 2963 2937 2936 
3 2963 2936 2991 
3 2991 2936 2964 
3 2991 2964 2992 
3 2992 2964 2935 
3 2992 2935 2965 
3 2965 2935 2934 
3 2965 2934 2993 
3 2993 2934 2933 
3 2993 2933 2966 
3 2966 2933 2967 
3 2966 2967 2969 
3 2969 2967 2968 
3 2969 2968 2971 
3 2971 2968 2970 
3 2971 2970 2997 
3 2997 2970 2930 
3 2997 2930 2972 
3 2972 2930 2973 
3 2972 2973 2974 
3 2974 2973 2975 
3 2974 2975 2998 
3 2998 2975 2976 
3 2998 2976 2977 
3 2977 2976 3763 
3 2676 2979 2978 
3 2978 2979 2980 
3 2980 2981 2978 
3 2978 2981 2946 
3 2978 2946 2982 
3 2982 2946 2947 
3 2982 2947 3001 
3 3001 2947 2984 
3 3001 2984 2983 
3 2983 2984 2949 
3 2983 2949 2985 
3 2985 2949 2986 
3 2985 2986 3003 
3 3003 2986 2951 
3 3003 2951 2987 
3 2987 2951 2952 
3 2987 2952 3004 
3 3004 2952 2953 
3 3004 2953 3006 
3 3006 2953 2955 
3 3006 2955 2988 
3 2988 2955 2957 
3 2988 2957 2989 
3 2989 2957 2958 
3 2989 2958 3007 
3 3007 2958 2961 
3 3007 2961 3008 
3 3008 2961 2990 
3 3008 2990 3009 
3 3009 2990 2963 
3 3009 2963 3011 
3 3011 2963 2991 
3 3011 2991 3012 
3 3012 2991 2992 
3 3012 2992 3014 
3 3014 2992 2965 
3 3014 2965 3015 
3 3015 2965 2993 
3 3015 2993 2994 
3 2994 2993 2966 
3 2994 2966 3019 
3 3019 2966 2969 
3 3019 2969 2995 
3 2995 2969 2971 
3 2995 2971 2996 
3 2996 2971 2997 
3 2996 2997 3024 
3 3024 2997 2972 
3 3024 2972 3025 
3 3025 2972 2974 
3 3025 2974 3027 
3 3027 2974 2998 
3 3027 2998 2999 
3 2999 2998 3762 
3 2672 2676 3030 
3 3030 2676 2978 
3 3030 2978 3000 
3 3000 2978 2982 
3 3000 2982 3032 
3 3032 2982 3001 
3 3032 3001 3002 
3 3002 3001 2983 
3 3002 2983 3034 
3 3034 2983 2985 
3 3034 2985 3035 
3 3035 2985 3003 
3 3035 3003 3036 
3 3036 3003 2987 
3 3036 2987 3037 
3 3037 2987 3004 
3 3037 3004 3005 
3 3005 3004 3006 
3 3005 3006 3039 
3 3039 3006 2988 
3 3039 2988 3041 
3 3041 2988 2989 
3 3041 2989 3042 
3 3042 2989 3007 
3 3042 3007 3044 
3 3044 3007 3008 
3 3044 3008 3047 
3 3047 3008 3009 
3 3047 3009 3010 
3 3010 3009 3011 
3 3010 3011 3049 
3 3049 3011 3012 
3 3049 3012 3013 
3 3013 3012 3014 
3 3013 3014 3016 
3 3016 3014 3015 
3 3016 3015 3017 
3 3017 3015 2994 
3 3017 2994 3018 
3 3018 2994 3019 
3 3018 3019 3020 
3 3020 3019 2995 
3 3020 2995 3021 
3 3021 2995 2996 
3 3021 2996 3022 
3 3022 2996 3024 
3 3022 3024 3023 
3 3023 3024 3025 
3 3023 3025 3026 
3 3026 3025 3027 
3 3026 3027 3765 
3 3765 3027 3028 
3 2678 2679 3029 
3 3029 2679 3030 
3 3029 3030 3031 
3 3031 3030 3000 
3 3031 3000 3075 
3 3075 3000 3032 
3 3075 3032 3074 
3 3074 3032 3002 
3 3074 3002 3033 
3 3033 3002 3034 
3 3033 3034 3071 
3 3071 3034 3035 
3 3071 3035 3070 
3 3070 3035 3036 
3 3070 3036 3069 
3 3069 3036 3037 
3 3069 3037 3038 
3 3038 3037 3005 
3 3038 3005 3068 
3 3068 3005 3039 
3 3068 3039 3040 
3 3040 3039 3041 
3 3040 3041 3067 
3 3067 3041 3042 
3 3067 3042 3043 
3 3043 3042 3044 
3 3043 3044 3045 
3 3045 3044 3047 
3 3045 3047 3046 
3 3046 3047 3010 
3 3046 3010 3048 
3 3048 3010 3049 
3 3048 3049 3050 
3 3050 3049 3013 
3 3050 3013 3051 
3 3051 3013 3016 
3 3051 3016 3062 
3 3062 3016 3017 
3 3062 3017 3052 
3 3052 3017 3018 
3 3052 3018 3053 
3 3053 3018 3020 
3 3053 3020 3060 
3 3060 3020 3021 
3 3060 3021 3057 
3 3057 3021 3022 
3 3057 3022 3056 
3 3056 3022 3023 
3 3056 3023 3054 
3 3054 3023 3026 
3 3054 3026 3768 
3 3768 3026 3766 
3 3768 3055 3054 
3 3054 3055 2804 
3 3054 2804 3056 
3 3056 2804 3058 
3 3056 3058 3057 
3 3057 3058 3059 
3 3057 3059 3060 
3 3060 3059 3061 
3 3060 3061 3053 
3 3053 3061 2809 
3 3053 2809 3052 
3 3052 2809 2810 
3 3052 2810 3062 
3 3062 2810 2812 
3 3062 2812 3051 
3 3051 2812 3063 
3 3051 3063 3050 
3 3050 3063 2815 
3 3050 2815 3048 
3 3048 2815 3064 
3 3048 3064 3046 
3 3046 3064 3065 
3 3046 3065 3045 
3 3045 3065 2818 
3 3045 2818 3043 
3 3043 2818 3066 
3 3043 3066 3067 
3 3067 3066 2820 
3 3067 2820 3040 
3 3040 2820 2821 
3 3040 2821 3068 
3 3068 2821 2823 
3 3068 2823 3038 
3 3038 2823 2825 
3 3038 2825 3069 
3 3069 2825 2828 
3 3069 2828 3070 
3 3070 2828 2829 
3 3070 2829 3071 
3 3071 2829 3072 
3 3071 3072 3033 
3 3033 3072 3073 
3 3033 3073 3074 
3 3074 3073 2833 
3 3074 2833 3075 
3 3075 2833 3076 
3 3075 3076 3031 
3 3031 3076 2861 
3 3031 2861 3029 
3 3029 2861 2859 
3 3029 2859 2677 
3 2683 3078 3077 
3 3077 3078 2682 
3 3077 2682 3079 
3 3079 2682 2681 
3 3079 2681 2859 
3 2859 2681 3080 
3 2859 3080 2677 
3 3771 3773 3081 
3 3081 3773 2758 
3 3081 2758 3082 
3 3082 2758 2756 
3 3082 2756 3083 
3 3083 2756 3084 
3 3083 3084 3085 
3 3085 3084 3086 
3 3085 3086 2807 
3 2807 3086 2754 
3 2807 2754 2808 
3 2808 2754 3087 
3 2808 3087 3088 
3 3088 3087 3089 
3 3088 3089 3090 
3 3090 3089 2750 
3 3090 2750 3091 
3 3091 2750 3092 
3 3091 3092 2811 
3 2811 3092 2749 
3 2811 2749 3093 
3 3093 2749 2748 
3 3093 2748 3094 
3 3094 2748 2746 
3 3094 2746 2813 
3 2813 2746 2745 
3 2813 2745 2814 
3 2814 2745 3095 
3 2814 3095 3096 
3 3096 3095 3097 
3 3096 3097 3099 
3 3099 3097 3098 
3 3099 3098 3100 
3 3100 3098 2741 
3 3100 2741 2816 
3 2816 2741 3102 
3 2816 3102 3101 
3 3101 3102 3103 
3 3101 3103 2817 
3 2817 3103 3105 
3 2817 3105 3104 
3 3104 3105 2735 
3 3104 2735 3106 
3 3106 2735 2731 
3 3106 2731 3107 
3 3107 2731 2729 
3 3107 2729 2819 
3 2819 2729 3108 
3 2819 3108 3109 
3 3109 3108 2727 
3 3109 2727 2822 
3 2822 2727 2722 
3 2822 2722 3110 
3 3110 2722 2721 
3 3110 2721 3111 
3 3111 2721 2719 
3 3111 2719 2824 
3 2824 2719 2689 
3 2824 2689 2826 
3 2826 2689 2718 
3 2826 2718 3112 
3 3112 2718 2717 
3 3112 2717 2827 
3 2827 2717 3113 
3 2827 3113 3114 
3 3114 3113 2715 
3 3114 2715 3116 
3 3116 2715 3115 
3 3116 3115 2830 
3 2830 3115 3117 
3 2830 3117 3118 
3 3118 3117 2690 
3 3118 2690 2831 
3 2831 2690 2704 
3 2831 2704 3119 
3 3119 2704 3120 
3 3119 3120 2832 
3 2832 3120 2706 
3 2832 2706 3121 
3 3121 2706 2703 
3 3121 2703 2834 
3 2834 2703 2699 
3 2834 2699 2835 
3 2835 2699 3122 
3 2835 3122 3123 
3 3123 3122 2696 
3 3123 2696 2860 
3 2860 2696 2694 
3 2860 2694 2858 
3 2858 2694 3124 
3 2858 3124 3079 
3 3079 3124 2691 
3 3079 2691 3077 
3 3077 2691 2692 
3 3077 2692 2683 
3 2683 2692 3125 
3 1691 3429 3126 
3 3126 3429 3430 
3 3126 3430 1689 
3 1689 3430 3127 
3 1689 3127 1682 
3 1682 3127 3128 
3 1682 3128 3129 
3 3129 3128 3433 
3 3129 3433 1695 
3 1695 3433 3434 
3 1695 3434 1720 
3 1720 3434 3436 
3 1720 3436 1697 
3 1697 3436 3130 
3 1697 3130 3131 
3 3131 3130 3395 
3 3131 3395 1717 
3 1717 3395 3398 
3 1717 3398 1716 
3 1716 3398 3399 
3 1716 3399 1715 
3 1715 3399 3132 
3 1715 3132 3133 
3 3133 3132 3401 
3 3133 3401 3135 
3 3135 3401 3134 
3 3135 3134 3136 
3 3136 3134 3137 
3 3136 3137 3138 
3 3138 3137 3403 
3 3138 3403 3139 
3 3139 3403 3404 
3 3139 3404 3140 
3 3140 3404 3141 
3 3140 3141 1708 
3 1708 3141 3406 
3 1708 3406 3142 
3 3142 3406 3143 
3 3142 3143 1707 
3 1707 3143 3144 
3 1707 3144 1704 
3 1704 3144 3145 
3 1704 3145 3146 
3 3146 3145 3147 
3 3146 3147 3148 
3 3148 3147 3410 
3 3148 3410 3149 
3 3149 3410 3150 
3 3149 3150 3151 
3 3151 3150 3152 
3 3151 3152 1701 
3 1701 3152 3414 
3 1701 3414 1700 
3 1700 3414 3153 
3 1700 3153 3154 
3 3154 3153 3155 
3 3154 3155 1692 
3 1692 3155 3156 
3 1692 3156 1693 
3 1693 3156 3418 
3 1693 3418 3157 
3 3157 3418 3421 
3 3157 3421 3158 
3 3158 3421 3159 
3 3158 3159 1694 
3 1694 3159 3422 
3 1694 3422 1684 
3 1684 3422 3425 
3 1684 3425 1687 
3 1687 3425 3426 
3 1687 3426 1691 
3 1691 3426 3429 
3 1729 3160 3163 
3 3163 3160 3161 
3 3161 3162 3163 
3 3163 3162 1763 
3 3163 1763 1761 
3 3688 3164 1733 
3 1733 3164 3163 
3 1733 3163 1760 
3 1760 3163 1761 
3 3496 3165 3704 
3 3704 3165 3706 
3 3706 3165 3707 
3 3707 3165 3166 
3 3707 3166 3701 
3 3164 3698 3163 
3 3163 3698 3167 
3 3163 3167 3166 
3 3166 3167 3168 
3 3166 3168 3701 
3 3169 3216 3170 
3 3169 3170 1698 
3 1698 3170 3171 
3 1698 3171 1699 
3 1699 3171 3172 
3 1699 3172 3173 
3 3173 3172 3441 
3 3173 3441 1702 
3 1702 3441 3442 
3 1702 3442 3174 
3 3174 3442 3175 
3 3174 3175 1703 
3 1703 3175 3177 
3 1703 3177 3176 
3 3176 3177 3467 
3 3176 3467 1705 
3 1705 3467 3178 
3 1705 3178 1706 
3 1706 3178 3466 
3 1706 3466 1709 
3 1709 3466 3179 
3 1709 3179 3180 
3 3180 3179 3181 
3 3180 3181 1710 
3 1710 3181 3473 
3 1710 3473 3182 
3 3182 3473 3472 
3 3182 3472 1711 
3 1711 3472 3183 
3 1711 3183 1712 
3 1712 3183 3184 
3 1712 3184 1713 
3 1713 3184 3465 
3 1713 3465 1714 
3 1714 3465 3463 
3 1714 3463 3185 
3 3185 3463 3186 
3 3185 3186 3187 
3 3187 3186 3188 
3 3187 3188 3214 
3 3214 3188 3213 
3 3489 3189 3190 
3 3489 3190 3491 
3 3491 3190 2268 
3 3491 2268 3203 
3 3198 3202 3489 
3 3489 3202 3191 
3 3191 2256 3489 
3 3489 2256 3192 
3 3489 3192 3193 
3 3193 3194 3489 
3 3489 3194 2266 
3 3489 2266 3189 
3 3487 3195 3198 
3 3198 3195 2236 
3 3198 2236 3196 
3 3196 3197 3198 
3 3198 3197 2244 
3 3198 2244 2245 
3 2245 3199 3198 
3 3198 3199 3200 
3 3198 3200 2250 
3 2250 3201 3198 
3 3198 3201 2251 
3 3198 2251 3202 
3 3203 1696 3491 
3 3491 1696 1721 
3 3491 1721 3204 
3 3204 1721 3205 
3 3204 3205 3206 
3 3206 3205 3207 
3 3206 3207 3208 
3 3208 3207 1719 
3 3208 1719 3209 
3 3209 1719 3210 
3 3209 3210 3211 
3 3211 3210 3212 
3 3211 3212 3213 
3 3213 3212 1718 
3 3213 1718 3214 
3 3500 3215 3216 
3 3169 1685 3216 
3 3216 1685 3217 
3 3216 3217 3500 
3 3215 3500 3462 
3 3462 3500 3218 
3 3462 3218 3457 
3 3457 3218 3502 
3 3457 3502 3219 
3 3219 3502 3503 
3 3219 3503 3220 
3 3220 3503 3221 
3 3221 3222 3220 
3 3220 3222 3440 
3 3440 3222 3506 
3 3440 3506 3223 
3 3223 3506 3224 
3 3223 3224 3454 
3 3454 3224 3225 
3 3454 3225 3460 
3 3460 3225 3226 
3 3460 3226 3227 
3 3227 3226 3507 
3 3227 3507 3228 
3 3228 3507 3514 
3 3228 3514 3229 
3 3514 3230 3229 
3 3229 3230 3231 
3 3230 3512 3231 
3 3231 3512 3232 
3 3231 3232 3452 
3 3452 3232 3233 
3 3452 3233 3234 
3 3234 3233 3510 
3 3234 3510 3235 
3 3244 3236 3498 
3 3498 3236 3640 
3 3498 3640 3639 
3 3639 3638 3498 
3 3498 3638 3237 
3 3498 3237 3238 
3 3238 3239 3498 
3 3498 3239 1744 
3 3498 1744 1743 
3 1743 3240 3498 
3 3498 3240 3241 
3 3498 3241 1729 
3 3242 3557 3561 
3 3561 3562 3242 
3 3242 3562 3243 
3 3242 3243 3498 
3 3498 3243 3564 
3 3498 3564 3244 
3 3302 3297 3299 
3 3245 3685 3687 
3 3685 3245 3246 
3 3246 3245 3307 
3 3246 3307 3684 
3 3684 3307 3247 
3 3247 3307 3308 
3 3247 3308 3248 
3 3248 3308 3682 
3 3682 3308 3249 
3 3682 3249 3250 
3 3250 3249 3310 
3 3250 3310 3251 
3 3251 3310 3253 
3 3251 3253 3252 
3 3252 3253 3681 
3 3681 3253 3254 
3 3681 3254 3679 
3 3679 3254 3677 
3 3677 3254 3258 
3 3677 3258 3259 
3 3255 3256 3611 
3 3611 3256 3257 
3 3611 3257 3262 
3 3604 3603 3258 
3 3258 3603 3260 
3 3258 3260 3259 
3 3259 3260 3605 
3 3259 3605 3261 
3 3261 3605 3608 
3 3261 3608 3257 
3 3257 3608 3607 
3 3257 3607 3262 
3 3604 3258 3263 
3 3263 3258 3254 
3 3263 3254 3266 
3 3311 3602 3253 
3 3253 3602 3264 
3 3253 3264 3254 
3 3254 3264 3265 
3 3254 3265 3266 
3 3271 3267 3270 
3 3270 3267 3601 
3 3270 3601 3268 
3 3268 3601 3599 
3 3268 3599 3269 
3 3304 3305 3270 
3 3270 3305 3598 
3 3270 3598 3271 
3 3306 3273 3272 
3 3272 3273 3274 
3 3274 3273 3275 
3 3275 3273 3300 
3 3275 3300 3595 
3 3276 3289 3594 
3 3594 3593 3276 
3 3276 3593 3597 
3 3276 3597 3301 
3 1739 3286 1736 
3 1736 3286 3277 
3 1736 3277 1737 
3 1737 3277 3278 
3 1737 3278 3289 
3 3289 3278 3279 
3 3289 3279 3594 
3 1741 3280 3281 
3 3281 3280 1742 
3 3281 1742 3237 
3 3281 3282 1741 
3 1741 3282 3283 
3 1741 3283 1740 
3 1740 3283 3284 
3 1740 3284 1739 
3 1739 3284 3285 
3 1739 3285 3286 
3 3276 3290 1735 
3 1735 3287 3276 
3 3276 3287 3288 
3 3276 3288 3289 
3 3289 3288 1738 
3 3289 1738 1737 
3 3298 3291 3290 
3 3290 3291 3292 
3 3290 3292 1735 
3 3293 3294 3303 
3 3303 3294 1734 
3 3688 3295 3687 
3 3687 3295 1732 
3 3687 1732 3245 
3 3245 1732 3296 
3 3245 3296 1731 
3 3297 3298 3299 
3 3299 3298 3290 
3 3299 3290 3300 
3 3300 3290 3276 
3 3300 3276 3595 
3 3595 3276 3301 
3 1734 3302 3303 
3 3303 3302 3299 
3 3303 3299 3309 
3 3309 3299 3300 
3 3309 3300 3304 
3 3304 3300 3273 
3 3304 3273 3305 
3 3305 3273 3306 
3 1731 1756 3245 
3 3245 1756 3293 
3 3245 3293 3307 
3 3307 3293 3303 
3 3307 3303 3308 
3 3308 3303 3309 
3 3308 3309 3249 
3 3249 3309 3304 
3 3249 3304 3310 
3 3310 3304 3270 
3 3310 3270 3253 
3 3253 3270 3268 
3 3253 3268 3311 
3 3311 3268 3269 
3 3484 3315 3482 
3 3312 3313 3469 
3 3469 3313 3718 
3 3469 3718 3314 
3 3482 3315 3469 
3 3469 3315 3716 
3 3469 3716 3312 
3 3318 3721 3316 
3 3316 3720 3318 
3 3318 3720 3719 
3 3318 3719 3743 
3 3739 3317 3318 
3 3318 3317 3723 
3 3723 3722 3318 
3 3318 3722 3741 
3 3318 3741 3721 
3 3743 3356 3318 
3 3318 3356 3487 
3 3318 3487 3490 
3 3739 3318 3319 
3 3319 3318 3490 
3 3319 3490 3735 
3 3735 3490 3320 
3 3735 3320 3325 
3 3321 3727 3322 
3 3322 3727 3323 
3 3322 3323 3320 
3 3320 3323 3324 
3 3320 3324 3325 
3 3321 3322 3326 
3 3326 3322 3480 
3 3326 3480 3730 
3 3730 3480 3732 
3 3732 3480 3464 
3 3732 3464 3733 
3 3469 3314 3464 
3 3464 3314 3327 
3 3464 3327 3733 
3 1789 1790 3356 
3 1790 1778 3356 
3 3356 1778 3328 
3 3356 3328 3355 
3 3339 1893 1824 
3 1824 1893 1892 
3 1824 1892 3333 
3 1789 3356 1785 
3 1785 3356 3329 
3 1785 3329 3330 
3 1801 3331 3332 
3 3333 3334 1824 
3 1824 3334 1894 
3 1824 1894 1819 
3 1819 1894 3335 
3 1819 3335 3336 
3 3337 3341 3339 
3 3339 3341 1890 
3 1890 3338 3339 
3 3339 3338 3340 
3 3339 3340 1893 
3 2543 1851 1841 
3 1841 1851 3341 
3 1841 3341 3342 
3 3342 3341 3337 
3 3343 1798 3332 
3 3332 1798 3344 
3 3332 3344 1801 
3 3331 1804 3332 
3 3332 1804 1805 
3 3332 1805 3345 
3 3345 1805 3358 
3 1766 3346 3343 
3 3343 3346 1797 
3 3343 1797 1798 
3 2125 3347 3355 
3 3355 3347 2147 
3 3355 2147 3348 
3 3348 3349 3355 
3 3355 3349 2159 
3 3355 2159 3350 
3 3351 3356 3352 
3 3352 3356 3353 
3 3350 2175 3355 
3 3355 2175 3354 
3 3355 3354 3356 
3 3356 3354 2079 
3 3356 2079 3353 
3 3351 2081 3356 
3 3356 2081 2220 
3 3356 2220 3360 
3 1810 3363 1809 
3 1809 3363 3357 
3 1809 3357 3358 
3 3358 3357 1902 
3 3358 1902 3345 
3 2125 3355 3343 
3 3343 3355 3359 
3 3343 3359 1766 
3 3360 2083 3356 
3 3356 2083 2237 
3 3356 2237 3487 
3 3487 2237 3195 
3 1812 3361 1810 
3 1810 3361 3362 
3 1810 3362 3363 
3 3364 3365 1812 
3 1812 3365 3366 
3 1812 3366 3361 
3 3336 3367 1819 
3 1819 3367 3368 
3 1819 3368 3364 
3 3364 3368 1897 
3 3364 1897 3365 
3 3330 3329 2335 
3 2335 3329 3746 
3 2781 3369 2475 
3 2472 3377 2475 
3 2475 3377 2772 
3 2475 2772 2781 
3 2781 2782 3369 
3 3369 2782 2783 
3 3369 2783 3370 
3 3378 3379 3373 
3 2783 3371 3370 
3 3370 3371 3372 
3 3370 3372 3373 
3 3373 3372 2784 
3 3373 2784 3378 
3 2467 2775 3374 
3 3374 2775 3375 
3 3374 3375 2472 
3 2472 3375 3376 
3 2472 3376 3377 
3 3378 2785 3379 
3 3379 2785 2786 
3 3379 2786 3380 
3 2462 3381 2467 
3 2467 3381 2778 
3 2467 2778 2775 
3 2786 2788 3380 
3 3380 2788 3382 
3 3380 3382 3384 
3 3382 3383 3384 
3 3384 3383 3385 
3 3384 3385 2490 
3 2441 2768 2456 
3 2456 2768 2771 
3 2456 2771 2462 
3 2462 2771 2779 
3 2462 2779 3381 
3 3385 2793 2490 
3 2490 2793 2792 
3 2490 2792 2501 
3 2454 3386 2441 
3 2441 3386 2767 
3 2441 2767 2768 
3 2792 2790 2501 
3 2501 2790 3387 
3 2501 3387 3388 
3 2448 2762 2454 
3 2454 2762 2761 
3 2454 2761 3386 
3 2796 2534 2795 
3 2795 2534 3388 
3 2795 3388 2789 
3 2789 3388 3387 
3 2765 3389 2408 
3 2408 3389 2764 
3 2408 2764 2448 
3 2448 2764 3390 
3 2448 3390 2762 
3 2335 3746 3391 
3 2335 3391 2408 
3 2408 3391 3392 
3 2408 3392 2765 
3 2665 2558 3393 
3 3393 2558 2534 
3 3393 2534 3394 
3 3394 2534 2796 
3 3130 3437 3395 
3 3395 3437 3396 
3 3395 3396 3398 
3 3398 3396 3397 
3 3398 3397 3399 
3 3399 3397 3400 
3 3399 3400 3132 
3 3132 3400 3783 
3 3132 3783 3401 
3 3401 3783 3781 
3 3401 3781 3134 
3 3134 3781 3780 
3 3134 3780 3137 
3 3137 3780 3778 
3 3137 3778 3403 
3 3403 3778 3402 
3 3403 3402 3404 
3 3404 3402 3776 
3 3404 3776 3141 
3 3141 3776 3405 
3 3141 3405 3406 
3 3406 3405 3407 
3 3406 3407 3143 
3 3143 3407 3811 
3 3143 3811 3144 
3 3144 3811 3810 
3 3144 3810 3145 
3 3145 3810 3408 
3 3145 3408 3147 
3 3147 3408 3409 
3 3147 3409 3410 
3 3410 3409 3411 
3 3410 3411 3150 
3 3150 3411 3412 
3 3150 3412 3152 
3 3152 3412 3413 
3 3152 3413 3414 
3 3414 3413 3415 
3 3414 3415 3153 
3 3153 3415 3803 
3 3153 3803 3155 
3 3155 3803 3416 
3 3155 3416 3156 
3 3156 3416 3417 
3 3156 3417 3418 
3 3418 3417 3419 
3 3418 3419 3421 
3 3421 3419 3420 
3 3421 3420 3159 
3 3159 3420 3423 
3 3159 3423 3422 
3 3422 3423 3424 
3 3422 3424 3425 
3 3425 3424 3427 
3 3425 3427 3426 
3 3426 3427 3428 
3 3426 3428 3429 
3 3429 3428 3797 
3 3429 3797 3430 
3 3430 3797 3793 
3 3430 3793 3127 
3 3127 3793 3431 
3 3127 3431 3128 
3 3128 3431 3432 
3 3128 3432 3433 
3 3433 3432 3792 
3 3433 3792 3434 
3 3434 3792 3435 
3 3434 3435 3436 
3 3436 3435 3790 
3 3436 3790 3130 
3 3130 3790 3437 
3 3815 3438 3523 
3 3453 3231 3835 
3 3835 3231 3452 
3 3835 3452 3836 
3 3827 3439 3440 
3 3440 3439 3826 
3 3440 3826 3220 
3 3441 3461 3442 
3 3442 3461 3468 
3 3442 3468 3175 
3 3815 3523 3488 
3 3438 3443 3523 
3 3523 3443 3814 
3 3523 3814 3444 
3 3444 3814 3813 
3 3444 3813 3445 
3 3445 3813 3446 
3 3445 3446 3520 
3 3520 3446 3447 
3 3520 3447 3448 
3 3448 3447 3449 
3 3448 3449 3450 
3 3450 3449 3840 
3 3450 3840 3234 
3 3234 3840 3451 
3 3234 3451 3452 
3 3452 3451 3838 
3 3452 3838 3836 
3 3453 3833 3231 
3 3231 3833 3832 
3 3231 3832 3229 
3 3460 3829 3454 
3 3454 3829 3827 
3 3454 3827 3223 
3 3223 3827 3440 
3 3826 3825 3220 
3 3220 3825 3455 
3 3220 3455 3219 
3 3219 3455 3456 
3 3219 3456 3457 
3 3441 3172 3461 
3 3461 3172 3171 
3 3461 3171 3170 
3 3832 3458 3229 
3 3229 3458 3459 
3 3229 3459 3228 
3 3228 3459 3829 
3 3228 3829 3227 
3 3227 3829 3460 
3 3457 3456 3462 
3 3462 3456 3461 
3 3462 3461 3215 
3 3215 3461 3170 
3 3215 3170 3216 
3 3186 3463 3464 
3 3464 3463 3465 
3 3464 3465 3184 
3 3470 3819 3469 
3 3179 3466 3471 
3 3471 3466 3178 
3 3471 3178 3821 
3 3821 3178 3467 
3 3821 3467 3468 
3 3468 3467 3177 
3 3468 3177 3175 
3 3469 3464 3470 
3 3470 3464 3184 
3 3470 3184 3471 
3 3471 3184 3183 
3 3471 3183 3472 
3 3472 3473 3471 
3 3471 3473 3181 
3 3471 3181 3179 
3 3474 3476 3475 
3 3475 3476 3818 
3 3474 3545 3476 
3 3476 3545 3469 
3 3476 3469 3477 
3 3477 3469 3819 
3 3545 3478 3469 
3 3469 3478 3544 
3 3469 3544 3541 
3 3479 3549 3818 
3 3818 3549 3548 
3 3818 3548 3475 
3 3186 3464 3188 
3 3188 3464 3480 
3 3188 3480 3213 
3 3213 3480 3211 
3 3211 3480 3322 
3 3211 3322 3209 
3 3535 3484 3481 
3 3481 3484 3482 
3 3209 3322 3208 
3 3208 3322 3320 
3 3208 3320 3206 
3 3541 3540 3469 
3 3469 3540 3483 
3 3469 3483 3482 
3 3482 3483 3538 
3 3482 3538 3481 
3 3535 3485 3484 
3 3484 3485 3486 
3 3484 3486 3496 
3 3490 3487 3198 
3 3488 3523 3493 
3 3493 3523 3527 
3 3493 3527 3492 
3 3198 3489 3490 
3 3490 3489 3491 
3 3490 3491 3320 
3 3320 3491 3204 
3 3320 3204 3206 
3 3492 3529 3493 
3 3493 3529 3494 
3 3493 3494 3818 
3 3818 3494 3495 
3 3818 3495 3479 
3 3486 3532 3496 
3 3496 3532 3556 
3 3496 3556 3165 
3 3165 3556 3554 
3 3165 3554 3166 
3 3166 3554 3497 
3 3166 3497 3163 
3 3163 3497 3552 
3 3163 3552 1729 
3 1729 3552 3499 
3 1729 3499 3498 
3 3498 3499 3242 
3 3888 3852 3501 
3 3501 3852 3500 
3 3501 3500 3217 
3 3500 3852 3218 
3 3218 3852 3878 
3 3218 3878 3502 
3 3502 3878 3876 
3 3502 3876 3503 
3 3503 3876 3874 
3 3503 3874 3221 
3 3221 3874 3846 
3 3846 3504 3221 
3 3221 3504 3222 
3 3505 3224 3506 
3 3505 3506 3859 
3 3859 3506 3222 
3 3859 3222 3504 
3 3860 3514 3507 
3 3860 3507 3856 
3 3856 3507 3226 
3 3856 3226 3855 
3 3855 3226 3225 
3 3855 3225 3508 
3 3508 3225 3224 
3 3508 3224 3505 
3 3518 3235 3510 
3 3509 3515 3517 
3 3517 3518 3509 
3 3509 3518 3510 
3 3509 3510 3511 
3 3510 3233 3511 
3 3511 3233 3232 
3 3511 3232 3513 
3 3513 3232 3512 
3 3512 3230 3513 
3 3513 3230 3514 
3 3513 3514 3860 
3 3517 3515 3516 
3 3448 3450 3517 
3 3234 3235 3450 
3 3450 3235 3518 
3 3450 3518 3517 
3 3517 3516 3448 
3 3448 3516 3519 
3 3448 3519 3520 
3 3520 3519 3521 
3 3520 3521 3445 
3 3445 3521 3522 
3 3445 3522 3444 
3 3444 3522 3524 
3 3444 3524 3523 
3 3523 3524 3525 
3 3523 3525 3527 
3 3527 3525 3526 
3 3527 3526 3492 
3 3492 3526 3528 
3 3492 3528 3529 
3 3529 3528 3530 
3 3529 3530 3494 
3 3531 3532 3533 
3 3533 3532 3486 
3 3533 3486 3534 
3 3534 3486 3485 
3 3534 3485 3884 
3 3884 3485 3535 
3 3884 3535 3885 
3 3885 3535 3481 
3 3885 3481 3536 
3 3536 3481 3538 
3 3536 3538 3537 
3 3537 3538 3483 
3 3537 3483 3539 
3 3539 3483 3540 
3 3539 3540 3886 
3 3886 3540 3541 
3 3886 3541 3542 
3 3542 3541 3544 
3 3542 3544 3543 
3 3543 3544 3478 
3 3543 3478 3896 
3 3896 3478 3545 
3 3896 3545 3546 
3 3546 3545 3474 
3 3546 3474 3547 
3 3547 3474 3475 
3 3547 3475 3851 
3 3851 3475 3548 
3 3851 3548 3550 
3 3550 3548 3549 
3 3550 3549 3868 
3 3868 3549 3479 
3 3868 3479 3551 
3 3551 3479 3495 
3 3551 3495 3530 
3 3530 3495 3494 
3 3557 3242 3917 
3 3917 3242 3499 
3 3917 3499 3913 
3 3913 3499 3552 
3 3913 3552 3920 
3 3920 3552 3497 
3 3920 3497 3553 
3 3553 3497 3554 
3 3553 3554 3555 
3 3555 3554 3556 
3 3555 3556 3531 
3 3531 3556 3532 
3 3557 3566 3563 
3 3577 3571 3557 
3 3557 3579 3574 
3 3572 3557 3574 
3 3557 3582 3584 
3 3590 3582 3557 
3 3652 3620 3584 
3 3571 3577 3558 
3 3625 3624 3570 
3 3633 3559 3567 
3 3560 3637 3566 
3 3557 3563 3561 
3 3564 3243 3563 
3 3563 3243 3562 
3 3563 3562 3561 
3 3244 3564 3565 
3 3565 3564 3563 
3 3565 3563 3634 
3 3634 3563 3566 
3 3634 3566 3635 
3 3635 3566 3637 
3 3559 3560 3567 
3 3567 3560 3566 
3 3567 3566 3557 
3 3629 3633 3568 
3 3568 3633 3567 
3 3568 3567 3557 
3 3632 3631 3568 
3 3568 3631 3569 
3 3568 3569 3629 
3 3624 3632 3570 
3 3570 3632 3568 
3 3570 3568 3557 
3 3558 3625 3571 
3 3571 3625 3570 
3 3571 3570 3557 
3 3576 3628 3577 
3 3577 3628 3627 
3 3577 3627 3558 
3 3572 3573 3576 
3 3579 3623 3574 
3 3574 3623 3621 
3 3574 3621 3572 
3 3572 3621 3575 
3 3572 3575 3573 
3 3576 3577 3572 
3 3572 3577 3557 
3 3620 3578 3579 
3 3578 3580 3579 
3 3579 3580 3581 
3 3579 3581 3623 
3 3590 3617 3582 
3 3582 3617 3583 
3 3582 3583 3584 
3 3584 3583 3653 
3 3584 3653 3652 
3 3620 3579 3584 
3 3584 3579 3557 
3 3585 3586 3590 
3 3586 3587 3590 
3 3590 3587 3618 
3 3590 3618 3617 
3 3557 3588 3589 
3 3589 3588 3613 
3 3613 3614 3589 
3 3589 3614 3615 
3 3589 3615 3585 
3 3923 3613 3919 
3 3919 3613 3588 
3 3919 3588 3918 
3 3918 3588 3557 
3 3585 3590 3589 
3 3589 3590 3557 
3 3274 3642 3646 
3 3278 3277 3641 
3 3237 3638 3281 
3 3281 3638 3591 
3 3281 3591 3282 
3 3282 3591 3283 
3 3277 3286 3636 
3 3286 3285 3636 
3 3636 3285 3284 
3 3636 3284 3283 
3 3278 3641 3279 
3 3279 3641 3592 
3 3279 3592 3594 
3 3596 3597 3592 
3 3592 3597 3593 
3 3592 3593 3594 
3 3274 3275 3642 
3 3642 3275 3595 
3 3642 3595 3596 
3 3596 3595 3301 
3 3596 3301 3597 
3 3647 3598 3646 
3 3646 3598 3305 
3 3305 3306 3646 
3 3646 3306 3272 
3 3646 3272 3274 
3 3600 3267 3647 
3 3647 3267 3271 
3 3647 3271 3598 
3 3650 3602 3649 
3 3649 3602 3311 
3 3311 3269 3649 
3 3649 3269 3599 
3 3649 3599 3600 
3 3600 3599 3601 
3 3600 3601 3267 
3 3263 3266 3619 
3 3619 3266 3265 
3 3619 3265 3650 
3 3650 3265 3264 
3 3650 3264 3602 
3 3603 3604 3606 
3 3606 3604 3263 
3 3616 3605 3606 
3 3606 3605 3260 
3 3606 3260 3603 
3 3611 3262 3610 
3 3610 3262 3607 
3 3610 3607 3616 
3 3616 3607 3608 
3 3616 3608 3605 
3 3609 3922 3610 
3 3610 3922 3921 
3 3610 3921 3611 
3 3611 3921 3612 
3 3611 3612 3255 
3 3613 3923 3609 
3 3613 3609 3614 
3 3614 3609 3610 
3 3614 3610 3615 
3 3615 3610 3616 
3 3615 3616 3585 
3 3617 3618 3606 
3 3606 3618 3587 
3 3606 3587 3616 
3 3616 3587 3586 
3 3616 3586 3585 
3 3263 3619 3606 
3 3606 3619 3583 
3 3606 3583 3617 
3 3651 3620 3652 
3 3648 3580 3651 
3 3651 3580 3578 
3 3651 3578 3620 
3 3573 3575 3645 
3 3645 3575 3621 
3 3645 3621 3622 
3 3622 3621 3623 
3 3622 3623 3648 
3 3648 3623 3581 
3 3648 3581 3580 
3 3624 3625 3626 
3 3626 3625 3558 
3 3626 3558 3643 
3 3643 3558 3627 
3 3643 3627 3644 
3 3644 3627 3628 
3 3644 3628 3645 
3 3645 3628 3576 
3 3645 3576 3573 
3 3629 3569 3630 
3 3630 3569 3631 
3 3630 3631 3626 
3 3626 3631 3632 
3 3626 3632 3624 
3 3277 3636 3641 
3 3641 3636 3559 
3 3641 3559 3633 
3 3283 3591 3636 
3 3636 3591 3634 
3 3636 3634 3635 
3 3635 3637 3636 
3 3636 3637 3560 
3 3636 3560 3559 
3 3638 3639 3591 
3 3591 3639 3640 
3 3591 3640 3634 
3 3634 3640 3236 
3 3634 3236 3565 
3 3565 3236 3244 
3 3633 3629 3641 
3 3641 3629 3630 
3 3641 3630 3592 
3 3592 3630 3626 
3 3592 3626 3596 
3 3596 3626 3643 
3 3596 3643 3642 
3 3642 3643 3644 
3 3642 3644 3646 
3 3646 3644 3645 
3 3646 3645 3647 
3 3647 3645 3622 
3 3647 3622 3600 
3 3600 3622 3648 
3 3600 3648 3649 
3 3649 3648 3651 
3 3649 3651 3650 
3 3650 3651 3652 
3 3650 3652 3619 
3 3619 3652 3653 
3 3619 3653 3583 
3 3708 3656 3655 
3 3654 3701 3168 
3 3654 3168 3657 
3 3657 3168 3167 
3 3657 3167 3697 
3 3655 3656 3697 
3 3697 3656 3702 
3 3697 3702 3657 
3 3709 3658 3659 
3 3659 3658 3660 
3 3659 3660 3655 
3 3655 3660 3661 
3 3655 3661 3708 
3 3705 3662 3663 
3 3663 3662 3712 
3 3663 3712 3664 
3 3664 3712 3711 
3 3664 3711 3659 
3 3659 3711 3710 
3 3659 3710 3709 
3 3705 3663 3714 
3 3714 3663 3665 
3 3714 3665 3668 
3 3703 3666 3669 
3 3669 3666 3715 
3 3669 3715 3665 
3 3665 3715 3667 
3 3665 3667 3668 
3 3703 3669 3713 
3 3713 3669 3693 
3 3713 3693 3670 
3 3671 3699 3672 
3 3699 3671 3700 
3 3700 3671 3690 
3 3700 3690 3673 
3 3673 3690 3689 
3 3673 3689 3908 
3 3255 3674 3256 
3 3256 3674 3675 
3 3256 3675 3257 
3 3257 3675 3676 
3 3257 3676 3261 
3 3261 3676 3259 
3 3259 3676 3678 
3 3259 3678 3677 
3 3677 3678 3679 
3 3679 3678 3680 
3 3679 3680 3681 
3 3681 3680 3252 
3 3252 3680 3694 
3 3252 3694 3251 
3 3251 3694 3250 
3 3250 3694 3683 
3 3250 3683 3682 
3 3682 3683 3248 
3 3248 3683 3695 
3 3248 3695 3247 
3 3247 3695 3684 
3 3684 3695 3686 
3 3684 3686 3246 
3 3696 3698 3164 
3 3246 3686 3685 
3 3685 3686 3696 
3 3685 3696 3687 
3 3687 3696 3164 
3 3687 3164 3688 
3 3691 3689 3692 
3 3692 3689 3690 
3 3692 3690 3693 
3 3693 3690 3671 
3 3693 3671 3670 
3 3670 3671 3672 
3 3674 3691 3675 
3 3675 3691 3692 
3 3675 3692 3676 
3 3676 3692 3693 
3 3676 3693 3678 
3 3678 3693 3669 
3 3678 3669 3680 
3 3680 3669 3665 
3 3680 3665 3694 
3 3694 3665 3663 
3 3694 3663 3683 
3 3683 3663 3664 
3 3683 3664 3695 
3 3695 3664 3659 
3 3695 3659 3686 
3 3686 3659 3655 
3 3686 3655 3696 
3 3696 3655 3697 
3 3696 3697 3698 
3 3698 3697 3167 
3 3672 3699 3496 
3 3496 3699 3700 
3 3657 3705 3654 
3 3654 3705 3701 
3 3657 3702 3705 
3 3705 3702 3656 
3 3705 3656 3708 
3 3666 3703 3496 
3 3704 3706 3705 
3 3705 3706 3707 
3 3705 3707 3701 
3 3708 3661 3705 
3 3705 3661 3660 
3 3705 3660 3658 
3 3658 3709 3705 
3 3705 3709 3710 
3 3705 3710 3662 
3 3662 3710 3711 
3 3662 3711 3712 
3 3703 3713 3496 
3 3496 3713 3670 
3 3496 3670 3672 
3 3700 3673 3496 
3 3496 3673 3908 
3 3496 3908 3484 
3 3484 3908 3717 
3 3484 3717 3315 
3 3315 3717 3716 
3 3704 3705 3496 
3 3496 3705 3714 
3 3496 3714 3668 
3 3668 3667 3496 
3 3496 3667 3715 
3 3496 3715 3666 
3 3716 3717 3312 
3 3312 3717 3909 
3 3909 3725 3312 
3 3312 3725 3729 
3 3312 3729 3313 
3 3313 3729 3718 
3 3718 3729 3731 
3 3718 3731 3314 
3 3314 3731 3734 
3 3314 3734 3327 
3 3743 3719 3744 
3 3720 3316 3747 
3 3721 3741 3750 
3 3722 3723 3737 
3 3756 3729 3724 
3 3724 3729 3725 
3 3724 3725 3967 
3 3967 3725 3909 
3 3321 3326 3726 
3 3726 3326 3756 
3 3321 3726 3727 
3 3727 3726 3728 
3 3727 3728 3323 
3 3756 3326 3729 
3 3729 3326 3730 
3 3729 3730 3731 
3 3731 3730 3732 
3 3731 3732 3734 
3 3734 3732 3733 
3 3734 3733 3327 
3 3323 3728 3324 
3 3324 3728 3754 
3 3324 3754 3325 
3 3325 3754 3753 
3 3325 3753 3735 
3 3735 3753 3736 
3 3735 3736 3740 
3 3737 3723 3738 
3 3723 3317 3738 
3 3738 3317 3739 
3 3738 3739 3740 
3 3740 3739 3319 
3 3740 3319 3735 
3 3722 3737 3741 
3 3741 3737 3752 
3 3741 3752 3750 
3 3721 3750 3316 
3 3316 3750 3749 
3 3316 3749 3747 
3 3720 3747 3719 
3 3719 3747 3742 
3 3719 3742 3744 
3 3743 3744 3356 
3 3356 3744 3745 
3 3356 3745 3329 
3 3746 3329 3745 
3 3746 3745 3758 
3 3758 3745 3744 
3 3758 3744 3748 
3 3744 3742 3748 
3 3748 3742 3747 
3 3748 3747 3764 
3 3747 3749 3764 
3 3764 3749 3750 
3 3764 3750 3751 
3 3750 3752 3751 
3 3751 3752 3737 
3 3751 3737 3761 
3 3737 3738 3761 
3 3761 3738 3740 
3 3761 3740 3767 
3 3740 3736 3767 
3 3767 3736 3753 
3 3767 3753 3769 
3 3753 3754 3769 
3 3769 3754 3728 
3 3769 3728 3755 
3 3728 3726 3755 
3 3755 3726 3756 
3 3755 3756 3757 
3 3756 3724 3757 
3 3757 3724 3967 
3 3757 3967 3942 
3 3942 4066 3772 
3 2798 3391 3746 
3 2798 3746 2799 
3 2799 3746 3758 
3 2799 3758 2836 
3 2836 3758 3748 
3 2836 3748 2686 
3 3764 3759 3748 
3 3748 3759 2927 
3 3748 2927 2686 
3 2929 3760 3764 
3 3764 3760 2800 
3 3764 2800 3759 
3 3761 2999 3751 
3 3751 2999 3762 
3 3762 2977 3751 
3 3751 2977 3763 
3 3751 3763 3764 
3 3764 3763 2801 
3 3764 2801 2929 
3 2802 3765 3761 
3 3761 3765 3028 
3 3761 3028 2999 
3 2802 3761 3766 
3 3766 3761 3767 
3 3766 3767 3768 
3 3768 3767 3769 
3 3768 3769 3055 
3 2805 2803 3769 
3 3769 2803 3770 
3 3769 3770 3055 
3 2805 3769 2806 
3 2806 3769 3755 
3 2806 3755 3771 
3 3942 3772 3757 
3 3757 3772 2760 
3 3757 2760 3755 
3 3755 2760 3773 
3 3755 3773 3771 
3 3897 3407 3774 
3 3774 3407 3405 
3 3774 3405 3910 
3 3910 3405 3776 
3 3910 3776 3775 
3 3775 3776 3402 
3 3775 3402 3777 
3 3777 3402 3778 
3 3777 3778 3779 
3 3779 3778 3780 
3 3779 3780 3782 
3 3782 3780 3781 
3 3782 3781 3784 
3 3784 3781 3783 
3 3784 3783 3785 
3 3785 3783 3400 
3 3785 3400 3786 
3 3786 3400 3397 
3 3786 3397 3787 
3 3787 3397 3396 
3 3787 3396 3788 
3 3788 3396 3437 
3 3788 3437 3789 
3 3789 3437 3790 
3 3789 3790 3911 
3 3911 3790 3435 
3 3911 3435 3791 
3 3791 3435 3792 
3 3791 3792 3916 
3 3916 3792 3432 
3 3916 3432 3912 
3 3912 3432 3431 
3 3912 3431 3794 
3 3794 3431 3793 
3 3794 3793 3795 
3 3795 3793 3797 
3 3795 3797 3796 
3 3796 3797 3428 
3 3796 3428 3887 
3 3887 3428 3427 
3 3887 3427 3798 
3 3798 3427 3424 
3 3798 3424 3889 
3 3889 3424 3423 
3 3889 3423 3799 
3 3799 3423 3420 
3 3799 3420 3800 
3 3800 3420 3419 
3 3800 3419 3801 
3 3801 3419 3417 
3 3801 3417 3802 
3 3802 3417 3416 
3 3802 3416 3804 
3 3804 3416 3803 
3 3804 3803 3805 
3 3805 3803 3415 
3 3805 3415 3898 
3 3898 3415 3413 
3 3898 3413 3899 
3 3899 3413 3412 
3 3899 3412 3806 
3 3806 3412 3411 
3 3806 3411 3807 
3 3807 3411 3409 
3 3807 3409 3808 
3 3808 3409 3408 
3 3808 3408 3809 
3 3809 3408 3810 
3 3809 3810 3879 
3 3879 3810 3811 
3 3879 3811 3897 
3 3897 3811 3407 
3 3892 3447 3812 
3 3812 3447 3446 
3 3812 3446 3894 
3 3894 3446 3813 
3 3894 3813 3867 
3 3867 3813 3814 
3 3867 3814 3872 
3 3872 3814 3443 
3 3872 3443 3873 
3 3873 3443 3438 
3 3873 3438 3816 
3 3816 3438 3815 
3 3816 3815 3880 
3 3880 3815 3488 
3 3880 3488 3817 
3 3817 3488 3493 
3 3817 3493 3881 
3 3881 3493 3818 
3 3881 3818 3882 
3 3882 3818 3476 
3 3882 3476 3883 
3 3883 3476 3477 
3 3883 3477 3871 
3 3871 3477 3819 
3 3871 3819 3870 
3 3870 3819 3470 
3 3870 3470 3869 
3 3869 3470 3471 
3 3869 3471 3820 
3 3820 3471 3821 
3 3820 3821 3877 
3 3877 3821 3468 
3 3877 3468 3875 
3 3875 3468 3461 
3 3875 3461 3822 
3 3822 3461 3456 
3 3822 3456 3823 
3 3823 3456 3455 
3 3823 3455 3824 
3 3824 3455 3825 
3 3824 3825 3857 
3 3857 3825 3826 
3 3857 3826 3858 
3 3858 3826 3439 
3 3858 3439 3854 
3 3854 3439 3827 
3 3854 3827 3828 
3 3828 3827 3829 
3 3828 3829 3830 
3 3830 3829 3459 
3 3830 3459 3831 
3 3831 3459 3458 
3 3831 3458 3862 
3 3862 3458 3832 
3 3862 3832 3863 
3 3863 3832 3833 
3 3863 3833 3850 
3 3850 3833 3453 
3 3850 3453 3834 
3 3834 3453 3835 
3 3834 3835 3865 
3 3865 3835 3836 
3 3865 3836 3837 
3 3837 3836 3838 
3 3837 3838 3866 
3 3866 3838 3451 
3 3866 3451 3839 
3 3839 3451 3840 
3 3839 3840 3843 
3 3843 3840 3449 
3 3843 3449 3892 
3 3892 3449 3447 
3 232 284 227 
3 227 284 3902 
3 3841 342 330 
3 330 342 4013 
3 330 4013 4014 
3 3842 3839 3515 
3 3515 3839 3843 
3 3515 3843 3844 
3 3844 3843 3892 
3 3844 3892 3845 
3 3875 3822 3846 
3 433 441 3847 
3 3847 441 3848 
3 3847 3848 3986 
3 3986 3848 3985 
3 3822 3823 3846 
3 3846 3823 3824 
3 3846 3824 3504 
3 46 89 43 
3 43 89 3962 
3 43 3962 39 
3 1149 1191 1150 
3 1150 1191 3849 
3 1150 3849 1088 
3 1088 3849 1254 
3 3834 3864 3850 
3 3850 3864 3861 
3 3850 3861 3863 
3 3546 3547 3867 
3 3867 3547 3851 
3 3867 3851 3550 
3 3804 3805 3852 
3 3987 3853 182 
3 182 3853 137 
3 182 137 146 
3 146 137 141 
3 3508 3854 3855 
3 3855 3854 3828 
3 3855 3828 3856 
3 3856 3828 3860 
3 3824 3857 3504 
3 3504 3857 3858 
3 3504 3858 3859 
3 3859 3858 3854 
3 3859 3854 3505 
3 3505 3854 3508 
3 3828 3830 3860 
3 3860 3830 3831 
3 3860 3831 3861 
3 3861 3831 3862 
3 3861 3862 3863 
3 3834 3865 3864 
3 3864 3865 3837 
3 3864 3837 3842 
3 3842 3837 3866 
3 3842 3866 3839 
3 3550 3868 3867 
3 3867 3868 3551 
3 3867 3551 3530 
3 3820 3808 3869 
3 3869 3808 3809 
3 3869 3809 3870 
3 3870 3809 3871 
3 3867 3872 3546 
3 3546 3872 3873 
3 3546 3873 3816 
3 3820 3877 3808 
3 3808 3877 3852 
3 3808 3852 3807 
3 3807 3852 3806 
3 3846 3874 3875 
3 3875 3874 3876 
3 3875 3876 3877 
3 3877 3876 3878 
3 3877 3878 3852 
3 3879 3880 3809 
3 3809 3880 3817 
3 3809 3817 3881 
3 3881 3882 3809 
3 3809 3882 3883 
3 3809 3883 3871 
3 3534 3884 3717 
3 3717 3884 3885 
3 3717 3885 3536 
3 3536 3537 3717 
3 3717 3537 3539 
3 3717 3539 3909 
3 3909 3539 3886 
3 3909 3886 3542 
3 3887 3798 3888 
3 3888 3798 3889 
3 3888 3889 3799 
3 310 3890 223 
3 3845 3892 3891 
3 3891 3892 3812 
3 3891 3812 3893 
3 3893 3812 3894 
3 3893 3894 3895 
3 3895 3894 3867 
3 3895 3867 3907 
3 3816 3880 3546 
3 3546 3880 3879 
3 3546 3879 3896 
3 3896 3879 3897 
3 3896 3897 3543 
3 3543 3897 3774 
3 3543 3774 3542 
3 3805 3898 3852 
3 3852 3898 3899 
3 3852 3899 3806 
3 223 3900 310 
3 310 3900 3901 
3 310 3901 3902 
3 3902 3901 226 
3 3902 226 227 
3 1105 4020 1142 
3 3911 3791 3967 
3 142 139 161 
3 161 139 3903 
3 161 3903 3999 
3 3920 3553 3908 
3 3799 3800 3888 
3 3888 3800 3801 
3 3888 3801 3852 
3 3852 3801 3802 
3 3852 3802 3804 
3 1134 1050 3904 
3 3904 1050 1051 
3 3904 1051 1137 
3 1137 1051 1105 
3 1137 1105 1139 
3 1139 1105 1142 
3 3530 3905 3867 
3 3867 3905 3906 
3 3867 3906 3907 
3 3553 3555 3908 
3 3908 3555 3531 
3 3908 3531 3717 
3 3717 3531 3533 
3 3717 3533 3534 
3 3775 3777 3909 
3 3909 3777 3779 
3 3542 3774 3909 
3 3909 3774 3910 
3 3909 3910 3775 
3 3911 3967 3789 
3 3914 3912 1679 
3 1679 3912 3794 
3 1679 3794 1677 
3 1677 3794 3795 
3 1677 3795 3888 
3 3888 3795 3796 
3 3888 3796 3887 
3 3612 3921 3913 
3 3914 3915 3912 
3 3912 3915 1202 
3 3912 1202 3916 
3 3916 1202 1204 
3 1204 1205 3916 
3 3916 1205 1206 
3 3916 1206 1200 
3 3557 3917 3918 
3 3918 3917 3919 
3 3612 3913 3255 
3 3928 3964 954 
3 3908 3689 3920 
3 3920 3689 3691 
3 3920 3691 3913 
3 3913 3691 3674 
3 3913 3674 3255 
3 3921 3922 3913 
3 3913 3922 3609 
3 3913 3609 3917 
3 3917 3609 3923 
3 3917 3923 3919 
3 3779 3782 3909 
3 3909 3782 3784 
3 3909 3784 3785 
3 3924 3959 3967 
3 117 118 3946 
3 3785 3786 3909 
3 3909 3786 3787 
3 3909 3787 3967 
3 3967 3787 3788 
3 3967 3788 3789 
3 826 3925 3927 
3 3927 3925 3926 
3 3927 3926 929 
3 929 3926 936 
3 3928 954 3929 
3 3929 954 952 
3 3929 952 3930 
3 3930 950 3929 
3 3929 950 947 
3 3929 947 826 
3 826 947 946 
3 826 946 3925 
3 3933 259 185 
3 185 259 3931 
3 185 3931 228 
3 228 3931 233 
3 253 255 3932 
3 3932 255 257 
3 3932 257 3933 
3 3933 257 3934 
3 3933 3934 259 
3 3935 635 538 
3 538 635 3936 
3 3945 3937 3938 
3 3938 3937 538 
3 3938 538 636 
3 636 538 3936 
3 3968 3939 3967 
3 30 3942 3940 
3 3940 3942 27 
3 3942 118 119 
3 3941 3942 55 
3 55 3942 54 
3 119 122 3942 
3 3942 122 124 
3 3942 124 125 
3 619 613 3943 
3 3943 613 3944 
3 3943 3944 3945 
3 3945 3944 536 
3 3945 536 3937 
3 1254 1253 1088 
3 1088 1253 1251 
3 1088 1251 1089 
3 4004 35 118 
3 118 35 38 
3 118 38 3946 
3 3947 135 3989 
3 838 839 726 
3 726 839 3948 
3 726 3948 3949 
3 3949 3950 726 
3 726 3950 3951 
3 726 3951 3953 
3 843 3973 3953 
3 3953 3973 3952 
3 3953 3952 726 
3 3954 543 3967 
3 3967 543 544 
3 30 3955 3942 
3 3942 3955 3956 
3 3942 3956 31 
3 132 133 4066 
3 3975 629 3965 
3 3965 629 4009 
3 544 3957 3967 
3 3967 3957 3958 
3 3967 3958 3924 
3 549 3994 548 
3 548 3994 3959 
3 450 3966 3967 
3 3981 3961 3960 
3 3960 3961 3939 
3 3941 57 3942 
3 3942 57 59 
3 3942 59 60 
3 39 3962 3946 
3 3946 3962 116 
3 3946 116 117 
3 132 4066 130 
3 833 3963 831 
3 831 3963 3964 
3 831 3964 830 
3 830 3964 3928 
3 3965 735 3975 
3 3975 735 737 
3 3975 737 740 
3 3966 451 3967 
3 3967 451 452 
3 3967 452 3968 
3 3971 26 67 
3 67 26 27 
3 67 27 66 
3 66 27 3983 
3 40 3969 72 
3 72 3969 3970 
3 72 3970 71 
3 71 3970 22 
3 71 22 3971 
3 3971 22 25 
3 3971 25 26 
3 3890 310 221 
3 221 310 3972 
3 221 3972 219 
3 813 769 845 
3 845 769 771 
3 845 771 843 
3 843 771 723 
3 843 723 3973 
3 4078 835 4079 
3 4079 835 836 
3 625 741 742 
3 625 3974 741 
3 741 3974 627 
3 741 627 3975 
3 3935 538 633 
3 633 538 539 
3 633 539 632 
3 1200 1199 3916 
3 3916 1199 3976 
3 3916 3976 3791 
3 3791 3976 3977 
3 3791 3977 3967 
3 3967 3977 4079 
3 3967 4079 3954 
3 3954 4079 4006 
3 3978 549 550 
3 3978 3979 549 
3 549 3979 3980 
3 549 3980 3994 
3 456 345 3981 
3 3981 345 346 
3 3981 346 3961 
3 60 62 3942 
3 3942 62 63 
3 3942 63 27 
3 27 63 3982 
3 27 3982 3983 
3 125 126 3942 
3 3942 126 3984 
3 3942 3984 4066 
3 4066 3984 128 
3 4066 128 130 
3 3985 504 3986 
3 3986 504 506 
3 3986 506 4071 
3 210 3989 3987 
3 3987 3989 3988 
3 3987 3988 3853 
3 210 212 3989 
3 3989 212 3990 
3 3989 3990 213 
3 740 3991 3975 
3 3975 3991 3992 
3 3975 3992 741 
3 539 3993 632 
3 632 3993 541 
3 632 541 631 
3 3994 3995 3959 
3 3959 3995 447 
3 3959 447 3967 
3 3967 447 448 
3 3967 448 450 
3 4010 353 3967 
3 336 3996 337 
3 337 3996 286 
3 337 286 365 
3 156 3997 50 
3 50 3997 3998 
3 50 3998 158 
3 3999 3903 158 
3 158 3903 49 
3 158 49 50 
3 4047 4000 3942 
3 3942 4000 4001 
3 4001 4002 3942 
3 3942 4002 153 
3 3942 153 4011 
3 31 32 3942 
3 3942 32 33 
3 3942 33 118 
3 118 33 4003 
3 118 4003 4004 
3 213 215 3989 
3 3989 215 4005 
3 3989 4005 3947 
3 4028 1248 4026 
3 4026 1248 1246 
3 4026 1246 1243 
3 541 4006 631 
3 631 4006 4079 
3 631 4079 4007 
3 4007 4079 4009 
3 4007 4009 4008 
3 4008 4009 629 
3 3961 348 3939 
3 3939 348 349 
3 3939 349 3967 
3 3967 349 351 
3 3967 351 4010 
3 353 356 3967 
3 3967 356 357 
3 3967 357 359 
3 54 3942 52 
3 52 3942 4011 
3 52 4011 50 
3 50 4011 155 
3 50 155 156 
3 322 4012 4017 
3 4017 4012 325 
3 4013 410 4014 
3 4014 410 4016 
3 4014 4016 4015 
3 4015 4016 4017 
3 4015 4017 327 
3 327 4017 325 
3 3972 313 219 
3 219 313 4018 
3 219 4018 218 
3 1105 4019 4020 
3 4020 4019 4021 
3 4020 4021 4023 
3 4021 4022 4023 
3 4023 4022 4024 
3 4023 4024 4073 
3 4073 4024 1099 
3 4073 1099 4025 
3 1089 1251 4026 
3 4026 1251 4027 
3 4026 4027 4028 
3 720 4029 721 
3 721 4029 4030 
3 721 4030 742 
3 742 4030 624 
3 742 624 625 
3 726 727 838 
3 838 727 728 
3 838 728 836 
3 836 728 731 
3 836 731 4079 
3 4079 731 732 
3 4079 732 4009 
3 523 4031 4032 
3 4032 4031 484 
3 4032 484 550 
3 550 484 4033 
3 550 4033 3978 
3 435 4035 4034 
3 4034 4035 344 
3 4034 344 456 
3 456 344 4036 
3 456 4036 345 
3 4037 1094 4038 
3 4038 1094 4039 
3 4038 4039 1243 
3 1243 4039 1090 
3 1243 1090 4026 
3 244 4040 4043 
3 322 4017 4042 
3 4042 4017 4041 
3 4042 4041 4060 
3 3967 248 4050 
3 286 238 365 
3 365 238 240 
3 365 240 363 
3 363 240 241 
3 363 241 4043 
3 4043 241 243 
3 4043 243 244 
3 4018 316 218 
3 218 316 317 
3 218 317 4081 
3 4081 317 4044 
3 4081 4044 4045 
3 359 360 3967 
3 3967 360 4046 
3 3967 4046 4043 
3 4047 3942 4048 
3 4048 3942 3967 
3 4048 3967 4049 
3 4049 3967 4050 
3 4049 4050 4051 
3 4051 4050 4052 
3 4051 4052 3932 
3 3932 4052 251 
3 3932 251 253 
3 4053 1189 4054 
3 4054 1189 1146 
3 4054 1146 4055 
3 4055 1146 1085 
3 4055 1085 4068 
3 4040 246 4043 
3 4043 246 4056 
3 4043 4056 3967 
3 3967 4056 4057 
3 3967 4057 248 
3 4058 4065 412 
3 412 4065 4060 
3 412 4060 4059 
3 4059 4060 4041 
3 4064 4061 1069 
3 4097 4062 4064 
3 4064 4062 1067 
3 4064 1067 4061 
3 4063 1045 1049 
3 1049 1045 965 
3 1049 965 1061 
3 1061 965 4064 
3 1061 4064 1060 
3 1060 4064 1069 
3 4058 413 4065 
3 4065 413 415 
3 4065 415 4066 
3 4066 415 4067 
3 4066 4067 418 
3 4068 1085 1220 
3 1220 1085 4070 
3 1220 4070 1218 
3 1238 4069 1082 
3 1082 4069 1237 
3 1082 1237 4070 
3 4070 1237 1236 
3 4070 1236 1218 
3 418 420 4066 
3 4066 420 422 
3 4066 422 424 
3 508 4090 426 
3 4038 1240 4073 
3 4071 506 426 
3 426 506 507 
3 426 507 508 
3 1082 1078 1238 
3 1238 1078 4072 
3 1238 4072 1240 
3 1240 4072 4074 
3 1240 4074 4073 
3 4073 4074 4075 
3 4073 4075 4079 
3 4075 4076 4079 
3 4079 4076 4077 
3 4079 4077 1074 
3 833 4078 3963 
3 3963 4078 4079 
3 3963 4079 956 
3 956 4079 1074 
3 956 1074 4080 
3 4100 961 4080 
3 4045 4065 4081 
3 4081 4065 4066 
3 4081 4066 3947 
3 3947 4066 133 
3 3947 133 135 
3 532 533 528 
3 528 533 4082 
3 528 4082 521 
3 521 4082 594 
3 4025 4083 4073 
3 4073 4083 1098 
3 4073 1098 4038 
3 4038 1098 1097 
3 4038 1097 4037 
3 961 4084 4080 
3 4080 4084 959 
3 4080 959 956 
3 4087 4085 4086 
3 4086 610 4087 
3 4087 610 4088 
3 4087 4088 4089 
3 515 517 595 
3 595 517 518 
3 595 518 594 
3 594 518 520 
3 594 520 521 
3 4090 4091 426 
3 426 4091 510 
3 426 510 424 
3 4092 622 4093 
3 4093 622 697 
3 4093 697 4094 
3 4094 697 4087 
3 4094 4087 4095 
3 4095 4087 4089 
3 596 597 4102 
3 4102 597 600 
3 4102 600 4105 
3 606 607 4066 
3 4064 4096 4097 
3 4097 4096 4098 
3 4097 4098 4080 
3 4080 4098 4099 
3 4080 4099 4100 
3 596 4102 4101 
3 4101 4102 513 
3 4101 513 595 
3 595 513 4103 
3 595 4103 515 
3 424 510 4066 
3 4066 510 4104 
3 4066 4104 4105 
3 600 602 4105 
3 4105 602 603 
3 4105 603 4066 
3 4066 603 604 
3 4066 604 606 
3 4087 4106 4085 
3 4085 4106 4107 
3 4085 4107 607 
3 607 4107 700 
3 711 4066 4108 
3 4108 4066 710 
3 707 708 4066 
3 4066 708 4109 
3 4066 4109 710 
3 700 703 607 
3 607 703 704 
3 607 704 4066 
3 4066 704 705 
3 4066 705 707 
3 4120 4117 4116 
3 7848 5264 4829 
3 4612 4110 4613 
3 4613 4110 4831 
3 4616 4615 4111 
3 4612 4112 4110 
3 4110 4112 4617 
3 4110 4617 4616 
3 7852 7851 4113 
3 4113 7851 7848 
3 4113 7848 4110 
3 4110 7848 4829 
3 4110 4829 4831 
3 4114 7846 4118 
3 4118 7846 7844 
3 4118 7844 4113 
3 4113 7844 4115 
3 4113 4115 7852 
3 4116 4117 4118 
3 4118 4117 7842 
3 4118 7842 4114 
3 4121 4122 4116 
3 4116 4122 4119 
3 4116 4119 4120 
3 7840 7839 5228 
3 5228 7839 7838 
3 5228 7838 4121 
3 4121 7838 7836 
3 4121 7836 4122 
3 7827 5249 7829 
3 7829 5249 4126 
3 7829 4126 4123 
3 7827 7826 5249 
3 5249 7826 7825 
3 5249 7825 5228 
3 5228 7825 7841 
3 5228 7841 7840 
3 4131 7834 4125 
3 4125 7834 4124 
3 4124 7832 4125 
3 4125 7832 7831 
3 4125 7831 4126 
3 4126 7831 7830 
3 4126 7830 4123 
3 8088 8087 4127 
3 4127 8087 4128 
3 4127 4128 5246 
3 5246 4128 8152 
3 5246 8152 5244 
3 5244 8152 4129 
3 5244 4129 5242 
3 5242 4129 8158 
3 5242 8158 5256 
3 5256 8158 8149 
3 5256 8149 5262 
3 5262 8149 8156 
3 5262 8156 5261 
3 5261 8156 8150 
3 5261 8150 5239 
3 5239 8150 8164 
3 5239 8164 5259 
3 5259 8164 8161 
3 5259 8161 4130 
3 4130 8161 8160 
3 4130 8160 4131 
3 4131 8160 7835 
3 4131 7835 7834 
3 8088 4127 8103 
3 8103 4127 4132 
3 8103 4132 4134 
3 8106 8105 5235 
3 5235 8105 8104 
3 5235 8104 4132 
3 4132 8104 4133 
3 4132 4133 4134 
3 8106 5235 8109 
3 8109 5235 5238 
3 8109 5238 8110 
3 4135 4136 4138 
3 4138 4136 4137 
3 4138 4137 5238 
3 5238 4137 8111 
3 5238 8111 8110 
3 4135 4138 4139 
3 4139 4138 4140 
3 4139 4140 8097 
3 8097 4140 8098 
3 8098 4140 4141 
3 8098 4141 8099 
3 8091 8092 5221 
3 5221 8092 8093 
3 5221 8093 4141 
3 4141 8093 8095 
3 4141 8095 8099 
3 5219 4142 5221 
3 5221 4142 4143 
3 5221 4143 8091 
3 4153 7322 4145 
3 4145 7322 7321 
3 4145 7321 4144 
3 4144 7628 4145 
3 4145 7628 7710 
3 4145 7710 7709 
3 7324 6724 4146 
3 7709 7324 4145 
3 4145 7324 4146 
3 4145 4146 5219 
3 5219 4146 8089 
3 5219 8089 4142 
3 7317 7392 4145 
3 4145 7392 7391 
3 4145 7391 4147 
3 4147 4148 4145 
3 4145 4148 4149 
3 4145 4149 4150 
3 4150 7466 4145 
3 4145 7466 7465 
3 4145 7465 4151 
3 4151 4152 4145 
3 4145 4152 7320 
3 4145 7320 4153 
3 5215 4154 5217 
3 5217 4154 6574 
3 5217 6574 6575 
3 6575 5624 5217 
3 5217 5624 5625 
3 5217 5625 4155 
3 4155 6722 5217 
3 5217 6722 4156 
3 5217 4156 4145 
3 4145 4156 5626 
3 4145 5626 7317 
3 4161 4157 5215 
3 4157 6491 5215 
3 5215 6491 4158 
3 5215 4158 4154 
3 6332 5623 5213 
3 5213 5623 4159 
3 5213 4159 5215 
3 5215 4159 4160 
3 5215 4160 4161 
3 5622 6254 4166 
3 4166 6254 4162 
3 4166 4162 5213 
3 5213 4162 6331 
3 5213 6331 6332 
3 5210 4163 5620 
3 5620 6100 5210 
3 5210 6100 5486 
3 5210 5486 4164 
3 4164 5486 4165 
3 4164 4165 4166 
3 4166 4165 4167 
3 4166 4167 5622 
3 4168 5617 5208 
3 5208 5617 4169 
3 5208 4169 5487 
3 5487 4170 5208 
3 5208 4170 4171 
3 5208 4171 5210 
3 5210 4171 4172 
3 5210 4172 4163 
3 5073 4175 4110 
3 4616 4111 4110 
3 4110 4111 4173 
3 4110 4173 5073 
3 4618 4174 4110 
3 4618 4110 4619 
3 4175 4504 4110 
3 4110 4504 5136 
3 4110 5136 4619 
3 4174 5207 4110 
3 4110 5207 4621 
3 4110 4621 4620 
3 4620 4623 4110 
3 4110 4623 4176 
3 4110 4176 5208 
3 5208 4176 5618 
3 5208 5618 4168 
3 7849 8176 4609 
3 4609 8176 5423 
3 4609 5423 4608 
3 4608 5423 5425 
3 4185 4177 5418 
3 5418 4177 4603 
3 5418 4603 5415 
3 5415 4603 4604 
3 5415 4604 5421 
3 5421 4604 4606 
3 5421 4606 4178 
3 4178 4606 4179 
3 4178 4179 4180 
3 4180 4179 4181 
3 4180 4181 5425 
3 5425 4181 4607 
3 5425 4607 4608 
3 5407 4596 5411 
3 5411 4596 4182 
3 5411 4182 4184 
3 4184 4182 4183 
3 4184 4183 5414 
3 5414 4183 4600 
3 5414 4600 4185 
3 4185 4600 4601 
3 4185 4601 4177 
3 5398 4192 4186 
3 4186 4192 4593 
3 4186 4593 5401 
3 5401 4593 4187 
3 5401 4187 5405 
3 5405 4187 4595 
3 5405 4595 5404 
3 5404 4595 4188 
3 5404 4188 5409 
3 5409 4188 4599 
3 5409 4599 5407 
3 5407 4599 4598 
3 5407 4598 4596 
3 5394 4198 4189 
3 4189 4198 4190 
3 4189 4190 5397 
3 5397 4190 4591 
3 5397 4591 5399 
3 5399 4591 4590 
3 5399 4590 5398 
3 5398 4590 4191 
3 5398 4191 4192 
3 4203 4194 4193 
3 4193 4194 4195 
3 4193 4195 4196 
3 4196 4195 4583 
3 4196 4583 5391 
3 5391 4583 4587 
3 5391 4587 4197 
3 4197 4587 4586 
3 4197 4586 5394 
3 5394 4586 4585 
3 5394 4585 4198 
3 5383 4578 5388 
3 5388 4578 4579 
3 5388 4579 4199 
3 4199 4579 4200 
3 4199 4200 5387 
3 5387 4200 4580 
3 5387 4580 4201 
3 4201 4580 4202 
3 4201 4202 4203 
3 4203 4202 4204 
3 4203 4204 4194 
3 4219 4205 5377 
3 5377 4205 4207 
3 5377 4207 4206 
3 4206 4207 4208 
3 4206 4208 5385 
3 5385 4208 4209 
3 5385 4209 5383 
3 5383 4209 4577 
3 5383 4577 4578 
3 5370 4574 4210 
3 4210 4574 4573 
3 4210 4573 4211 
3 4211 4573 4212 
3 4211 4212 5374 
3 5374 4212 4571 
3 5374 4571 4214 
3 4214 4571 4213 
3 4214 4213 4216 
3 4216 4213 4215 
3 4216 4215 4217 
3 4217 4215 4218 
3 4217 4218 4219 
3 4219 4218 4220 
3 4219 4220 4205 
3 4234 4565 5369 
3 5369 4565 4221 
3 5369 4221 5368 
3 5368 4221 4569 
3 5368 4569 5370 
3 5370 4569 4222 
3 5370 4222 4574 
3 5361 5357 4223 
3 4223 4224 5361 
3 5361 4224 4225 
3 5361 4225 4226 
3 4226 4225 4559 
3 4226 4559 4227 
3 4227 4559 4229 
3 4227 4229 4228 
3 4228 4229 4230 
3 4228 4230 4231 
3 4231 4230 4232 
3 4231 4232 4233 
3 4233 4232 4562 
3 4233 4562 5365 
3 5365 4562 4563 
3 5365 4563 4234 
3 4234 4563 4235 
3 4234 4235 4565 
3 4238 4236 4237 
3 4237 4236 4558 
3 4237 4558 5350 
3 5350 4558 4557 
3 5350 4557 5357 
3 5357 4557 4555 
3 5357 4555 4223 
3 4237 5348 4238 
3 4238 5348 5353 
3 4238 5353 4239 
3 4239 5353 5354 
3 4551 4241 4240 
3 4240 4241 4242 
3 4240 4242 5345 
3 5345 4242 4553 
3 5345 4553 5342 
3 5342 4553 4243 
3 5342 4243 5354 
3 5354 4243 4554 
3 5354 4554 4239 
3 4240 5335 4551 
3 4551 5335 5338 
3 4551 5338 4245 
3 4245 5338 5340 
3 4246 4548 4244 
3 4244 4548 4546 
3 4244 4546 5340 
3 5340 4546 4545 
3 5340 4545 4245 
3 4244 5331 4246 
3 4246 5331 5332 
3 4246 5332 4247 
3 4247 5332 4248 
3 4247 4248 4543 
3 4543 4248 4249 
3 4249 4248 4250 
3 4249 4250 4251 
3 4251 4250 4252 
3 4251 4252 4541 
3 4541 4252 5327 
3 4541 5327 4253 
3 4253 5327 4254 
3 4254 5327 5328 
3 4254 5328 4258 
3 4259 4255 5317 
3 5317 4255 4538 
3 5317 4538 4256 
3 4256 4538 4539 
3 4256 4539 4258 
3 4258 4539 4257 
3 4258 4257 4254 
3 5317 5319 4259 
3 4259 5319 5320 
3 4259 5320 4533 
3 4533 5320 5321 
3 4265 4531 5309 
3 5309 4531 4261 
3 5309 4261 4260 
3 4260 4261 4262 
3 4260 4262 5314 
3 5314 4262 4536 
3 5314 4536 4263 
3 4263 4536 4535 
3 4263 4535 5321 
3 5321 4535 4264 
3 5321 4264 4533 
3 4527 4526 5312 
3 5312 4526 4525 
3 5312 4525 5311 
3 5311 4525 4528 
3 5311 4528 4265 
3 4265 4528 4266 
3 4265 4266 4531 
3 5312 5307 4527 
3 4527 5307 4267 
3 4527 4267 4268 
3 4268 4267 4270 
3 4276 4519 4269 
3 4269 4519 4521 
3 4269 4521 5302 
3 5302 4521 4522 
3 5302 4522 5303 
3 5303 4522 4523 
3 5303 4523 4270 
3 4270 4523 4524 
3 4270 4524 4268 
3 4278 4515 4277 
3 4277 4515 4272 
3 4277 4272 4271 
3 4271 4272 4273 
3 4271 4273 4275 
3 4275 4273 4274 
3 4275 4274 4276 
3 4276 4274 4517 
3 4276 4517 4519 
3 4277 4279 4278 
3 4278 4279 4280 
3 4278 4280 4285 
3 4285 4280 5290 
3 4288 4281 5293 
3 5293 4281 4282 
3 5293 4282 4283 
3 4283 4282 4511 
3 4283 4511 4284 
3 4284 4511 4512 
3 4284 4512 5290 
3 5290 4512 4514 
3 5290 4514 4285 
3 4290 4510 5287 
3 5287 4510 4508 
3 5287 4508 4286 
3 4286 4508 4287 
3 4286 4287 4288 
3 4288 4287 4507 
3 4288 4507 4281 
3 7854 7856 5289 
3 5289 7856 4289 
3 5289 4289 4290 
3 4290 4289 4506 
3 4290 4506 4510 
3 4315 4459 4461 
3 4291 4484 4460 
3 4292 4293 4420 
3 4402 4383 4401 
3 4384 4359 4357 
3 4360 4294 4358 
3 4358 4294 7096 
3 4295 5437 5439 
3 4458 5434 4440 
3 4457 4483 5433 
3 4501 4296 5430 
3 4502 4297 4503 
3 5224 5225 4297 
3 4297 4502 5224 
3 5224 4502 4500 
3 5224 4500 5223 
3 5223 4500 4298 
3 5223 4298 4299 
3 4299 4298 4300 
3 4299 4300 5222 
3 5222 4300 4497 
3 5222 4497 5220 
3 5220 4497 4496 
3 5220 4496 5218 
3 5218 4496 4301 
3 5218 4301 5216 
3 5216 4301 4495 
3 5216 4495 5214 
3 5214 4495 4302 
3 5214 4302 5212 
3 5212 4302 4493 
3 5212 4493 5211 
3 5211 4493 4491 
3 5211 4491 5209 
3 5209 4491 4489 
3 5209 4489 4303 
3 4303 4489 4487 
3 4303 4487 4304 
3 4304 4487 4486 
3 4304 4486 4305 
3 4305 4486 4306 
3 4305 4306 5226 
3 5226 4306 4307 
3 5226 4307 4308 
3 4308 4307 4309 
3 4308 4309 5227 
3 5227 4309 4310 
3 5227 4310 4311 
3 4311 4310 4485 
3 4311 4485 5248 
3 5279 5248 4312 
3 4312 5248 4485 
3 4312 4485 4313 
3 4313 4485 4484 
3 4291 4460 4459 
3 4421 4314 4422 
3 4422 4314 4315 
3 5283 4316 4403 
3 4403 4316 4421 
3 4385 5278 4318 
3 4318 5278 4317 
3 4318 4317 5283 
3 4361 5276 4362 
3 4362 5276 4385 
3 4338 4320 4319 
3 4319 4320 4361 
3 4336 5274 4337 
3 7096 5441 4358 
3 4358 5441 4321 
3 4358 4321 4356 
3 4356 4321 5442 
3 4356 5442 4354 
3 4354 5442 5449 
3 4354 5449 4322 
3 4322 5449 5447 
3 4322 5447 4353 
3 4353 5447 5452 
3 4353 5452 4351 
3 4351 5452 4323 
3 4351 4323 4349 
3 4349 4323 5456 
3 4349 5456 4324 
3 4324 5456 5461 
3 4324 5461 4325 
3 4325 5461 5463 
3 4325 5463 4348 
3 4348 5463 4326 
3 4348 4326 4347 
3 4347 4326 5471 
3 4347 5471 4327 
3 4327 5471 4328 
3 4327 4328 4344 
3 4344 4328 5474 
3 4344 5474 4343 
3 4343 5474 5473 
3 4343 5473 4329 
3 4329 5473 4330 
3 4329 4330 4340 
3 4340 4330 4331 
3 4340 4331 4333 
3 4333 4331 4332 
3 4333 4332 4334 
3 4334 4332 4336 
3 4334 4336 4335 
3 4335 4336 4337 
3 4335 4337 4338 
3 4338 4319 4335 
3 4335 4319 4339 
3 4335 4339 4334 
3 4334 4339 4365 
3 4334 4365 4333 
3 4333 4365 4367 
3 4333 4367 4340 
3 4340 4367 4341 
3 4340 4341 4329 
3 4329 4341 4342 
3 4329 4342 4343 
3 4343 4342 4370 
3 4343 4370 4344 
3 4344 4370 4345 
3 4344 4345 4327 
3 4327 4345 4346 
3 4327 4346 4347 
3 4347 4346 4372 
3 4347 4372 4348 
3 4348 4372 4373 
3 4348 4373 4325 
3 4325 4373 4374 
3 4325 4374 4324 
3 4324 4374 4350 
3 4324 4350 4349 
3 4349 4350 4378 
3 4349 4378 4351 
3 4351 4378 4380 
3 4351 4380 4353 
3 4353 4380 4352 
3 4353 4352 4322 
3 4322 4352 4382 
3 4322 4382 4354 
3 4354 4382 4355 
3 4354 4355 4356 
3 4356 4355 4357 
3 4356 4357 4358 
3 4358 4357 4359 
3 4358 4359 4360 
3 4361 4362 4319 
3 4319 4362 4363 
3 4319 4363 4339 
3 4339 4363 4364 
3 4339 4364 4365 
3 4365 4364 4366 
3 4365 4366 4367 
3 4367 4366 4368 
3 4367 4368 4341 
3 4341 4368 4369 
3 4341 4369 4342 
3 4342 4369 4390 
3 4342 4390 4370 
3 4370 4390 4392 
3 4370 4392 4345 
3 4345 4392 4393 
3 4345 4393 4346 
3 4346 4393 4371 
3 4346 4371 4372 
3 4372 4371 4396 
3 4372 4396 4373 
3 4373 4396 4375 
3 4373 4375 4374 
3 4374 4375 4376 
3 4374 4376 4350 
3 4350 4376 4377 
3 4350 4377 4378 
3 4378 4377 4379 
3 4378 4379 4380 
3 4380 4379 4381 
3 4380 4381 4352 
3 4352 4381 4398 
3 4352 4398 4382 
3 4382 4398 4400 
3 4382 4400 4355 
3 4355 4400 4401 
3 4355 4401 4357 
3 4357 4401 4383 
3 4357 4383 4384 
3 4385 4318 4362 
3 4362 4318 4386 
3 4362 4386 4363 
3 4363 4386 4387 
3 4363 4387 4364 
3 4364 4387 4388 
3 4364 4388 4366 
3 4366 4388 4389 
3 4366 4389 4368 
3 4368 4389 4405 
3 4368 4405 4369 
3 4369 4405 4407 
3 4369 4407 4390 
3 4390 4407 4391 
3 4390 4391 4392 
3 4392 4391 4409 
3 4392 4409 4393 
3 4393 4409 4394 
3 4393 4394 4371 
3 4371 4394 4395 
3 4371 4395 4396 
3 4396 4395 4412 
3 4396 4412 4375 
3 4375 4412 4414 
3 4375 4414 4376 
3 4376 4414 4416 
3 4376 4416 4377 
3 4377 4416 4418 
3 4377 4418 4379 
3 4379 4418 4419 
3 4379 4419 4381 
3 4381 4419 4397 
3 4381 4397 4398 
3 4398 4397 4399 
3 4398 4399 4400 
3 4400 4399 4420 
3 4400 4420 4401 
3 4401 4420 4293 
3 4401 4293 4402 
3 5283 4403 4318 
3 4318 4403 4423 
3 4318 4423 4386 
3 4386 4423 4425 
3 4386 4425 4387 
3 4387 4425 4404 
3 4387 4404 4388 
3 4388 4404 4426 
3 4388 4426 4389 
3 4389 4426 4428 
3 4389 4428 4405 
3 4405 4428 4406 
3 4405 4406 4407 
3 4407 4406 4430 
3 4407 4430 4391 
3 4391 4430 4408 
3 4391 4408 4409 
3 4409 4408 4432 
3 4409 4432 4394 
3 4394 4432 4410 
3 4394 4410 4395 
3 4395 4410 4411 
3 4395 4411 4412 
3 4412 4411 4413 
3 4412 4413 4414 
3 4414 4413 4415 
3 4414 4415 4416 
3 4416 4415 4417 
3 4416 4417 4418 
3 4418 4417 4437 
3 4418 4437 4419 
3 4419 4437 4438 
3 4419 4438 4397 
3 4397 4438 4439 
3 4397 4439 4399 
3 4399 4439 4295 
3 4399 4295 4420 
3 4420 4295 5439 
3 4420 5439 4292 
3 4421 4422 4403 
3 4403 4422 4441 
3 4403 4441 4423 
3 4423 4441 4424 
3 4423 4424 4425 
3 4425 4424 4442 
3 4425 4442 4404 
3 4404 4442 4443 
3 4404 4443 4426 
3 4426 4443 4427 
3 4426 4427 4428 
3 4428 4427 4429 
3 4428 4429 4406 
3 4406 4429 4431 
3 4406 4431 4430 
3 4430 4431 4446 
3 4430 4446 4408 
3 4408 4446 4449 
3 4408 4449 4432 
3 4432 4449 4450 
3 4432 4450 4410 
3 4410 4450 4451 
3 4410 4451 4411 
3 4411 4451 4433 
3 4411 4433 4413 
3 4413 4433 4434 
3 4413 4434 4415 
3 4415 4434 4435 
3 4415 4435 4417 
3 4417 4435 4436 
3 4417 4436 4437 
3 4437 4436 4454 
3 4437 4454 4438 
3 4438 4454 4456 
3 4438 4456 4439 
3 4439 4456 4458 
3 4439 4458 4295 
3 4295 4458 4440 
3 4295 4440 5437 
3 4315 4461 4422 
3 4422 4461 4463 
3 4422 4463 4441 
3 4441 4463 4466 
3 4441 4466 4424 
3 4424 4466 4467 
3 4424 4467 4442 
3 4442 4467 4469 
3 4442 4469 4443 
3 4443 4469 4471 
3 4443 4471 4427 
3 4427 4471 4444 
3 4427 4444 4429 
3 4429 4444 4445 
3 4429 4445 4431 
3 4431 4445 4447 
3 4431 4447 4446 
3 4446 4447 4473 
3 4446 4473 4449 
3 4449 4473 4448 
3 4449 4448 4450 
3 4450 4448 4475 
3 4450 4475 4451 
3 4451 4475 4476 
3 4451 4476 4433 
3 4433 4476 4452 
3 4433 4452 4434 
3 4434 4452 4480 
3 4434 4480 4435 
3 4435 4480 4453 
3 4435 4453 4436 
3 4436 4453 4455 
3 4436 4455 4454 
3 4454 4455 4482 
3 4454 4482 4456 
3 4456 4482 4457 
3 4456 4457 4458 
3 4458 4457 5433 
3 4458 5433 5434 
3 4459 4460 4461 
3 4461 4460 4462 
3 4461 4462 4463 
3 4463 4462 4464 
3 4463 4464 4466 
3 4466 4464 4465 
3 4466 4465 4467 
3 4467 4465 4468 
3 4467 4468 4469 
3 4469 4468 4470 
3 4469 4470 4471 
3 4471 4470 4488 
3 4471 4488 4444 
3 4444 4488 4490 
3 4444 4490 4445 
3 4445 4490 4472 
3 4445 4472 4447 
3 4447 4472 4492 
3 4447 4492 4473 
3 4473 4492 4474 
3 4473 4474 4448 
3 4448 4474 4494 
3 4448 4494 4475 
3 4475 4494 4477 
3 4475 4477 4476 
3 4476 4477 4478 
3 4476 4478 4452 
3 4452 4478 4498 
3 4452 4498 4480 
3 4480 4498 4479 
3 4480 4479 4453 
3 4453 4479 4499 
3 4453 4499 4455 
3 4455 4499 4481 
3 4455 4481 4482 
3 4482 4481 4501 
3 4482 4501 4457 
3 4457 4501 5430 
3 4457 5430 4483 
3 4484 4485 4460 
3 4460 4485 4310 
3 4460 4310 4462 
3 4462 4310 4309 
3 4462 4309 4464 
3 4464 4309 4307 
3 4464 4307 4465 
3 4465 4307 4306 
3 4465 4306 4468 
3 4468 4306 4486 
3 4468 4486 4470 
3 4470 4486 4487 
3 4470 4487 4488 
3 4488 4487 4489 
3 4488 4489 4490 
3 4490 4489 4491 
3 4490 4491 4472 
3 4472 4491 4493 
3 4472 4493 4492 
3 4492 4493 4302 
3 4492 4302 4474 
3 4474 4302 4495 
3 4474 4495 4494 
3 4494 4495 4301 
3 4494 4301 4477 
3 4477 4301 4496 
3 4477 4496 4478 
3 4478 4496 4497 
3 4478 4497 4498 
3 4498 4497 4300 
3 4498 4300 4479 
3 4479 4300 4298 
3 4479 4298 4499 
3 4499 4298 4500 
3 4499 4500 4481 
3 4481 4500 4502 
3 4481 4502 4501 
3 4501 4502 4503 
3 4501 4503 4296 
3 4624 5619 4622 
3 4504 4175 5137 
3 4756 4289 4505 
3 4505 4289 7856 
3 4509 4510 4756 
3 4756 4510 4506 
3 4756 4506 4289 
3 4282 4281 4759 
3 4759 4281 4507 
3 4759 4507 4757 
3 4757 4507 4287 
3 4757 4287 4509 
3 4509 4287 4508 
3 4509 4508 4510 
3 4282 4759 4511 
3 4511 4759 4760 
3 4511 4760 4512 
3 4512 4760 4513 
3 4512 4513 4514 
3 4514 4513 4761 
3 4514 4761 4285 
3 4285 4761 4278 
3 4278 4761 4762 
3 4278 4762 4515 
3 4515 4762 4272 
3 4272 4762 4516 
3 4272 4516 4273 
3 4273 4516 4274 
3 4274 4516 4764 
3 4274 4764 4517 
3 4517 4764 4518 
3 4517 4518 4519 
3 4519 4518 4521 
3 4521 4518 4520 
3 4521 4520 4522 
3 4522 4520 4523 
3 4523 4520 4767 
3 4523 4767 4524 
3 4524 4767 4769 
3 4524 4769 4268 
3 4771 4525 4770 
3 4770 4525 4526 
3 4770 4526 4769 
3 4769 4526 4527 
3 4769 4527 4268 
3 4530 4531 4774 
3 4774 4531 4266 
3 4774 4266 4771 
3 4771 4266 4528 
3 4771 4528 4525 
3 4529 4262 4530 
3 4530 4262 4261 
3 4530 4261 4531 
3 4259 4533 4532 
3 4532 4533 4264 
3 4532 4264 4534 
3 4534 4264 4535 
3 4534 4535 4529 
3 4529 4535 4536 
3 4529 4536 4262 
3 4259 4532 4255 
3 4255 4532 4537 
3 4255 4537 4538 
3 4538 4537 4778 
3 4538 4778 4539 
3 4539 4778 4257 
3 4257 4778 4540 
3 4257 4540 4254 
3 4254 4540 4781 
3 4254 4781 4253 
3 4253 4781 4541 
3 4541 4781 4782 
3 4541 4782 4251 
3 4251 4782 4249 
3 4249 4782 4542 
3 4249 4542 4543 
3 4543 4542 4549 
3 4543 4549 4247 
3 4788 4545 4544 
3 4544 4545 4546 
3 4544 4546 4547 
3 4547 4546 4548 
3 4547 4548 4549 
3 4549 4548 4246 
3 4549 4246 4247 
3 4550 4551 4788 
3 4788 4551 4245 
3 4788 4245 4545 
3 4552 4242 4550 
3 4550 4242 4241 
3 4550 4241 4551 
3 4791 4554 4790 
3 4790 4554 4243 
3 4790 4243 4552 
3 4552 4243 4553 
3 4552 4553 4242 
3 4793 4238 4791 
3 4791 4238 4239 
3 4791 4239 4554 
3 4223 4555 4556 
3 4556 4555 4557 
3 4556 4557 4794 
3 4794 4557 4558 
3 4794 4558 4793 
3 4793 4558 4236 
3 4793 4236 4238 
3 4223 4556 4224 
3 4224 4556 4796 
3 4224 4796 4225 
3 4225 4796 4560 
3 4225 4560 4559 
3 4559 4560 4229 
3 4229 4560 4797 
3 4229 4797 4230 
3 4230 4797 4561 
3 4230 4561 4232 
3 4232 4561 4562 
3 4562 4561 4564 
3 4562 4564 4563 
3 4563 4564 4235 
3 4235 4564 4799 
3 4235 4799 4565 
3 4565 4799 4566 
3 4565 4566 4221 
3 4567 4574 4568 
3 4568 4574 4222 
3 4568 4222 4566 
3 4566 4222 4569 
3 4566 4569 4221 
3 4570 4571 4572 
3 4572 4571 4212 
3 4572 4212 4567 
3 4567 4212 4573 
3 4567 4573 4574 
3 4803 4215 4570 
3 4570 4215 4213 
3 4570 4213 4571 
3 4208 4207 4576 
3 4576 4207 4205 
3 4576 4205 4575 
3 4575 4205 4220 
3 4575 4220 4803 
3 4803 4220 4218 
3 4803 4218 4215 
3 4208 4576 4209 
3 4209 4576 4804 
3 4209 4804 4577 
3 4577 4804 4805 
3 4577 4805 4578 
3 4578 4805 4579 
3 4579 4805 4806 
3 4579 4806 4200 
3 4200 4806 4807 
3 4200 4807 4580 
3 4580 4807 4202 
3 4202 4807 4809 
3 4202 4809 4204 
3 4204 4809 4194 
3 4194 4809 4581 
3 4194 4581 4195 
3 4195 4581 4582 
3 4195 4582 4583 
3 4588 4198 4812 
3 4812 4198 4585 
3 4812 4585 4584 
3 4584 4585 4586 
3 4584 4586 4582 
3 4582 4586 4587 
3 4582 4587 4583 
3 4589 4591 4588 
3 4588 4591 4190 
3 4588 4190 4198 
3 4814 4191 4589 
3 4589 4191 4590 
3 4589 4590 4591 
3 4592 4187 4816 
3 4816 4187 4593 
3 4816 4593 4814 
3 4814 4593 4192 
3 4814 4192 4191 
3 4594 4188 4592 
3 4592 4188 4595 
3 4592 4595 4187 
3 4183 4182 4819 
3 4819 4182 4596 
3 4819 4596 4597 
3 4597 4596 4598 
3 4597 4598 4594 
3 4594 4598 4599 
3 4594 4599 4188 
3 4183 4819 4600 
3 4600 4819 4820 
3 4600 4820 4601 
3 4601 4820 4602 
3 4601 4602 4177 
3 4177 4602 4603 
3 4603 4602 4821 
3 4603 4821 4604 
3 4604 4821 4605 
3 4604 4605 4606 
3 4606 4605 4179 
3 4179 4605 4823 
3 4179 4823 4181 
3 4181 4823 4607 
3 4607 4823 4825 
3 4607 4825 4608 
3 4608 4825 4827 
3 4608 4827 4609 
3 4609 4827 7849 
3 7849 4827 5263 
3 7849 5263 4610 
3 4826 4830 4828 
3 4112 4612 4611 
3 4611 4612 4613 
3 4611 4613 4831 
3 5072 5073 4173 
3 4173 4111 5072 
3 5072 4111 4615 
3 5072 4615 4614 
3 4614 4615 4616 
3 4614 4616 4617 
3 4174 4618 5135 
3 5135 4618 4619 
3 5135 4619 5136 
3 4620 4621 4622 
3 4622 4621 5207 
3 4622 5207 4626 
3 4620 4622 4623 
3 4623 4622 5619 
3 4623 5619 4176 
3 4624 4622 4625 
3 4625 4622 4626 
3 4625 4626 5615 
3 5615 4626 5205 
3 5615 5205 5613 
3 5613 5205 4627 
3 4627 5205 5204 
3 4627 5204 4628 
3 4628 5204 4629 
3 4629 5204 5202 
3 4629 5202 4630 
3 4630 5202 4631 
3 4631 5202 4632 
3 4631 4632 5611 
3 5611 4632 4634 
3 4634 4632 4633 
3 4634 4633 5610 
3 5610 4633 5608 
3 5608 4633 4635 
3 5608 4635 5607 
3 5607 4635 4636 
3 4636 4635 4637 
3 4636 4637 5606 
3 5606 4637 4638 
3 4638 4637 4639 
3 4638 4639 5605 
3 5605 4639 4640 
3 4640 4639 4642 
3 4640 4642 4641 
3 4641 4642 4643 
3 4643 4642 4645 
3 4643 4645 4644 
3 4644 4645 4646 
3 4646 4645 5197 
3 4646 5197 4647 
3 4647 5197 5603 
3 5603 5197 5195 
3 5603 5195 5602 
3 5602 5195 4648 
3 4648 5195 5193 
3 4648 5193 4649 
3 4649 5193 4651 
3 4651 5193 4650 
3 4651 4650 5599 
3 5599 4650 4652 
3 4652 4650 5191 
3 4652 5191 5596 
3 5596 5191 5595 
3 5595 5191 4653 
3 5595 4653 5594 
3 5594 4653 5593 
3 5593 4653 5188 
3 5593 5188 5592 
3 5592 5188 5591 
3 5591 5188 4655 
3 5591 4655 5589 
3 5589 4655 4654 
3 4654 4655 5187 
3 4654 5187 5588 
3 5588 5187 5587 
3 5587 5187 5185 
3 5587 5185 4656 
3 4656 5185 5585 
3 5585 5185 4657 
3 5585 4657 5583 
3 5583 4657 4658 
3 4658 4657 4659 
3 4658 4659 5582 
3 5582 4659 5581 
3 5581 4659 5181 
3 5581 5181 5579 
3 5579 5181 5578 
3 5578 5181 5180 
3 5578 5180 5577 
3 5577 5180 5575 
3 5575 5180 5178 
3 5575 5178 5574 
3 5574 5178 4660 
3 4660 5178 4661 
3 4660 4661 4662 
3 4662 4661 5571 
3 5571 4661 4663 
3 5571 4663 4664 
3 4664 4663 4665 
3 4665 4663 5176 
3 4665 5176 5570 
3 5570 5176 4666 
3 4666 5176 4667 
3 4666 4667 5568 
3 5568 4667 5567 
3 5567 4667 5174 
3 5567 5174 5564 
3 5564 5174 4668 
3 4668 5174 5172 
3 4668 5172 4669 
3 4669 5172 5562 
3 5562 5172 4670 
3 5562 4670 5561 
3 5561 4670 4671 
3 4671 4670 4672 
3 4671 4672 4673 
3 4673 4672 4674 
3 4674 4672 4675 
3 4674 4675 4676 
3 4676 4675 4677 
3 4677 4675 4678 
3 4677 4678 4679 
3 4679 4678 4680 
3 4680 4678 4682 
3 4680 4682 4681 
3 4681 4682 5557 
3 5557 4682 5168 
3 5557 5168 4683 
3 4683 5168 4684 
3 4684 5168 5166 
3 4684 5166 5555 
3 5555 5166 4685 
3 4685 5166 5164 
3 4685 5164 4686 
3 4686 5164 5553 
3 5553 5164 4687 
3 5553 4687 5551 
3 5551 4687 5550 
3 5550 4687 5163 
3 5550 5163 5549 
3 5549 5163 4688 
3 4688 5163 4689 
3 4688 4689 5547 
3 5547 4689 4690 
3 4690 4689 4691 
3 4690 4691 5546 
3 5546 4691 4692 
3 4692 4691 4693 
3 4692 4693 5544 
3 5544 4693 4694 
3 4694 4693 5159 
3 4694 5159 4695 
3 4695 5159 4697 
3 4697 5159 4696 
3 4697 4696 4698 
3 4698 4696 4699 
3 4699 4696 5158 
3 4699 5158 5541 
3 5541 5158 5540 
3 5540 5158 4701 
3 5540 4701 4700 
3 4700 4701 5538 
3 5538 4701 4703 
3 5538 4703 5536 
3 5536 4703 4702 
3 4702 4703 4704 
3 4702 4704 5534 
3 5534 4704 4706 
3 4706 4704 4705 
3 4706 4705 5532 
3 5532 4705 4707 
3 4707 4705 4708 
3 4707 4708 4709 
3 4709 4708 4710 
3 4710 4708 4712 
3 4710 4712 5528 
3 5528 4712 4711 
3 4711 4712 4713 
3 4711 4713 5530 
3 5530 4713 5524 
3 5524 4713 4714 
3 5524 4714 5525 
3 5525 4714 5527 
3 5527 4714 5154 
3 5527 5154 4715 
3 4715 5154 5519 
3 5519 5154 5152 
3 5519 5152 5520 
3 5520 5152 5521 
3 5521 5152 4716 
3 5521 4716 5522 
3 5522 4716 4717 
3 4717 4716 4718 
3 4717 4718 5516 
3 5516 4718 4719 
3 4719 4718 4720 
3 4719 4720 4721 
3 4721 4720 4722 
3 4722 4720 4723 
3 4722 4723 5513 
3 5513 4723 4724 
3 4724 4723 5149 
3 4724 5149 4725 
3 4725 5149 4726 
3 4726 5149 4727 
3 4726 4727 4728 
3 4728 4727 5510 
3 5510 4727 4729 
3 5510 4729 4730 
3 5145 4738 4731 
3 4731 4732 5145 
3 5145 4732 4733 
3 5145 4733 4729 
3 4729 4733 4734 
3 4729 4734 4730 
3 4737 4743 4735 
3 4735 4736 4737 
3 4737 4736 5505 
3 4737 5505 4738 
3 4738 5505 5504 
3 4738 5504 4731 
3 4741 4745 4739 
3 4739 4740 4741 
3 4741 4740 4742 
3 4741 4742 4743 
3 4743 4742 5507 
3 4743 5507 4735 
3 4744 5143 5501 
3 5501 5500 4744 
3 4744 5500 5499 
3 4744 5499 4745 
3 4745 5499 5497 
3 4745 5497 4739 
3 5140 4752 4746 
3 4746 4747 5140 
3 5140 4747 4748 
3 5140 4748 5143 
3 5143 4748 4749 
3 5143 4749 5501 
3 4751 5266 5791 
3 5791 4750 4751 
3 4751 4750 5494 
3 4751 5494 4752 
3 4752 5494 5496 
3 4752 5496 4746 
3 5138 5269 5266 
3 5074 5270 5269 
3 4753 5271 5270 
3 4754 5273 5272 
3 5273 4505 4755 
3 4755 4505 7856 
3 4755 7856 5267 
3 5273 4754 4505 
3 4505 4754 4911 
3 4505 4911 4756 
3 4756 4911 4909 
3 4756 4909 4509 
3 4509 4909 4908 
3 4509 4908 4757 
3 4757 4908 4758 
3 4757 4758 4759 
3 4759 4758 4907 
3 4759 4907 4760 
3 4760 4907 4906 
3 4760 4906 4513 
3 4513 4906 4904 
3 4513 4904 4761 
3 4761 4904 4902 
3 4761 4902 4762 
3 4762 4902 4763 
3 4762 4763 4516 
3 4516 4763 4900 
3 4516 4900 4764 
3 4764 4900 4896 
3 4764 4896 4518 
3 4518 4896 4765 
3 4518 4765 4520 
3 4520 4765 4766 
3 4520 4766 4767 
3 4767 4766 4768 
3 4767 4768 4769 
3 4769 4768 4895 
3 4769 4895 4770 
3 4770 4895 4772 
3 4770 4772 4771 
3 4771 4772 4773 
3 4771 4773 4774 
3 4774 4773 4892 
3 4774 4892 4530 
3 4530 4892 4891 
3 4530 4891 4529 
3 4529 4891 4775 
3 4529 4775 4534 
3 4534 4775 4888 
3 4534 4888 4532 
3 4532 4888 4776 
3 4532 4776 4537 
3 4537 4776 4777 
3 4537 4777 4778 
3 4778 4777 4779 
3 4778 4779 4540 
3 4540 4779 4780 
3 4540 4780 4781 
3 4781 4780 4886 
3 4781 4886 4782 
3 4782 4886 4783 
3 4782 4783 4542 
3 4542 4783 4784 
3 4542 4784 4549 
3 4549 4784 4785 
3 4549 4785 4547 
3 4547 4785 4786 
3 4547 4786 4544 
3 4544 4786 4881 
3 4544 4881 4788 
3 4788 4881 4787 
3 4788 4787 4550 
3 4550 4787 4880 
3 4550 4880 4552 
3 4552 4880 4789 
3 4552 4789 4790 
3 4790 4789 4792 
3 4790 4792 4791 
3 4791 4792 4878 
3 4791 4878 4793 
3 4793 4878 4876 
3 4793 4876 4794 
3 4794 4876 4795 
3 4794 4795 4556 
3 4556 4795 4874 
3 4556 4874 4796 
3 4796 4874 4872 
3 4796 4872 4560 
3 4560 4872 4870 
3 4560 4870 4797 
3 4797 4870 4869 
3 4797 4869 4561 
3 4561 4869 4867 
3 4561 4867 4564 
3 4564 4867 4798 
3 4564 4798 4799 
3 4799 4798 4865 
3 4799 4865 4566 
3 4566 4865 4863 
3 4566 4863 4568 
3 4568 4863 4800 
3 4568 4800 4567 
3 4567 4800 4801 
3 4567 4801 4572 
3 4572 4801 4802 
3 4572 4802 4570 
3 4570 4802 4859 
3 4570 4859 4803 
3 4803 4859 4858 
3 4803 4858 4575 
3 4575 4858 4857 
3 4575 4857 4576 
3 4576 4857 4855 
3 4576 4855 4804 
3 4804 4855 4852 
3 4804 4852 4805 
3 4805 4852 4851 
3 4805 4851 4806 
3 4806 4851 4850 
3 4806 4850 4807 
3 4807 4850 4808 
3 4807 4808 4809 
3 4809 4808 4847 
3 4809 4847 4581 
3 4581 4847 4810 
3 4581 4810 4582 
3 4582 4810 4811 
3 4582 4811 4584 
3 4584 4811 4846 
3 4584 4846 4812 
3 4812 4846 4813 
3 4812 4813 4588 
3 4588 4813 4845 
3 4588 4845 4589 
3 4589 4845 4843 
3 4589 4843 4814 
3 4814 4843 4815 
3 4814 4815 4816 
3 4816 4815 4841 
3 4816 4841 4592 
3 4592 4841 4838 
3 4592 4838 4594 
3 4594 4838 4837 
3 4594 4837 4597 
3 4597 4837 4817 
3 4597 4817 4819 
3 4819 4817 4818 
3 4819 4818 4820 
3 4820 4818 4834 
3 4820 4834 4602 
3 4602 4834 4833 
3 4602 4833 4821 
3 4821 4833 4822 
3 4821 4822 4605 
3 4605 4822 4832 
3 4605 4832 4823 
3 4823 4832 4824 
3 4823 4824 4825 
3 4825 4824 4826 
3 4825 4826 4827 
3 4827 4826 4828 
3 4827 4828 5263 
3 4829 4830 4831 
3 4831 4830 4826 
3 4831 4826 4611 
3 4611 4826 4824 
3 4611 4824 4988 
3 4988 4824 4832 
3 4988 4832 4987 
3 4987 4832 4822 
3 4987 4822 4985 
3 4985 4822 4833 
3 4985 4833 4984 
3 4984 4833 4834 
3 4984 4834 4835 
3 4835 4834 4818 
3 4835 4818 4982 
3 4982 4818 4817 
3 4982 4817 4836 
3 4836 4817 4837 
3 4836 4837 4981 
3 4981 4837 4838 
3 4981 4838 4839 
3 4839 4838 4841 
3 4839 4841 4840 
3 4840 4841 4815 
3 4840 4815 4842 
3 4842 4815 4843 
3 4842 4843 4844 
3 4844 4843 4845 
3 4844 4845 4977 
3 4977 4845 4813 
3 4977 4813 4976 
3 4976 4813 4846 
3 4976 4846 4974 
3 4974 4846 4811 
3 4974 4811 4972 
3 4972 4811 4810 
3 4972 4810 4848 
3 4848 4810 4847 
3 4848 4847 4849 
3 4849 4847 4808 
3 4849 4808 4970 
3 4970 4808 4850 
3 4970 4850 4969 
3 4969 4850 4851 
3 4969 4851 4853 
3 4853 4851 4852 
3 4853 4852 4966 
3 4966 4852 4855 
3 4966 4855 4854 
3 4854 4855 4857 
3 4854 4857 4856 
3 4856 4857 4858 
3 4856 4858 4963 
3 4963 4858 4859 
3 4963 4859 4860 
3 4860 4859 4802 
3 4860 4802 4961 
3 4961 4802 4801 
3 4961 4801 4861 
3 4861 4801 4800 
3 4861 4800 4862 
3 4862 4800 4863 
3 4862 4863 4864 
3 4864 4863 4865 
3 4864 4865 4957 
3 4957 4865 4798 
3 4957 4798 4866 
3 4866 4798 4867 
3 4866 4867 4868 
3 4868 4867 4869 
3 4868 4869 4954 
3 4954 4869 4870 
3 4954 4870 4871 
3 4871 4870 4872 
3 4871 4872 4873 
3 4873 4872 4874 
3 4873 4874 4953 
3 4953 4874 4795 
3 4953 4795 4875 
3 4875 4795 4876 
3 4875 4876 4877 
3 4877 4876 4878 
3 4877 4878 4879 
3 4879 4878 4792 
3 4879 4792 4950 
3 4950 4792 4789 
3 4950 4789 4949 
3 4949 4789 4880 
3 4949 4880 4947 
3 4947 4880 4787 
3 4947 4787 4946 
3 4946 4787 4881 
3 4946 4881 4945 
3 4945 4881 4786 
3 4945 4786 4943 
3 4943 4786 4785 
3 4943 4785 4882 
3 4882 4785 4784 
3 4882 4784 4883 
3 4883 4784 4783 
3 4883 4783 4884 
3 4884 4783 4886 
3 4884 4886 4885 
3 4885 4886 4780 
3 4885 4780 4940 
3 4940 4780 4779 
3 4940 4779 4939 
3 4939 4779 4777 
3 4939 4777 4937 
3 4937 4777 4776 
3 4937 4776 4887 
3 4887 4776 4888 
3 4887 4888 4935 
3 4935 4888 4775 
3 4935 4775 4889 
3 4889 4775 4891 
3 4889 4891 4890 
3 4890 4891 4892 
3 4890 4892 4933 
3 4933 4892 4773 
3 4933 4773 4893 
3 4893 4773 4772 
3 4893 4772 4894 
3 4894 4772 4895 
3 4894 4895 4931 
3 4931 4895 4768 
3 4931 4768 4929 
3 4929 4768 4766 
3 4929 4766 4927 
3 4927 4766 4765 
3 4927 4765 4897 
3 4897 4765 4896 
3 4897 4896 4898 
3 4898 4896 4900 
3 4898 4900 4899 
3 4899 4900 4763 
3 4899 4763 4901 
3 4901 4763 4902 
3 4901 4902 4903 
3 4903 4902 4904 
3 4903 4904 4905 
3 4905 4904 4906 
3 4905 4906 4921 
3 4921 4906 4907 
3 4921 4907 4920 
3 4920 4907 4758 
3 4920 4758 4918 
3 4918 4758 4908 
3 4918 4908 4917 
3 4917 4908 4909 
3 4917 4909 4910 
3 4910 4909 4911 
3 4910 4911 4914 
3 4914 4911 4754 
3 4914 4754 4912 
3 4912 4754 5272 
3 4912 5272 5271 
3 5271 4753 4912 
3 4912 4753 4913 
3 4912 4913 4914 
3 4914 4913 4915 
3 4914 4915 4910 
3 4910 4915 4916 
3 4910 4916 4917 
3 4917 4916 4919 
3 4917 4919 4918 
3 4918 4919 4990 
3 4918 4990 4920 
3 4920 4990 4992 
3 4920 4992 4921 
3 4921 4992 4922 
3 4921 4922 4905 
3 4905 4922 4923 
3 4905 4923 4903 
3 4903 4923 4924 
3 4903 4924 4901 
3 4901 4924 4996 
3 4901 4996 4899 
3 4899 4996 4925 
3 4899 4925 4898 
3 4898 4925 4926 
3 4898 4926 4897 
3 4897 4926 4999 
3 4897 4999 4927 
3 4927 4999 4928 
3 4927 4928 4929 
3 4929 4928 4930 
3 4929 4930 4931 
3 4931 4930 4932 
3 4931 4932 4894 
3 4894 4932 5002 
3 4894 5002 4893 
3 4893 5002 5003 
3 4893 5003 4933 
3 4933 5003 4934 
3 4933 4934 4890 
3 4890 4934 5005 
3 4890 5005 4889 
3 4889 5005 5007 
3 4889 5007 4935 
3 4935 5007 4936 
3 4935 4936 4887 
3 4887 4936 5009 
3 4887 5009 4937 
3 4937 5009 5010 
3 4937 5010 4939 
3 4939 5010 4938 
3 4939 4938 4940 
3 4940 4938 5011 
3 4940 5011 4885 
3 4885 5011 4941 
3 4885 4941 4884 
3 4884 4941 5014 
3 4884 5014 4883 
3 4883 5014 4942 
3 4883 4942 4882 
3 4882 4942 4944 
3 4882 4944 4943 
3 4943 4944 5019 
3 4943 5019 4945 
3 4945 5019 5020 
3 4945 5020 4946 
3 4946 5020 5021 
3 4946 5021 4947 
3 4947 5021 4948 
3 4947 4948 4949 
3 4949 4948 5023 
3 4949 5023 4950 
3 4950 5023 5024 
3 4950 5024 4879 
3 4879 5024 4951 
3 4879 4951 4877 
3 4877 4951 5026 
3 4877 5026 4875 
3 4875 5026 4952 
3 4875 4952 4953 
3 4953 4952 5029 
3 4953 5029 4873 
3 4873 5029 5030 
3 4873 5030 4871 
3 4871 5030 4955 
3 4871 4955 4954 
3 4954 4955 5033 
3 4954 5033 4868 
3 4868 5033 5035 
3 4868 5035 4866 
3 4866 5035 4956 
3 4866 4956 4957 
3 4957 4956 5038 
3 4957 5038 4864 
3 4864 5038 4958 
3 4864 4958 4862 
3 4862 4958 4959 
3 4862 4959 4861 
3 4861 4959 4960 
3 4861 4960 4961 
3 4961 4960 5042 
3 4961 5042 4860 
3 4860 5042 4962 
3 4860 4962 4963 
3 4963 4962 5043 
3 4963 5043 4856 
3 4856 5043 4964 
3 4856 4964 4854 
3 4854 4964 4965 
3 4854 4965 4966 
3 4966 4965 4967 
3 4966 4967 4853 
3 4853 4967 4968 
3 4853 4968 4969 
3 4969 4968 5048 
3 4969 5048 4970 
3 4970 5048 4971 
3 4970 4971 4849 
3 4849 4971 5050 
3 4849 5050 4848 
3 4848 5050 5052 
3 4848 5052 4972 
3 4972 5052 4973 
3 4972 4973 4974 
3 4974 4973 4975 
3 4974 4975 4976 
3 4976 4975 5056 
3 4976 5056 4977 
3 4977 5056 5057 
3 4977 5057 4844 
3 4844 5057 4978 
3 4844 4978 4842 
3 4842 4978 5061 
3 4842 5061 4840 
3 4840 5061 5063 
3 4840 5063 4839 
3 4839 5063 4979 
3 4839 4979 4981 
3 4981 4979 4980 
3 4981 4980 4836 
3 4836 4980 4983 
3 4836 4983 4982 
3 4982 4983 5067 
3 4982 5067 4835 
3 4835 5067 5069 
3 4835 5069 4984 
3 4984 5069 5070 
3 4984 5070 4985 
3 4985 5070 4986 
3 4985 4986 4987 
3 4987 4986 5072 
3 4987 5072 4988 
3 4988 5072 4614 
3 4988 4614 4611 
3 4611 4614 4617 
3 4611 4617 4112 
3 5270 5074 4753 
3 4753 5074 5075 
3 4753 5075 4913 
3 4913 5075 5076 
3 4913 5076 4915 
3 4915 5076 4989 
3 4915 4989 4916 
3 4916 4989 5078 
3 4916 5078 4919 
3 4919 5078 5079 
3 4919 5079 4990 
3 4990 5079 4991 
3 4990 4991 4992 
3 4992 4991 4993 
3 4992 4993 4922 
3 4922 4993 4994 
3 4922 4994 4923 
3 4923 4994 4995 
3 4923 4995 4924 
3 4924 4995 5083 
3 4924 5083 4996 
3 4996 5083 4997 
3 4996 4997 4925 
3 4925 4997 5084 
3 4925 5084 4926 
3 4926 5084 4998 
3 4926 4998 4999 
3 4999 4998 5087 
3 4999 5087 4928 
3 4928 5087 5000 
3 4928 5000 4930 
3 4930 5000 5001 
3 4930 5001 4932 
3 4932 5001 5089 
3 4932 5089 5002 
3 5002 5089 5092 
3 5002 5092 5003 
3 5003 5092 5004 
3 5003 5004 4934 
3 4934 5004 5006 
3 4934 5006 5005 
3 5005 5006 5094 
3 5005 5094 5007 
3 5007 5094 5097 
3 5007 5097 4936 
3 4936 5097 5008 
3 4936 5008 5009 
3 5009 5008 5098 
3 5009 5098 5010 
3 5010 5098 5099 
3 5010 5099 4938 
3 4938 5099 5101 
3 4938 5101 5011 
3 5011 5101 5012 
3 5011 5012 4941 
3 4941 5012 5013 
3 4941 5013 5014 
3 5014 5013 5015 
3 5014 5015 4942 
3 4942 5015 5016 
3 4942 5016 4944 
3 4944 5016 5017 
3 4944 5017 5019 
3 5019 5017 5018 
3 5019 5018 5020 
3 5020 5018 5105 
3 5020 5105 5021 
3 5021 5105 5107 
3 5021 5107 4948 
3 4948 5107 5022 
3 4948 5022 5023 
3 5023 5022 5110 
3 5023 5110 5024 
3 5024 5110 5025 
3 5024 5025 4951 
3 4951 5025 5027 
3 4951 5027 5026 
3 5026 5027 5111 
3 5026 5111 4952 
3 4952 5111 5028 
3 4952 5028 5029 
3 5029 5028 5114 
3 5029 5114 5030 
3 5030 5114 5031 
3 5030 5031 4955 
3 4955 5031 5032 
3 4955 5032 5033 
3 5033 5032 5034 
3 5033 5034 5035 
3 5035 5034 5036 
3 5035 5036 4956 
3 4956 5036 5037 
3 4956 5037 5038 
3 5038 5037 5039 
3 5038 5039 4958 
3 4958 5039 5040 
3 4958 5040 4959 
3 4959 5040 5041 
3 4959 5041 4960 
3 4960 5041 5119 
3 4960 5119 5042 
3 5042 5119 5121 
3 5042 5121 4962 
3 4962 5121 5122 
3 4962 5122 5043 
3 5043 5122 5044 
3 5043 5044 4964 
3 4964 5044 5123 
3 4964 5123 4965 
3 4965 5123 5045 
3 4965 5045 4967 
3 4967 5045 5046 
3 4967 5046 4968 
3 4968 5046 5047 
3 4968 5047 5048 
3 5048 5047 5126 
3 5048 5126 4971 
3 4971 5126 5049 
3 4971 5049 5050 
3 5050 5049 5051 
3 5050 5051 5052 
3 5052 5051 5053 
3 5052 5053 4973 
3 4973 5053 5054 
3 4973 5054 4975 
3 4975 5054 5055 
3 4975 5055 5056 
3 5056 5055 5058 
3 5056 5058 5057 
3 5057 5058 5059 
3 5057 5059 4978 
3 4978 5059 5060 
3 4978 5060 5061 
3 5061 5060 5062 
3 5061 5062 5063 
3 5063 5062 5130 
3 5063 5130 4979 
3 4979 5130 5064 
3 4979 5064 4980 
3 4980 5064 5065 
3 4980 5065 4983 
3 4983 5065 5066 
3 4983 5066 5067 
3 5067 5066 5068 
3 5067 5068 5069 
3 5069 5068 5134 
3 5069 5134 5070 
3 5070 5134 5071 
3 5070 5071 4986 
3 4986 5071 5137 
3 4986 5137 5072 
3 5072 5137 4175 
3 5072 4175 5073 
3 5269 5138 5074 
3 5074 5138 5139 
3 5074 5139 5075 
3 5075 5139 5141 
3 5075 5141 5076 
3 5076 5141 5142 
3 5076 5142 4989 
3 4989 5142 5077 
3 4989 5077 5078 
3 5078 5077 5144 
3 5078 5144 5079 
3 5079 5144 5080 
3 5079 5080 4991 
3 4991 5080 5081 
3 4991 5081 4993 
3 4993 5081 5082 
3 4993 5082 4994 
3 4994 5082 5146 
3 4994 5146 4995 
3 4995 5146 5147 
3 4995 5147 5083 
3 5083 5147 5148 
3 5083 5148 4997 
3 4997 5148 5085 
3 4997 5085 5084 
3 5084 5085 5150 
3 5084 5150 4998 
3 4998 5150 5086 
3 4998 5086 5087 
3 5087 5086 5151 
3 5087 5151 5000 
3 5000 5151 5088 
3 5000 5088 5001 
3 5001 5088 5090 
3 5001 5090 5089 
3 5089 5090 5091 
3 5089 5091 5092 
3 5092 5091 5153 
3 5092 5153 5004 
3 5004 5153 5093 
3 5004 5093 5006 
3 5006 5093 5095 
3 5006 5095 5094 
3 5094 5095 5096 
3 5094 5096 5097 
3 5097 5096 5155 
3 5097 5155 5008 
3 5008 5155 5156 
3 5008 5156 5098 
3 5098 5156 5157 
3 5098 5157 5099 
3 5099 5157 5100 
3 5099 5100 5101 
3 5101 5100 5102 
3 5101 5102 5012 
3 5012 5102 5103 
3 5012 5103 5013 
3 5013 5103 5104 
3 5013 5104 5015 
3 5015 5104 5160 
3 5015 5160 5016 
3 5016 5160 5161 
3 5016 5161 5017 
3 5017 5161 5162 
3 5017 5162 5018 
3 5018 5162 5106 
3 5018 5106 5105 
3 5105 5106 5108 
3 5105 5108 5107 
3 5107 5108 5109 
3 5107 5109 5022 
3 5022 5109 5165 
3 5022 5165 5110 
3 5110 5165 5167 
3 5110 5167 5025 
3 5025 5167 5169 
3 5025 5169 5027 
3 5027 5169 5112 
3 5027 5112 5111 
3 5111 5112 5113 
3 5111 5113 5028 
3 5028 5113 5170 
3 5028 5170 5114 
3 5114 5170 5115 
3 5114 5115 5031 
3 5031 5115 5171 
3 5031 5171 5032 
3 5032 5171 5116 
3 5032 5116 5034 
3 5034 5116 5173 
3 5034 5173 5036 
3 5036 5173 5175 
3 5036 5175 5037 
3 5037 5175 5117 
3 5037 5117 5039 
3 5039 5117 5177 
3 5039 5177 5040 
3 5040 5177 5118 
3 5040 5118 5041 
3 5041 5118 5179 
3 5041 5179 5119 
3 5119 5179 5120 
3 5119 5120 5121 
3 5121 5120 5182 
3 5121 5182 5122 
3 5122 5182 5183 
3 5122 5183 5044 
3 5044 5183 5184 
3 5044 5184 5123 
3 5123 5184 5186 
3 5123 5186 5045 
3 5045 5186 5124 
3 5045 5124 5046 
3 5046 5124 5125 
3 5046 5125 5047 
3 5047 5125 5189 
3 5047 5189 5126 
3 5126 5189 5190 
3 5126 5190 5049 
3 5049 5190 5127 
3 5049 5127 5051 
3 5051 5127 5192 
3 5051 5192 5053 
3 5053 5192 5194 
3 5053 5194 5054 
3 5054 5194 5196 
3 5054 5196 5055 
3 5055 5196 5128 
3 5055 5128 5058 
3 5058 5128 5198 
3 5058 5198 5059 
3 5059 5198 5199 
3 5059 5199 5060 
3 5060 5199 5129 
3 5060 5129 5062 
3 5062 5129 5200 
3 5062 5200 5130 
3 5130 5200 5131 
3 5130 5131 5064 
3 5064 5131 5132 
3 5064 5132 5065 
3 5065 5132 5201 
3 5065 5201 5066 
3 5066 5201 5203 
3 5066 5203 5068 
3 5068 5203 5133 
3 5068 5133 5134 
3 5134 5133 5206 
3 5134 5206 5071 
3 5071 5206 5135 
3 5071 5135 5137 
3 5137 5135 5136 
3 5137 5136 4504 
3 5266 4751 5138 
3 5138 4751 4752 
3 5138 4752 5139 
3 5139 4752 5140 
3 5139 5140 5141 
3 5141 5140 5143 
3 5141 5143 5142 
3 5142 5143 4744 
3 5142 4744 5077 
3 5077 4744 4745 
3 5077 4745 5144 
3 5144 4745 4741 
3 5144 4741 5080 
3 5080 4741 4743 
3 5080 4743 5081 
3 5081 4743 4737 
3 5081 4737 5082 
3 5082 4737 4738 
3 5082 4738 5146 
3 5146 4738 5145 
3 5146 5145 5147 
3 5147 5145 4729 
3 5147 4729 5148 
3 5148 4729 4727 
3 5148 4727 5085 
3 5085 4727 5149 
3 5085 5149 5150 
3 5150 5149 4723 
3 5150 4723 5086 
3 5086 4723 4720 
3 5086 4720 5151 
3 5151 4720 4718 
3 5151 4718 5088 
3 5088 4718 4716 
3 5088 4716 5090 
3 5090 4716 5152 
3 5090 5152 5091 
3 5091 5152 5154 
3 5091 5154 5153 
3 5153 5154 4714 
3 5153 4714 5093 
3 5093 4714 4713 
3 5093 4713 5095 
3 5095 4713 4712 
3 5095 4712 5096 
3 5096 4712 4708 
3 5096 4708 5155 
3 5155 4708 4705 
3 5155 4705 5156 
3 5156 4705 4704 
3 5156 4704 5157 
3 5157 4704 4703 
3 5157 4703 5100 
3 5100 4703 4701 
3 5100 4701 5102 
3 5102 4701 5158 
3 5102 5158 5103 
3 5103 5158 4696 
3 5103 4696 5104 
3 5104 4696 5159 
3 5104 5159 5160 
3 5160 5159 4693 
3 5160 4693 5161 
3 5161 4693 4691 
3 5161 4691 5162 
3 5162 4691 4689 
3 5162 4689 5106 
3 5106 4689 5163 
3 5106 5163 5108 
3 5108 5163 4687 
3 5108 4687 5109 
3 5109 4687 5164 
3 5109 5164 5165 
3 5165 5164 5166 
3 5165 5166 5167 
3 5167 5166 5168 
3 5167 5168 5169 
3 5169 5168 4682 
3 5169 4682 5112 
3 5112 4682 4678 
3 5112 4678 5113 
3 5113 4678 4675 
3 5113 4675 5170 
3 5170 4675 4672 
3 5170 4672 5115 
3 5115 4672 4670 
3 5115 4670 5171 
3 5171 4670 5172 
3 5171 5172 5116 
3 5116 5172 5174 
3 5116 5174 5173 
3 5173 5174 4667 
3 5173 4667 5175 
3 5175 4667 5176 
3 5175 5176 5117 
3 5117 5176 4663 
3 5117 4663 5177 
3 5177 4663 4661 
3 5177 4661 5118 
3 5118 4661 5178 
3 5118 5178 5179 
3 5179 5178 5180 
3 5179 5180 5120 
3 5120 5180 5181 
3 5120 5181 5182 
3 5182 5181 4659 
3 5182 4659 5183 
3 5183 4659 4657 
3 5183 4657 5184 
3 5184 4657 5185 
3 5184 5185 5186 
3 5186 5185 5187 
3 5186 5187 5124 
3 5124 5187 4655 
3 5124 4655 5125 
3 5125 4655 5188 
3 5125 5188 5189 
3 5189 5188 4653 
3 5189 4653 5190 
3 5190 4653 5191 
3 5190 5191 5127 
3 5127 5191 4650 
3 5127 4650 5192 
3 5192 4650 5193 
3 5192 5193 5194 
3 5194 5193 5195 
3 5194 5195 5196 
3 5196 5195 5197 
3 5196 5197 5128 
3 5128 5197 4645 
3 5128 4645 5198 
3 5198 4645 4642 
3 5198 4642 5199 
3 5199 4642 4639 
3 5199 4639 5129 
3 5129 4639 4637 
3 5129 4637 5200 
3 5200 4637 4635 
3 5200 4635 5131 
3 5131 4635 4633 
3 5131 4633 5132 
3 5132 4633 4632 
3 5132 4632 5201 
3 5201 4632 5202 
3 5201 5202 5203 
3 5203 5202 5204 
3 5203 5204 5133 
3 5133 5204 5205 
3 5133 5205 5206 
3 5206 5205 4626 
3 5206 4626 5135 
3 5135 4626 5207 
3 5135 5207 4174 
3 5226 4118 4113 
3 5226 4113 4305 
3 4305 4113 4110 
3 4305 4110 4304 
3 4304 4110 5208 
3 4304 5208 4303 
3 4303 5208 5210 
3 4303 5210 5209 
3 5209 5210 4164 
3 5209 4164 5211 
3 5211 4164 4166 
3 5211 4166 5212 
3 5212 4166 5213 
3 5212 5213 5214 
3 5214 5213 5215 
3 5214 5215 5216 
3 5216 5215 5217 
3 5216 5217 5218 
3 5234 5235 4132 
3 5217 4145 5218 
3 5218 4145 5219 
3 5218 5219 5220 
3 5220 5219 5221 
3 5220 5221 5222 
3 5222 5221 4141 
3 5222 4141 4299 
3 4299 4141 4140 
3 4299 4140 5223 
3 5223 4140 4138 
3 5223 4138 5224 
3 5224 4138 5238 
3 5224 5238 5225 
3 4118 5226 4116 
3 4116 5226 4308 
3 4116 4308 4121 
3 4121 4308 5227 
3 4121 5227 5228 
3 5228 5227 4311 
3 5228 4311 5249 
3 6762 5229 4127 
3 4127 5229 5230 
3 4127 5230 4132 
3 4132 5230 5231 
3 4132 5231 5234 
3 5246 5232 4127 
3 4127 5232 5233 
3 4127 5233 6762 
3 5234 6764 5235 
3 5235 6764 5236 
3 5235 5236 5238 
3 5238 5236 5237 
3 5238 5237 5225 
3 6741 6742 4126 
3 4126 6742 5251 
3 4126 5251 4125 
3 6750 5239 6749 
3 6749 5239 5259 
3 6749 5259 5260 
3 6757 5261 6751 
3 6751 5261 5239 
3 6751 5239 5240 
3 5240 5239 6750 
3 5256 5262 5241 
3 6728 6760 5242 
3 5242 6760 5243 
3 5242 5243 5244 
3 5244 5243 5245 
3 5244 5245 5246 
3 5246 5245 5247 
3 5246 5247 5232 
3 4311 5248 5249 
3 5249 5248 5279 
3 5249 5279 4126 
3 4126 5279 5250 
3 4126 5250 6741 
3 5251 5252 4125 
3 4125 5252 5253 
3 4125 5253 4131 
3 5253 5254 4131 
3 4131 5254 5257 
3 4131 5257 4130 
3 5241 5255 5256 
3 5256 5255 6759 
3 5256 6759 5242 
3 5242 6759 6758 
3 5242 6758 6728 
3 5257 5258 4130 
3 4130 5258 6746 
3 4130 6746 5259 
3 5259 6746 6747 
3 5259 6747 5260 
3 6757 6756 5261 
3 5261 6756 6755 
3 5261 6755 5262 
3 5262 6755 6754 
3 5262 6754 5241 
3 5264 4610 5263 
3 5263 4828 5264 
3 5264 4828 4830 
3 5264 4830 4829 
3 5265 5791 5266 
3 5267 5268 4755 
3 4755 5268 5273 
3 5265 5266 5492 
3 5266 5269 5492 
3 5492 5269 5270 
3 5492 5270 5488 
3 5488 5270 5271 
3 5488 5271 5268 
3 5268 5271 5272 
3 5268 5272 5273 
3 5274 6943 4337 
3 4337 6943 6729 
3 4337 6729 4338 
3 4338 6729 6811 
3 4338 6811 4320 
3 4320 6811 6810 
3 4320 6810 4361 
3 4361 6810 5275 
3 4361 5275 5276 
3 5276 5275 6831 
3 5276 6831 4385 
3 4385 6831 5277 
3 4385 5277 5278 
3 5278 5277 6730 
3 5278 6730 4317 
3 4317 6730 6869 
3 4317 6869 6732 
3 5250 5279 6739 
3 6739 5279 4312 
3 6739 4312 5280 
3 5280 4312 4313 
3 5280 4313 5281 
3 5281 4313 4484 
3 5281 4484 6738 
3 6738 4484 4291 
3 6738 4291 6921 
3 6921 4291 4459 
3 6921 4459 5282 
3 5282 4459 4315 
3 5282 4315 6734 
3 6734 4315 4314 
3 6734 4314 6735 
3 6735 4314 4421 
3 6735 4421 6731 
3 6731 4421 4316 
3 6731 4316 6732 
3 6732 4316 5283 
3 6732 5283 4317 
3 7081 7080 4271 
3 8176 6996 7006 
3 8176 7006 5423 
3 7854 5289 5284 
3 5284 5289 5285 
3 4288 5295 4286 
3 4286 5295 6975 
3 4286 6975 5287 
3 6975 5286 5287 
3 5287 5286 6961 
3 5287 6961 4290 
3 4290 6961 5288 
3 4290 5288 5289 
3 5289 5288 7010 
3 5289 7010 5285 
3 5290 6971 4284 
3 4284 6971 5291 
3 4284 5291 4283 
3 5291 5292 4283 
3 4283 5292 6995 
3 4283 6995 5293 
3 5293 6995 5294 
3 5293 5294 4288 
3 4288 5294 6994 
3 4288 6994 5295 
3 4271 7080 4277 
3 4277 7080 5296 
3 4277 5296 4279 
3 5296 7078 4279 
3 4279 7078 5297 
3 4279 5297 4280 
3 4280 5297 5298 
3 4280 5298 5290 
3 5290 5298 7058 
3 5290 7058 6971 
3 7081 4271 5299 
3 5299 4271 4275 
3 5299 4275 5300 
3 5300 4275 4276 
3 5300 4276 7054 
3 7054 4276 7055 
3 7055 4276 4269 
3 7055 4269 5301 
3 5301 4269 5302 
3 5301 5302 7028 
3 7028 5302 7027 
3 7027 5302 5303 
3 7027 5303 5304 
3 5304 5303 4270 
3 5304 4270 5305 
3 5305 4270 5306 
3 5306 4270 4267 
3 5306 4267 7053 
3 7053 4267 5307 
3 7053 5307 5308 
3 5309 7050 4265 
3 4265 7050 7048 
3 4265 7048 5311 
3 7048 5310 5311 
3 5311 5310 6991 
3 5311 6991 5312 
3 5312 6991 6992 
3 5312 6992 5307 
3 5307 6992 5313 
3 5307 5313 5308 
3 5321 5322 4263 
3 4263 5322 7077 
3 4263 7077 5314 
3 7077 5315 5314 
3 5314 5315 7076 
3 5314 7076 4260 
3 4260 7076 5316 
3 4260 5316 5309 
3 5309 5316 7051 
3 5309 7051 7050 
3 4256 7091 5317 
3 5317 7091 5318 
3 5317 5318 5319 
3 5318 7047 5319 
3 5319 7047 7075 
3 5319 7075 5320 
3 5320 7075 7074 
3 5320 7074 5321 
3 5321 7074 7072 
3 5321 7072 5322 
3 5328 7093 4258 
3 4258 7093 5323 
3 4258 5323 4256 
3 4256 5323 7092 
3 4256 7092 7091 
3 4248 7087 4250 
3 4250 7087 5324 
3 4250 5324 4252 
3 5324 5325 4252 
3 4252 5325 5326 
3 4252 5326 5327 
3 5327 5326 5329 
3 5327 5329 5328 
3 5328 5329 7070 
3 5328 7070 7093 
3 5340 5341 4244 
3 4244 5341 5330 
3 4244 5330 5331 
3 5330 7068 5331 
3 5331 7068 7066 
3 5331 7066 5332 
3 5332 7066 7067 
3 5332 7067 4248 
3 4248 7067 5333 
3 4248 5333 7087 
3 5345 7086 4240 
3 4240 7086 5334 
3 4240 5334 5335 
3 5334 5336 5335 
3 5335 5336 5337 
3 5335 5337 5338 
3 5338 5337 5339 
3 5338 5339 5340 
3 5340 5339 7065 
3 5340 7065 5341 
3 5354 5343 5342 
3 5342 5343 5344 
3 5342 5344 5345 
3 5345 5344 5346 
3 5345 5346 7086 
3 5347 5348 7082 
3 7082 5348 4237 
3 7082 4237 5349 
3 5349 4237 5350 
3 5349 5350 7083 
3 5347 5351 5348 
3 5348 5351 5352 
3 5348 5352 5353 
3 5353 5352 5355 
3 5353 5355 5354 
3 5354 5355 7064 
3 5354 7064 5343 
3 7083 5350 5356 
3 5356 5350 5357 
3 5356 5357 7025 
3 5361 5362 5357 
3 5357 5362 5358 
3 5357 5358 7025 
3 4227 5359 4226 
3 4226 5359 5360 
3 4226 5360 5361 
3 5361 5360 7046 
3 5361 7046 5362 
3 4231 5363 4228 
3 4228 5363 5364 
3 4228 5364 4227 
3 4227 5364 7043 
3 4227 7043 5359 
3 5365 7024 4233 
3 4233 7024 5366 
3 4233 5366 4231 
3 4231 5366 7023 
3 4231 7023 5363 
3 5369 7021 4234 
3 4234 7021 5367 
3 4234 5367 5365 
3 5365 5367 6963 
3 5365 6963 7024 
3 5370 5372 5368 
3 5368 5372 6989 
3 5368 6989 5369 
3 5369 6989 6990 
3 5369 6990 7021 
3 4211 5375 4210 
3 4210 5375 7063 
3 4210 7063 5370 
3 5370 7063 5371 
3 5370 5371 5372 
3 4214 5373 5374 
3 5374 5373 6987 
3 5374 6987 4211 
3 4211 6987 6986 
3 4211 6986 5375 
3 4217 7018 4216 
3 4216 7018 7017 
3 4216 7017 4214 
3 4214 7017 5376 
3 4214 5376 5373 
3 5377 5381 4219 
3 4219 5381 5378 
3 4219 5378 4217 
3 4217 5378 5379 
3 4217 5379 7018 
3 5385 5380 4206 
3 4206 5380 6985 
3 4206 6985 5377 
3 5377 6985 7016 
3 5377 7016 5381 
3 5388 5382 5383 
3 5383 5382 5384 
3 5383 5384 5385 
3 5385 5384 5386 
3 5385 5386 5380 
3 5387 7012 4199 
3 4199 7012 6983 
3 4199 6983 5388 
3 5388 6983 6984 
3 5388 6984 5382 
3 4201 4203 6982 
3 6982 5389 4201 
3 4201 5389 6980 
3 4201 6980 5387 
3 5387 6980 5390 
3 5387 5390 7012 
3 4197 6947 5391 
3 5391 6947 6948 
3 5391 6948 4196 
3 6948 5392 4196 
3 4196 5392 6960 
3 4196 6960 4193 
3 4193 6960 6959 
3 4193 6959 4203 
3 4203 6959 5393 
3 4203 5393 6982 
3 4189 6958 5394 
3 5394 6958 6957 
3 5394 6957 4197 
3 4197 6957 5395 
3 4197 5395 6947 
3 5399 5396 5397 
3 5397 5396 6955 
3 5397 6955 4189 
3 4189 6955 6954 
3 4189 6954 6958 
3 4186 6970 5398 
3 5398 6970 6969 
3 5398 6969 5399 
3 5399 6969 6968 
3 5399 6968 5396 
3 5405 5400 5401 
3 5401 5400 5402 
3 5401 5402 4186 
3 4186 5402 5403 
3 4186 5403 6970 
3 5409 5410 5404 
3 5404 5410 6951 
3 5404 6951 5405 
3 5405 6951 5406 
3 5405 5406 5400 
3 5411 7036 5407 
3 5407 7036 6967 
3 5407 6967 5409 
3 5409 6967 5408 
3 5409 5408 5410 
3 5414 7039 4184 
3 4184 7039 7038 
3 4184 7038 5411 
3 5411 7038 7037 
3 5411 7037 7036 
3 5418 5412 4185 
3 4185 5412 5413 
3 4185 5413 5414 
3 5414 5413 7033 
3 5414 7033 7039 
3 5421 5416 5415 
3 5415 5416 5417 
3 5415 5417 5418 
3 5418 5417 7035 
3 5418 7035 5412 
3 4180 5419 4178 
3 4178 5419 5420 
3 4178 5420 5421 
3 5421 5420 5422 
3 5421 5422 5416 
3 7006 7004 5423 
3 5423 7004 5424 
3 5423 5424 5425 
3 5425 5424 7003 
3 5425 7003 4180 
3 4180 7003 7001 
3 4180 7001 5419 
3 7097 7096 6786 
3 6786 7096 4294 
3 6786 4294 6772 
3 6772 4294 4360 
3 6772 4360 5426 
3 5426 4360 4359 
3 5426 4359 5427 
3 5427 4359 4384 
3 5427 4384 6770 
3 6770 4384 4383 
3 6770 4383 6771 
3 6771 4383 4402 
3 6771 4402 5428 
3 5428 4402 4293 
3 5428 4293 5440 
3 5440 4293 4292 
3 5440 4292 5439 
3 5225 5237 4297 
3 4297 5237 5429 
3 4297 5429 4503 
3 4503 5429 6766 
3 4503 6766 4296 
3 4296 6766 6767 
3 4296 6767 5430 
3 5430 6767 5431 
3 5430 5431 4483 
3 4483 5431 5432 
3 4483 5432 5433 
3 5433 5432 6727 
3 5433 6727 5434 
3 5434 6727 5435 
3 5434 5435 4440 
3 4440 5435 5436 
3 4440 5436 5437 
3 5437 5436 5438 
3 5437 5438 5439 
3 5439 5438 6726 
3 5439 6726 5440 
3 5775 5441 7099 
3 7099 5441 7096 
3 5445 4321 5772 
3 5772 4321 5441 
3 5772 5441 5774 
3 5774 5441 5775 
3 5771 5442 5443 
3 5443 5442 4321 
3 5443 4321 5444 
3 5444 4321 5445 
3 5778 5449 5768 
3 5768 5449 5442 
3 5768 5442 5446 
3 5446 5442 5771 
3 5776 5447 5448 
3 5448 5447 5449 
3 5448 5449 5777 
3 5777 5449 5778 
3 5776 5450 5447 
3 5447 5450 5451 
3 5447 5451 5452 
3 5452 5451 5485 
3 5452 5485 6577 
3 6577 5453 5452 
3 5452 5453 5454 
3 5452 5454 4323 
3 5454 5455 4323 
3 4323 5455 5457 
3 4323 5457 5456 
3 5456 5457 5458 
3 5456 5458 5779 
3 5779 5459 5456 
3 5456 5459 5460 
3 5456 5460 5461 
3 5461 5460 5462 
3 5461 5462 5463 
3 5463 5462 5464 
3 5463 5464 5465 
3 5465 5466 5463 
3 5463 5466 6174 
3 5463 6174 4326 
3 4326 6174 5467 
3 4326 5467 5781 
3 5781 5780 4326 
3 4326 5780 5468 
3 4326 5468 5471 
3 5471 5468 5783 
3 5471 5783 5469 
3 5469 5470 5471 
3 5471 5470 5785 
3 5471 5785 4328 
3 5785 5942 4328 
3 4328 5942 5941 
3 4328 5941 5474 
3 5474 5941 5786 
3 5474 5786 5863 
3 5472 5473 5787 
3 5787 5473 5474 
3 5787 5474 5862 
3 5862 5474 5863 
3 5790 4330 5792 
3 5792 4330 5473 
3 5792 5473 5793 
3 5793 5473 5472 
3 5790 5789 4330 
3 4330 5789 5475 
3 4330 5475 4331 
3 5475 5493 4331 
3 4331 5493 5491 
3 4331 5491 4332 
3 4332 5491 5489 
3 4332 5489 5479 
3 5476 5274 5477 
3 5477 5274 4336 
3 5477 4336 5490 
3 5490 4336 4332 
3 5490 4332 5478 
3 5478 4332 5479 
3 5770 7208 7210 
3 7208 5770 7467 
3 7210 5480 5770 
3 5770 5480 7209 
3 5770 7209 5769 
3 5769 7209 5481 
3 5769 5481 5764 
3 7203 7202 5482 
3 5482 7202 5483 
3 5482 5483 7204 
3 7204 7629 5482 
3 5482 7629 5484 
3 5482 5484 7546 
3 5770 5773 7467 
3 7467 5773 5482 
3 7467 5482 7206 
3 7206 5482 7546 
3 6174 5466 6256 
3 5458 5457 6492 
3 5454 5453 6576 
3 5485 5451 6647 
3 4157 4161 6489 
3 6331 6255 6330 
3 4165 5486 6101 
3 4171 4170 6016 
3 5487 4169 5939 
3 4709 4710 5531 
3 5490 5488 5477 
3 5477 5488 5268 
3 5477 5268 5476 
3 5489 5492 5479 
3 5479 5492 5488 
3 5479 5488 5478 
3 5478 5488 5490 
3 5794 4750 5791 
3 5489 5491 5492 
3 5492 5491 5493 
3 5492 5493 5265 
3 5265 5493 5475 
3 5265 5475 5791 
3 5791 5475 5789 
3 5795 5496 5794 
3 5794 5496 5494 
3 5794 5494 4750 
3 5495 5796 4749 
3 4749 4748 5495 
3 5495 4748 4747 
3 5495 4747 5795 
3 5795 4747 4746 
3 5795 4746 5496 
3 5498 5798 5497 
3 5497 5499 5498 
3 5498 5499 5500 
3 5498 5500 5796 
3 5796 5500 5501 
3 5796 5501 4749 
3 5502 5506 5507 
3 5507 4742 5502 
3 5502 4742 4740 
3 5502 4740 5798 
3 5798 4740 4739 
3 5798 4739 5497 
3 5503 5801 5504 
3 5504 5505 5503 
3 5503 5505 4736 
3 5503 4736 5506 
3 5506 4736 4735 
3 5506 4735 5507 
3 5509 5508 4734 
3 4734 4733 5509 
3 5509 4733 4732 
3 5509 4732 5801 
3 5801 4732 4731 
3 5801 4731 5504 
3 5803 5514 4726 
3 4726 4728 5803 
3 5803 4728 5510 
3 5803 5510 5508 
3 5508 5510 4730 
3 5508 4730 4734 
3 5512 5511 4722 
3 4722 5513 5512 
3 5512 5513 4724 
3 5512 4724 5514 
3 5514 4724 4725 
3 5514 4725 4726 
3 5517 5515 4717 
3 4717 5516 5517 
3 5517 5516 4719 
3 5517 4719 5511 
3 5511 4719 4721 
3 5511 4721 4722 
3 5518 5526 5519 
3 5519 5520 5518 
3 5518 5520 5521 
3 5518 5521 5515 
3 5515 5521 5522 
3 5515 5522 4717 
3 5523 5529 5524 
3 5524 5525 5523 
3 5523 5525 5527 
3 5523 5527 5526 
3 5526 5527 4715 
3 5526 4715 5519 
3 5531 4710 5813 
3 4710 5528 5813 
3 5813 5528 4711 
3 5813 4711 5529 
3 5529 4711 5530 
3 5529 5530 5524 
3 4709 5531 4707 
3 4707 5531 5816 
3 4707 5816 5532 
3 5532 5816 5533 
3 5532 5533 4706 
3 4706 5533 5534 
3 5534 5533 5535 
3 5534 5535 4702 
3 4702 5535 5536 
3 5536 5535 5537 
3 5536 5537 5538 
3 5538 5537 4700 
3 4700 5537 5539 
3 4700 5539 5540 
3 5540 5539 5541 
3 5541 5539 5542 
3 5541 5542 4699 
3 4699 5542 4698 
3 4698 5542 5820 
3 4698 5820 4697 
3 4697 5820 4695 
3 4695 5820 5543 
3 4695 5543 4694 
3 4694 5543 5544 
3 5544 5543 5545 
3 5544 5545 4692 
3 4692 5545 5546 
3 5546 5545 5822 
3 5546 5822 4690 
3 4690 5822 5547 
3 5547 5822 5548 
3 5547 5548 4688 
3 4688 5548 5549 
3 5549 5548 5552 
3 5549 5552 5550 
3 5550 5552 5551 
3 5551 5552 5824 
3 5551 5824 5553 
3 5553 5824 4686 
3 4686 5824 5554 
3 4686 5554 4685 
3 4685 5554 5555 
3 5555 5554 5826 
3 5555 5826 4684 
3 4684 5826 4683 
3 4683 5826 5556 
3 4683 5556 5557 
3 5557 5556 4681 
3 4681 5556 5558 
3 4681 5558 4680 
3 4680 5558 4679 
3 4679 5558 5831 
3 4679 5831 4677 
3 4677 5831 4676 
3 4676 5831 5559 
3 4676 5559 4674 
3 4674 5559 4673 
3 4673 5559 5560 
3 4673 5560 4671 
3 4671 5560 5561 
3 5561 5560 5563 
3 5561 5563 5562 
3 5562 5563 4669 
3 4669 5563 5565 
3 4669 5565 4668 
3 4668 5565 5564 
3 5564 5565 5566 
3 5564 5566 5567 
3 5567 5566 5568 
3 5568 5566 5569 
3 5568 5569 4666 
3 4666 5569 5570 
3 5570 5569 5836 
3 5570 5836 4665 
3 4665 5836 4664 
3 4664 5836 5572 
3 4664 5572 5571 
3 5571 5572 4662 
3 4662 5572 5573 
3 4662 5573 4660 
3 4660 5573 5574 
3 5574 5573 5576 
3 5574 5576 5575 
3 5575 5576 5577 
3 5577 5576 5839 
3 5577 5839 5578 
3 5578 5839 5579 
3 5579 5839 5580 
3 5579 5580 5581 
3 5581 5580 5582 
3 5582 5580 5842 
3 5582 5842 4658 
3 4658 5842 5583 
3 5583 5842 5584 
3 5583 5584 5585 
3 5585 5584 4656 
3 4656 5584 5586 
3 4656 5586 5587 
3 5587 5586 5588 
3 5588 5586 5845 
3 5588 5845 4654 
3 4654 5845 5589 
3 5589 5845 5590 
3 5589 5590 5591 
3 5591 5590 5592 
3 5592 5590 5847 
3 5592 5847 5593 
3 5593 5847 5594 
3 5594 5847 5597 
3 5594 5597 5595 
3 5595 5597 5596 
3 5596 5597 5598 
3 5596 5598 4652 
3 4652 5598 5599 
3 5599 5598 5600 
3 5599 5600 4651 
3 4651 5600 4649 
3 4649 5600 5601 
3 4649 5601 4648 
3 4648 5601 5602 
3 5602 5601 5850 
3 5602 5850 5603 
3 5603 5850 4647 
3 4647 5850 5604 
3 4647 5604 4646 
3 4646 5604 4644 
3 4644 5604 5852 
3 4644 5852 4643 
3 4643 5852 4641 
3 4641 5852 5853 
3 4641 5853 4640 
3 4640 5853 5605 
3 5605 5853 5854 
3 5605 5854 4638 
3 4638 5854 5606 
3 5606 5854 5855 
3 5606 5855 4636 
3 4636 5855 5607 
3 5607 5855 5856 
3 5607 5856 5608 
3 5608 5856 5610 
3 5610 5856 5609 
3 5610 5609 4634 
3 4634 5609 5611 
3 5611 5609 5858 
3 5611 5858 4631 
3 4631 5858 5612 
3 4631 5612 4630 
3 4630 5612 5859 
3 4630 5859 4629 
3 4629 5859 4628 
3 4628 5859 5861 
3 4628 5861 4627 
3 4627 5861 5613 
3 5613 5861 5614 
3 5613 5614 5615 
3 5615 5614 4625 
3 4625 5614 5616 
3 4625 5616 4624 
3 5617 4168 5616 
3 5616 4168 5618 
3 5618 4176 5616 
3 5616 4176 5619 
3 5616 5619 4624 
3 6100 5620 5621 
3 5621 5620 4163 
3 5621 4163 4172 
3 6254 5622 6173 
3 6173 5622 4167 
3 4160 4159 6329 
3 6329 4159 5623 
3 6329 5623 6332 
3 6574 4154 6490 
3 6490 4154 4158 
3 6490 4158 6491 
3 5624 6575 6646 
3 5624 6646 5625 
3 6722 4155 6721 
3 5626 4156 7318 
3 7318 4156 5628 
3 7318 5628 7316 
3 7316 5628 5627 
3 5627 5628 5630 
3 5627 5630 7314 
3 7314 5630 5629 
3 5629 5630 5632 
3 5629 5632 5631 
3 5631 5632 5633 
3 5633 5632 5634 
3 5633 5634 5635 
3 5635 5634 5636 
3 5635 5636 5637 
3 5637 5636 5638 
3 5637 5638 7311 
3 7311 5638 5639 
3 5639 5638 5640 
3 5639 5640 7309 
3 7309 5640 5641 
3 5641 5640 6713 
3 5641 6713 7307 
3 7307 6713 7306 
3 7306 6713 5643 
3 7306 5643 5642 
3 5642 5643 7302 
3 7302 5643 6711 
3 7302 6711 7303 
3 7303 6711 7304 
3 7304 6711 6709 
3 7304 6709 5644 
3 5647 5649 6709 
3 6709 5649 5645 
3 6709 5645 5644 
3 6706 5653 5646 
3 5646 7297 6706 
3 6706 7297 7301 
3 6706 7301 5647 
3 5647 7301 5648 
3 5647 5648 5649 
3 5650 5658 5651 
3 5651 5652 5650 
3 5650 5652 7299 
3 5650 7299 5653 
3 5653 7299 5654 
3 5653 5654 5646 
3 6703 5661 5655 
3 5655 5656 6703 
3 6703 5656 5657 
3 6703 5657 5658 
3 5658 5657 7295 
3 5658 7295 5651 
3 6702 6700 5659 
3 5659 5660 6702 
3 6702 5660 7293 
3 6702 7293 5661 
3 5661 7293 7292 
3 5661 7292 5655 
3 5662 6699 7286 
3 7286 5663 5662 
3 5662 5663 5664 
3 5662 5664 6700 
3 6700 5664 7289 
3 6700 7289 5659 
3 5665 5666 7285 
3 7285 5667 5665 
3 5665 5667 5668 
3 5665 5668 6699 
3 6699 5668 5669 
3 6699 5669 7286 
3 6696 5672 7281 
3 7281 5670 6696 
3 6696 5670 7282 
3 6696 7282 5666 
3 5666 7282 7284 
3 5666 7284 7285 
3 5671 5676 7277 
3 7277 7278 5671 
3 5671 7278 7280 
3 5671 7280 5672 
3 5672 7280 5673 
3 5672 5673 7281 
3 5674 6691 5679 
3 5679 5675 5674 
3 5674 5675 7275 
3 5674 7275 5676 
3 5676 7275 7276 
3 5676 7276 7277 
3 6690 6689 7271 
3 7271 7272 6690 
3 6690 7272 5677 
3 6690 5677 6691 
3 6691 5677 5678 
3 6691 5678 5679 
3 5681 5687 5688 
3 5688 5680 5681 
3 5681 5680 5682 
3 5681 5682 6689 
3 6689 5682 5683 
3 6689 5683 7271 
3 5684 5690 5685 
3 5685 5690 5686 
3 5685 5686 5687 
3 5687 5686 7267 
3 5687 7267 5688 
3 5689 5692 5684 
3 5684 5692 7265 
3 5684 7265 5690 
3 5694 5696 5689 
3 5689 5696 5691 
3 5689 5691 5692 
3 5698 5693 5694 
3 5694 5693 5695 
3 5694 5695 5696 
3 6683 5697 5698 
3 5698 5697 7263 
3 5698 7263 5693 
3 6682 7260 6683 
3 6683 7260 7261 
3 6683 7261 5697 
3 5702 5699 6682 
3 6682 5699 7259 
3 6682 7259 7260 
3 5700 5701 5702 
3 5702 5701 5703 
3 5702 5703 5699 
3 5704 5705 5700 
3 5700 5705 5706 
3 5700 5706 5701 
3 5707 7254 5704 
3 5704 7254 5708 
3 5704 5708 5705 
3 6679 5710 5707 
3 5707 5710 7253 
3 5707 7253 7254 
3 6678 5712 6679 
3 6679 5712 5709 
3 6679 5709 5710 
3 5714 5711 6678 
3 6678 5711 7251 
3 6678 7251 5712 
3 6677 5713 5714 
3 5714 5713 7249 
3 5714 7249 5711 
3 5717 5719 6677 
3 6677 5719 5715 
3 6677 5715 5713 
3 6676 5716 5717 
3 5717 5716 5718 
3 5717 5718 5719 
3 6675 7245 6676 
3 6676 7245 7247 
3 6676 7247 5716 
3 5720 5721 6675 
3 6675 5721 5722 
3 6675 5722 7245 
3 6673 7242 5720 
3 5720 7242 7243 
3 5720 7243 5721 
3 5723 5726 6673 
3 6673 5726 5724 
3 6673 5724 7242 
3 6671 7239 5723 
3 5723 7239 5725 
3 5723 5725 5726 
3 6670 7238 6671 
3 6671 7238 5727 
3 6671 5727 7239 
3 5728 5729 6670 
3 6670 5729 5730 
3 6670 5730 7238 
3 6668 5731 5728 
3 5728 5731 7235 
3 5728 7235 5729 
3 6667 5732 6668 
3 6668 5732 5733 
3 6668 5733 5731 
3 6666 5735 6667 
3 6667 5735 7233 
3 6667 7233 5732 
3 5736 5734 6666 
3 6666 5734 7231 
3 6666 7231 5735 
3 5740 5741 5736 
3 5736 5741 5737 
3 5736 5737 5734 
3 6663 5738 5740 
3 5740 5738 5739 
3 5740 5739 5741 
3 5743 5746 6663 
3 6663 5746 7228 
3 6663 7228 5738 
3 5742 5744 5743 
3 5743 5744 5745 
3 5743 5745 5746 
3 6658 5747 5742 
3 5742 5747 7227 
3 5742 7227 5744 
3 5751 5748 6658 
3 6658 5748 7226 
3 6658 7226 5747 
3 6656 5749 5751 
3 5751 5749 5750 
3 5751 5750 5748 
3 5756 5752 6656 
3 6656 5752 7224 
3 6656 7224 5749 
3 5753 5754 5756 
3 5756 5754 5755 
3 5756 5755 5752 
3 6653 5757 5753 
3 5753 5757 7221 
3 5753 7221 5754 
3 6652 5758 6653 
3 6653 5758 7220 
3 6653 7220 5757 
3 5760 5761 6652 
3 6652 5761 7219 
3 6652 7219 5758 
3 6651 5759 5760 
3 5760 5759 7216 
3 5760 7216 5761 
3 6650 5762 6651 
3 6651 5762 5763 
3 6651 5763 5759 
3 6648 7213 6650 
3 6650 7213 7214 
3 6650 7214 5762 
3 5764 5766 5765 
3 5765 5766 7211 
3 5765 7211 6648 
3 6648 7211 5767 
3 6648 5767 7213 
3 5771 5443 5770 
3 5764 5778 5769 
3 5769 5778 5768 
3 5769 5768 5770 
3 5770 5768 5446 
3 5770 5446 5771 
3 5443 5444 5770 
3 5770 5444 5445 
3 5770 5445 5773 
3 5445 5772 5773 
3 5773 5772 5774 
3 5773 5774 5482 
3 5482 5774 5775 
3 5482 5775 7099 
3 5450 5776 5765 
3 5765 5776 5448 
3 5765 5448 5764 
3 5764 5448 5777 
3 5764 5777 5778 
3 5485 6647 6577 
3 5454 6576 5455 
3 5460 5459 6335 
3 6335 5459 5779 
3 5465 5464 6333 
3 6333 5464 5462 
3 5780 5781 5782 
3 5782 5781 5467 
3 5469 5783 5784 
3 5784 5783 5468 
3 5942 5785 6017 
3 6017 5785 5470 
3 5863 5786 5864 
3 5864 5786 5941 
3 5472 5787 5788 
3 5788 5787 5862 
3 5789 5790 5791 
3 5791 5790 5792 
3 5791 5792 5794 
3 5794 5792 5793 
3 5793 5472 5794 
3 5794 5472 5788 
3 5794 5788 5795 
3 5795 5788 5865 
3 5795 5865 5495 
3 5495 5865 5797 
3 5495 5797 5796 
3 5796 5797 5867 
3 5796 5867 5498 
3 5498 5867 5868 
3 5498 5868 5798 
3 5798 5868 5870 
3 5798 5870 5502 
3 5502 5870 5799 
3 5502 5799 5506 
3 5506 5799 5800 
3 5506 5800 5503 
3 5503 5800 5872 
3 5503 5872 5801 
3 5801 5872 5874 
3 5801 5874 5509 
3 5509 5874 5802 
3 5509 5802 5508 
3 5508 5802 5804 
3 5508 5804 5803 
3 5803 5804 5805 
3 5803 5805 5514 
3 5514 5805 5806 
3 5514 5806 5512 
3 5512 5806 5807 
3 5512 5807 5511 
3 5511 5807 5808 
3 5511 5808 5517 
3 5517 5808 5809 
3 5517 5809 5515 
3 5515 5809 5810 
3 5515 5810 5518 
3 5518 5810 5811 
3 5518 5811 5526 
3 5526 5811 5878 
3 5526 5878 5523 
3 5523 5878 5812 
3 5523 5812 5529 
3 5529 5812 5880 
3 5529 5880 5813 
3 5813 5880 5814 
3 5813 5814 5531 
3 5531 5814 5815 
3 5531 5815 5816 
3 5816 5815 5817 
3 5816 5817 5533 
3 5533 5817 5818 
3 5533 5818 5535 
3 5535 5818 5883 
3 5535 5883 5537 
3 5537 5883 5885 
3 5537 5885 5539 
3 5539 5885 5886 
3 5539 5886 5542 
3 5542 5886 5819 
3 5542 5819 5820 
3 5820 5819 5889 
3 5820 5889 5543 
3 5543 5889 5821 
3 5543 5821 5545 
3 5545 5821 5890 
3 5545 5890 5822 
3 5822 5890 5823 
3 5822 5823 5548 
3 5548 5823 5892 
3 5548 5892 5552 
3 5552 5892 5893 
3 5552 5893 5824 
3 5824 5893 5825 
3 5824 5825 5554 
3 5554 5825 5827 
3 5554 5827 5826 
3 5826 5827 5828 
3 5826 5828 5556 
3 5556 5828 5829 
3 5556 5829 5558 
3 5558 5829 5830 
3 5558 5830 5831 
3 5831 5830 5832 
3 5831 5832 5559 
3 5559 5832 5896 
3 5559 5896 5560 
3 5560 5896 5833 
3 5560 5833 5563 
3 5563 5833 5834 
3 5563 5834 5565 
3 5565 5834 5900 
3 5565 5900 5566 
3 5566 5900 5835 
3 5566 5835 5569 
3 5569 5835 5903 
3 5569 5903 5836 
3 5836 5903 5837 
3 5836 5837 5572 
3 5572 5837 5904 
3 5572 5904 5573 
3 5573 5904 5838 
3 5573 5838 5576 
3 5576 5838 5908 
3 5576 5908 5839 
3 5839 5908 5840 
3 5839 5840 5580 
3 5580 5840 5841 
3 5580 5841 5842 
3 5842 5841 5843 
3 5842 5843 5584 
3 5584 5843 5844 
3 5584 5844 5586 
3 5586 5844 5911 
3 5586 5911 5845 
3 5845 5911 5846 
3 5845 5846 5590 
3 5590 5846 5914 
3 5590 5914 5847 
3 5847 5914 5915 
3 5847 5915 5597 
3 5597 5915 5848 
3 5597 5848 5598 
3 5598 5848 5918 
3 5598 5918 5600 
3 5600 5918 5920 
3 5600 5920 5601 
3 5601 5920 5849 
3 5601 5849 5850 
3 5850 5849 5851 
3 5850 5851 5604 
3 5604 5851 5921 
3 5604 5921 5852 
3 5852 5921 5923 
3 5852 5923 5853 
3 5853 5923 5925 
3 5853 5925 5854 
3 5854 5925 5927 
3 5854 5927 5855 
3 5855 5927 5928 
3 5855 5928 5856 
3 5856 5928 5929 
3 5856 5929 5609 
3 5609 5929 5857 
3 5609 5857 5858 
3 5858 5857 5933 
3 5858 5933 5612 
3 5612 5933 5934 
3 5612 5934 5859 
3 5859 5934 5860 
3 5859 5860 5861 
3 5861 5860 5936 
3 5861 5936 5614 
3 5614 5936 5937 
3 5614 5937 5616 
3 5616 5937 5939 
3 5616 5939 5617 
3 5617 5939 4169 
3 5862 5863 5788 
3 5788 5863 5864 
3 5788 5864 5865 
3 5865 5864 5943 
3 5865 5943 5797 
3 5797 5943 5866 
3 5797 5866 5867 
3 5867 5866 5944 
3 5867 5944 5868 
3 5868 5944 5869 
3 5868 5869 5870 
3 5870 5869 5947 
3 5870 5947 5799 
3 5799 5947 5871 
3 5799 5871 5800 
3 5800 5871 5949 
3 5800 5949 5872 
3 5872 5949 5873 
3 5872 5873 5874 
3 5874 5873 5951 
3 5874 5951 5802 
3 5802 5951 5875 
3 5802 5875 5804 
3 5804 5875 5953 
3 5804 5953 5805 
3 5805 5953 5954 
3 5805 5954 5806 
3 5806 5954 5955 
3 5806 5955 5807 
3 5807 5955 5876 
3 5807 5876 5808 
3 5808 5876 5877 
3 5808 5877 5809 
3 5809 5877 5959 
3 5809 5959 5810 
3 5810 5959 5961 
3 5810 5961 5811 
3 5811 5961 5962 
3 5811 5962 5878 
3 5878 5962 5879 
3 5878 5879 5812 
3 5812 5879 5963 
3 5812 5963 5880 
3 5880 5963 5881 
3 5880 5881 5814 
3 5814 5881 5964 
3 5814 5964 5815 
3 5815 5964 5966 
3 5815 5966 5817 
3 5817 5966 5882 
3 5817 5882 5818 
3 5818 5882 5967 
3 5818 5967 5883 
3 5883 5967 5884 
3 5883 5884 5885 
3 5885 5884 5887 
3 5885 5887 5886 
3 5886 5887 5888 
3 5886 5888 5819 
3 5819 5888 5970 
3 5819 5970 5889 
3 5889 5970 5972 
3 5889 5972 5821 
3 5821 5972 5973 
3 5821 5973 5890 
3 5890 5973 5975 
3 5890 5975 5823 
3 5823 5975 5977 
3 5823 5977 5892 
3 5892 5977 5891 
3 5892 5891 5893 
3 5893 5891 5894 
3 5893 5894 5825 
3 5825 5894 5895 
3 5825 5895 5827 
3 5827 5895 5979 
3 5827 5979 5828 
3 5828 5979 5982 
3 5828 5982 5829 
3 5829 5982 5983 
3 5829 5983 5830 
3 5830 5983 5985 
3 5830 5985 5832 
3 5832 5985 5897 
3 5832 5897 5896 
3 5896 5897 5898 
3 5896 5898 5833 
3 5833 5898 5899 
3 5833 5899 5834 
3 5834 5899 5987 
3 5834 5987 5900 
3 5900 5987 5901 
3 5900 5901 5835 
3 5835 5901 5902 
3 5835 5902 5903 
3 5903 5902 5990 
3 5903 5990 5837 
3 5837 5990 5905 
3 5837 5905 5904 
3 5904 5905 5906 
3 5904 5906 5838 
3 5838 5906 5907 
3 5838 5907 5908 
3 5908 5907 5993 
3 5908 5993 5840 
3 5840 5993 5909 
3 5840 5909 5841 
3 5841 5909 5995 
3 5841 5995 5843 
3 5843 5995 5996 
3 5843 5996 5844 
3 5844 5996 5910 
3 5844 5910 5911 
3 5911 5910 5998 
3 5911 5998 5846 
3 5846 5998 5912 
3 5846 5912 5914 
3 5914 5912 5913 
3 5914 5913 5915 
3 5915 5913 5916 
3 5915 5916 5848 
3 5848 5916 5917 
3 5848 5917 5918 
3 5918 5917 5919 
3 5918 5919 5920 
3 5920 5919 6001 
3 5920 6001 5849 
3 5849 6001 6002 
3 5849 6002 5851 
3 5851 6002 5922 
3 5851 5922 5921 
3 5921 5922 6004 
3 5921 6004 5923 
3 5923 6004 5924 
3 5923 5924 5925 
3 5925 5924 5926 
3 5925 5926 5927 
3 5927 5926 6008 
3 5927 6008 5928 
3 5928 6008 5930 
3 5928 5930 5929 
3 5929 5930 5931 
3 5929 5931 5857 
3 5857 5931 5932 
3 5857 5932 5933 
3 5933 5932 6011 
3 5933 6011 5934 
3 5934 6011 6013 
3 5934 6013 5860 
3 5860 6013 5935 
3 5860 5935 5936 
3 5936 5935 5938 
3 5936 5938 5937 
3 5937 5938 5940 
3 5937 5940 5939 
3 5939 5940 6016 
3 5939 6016 5487 
3 5487 6016 4170 
3 5941 5942 5864 
3 5864 5942 6017 
3 5864 6017 5943 
3 5943 6017 6018 
3 5943 6018 5866 
3 5866 6018 5945 
3 5866 5945 5944 
3 5944 5945 5946 
3 5944 5946 5869 
3 5869 5946 6022 
3 5869 6022 5947 
3 5947 6022 5948 
3 5947 5948 5871 
3 5871 5948 6024 
3 5871 6024 5949 
3 5949 6024 5950 
3 5949 5950 5873 
3 5873 5950 6026 
3 5873 6026 5951 
3 5951 6026 5952 
3 5951 5952 5875 
3 5875 5952 6028 
3 5875 6028 5953 
3 5953 6028 6030 
3 5953 6030 5954 
3 5954 6030 5956 
3 5954 5956 5955 
3 5955 5956 5957 
3 5955 5957 5876 
3 5876 5957 5958 
3 5876 5958 5877 
3 5877 5958 6032 
3 5877 6032 5959 
3 5959 6032 5960 
3 5959 5960 5961 
3 5961 5960 6035 
3 5961 6035 5962 
3 5962 6035 6036 
3 5962 6036 5879 
3 5879 6036 6039 
3 5879 6039 5963 
3 5963 6039 6040 
3 5963 6040 5881 
3 5881 6040 6043 
3 5881 6043 5964 
3 5964 6043 5965 
3 5964 5965 5966 
3 5966 5965 6044 
3 5966 6044 5882 
3 5882 6044 6046 
3 5882 6046 5967 
3 5967 6046 5968 
3 5967 5968 5884 
3 5884 5968 6048 
3 5884 6048 5887 
3 5887 6048 5969 
3 5887 5969 5888 
3 5888 5969 5971 
3 5888 5971 5970 
3 5970 5971 6050 
3 5970 6050 5972 
3 5972 6050 6052 
3 5972 6052 5973 
3 5973 6052 5974 
3 5973 5974 5975 
3 5975 5974 5976 
3 5975 5976 5977 
3 5977 5976 6055 
3 5977 6055 5891 
3 5891 6055 6057 
3 5891 6057 5894 
3 5894 6057 6059 
3 5894 6059 5895 
3 5895 6059 5978 
3 5895 5978 5979 
3 5979 5978 5980 
3 5979 5980 5982 
3 5982 5980 5981 
3 5982 5981 5983 
3 5983 5981 5984 
3 5983 5984 5985 
3 5985 5984 6062 
3 5985 6062 5897 
3 5897 6062 5986 
3 5897 5986 5898 
3 5898 5986 6066 
3 5898 6066 5899 
3 5899 6066 6067 
3 5899 6067 5987 
3 5987 6067 5988 
3 5987 5988 5901 
3 5901 5988 5989 
3 5901 5989 5902 
3 5902 5989 6070 
3 5902 6070 5990 
3 5990 6070 6071 
3 5990 6071 5905 
3 5905 6071 5991 
3 5905 5991 5906 
3 5906 5991 5992 
3 5906 5992 5907 
3 5907 5992 6074 
3 5907 6074 5993 
3 5993 6074 5994 
3 5993 5994 5909 
3 5909 5994 6076 
3 5909 6076 5995 
3 5995 6076 6078 
3 5995 6078 5996 
3 5996 6078 6079 
3 5996 6079 5910 
3 5910 6079 6080 
3 5910 6080 5998 
3 5998 6080 5997 
3 5998 5997 5912 
3 5912 5997 5999 
3 5912 5999 5913 
3 5913 5999 6081 
3 5913 6081 5916 
3 5916 6081 6083 
3 5916 6083 5917 
3 5917 6083 6084 
3 5917 6084 5919 
3 5919 6084 6000 
3 5919 6000 6001 
3 6001 6000 6003 
3 6001 6003 6002 
3 6002 6003 6086 
3 6002 6086 5922 
3 5922 6086 6087 
3 5922 6087 6004 
3 6004 6087 6005 
3 6004 6005 5924 
3 5924 6005 6006 
3 5924 6006 5926 
3 5926 6006 6007 
3 5926 6007 6008 
3 6008 6007 6009 
3 6008 6009 5930 
3 5930 6009 6010 
3 5930 6010 5931 
3 5931 6010 6091 
3 5931 6091 5932 
3 5932 6091 6093 
3 5932 6093 6011 
3 6011 6093 6012 
3 6011 6012 6013 
3 6013 6012 6014 
3 6013 6014 5935 
3 5935 6014 6097 
3 5935 6097 5938 
3 5938 6097 6015 
3 5938 6015 5940 
3 5940 6015 6099 
3 5940 6099 6016 
3 6016 6099 5621 
3 6016 5621 4171 
3 4171 5621 4172 
3 5470 5469 6017 
3 6017 5469 5784 
3 6017 5784 6018 
3 6018 5784 6019 
3 6018 6019 5945 
3 5945 6019 6020 
3 5945 6020 5946 
3 5946 6020 6021 
3 5946 6021 6022 
3 6022 6021 6023 
3 6022 6023 5948 
3 5948 6023 6102 
3 5948 6102 6024 
3 6024 6102 6104 
3 6024 6104 5950 
3 5950 6104 6025 
3 5950 6025 6026 
3 6026 6025 6027 
3 6026 6027 5952 
3 5952 6027 6029 
3 5952 6029 6028 
3 6028 6029 6107 
3 6028 6107 6030 
3 6030 6107 6109 
3 6030 6109 5956 
3 5956 6109 6031 
3 5956 6031 5957 
3 5957 6031 6112 
3 5957 6112 5958 
3 5958 6112 6113 
3 5958 6113 6032 
3 6032 6113 6033 
3 6032 6033 5960 
3 5960 6033 6034 
3 5960 6034 6035 
3 6035 6034 6037 
3 6035 6037 6036 
3 6036 6037 6038 
3 6036 6038 6039 
3 6039 6038 6041 
3 6039 6041 6040 
3 6040 6041 6042 
3 6040 6042 6043 
3 6043 6042 6118 
3 6043 6118 5965 
3 5965 6118 6045 
3 5965 6045 6044 
3 6044 6045 6120 
3 6044 6120 6046 
3 6046 6120 6121 
3 6046 6121 5968 
3 5968 6121 6047 
3 5968 6047 6048 
3 6048 6047 6123 
3 6048 6123 5969 
3 5969 6123 6124 
3 5969 6124 5971 
3 5971 6124 6049 
3 5971 6049 6050 
3 6050 6049 6051 
3 6050 6051 6052 
3 6052 6051 6053 
3 6052 6053 5974 
3 5974 6053 6054 
3 5974 6054 5976 
3 5976 6054 6128 
3 5976 6128 6055 
3 6055 6128 6056 
3 6055 6056 6057 
3 6057 6056 6130 
3 6057 6130 6059 
3 6059 6130 6058 
3 6059 6058 5978 
3 5978 6058 6060 
3 5978 6060 5980 
3 5980 6060 6133 
3 5980 6133 5981 
3 5981 6133 6061 
3 5981 6061 5984 
3 5984 6061 6063 
3 5984 6063 6062 
3 6062 6063 6064 
3 6062 6064 5986 
3 5986 6064 6065 
3 5986 6065 6066 
3 6066 6065 6136 
3 6066 6136 6067 
3 6067 6136 6068 
3 6067 6068 5988 
3 5988 6068 6069 
3 5988 6069 5989 
3 5989 6069 6139 
3 5989 6139 6070 
3 6070 6139 6140 
3 6070 6140 6071 
3 6071 6140 6072 
3 6071 6072 5991 
3 5991 6072 6073 
3 5991 6073 5992 
3 5992 6073 6141 
3 5992 6141 6074 
3 6074 6141 6075 
3 6074 6075 5994 
3 5994 6075 6142 
3 5994 6142 6076 
3 6076 6142 6077 
3 6076 6077 6078 
3 6078 6077 6144 
3 6078 6144 6079 
3 6079 6144 6145 
3 6079 6145 6080 
3 6080 6145 6147 
3 6080 6147 5997 
3 5997 6147 6148 
3 5997 6148 5999 
3 5999 6148 6149 
3 5999 6149 6081 
3 6081 6149 6082 
3 6081 6082 6083 
3 6083 6082 6152 
3 6083 6152 6084 
3 6084 6152 6155 
3 6084 6155 6000 
3 6000 6155 6085 
3 6000 6085 6003 
3 6003 6085 6156 
3 6003 6156 6086 
3 6086 6156 6158 
3 6086 6158 6087 
3 6087 6158 6088 
3 6087 6088 6005 
3 6005 6088 6160 
3 6005 6160 6006 
3 6006 6160 6089 
3 6006 6089 6007 
3 6007 6089 6090 
3 6007 6090 6009 
3 6009 6090 6164 
3 6009 6164 6010 
3 6010 6164 6165 
3 6010 6165 6091 
3 6091 6165 6092 
3 6091 6092 6093 
3 6093 6092 6094 
3 6093 6094 6012 
3 6012 6094 6168 
3 6012 6168 6014 
3 6014 6168 6095 
3 6014 6095 6097 
3 6097 6095 6096 
3 6097 6096 6015 
3 6015 6096 6098 
3 6015 6098 6099 
3 6099 6098 6172 
3 6099 6172 5621 
3 5621 6172 6101 
3 5621 6101 6100 
3 6100 6101 5486 
3 5468 5780 5784 
3 5784 5780 5782 
3 5784 5782 6019 
3 6019 5782 6175 
3 6019 6175 6020 
3 6020 6175 6177 
3 6020 6177 6021 
3 6021 6177 6179 
3 6021 6179 6023 
3 6023 6179 6180 
3 6023 6180 6102 
3 6102 6180 6103 
3 6102 6103 6104 
3 6104 6103 6182 
3 6104 6182 6025 
3 6025 6182 6105 
3 6025 6105 6027 
3 6027 6105 6106 
3 6027 6106 6029 
3 6029 6106 6108 
3 6029 6108 6107 
3 6107 6108 6185 
3 6107 6185 6109 
3 6109 6185 6110 
3 6109 6110 6031 
3 6031 6110 6111 
3 6031 6111 6112 
3 6112 6111 6114 
3 6112 6114 6113 
3 6113 6114 6115 
3 6113 6115 6033 
3 6033 6115 6187 
3 6033 6187 6034 
3 6034 6187 6190 
3 6034 6190 6037 
3 6037 6190 6116 
3 6037 6116 6038 
3 6038 6116 6117 
3 6038 6117 6041 
3 6041 6117 6192 
3 6041 6192 6042 
3 6042 6192 6194 
3 6042 6194 6118 
3 6118 6194 6119 
3 6118 6119 6045 
3 6045 6119 6195 
3 6045 6195 6120 
3 6120 6195 6196 
3 6120 6196 6121 
3 6121 6196 6122 
3 6121 6122 6047 
3 6047 6122 6198 
3 6047 6198 6123 
3 6123 6198 6201 
3 6123 6201 6124 
3 6124 6201 6125 
3 6124 6125 6049 
3 6049 6125 6204 
3 6049 6204 6051 
3 6051 6204 6205 
3 6051 6205 6053 
3 6053 6205 6126 
3 6053 6126 6054 
3 6054 6126 6127 
3 6054 6127 6128 
3 6128 6127 6207 
3 6128 6207 6056 
3 6056 6207 6210 
3 6056 6210 6130 
3 6130 6210 6129 
3 6130 6129 6058 
3 6058 6129 6131 
3 6058 6131 6060 
3 6060 6131 6132 
3 6060 6132 6133 
3 6133 6132 6213 
3 6133 6213 6061 
3 6061 6213 6134 
3 6061 6134 6063 
3 6063 6134 6216 
3 6063 6216 6064 
3 6064 6216 6135 
3 6064 6135 6065 
3 6065 6135 6217 
3 6065 6217 6136 
3 6136 6217 6219 
3 6136 6219 6068 
3 6068 6219 6137 
3 6068 6137 6069 
3 6069 6137 6138 
3 6069 6138 6139 
3 6139 6138 6222 
3 6139 6222 6140 
3 6140 6222 6223 
3 6140 6223 6072 
3 6072 6223 6224 
3 6072 6224 6073 
3 6073 6224 6226 
3 6073 6226 6141 
3 6141 6226 6228 
3 6141 6228 6075 
3 6075 6228 6230 
3 6075 6230 6142 
3 6142 6230 6231 
3 6142 6231 6077 
3 6077 6231 6143 
3 6077 6143 6144 
3 6144 6143 6234 
3 6144 6234 6145 
3 6145 6234 6146 
3 6145 6146 6147 
3 6147 6146 6237 
3 6147 6237 6148 
3 6148 6237 6150 
3 6148 6150 6149 
3 6149 6150 6151 
3 6149 6151 6082 
3 6082 6151 6239 
3 6082 6239 6152 
3 6152 6239 6153 
3 6152 6153 6155 
3 6155 6153 6154 
3 6155 6154 6085 
3 6085 6154 6244 
3 6085 6244 6156 
3 6156 6244 6245 
3 6156 6245 6158 
3 6158 6245 6157 
3 6158 6157 6088 
3 6088 6157 6159 
3 6088 6159 6160 
3 6160 6159 6246 
3 6160 6246 6089 
3 6089 6246 6161 
3 6089 6161 6090 
3 6090 6161 6162 
3 6090 6162 6164 
3 6164 6162 6163 
3 6164 6163 6165 
3 6165 6163 6166 
3 6165 6166 6092 
3 6092 6166 6167 
3 6092 6167 6094 
3 6094 6167 6169 
3 6094 6169 6168 
3 6168 6169 6249 
3 6168 6249 6095 
3 6095 6249 6170 
3 6095 6170 6096 
3 6096 6170 6251 
3 6096 6251 6098 
3 6098 6251 6171 
3 6098 6171 6172 
3 6172 6171 6252 
3 6172 6252 6101 
3 6101 6252 6173 
3 6101 6173 4165 
3 4165 6173 4167 
3 5467 6174 5782 
3 5782 6174 6256 
3 5782 6256 6175 
3 6175 6256 6257 
3 6175 6257 6177 
3 6177 6257 6176 
3 6177 6176 6179 
3 6179 6176 6178 
3 6179 6178 6180 
3 6180 6178 6260 
3 6180 6260 6103 
3 6103 6260 6181 
3 6103 6181 6182 
3 6182 6181 6262 
3 6182 6262 6105 
3 6105 6262 6183 
3 6105 6183 6106 
3 6106 6183 6264 
3 6106 6264 6108 
3 6108 6264 6184 
3 6108 6184 6185 
3 6185 6184 6266 
3 6185 6266 6110 
3 6110 6266 6267 
3 6110 6267 6111 
3 6111 6267 6268 
3 6111 6268 6114 
3 6114 6268 6186 
3 6114 6186 6115 
3 6115 6186 6270 
3 6115 6270 6187 
3 6187 6270 6188 
3 6187 6188 6190 
3 6190 6188 6189 
3 6190 6189 6116 
3 6116 6189 6191 
3 6116 6191 6117 
3 6117 6191 6193 
3 6117 6193 6192 
3 6192 6193 6272 
3 6192 6272 6194 
3 6194 6272 6273 
3 6194 6273 6119 
3 6119 6273 6274 
3 6119 6274 6195 
3 6195 6274 6197 
3 6195 6197 6196 
3 6196 6197 6277 
3 6196 6277 6122 
3 6122 6277 6199 
3 6122 6199 6198 
3 6198 6199 6200 
3 6198 6200 6201 
3 6201 6200 6279 
3 6201 6279 6125 
3 6125 6279 6202 
3 6125 6202 6204 
3 6204 6202 6203 
3 6204 6203 6205 
3 6205 6203 6206 
3 6205 6206 6126 
3 6126 6206 6281 
3 6126 6281 6127 
3 6127 6281 6208 
3 6127 6208 6207 
3 6207 6208 6209 
3 6207 6209 6210 
3 6210 6209 6283 
3 6210 6283 6129 
3 6129 6283 6211 
3 6129 6211 6131 
3 6131 6211 6284 
3 6131 6284 6132 
3 6132 6284 6212 
3 6132 6212 6213 
3 6213 6212 6214 
3 6213 6214 6134 
3 6134 6214 6286 
3 6134 6286 6216 
3 6216 6286 6215 
3 6216 6215 6135 
3 6135 6215 6288 
3 6135 6288 6217 
3 6217 6288 6218 
3 6217 6218 6219 
3 6219 6218 6220 
3 6219 6220 6137 
3 6137 6220 6221 
3 6137 6221 6138 
3 6138 6221 6291 
3 6138 6291 6222 
3 6222 6291 6292 
3 6222 6292 6223 
3 6223 6292 6294 
3 6223 6294 6224 
3 6224 6294 6225 
3 6224 6225 6226 
3 6226 6225 6227 
3 6226 6227 6228 
3 6228 6227 6229 
3 6228 6229 6230 
3 6230 6229 6297 
3 6230 6297 6231 
3 6231 6297 6232 
3 6231 6232 6143 
3 6143 6232 6233 
3 6143 6233 6234 
3 6234 6233 6235 
3 6234 6235 6146 
3 6146 6235 6236 
3 6146 6236 6237 
3 6237 6236 6302 
3 6237 6302 6150 
3 6150 6302 6303 
3 6150 6303 6151 
3 6151 6303 6238 
3 6151 6238 6239 
3 6239 6238 6240 
3 6239 6240 6153 
3 6153 6240 6241 
3 6153 6241 6154 
3 6154 6241 6242 
3 6154 6242 6244 
3 6244 6242 6243 
3 6244 6243 6245 
3 6245 6243 6309 
3 6245 6309 6157 
3 6157 6309 6310 
3 6157 6310 6159 
3 6159 6310 6311 
3 6159 6311 6246 
3 6246 6311 6313 
3 6246 6313 6161 
3 6161 6313 6315 
3 6161 6315 6162 
3 6162 6315 6316 
3 6162 6316 6163 
3 6163 6316 6247 
3 6163 6247 6166 
3 6166 6247 6319 
3 6166 6319 6167 
3 6167 6319 6320 
3 6167 6320 6169 
3 6169 6320 6248 
3 6169 6248 6249 
3 6249 6248 6250 
3 6249 6250 6170 
3 6170 6250 6324 
3 6170 6324 6251 
3 6251 6324 6325 
3 6251 6325 6171 
3 6171 6325 6327 
3 6171 6327 6252 
3 6252 6327 6253 
3 6252 6253 6173 
3 6173 6253 6330 
3 6173 6330 6254 
3 6254 6330 6255 
3 5466 5465 6256 
3 6256 5465 6333 
3 6256 6333 6257 
3 6257 6333 6334 
3 6257 6334 6176 
3 6176 6334 6258 
3 6176 6258 6178 
3 6178 6258 6259 
3 6178 6259 6260 
3 6260 6259 6261 
3 6260 6261 6181 
3 6181 6261 6337 
3 6181 6337 6262 
3 6262 6337 6263 
3 6262 6263 6183 
3 6183 6263 6265 
3 6183 6265 6264 
3 6264 6265 6339 
3 6264 6339 6184 
3 6184 6339 6340 
3 6184 6340 6266 
3 6266 6340 6341 
3 6266 6341 6267 
3 6267 6341 6343 
3 6267 6343 6268 
3 6268 6343 6269 
3 6268 6269 6186 
3 6186 6269 6344 
3 6186 6344 6270 
3 6270 6344 6347 
3 6270 6347 6188 
3 6188 6347 6348 
3 6188 6348 6189 
3 6189 6348 6349 
3 6189 6349 6191 
3 6191 6349 6271 
3 6191 6271 6193 
3 6193 6271 6352 
3 6193 6352 6272 
3 6272 6352 6353 
3 6272 6353 6273 
3 6273 6353 6355 
3 6273 6355 6274 
3 6274 6355 6275 
3 6274 6275 6197 
3 6197 6275 6276 
3 6197 6276 6277 
3 6277 6276 6278 
3 6277 6278 6199 
3 6199 6278 6358 
3 6199 6358 6200 
3 6200 6358 6359 
3 6200 6359 6279 
3 6279 6359 6360 
3 6279 6360 6202 
3 6202 6360 6280 
3 6202 6280 6203 
3 6203 6280 6361 
3 6203 6361 6206 
3 6206 6361 6282 
3 6206 6282 6281 
3 6281 6282 6363 
3 6281 6363 6208 
3 6208 6363 6365 
3 6208 6365 6209 
3 6209 6365 6366 
3 6209 6366 6283 
3 6283 6366 6367 
3 6283 6367 6211 
3 6211 6367 6368 
3 6211 6368 6284 
3 6284 6368 6285 
3 6284 6285 6212 
3 6212 6285 6371 
3 6212 6371 6214 
3 6214 6371 6372 
3 6214 6372 6286 
3 6286 6372 6373 
3 6286 6373 6215 
3 6215 6373 6287 
3 6215 6287 6288 
3 6288 6287 6289 
3 6288 6289 6218 
3 6218 6289 6374 
3 6218 6374 6220 
3 6220 6374 6290 
3 6220 6290 6221 
3 6221 6290 6377 
3 6221 6377 6291 
3 6291 6377 6378 
3 6291 6378 6292 
3 6292 6378 6293 
3 6292 6293 6294 
3 6294 6293 6295 
3 6294 6295 6225 
3 6225 6295 6382 
3 6225 6382 6227 
3 6227 6382 6384 
3 6227 6384 6229 
3 6229 6384 6296 
3 6229 6296 6297 
3 6297 6296 6298 
3 6297 6298 6232 
3 6232 6298 6299 
3 6232 6299 6233 
3 6233 6299 6300 
3 6233 6300 6235 
3 6235 6300 6387 
3 6235 6387 6236 
3 6236 6387 6301 
3 6236 6301 6302 
3 6302 6301 6390 
3 6302 6390 6303 
3 6303 6390 6304 
3 6303 6304 6238 
3 6238 6304 6305 
3 6238 6305 6240 
3 6240 6305 6306 
3 6240 6306 6241 
3 6241 6306 6307 
3 6241 6307 6242 
3 6242 6307 6308 
3 6242 6308 6243 
3 6243 6308 6395 
3 6243 6395 6309 
3 6309 6395 6396 
3 6309 6396 6310 
3 6310 6396 6399 
3 6310 6399 6311 
3 6311 6399 6400 
3 6311 6400 6313 
3 6313 6400 6312 
3 6313 6312 6315 
3 6315 6312 6314 
3 6315 6314 6316 
3 6316 6314 6317 
3 6316 6317 6247 
3 6247 6317 6318 
3 6247 6318 6319 
3 6319 6318 6404 
3 6319 6404 6320 
3 6320 6404 6321 
3 6320 6321 6248 
3 6248 6321 6322 
3 6248 6322 6250 
3 6250 6322 6323 
3 6250 6323 6324 
3 6324 6323 6406 
3 6324 6406 6325 
3 6325 6406 6326 
3 6325 6326 6327 
3 6327 6326 6408 
3 6327 6408 6253 
3 6253 6408 6328 
3 6253 6328 6330 
3 6330 6328 6329 
3 6330 6329 6331 
3 6331 6329 6332 
3 5462 5460 6333 
3 6333 5460 6335 
3 6333 6335 6334 
3 6334 6335 6411 
3 6334 6411 6258 
3 6258 6411 6412 
3 6258 6412 6259 
3 6259 6412 6414 
3 6259 6414 6261 
3 6261 6414 6336 
3 6261 6336 6337 
3 6337 6336 6416 
3 6337 6416 6263 
3 6263 6416 6417 
3 6263 6417 6265 
3 6265 6417 6338 
3 6265 6338 6339 
3 6339 6338 6419 
3 6339 6419 6340 
3 6340 6419 6342 
3 6340 6342 6341 
3 6341 6342 6422 
3 6341 6422 6343 
3 6343 6422 6424 
3 6343 6424 6269 
3 6269 6424 6345 
3 6269 6345 6344 
3 6344 6345 6346 
3 6344 6346 6347 
3 6347 6346 6426 
3 6347 6426 6348 
3 6348 6426 6427 
3 6348 6427 6349 
3 6349 6427 6350 
3 6349 6350 6271 
3 6271 6350 6351 
3 6271 6351 6352 
3 6352 6351 6429 
3 6352 6429 6353 
3 6353 6429 6354 
3 6353 6354 6355 
3 6355 6354 6432 
3 6355 6432 6275 
3 6275 6432 6356 
3 6275 6356 6276 
3 6276 6356 6357 
3 6276 6357 6278 
3 6278 6357 6435 
3 6278 6435 6358 
3 6358 6435 6436 
3 6358 6436 6359 
3 6359 6436 6437 
3 6359 6437 6360 
3 6360 6437 6438 
3 6360 6438 6280 
3 6280 6438 6439 
3 6280 6439 6361 
3 6361 6439 6441 
3 6361 6441 6282 
3 6282 6441 6362 
3 6282 6362 6363 
3 6363 6362 6364 
3 6363 6364 6365 
3 6365 6364 6445 
3 6365 6445 6366 
3 6366 6445 6447 
3 6366 6447 6367 
3 6367 6447 6448 
3 6367 6448 6368 
3 6368 6448 6369 
3 6368 6369 6285 
3 6285 6369 6370 
3 6285 6370 6371 
3 6371 6370 6450 
3 6371 6450 6372 
3 6372 6450 6451 
3 6372 6451 6373 
3 6373 6451 6454 
3 6373 6454 6287 
3 6287 6454 6455 
3 6287 6455 6289 
3 6289 6455 6456 
3 6289 6456 6374 
3 6374 6456 6375 
3 6374 6375 6290 
3 6290 6375 6376 
3 6290 6376 6377 
3 6377 6376 6459 
3 6377 6459 6378 
3 6378 6459 6379 
3 6378 6379 6293 
3 6293 6379 6380 
3 6293 6380 6295 
3 6295 6380 6381 
3 6295 6381 6382 
3 6382 6381 6383 
3 6382 6383 6384 
3 6384 6383 6462 
3 6384 6462 6296 
3 6296 6462 6463 
3 6296 6463 6298 
3 6298 6463 6385 
3 6298 6385 6299 
3 6299 6385 6386 
3 6299 6386 6300 
3 6300 6386 6388 
3 6300 6388 6387 
3 6387 6388 6466 
3 6387 6466 6301 
3 6301 6466 6389 
3 6301 6389 6390 
3 6390 6389 6391 
3 6390 6391 6304 
3 6304 6391 6392 
3 6304 6392 6305 
3 6305 6392 6393 
3 6305 6393 6306 
3 6306 6393 6469 
3 6306 6469 6307 
3 6307 6469 6394 
3 6307 6394 6308 
3 6308 6394 6471 
3 6308 6471 6395 
3 6395 6471 6397 
3 6395 6397 6396 
3 6396 6397 6398 
3 6396 6398 6399 
3 6399 6398 6474 
3 6399 6474 6400 
3 6400 6474 6401 
3 6400 6401 6312 
3 6312 6401 6477 
3 6312 6477 6314 
3 6314 6477 6402 
3 6314 6402 6317 
3 6317 6402 6479 
3 6317 6479 6318 
3 6318 6479 6403 
3 6318 6403 6404 
3 6404 6403 6481 
3 6404 6481 6321 
3 6321 6481 6482 
3 6321 6482 6322 
3 6322 6482 6405 
3 6322 6405 6323 
3 6323 6405 6485 
3 6323 6485 6406 
3 6406 6485 6407 
3 6406 6407 6326 
3 6326 6407 6487 
3 6326 6487 6408 
3 6408 6487 6409 
3 6408 6409 6328 
3 6328 6409 6410 
3 6328 6410 6329 
3 6329 6410 6489 
3 6329 6489 4160 
3 4160 6489 4161 
3 5779 5458 6335 
3 6335 5458 6492 
3 6335 6492 6411 
3 6411 6492 6493 
3 6411 6493 6412 
3 6412 6493 6413 
3 6412 6413 6414 
3 6414 6413 6415 
3 6414 6415 6336 
3 6336 6415 6497 
3 6336 6497 6416 
3 6416 6497 6499 
3 6416 6499 6417 
3 6417 6499 6418 
3 6417 6418 6338 
3 6338 6418 6420 
3 6338 6420 6419 
3 6419 6420 6502 
3 6419 6502 6342 
3 6342 6502 6421 
3 6342 6421 6422 
3 6422 6421 6423 
3 6422 6423 6424 
3 6424 6423 6505 
3 6424 6505 6345 
3 6345 6505 6508 
3 6345 6508 6346 
3 6346 6508 6425 
3 6346 6425 6426 
3 6426 6425 6510 
3 6426 6510 6427 
3 6427 6510 6511 
3 6427 6511 6350 
3 6350 6511 6428 
3 6350 6428 6351 
3 6351 6428 6514 
3 6351 6514 6429 
3 6429 6514 6430 
3 6429 6430 6354 
3 6354 6430 6431 
3 6354 6431 6432 
3 6432 6431 6433 
3 6432 6433 6356 
3 6356 6433 6434 
3 6356 6434 6357 
3 6357 6434 6517 
3 6357 6517 6435 
3 6435 6517 6519 
3 6435 6519 6436 
3 6436 6519 6520 
3 6436 6520 6437 
3 6437 6520 6522 
3 6437 6522 6438 
3 6438 6522 6440 
3 6438 6440 6439 
3 6439 6440 6523 
3 6439 6523 6441 
3 6441 6523 6442 
3 6441 6442 6362 
3 6362 6442 6443 
3 6362 6443 6364 
3 6364 6443 6444 
3 6364 6444 6445 
3 6445 6444 6446 
3 6445 6446 6447 
3 6447 6446 6526 
3 6447 6526 6448 
3 6448 6526 6449 
3 6448 6449 6369 
3 6369 6449 6527 
3 6369 6527 6370 
3 6370 6527 6529 
3 6370 6529 6450 
3 6450 6529 6452 
3 6450 6452 6451 
3 6451 6452 6531 
3 6451 6531 6454 
3 6454 6531 6453 
3 6454 6453 6455 
3 6455 6453 6457 
3 6455 6457 6456 
3 6456 6457 6536 
3 6456 6536 6375 
3 6375 6536 6458 
3 6375 6458 6376 
3 6376 6458 6537 
3 6376 6537 6459 
3 6459 6537 6460 
3 6459 6460 6379 
3 6379 6460 6541 
3 6379 6541 6380 
3 6380 6541 6542 
3 6380 6542 6381 
3 6381 6542 6461 
3 6381 6461 6383 
3 6383 6461 6544 
3 6383 6544 6462 
3 6462 6544 6545 
3 6462 6545 6463 
3 6463 6545 6547 
3 6463 6547 6385 
3 6385 6547 6464 
3 6385 6464 6386 
3 6386 6464 6465 
3 6386 6465 6388 
3 6388 6465 6549 
3 6388 6549 6466 
3 6466 6549 6551 
3 6466 6551 6389 
3 6389 6551 6552 
3 6389 6552 6391 
3 6391 6552 6553 
3 6391 6553 6392 
3 6392 6553 6467 
3 6392 6467 6393 
3 6393 6467 6468 
3 6393 6468 6469 
3 6469 6468 6556 
3 6469 6556 6394 
3 6394 6556 6470 
3 6394 6470 6471 
3 6471 6470 6558 
3 6471 6558 6397 
3 6397 6558 6472 
3 6397 6472 6398 
3 6398 6472 6473 
3 6398 6473 6474 
3 6474 6473 6475 
3 6474 6475 6401 
3 6401 6475 6476 
3 6401 6476 6477 
3 6477 6476 6478 
3 6477 6478 6402 
3 6402 6478 6564 
3 6402 6564 6479 
3 6479 6564 6480 
3 6479 6480 6403 
3 6403 6480 6565 
3 6403 6565 6481 
3 6481 6565 6567 
3 6481 6567 6482 
3 6482 6567 6483 
3 6482 6483 6405 
3 6405 6483 6484 
3 6405 6484 6485 
3 6485 6484 6486 
3 6485 6486 6407 
3 6407 6486 6569 
3 6407 6569 6487 
3 6487 6569 6570 
3 6487 6570 6409 
3 6409 6570 6571 
3 6409 6571 6410 
3 6410 6571 6488 
3 6410 6488 6489 
3 6489 6488 6490 
3 6489 6490 4157 
3 4157 6490 6491 
3 5457 5455 6492 
3 6492 5455 6576 
3 6492 6576 6493 
3 6493 6576 6494 
3 6493 6494 6413 
3 6413 6494 6495 
3 6413 6495 6415 
3 6415 6495 6496 
3 6415 6496 6497 
3 6497 6496 6498 
3 6497 6498 6499 
3 6499 6498 6581 
3 6499 6581 6418 
3 6418 6581 6500 
3 6418 6500 6420 
3 6420 6500 6501 
3 6420 6501 6502 
3 6502 6501 6503 
3 6502 6503 6421 
3 6421 6503 6504 
3 6421 6504 6423 
3 6423 6504 6584 
3 6423 6584 6505 
3 6505 6584 6506 
3 6505 6506 6508 
3 6508 6506 6507 
3 6508 6507 6425 
3 6425 6507 6509 
3 6425 6509 6510 
3 6510 6509 6586 
3 6510 6586 6511 
3 6511 6586 6512 
3 6511 6512 6428 
3 6428 6512 6513 
3 6428 6513 6514 
3 6514 6513 6515 
3 6514 6515 6430 
3 6430 6515 6516 
3 6430 6516 6431 
3 6431 6516 6589 
3 6431 6589 6433 
3 6433 6589 6591 
3 6433 6591 6434 
3 6434 6591 6592 
3 6434 6592 6517 
3 6517 6592 6518 
3 6517 6518 6519 
3 6519 6518 6594 
3 6519 6594 6520 
3 6520 6594 6521 
3 6520 6521 6522 
3 6522 6521 6597 
3 6522 6597 6440 
3 6440 6597 6524 
3 6440 6524 6523 
3 6523 6524 6525 
3 6523 6525 6442 
3 6442 6525 6600 
3 6442 6600 6443 
3 6443 6600 6602 
3 6443 6602 6444 
3 6444 6602 6603 
3 6444 6603 6446 
3 6446 6603 6606 
3 6446 6606 6526 
3 6526 6606 6607 
3 6526 6607 6449 
3 6449 6607 6528 
3 6449 6528 6527 
3 6527 6528 6611 
3 6527 6611 6529 
3 6529 6611 6530 
3 6529 6530 6452 
3 6452 6530 6532 
3 6452 6532 6531 
3 6531 6532 6533 
3 6531 6533 6453 
3 6453 6533 6615 
3 6453 6615 6457 
3 6457 6615 6534 
3 6457 6534 6536 
3 6536 6534 6535 
3 6536 6535 6458 
3 6458 6535 6538 
3 6458 6538 6537 
3 6537 6538 6539 
3 6537 6539 6460 
3 6460 6539 6540 
3 6460 6540 6541 
3 6541 6540 6618 
3 6541 6618 6542 
3 6542 6618 6543 
3 6542 6543 6461 
3 6461 6543 6619 
3 6461 6619 6544 
3 6544 6619 6621 
3 6544 6621 6545 
3 6545 6621 6546 
3 6545 6546 6547 
3 6547 6546 6548 
3 6547 6548 6464 
3 6464 6548 6624 
3 6464 6624 6465 
3 6465 6624 6625 
3 6465 6625 6549 
3 6549 6625 6550 
3 6549 6550 6551 
3 6551 6550 6627 
3 6551 6627 6552 
3 6552 6627 6628 
3 6552 6628 6553 
3 6553 6628 6629 
3 6553 6629 6467 
3 6467 6629 6554 
3 6467 6554 6468 
3 6468 6554 6555 
3 6468 6555 6556 
3 6556 6555 6557 
3 6556 6557 6470 
3 6470 6557 6632 
3 6470 6632 6558 
3 6558 6632 6559 
3 6558 6559 6472 
3 6472 6559 6634 
3 6472 6634 6473 
3 6473 6634 6560 
3 6473 6560 6475 
3 6475 6560 6637 
3 6475 6637 6476 
3 6476 6637 6561 
3 6476 6561 6478 
3 6478 6561 6562 
3 6478 6562 6564 
3 6564 6562 6563 
3 6564 6563 6480 
3 6480 6563 6640 
3 6480 6640 6565 
3 6565 6640 6566 
3 6565 6566 6567 
3 6567 6566 6641 
3 6567 6641 6483 
3 6483 6641 6642 
3 6483 6642 6484 
3 6484 6642 6568 
3 6484 6568 6486 
3 6486 6568 6643 
3 6486 6643 6569 
3 6569 6643 6644 
3 6569 6644 6570 
3 6570 6644 6645 
3 6570 6645 6571 
3 6571 6645 6572 
3 6571 6572 6488 
3 6488 6572 6573 
3 6488 6573 6490 
3 6490 6573 6646 
3 6490 6646 6574 
3 6574 6646 6575 
3 5453 6577 6576 
3 6576 6577 6647 
3 6576 6647 6494 
3 6494 6647 6578 
3 6494 6578 6495 
3 6495 6578 6649 
3 6495 6649 6496 
3 6496 6649 6579 
3 6496 6579 6498 
3 6498 6579 6580 
3 6498 6580 6581 
3 6581 6580 6582 
3 6581 6582 6500 
3 6500 6582 6654 
3 6500 6654 6501 
3 6501 6654 6655 
3 6501 6655 6503 
3 6503 6655 6583 
3 6503 6583 6504 
3 6504 6583 6657 
3 6504 6657 6584 
3 6584 6657 6585 
3 6584 6585 6506 
3 6506 6585 6659 
3 6506 6659 6507 
3 6507 6659 6660 
3 6507 6660 6509 
3 6509 6660 6661 
3 6509 6661 6586 
3 6586 6661 6662 
3 6586 6662 6512 
3 6512 6662 6664 
3 6512 6664 6513 
3 6513 6664 6665 
3 6513 6665 6515 
3 6515 6665 6587 
3 6515 6587 6516 
3 6516 6587 6588 
3 6516 6588 6589 
3 6589 6588 6590 
3 6589 6590 6591 
3 6591 6590 6669 
3 6591 6669 6592 
3 6592 6669 6593 
3 6592 6593 6518 
3 6518 6593 6595 
3 6518 6595 6594 
3 6594 6595 6596 
3 6594 6596 6521 
3 6521 6596 6672 
3 6521 6672 6597 
3 6597 6672 6674 
3 6597 6674 6524 
3 6524 6674 6598 
3 6524 6598 6525 
3 6525 6598 6599 
3 6525 6599 6600 
3 6600 6599 6601 
3 6600 6601 6602 
3 6602 6601 6604 
3 6602 6604 6603 
3 6603 6604 6605 
3 6603 6605 6606 
3 6606 6605 6608 
3 6606 6608 6607 
3 6607 6608 6609 
3 6607 6609 6528 
3 6528 6609 6610 
3 6528 6610 6611 
3 6611 6610 6612 
3 6611 6612 6530 
3 6530 6612 6680 
3 6530 6680 6532 
3 6532 6680 6613 
3 6532 6613 6533 
3 6533 6613 6614 
3 6533 6614 6615 
3 6615 6614 6681 
3 6615 6681 6534 
3 6534 6681 6684 
3 6534 6684 6535 
3 6535 6684 6685 
3 6535 6685 6538 
3 6538 6685 6616 
3 6538 6616 6539 
3 6539 6616 6686 
3 6539 6686 6540 
3 6540 6686 6617 
3 6540 6617 6618 
3 6618 6617 6687 
3 6618 6687 6543 
3 6543 6687 6688 
3 6543 6688 6619 
3 6619 6688 6620 
3 6619 6620 6621 
3 6621 6620 6622 
3 6621 6622 6546 
3 6546 6622 6623 
3 6546 6623 6548 
3 6548 6623 6692 
3 6548 6692 6624 
3 6624 6692 6693 
3 6624 6693 6625 
3 6625 6693 6694 
3 6625 6694 6550 
3 6550 6694 6626 
3 6550 6626 6627 
3 6627 6626 6695 
3 6627 6695 6628 
3 6628 6695 6697 
3 6628 6697 6629 
3 6629 6697 6630 
3 6629 6630 6554 
3 6554 6630 6631 
3 6554 6631 6555 
3 6555 6631 6698 
3 6555 6698 6557 
3 6557 6698 6633 
3 6557 6633 6632 
3 6632 6633 6701 
3 6632 6701 6559 
3 6559 6701 6635 
3 6559 6635 6634 
3 6634 6635 6636 
3 6634 6636 6560 
3 6560 6636 6704 
3 6560 6704 6637 
3 6637 6704 6638 
3 6637 6638 6561 
3 6561 6638 6705 
3 6561 6705 6562 
3 6562 6705 6639 
3 6562 6639 6563 
3 6563 6639 6707 
3 6563 6707 6640 
3 6640 6707 6708 
3 6640 6708 6566 
3 6566 6708 6710 
3 6566 6710 6641 
3 6641 6710 6712 
3 6641 6712 6642 
3 6642 6712 6714 
3 6642 6714 6568 
3 6568 6714 6715 
3 6568 6715 6643 
3 6643 6715 6716 
3 6643 6716 6644 
3 6644 6716 6717 
3 6644 6717 6645 
3 6645 6717 6718 
3 6645 6718 6572 
3 6572 6718 6719 
3 6572 6719 6573 
3 6573 6719 6720 
3 6573 6720 6646 
3 6646 6720 6721 
3 6646 6721 5625 
3 5625 6721 4155 
3 5451 5450 6647 
3 6647 5450 5765 
3 6647 5765 6578 
3 6578 5765 6648 
3 6578 6648 6649 
3 6649 6648 6650 
3 6649 6650 6579 
3 6579 6650 6651 
3 6579 6651 6580 
3 6580 6651 5760 
3 6580 5760 6582 
3 6582 5760 6652 
3 6582 6652 6654 
3 6654 6652 6653 
3 6654 6653 6655 
3 6655 6653 5753 
3 6655 5753 6583 
3 6583 5753 5756 
3 6583 5756 6657 
3 6657 5756 6656 
3 6657 6656 6585 
3 6585 6656 5751 
3 6585 5751 6659 
3 6659 5751 6658 
3 6659 6658 6660 
3 6660 6658 5742 
3 6660 5742 6661 
3 6661 5742 5743 
3 6661 5743 6662 
3 6662 5743 6663 
3 6662 6663 6664 
3 6664 6663 5740 
3 6664 5740 6665 
3 6665 5740 5736 
3 6665 5736 6587 
3 6587 5736 6666 
3 6587 6666 6588 
3 6588 6666 6667 
3 6588 6667 6590 
3 6590 6667 6668 
3 6590 6668 6669 
3 6669 6668 5728 
3 6669 5728 6593 
3 6593 5728 6670 
3 6593 6670 6595 
3 6595 6670 6671 
3 6595 6671 6596 
3 6596 6671 5723 
3 6596 5723 6672 
3 6672 5723 6673 
3 6672 6673 6674 
3 6674 6673 5720 
3 6674 5720 6598 
3 6598 5720 6675 
3 6598 6675 6599 
3 6599 6675 6676 
3 6599 6676 6601 
3 6601 6676 5717 
3 6601 5717 6604 
3 6604 5717 6677 
3 6604 6677 6605 
3 6605 6677 5714 
3 6605 5714 6608 
3 6608 5714 6678 
3 6608 6678 6609 
3 6609 6678 6679 
3 6609 6679 6610 
3 6610 6679 5707 
3 6610 5707 6612 
3 6612 5707 5704 
3 6612 5704 6680 
3 6680 5704 5700 
3 6680 5700 6613 
3 6613 5700 5702 
3 6613 5702 6614 
3 6614 5702 6682 
3 6614 6682 6681 
3 6681 6682 6683 
3 6681 6683 6684 
3 6684 6683 5698 
3 6684 5698 6685 
3 6685 5698 5694 
3 6685 5694 6616 
3 6616 5694 5689 
3 6616 5689 6686 
3 6686 5689 5684 
3 6686 5684 6617 
3 6617 5684 5685 
3 6617 5685 6687 
3 6687 5685 5687 
3 6687 5687 6688 
3 6688 5687 5681 
3 6688 5681 6620 
3 6620 5681 6689 
3 6620 6689 6622 
3 6622 6689 6690 
3 6622 6690 6623 
3 6623 6690 6691 
3 6623 6691 6692 
3 6692 6691 5674 
3 6692 5674 6693 
3 6693 5674 5676 
3 6693 5676 6694 
3 6694 5676 5671 
3 6694 5671 6626 
3 6626 5671 5672 
3 6626 5672 6695 
3 6695 5672 6696 
3 6695 6696 6697 
3 6697 6696 5666 
3 6697 5666 6630 
3 6630 5666 5665 
3 6630 5665 6631 
3 6631 5665 6699 
3 6631 6699 6698 
3 6698 6699 5662 
3 6698 5662 6633 
3 6633 5662 6700 
3 6633 6700 6701 
3 6701 6700 6702 
3 6701 6702 6635 
3 6635 6702 5661 
3 6635 5661 6636 
3 6636 5661 6703 
3 6636 6703 6704 
3 6704 6703 5658 
3 6704 5658 6638 
3 6638 5658 5650 
3 6638 5650 6705 
3 6705 5650 5653 
3 6705 5653 6639 
3 6639 5653 6706 
3 6639 6706 6707 
3 6707 6706 5647 
3 6707 5647 6708 
3 6708 5647 6709 
3 6708 6709 6710 
3 6710 6709 6711 
3 6710 6711 6712 
3 6712 6711 5643 
3 6712 5643 6714 
3 6714 5643 6713 
3 6714 6713 6715 
3 6715 6713 5640 
3 6715 5640 6716 
3 6716 5640 5638 
3 6716 5638 6717 
3 6717 5638 5636 
3 6717 5636 6718 
3 6718 5636 5634 
3 6718 5634 6719 
3 6719 5634 5632 
3 6719 5632 6720 
3 6720 5632 5630 
3 6720 5630 6721 
3 6721 5630 5628 
3 6721 5628 6722 
3 6722 5628 4156 
3 6724 7324 6723 
3 6723 7783 6724 
3 6724 7783 6725 
3 6724 6725 7784 
3 6726 5438 6870 
3 5436 5435 6871 
3 6727 5432 6769 
3 5431 6767 6768 
3 6728 6758 6929 
3 5275 6810 6829 
3 6811 6729 6773 
3 6773 6729 6943 
3 6849 6730 5277 
3 6731 6732 6733 
3 6733 6732 6869 
3 6900 6734 6735 
3 6736 6921 5282 
3 6737 5281 6738 
3 6740 6739 5280 
3 5250 6739 6741 
3 6741 6739 6740 
3 6741 6740 6742 
3 6742 6740 6743 
3 6742 6743 5251 
3 5251 6743 5252 
3 5252 6743 6939 
3 5252 6939 5253 
3 5253 6939 5254 
3 5254 6939 6744 
3 5254 6744 5257 
3 5257 6744 5258 
3 5258 6744 6745 
3 5258 6745 6746 
3 6746 6745 6747 
3 6747 6745 6748 
3 6747 6748 5260 
3 5260 6748 6749 
3 6749 6748 6752 
3 6749 6752 6750 
3 6934 6751 6752 
3 6752 6751 5240 
3 6752 5240 6750 
3 6753 6933 6754 
3 6754 6755 6753 
3 6753 6755 6756 
3 6753 6756 6934 
3 6934 6756 6757 
3 6934 6757 6751 
3 6929 6758 6931 
3 6758 6759 6931 
3 6931 6759 5255 
3 6931 5255 6933 
3 6933 5255 5241 
3 6933 5241 6754 
3 6728 6929 6760 
3 6760 6929 6927 
3 6760 6927 5243 
3 5243 6927 6925 
3 5243 6925 5245 
3 5245 6925 5247 
3 5247 6925 6923 
3 5247 6923 5232 
3 5232 6923 5233 
3 5233 6923 6761 
3 5233 6761 6762 
3 6762 6761 5229 
3 5229 6761 6763 
3 5229 6763 5230 
3 5230 6763 5231 
3 5231 6763 6922 
3 5231 6922 5234 
3 5234 6922 6764 
3 6764 6922 6765 
3 6764 6765 5236 
3 5237 5236 5429 
3 5429 5236 6765 
3 5429 6765 6766 
3 6766 6765 6767 
3 5431 6768 5432 
3 6727 6769 5435 
3 5436 6871 5438 
3 6726 6870 5440 
3 6771 5428 6832 
3 6832 5428 5440 
3 5427 6770 6812 
3 6812 6770 6771 
3 6772 5426 6787 
3 6787 5426 5427 
3 7795 7097 6786 
3 6943 6774 6773 
3 6773 6774 7792 
3 6773 7792 6775 
3 6775 7792 7790 
3 6775 7790 6808 
3 6808 7790 6776 
3 6808 6776 6807 
3 6807 6776 7823 
3 6807 7823 6777 
3 6777 7823 6778 
3 6777 6778 6779 
3 6779 6778 7820 
3 6779 7820 6780 
3 6780 7820 7817 
3 6780 7817 6805 
3 6805 7817 7812 
3 6805 7812 6803 
3 6803 7812 7815 
3 6803 7815 6800 
3 6800 7815 6781 
3 6800 6781 6799 
3 6799 6781 7810 
3 6799 7810 6782 
3 6782 7810 7808 
3 6782 7808 6797 
3 6797 7808 6783 
3 6797 6783 6796 
3 6796 6783 7805 
3 6796 7805 6795 
3 6795 7805 6784 
3 6795 6784 6792 
3 6792 6784 7803 
3 6792 7803 6791 
3 6791 7803 7797 
3 6791 7797 6785 
3 6785 7797 7795 
3 6785 7795 6788 
3 6788 7795 6786 
3 6788 6786 6772 
3 6772 6787 6788 
3 6788 6787 6789 
3 6788 6789 6785 
3 6785 6789 6790 
3 6785 6790 6791 
3 6791 6790 6815 
3 6791 6815 6792 
3 6792 6815 6793 
3 6792 6793 6795 
3 6795 6793 6794 
3 6795 6794 6796 
3 6796 6794 6818 
3 6796 6818 6797 
3 6797 6818 6819 
3 6797 6819 6782 
3 6782 6819 6798 
3 6782 6798 6799 
3 6799 6798 6801 
3 6799 6801 6800 
3 6800 6801 6802 
3 6800 6802 6803 
3 6803 6802 6804 
3 6803 6804 6805 
3 6805 6804 6821 
3 6805 6821 6780 
3 6780 6821 6806 
3 6780 6806 6779 
3 6779 6806 6825 
3 6779 6825 6777 
3 6777 6825 6826 
3 6777 6826 6807 
3 6807 6826 6809 
3 6807 6809 6808 
3 6808 6809 6828 
3 6808 6828 6775 
3 6775 6828 6829 
3 6775 6829 6773 
3 6773 6829 6810 
3 6773 6810 6811 
3 5427 6812 6787 
3 6787 6812 6813 
3 6787 6813 6789 
3 6789 6813 6833 
3 6789 6833 6790 
3 6790 6833 6835 
3 6790 6835 6815 
3 6815 6835 6814 
3 6815 6814 6793 
3 6793 6814 6816 
3 6793 6816 6794 
3 6794 6816 6817 
3 6794 6817 6818 
3 6818 6817 6820 
3 6818 6820 6819 
3 6819 6820 6840 
3 6819 6840 6798 
3 6798 6840 6842 
3 6798 6842 6801 
3 6801 6842 6844 
3 6801 6844 6802 
3 6802 6844 6845 
3 6802 6845 6804 
3 6804 6845 6822 
3 6804 6822 6821 
3 6821 6822 6823 
3 6821 6823 6806 
3 6806 6823 6847 
3 6806 6847 6825 
3 6825 6847 6824 
3 6825 6824 6826 
3 6826 6824 6848 
3 6826 6848 6809 
3 6809 6848 6827 
3 6809 6827 6828 
3 6828 6827 6830 
3 6828 6830 6829 
3 6829 6830 6831 
3 6829 6831 5275 
3 6771 6832 6812 
3 6812 6832 6851 
3 6812 6851 6813 
3 6813 6851 6852 
3 6813 6852 6833 
3 6833 6852 6834 
3 6833 6834 6835 
3 6835 6834 6836 
3 6835 6836 6814 
3 6814 6836 6837 
3 6814 6837 6816 
3 6816 6837 6838 
3 6816 6838 6817 
3 6817 6838 6856 
3 6817 6856 6820 
3 6820 6856 6839 
3 6820 6839 6840 
3 6840 6839 6841 
3 6840 6841 6842 
3 6842 6841 6843 
3 6842 6843 6844 
3 6844 6843 6858 
3 6844 6858 6845 
3 6845 6858 6860 
3 6845 6860 6822 
3 6822 6860 6846 
3 6822 6846 6823 
3 6823 6846 6862 
3 6823 6862 6847 
3 6847 6862 6864 
3 6847 6864 6824 
3 6824 6864 6866 
3 6824 6866 6848 
3 6848 6866 6868 
3 6848 6868 6827 
3 6827 6868 6849 
3 6827 6849 6830 
3 6830 6849 5277 
3 6830 5277 6831 
3 5440 6870 6832 
3 6832 6870 6850 
3 6832 6850 6851 
3 6851 6850 6853 
3 6851 6853 6852 
3 6852 6853 6873 
3 6852 6873 6834 
3 6834 6873 6854 
3 6834 6854 6836 
3 6836 6854 6874 
3 6836 6874 6837 
3 6837 6874 6877 
3 6837 6877 6838 
3 6838 6877 6878 
3 6838 6878 6856 
3 6856 6878 6855 
3 6856 6855 6839 
3 6839 6855 6880 
3 6839 6880 6841 
3 6841 6880 6881 
3 6841 6881 6843 
3 6843 6881 6857 
3 6843 6857 6858 
3 6858 6857 6859 
3 6858 6859 6860 
3 6860 6859 6861 
3 6860 6861 6846 
3 6846 6861 6885 
3 6846 6885 6862 
3 6862 6885 6863 
3 6862 6863 6864 
3 6864 6863 6865 
3 6864 6865 6866 
3 6866 6865 6867 
3 6866 6867 6868 
3 6868 6867 6733 
3 6868 6733 6849 
3 6849 6733 6869 
3 6849 6869 6730 
3 5438 6871 6870 
3 6870 6871 6872 
3 6870 6872 6850 
3 6850 6872 6888 
3 6850 6888 6853 
3 6853 6888 6889 
3 6853 6889 6873 
3 6873 6889 6890 
3 6873 6890 6854 
3 6854 6890 6875 
3 6854 6875 6874 
3 6874 6875 6876 
3 6874 6876 6877 
3 6877 6876 6891 
3 6877 6891 6878 
3 6878 6891 6879 
3 6878 6879 6855 
3 6855 6879 6894 
3 6855 6894 6880 
3 6880 6894 6895 
3 6880 6895 6881 
3 6881 6895 6882 
3 6881 6882 6857 
3 6857 6882 6883 
3 6857 6883 6859 
3 6859 6883 6884 
3 6859 6884 6861 
3 6861 6884 6886 
3 6861 6886 6885 
3 6885 6886 6897 
3 6885 6897 6863 
3 6863 6897 6899 
3 6863 6899 6865 
3 6865 6899 6887 
3 6865 6887 6867 
3 6867 6887 6900 
3 6867 6900 6733 
3 6733 6900 6735 
3 6733 6735 6731 
3 5435 6769 6871 
3 6871 6769 6903 
3 6871 6903 6872 
3 6872 6903 6904 
3 6872 6904 6888 
3 6888 6904 6905 
3 6888 6905 6889 
3 6889 6905 6907 
3 6889 6907 6890 
3 6890 6907 6908 
3 6890 6908 6875 
3 6875 6908 6909 
3 6875 6909 6876 
3 6876 6909 6910 
3 6876 6910 6891 
3 6891 6910 6892 
3 6891 6892 6879 
3 6879 6892 6893 
3 6879 6893 6894 
3 6894 6893 6913 
3 6894 6913 6895 
3 6895 6913 6914 
3 6895 6914 6882 
3 6882 6914 6916 
3 6882 6916 6883 
3 6883 6916 6896 
3 6883 6896 6884 
3 6884 6896 6918 
3 6884 6918 6886 
3 6886 6918 6919 
3 6886 6919 6897 
3 6897 6919 6898 
3 6897 6898 6899 
3 6899 6898 6920 
3 6899 6920 6887 
3 6887 6920 6736 
3 6887 6736 6900 
3 6900 6736 5282 
3 6900 5282 6734 
3 5432 6768 6769 
3 6769 6768 6901 
3 6769 6901 6903 
3 6903 6901 6902 
3 6903 6902 6904 
3 6904 6902 6924 
3 6904 6924 6905 
3 6905 6924 6906 
3 6905 6906 6907 
3 6907 6906 6926 
3 6907 6926 6908 
3 6908 6926 6928 
3 6908 6928 6909 
3 6909 6928 6930 
3 6909 6930 6910 
3 6910 6930 6932 
3 6910 6932 6892 
3 6892 6932 6911 
3 6892 6911 6893 
3 6893 6911 6912 
3 6893 6912 6913 
3 6913 6912 6935 
3 6913 6935 6914 
3 6914 6935 6915 
3 6914 6915 6916 
3 6916 6915 6917 
3 6916 6917 6896 
3 6896 6917 6936 
3 6896 6936 6918 
3 6918 6936 6937 
3 6918 6937 6919 
3 6919 6937 6938 
3 6919 6938 6898 
3 6898 6938 6940 
3 6898 6940 6920 
3 6920 6940 6737 
3 6920 6737 6736 
3 6736 6737 6738 
3 6736 6738 6921 
3 6767 6765 6768 
3 6768 6765 6922 
3 6768 6922 6901 
3 6901 6922 6763 
3 6901 6763 6902 
3 6902 6763 6761 
3 6902 6761 6924 
3 6924 6761 6923 
3 6924 6923 6906 
3 6906 6923 6925 
3 6906 6925 6926 
3 6926 6925 6927 
3 6926 6927 6928 
3 6928 6927 6929 
3 6928 6929 6930 
3 6930 6929 6931 
3 6930 6931 6932 
3 6932 6931 6933 
3 6932 6933 6911 
3 6911 6933 6753 
3 6911 6753 6912 
3 6912 6753 6934 
3 6912 6934 6935 
3 6935 6934 6752 
3 6935 6752 6915 
3 6915 6752 6748 
3 6915 6748 6917 
3 6917 6748 6745 
3 6917 6745 6936 
3 6936 6745 6744 
3 6936 6744 6937 
3 6937 6744 6939 
3 6937 6939 6938 
3 6938 6939 6743 
3 6938 6743 6940 
3 6940 6743 6740 
3 6940 6740 6737 
3 6737 6740 5280 
3 6737 5280 5281 
3 4610 5264 7849 
3 7849 5264 6941 
3 7856 6942 5267 
3 5267 6942 5268 
3 6943 5274 6944 
3 6944 5274 5476 
3 6944 5476 7860 
3 6942 6945 5268 
3 5268 6945 6946 
3 5268 6946 5476 
3 5476 6946 7859 
3 5476 7859 7860 
3 5396 6968 7911 
3 5395 7909 6947 
3 6947 7909 6948 
3 8423 7924 8424 
3 8424 7924 6949 
3 8424 6949 6950 
3 6950 6949 6964 
3 6950 6964 8181 
3 6951 6952 5406 
3 5406 6952 6953 
3 5406 6953 5400 
3 5400 6953 5402 
3 7909 6954 7911 
3 7911 6954 6955 
3 7911 6955 5396 
3 6948 7909 5392 
3 5392 7909 6981 
3 5392 6981 6960 
3 7927 6956 6962 
3 7077 5322 7073 
3 5395 6957 7909 
3 7909 6957 6958 
3 7909 6958 6954 
3 6982 5393 6981 
3 6981 5393 6959 
3 6981 6959 6960 
3 5288 6961 6976 
3 8423 8404 7924 
3 7924 8404 6962 
3 7924 6962 7926 
3 7926 6962 6956 
3 7024 6963 7020 
3 7029 6974 6964 
3 6964 6974 8183 
3 6964 8183 8181 
3 7029 7005 6996 
3 7032 5420 7919 
3 7919 5420 5419 
3 7919 5419 7000 
3 6965 6966 7036 
3 6951 5410 6952 
3 6952 5410 5408 
3 6952 5408 6966 
3 6966 5408 6967 
3 6966 6967 7036 
3 6968 6969 7911 
3 7911 6969 6970 
3 7911 6970 6953 
3 6953 6970 5403 
3 6953 5403 5402 
3 7090 7014 7089 
3 7064 5355 7085 
3 5292 5291 7057 
3 7057 5291 6971 
3 6972 8178 7029 
3 7029 8178 6973 
3 7029 6973 6974 
3 5295 6993 6975 
3 6975 6993 6976 
3 6975 6976 5286 
3 5286 6976 6961 
3 7060 8190 6977 
3 6977 8192 7060 
3 7060 8192 8194 
3 7060 8194 6978 
3 7871 7869 6978 
3 6978 7869 6979 
3 6978 6979 7060 
3 7012 5390 7011 
3 7011 5390 6980 
3 7011 6980 6981 
3 6981 6980 5389 
3 6981 5389 6982 
3 7012 7042 6983 
3 6983 7042 6984 
3 7015 7016 6985 
3 6986 6987 7889 
3 7889 6987 5373 
3 7889 5373 5376 
3 5372 6988 6989 
3 6989 6988 7020 
3 6989 7020 6990 
3 6991 7052 6992 
3 6992 7052 5313 
3 5295 6994 6993 
3 6993 6994 5294 
3 6993 5294 7057 
3 7057 5294 6995 
3 7057 6995 5292 
3 6996 6997 7029 
3 7029 6997 6998 
3 7029 6998 6999 
3 5419 7001 7000 
3 7000 7001 7003 
3 7000 7003 7002 
3 7002 7003 5424 
3 7002 5424 7922 
3 7922 5424 7004 
3 7922 7004 7005 
3 7005 7004 7006 
3 7005 7006 6996 
3 6962 7007 7060 
3 7060 7007 7008 
3 7060 7008 8397 
3 8397 8187 7060 
3 7060 8187 8189 
3 7060 8189 8190 
3 6978 8197 7871 
3 7871 8197 8198 
3 7871 8198 7009 
3 7009 5284 7871 
3 7871 5284 5285 
3 7871 5285 6976 
3 6976 5285 7010 
3 6976 7010 5288 
3 7011 7907 7012 
3 7012 7907 7013 
3 7012 7013 7042 
3 7042 7013 7904 
3 7042 7904 7041 
3 7089 7014 7040 
3 6984 7042 5382 
3 5382 7042 7015 
3 5382 7015 5384 
3 7016 7015 5381 
3 5381 7015 7019 
3 5381 7019 5378 
3 6985 5380 7015 
3 7015 5380 5386 
3 7015 5386 5384 
3 5376 7017 7889 
3 7889 7017 7018 
3 7889 7018 7019 
3 7019 7018 5379 
3 7019 5379 5378 
3 6963 5367 7020 
3 7020 5367 7021 
3 7020 7021 6990 
3 5364 5363 7022 
3 7022 5363 7023 
3 7022 7023 7020 
3 7020 7023 5366 
3 7020 5366 7024 
3 5358 7045 7025 
3 7025 7045 7885 
3 7025 7885 5356 
3 5356 7885 7083 
3 7085 5355 7885 
3 7026 5304 5305 
3 5304 7026 7027 
3 7027 7026 7056 
3 7027 7056 7028 
3 6999 8179 7029 
3 7029 8179 7030 
3 7029 7030 6972 
3 7913 7035 7916 
3 7916 7035 5417 
3 7916 5417 7031 
3 7031 5417 5416 
3 7031 5416 7032 
3 7032 5416 5422 
3 7032 5422 5420 
3 7912 7033 7034 
3 7034 7033 5413 
3 7034 5413 7913 
3 7913 5413 5412 
3 7913 5412 7035 
3 7036 7037 6965 
3 6965 7037 7038 
3 6965 7038 7912 
3 7912 7038 7039 
3 7912 7039 7033 
3 7014 7896 7040 
3 7040 7896 7894 
3 7040 7894 7041 
3 7041 7894 7891 
3 7041 7891 7042 
3 5364 7022 7043 
3 7043 7022 7044 
3 7043 7044 5359 
3 5358 5362 7045 
3 7045 5362 7046 
3 7045 7046 7044 
3 7044 7046 5360 
3 7044 5360 5359 
3 7069 7066 7068 
3 5318 7878 7047 
3 7047 7878 7073 
3 7047 7073 7075 
3 6991 5310 7052 
3 7052 5310 7048 
3 7052 7048 7049 
3 7049 7048 7050 
3 7049 7050 7051 
3 5313 7052 5308 
3 5308 7052 7026 
3 5308 7026 7053 
3 7053 7026 5305 
3 7053 5305 5306 
3 7054 7055 7056 
3 7056 7055 5301 
3 7056 5301 7028 
3 7081 5299 7056 
3 7056 5299 5300 
3 7056 5300 7054 
3 5297 7079 5298 
3 5298 7079 7057 
3 5298 7057 7058 
3 7058 7057 6971 
3 7060 7931 7059 
3 7059 7061 7060 
3 7060 7061 7062 
3 7060 7062 6962 
3 6962 7062 7928 
3 6962 7928 7927 
3 5372 5371 6988 
3 6988 5371 7063 
3 6988 7063 7889 
3 7889 7063 5375 
3 7889 5375 6986 
3 5355 5352 7885 
3 7885 5352 5351 
3 7885 5351 5347 
3 5346 5344 7085 
3 7085 5344 5343 
3 7085 5343 7064 
3 5337 7084 5339 
3 5339 7084 7069 
3 5339 7069 7065 
3 7066 7069 7067 
3 7067 7069 7881 
3 7067 7881 5333 
3 7068 5330 7069 
3 7069 5330 5341 
3 7069 5341 7065 
3 7093 7070 7071 
3 7071 7070 5329 
3 7071 5329 5326 
3 5322 7072 7073 
3 7073 7072 7074 
3 7073 7074 7075 
3 7051 5316 7049 
3 7049 5316 7076 
3 7049 7076 7073 
3 7073 7076 5315 
3 7073 5315 7077 
3 5297 7078 7079 
3 7079 7078 5296 
3 7079 5296 7056 
3 7056 5296 7080 
3 7056 7080 7081 
3 5347 7082 7885 
3 7885 7082 5349 
3 7885 5349 7083 
3 5337 5336 7084 
3 7084 5336 5334 
3 7084 5334 7085 
3 7085 5334 7086 
3 7085 7086 5346 
3 5326 5325 7071 
3 7071 5325 5324 
3 7071 5324 7881 
3 7881 5324 7087 
3 7881 7087 5333 
3 7060 7088 7931 
3 7931 7088 7901 
3 7931 7901 7932 
3 7932 7901 7900 
3 7932 7900 7089 
3 7089 7900 7898 
3 7089 7898 7090 
3 5318 7091 7878 
3 7878 7091 7092 
3 7878 7092 7071 
3 7071 7092 5323 
3 7071 5323 7093 
3 7094 7095 5482 
3 5482 7095 7203 
3 7096 7097 7099 
3 7099 7097 7944 
3 7099 7944 7098 
3 7098 7951 7099 
3 7099 7951 7953 
3 7099 7953 5482 
3 5482 7953 7100 
3 5482 7100 7094 
3 7321 7101 4144 
3 4151 7465 7545 
3 7392 7317 7390 
3 5642 7302 7384 
3 5483 7202 7201 
3 8090 7784 6725 
3 8090 6725 7325 
3 7781 7780 7958 
3 7958 7780 7102 
3 7102 7780 7959 
3 7959 7780 7776 
3 7959 7776 7103 
3 7103 7776 7106 
3 7103 7106 7960 
3 7773 7109 7775 
3 7775 7109 7104 
3 7775 7104 7106 
3 7106 7104 7105 
3 7106 7105 7960 
3 7771 7967 7107 
3 7107 7967 7966 
3 7107 7966 7773 
3 7773 7966 7108 
3 7773 7108 7109 
3 7110 7969 7771 
3 7771 7969 7111 
3 7771 7111 7967 
3 7973 7113 7112 
3 7112 7113 7114 
3 7112 7114 7115 
3 7115 7114 7116 
3 7115 7116 7110 
3 7110 7116 7971 
3 7110 7971 7969 
3 7973 7112 7975 
3 7975 7112 7767 
3 7975 7767 7117 
3 7117 7767 7118 
3 7117 7118 7119 
3 7119 7118 7979 
3 7979 7118 7764 
3 7979 7764 7120 
3 7120 7764 7762 
3 7120 7762 7980 
3 7980 7762 7981 
3 7981 7762 7760 
3 7981 7760 7121 
3 7121 7760 7122 
3 7122 7760 7123 
3 7122 7123 7983 
3 7983 7123 7758 
3 7983 7758 7985 
3 7129 7124 7125 
3 7125 7124 7989 
3 7125 7989 7126 
3 7126 7989 7127 
3 7126 7127 7758 
3 7758 7127 7128 
3 7758 7128 7985 
3 7756 7992 7129 
3 7129 7992 7990 
3 7129 7990 7124 
3 7755 7132 7756 
3 7756 7132 7993 
3 7756 7993 7992 
3 7133 7130 7131 
3 7131 7130 7997 
3 7131 7997 7755 
3 7755 7997 7995 
3 7755 7995 7132 
3 7754 7134 7133 
3 7133 7134 7135 
3 7133 7135 7130 
3 8003 8001 7136 
3 7136 8001 7137 
3 7136 7137 7138 
3 7138 7137 7139 
3 7138 7139 7754 
3 7754 7139 7140 
3 7754 7140 7134 
3 8003 7136 8004 
3 8004 7136 7751 
3 8004 7751 7142 
3 7142 7751 7141 
3 7142 7141 7143 
3 7143 7141 8007 
3 8007 7141 7144 
3 8007 7144 7145 
3 7145 7144 7750 
3 7145 7750 8008 
3 8008 7750 8010 
3 8010 7750 7749 
3 8010 7749 8011 
3 8011 7749 7146 
3 7146 7749 7748 
3 7146 7748 7147 
3 7147 7748 7746 
3 7147 7746 8013 
3 7744 8017 7745 
3 7745 8017 7148 
3 7745 7148 7746 
3 7746 7148 8016 
3 7746 8016 8013 
3 7742 7149 7150 
3 7150 7149 7151 
3 7150 7151 7744 
3 7744 7151 8018 
3 7744 8018 8017 
3 7156 7157 7742 
3 7742 7157 7152 
3 7742 7152 7149 
3 8026 8025 7153 
3 7153 8025 8022 
3 7153 8022 7154 
3 7154 8022 7155 
3 7154 7155 7156 
3 7156 7155 8020 
3 7156 8020 7157 
3 8026 7153 8032 
3 8032 7153 7740 
3 8032 7740 8030 
3 8030 7740 7159 
3 8030 7159 7158 
3 7158 7159 7160 
3 7160 7159 7161 
3 7160 7161 8034 
3 8034 7161 7163 
3 8034 7163 8035 
3 8035 7163 7162 
3 7162 7163 7736 
3 7162 7736 8037 
3 8037 7736 7164 
3 7164 7736 7735 
3 7164 7735 7165 
3 7165 7735 7734 
3 7165 7734 7166 
3 7166 7734 7168 
3 7168 7734 7167 
3 7168 7167 8042 
3 8042 7167 8043 
3 8043 7167 7733 
3 8043 7733 7169 
3 7169 7733 7171 
3 7169 7171 8044 
3 7732 7175 7170 
3 7170 7175 8046 
3 7170 8046 7171 
3 7171 8046 7172 
3 7171 7172 8044 
3 7177 8050 7730 
3 7730 8050 7173 
3 7730 7173 7732 
3 7732 7173 7174 
3 7732 7174 7175 
3 7729 7176 7177 
3 7177 7176 7178 
3 7177 7178 8050 
3 8057 7179 7181 
3 7181 7179 8055 
3 7181 8055 7728 
3 7728 8055 8053 
3 7728 8053 7729 
3 7729 8053 7180 
3 7729 7180 7176 
3 8057 7181 8058 
3 8058 7181 7727 
3 8058 7727 8059 
3 8059 7727 7726 
3 8059 7726 8060 
3 8060 7726 8061 
3 8061 7726 7725 
3 8061 7725 8063 
3 8063 7725 7182 
3 8063 7182 8065 
3 8065 7182 8067 
3 8067 7182 7183 
3 8067 7183 8069 
3 8069 7183 8070 
3 8070 7183 7723 
3 8070 7723 8071 
3 8071 7723 7188 
3 8071 7188 7184 
3 7185 7187 7186 
3 7186 7187 7189 
3 7186 7189 7188 
3 7188 7189 7190 
3 7188 7190 7184 
3 7718 8076 7719 
3 7719 8076 8075 
3 7719 8075 7185 
3 7185 8075 7191 
3 7185 7191 7187 
3 7716 7196 7718 
3 7718 7196 8078 
3 7718 8078 8076 
3 7192 7193 7713 
3 7713 7193 7194 
3 7713 7194 7195 
3 7195 7194 8081 
3 7195 8081 7716 
3 7716 8081 8080 
3 7716 8080 7196 
3 7192 7713 8083 
3 8083 7713 7197 
3 8083 7197 7198 
3 7198 7197 7199 
3 7198 7199 8085 
3 8085 7199 7201 
3 8085 7201 7200 
3 7200 7201 7095 
3 7095 7201 7202 
3 7095 7202 7203 
3 7629 7204 7630 
3 7630 7204 5483 
3 7546 5484 7547 
3 7547 5484 7629 
3 7467 7206 7205 
3 7205 7206 7546 
3 7210 7208 7207 
3 7207 7208 7467 
3 7209 5480 7326 
3 7326 5480 7210 
3 7328 5481 7209 
3 5764 5481 5766 
3 5766 5481 7328 
3 5766 7328 7211 
3 7211 7328 5767 
3 5767 7328 7212 
3 5767 7212 7213 
3 7213 7212 7214 
3 7214 7212 7215 
3 7214 7215 5762 
3 5762 7215 5763 
3 5763 7215 7217 
3 5763 7217 5759 
3 5759 7217 7216 
3 7216 7217 7218 
3 7216 7218 5761 
3 5761 7218 7219 
3 7219 7218 7329 
3 7219 7329 5758 
3 5758 7329 7220 
3 7220 7329 7330 
3 7220 7330 5757 
3 5757 7330 7221 
3 7221 7330 7222 
3 7221 7222 5754 
3 5754 7222 5755 
3 5755 7222 7223 
3 5755 7223 5752 
3 5752 7223 7224 
3 7224 7223 7225 
3 7224 7225 5749 
3 5749 7225 5750 
3 5750 7225 7334 
3 5750 7334 5748 
3 5748 7334 7226 
3 7226 7334 7336 
3 7226 7336 5747 
3 5747 7336 7227 
3 7227 7336 7338 
3 7227 7338 5744 
3 5744 7338 5745 
3 5745 7338 7229 
3 5745 7229 5746 
3 5746 7229 7228 
3 7228 7229 7340 
3 7228 7340 5738 
3 5738 7340 5739 
3 5739 7340 7341 
3 5739 7341 5741 
3 5741 7341 5737 
3 5737 7341 7230 
3 5737 7230 5734 
3 5734 7230 7231 
3 7231 7230 7232 
3 7231 7232 5735 
3 5735 7232 7233 
3 7233 7232 7234 
3 7233 7234 5732 
3 5732 7234 5733 
3 5733 7234 7343 
3 5733 7343 5731 
3 5731 7343 7235 
3 7235 7343 7236 
3 7235 7236 5729 
3 5729 7236 5730 
3 5730 7236 7237 
3 5730 7237 7238 
3 7238 7237 5727 
3 5727 7237 7240 
3 5727 7240 7239 
3 7239 7240 5725 
3 5725 7240 7241 
3 5725 7241 5726 
3 5726 7241 5724 
3 5724 7241 7346 
3 5724 7346 7242 
3 7242 7346 7243 
3 7243 7346 7244 
3 7243 7244 5721 
3 5721 7244 5722 
3 5722 7244 7246 
3 5722 7246 7245 
3 7245 7246 7247 
3 7247 7246 7248 
3 7247 7248 5716 
3 5716 7248 5718 
3 5718 7248 7351 
3 5718 7351 5719 
3 5719 7351 5715 
3 5715 7351 7352 
3 5715 7352 5713 
3 5713 7352 7249 
3 7249 7352 7250 
3 7249 7250 5711 
3 5711 7250 7251 
3 7251 7250 7355 
3 7251 7355 5712 
3 5712 7355 5709 
3 5709 7355 7252 
3 5709 7252 5710 
3 5710 7252 7253 
3 7253 7252 7255 
3 7253 7255 7254 
3 7254 7255 5708 
3 5708 7255 7256 
3 5708 7256 5705 
3 5705 7256 5706 
3 5706 7256 7257 
3 5706 7257 5701 
3 5701 7257 5703 
3 5703 7257 7258 
3 5703 7258 5699 
3 5699 7258 7259 
3 7259 7258 7362 
3 7259 7362 7260 
3 7260 7362 7261 
3 7261 7362 7363 
3 7261 7363 5697 
3 5697 7363 7263 
3 7263 7363 7262 
3 7263 7262 5693 
3 5693 7262 5695 
3 5695 7262 7364 
3 5695 7364 5696 
3 5696 7364 5691 
3 5691 7364 7264 
3 5691 7264 5692 
3 5692 7264 7265 
3 7265 7264 7266 
3 7265 7266 5690 
3 5690 7266 5686 
3 5686 7266 7268 
3 5686 7268 7267 
3 7267 7268 5688 
3 5688 7268 7269 
3 5688 7269 5680 
3 5680 7269 5682 
3 5682 7269 7270 
3 5682 7270 5683 
3 5683 7270 7271 
3 7271 7270 7273 
3 7271 7273 7272 
3 7272 7273 5677 
3 5677 7273 7274 
3 5677 7274 5678 
3 5678 7274 5679 
3 5679 7274 7368 
3 5679 7368 5675 
3 5675 7368 7275 
3 7275 7368 7370 
3 7275 7370 7276 
3 7276 7370 7277 
3 7277 7370 7371 
3 7277 7371 7278 
3 7278 7371 7280 
3 7280 7371 7279 
3 7280 7279 5673 
3 5673 7279 7281 
3 7281 7279 7283 
3 7281 7283 5670 
3 5670 7283 7282 
3 7282 7283 7372 
3 7282 7372 7284 
3 7284 7372 7285 
3 7285 7372 7287 
3 7285 7287 5667 
3 7373 7290 5663 
3 5663 7286 7373 
3 7373 7286 5669 
3 7373 5669 7287 
3 7287 5669 5668 
3 7287 5668 5667 
3 7288 7291 5660 
3 5660 5659 7288 
3 7288 5659 7289 
3 7288 7289 7290 
3 7290 7289 5664 
3 7290 5664 5663 
3 7377 7296 5656 
3 5656 5655 7377 
3 7377 5655 7292 
3 7377 7292 7291 
3 7291 7292 7293 
3 7291 7293 5660 
3 7294 7298 5652 
3 5652 5651 7294 
3 7294 5651 7295 
3 7294 7295 7296 
3 7296 7295 5657 
3 7296 5657 5656 
3 7379 7380 7297 
3 7297 5646 7379 
3 7379 5646 5654 
3 7379 5654 7298 
3 7298 5654 7299 
3 7298 7299 5652 
3 7300 7305 5645 
3 5645 5649 7300 
3 7300 5649 5648 
3 7300 5648 7380 
3 7380 5648 7301 
3 7380 7301 7297 
3 7384 7302 7383 
3 7302 7303 7383 
3 7383 7303 7304 
3 7383 7304 7305 
3 7305 7304 5644 
3 7305 5644 5645 
3 5642 7384 7306 
3 7306 7384 7385 
3 7306 7385 7307 
3 7307 7385 7308 
3 7307 7308 5641 
3 5641 7308 7309 
3 7309 7308 7310 
3 7309 7310 5639 
3 5639 7310 7311 
3 7311 7310 7312 
3 7311 7312 5637 
3 5637 7312 5635 
3 5635 7312 7313 
3 5635 7313 5633 
3 5633 7313 5631 
3 5631 7313 7389 
3 5631 7389 5629 
3 5629 7389 7314 
3 7314 7389 7315 
3 7314 7315 5627 
3 5627 7315 7316 
3 7316 7315 7390 
3 7316 7390 7318 
3 7318 7390 7317 
3 7318 7317 5626 
3 7319 7466 4150 
3 4150 4149 7319 
3 7319 4149 4148 
3 7319 4148 4147 
3 7320 4152 7627 
3 7320 7627 4153 
3 7101 7321 7627 
3 7627 7321 7322 
3 7627 7322 4153 
3 7323 7710 7628 
3 6723 7324 7708 
3 7708 7324 7709 
3 7958 7957 7781 
3 7781 7957 7325 
3 7781 7325 7782 
3 7782 7325 6725 
3 7782 6725 7783 
3 7209 7326 7328 
3 7328 7326 7327 
3 7328 7327 7212 
3 7212 7327 7394 
3 7212 7394 7215 
3 7215 7394 7396 
3 7215 7396 7217 
3 7217 7396 7397 
3 7217 7397 7218 
3 7218 7397 7399 
3 7218 7399 7329 
3 7329 7399 7331 
3 7329 7331 7330 
3 7330 7331 7400 
3 7330 7400 7222 
3 7222 7400 7332 
3 7222 7332 7223 
3 7223 7332 7403 
3 7223 7403 7225 
3 7225 7403 7333 
3 7225 7333 7334 
3 7334 7333 7335 
3 7334 7335 7336 
3 7336 7335 7337 
3 7336 7337 7338 
3 7338 7337 7405 
3 7338 7405 7229 
3 7229 7405 7339 
3 7229 7339 7340 
3 7340 7339 7409 
3 7340 7409 7341 
3 7341 7409 7411 
3 7341 7411 7230 
3 7230 7411 7412 
3 7230 7412 7232 
3 7232 7412 7342 
3 7232 7342 7234 
3 7234 7342 7415 
3 7234 7415 7343 
3 7343 7415 7416 
3 7343 7416 7236 
3 7236 7416 7344 
3 7236 7344 7237 
3 7237 7344 7418 
3 7237 7418 7240 
3 7240 7418 7345 
3 7240 7345 7241 
3 7241 7345 7420 
3 7241 7420 7346 
3 7346 7420 7347 
3 7346 7347 7244 
3 7244 7347 7348 
3 7244 7348 7246 
3 7246 7348 7349 
3 7246 7349 7248 
3 7248 7349 7350 
3 7248 7350 7351 
3 7351 7350 7353 
3 7351 7353 7352 
3 7352 7353 7354 
3 7352 7354 7250 
3 7250 7354 7356 
3 7250 7356 7355 
3 7355 7356 7357 
3 7355 7357 7252 
3 7252 7357 7358 
3 7252 7358 7255 
3 7255 7358 7359 
3 7255 7359 7256 
3 7256 7359 7426 
3 7256 7426 7257 
3 7257 7426 7360 
3 7257 7360 7258 
3 7258 7360 7361 
3 7258 7361 7362 
3 7362 7361 7428 
3 7362 7428 7363 
3 7363 7428 7429 
3 7363 7429 7262 
3 7262 7429 7430 
3 7262 7430 7364 
3 7364 7430 7431 
3 7364 7431 7264 
3 7264 7431 7434 
3 7264 7434 7266 
3 7266 7434 7435 
3 7266 7435 7268 
3 7268 7435 7437 
3 7268 7437 7269 
3 7269 7437 7365 
3 7269 7365 7270 
3 7270 7365 7440 
3 7270 7440 7273 
3 7273 7440 7366 
3 7273 7366 7274 
3 7274 7366 7367 
3 7274 7367 7368 
3 7368 7367 7441 
3 7368 7441 7370 
3 7370 7441 7369 
3 7370 7369 7371 
3 7371 7369 7443 
3 7371 7443 7279 
3 7279 7443 7445 
3 7279 7445 7283 
3 7283 7445 7446 
3 7283 7446 7372 
3 7372 7446 7447 
3 7372 7447 7287 
3 7287 7447 7449 
3 7287 7449 7373 
3 7373 7449 7450 
3 7373 7450 7290 
3 7290 7450 7374 
3 7290 7374 7288 
3 7288 7374 7375 
3 7288 7375 7291 
3 7291 7375 7376 
3 7291 7376 7377 
3 7377 7376 7451 
3 7377 7451 7296 
3 7296 7451 7452 
3 7296 7452 7294 
3 7294 7452 7378 
3 7294 7378 7298 
3 7298 7378 7455 
3 7298 7455 7379 
3 7379 7455 7456 
3 7379 7456 7380 
3 7380 7456 7381 
3 7380 7381 7300 
3 7300 7381 7457 
3 7300 7457 7305 
3 7305 7457 7382 
3 7305 7382 7383 
3 7383 7382 7459 
3 7383 7459 7384 
3 7384 7459 7460 
3 7384 7460 7385 
3 7385 7460 7461 
3 7385 7461 7308 
3 7308 7461 7462 
3 7308 7462 7310 
3 7310 7462 7386 
3 7310 7386 7312 
3 7312 7386 7387 
3 7312 7387 7313 
3 7313 7387 7388 
3 7313 7388 7389 
3 7389 7388 7319 
3 7389 7319 7315 
3 7315 7319 4147 
3 7315 4147 7390 
3 7390 4147 7391 
3 7390 7391 7392 
3 7210 7207 7326 
3 7326 7207 7393 
3 7326 7393 7327 
3 7327 7393 7468 
3 7327 7468 7394 
3 7394 7468 7395 
3 7394 7395 7396 
3 7396 7395 7470 
3 7396 7470 7397 
3 7397 7470 7398 
3 7397 7398 7399 
3 7399 7398 7472 
3 7399 7472 7331 
3 7331 7472 7473 
3 7331 7473 7400 
3 7400 7473 7401 
3 7400 7401 7332 
3 7332 7401 7475 
3 7332 7475 7403 
3 7403 7475 7402 
3 7403 7402 7333 
3 7333 7402 7477 
3 7333 7477 7335 
3 7335 7477 7404 
3 7335 7404 7337 
3 7337 7404 7406 
3 7337 7406 7405 
3 7405 7406 7407 
3 7405 7407 7339 
3 7339 7407 7408 
3 7339 7408 7409 
3 7409 7408 7410 
3 7409 7410 7411 
3 7411 7410 7413 
3 7411 7413 7412 
3 7412 7413 7479 
3 7412 7479 7342 
3 7342 7479 7414 
3 7342 7414 7415 
3 7415 7414 7482 
3 7415 7482 7416 
3 7416 7482 7417 
3 7416 7417 7344 
3 7344 7417 7484 
3 7344 7484 7418 
3 7418 7484 7485 
3 7418 7485 7345 
3 7345 7485 7419 
3 7345 7419 7420 
3 7420 7419 7421 
3 7420 7421 7347 
3 7347 7421 7488 
3 7347 7488 7348 
3 7348 7488 7422 
3 7348 7422 7349 
3 7349 7422 7423 
3 7349 7423 7350 
3 7350 7423 7490 
3 7350 7490 7353 
3 7353 7490 7492 
3 7353 7492 7354 
3 7354 7492 7493 
3 7354 7493 7356 
3 7356 7493 7494 
3 7356 7494 7357 
3 7357 7494 7424 
3 7357 7424 7358 
3 7358 7424 7496 
3 7358 7496 7359 
3 7359 7496 7425 
3 7359 7425 7426 
3 7426 7425 7497 
3 7426 7497 7360 
3 7360 7497 7427 
3 7360 7427 7361 
3 7361 7427 7499 
3 7361 7499 7428 
3 7428 7499 7501 
3 7428 7501 7429 
3 7429 7501 7502 
3 7429 7502 7430 
3 7430 7502 7432 
3 7430 7432 7431 
3 7431 7432 7433 
3 7431 7433 7434 
3 7434 7433 7507 
3 7434 7507 7435 
3 7435 7507 7508 
3 7435 7508 7437 
3 7437 7508 7436 
3 7437 7436 7365 
3 7365 7436 7438 
3 7365 7438 7440 
3 7440 7438 7439 
3 7440 7439 7366 
3 7366 7439 7513 
3 7366 7513 7367 
3 7367 7513 7442 
3 7367 7442 7441 
3 7441 7442 7516 
3 7441 7516 7369 
3 7369 7516 7518 
3 7369 7518 7443 
3 7443 7518 7444 
3 7443 7444 7445 
3 7445 7444 7520 
3 7445 7520 7446 
3 7446 7520 7448 
3 7446 7448 7447 
3 7447 7448 7522 
3 7447 7522 7449 
3 7449 7522 7523 
3 7449 7523 7450 
3 7450 7523 7525 
3 7450 7525 7374 
3 7374 7525 7526 
3 7374 7526 7375 
3 7375 7526 7528 
3 7375 7528 7376 
3 7376 7528 7530 
3 7376 7530 7451 
3 7451 7530 7531 
3 7451 7531 7452 
3 7452 7531 7453 
3 7452 7453 7378 
3 7378 7453 7454 
3 7378 7454 7455 
3 7455 7454 7535 
3 7455 7535 7456 
3 7456 7535 7536 
3 7456 7536 7381 
3 7381 7536 7537 
3 7381 7537 7457 
3 7457 7537 7539 
3 7457 7539 7382 
3 7382 7539 7458 
3 7382 7458 7459 
3 7459 7458 7540 
3 7459 7540 7460 
3 7460 7540 7541 
3 7460 7541 7461 
3 7461 7541 7463 
3 7461 7463 7462 
3 7462 7463 7543 
3 7462 7543 7386 
3 7386 7543 7464 
3 7386 7464 7387 
3 7387 7464 7544 
3 7387 7544 7388 
3 7388 7544 7545 
3 7388 7545 7319 
3 7319 7545 7465 
3 7319 7465 7466 
3 7467 7205 7207 
3 7207 7205 7548 
3 7207 7548 7393 
3 7393 7548 7551 
3 7393 7551 7468 
3 7468 7551 7552 
3 7468 7552 7395 
3 7395 7552 7469 
3 7395 7469 7470 
3 7470 7469 7554 
3 7470 7554 7398 
3 7398 7554 7471 
3 7398 7471 7472 
3 7472 7471 7556 
3 7472 7556 7473 
3 7473 7556 7474 
3 7473 7474 7401 
3 7401 7474 7558 
3 7401 7558 7475 
3 7475 7558 7559 
3 7475 7559 7402 
3 7402 7559 7560 
3 7402 7560 7477 
3 7477 7560 7476 
3 7477 7476 7404 
3 7404 7476 7478 
3 7404 7478 7406 
3 7406 7478 7563 
3 7406 7563 7407 
3 7407 7563 7565 
3 7407 7565 7408 
3 7408 7565 7568 
3 7408 7568 7410 
3 7410 7568 7569 
3 7410 7569 7413 
3 7413 7569 7570 
3 7413 7570 7479 
3 7479 7570 7480 
3 7479 7480 7414 
3 7414 7480 7481 
3 7414 7481 7482 
3 7482 7481 7483 
3 7482 7483 7417 
3 7417 7483 7574 
3 7417 7574 7484 
3 7484 7574 7486 
3 7484 7486 7485 
3 7485 7486 7487 
3 7485 7487 7419 
3 7419 7487 7576 
3 7419 7576 7421 
3 7421 7576 7578 
3 7421 7578 7488 
3 7488 7578 7580 
3 7488 7580 7422 
3 7422 7580 7489 
3 7422 7489 7423 
3 7423 7489 7581 
3 7423 7581 7490 
3 7490 7581 7582 
3 7490 7582 7492 
3 7492 7582 7491 
3 7492 7491 7493 
3 7493 7491 7586 
3 7493 7586 7494 
3 7494 7586 7587 
3 7494 7587 7424 
3 7424 7587 7495 
3 7424 7495 7496 
3 7496 7495 7588 
3 7496 7588 7425 
3 7425 7588 7589 
3 7425 7589 7497 
3 7497 7589 7498 
3 7497 7498 7427 
3 7427 7498 7591 
3 7427 7591 7499 
3 7499 7591 7500 
3 7499 7500 7501 
3 7501 7500 7503 
3 7501 7503 7502 
3 7502 7503 7504 
3 7502 7504 7432 
3 7432 7504 7505 
3 7432 7505 7433 
3 7433 7505 7506 
3 7433 7506 7507 
3 7507 7506 7509 
3 7507 7509 7508 
3 7508 7509 7597 
3 7508 7597 7436 
3 7436 7597 7510 
3 7436 7510 7438 
3 7438 7510 7511 
3 7438 7511 7439 
3 7439 7511 7512 
3 7439 7512 7513 
3 7513 7512 7514 
3 7513 7514 7442 
3 7442 7514 7515 
3 7442 7515 7516 
3 7516 7515 7517 
3 7516 7517 7518 
3 7518 7517 7601 
3 7518 7601 7444 
3 7444 7601 7519 
3 7444 7519 7520 
3 7520 7519 7521 
3 7520 7521 7448 
3 7448 7521 7603 
3 7448 7603 7522 
3 7522 7603 7604 
3 7522 7604 7523 
3 7523 7604 7524 
3 7523 7524 7525 
3 7525 7524 7608 
3 7525 7608 7526 
3 7526 7608 7527 
3 7526 7527 7528 
3 7528 7527 7529 
3 7528 7529 7530 
3 7530 7529 7609 
3 7530 7609 7531 
3 7531 7609 7532 
3 7531 7532 7453 
3 7453 7532 7533 
3 7453 7533 7454 
3 7454 7533 7534 
3 7454 7534 7535 
3 7535 7534 7612 
3 7535 7612 7536 
3 7536 7612 7613 
3 7536 7613 7537 
3 7537 7613 7538 
3 7537 7538 7539 
3 7539 7538 7615 
3 7539 7615 7458 
3 7458 7615 7617 
3 7458 7617 7540 
3 7540 7617 7618 
3 7540 7618 7541 
3 7541 7618 7620 
3 7541 7620 7463 
3 7463 7620 7622 
3 7463 7622 7543 
3 7543 7622 7542 
3 7543 7542 7464 
3 7464 7542 7625 
3 7464 7625 7544 
3 7544 7625 7627 
3 7544 7627 7545 
3 7545 7627 4152 
3 7545 4152 4151 
3 7546 7547 7205 
3 7205 7547 7549 
3 7205 7549 7548 
3 7548 7549 7550 
3 7548 7550 7551 
3 7551 7550 7631 
3 7551 7631 7552 
3 7552 7631 7632 
3 7552 7632 7469 
3 7469 7632 7553 
3 7469 7553 7554 
3 7554 7553 7634 
3 7554 7634 7471 
3 7471 7634 7555 
3 7471 7555 7556 
3 7556 7555 7636 
3 7556 7636 7474 
3 7474 7636 7557 
3 7474 7557 7558 
3 7558 7557 7637 
3 7558 7637 7559 
3 7559 7637 7639 
3 7559 7639 7560 
3 7560 7639 7561 
3 7560 7561 7476 
3 7476 7561 7642 
3 7476 7642 7478 
3 7478 7642 7562 
3 7478 7562 7563 
3 7563 7562 7564 
3 7563 7564 7565 
3 7565 7564 7566 
3 7565 7566 7568 
3 7568 7566 7567 
3 7568 7567 7569 
3 7569 7567 7571 
3 7569 7571 7570 
3 7570 7571 7572 
3 7570 7572 7480 
3 7480 7572 7573 
3 7480 7573 7481 
3 7481 7573 7649 
3 7481 7649 7483 
3 7483 7649 7651 
3 7483 7651 7574 
3 7574 7651 7652 
3 7574 7652 7486 
3 7486 7652 7575 
3 7486 7575 7487 
3 7487 7575 7655 
3 7487 7655 7576 
3 7576 7655 7577 
3 7576 7577 7578 
3 7578 7577 7579 
3 7578 7579 7580 
3 7580 7579 7660 
3 7580 7660 7489 
3 7489 7660 7662 
3 7489 7662 7581 
3 7581 7662 7663 
3 7581 7663 7582 
3 7582 7663 7583 
3 7582 7583 7491 
3 7491 7583 7584 
3 7491 7584 7586 
3 7586 7584 7585 
3 7586 7585 7587 
3 7587 7585 7666 
3 7587 7666 7495 
3 7495 7666 7668 
3 7495 7668 7588 
3 7588 7668 7670 
3 7588 7670 7589 
3 7589 7670 7590 
3 7589 7590 7498 
3 7498 7590 7671 
3 7498 7671 7591 
3 7591 7671 7673 
3 7591 7673 7500 
3 7500 7673 7592 
3 7500 7592 7503 
3 7503 7592 7675 
3 7503 7675 7504 
3 7504 7675 7593 
3 7504 7593 7505 
3 7505 7593 7594 
3 7505 7594 7506 
3 7506 7594 7595 
3 7506 7595 7509 
3 7509 7595 7596 
3 7509 7596 7597 
3 7597 7596 7598 
3 7597 7598 7510 
3 7510 7598 7681 
3 7510 7681 7511 
3 7511 7681 7599 
3 7511 7599 7512 
3 7512 7599 7683 
3 7512 7683 7514 
3 7514 7683 7600 
3 7514 7600 7515 
3 7515 7600 7686 
3 7515 7686 7517 
3 7517 7686 7688 
3 7517 7688 7601 
3 7601 7688 7690 
3 7601 7690 7519 
3 7519 7690 7692 
3 7519 7692 7521 
3 7521 7692 7602 
3 7521 7602 7603 
3 7603 7602 7605 
3 7603 7605 7604 
3 7604 7605 7606 
3 7604 7606 7524 
3 7524 7606 7607 
3 7524 7607 7608 
3 7608 7607 7696 
3 7608 7696 7527 
3 7527 7696 7697 
3 7527 7697 7529 
3 7529 7697 7698 
3 7529 7698 7609 
3 7609 7698 7610 
3 7609 7610 7532 
3 7532 7610 7611 
3 7532 7611 7533 
3 7533 7611 7699 
3 7533 7699 7534 
3 7534 7699 7701 
3 7534 7701 7612 
3 7612 7701 7702 
3 7612 7702 7613 
3 7613 7702 7703 
3 7613 7703 7538 
3 7538 7703 7614 
3 7538 7614 7615 
3 7615 7614 7705 
3 7615 7705 7617 
3 7617 7705 7616 
3 7617 7616 7618 
3 7618 7616 7619 
3 7618 7619 7620 
3 7620 7619 7621 
3 7620 7621 7622 
3 7622 7621 7623 
3 7622 7623 7542 
3 7542 7623 7624 
3 7542 7624 7625 
3 7625 7624 7626 
3 7625 7626 7627 
3 7627 7626 7323 
3 7627 7323 7101 
3 7101 7323 7628 
3 7101 7628 4144 
3 7629 7630 7547 
3 7547 7630 7711 
3 7547 7711 7549 
3 7549 7711 7712 
3 7549 7712 7550 
3 7550 7712 7714 
3 7550 7714 7631 
3 7631 7714 7715 
3 7631 7715 7632 
3 7632 7715 7717 
3 7632 7717 7553 
3 7553 7717 7633 
3 7553 7633 7634 
3 7634 7633 7720 
3 7634 7720 7555 
3 7555 7720 7635 
3 7555 7635 7636 
3 7636 7635 7721 
3 7636 7721 7557 
3 7557 7721 7722 
3 7557 7722 7637 
3 7637 7722 7638 
3 7637 7638 7639 
3 7639 7638 7640 
3 7639 7640 7561 
3 7561 7640 7641 
3 7561 7641 7642 
3 7642 7641 7724 
3 7642 7724 7562 
3 7562 7724 7643 
3 7562 7643 7564 
3 7564 7643 7644 
3 7564 7644 7566 
3 7566 7644 7645 
3 7566 7645 7567 
3 7567 7645 7646 
3 7567 7646 7571 
3 7571 7646 7647 
3 7571 7647 7572 
3 7572 7647 7731 
3 7572 7731 7573 
3 7573 7731 7648 
3 7573 7648 7649 
3 7649 7648 7650 
3 7649 7650 7651 
3 7651 7650 7653 
3 7651 7653 7652 
3 7652 7653 7654 
3 7652 7654 7575 
3 7575 7654 7656 
3 7575 7656 7655 
3 7655 7656 7657 
3 7655 7657 7577 
3 7577 7657 7658 
3 7577 7658 7579 
3 7579 7658 7659 
3 7579 7659 7660 
3 7660 7659 7661 
3 7660 7661 7662 
3 7662 7661 7737 
3 7662 7737 7663 
3 7663 7737 7738 
3 7663 7738 7583 
3 7583 7738 7739 
3 7583 7739 7584 
3 7584 7739 7664 
3 7584 7664 7585 
3 7585 7664 7665 
3 7585 7665 7666 
3 7666 7665 7667 
3 7666 7667 7668 
3 7668 7667 7669 
3 7668 7669 7670 
3 7670 7669 7741 
3 7670 7741 7590 
3 7590 7741 7743 
3 7590 7743 7671 
3 7671 7743 7672 
3 7671 7672 7673 
3 7673 7672 7674 
3 7673 7674 7592 
3 7592 7674 7747 
3 7592 7747 7675 
3 7675 7747 7676 
3 7675 7676 7593 
3 7593 7676 7677 
3 7593 7677 7594 
3 7594 7677 7678 
3 7594 7678 7595 
3 7595 7678 7679 
3 7595 7679 7596 
3 7596 7679 7752 
3 7596 7752 7598 
3 7598 7752 7680 
3 7598 7680 7681 
3 7681 7680 7682 
3 7681 7682 7599 
3 7599 7682 7753 
3 7599 7753 7683 
3 7683 7753 7684 
3 7683 7684 7600 
3 7600 7684 7685 
3 7600 7685 7686 
3 7686 7685 7687 
3 7686 7687 7688 
3 7688 7687 7689 
3 7688 7689 7690 
3 7690 7689 7691 
3 7690 7691 7692 
3 7692 7691 7693 
3 7692 7693 7602 
3 7602 7693 7757 
3 7602 7757 7605 
3 7605 7757 7694 
3 7605 7694 7606 
3 7606 7694 7759 
3 7606 7759 7607 
3 7607 7759 7695 
3 7607 7695 7696 
3 7696 7695 7761 
3 7696 7761 7697 
3 7697 7761 7763 
3 7697 7763 7698 
3 7698 7763 7765 
3 7698 7765 7610 
3 7610 7765 7766 
3 7610 7766 7611 
3 7611 7766 7768 
3 7611 7768 7699 
3 7699 7768 7700 
3 7699 7700 7701 
3 7701 7700 7769 
3 7701 7769 7702 
3 7702 7769 7770 
3 7702 7770 7703 
3 7703 7770 7772 
3 7703 7772 7614 
3 7614 7772 7704 
3 7614 7704 7705 
3 7705 7704 7706 
3 7705 7706 7616 
3 7616 7706 7774 
3 7616 7774 7619 
3 7619 7774 7777 
3 7619 7777 7621 
3 7621 7777 7778 
3 7621 7778 7623 
3 7623 7778 7779 
3 7623 7779 7624 
3 7624 7779 7707 
3 7624 7707 7626 
3 7626 7707 7708 
3 7626 7708 7323 
3 7323 7708 7709 
3 7323 7709 7710 
3 5483 7201 7630 
3 7630 7201 7199 
3 7630 7199 7711 
3 7711 7199 7197 
3 7711 7197 7712 
3 7712 7197 7713 
3 7712 7713 7714 
3 7714 7713 7195 
3 7714 7195 7715 
3 7715 7195 7716 
3 7715 7716 7717 
3 7717 7716 7718 
3 7717 7718 7633 
3 7633 7718 7719 
3 7633 7719 7720 
3 7720 7719 7185 
3 7720 7185 7635 
3 7635 7185 7186 
3 7635 7186 7721 
3 7721 7186 7188 
3 7721 7188 7722 
3 7722 7188 7723 
3 7722 7723 7638 
3 7638 7723 7183 
3 7638 7183 7640 
3 7640 7183 7182 
3 7640 7182 7641 
3 7641 7182 7725 
3 7641 7725 7724 
3 7724 7725 7726 
3 7724 7726 7643 
3 7643 7726 7727 
3 7643 7727 7644 
3 7644 7727 7181 
3 7644 7181 7645 
3 7645 7181 7728 
3 7645 7728 7646 
3 7646 7728 7729 
3 7646 7729 7647 
3 7647 7729 7177 
3 7647 7177 7731 
3 7731 7177 7730 
3 7731 7730 7648 
3 7648 7730 7732 
3 7648 7732 7650 
3 7650 7732 7170 
3 7650 7170 7653 
3 7653 7170 7171 
3 7653 7171 7654 
3 7654 7171 7733 
3 7654 7733 7656 
3 7656 7733 7167 
3 7656 7167 7657 
3 7657 7167 7734 
3 7657 7734 7658 
3 7658 7734 7735 
3 7658 7735 7659 
3 7659 7735 7736 
3 7659 7736 7661 
3 7661 7736 7163 
3 7661 7163 7737 
3 7737 7163 7161 
3 7737 7161 7738 
3 7738 7161 7159 
3 7738 7159 7739 
3 7739 7159 7740 
3 7739 7740 7664 
3 7664 7740 7153 
3 7664 7153 7665 
3 7665 7153 7154 
3 7665 7154 7667 
3 7667 7154 7156 
3 7667 7156 7669 
3 7669 7156 7742 
3 7669 7742 7741 
3 7741 7742 7150 
3 7741 7150 7743 
3 7743 7150 7744 
3 7743 7744 7672 
3 7672 7744 7745 
3 7672 7745 7674 
3 7674 7745 7746 
3 7674 7746 7747 
3 7747 7746 7748 
3 7747 7748 7676 
3 7676 7748 7749 
3 7676 7749 7677 
3 7677 7749 7750 
3 7677 7750 7678 
3 7678 7750 7144 
3 7678 7144 7679 
3 7679 7144 7141 
3 7679 7141 7752 
3 7752 7141 7751 
3 7752 7751 7680 
3 7680 7751 7136 
3 7680 7136 7682 
3 7682 7136 7138 
3 7682 7138 7753 
3 7753 7138 7754 
3 7753 7754 7684 
3 7684 7754 7133 
3 7684 7133 7685 
3 7685 7133 7131 
3 7685 7131 7687 
3 7687 7131 7755 
3 7687 7755 7689 
3 7689 7755 7756 
3 7689 7756 7691 
3 7691 7756 7129 
3 7691 7129 7693 
3 7693 7129 7125 
3 7693 7125 7757 
3 7757 7125 7126 
3 7757 7126 7694 
3 7694 7126 7758 
3 7694 7758 7759 
3 7759 7758 7123 
3 7759 7123 7695 
3 7695 7123 7760 
3 7695 7760 7761 
3 7761 7760 7762 
3 7761 7762 7763 
3 7763 7762 7764 
3 7763 7764 7765 
3 7765 7764 7118 
3 7765 7118 7766 
3 7766 7118 7767 
3 7766 7767 7768 
3 7768 7767 7112 
3 7768 7112 7700 
3 7700 7112 7115 
3 7700 7115 7769 
3 7769 7115 7110 
3 7769 7110 7770 
3 7770 7110 7771 
3 7770 7771 7772 
3 7772 7771 7107 
3 7772 7107 7704 
3 7704 7107 7773 
3 7704 7773 7706 
3 7706 7773 7775 
3 7706 7775 7774 
3 7774 7775 7106 
3 7774 7106 7777 
3 7777 7106 7776 
3 7777 7776 7778 
3 7778 7776 7780 
3 7778 7780 7779 
3 7779 7780 7781 
3 7779 7781 7707 
3 7707 7781 7782 
3 7707 7782 7708 
3 7708 7782 7783 
3 7708 7783 6723 
3 8090 8086 7784 
3 7784 8086 6724 
3 8117 7806 7805 
3 6776 8118 7822 
3 6776 7822 7823 
3 6776 7788 7785 
3 7785 7786 6776 
3 6776 7786 7787 
3 6776 7787 8118 
3 7788 6776 7789 
3 7789 6776 7790 
3 7789 7790 7791 
3 7791 7790 7792 
3 7791 7792 7866 
3 6774 7864 7863 
3 7863 7862 6774 
3 6774 7862 7793 
3 6774 7793 7792 
3 7792 7793 7794 
3 7792 7794 7866 
3 7864 6774 7865 
3 7865 6774 6943 
3 7865 6943 6944 
3 7796 7795 7799 
3 7799 7795 7797 
3 7944 7097 7947 
3 7947 7097 7795 
3 7947 7795 7948 
3 7948 7795 7796 
3 7943 7942 7797 
3 7797 7942 7798 
3 7797 7798 7799 
3 7943 7797 7800 
3 7800 7797 7803 
3 7800 7803 7941 
3 7801 7938 6784 
3 6784 7938 7802 
3 6784 7802 7803 
3 7803 7802 7804 
3 7803 7804 7941 
3 7805 7806 6784 
3 6784 7806 7937 
3 6784 7937 7801 
3 8117 7805 8121 
3 8121 7805 6783 
3 8121 6783 7807 
3 7807 6783 7808 
3 7807 7808 7809 
3 7809 7808 8128 
3 8128 7808 7810 
3 8128 7810 8125 
3 8125 7810 8124 
3 8124 7810 6781 
3 8124 6781 8135 
3 7815 7816 6781 
3 6781 7816 7811 
3 6781 7811 8135 
3 7812 7813 7815 
3 7815 7813 7814 
3 7815 7814 7816 
3 7817 8130 7812 
3 7812 8130 8131 
3 7812 8131 7813 
3 7820 7821 7817 
3 7817 7821 8139 
3 7817 8139 8130 
3 6778 7818 7820 
3 7820 7818 7819 
3 7820 7819 7821 
3 7822 8141 7823 
3 7823 8141 8146 
3 7823 8146 6778 
3 6778 8146 7824 
3 6778 7824 7818 
3 7825 7826 8180 
3 8180 7826 8168 
3 7826 7827 8168 
3 8168 7827 7829 
3 8168 7829 7828 
3 7828 7829 4123 
3 7828 4123 7830 
3 7830 7831 7828 
3 7828 7831 7832 
3 7828 7832 8173 
3 8173 7832 4124 
3 8173 4124 7833 
3 7833 4124 7834 
3 7833 7834 7835 
3 8177 4119 4122 
3 8177 4122 8184 
3 8184 4122 7836 
3 8184 7836 7837 
3 7836 7838 7837 
3 7837 7838 7839 
3 7837 7839 8182 
3 8182 7839 7840 
3 8182 7840 8180 
3 8180 7840 7841 
3 8180 7841 7825 
3 7847 7842 7843 
3 7843 7842 4117 
3 7843 4117 8177 
3 8177 4117 4120 
3 8177 4120 4119 
3 7850 7844 7845 
3 7845 7844 7846 
3 7845 7846 7847 
3 7847 7846 4114 
3 7847 4114 7842 
3 7848 7849 5264 
3 5264 7849 6941 
3 7850 8176 7849 
3 7848 7851 7849 
3 7849 7851 7852 
3 7849 7852 7850 
3 7850 7852 4115 
3 7850 4115 7844 
3 7786 7853 7787 
3 7787 7853 8142 
3 7787 8142 8118 
3 7854 7855 7856 
3 7856 7855 6945 
3 7856 6945 6942 
3 7855 8199 6945 
3 6945 8199 7857 
3 6945 7857 6946 
3 7857 8196 6946 
3 6946 8196 8195 
3 6946 8195 7859 
3 8195 8193 7859 
3 7859 8193 7858 
3 7859 7858 7860 
3 7860 7858 7861 
3 7860 7861 6944 
3 6944 7861 8191 
3 6944 8191 7865 
3 7865 8191 8188 
3 7868 7862 8201 
3 8201 7862 7863 
3 8201 7863 8188 
3 8188 7863 7864 
3 8188 7864 7865 
3 8204 7866 7867 
3 7867 7866 7794 
3 7867 7794 7868 
3 7868 7794 7793 
3 7868 7793 7862 
3 7786 7785 7853 
3 7853 7785 7788 
3 7853 7788 8206 
3 8206 7788 7789 
3 8206 7789 8204 
3 8204 7789 7791 
3 8204 7791 7866 
3 7060 6979 7902 
3 7902 6979 7869 
3 7902 7869 7870 
3 7870 7869 7871 
3 7870 7871 8240 
3 8240 7871 6976 
3 8240 6976 7872 
3 7872 6976 6993 
3 7872 6993 7873 
3 7873 6993 7057 
3 7873 7057 7874 
3 7874 7057 7079 
3 7874 7079 8238 
3 8238 7079 7056 
3 8238 7056 7875 
3 7875 7056 7026 
3 7875 7026 7876 
3 7876 7026 7052 
3 7876 7052 8235 
3 8235 7052 7049 
3 8235 7049 7877 
3 7877 7049 7073 
3 7877 7073 8233 
3 8233 7073 7878 
3 8233 7878 8230 
3 8230 7878 7071 
3 8230 7071 7879 
3 7879 7071 7881 
3 7879 7881 7880 
3 7880 7881 7069 
3 7880 7069 7882 
3 7882 7069 7084 
3 7882 7084 7883 
3 7883 7084 7085 
3 7883 7085 7884 
3 7884 7085 7885 
3 7884 7885 8225 
3 8225 7885 7045 
3 8225 7045 7886 
3 7886 7045 7044 
3 7886 7044 7887 
3 7887 7044 7022 
3 7887 7022 8222 
3 8222 7022 7020 
3 8222 7020 8220 
3 8220 7020 6988 
3 8220 6988 7888 
3 7888 6988 7889 
3 7888 7889 7890 
3 7890 7889 7019 
3 7890 7019 8217 
3 8217 7019 7015 
3 8217 7015 8216 
3 8216 7015 7042 
3 8216 7042 7892 
3 7892 7042 7891 
3 7892 7891 7893 
3 7893 7891 7894 
3 7893 7894 8214 
3 8214 7894 7896 
3 8214 7896 7895 
3 7895 7896 7014 
3 7895 7014 7897 
3 7897 7014 7090 
3 7897 7090 8248 
3 8248 7090 7898 
3 8248 7898 7899 
3 7899 7898 7900 
3 7899 7900 8247 
3 8247 7900 7901 
3 8247 7901 8245 
3 8245 7901 7088 
3 8245 7088 8244 
3 8244 7088 7060 
3 8244 7060 7902 
3 7041 7904 7903 
3 7903 7904 7013 
3 7903 7013 7905 
3 7905 7013 7907 
3 7905 7907 7906 
3 7906 7907 7011 
3 7906 7011 7908 
3 7908 7011 6981 
3 7908 6981 7910 
3 7910 6981 7909 
3 7910 7909 8269 
3 8269 7909 7911 
3 8269 7911 8271 
3 8271 7911 6953 
3 8271 6953 8272 
3 8272 6953 6952 
3 8272 6952 8273 
3 8273 6952 6966 
3 8273 6966 8275 
3 8275 6966 6965 
3 8275 6965 8277 
3 8277 6965 7912 
3 8277 7912 8278 
3 8278 7912 7034 
3 8278 7034 8279 
3 8279 7034 7913 
3 8279 7913 7914 
3 7914 7913 7916 
3 7914 7916 7915 
3 7915 7916 7031 
3 7915 7031 7917 
3 7917 7031 7032 
3 7917 7032 7918 
3 7918 7032 7919 
3 7918 7919 8283 
3 8283 7919 7000 
3 8283 7000 7920 
3 7920 7000 7002 
3 7920 7002 7921 
3 7921 7002 7922 
3 7921 7922 8285 
3 8285 7922 7005 
3 8285 7005 7923 
3 7923 7005 7029 
3 7923 7029 8286 
3 8286 7029 6964 
3 8286 6964 8250 
3 8250 6964 6949 
3 8250 6949 8253 
3 8253 6949 7924 
3 8253 7924 7925 
3 7925 7924 7926 
3 7925 7926 8255 
3 8255 7926 6956 
3 8255 6956 8257 
3 8257 6956 7927 
3 8257 7927 8258 
3 8258 7927 7928 
3 8258 7928 7929 
3 7929 7928 7062 
3 7929 7062 8259 
3 8259 7062 7061 
3 8259 7061 8260 
3 8260 7061 7059 
3 8260 7059 7930 
3 7930 7059 7931 
3 7930 7931 7933 
3 7933 7931 7932 
3 7933 7932 7934 
3 7934 7932 7089 
3 7934 7089 7935 
3 7935 7089 7040 
3 7935 7040 7936 
3 7936 7040 7041 
3 7936 7041 7903 
3 7095 7094 7100 
3 7801 7937 8295 
3 7801 8295 7938 
3 7938 8295 7939 
3 7938 7939 7802 
3 8291 7800 7940 
3 7940 7800 7941 
3 7940 7941 7939 
3 7939 7941 7804 
3 7939 7804 7802 
3 7949 7798 8290 
3 8290 7798 7942 
3 8290 7942 8291 
3 8291 7942 7943 
3 8291 7943 7800 
3 7098 7944 7945 
3 7945 7944 7947 
3 7945 7947 7946 
3 7946 7947 7948 
3 7946 7948 8288 
3 8288 7948 7796 
3 8288 7796 7949 
3 7949 7796 7799 
3 7949 7799 7798 
3 7945 8299 7098 
3 7098 8299 7950 
3 7098 7950 7951 
3 7950 8301 7951 
3 7951 8301 7952 
3 7951 7952 7953 
3 7952 8303 7953 
3 7953 8303 7954 
3 7953 7954 7100 
3 7954 8304 7100 
3 7100 8304 8306 
3 7100 8306 7095 
3 7095 8306 8379 
3 7955 8090 7325 
3 7955 7325 7956 
3 7956 7325 7957 
3 7956 7957 8307 
3 8307 7957 7958 
3 8307 7958 8308 
3 8308 7958 7102 
3 8308 7102 8309 
3 8309 7102 7959 
3 8309 7959 7961 
3 7959 7103 7961 
3 7961 7103 7960 
3 7961 7960 7962 
3 7962 7960 7105 
3 7962 7105 8312 
3 8312 7105 7963 
3 7105 7104 7963 
3 7963 7104 7109 
3 7963 7109 7964 
3 7964 7109 7108 
3 7964 7108 7965 
3 7965 7108 7966 
3 7965 7966 7968 
3 7966 7967 7968 
3 7968 7967 7111 
3 7968 7111 7970 
3 7970 7111 7969 
3 7970 7969 8313 
3 8313 7969 7971 
3 8313 7971 8314 
3 8314 7971 7116 
3 8314 7116 8316 
3 7116 7114 8316 
3 8316 7114 7113 
3 8316 7113 7972 
3 7972 7113 7973 
3 7972 7973 8317 
3 8317 7973 7974 
3 7973 7975 7974 
3 7974 7975 7117 
3 7974 7117 7976 
3 7976 7117 7119 
3 7976 7119 7977 
3 7977 7119 7979 
3 7977 7979 7978 
3 7978 7979 7120 
3 7978 7120 8320 
3 7120 7980 8320 
3 8320 7980 7981 
3 8320 7981 7982 
3 7982 7981 7121 
3 7982 7121 8321 
3 8321 7121 7122 
3 8321 7122 7984 
3 7122 7983 7984 
3 7984 7983 7985 
3 7984 7985 7986 
3 7986 7985 7128 
3 7986 7128 8323 
3 8323 7128 7127 
3 8323 7127 7987 
3 7987 7127 7989 
3 7987 7989 7988 
3 7989 7124 7988 
3 7988 7124 7990 
3 7988 7990 7991 
3 7991 7990 7992 
3 7991 7992 8326 
3 8326 7992 8327 
3 7992 7993 8327 
3 8327 7993 7132 
3 8327 7132 7994 
3 7994 7132 7995 
3 7994 7995 7996 
3 7996 7995 7997 
3 7996 7997 8330 
3 7997 7130 8330 
3 8330 7130 7135 
3 8330 7135 7998 
3 7998 7135 7134 
3 7998 7134 7999 
3 7999 7134 7140 
3 7999 7140 8333 
3 8333 7140 7139 
3 8333 7139 8000 
3 7139 7137 8000 
3 8000 7137 8001 
3 8000 8001 8002 
3 8002 8001 8003 
3 8002 8003 8335 
3 8335 8003 8336 
3 8003 8004 8336 
3 8336 8004 7142 
3 8336 7142 8005 
3 8005 7142 7143 
3 8005 7143 8006 
3 8006 7143 8007 
3 8006 8007 8339 
3 8007 7145 8339 
3 8339 7145 8008 
3 8339 8008 8009 
3 8009 8008 8010 
3 8009 8010 8340 
3 8340 8010 8011 
3 8340 8011 8012 
3 8012 8011 7146 
3 8012 7146 8341 
3 7146 7147 8341 
3 8341 7147 8013 
3 8341 8013 8014 
3 8014 8013 8016 
3 8014 8016 8015 
3 8015 8016 8342 
3 8016 7148 8342 
3 8342 7148 8017 
3 8342 8017 8343 
3 8343 8017 8018 
3 8343 8018 8344 
3 8018 7151 8344 
3 8344 7151 7149 
3 8344 7149 8019 
3 7149 7152 8019 
3 8019 7152 7157 
3 8019 7157 8346 
3 8346 7157 8020 
3 8346 8020 8021 
3 8021 8020 7155 
3 8021 7155 8023 
3 7155 8022 8023 
3 8023 8022 8025 
3 8023 8025 8024 
3 8024 8025 8026 
3 8024 8026 8027 
3 8027 8026 8028 
3 7160 8029 7158 
3 7158 8029 8031 
3 7158 8031 8030 
3 8030 8031 8028 
3 8030 8028 8032 
3 8032 8028 8026 
3 8034 8033 7160 
3 7160 8033 8349 
3 7160 8349 8029 
3 8034 8035 8033 
3 8033 8035 7162 
3 8033 7162 8036 
3 8036 7162 8037 
3 8036 8037 8038 
3 8038 8037 7164 
3 8038 7164 8039 
3 7164 7165 8039 
3 8039 7165 7166 
3 8039 7166 8040 
3 8040 7166 7168 
3 8040 7168 8352 
3 8352 7168 8041 
3 7168 8042 8041 
3 8041 8042 8043 
3 8041 8043 8354 
3 8354 8043 7169 
3 8354 7169 8356 
3 8356 7169 8044 
3 8356 8044 8045 
3 8044 7172 8045 
3 8045 7172 8046 
3 8045 8046 8358 
3 8358 8046 7175 
3 8358 7175 8047 
3 8047 7175 7174 
3 8047 7174 8048 
3 8048 7174 7173 
3 8048 7173 8360 
3 8360 7173 8050 
3 8360 8050 8049 
3 8049 8050 7178 
3 8049 7178 8051 
3 8051 7178 7176 
3 8051 7176 8052 
3 7176 7180 8052 
3 8052 7180 8053 
3 8052 8053 8054 
3 8054 8053 8055 
3 8054 8055 8056 
3 8056 8055 7179 
3 8056 7179 8362 
3 7179 8057 8362 
3 8362 8057 8058 
3 8362 8058 8364 
3 8364 8058 8059 
3 8364 8059 8365 
3 8365 8059 8060 
3 8365 8060 8062 
3 8062 8060 8061 
3 8062 8061 8366 
3 8366 8061 8063 
3 8366 8063 8064 
3 8064 8063 8065 
3 8064 8065 8066 
3 8066 8065 8067 
3 8066 8067 8068 
3 8067 8069 8068 
3 8068 8069 8070 
3 8068 8070 8367 
3 8367 8070 8071 
3 8367 8071 8369 
3 8369 8071 7184 
3 8369 7184 8072 
3 8072 7184 7190 
3 8072 7190 8073 
3 8073 7190 7189 
3 8073 7189 8074 
3 7189 7187 8074 
3 8074 7187 7191 
3 8074 7191 8371 
3 8371 7191 8075 
3 8371 8075 8373 
3 8373 8075 8076 
3 8373 8076 8077 
3 8077 8076 8078 
3 8077 8078 8079 
3 8079 8078 7196 
3 8079 7196 8375 
3 7196 8080 8375 
3 8375 8080 8081 
3 8375 8081 8082 
3 8082 8081 7194 
3 8082 7194 8377 
3 8377 7194 7193 
3 8377 7193 8378 
3 8378 7193 7192 
3 8378 7192 8382 
3 8382 7192 8083 
3 8382 8083 8381 
3 7095 8379 7200 
3 7200 8379 8084 
3 7200 8084 8085 
3 8085 8084 8381 
3 8085 8381 7198 
3 7198 8381 8083 
3 6724 8086 8090 
3 8392 4128 8087 
3 8087 8088 8392 
3 8392 8088 8103 
3 8392 8103 8102 
3 8090 7955 8390 
3 4143 4142 8390 
3 8390 4142 8089 
3 8390 8089 8090 
3 8090 8089 4146 
3 8090 4146 6724 
3 4143 8390 8091 
3 8091 8390 8391 
3 8091 8391 8092 
3 8092 8391 8387 
3 8092 8387 8093 
3 8093 8387 8094 
3 8093 8094 8095 
3 8095 8094 8386 
3 8095 8386 8099 
3 8096 8101 4135 
3 4135 4139 8096 
3 8096 4139 8097 
3 8096 8097 8386 
3 8386 8097 8098 
3 8386 8098 8099 
3 8384 8111 8100 
3 8100 8111 4137 
3 8100 4137 8101 
3 8101 4137 4136 
3 8101 4136 4135 
3 4133 8104 8107 
3 8102 8103 8107 
3 8107 8103 4134 
3 8107 4134 4133 
3 8104 8105 8107 
3 8107 8105 8106 
3 8107 8106 8108 
3 8108 8106 8109 
3 8108 8109 8384 
3 8384 8109 8110 
3 8384 8110 8111 
3 8130 8137 8112 
3 8293 8295 7937 
3 8120 8117 8113 
3 8113 8117 8114 
3 8115 8116 8117 
3 8117 8116 8293 
3 8117 8293 7806 
3 7806 8293 7937 
3 7822 8118 8142 
3 8146 8140 8213 
3 8428 8115 8119 
3 8119 8115 8117 
3 8119 8117 8431 
3 8431 8117 8120 
3 8121 8122 8117 
3 8117 8122 8123 
3 8117 8123 8114 
3 8135 8454 8124 
3 8124 8454 8442 
3 8124 8442 8125 
3 8125 8442 8126 
3 8125 8126 8128 
3 8128 8126 8127 
3 8128 8127 7809 
3 7809 8127 8440 
3 7809 8440 7807 
3 7807 8440 8129 
3 7807 8129 8121 
3 8121 8129 8438 
3 8121 8438 8122 
3 8130 8112 8131 
3 8131 8112 8132 
3 8131 8132 7813 
3 7813 8132 8133 
3 7813 8133 7814 
3 7814 8133 8134 
3 7814 8134 7816 
3 7816 8134 8450 
3 7816 8450 7811 
3 7811 8450 8452 
3 7811 8452 8135 
3 8135 8452 8136 
3 8135 8136 8454 
3 8137 8130 8447 
3 8447 8130 8139 
3 8447 8139 8138 
3 8138 8139 7821 
3 8138 7821 8445 
3 8445 7821 7819 
3 8445 7819 8444 
3 8146 8145 7824 
3 7824 8145 8444 
3 7824 8444 7818 
3 7818 8444 7819 
3 8146 8141 8140 
3 8140 8141 7822 
3 8140 7822 8210 
3 8210 7822 8142 
3 8143 8146 8459 
3 8459 8146 8462 
3 8143 8458 8146 
3 8146 8458 8144 
3 8146 8144 8145 
3 8213 8186 8146 
3 8146 8186 8147 
3 8146 8147 8462 
3 8148 8155 8149 
3 8157 8449 8156 
3 8156 8449 8150 
3 8436 4129 8151 
3 8151 4129 8152 
3 8151 8152 8435 
3 8435 8152 8434 
3 8153 8161 8446 
3 8446 8161 8164 
3 8446 8164 8154 
3 8154 8164 8166 
3 8155 8455 8149 
3 8149 8455 8453 
3 8149 8453 8156 
3 8156 8453 8451 
3 8156 8451 8157 
3 8436 8437 4129 
3 4129 8437 8439 
3 4129 8439 8158 
3 8158 8439 8159 
3 8158 8159 8149 
3 8149 8159 8441 
3 8149 8441 8148 
3 8434 8152 8433 
3 8433 8152 4128 
3 8433 4128 8432 
3 8457 8460 8160 
3 8160 8460 7835 
3 8153 8443 8161 
3 8161 8443 8162 
3 8161 8162 8160 
3 8160 8162 8456 
3 8160 8456 8457 
3 8449 8163 8150 
3 8150 8163 8448 
3 8150 8448 8164 
3 8164 8448 8165 
3 8164 8165 8166 
3 8392 8429 4128 
3 4128 8429 8430 
3 4128 8430 8432 
3 8463 7833 8167 
3 8167 7833 7835 
3 8167 7835 8461 
3 8461 7835 8460 
3 7833 8463 8171 
3 8398 8422 8168 
3 8168 8422 8169 
3 8168 8169 8180 
3 7828 8405 8168 
3 8168 8405 8170 
3 8168 8170 8398 
3 7833 8171 8173 
3 8171 8172 8173 
3 8173 8172 8174 
3 8173 8174 7828 
3 7828 8174 8175 
3 7828 8175 8405 
3 6996 8176 6997 
3 6997 8176 7850 
3 6997 7850 6998 
3 6998 7850 7845 
3 6998 7845 6999 
3 6999 7845 7847 
3 6999 7847 8179 
3 8179 7847 7843 
3 8184 8178 8177 
3 8177 8178 6972 
3 8177 6972 7843 
3 7843 6972 7030 
3 7843 7030 8179 
3 8169 6950 8180 
3 8180 6950 8181 
3 8180 8181 8182 
3 8182 8181 8183 
3 8182 8183 7837 
3 7837 8183 6974 
3 7837 6974 8184 
3 8184 6974 6973 
3 8184 6973 8178 
3 8185 8186 8213 
3 8187 8188 8189 
3 8189 8188 8191 
3 8189 8191 8190 
3 8190 8191 7861 
3 8190 7861 6977 
3 6977 7861 7858 
3 6977 7858 8192 
3 8192 7858 8193 
3 8192 8193 8194 
3 8194 8193 8195 
3 8194 8195 6978 
3 6978 8195 8196 
3 6978 8196 8197 
3 8197 8196 7857 
3 8197 7857 8198 
3 8198 7857 8199 
3 8198 8199 7009 
3 8199 7855 7009 
3 7009 7855 7854 
3 7009 7854 5284 
3 8187 8200 8188 
3 8188 8200 8401 
3 8188 8401 8201 
3 8201 8401 8400 
3 8201 8400 7868 
3 7868 8400 8202 
3 7868 8202 7867 
3 7867 8202 8203 
3 7867 8203 8204 
3 8204 8203 8399 
3 8399 8205 8204 
3 8204 8205 8403 
3 8204 8403 8206 
3 8206 8403 8207 
3 8206 8207 7853 
3 7853 8207 8208 
3 7853 8208 8142 
3 8142 8208 8402 
3 8142 8402 8210 
3 8185 8213 8209 
3 8210 8402 8140 
3 8140 8402 8211 
3 8140 8211 8213 
3 8213 8211 8212 
3 8213 8212 8209 
3 7897 8249 7895 
3 7895 8249 8479 
3 7895 8479 8214 
3 8214 8479 8477 
3 8214 8477 7893 
3 7893 8477 8215 
3 7893 8215 7892 
3 7892 8215 8474 
3 7892 8474 8216 
3 8216 8474 8472 
3 8216 8472 8217 
3 8217 8472 8218 
3 8217 8218 7890 
3 7890 8218 8470 
3 7890 8470 7888 
3 7888 8470 8219 
3 7888 8219 8220 
3 8220 8219 8221 
3 8220 8221 8222 
3 8222 8221 8467 
3 8222 8467 7887 
3 7887 8467 8223 
3 7887 8223 7886 
3 7886 8223 8224 
3 7886 8224 8225 
3 8225 8224 8464 
3 8225 8464 7884 
3 7884 8464 8226 
3 7884 8226 7883 
3 7883 8226 8227 
3 7883 8227 7882 
3 7882 8227 8228 
3 7882 8228 7880 
3 7880 8228 8229 
3 7880 8229 7879 
3 7879 8229 8231 
3 7879 8231 8230 
3 8230 8231 8232 
3 8230 8232 8233 
3 8233 8232 8495 
3 8233 8495 7877 
3 7877 8495 8234 
3 7877 8234 8235 
3 8235 8234 8236 
3 8235 8236 7876 
3 7876 8236 8494 
3 7876 8494 7875 
3 7875 8494 8493 
3 7875 8493 8238 
3 8238 8493 8237 
3 8238 8237 7874 
3 7874 8237 8490 
3 7874 8490 7873 
3 7873 8490 8239 
3 7873 8239 7872 
3 7872 8239 8489 
3 7872 8489 8240 
3 8240 8489 8241 
3 8240 8241 7870 
3 7870 8241 8242 
3 7870 8242 7902 
3 7902 8242 8243 
3 7902 8243 8244 
3 8244 8243 8484 
3 8244 8484 8245 
3 8245 8484 8246 
3 8245 8246 8247 
3 8247 8246 8483 
3 8247 8483 7899 
3 7899 8483 8481 
3 7899 8481 8248 
3 8248 8481 8480 
3 8248 8480 7897 
3 7897 8480 8249 
3 8505 8286 8506 
3 8506 8286 8250 
3 8506 8250 8251 
3 8251 8250 8253 
3 8251 8253 8252 
3 8252 8253 7925 
3 8252 7925 8254 
3 8254 7925 8255 
3 8254 8255 8510 
3 8510 8255 8257 
3 8510 8257 8256 
3 8256 8257 8258 
3 8256 8258 8513 
3 8513 8258 7929 
3 8513 7929 8514 
3 8514 7929 8259 
3 8514 8259 8261 
3 8261 8259 8260 
3 8261 8260 8515 
3 8515 8260 7930 
3 8515 7930 8262 
3 8262 7930 7933 
3 8262 7933 8263 
3 8263 7933 7934 
3 8263 7934 8264 
3 8264 7934 7935 
3 8264 7935 8265 
3 8265 7935 7936 
3 8265 7936 8266 
3 8266 7936 7903 
3 8266 7903 8517 
3 8517 7903 7905 
3 8517 7905 8518 
3 8518 7905 7906 
3 8518 7906 8519 
3 8519 7906 7908 
3 8519 7908 8267 
3 8267 7908 7910 
3 8267 7910 8268 
3 8268 7910 8269 
3 8268 8269 8521 
3 8521 8269 8271 
3 8521 8271 8270 
3 8270 8271 8272 
3 8270 8272 8274 
3 8274 8272 8273 
3 8274 8273 8524 
3 8524 8273 8275 
3 8524 8275 8276 
3 8276 8275 8277 
3 8276 8277 8526 
3 8526 8277 8278 
3 8526 8278 8527 
3 8527 8278 8279 
3 8527 8279 8280 
3 8280 8279 7914 
3 8280 7914 8281 
3 8281 7914 7915 
3 8281 7915 8282 
3 8282 7915 7917 
3 8282 7917 8531 
3 8531 7917 7918 
3 8531 7918 8498 
3 8498 7918 8283 
3 8498 8283 8499 
3 8499 8283 7920 
3 8499 7920 8284 
3 8284 7920 7921 
3 8284 7921 8501 
3 8501 7921 8285 
3 8501 8285 8503 
3 8503 8285 7923 
3 8503 7923 8505 
3 8505 7923 8286 
3 8414 7946 8287 
3 8287 7946 8288 
3 8287 8288 8289 
3 8289 8288 7949 
3 8289 7949 8408 
3 8408 7949 8290 
3 7940 8297 8291 
3 8291 8297 8413 
3 8291 8413 8290 
3 8290 8413 8409 
3 8290 8409 8408 
3 8428 8426 8115 
3 8115 8426 8425 
3 8115 8425 8116 
3 8116 8425 8292 
3 8116 8292 8293 
3 8293 8292 8294 
3 8293 8294 8295 
3 8295 8294 8296 
3 8295 8296 7939 
3 7939 8296 8406 
3 7939 8406 7940 
3 7940 8406 8412 
3 7940 8412 8297 
3 8414 8416 7946 
3 7946 8416 8574 
3 7946 8574 7945 
3 7945 8574 8298 
3 7945 8298 8299 
3 8299 8298 8300 
3 8299 8300 7950 
3 7950 8300 8301 
3 8301 8300 8302 
3 8301 8302 7952 
3 7952 8302 8303 
3 8303 8302 8573 
3 8303 8573 7954 
3 7954 8573 8304 
3 8304 8573 8305 
3 8304 8305 8306 
3 8306 8305 8572 
3 8306 8572 8379 
3 8560 8541 7956 
3 7956 8541 8388 
3 7956 8388 7955 
3 7956 8307 8560 
3 8560 8307 8308 
3 8560 8308 8310 
3 8308 8309 8310 
3 8310 8309 7961 
3 8310 7961 8311 
3 7961 7962 8311 
3 8311 7962 8312 
3 8311 8312 8558 
3 8312 7963 8558 
3 8558 7963 7964 
3 8558 7964 8556 
3 7964 7965 8556 
3 8556 7965 7968 
3 8556 7968 8555 
3 7968 7970 8555 
3 8555 7970 8313 
3 8555 8313 8315 
3 8313 8314 8315 
3 8315 8314 8316 
3 8315 8316 8553 
3 8316 7972 8553 
3 8553 7972 8317 
3 8553 8317 8318 
3 8317 7974 8318 
3 8318 7974 7976 
3 8318 7976 8534 
3 7976 7977 8534 
3 8534 7977 7978 
3 8534 7978 8319 
3 7978 8320 8319 
3 8319 8320 7982 
3 8319 7982 8322 
3 7982 8321 8322 
3 8322 8321 7984 
3 8322 7984 8538 
3 7984 7986 8538 
3 8538 7986 8323 
3 8538 8323 8324 
3 8323 7987 8324 
3 8324 7987 7988 
3 8324 7988 8325 
3 7988 7991 8325 
3 8325 7991 8326 
3 8325 8326 8328 
3 8326 8327 8328 
3 8328 8327 7994 
3 8328 7994 8329 
3 7994 7996 8329 
3 8329 7996 8330 
3 8329 8330 8331 
3 8330 7998 8331 
3 8331 7998 7999 
3 8331 7999 8332 
3 7999 8333 8332 
3 8332 8333 8000 
3 8332 8000 8334 
3 8000 8002 8334 
3 8334 8002 8335 
3 8334 8335 8337 
3 8335 8336 8337 
3 8337 8336 8005 
3 8337 8005 8338 
3 8005 8006 8338 
3 8338 8006 8339 
3 8338 8339 8594 
3 8339 8009 8594 
3 8594 8009 8340 
3 8594 8340 8595 
3 8340 8012 8595 
3 8595 8012 8341 
3 8595 8341 8596 
3 8341 8014 8596 
3 8596 8014 8015 
3 8596 8015 8597 
3 8597 8015 8342 
3 8342 8343 8597 
3 8597 8343 8344 
3 8597 8344 8598 
3 8598 8344 8019 
3 8598 8019 8345 
3 8345 8019 8346 
3 8345 8346 8592 
3 8346 8021 8592 
3 8592 8021 8023 
3 8592 8023 8347 
3 8023 8024 8347 
3 8347 8024 8027 
3 8347 8027 8348 
3 8027 8028 8348 
3 8348 8028 8031 
3 8348 8031 8593 
3 8031 8029 8593 
3 8593 8029 8349 
3 8593 8349 8350 
3 8349 8033 8350 
3 8350 8033 8036 
3 8350 8036 8351 
3 8036 8038 8351 
3 8351 8038 8039 
3 8351 8039 8353 
3 8039 8040 8353 
3 8353 8040 8352 
3 8353 8352 8588 
3 8352 8041 8588 
3 8588 8041 8354 
3 8588 8354 8355 
3 8354 8356 8355 
3 8355 8356 8045 
3 8355 8045 8357 
3 8045 8358 8357 
3 8357 8358 8047 
3 8357 8047 8359 
3 8047 8048 8359 
3 8359 8048 8360 
3 8359 8360 8586 
3 8360 8049 8586 
3 8586 8049 8051 
3 8586 8051 8361 
3 8051 8052 8361 
3 8361 8052 8054 
3 8361 8054 8581 
3 8054 8056 8581 
3 8581 8056 8362 
3 8581 8362 8363 
3 8362 8364 8363 
3 8363 8364 8365 
3 8363 8365 8583 
3 8365 8062 8583 
3 8583 8062 8366 
3 8583 8366 8584 
3 8366 8064 8584 
3 8584 8064 8066 
3 8584 8066 8578 
3 8066 8068 8578 
3 8578 8068 8367 
3 8578 8367 8368 
3 8367 8369 8368 
3 8368 8369 8072 
3 8368 8072 8370 
3 8072 8073 8370 
3 8370 8073 8074 
3 8370 8074 8372 
3 8074 8371 8372 
3 8372 8371 8373 
3 8372 8373 8580 
3 8373 8077 8580 
3 8580 8077 8079 
3 8580 8079 8374 
3 8079 8375 8374 
3 8374 8375 8082 
3 8374 8082 8376 
3 8082 8377 8376 
3 8376 8377 8378 
3 8376 8378 8380 
3 8379 8572 8084 
3 8084 8572 8571 
3 8084 8571 8381 
3 8381 8571 8380 
3 8381 8380 8382 
3 8382 8380 8378 
3 8383 8108 8419 
3 8419 8108 8384 
3 8419 8384 8385 
3 8385 8384 8533 
3 8384 8100 8533 
3 8533 8100 8101 
3 8533 8101 8532 
3 8101 8096 8532 
3 8532 8096 8386 
3 8532 8386 8543 
3 8386 8094 8543 
3 8543 8094 8387 
3 8543 8387 8389 
3 7955 8388 8390 
3 8390 8388 8389 
3 8390 8389 8391 
3 8391 8389 8387 
3 8102 8395 8392 
3 8392 8395 8427 
3 8392 8427 8429 
3 8107 8393 8102 
3 8102 8393 8394 
3 8102 8394 8395 
3 8383 8396 8108 
3 8108 8396 8410 
3 8108 8410 8107 
3 8107 8410 8411 
3 8107 8411 8393 
3 8187 8397 8200 
3 8200 8397 7008 
3 8200 7008 7007 
3 8423 8398 8170 
3 8398 8423 8422 
3 8203 8202 7007 
3 8203 7007 8399 
3 8399 7007 6962 
3 8399 6962 8404 
3 8202 8400 7007 
3 7007 8400 8401 
3 7007 8401 8200 
3 8209 8212 8171 
3 8212 8211 8171 
3 8171 8211 8402 
3 8171 8402 8208 
3 8208 8207 8171 
3 8171 8207 8403 
3 8171 8403 8172 
3 8172 8403 8174 
3 8404 8423 8399 
3 8399 8423 8170 
3 8399 8170 8205 
3 8205 8170 8405 
3 8205 8405 8403 
3 8403 8405 8175 
3 8403 8175 8174 
3 8411 8412 8393 
3 8393 8412 8406 
3 8393 8406 8394 
3 8296 8427 8406 
3 8406 8427 8395 
3 8406 8395 8394 
3 8296 8294 8427 
3 8427 8294 8292 
3 8427 8292 8425 
3 8289 8408 8407 
3 8289 8407 8287 
3 8408 8409 8407 
3 8407 8409 8413 
3 8407 8413 8544 
3 8410 8413 8411 
3 8411 8413 8297 
3 8411 8297 8412 
3 8410 8396 8413 
3 8413 8396 8383 
3 8413 8383 8419 
3 8287 8407 8414 
3 8414 8407 8415 
3 8414 8415 8416 
3 8416 8415 8417 
3 8416 8417 8574 
3 8385 8418 8419 
3 8419 8418 8420 
3 8419 8420 8413 
3 8413 8420 8421 
3 8413 8421 8544 
3 8422 8423 8169 
3 8169 8423 8424 
3 8169 8424 6950 
3 8425 8426 8427 
3 8427 8426 8428 
3 8427 8428 8429 
3 8429 8428 8119 
3 8429 8119 8430 
3 8430 8119 8431 
3 8430 8431 8432 
3 8432 8431 8120 
3 8432 8120 8433 
3 8433 8120 8113 
3 8433 8113 8434 
3 8434 8113 8114 
3 8434 8114 8435 
3 8435 8114 8123 
3 8435 8123 8151 
3 8151 8123 8122 
3 8151 8122 8436 
3 8436 8122 8438 
3 8436 8438 8437 
3 8437 8438 8129 
3 8437 8129 8439 
3 8439 8129 8440 
3 8439 8440 8159 
3 8159 8440 8127 
3 8159 8127 8441 
3 8127 8126 8441 
3 8441 8126 8442 
3 8441 8442 8148 
3 8148 8442 8454 
3 8456 8162 8145 
3 8145 8162 8443 
3 8145 8443 8444 
3 8444 8443 8153 
3 8444 8153 8445 
3 8445 8153 8446 
3 8445 8446 8138 
3 8138 8446 8154 
3 8138 8154 8447 
3 8447 8154 8166 
3 8447 8166 8137 
3 8137 8166 8165 
3 8137 8165 8112 
3 8112 8165 8448 
3 8112 8448 8132 
3 8132 8448 8163 
3 8132 8163 8133 
3 8133 8163 8449 
3 8133 8449 8134 
3 8134 8449 8157 
3 8134 8157 8450 
3 8450 8157 8451 
3 8450 8451 8452 
3 8452 8451 8453 
3 8452 8453 8136 
3 8136 8453 8455 
3 8136 8455 8454 
3 8454 8455 8155 
3 8454 8155 8148 
3 8145 8144 8456 
3 8456 8144 8458 
3 8456 8458 8457 
3 8457 8458 8143 
3 8457 8143 8460 
3 8460 8143 8459 
3 8460 8459 8461 
3 8461 8459 8462 
3 8461 8462 8167 
3 8167 8462 8147 
3 8167 8147 8463 
3 8463 8147 8186 
3 8463 8186 8171 
3 8171 8186 8185 
3 8171 8185 8209 
3 8226 8464 8465 
3 8465 8464 8224 
3 8465 8224 8466 
3 8466 8224 8223 
3 8466 8223 8545 
3 8545 8223 8467 
3 8545 8467 8546 
3 8546 8467 8221 
3 8546 8221 8468 
3 8468 8221 8219 
3 8468 8219 8469 
3 8469 8219 8470 
3 8469 8470 8471 
3 8471 8470 8218 
3 8471 8218 8576 
3 8576 8218 8472 
3 8576 8472 8473 
3 8473 8472 8474 
3 8473 8474 8475 
3 8475 8474 8215 
3 8475 8215 8476 
3 8476 8215 8477 
3 8476 8477 8478 
3 8478 8477 8479 
3 8478 8479 8563 
3 8563 8479 8249 
3 8563 8249 8562 
3 8562 8249 8480 
3 8562 8480 8561 
3 8561 8480 8481 
3 8561 8481 8550 
3 8550 8481 8483 
3 8550 8483 8482 
3 8482 8483 8246 
3 8482 8246 8485 
3 8485 8246 8484 
3 8485 8484 8551 
3 8551 8484 8243 
3 8551 8243 8486 
3 8486 8243 8242 
3 8486 8242 8487 
3 8487 8242 8241 
3 8487 8241 8488 
3 8488 8241 8489 
3 8488 8489 8552 
3 8552 8489 8239 
3 8552 8239 8579 
3 8579 8239 8490 
3 8579 8490 8491 
3 8491 8490 8237 
3 8491 8237 8492 
3 8492 8237 8493 
3 8492 8493 8582 
3 8582 8493 8494 
3 8582 8494 8575 
3 8575 8494 8236 
3 8575 8236 8585 
3 8585 8236 8234 
3 8585 8234 8590 
3 8590 8234 8495 
3 8590 8495 8589 
3 8589 8495 8232 
3 8589 8232 8587 
3 8587 8232 8231 
3 8587 8231 8591 
3 8591 8231 8229 
3 8591 8229 8496 
3 8496 8229 8228 
3 8496 8228 8497 
3 8497 8228 8227 
3 8497 8227 8599 
3 8599 8227 8226 
3 8599 8226 8465 
3 8498 8499 8500 
3 8500 8499 8284 
3 8500 8284 8542 
3 8542 8284 8501 
3 8542 8501 8502 
3 8502 8501 8503 
3 8502 8503 8504 
3 8504 8503 8505 
3 8504 8505 8507 
3 8507 8505 8506 
3 8507 8506 8508 
3 8508 8506 8251 
3 8508 8251 8509 
3 8509 8251 8252 
3 8509 8252 8549 
3 8549 8252 8254 
3 8549 8254 8564 
3 8564 8254 8510 
3 8564 8510 8511 
3 8511 8510 8256 
3 8511 8256 8512 
3 8512 8256 8513 
3 8512 8513 8565 
3 8565 8513 8514 
3 8565 8514 8566 
3 8566 8514 8261 
3 8566 8261 8567 
3 8567 8261 8515 
3 8567 8515 8568 
3 8568 8515 8262 
3 8568 8262 8570 
3 8570 8262 8263 
3 8570 8263 8516 
3 8516 8263 8264 
3 8516 8264 8577 
3 8577 8264 8265 
3 8577 8265 8548 
3 8548 8265 8266 
3 8548 8266 8537 
3 8537 8266 8517 
3 8537 8517 8536 
3 8536 8517 8518 
3 8536 8518 8539 
3 8539 8518 8519 
3 8539 8519 8535 
3 8535 8519 8267 
3 8535 8267 8520 
3 8520 8267 8268 
3 8520 8268 8554 
3 8554 8268 8521 
3 8554 8521 8522 
3 8522 8521 8270 
3 8522 8270 8523 
3 8523 8270 8274 
3 8523 8274 8557 
3 8557 8274 8524 
3 8557 8524 8525 
3 8525 8524 8276 
3 8525 8276 8547 
3 8547 8276 8526 
3 8547 8526 8528 
3 8528 8526 8527 
3 8528 8527 8529 
3 8529 8527 8280 
3 8529 8280 8530 
3 8530 8280 8281 
3 8530 8281 8569 
3 8569 8281 8282 
3 8569 8282 8559 
3 8559 8282 8531 
3 8559 8531 8540 
3 8540 8531 8498 
3 8540 8498 8500 
3 8504 8533 8502 
3 8502 8533 8532 
3 8508 8420 8507 
3 8507 8420 8418 
3 8507 8418 8504 
3 8504 8418 8385 
3 8504 8385 8533 
3 8322 8539 8319 
3 8319 8539 8535 
3 8319 8535 8534 
3 8534 8535 8520 
3 8534 8520 8318 
3 8536 8328 8537 
3 8537 8328 8329 
3 8322 8538 8539 
3 8539 8538 8324 
3 8539 8324 8536 
3 8536 8324 8325 
3 8536 8325 8328 
3 8337 8577 8548 
3 8560 8540 8541 
3 8541 8540 8500 
3 8541 8500 8388 
3 8388 8500 8542 
3 8388 8542 8389 
3 8389 8542 8502 
3 8389 8502 8543 
3 8543 8502 8532 
3 8561 8549 8564 
3 8509 8544 8508 
3 8508 8544 8421 
3 8508 8421 8420 
3 8305 8573 8486 
3 8338 8545 8546 
3 8311 8558 8547 
3 8329 8331 8537 
3 8537 8331 8332 
3 8537 8332 8548 
3 8548 8332 8334 
3 8548 8334 8337 
3 8561 8550 8549 
3 8549 8550 8482 
3 8549 8482 8509 
3 8509 8482 8485 
3 8509 8485 8544 
3 8544 8485 8551 
3 8544 8551 8407 
3 8407 8551 8486 
3 8407 8486 8415 
3 8415 8486 8417 
3 8488 8552 8374 
3 8318 8520 8553 
3 8553 8520 8554 
3 8553 8554 8315 
3 8315 8554 8522 
3 8315 8522 8555 
3 8555 8522 8523 
3 8555 8523 8556 
3 8556 8523 8557 
3 8556 8557 8558 
3 8558 8557 8525 
3 8558 8525 8547 
3 8310 8569 8560 
3 8560 8569 8559 
3 8560 8559 8540 
3 8561 8568 8562 
3 8562 8568 8570 
3 8562 8570 8563 
3 8563 8570 8478 
3 8564 8511 8561 
3 8561 8511 8512 
3 8561 8512 8565 
3 8565 8566 8561 
3 8561 8566 8567 
3 8561 8567 8568 
3 8547 8528 8311 
3 8311 8528 8529 
3 8311 8529 8310 
3 8310 8529 8530 
3 8310 8530 8569 
3 8469 8471 8337 
3 8478 8570 8476 
3 8476 8570 8516 
3 8476 8516 8577 
3 8374 8376 8488 
3 8488 8376 8380 
3 8488 8380 8487 
3 8487 8380 8571 
3 8487 8571 8486 
3 8486 8571 8572 
3 8486 8572 8305 
3 8573 8302 8486 
3 8486 8302 8300 
3 8486 8300 8417 
3 8417 8300 8298 
3 8417 8298 8574 
3 8585 8361 8575 
3 8575 8361 8581 
3 8575 8581 8582 
3 8351 8587 8591 
3 8338 8546 8337 
3 8337 8546 8468 
3 8337 8468 8469 
3 8471 8576 8337 
3 8337 8576 8473 
3 8337 8473 8577 
3 8577 8473 8475 
3 8577 8475 8476 
3 8492 8578 8491 
3 8491 8578 8368 
3 8491 8368 8579 
3 8368 8370 8579 
3 8579 8370 8372 
3 8579 8372 8552 
3 8552 8372 8580 
3 8552 8580 8374 
3 8581 8363 8582 
3 8582 8363 8583 
3 8582 8583 8492 
3 8492 8583 8584 
3 8492 8584 8578 
3 8590 8359 8585 
3 8585 8359 8586 
3 8585 8586 8361 
3 8351 8353 8587 
3 8587 8353 8588 
3 8587 8588 8589 
3 8589 8588 8355 
3 8589 8355 8590 
3 8590 8355 8357 
3 8590 8357 8359 
3 8496 8593 8591 
3 8591 8593 8350 
3 8591 8350 8351 
3 8599 8592 8497 
3 8497 8592 8347 
3 8497 8347 8496 
3 8496 8347 8348 
3 8496 8348 8593 
3 8338 8594 8545 
3 8545 8594 8595 
3 8545 8595 8466 
3 8466 8595 8596 
3 8466 8596 8465 
3 8596 8597 8465 
3 8465 8597 8598 
3 8465 8598 8599 
3 8599 8598 8345 
3 8599 8345 8592 
