ply
format ascii 1.0
comment VCGLIB generated
element vertex 11327
property float x
property float y
property float z
property uchar red
property uchar green
property uchar blue
property uchar alpha
element face 22580
property list uchar int vertex_indices
end_header
1.86635 -3.69702e-006 7.86617 190 190 190 255 
2.2479 -0.417268 8.34483 190 190 190 255 
2.2479 -0.634893 7.8542 190 190 190 255 
2.2479 -0.478663 7.4489 190 190 190 255 
2.2479 -0.623157 7.74412 190 190 190 255 
2.2479 -0.592501 7.63777 190 190 190 255 
2.2479 -0.398932 7.37212 190 190 190 255 
2.2479 -0.0984634 7.23885 190 190 190 255 
2.2479 0.634885 7.87814 190 190 190 255 
2.2479 0.543842 8.19398 190 190 190 255 
2.2479 0.398925 8.36022 190 190 190 255 
2.2479 -0.0119681 8.50105 190 190 190 255 
2.2479 0.205905 8.46685 190 190 190 255 
2.2479 -0.228392 8.45867 190 190 190 255 
2.2479 -0.327804 8.41001 190 190 190 255 
2.6797 -0.228392 8.45867 190 190 190 255 
2.2479 -0.218021 8.46257 190 190 190 255 
2.6797 -0.122027 8.48932 190 190 190 255 
2.2479 -0.122027 8.48932 190 190 190 255 
2.6797 -0.0119681 8.50105 190 190 190 255 
2.6797 0.098456 8.49349 190 190 190 255 
2.6797 0.205905 8.46685 190 190 190 255 
2.2479 0.098456 8.49349 190 190 190 255 
2.6797 0.307084 8.42197 190 190 190 255 
2.2479 0.307084 8.42197 190 190 190 255 
2.6797 0.398925 8.36022 190 190 190 255 
2.6797 0.478656 8.28343 190 190 190 255 
2.2479 0.478656 8.28343 190 190 190 255 
2.2479 0.592513 8.09455 190 190 190 255 
2.2479 0.623169 7.98819 190 190 190 255 
2.6797 0.627313 7.76771 190 190 190 255 
2.2479 0.627313 7.76771 190 190 190 255 
2.6797 0.600699 7.66026 190 190 190 255 
2.2479 0.600699 7.66026 190 190 190 255 
2.6797 0.555807 7.55909 190 190 190 255 
2.2479 0.555807 7.55909 190 190 190 255 
2.2479 0.494053 7.46723 190 190 190 255 
2.2479 0.41726 7.38751 190 190 190 255 
2.2479 0.327817 7.32231 190 190 190 255 
2.6797 0.327817 7.32231 190 190 190 255 
2.6797 0.228385 7.27367 190 190 190 255 
2.2479 0.228385 7.27367 190 190 190 255 
2.6797 0.12204 7.24299 190 190 190 255 
2.6797 0.0119607 7.23129 190 190 190 255 
2.2479 0.12204 7.24299 190 190 190 255 
2.2479 0.0119607 7.23129 190 190 190 255 
2.2479 -0.205893 7.26547 190 190 190 255 
2.6797 -0.205893 7.26547 190 190 190 255 
2.2479 -0.307072 7.31035 190 190 190 255 
2.6797 -0.307072 7.31035 190 190 190 255 
2.6797 -0.398932 7.37212 190 190 190 255 
2.6797 -0.478663 7.4489 190 190 190 255 
2.6797 -0.54385 7.53836 190 190 190 255 
2.6797 -0.592501 7.63777 190 190 190 255 
2.2479 -0.54385 7.53836 190 190 190 255 
2.6797 -0.634893 7.8542 190 190 190 255 
2.2479 -0.627321 7.96463 190 190 190 255 
2.2479 -0.600687 8.07206 190 190 190 255 
2.6797 -0.600687 8.07206 190 190 190 255 
2.2479 -0.555814 8.17325 190 190 190 255 
2.6797 -0.494041 8.26509 190 190 190 255 
2.2479 -0.494041 8.26509 190 190 190 255 
2.6797 0.465214 7.23088 190 190 190 255 
2.6797 0.41726 7.38751 190 190 190 255 
2.6797 0.494053 7.46723 190 190 190 255 
2.6797 0.650264 7.42216 190 190 190 255 
2.6797 0.761043 7.66415 190 190 190 255 
2.6797 0.634885 7.87814 190 190 190 255 
2.6797 0.623169 7.98819 190 190 190 255 
2.6797 0.592513 8.09455 190 190 190 255 
2.6797 0.543842 8.19398 190 190 190 255 
2.6797 0.654448 8.304 190 190 190 255 
2.6797 0.471211 8.497 190 190 190 255 
2.6797 0.357817 8.56757 190 190 190 255 
2.6797 0.234141 8.61794 190 190 190 255 
2.6797 0.10372 8.6467 190 190 190 255 
2.6797 -0.327804 8.41001 190 190 190 255 
2.6797 -0.417268 8.34483 190 190 190 255 
2.6797 -0.610284 8.36373 190 190 190 255 
2.6797 -0.555814 8.17325 190 190 190 255 
2.6797 -0.685577 8.25342 190 190 190 255 
2.6797 -0.627321 7.96463 190 190 190 255 
2.6797 -0.775433 8.00291 190 190 190 255 
2.6797 -0.776688 7.73676 190 190 190 255 
2.6797 -0.623157 7.74412 190 190 190 255 
2.6797 -0.416008 7.19763 190 190 190 255 
2.6797 -0.0984634 7.23885 190 190 190 255 
2.6797 -0.0371415 7.07964 190 190 190 255 
2.6797 0.0963115 7.08468 190 190 190 255 
2.6797 0.227008 7.11219 190 190 190 255 
-2.1463 -0.355899 8.56853 190 190 190 255 
2.6797 -0.409667 8.53862 190 190 190 255 
-2.1463 -0.40904 8.53754 190 190 190 255 
-2.1463 -0.436489 8.52152 190 190 190 255 
-2.1463 -0.0890746 8.64852 190 190 190 255 
2.6797 -0.16225 8.63668 190 190 190 255 
2.6797 -0.290115 8.59816 190 190 190 255 
-2.1463 -0.162093 8.63579 190 190 190 255 
-2.1463 -0.180978 8.63249 190 190 190 255 
2.6797 -0.0296885 8.653 190 190 190 255 
-2.1463 0.103643 8.64635 190 190 190 255 
-2.1463 0.188928 8.63056 190 190 190 255 
-2.1463 0.233724 8.61663 190 190 190 255 
-2.1463 0.27801 8.60285 190 190 190 255 
-2.1463 0.363178 8.56481 190 190 190 255 
2.6797 0.571046 8.4083 190 190 190 255 
-2.1463 0.517113 8.45996 190 190 190 255 
-2.1463 0.691519 8.24273 190 190 190 255 
-2.1463 0.583716 8.39463 190 190 190 255 
-2.1463 0.760614 8.06978 190 190 190 255 
2.6797 0.719034 8.18709 190 190 190 255 
2.6797 0.762926 8.06096 190 190 190 255 
2.6797 0.784874 7.92922 190 190 190 255 
-2.1463 0.783488 7.92912 190 190 190 255 
2.6797 0.784242 7.79567 190 190 190 255 
2.6797 0.715966 7.53843 190 190 190 255 
-2.1463 0.759771 7.66451 190 190 190 255 
-2.1463 0.545524 7.29836 190 190 190 255 
2.6797 0.565885 7.31864 190 190 190 255 
-2.1463 0.396892 7.18611 190 190 190 255 
-2.1463 0.464881 7.23138 190 190 190 255 
-2.1463 0.350538 7.16262 190 190 190 255 
2.6797 0.351147 7.16141 190 190 190 255 
-2.1463 0.135253 7.09048 190 190 190 255 
-2.1463 0.226055 7.11191 190 190 190 255 
-2.1463 0.042557 7.07993 190 190 190 255 
-2.1463 -0.0371509 7.08034 190 190 190 255 
-2.1463 -0.0507296 7.0804 190 190 190 255 
-2.1463 -0.296654 7.13799 190 190 190 255 
-2.1463 -0.233864 7.11429 190 190 190 255 
2.6797 -0.169531 7.09723 190 190 190 255 
-2.1463 -0.169264 7.09833 190 190 190 255 
2.6797 -0.523012 7.27756 190 190 190 255 
-2.1463 -0.481038 7.24279 190 190 190 255 
-2.1463 -0.415606 7.19822 190 190 190 255 
2.6797 -0.297044 7.13694 190 190 190 255 
-2.1463 -0.614009 7.37322 190 190 190 255 
-2.1463 -0.614892 7.37447 190 190 190 255 
-2.1463 -0.667986 7.44928 190 190 190 255 
2.6797 -0.614959 7.37441 190 190 190 255 
-2.1463 -0.688018 7.48607 190 190 190 255 
2.6797 -0.689221 7.48541 190 190 190 255 
2.6797 -0.743657 7.60737 190 190 190 255 
-2.1463 -0.712621 7.53124 190 190 190 255 
-2.1463 -0.747225 7.61786 190 190 190 255 
-2.1463 -0.784643 7.80032 190 190 190 255 
-2.1463 -0.775523 7.73695 190 190 190 255 
-2.1463 -0.771343 7.70798 190 190 190 255 
-2.1463 -0.758458 8.07765 190 190 190 255 
2.6797 -0.787385 7.86989 190 190 190 255 
-2.1463 -0.786919 7.89358 190 190 190 255 
-2.1463 -0.637354 8.32851 190 190 190 255 
-2.1463 -0.685391 8.25331 190 190 190 255 
2.6797 -0.74118 8.13201 190 190 190 255 
2.6797 -0.517417 8.45971 190 190 190 255 
-2.1463 -0.578212 8.40067 190 190 190 255 
-2.1463 -0.289729 8.59727 190 190 190 255 
-2.14632 -0.509633 8.46377 190 190 190 255 
-2.1463 -0.510928 8.46529 190 190 190 255 
-2.1463 -0.517087 8.45937 190 190 190 255 
-2.14632 -0.576738 8.3993 190 190 190 255 
-2.1463 -0.60921 8.36285 190 190 190 255 
-2.14632 -0.635744 8.32735 190 190 190 255 
-2.14632 -0.685835 8.24893 190 190 190 255 
-2.1463 -0.687577 8.2499 190 190 190 255 
-2.1463 -0.72813 8.16588 190 190 190 255 
-2.14632 -0.726283 8.16512 190 190 190 255 
-2.1463 -0.739922 8.13156 190 190 190 255 
-2.1463 -0.774636 8.00273 190 190 190 255 
-2.14632 -0.776187 7.98616 190 190 190 255 
-2.1463 -0.778154 7.98646 190 190 190 255 
-2.14632 -0.78492 7.89351 190 190 190 255 
-2.1463 -0.786346 7.86992 190 190 190 255 
-2.1463 -0.743128 7.6076 190 190 190 255 
-2.14632 -0.666306 7.45035 190 190 190 255 
-2.1463 -0.551393 7.30406 190 190 190 255 
-2.1463 -0.522126 7.27857 190 190 190 255 
-2.14632 -0.479818 7.24436 190 190 190 255 
-2.14632 -0.402903 7.19197 190 190 190 255 
-2.1463 -0.403941 7.19028 190 190 190 255 
-2.1463 -0.321156 7.14724 190 190 190 255 
-2.14632 -0.320339 7.14906 190 190 190 255 
-2.14632 -0.233289 7.11622 190 190 190 255 
-2.1463 -0.143298 7.09191 190 190 190 255 
-2.14632 -0.142943 7.09388 190 190 190 255 
-2.14632 0.0424641 7.0819 190 190 190 255 
-2.1463 0.0961641 7.08601 190 190 190 255 
-2.14632 0.312882 7.14577 190 190 190 255 
-2.1463 0.31368 7.14393 190 190 190 255 
-2.14632 0.225482 7.11382 190 190 190 255 
-2.1463 0.226985 7.11224 190 190 190 255 
-2.14632 0.544139 7.2998 190 190 190 255 
-2.14632 0.473332 7.23942 190 190 190 255 
-2.1463 0.474539 7.23782 190 190 190 255 
-2.1463 0.663623 7.44239 190 190 190 255 
-2.14632 0.661947 7.44346 190 190 190 255 
-2.1463 0.649418 7.42277 190 190 190 255 
-2.1463 0.608859 7.36686 190 190 190 255 
-2.1463 0.565006 7.31946 190 190 190 255 
-2.1463 0.715229 7.53874 190 190 190 255 
-2.1463 0.709089 7.52385 190 190 190 255 
-2.1463 0.784034 7.79569 190 190 190 255 
-2.14632 0.781938 7.79236 190 190 190 255 
-2.1463 0.783913 7.79218 190 190 190 255 
-2.14632 0.767709 7.70041 190 190 190 255 
-2.1463 0.769666 7.69998 190 190 190 255 
-2.1463 0.7446 7.61012 190 190 190 255 
-2.1463 0.787173 7.8854 190 190 190 255 
-2.1463 0.77936 7.97838 190 190 190 255 
-2.1463 0.76245 8.06086 190 190 190 255 
-2.14632 0.729343 8.15757 190 190 190 255 
-2.1463 0.731193 8.15831 190 190 190 255 
-2.1463 0.717906 8.18658 190 190 190 255 
-2.1463 0.653616 8.30347 190 190 190 255 
-2.14632 0.640492 8.32073 190 190 190 255 
-2.1463 0.642125 8.32188 190 190 190 255 
-2.14632 0.582252 8.39327 190 190 190 255 
-2.1463 0.570421 8.40767 190 190 190 255 
-2.1463 0.470416 8.496 190 190 190 255 
-2.14632 0.515819 8.45844 190 190 190 255 
-2.14632 0.442134 8.51531 190 190 190 255 
-2.1463 0.443256 8.51696 190 190 190 255 
-2.14632 0.362268 8.56303 190 190 190 255 
-2.1463 0.357686 8.56726 190 190 190 255 
-2.14632 0.0040775 8.65156 190 190 190 255 
-2.14632 0.096937 8.64557 190 190 190 255 
-2.14632 0.188441 8.62863 190 190 190 255 
-2.14632 -0.088851 8.64654 190 190 190 255 
-2.1463 -0.0296152 8.65172 190 190 190 255 
-2.1463 0.00409231 8.65355 190 190 190 255 
-2.1463 0.0971958 8.64753 190 190 190 255 
-2.1463 -0.270344 8.60571 190 190 190 255 
-2.4003 0.270336 7.12663 190 190 190 255 
-2.40028 0.312882 7.14577 190 190 190 255 
-2.4003 0.31368 7.14393 190 190 190 255 
-2.4003 0.396892 7.18611 190 190 190 255 
-2.40028 0.395882 7.18784 190 190 190 255 
-2.4003 0.474539 7.23782 190 190 190 255 
-2.40028 0.661947 7.44346 190 190 190 255 
-2.4003 0.709089 7.52385 190 190 190 255 
-2.40028 0.707303 7.52471 190 190 190 255 
-2.40028 0.742714 7.61077 190 190 190 255 
-2.4003 0.769666 7.69998 190 190 190 255 
-2.4003 0.77936 7.97838 190 190 190 255 
-2.4003 0.760614 8.06978 190 190 190 255 
-2.40028 0.729343 8.15757 190 190 190 255 
-2.40028 0.640492 8.32073 190 190 190 255 
-2.40028 0.582252 8.39327 190 190 190 255 
-2.4003 0.583716 8.39463 190 190 190 255 
-2.4003 0.443256 8.51696 190 190 190 255 
-2.40028 0.442134 8.51531 190 190 190 255 
-2.4003 0.363178 8.56481 190 190 190 255 
-2.40028 0.188441 8.62863 190 190 190 255 
-2.4003 0.0971958 8.64753 190 190 190 255 
-2.4003 -0.0890746 8.64852 190 190 190 255 
-2.40028 -0.088851 8.64654 190 190 190 255 
-2.40028 -0.180524 8.63056 190 190 190 255 
-2.40028 -0.269649 8.60382 190 190 190 255 
-2.4003 -0.436489 8.52152 190 190 190 255 
-2.40028 -0.435371 8.51985 190 190 190 255 
-2.40028 -0.509633 8.46377 190 190 190 255 
-2.40028 -0.635744 8.32735 190 190 190 255 
-2.40028 -0.685835 8.24893 190 190 190 255 
-2.4003 -0.72813 8.16588 190 190 190 255 
-2.40028 -0.726283 8.16512 190 190 190 255 
-2.4003 -0.758458 8.07765 190 190 190 255 
-2.40028 -0.756554 8.07713 190 190 190 255 
-2.4003 -0.778154 7.98646 190 190 190 255 
-2.4003 -0.786919 7.89358 190 190 190 255 
-2.40028 -0.78492 7.89351 190 190 190 255 
-2.40028 -0.782648 7.80048 190 190 190 255 
-2.4003 -0.667986 7.44928 190 190 190 255 
-2.40028 -0.666306 7.45035 190 190 190 255 
-2.40028 -0.549991 7.30548 190 190 190 255 
-2.4003 -0.551393 7.30406 190 190 190 255 
-2.4003 -0.481038 7.24279 190 190 190 255 
-2.40028 -0.479818 7.24436 190 190 190 255 
-2.4003 -0.403941 7.19028 190 190 190 255 
-2.40028 -0.320339 7.14906 190 190 190 255 
-2.4003 -0.321156 7.14724 190 190 190 255 
-2.40028 -0.233289 7.11622 190 190 190 255 
-2.4003 -0.0507296 7.0804 190 190 190 255 
-2.40028 -0.0505909 7.08238 190 190 190 255 
-2.40028 0.0424641 7.0819 190 190 190 255 
-2.40028 0.0040775 8.65156 190 190 190 255 
-2.39805 -0.086371 8.62486 190 190 190 255 
-2.39805 0.00396522 8.62976 190 190 190 255 
-2.40028 0.096937 8.64557 190 190 190 255 
-2.40028 0.277292 8.601 190 190 190 255 
-2.40028 0.362268 8.56303 190 190 190 255 
-2.39805 0.352201 8.5437 190 190 190 255 
-2.39805 0.429857 8.49729 190 190 190 255 
-2.40028 0.515819 8.45844 190 190 190 255 
-2.39805 0.501498 8.442 190 190 190 255 
-2.40028 0.689758 8.24179 190 190 190 255 
-2.39805 0.670619 8.23135 190 190 190 255 
-2.39805 0.709113 8.14946 190 190 190 255 
-2.40028 0.758696 8.06925 190 190 190 255 
-2.40028 0.777393 7.97809 190 190 190 255 
-2.40028 0.785174 7.88536 190 190 190 255 
-2.39805 0.76338 7.88482 190 190 190 255 
-2.40028 0.781938 7.79236 190 190 190 255 
-2.40028 0.767709 7.70041 190 190 190 255 
-2.39805 0.722094 7.61786 190 190 190 255 
-2.39805 0.687662 7.53419 190 190 190 255 
-2.40028 0.607317 7.36812 190 190 190 255 
-2.40028 0.544139 7.2998 190 190 190 255 
-2.40028 0.473332 7.23942 190 190 190 255 
-2.39805 0.384904 7.20666 190 190 190 255 
-2.40028 0.225482 7.11382 190 190 190 255 
-2.40028 0.134915 7.09243 190 190 190 255 
-2.39805 0.131167 7.11392 190 190 190 255 
-2.39805 0.0412784 7.10368 190 190 190 255 
-2.40028 -0.142943 7.09388 190 190 190 255 
-2.39805 -0.0491992 7.10416 190 190 190 255 
-2.39805 -0.13898 7.11532 190 190 190 255 
-2.39805 -0.311458 7.16897 190 190 190 255 
-2.40028 -0.402903 7.19197 190 190 190 255 
-2.39805 -0.391723 7.21069 190 190 190 255 
-2.39805 -0.4665 7.26163 190 190 190 255 
-2.39805 -0.534723 7.32104 190 190 190 255 
-2.40028 -0.612447 7.37446 190 190 190 255 
-2.39805 -0.647807 7.46189 190 190 190 255 
-2.40028 -0.710802 7.53207 190 190 190 255 
-2.40028 -0.745329 7.61849 190 190 190 255 
-2.40028 -0.769387 7.70837 190 190 190 255 
-2.39805 -0.763143 7.89276 190 190 190 255 
-2.40028 -0.776187 7.98616 190 190 190 255 
-2.39805 -0.735537 8.07126 190 190 190 255 
-2.40028 -0.576738 8.3993 190 190 190 255 
-2.39805 -0.560735 8.38451 190 190 190 255 
-2.39805 -0.495496 8.44719 190 190 190 255 
-2.39805 -0.423294 8.50171 190 190 190 255 
-2.40028 -0.355015 8.56677 190 190 190 255 
-2.39805 -0.345145 8.5473 190 190 190 255 
-2.39805 -0.262163 8.58335 190 190 190 255 
-2.39805 -0.175497 8.60932 190 190 190 255 
-2.39805 0.0942478 8.62393 190 190 190 255 
-2.3921 0.0916434 8.603 190 190 190 255 
-2.39805 0.18321 8.60746 190 190 190 255 
-2.39805 0.26961 8.58058 190 190 190 255 
-2.39805 0.566074 8.37866 190 190 190 255 
-2.3921 0.487647 8.42609 190 190 190 255 
-2.3921 0.550451 8.36449 190 190 190 255 
-2.39805 0.622729 8.30809 190 190 190 255 
-2.39805 0.73763 8.06362 190 190 190 255 
-2.39805 0.755817 7.97498 190 190 190 255 
-2.3921 0.734925 7.97199 190 190 190 255 
-2.3921 0.742291 7.88431 190 190 190 255 
-2.39805 0.76022 7.79442 190 190 190 255 
-2.39805 0.746404 7.705 190 190 190 255 
-2.3921 0.725789 7.70945 190 190 190 255 
-2.39805 0.64357 7.45519 190 190 190 255 
-2.3921 0.625795 7.46654 190 190 190 255 
-2.39805 0.590447 7.38196 190 190 190 255 
-2.3921 0.574135 7.39534 190 190 190 255 
-2.3921 0.514413 7.33074 190 190 190 255 
-2.39805 0.529028 7.31553 190 190 190 255 
-2.39805 0.460188 7.25682 190 190 190 255 
-2.3921 0.295792 7.18512 190 190 190 255 
-2.39805 0.304202 7.16576 190 190 190 255 
-2.39805 0.219228 7.1347 190 190 190 255 
-2.3921 0.213164 7.15491 190 190 190 255 
-2.3921 0.040136 7.12474 190 190 190 255 
-2.39805 -0.226798 7.13702 190 190 190 255 
-2.3921 -0.453608 7.27832 190 190 190 255 
-2.39805 -0.595439 7.38811 190 190 190 255 
-2.39805 -0.69108 7.54136 190 190 190 255 
-2.39805 -0.724644 7.62537 190 190 190 255 
-2.39805 -0.748032 7.71276 190 190 190 255 
-2.3921 -0.727377 7.71701 190 190 190 255 
-2.39805 -0.76092 7.8023 190 190 190 255 
-2.3921 -0.74205 7.89201 190 190 190 255 
-2.39805 -0.754646 7.98284 190 190 190 255 
-2.3921 -0.733784 7.9796 190 190 190 255 
-2.39805 -0.70613 8.15683 190 190 190 255 
-2.3921 -0.686608 8.14878 190 190 190 255 
-2.39805 -0.666788 8.23829 190 190 190 255 
-2.39805 -0.618094 8.31454 190 190 190 255 
-2.3921 -0.601015 8.30215 190 190 190 255 
-2.3921 -0.335613 8.52849 190 190 190 255 
-2.3921 -0.254917 8.56353 190 190 190 255 
-2.3921 -0.170652 8.58879 190 190 190 255 
-2.3921 -0.0839989 8.60392 190 190 190 255 
-2.38261 -0.0817599 8.58428 190 190 190 255 
-2.3921 0.0038536 8.60867 190 190 190 255 
-2.38261 0.00376186 8.5889 190 190 190 255 
-2.38261 0.0892024 8.5834 190 190 190 255 
-2.3921 0.178142 8.587 190 190 190 255 
-2.38261 0.255173 8.54238 190 190 190 255 
-2.3921 0.262143 8.56087 190 190 190 255 
-2.3921 0.342474 8.52498 190 190 190 255 
-2.3921 0.417999 8.47984 190 190 190 255 
-2.38261 0.474657 8.41121 190 190 190 255 
-2.38261 0.535796 8.35124 190 190 190 255 
-2.3921 0.605517 8.2959 190 190 190 255 
-2.38261 0.589406 8.28446 190 190 190 255 
-2.3921 0.6521 8.22125 190 190 190 255 
-2.3921 0.689523 8.14163 190 190 190 255 
-2.3921 0.71726 8.05816 190 190 190 255 
-2.38261 0.715369 7.96917 190 190 190 255 
-2.38261 0.722545 7.88382 190 190 190 255 
-2.3921 0.739223 7.7964 190 190 190 255 
-2.38261 0.706463 7.71363 190 190 190 255 
-2.3921 0.702153 7.62471 190 190 190 255 
-2.3921 0.668662 7.54337 190 190 190 255 
-2.38261 0.558852 7.40787 190 190 190 255 
-2.38261 0.500728 7.34499 190 190 190 255 
-2.3921 0.447477 7.27366 190 190 190 255 
-2.38261 0.435576 7.28942 190 190 190 255 
-2.3921 0.374256 7.22489 190 190 190 255 
-2.38261 0.364301 7.24195 190 190 190 255 
-2.3921 0.127553 7.13469 190 190 190 255 
-2.38261 0.124161 7.15415 190 190 190 255 
-2.38261 0.0390784 7.14446 190 190 190 255 
-2.3921 -0.0478314 7.1252 190 190 190 255 
-2.3921 -0.135141 7.13606 190 190 190 255 
-2.3921 -0.220546 7.15717 190 190 190 255 
-2.38261 -0.294796 7.20627 190 190 190 255 
-2.3921 -0.302846 7.18822 190 190 190 255 
-2.38261 -0.37077 7.24576 190 190 190 255 
-2.3921 -0.380895 7.22879 190 190 190 255 
-2.38261 -0.441548 7.29397 190 190 190 255 
-2.3921 -0.519948 7.3361 190 190 190 255 
-2.3921 -0.579003 7.40133 190 190 190 255 
-2.38261 -0.506119 7.35021 190 190 190 255 
-2.3921 -0.629914 7.47306 190 190 190 255 
-2.3921 -0.67199 7.55033 190 190 190 255 
-2.38261 -0.685877 7.63825 190 190 190 255 
-2.3921 -0.704629 7.63202 190 190 190 255 
-2.3921 -0.739917 7.80408 190 190 190 255 
-2.38261 -0.720216 7.80572 190 190 190 255 
-2.3921 -0.715224 8.0656 190 190 190 255 
-2.38261 -0.69619 8.06029 190 190 190 255 
-2.3921 -0.648371 8.22801 190 190 190 255 
-2.38261 -0.631117 8.21838 190 190 190 255 
-2.3921 -0.545239 8.37018 190 190 190 255 
-2.38261 -0.530733 8.35678 190 190 190 255 
-2.3921 -0.481803 8.43114 190 190 190 255 
-2.3921 -0.411599 8.48415 190 190 190 255 
-2.38261 -0.400655 8.46772 190 190 190 255 
-2.38261 -0.326696 8.51088 190 190 190 255 
-2.38261 -0.16612 8.56957 190 190 190 255 
-2.36987 -0.162008 8.55221 190 190 190 255 
-2.38261 0.173409 8.56781 190 190 190 255 
-2.36987 0.169141 8.55048 190 190 190 255 
-2.36987 0.248874 8.5257 190 190 190 255 
-2.38261 0.333372 8.50743 190 190 190 255 
-2.36987 0.325131 8.49163 190 190 190 255 
-2.38261 0.406862 8.46352 190 190 190 255 
-2.36987 0.522572 8.33927 190 190 190 255 
-2.36987 0.574857 8.27415 190 190 190 255 
-2.38261 0.634741 8.21182 190 190 190 255 
-2.38261 0.67116 8.13432 190 190 190 255 
-2.38261 0.698167 8.05306 190 190 190 255 
-2.36987 0.7047 7.88341 190 190 190 255 
-2.38261 0.719547 7.79826 190 190 190 255 
-2.38261 0.683479 7.63113 190 190 190 255 
-2.38261 0.65088 7.55195 190 190 190 255 
-2.38261 0.609145 7.47718 190 190 190 255 
-2.36987 0.424827 7.30365 190 190 190 255 
-2.38261 0.28792 7.20324 190 190 190 255 
-2.36987 0.280822 7.21959 190 190 190 255 
-2.38261 0.207487 7.17385 190 190 190 255 
-2.36987 0.202366 7.19093 190 190 190 255 
-2.36987 0.0381069 7.16228 190 190 190 255 
-2.38261 -0.0465661 7.14492 190 190 190 255 
-2.38261 -0.131544 7.15549 190 190 190 255 
-2.38261 -0.214663 7.17602 190 190 190 255 
-2.36987 -0.361613 7.26106 190 190 190 255 
-2.36987 -0.493639 7.36294 190 190 190 255 
-2.36987 -0.549693 7.42486 190 190 190 255 
-2.38261 -0.563594 7.41369 190 190 190 255 
-2.38261 -0.613153 7.48352 190 190 190 255 
-2.38261 -0.654103 7.55873 190 190 190 255 
-2.36987 -0.598021 7.49296 190 190 190 255 
-2.36987 -0.637964 7.56631 190 190 190 255 
-2.38261 -0.70801 7.72096 190 190 190 255 
-2.36987 -0.690552 7.72455 190 190 190 255 
-2.38261 -0.72232 7.89134 190 190 190 255 
-2.36987 -0.704492 7.89071 190 190 190 255 
-2.38261 -0.714275 7.9766 190 190 190 255 
-2.36987 -0.696642 7.97386 190 190 190 255 
-2.36987 -0.679011 8.05549 190 190 190 255 
-2.36987 -0.651855 8.13448 190 190 190 255 
-2.38261 -0.668339 8.14126 190 190 190 255 
-2.38261 -0.585024 8.29055 190 190 190 255 
-2.36987 -0.570592 8.28008 190 190 190 255 
-2.36987 -0.517636 8.34467 190 190 190 255 
-2.38261 -0.468981 8.4161 190 190 190 255 
-2.38261 -0.248151 8.54499 190 190 190 255 
-2.36987 -0.318636 8.49498 190 190 190 255 
-2.36987 -0.242021 8.52824 190 190 190 255 
-2.35425 -0.236735 8.51379 190 190 190 255 
-2.36987 -0.0797349 8.56656 190 190 190 255 
-2.36987 0.00365027 8.57109 190 190 190 255 
-2.36987 0.0870006 8.5657 190 190 190 255 
-2.35425 0.0851015 8.55045 190 190 190 255 
-2.35425 0.243462 8.51129 190 190 190 255 
-2.35425 0.318046 8.47798 190 190 190 255 
-2.36987 0.396835 8.44877 190 190 190 255 
-2.35425 0.388168 8.43608 190 190 190 255 
-2.36987 0.462948 8.39776 190 190 190 255 
-2.35425 0.452857 8.38616 190 190 190 255 
-2.35425 0.51118 8.32895 190 190 190 255 
-2.36987 0.619072 8.2033 190 190 190 255 
-2.35425 0.562326 8.26524 190 190 190 255 
-2.36987 0.654616 8.12769 190 190 190 255 
-2.36987 0.680945 8.04844 190 190 190 255 
-2.35425 0.666092 8.04447 190 190 190 255 
-2.36987 0.697717 7.96663 190 190 190 255 
-2.36987 0.70181 7.79992 190 190 190 255 
-2.36987 0.689043 7.71739 190 190 190 255 
-2.36987 0.666606 7.63694 190 190 190 255 
-2.35425 0.652067 7.64194 190 190 190 255 
-2.36987 0.634825 7.5597 190 190 190 255 
-2.36987 0.594119 7.48677 190 190 190 255 
-2.35425 0.620966 7.56639 190 190 190 255 
-2.35425 0.581161 7.49504 190 190 190 255 
-2.36987 0.545065 7.41918 190 190 190 255 
-2.36987 0.488387 7.35783 190 190 190 255 
-2.35425 0.477721 7.36893 190 190 190 255 
-2.36987 0.355327 7.25734 190 190 190 255 
-2.35425 0.197968 7.20564 190 190 190 255 
-2.36987 0.121096 7.17172 190 190 190 255 
-2.36987 -0.0454222 7.16272 190 190 190 255 
-2.35425 -0.044427 7.17806 190 190 190 255 
-2.36987 -0.1283 7.17303 190 190 190 255 
-2.36987 -0.209369 7.19305 190 190 190 255 
-2.35425 -0.204809 7.20774 190 190 190 255 
-2.36987 -0.287514 7.22254 190 190 190 255 
-2.36987 -0.430657 7.30809 190 190 190 255 
-2.35425 -0.482868 7.37392 190 190 190 255 
-2.35425 -0.584971 7.50109 190 190 190 255 
-2.36987 -0.668952 7.64387 190 190 190 255 
-2.36987 -0.702448 7.80721 190 190 190 255 
-2.35425 -0.687132 7.80851 190 190 190 255 
-2.35425 -0.681456 7.97152 190 190 190 255 
-2.35425 -0.637647 8.12864 190 190 190 255 
-2.36987 -0.615548 8.2097 190 190 190 255 
-2.35425 -0.602114 8.20219 190 190 190 255 
-2.35425 -0.506344 8.33423 190 190 190 255 
-2.36987 -0.457417 8.40254 190 190 190 255 
-2.36987 -0.390757 8.45286 190 190 190 255 
-2.35425 -0.447437 8.39084 190 190 190 255 
-2.35425 -0.382245 8.44008 190 190 190 255 
-2.35425 -0.311669 8.48124 190 190 190 255 
-2.33622 -0.232464 8.50209 190 190 190 255 
-2.35425 -0.158482 8.53725 190 190 190 255 
-2.35425 -0.0779906 8.55128 190 190 190 255 
-2.35425 0.00358761 8.55569 190 190 190 255 
-2.33622 0.00350827 8.54325 190 190 190 255 
-2.33622 0.0835663 8.53808 190 190 190 255 
-2.35425 0.165448 8.53556 190 190 190 255 
-2.33622 0.381157 8.42578 190 190 190 255 
-2.33622 0.444669 8.37677 190 190 190 255 
-2.33622 0.501946 8.32058 190 190 190 255 
-2.35425 0.605584 8.19593 190 190 190 255 
-2.35425 0.640329 8.122 190 190 190 255 
-2.33622 0.654053 8.04125 190 190 190 255 
-2.35425 0.682501 7.96444 190 190 190 255 
-2.35425 0.689337 7.88302 190 190 190 255 
-2.35425 0.686503 7.80136 190 190 190 255 
-2.33622 0.676879 7.88272 190 190 190 255 
-2.35425 0.674003 7.72064 190 190 190 255 
-2.33622 0.661825 7.72327 190 190 190 255 
-2.33622 0.640289 7.64598 190 190 190 255 
-2.33622 0.570662 7.50175 190 190 190 255 
-2.35425 0.53319 7.42891 190 190 190 255 
-2.35425 0.415573 7.3159 190 190 190 255 
-2.35425 0.347572 7.27062 190 190 190 255 
-2.33622 0.341285 7.28139 190 190 190 255 
-2.35425 0.274692 7.2337 190 190 190 255 
-2.33622 0.269719 7.24514 190 190 190 255 
-2.35425 0.118441 7.18688 190 190 190 255 
-2.33622 0.116314 7.19914 190 190 190 255 
-2.35425 0.0372688 7.17764 190 190 190 255 
-2.33622 -0.0436277 7.1905 190 190 190 255 
-2.35425 -0.125488 7.18813 190 190 190 255 
-2.33622 -0.201101 7.21963 190 190 190 255 
-2.35425 -0.281247 7.23659 190 190 190 255 
-2.33622 -0.27617 7.24797 190 190 190 255 
-2.35425 -0.353728 7.27426 190 190 190 255 
-2.33622 -0.347343 7.28497 190 190 190 255 
-2.35425 -0.421249 7.32025 190 190 190 255 
-2.35425 -0.537702 7.43448 190 190 190 255 
-2.33622 -0.47413 7.3828 190 190 190 255 
-2.33622 -0.574404 7.5077 190 190 190 255 
-2.35425 -0.624057 7.57286 190 190 190 255 
-2.33622 -0.612772 7.57815 190 190 190 255 
-2.35425 -0.654363 7.64872 190 190 190 255 
-2.35425 -0.67549 7.72764 190 190 190 255 
-2.35425 -0.689133 7.89018 190 190 190 255 
-2.33622 -0.674704 7.80954 190 190 190 255 
-2.33622 -0.676671 7.88974 190 190 190 255 
-2.35425 -0.6642 8.05136 190 190 190 255 
-2.33622 -0.652203 8.04802 190 190 190 255 
-2.35425 -0.558161 8.27107 190 190 190 255 
-2.33622 -0.591243 8.19613 190 190 190 255 
-2.33622 -0.37533 8.4297 190 190 190 255 
-2.31632 -0.229322 8.49349 190 190 190 255 
-2.33622 -0.155616 8.52512 190 190 190 255 
-2.33622 -0.0765857 8.5389 190 190 190 255 
-2.31632 -0.0755571 8.52979 190 190 190 255 
-2.31632 0.0824468 8.52896 190 190 190 255 
-2.33622 0.162457 8.52347 190 190 190 255 
-2.33622 0.239046 8.49965 190 190 190 255 
-2.31632 0.16026 8.51455 190 190 190 255 
-2.33622 0.3123 8.46692 190 190 190 255 
-2.31632 0.43864 8.36985 190 190 190 255 
-2.31632 0.495148 8.31442 190 190 190 255 
-2.33622 0.552157 8.25804 190 190 190 255 
-2.31632 0.544687 8.25271 190 190 190 255 
-2.33622 0.594632 8.18998 190 190 190 255 
-2.33622 0.628761 8.11737 190 190 190 255 
-2.31632 0.620236 8.11397 190 190 190 255 
-2.31632 0.645197 8.03887 190 190 190 255 
-2.33622 0.670168 7.96266 190 190 190 255 
-2.31632 0.661089 7.96135 190 190 190 255 
-2.31632 0.667718 7.88248 190 190 190 255 
-2.33622 0.674081 7.80255 190 190 190 255 
-2.31632 0.66495 7.80341 190 190 190 255 
-2.31632 0.631608 7.64897 190 190 190 255 
-2.33622 0.609753 7.5718 190 190 190 255 
-2.31632 0.562917 7.5067 190 190 190 255 
-2.33622 0.523541 7.43683 190 190 190 255 
-2.33622 0.4691 7.3779 190 190 190 255 
-2.33622 0.408045 7.32587 190 190 190 255 
-2.33622 0.194387 7.21758 190 190 190 255 
-2.31632 0.19174 7.22638 190 190 190 255 
-2.33622 0.0366063 7.19007 190 190 190 255 
-2.33622 -0.123222 7.20038 190 190 190 255 
-2.33622 -0.413643 7.33012 190 190 190 255 
-2.31632 -0.408034 7.33738 190 190 190 255 
-2.33622 -0.527984 7.44228 190 190 190 255 
-2.31632 -0.467705 7.38935 190 190 190 255 
-2.31632 -0.520818 7.44802 190 190 190 255 
-2.31632 -0.566615 7.51255 190 190 190 255 
-2.33622 -0.642545 7.65266 190 190 190 255 
-2.31632 -0.633833 7.65555 190 190 190 255 
-2.33622 -0.66328 7.73014 190 190 190 255 
-2.31632 -0.665564 7.81031 190 190 190 255 
-2.31632 -0.667506 7.88943 190 190 190 255 
-2.33622 -0.669135 7.96961 190 190 190 255 
-2.33622 -0.626124 8.12389 190 190 190 255 
-2.31632 -0.583226 8.19166 190 190 190 255 
-2.33622 -0.548064 8.26374 190 190 190 255 
-2.33622 -0.497188 8.32576 190 190 190 255 
-2.33622 -0.439354 8.38136 190 190 190 255 
-2.33622 -0.306043 8.47013 190 190 190 255 
-2.29514 -0.227393 8.48821 190 190 190 255 
-2.31632 -0.153514 8.5162 190 190 190 255 
-2.29514 -0.152218 8.51073 190 190 190 255 
-2.29514 -0.074925 8.52422 190 190 190 255 
-2.31632 0.0034601 8.53407 190 190 190 255 
-2.29514 0.00344215 8.52844 190 190 190 255 
-2.29514 0.0817398 8.5234 190 190 190 255 
-2.31632 0.235812 8.49106 190 190 190 255 
-2.29514 0.158908 8.50911 190 190 190 255 
-2.29514 0.233825 8.48581 190 190 190 255 
-2.31632 0.308075 8.45877 190 190 190 255 
-2.29514 0.305486 8.45379 190 190 190 255 
-2.31632 0.375993 8.41819 190 190 190 255 
-2.29514 0.372837 8.41354 190 190 190 255 
-2.29514 0.434955 8.36561 190 190 190 255 
-2.29514 0.490973 8.31066 190 190 190 255 
-2.31632 0.586567 8.1856 190 190 190 255 
-2.29514 0.540102 8.24947 190 190 190 255 
-2.29514 0.655536 7.96054 190 190 190 255 
-2.31632 0.65287 7.72519 190 190 190 255 
-2.29514 0.647381 7.72638 190 190 190 255 
-2.29514 0.626303 7.65079 190 190 190 255 
-2.31632 0.601492 7.57579 190 190 190 255 
-2.29514 0.55818 7.50972 190 190 190 255 
-2.31632 0.516458 7.44263 190 190 190 255 
-2.31632 0.462734 7.38453 190 190 190 255 
-2.29514 0.512112 7.4462 190 190 190 255 
-2.31632 0.402518 7.33319 190 190 190 255 
-2.31632 0.336668 7.2893 190 190 190 255 
-2.29514 0.399133 7.33767 190 190 190 255 
-2.31632 0.266073 7.25354 190 190 190 255 
-2.31632 0.114726 7.20819 190 190 190 255 
-2.31632 0.036104 7.19924 190 190 190 255 
-2.29514 0.113766 7.21372 190 190 190 255 
-2.29514 0.0358113 7.20483 190 190 190 255 
-2.31632 -0.0430255 7.19964 190 190 190 255 
-2.31632 -0.121564 7.20942 190 190 190 255 
-2.29514 -0.0426675 7.20525 190 190 190 255 
-2.31632 -0.198385 7.2284 190 190 190 255 
-2.29514 -0.120539 7.21494 190 190 190 255 
-2.31632 -0.27242 7.25634 190 190 190 255 
-2.31632 -0.342628 7.29283 190 190 190 255 
-2.29514 -0.339757 7.29767 190 190 190 255 
-2.29514 -0.404607 7.34183 190 190 190 255 
-2.31632 -0.604475 7.58206 190 190 190 255 
-2.29514 -0.561867 7.51554 190 190 190 255 
-2.29514 -0.599384 7.58444 190 190 190 255 
-2.31632 -0.654283 7.73198 190 190 190 255 
-2.29514 -0.659977 7.81079 190 190 190 255 
-2.31632 -0.660075 7.96822 190 190 190 255 
-2.31632 -0.643369 8.04556 190 190 190 255 
-2.29514 -0.637948 8.04404 190 190 190 255 
-2.31632 -0.617628 8.12039 190 190 190 255 
-2.29514 -0.612446 8.11827 190 190 190 255 
-2.31632 -0.540638 8.25835 190 190 190 255 
-2.29514 -0.486335 8.31573 190 190 190 255 
-2.31632 -0.490452 8.31954 190 190 190 255 
-2.31632 -0.433397 8.37438 190 190 190 255 
-2.31632 -0.37025 8.42207 190 190 190 255 
-2.29514 -0.367134 8.41739 190 190 190 255 
-2.31632 -0.301905 8.46196 190 190 190 255 
-2.2733 -0.151786 8.50889 190 190 190 255 
-2.2733 -0.0746963 8.52232 190 190 190 255 
-2.2733 0.158446 8.50728 190 190 190 255 
-2.2733 0.233157 8.48404 190 190 190 255 
-2.2733 0.304609 8.45212 190 190 190 255 
-2.2733 0.371771 8.41198 190 190 190 255 
-2.29514 0.58165 8.18289 190 190 190 255 
-2.29514 0.615026 8.11188 190 190 190 255 
-2.2733 0.579985 8.18199 190 190 190 255 
-2.29514 0.639769 8.03742 190 190 190 255 
-2.2733 0.653654 7.96029 190 190 190 255 
-2.29514 0.662089 7.88236 190 190 190 255 
-2.29514 0.659351 7.80394 190 190 190 255 
-2.2733 0.657469 7.80412 190 190 190 255 
-2.2733 0.645529 7.72678 190 190 190 255 
-2.2733 0.624514 7.65141 190 190 190 255 
-2.2733 0.594723 7.57906 190 190 190 255 
-2.29514 0.59642 7.57825 190 190 190 255 
-2.29514 0.458847 7.38858 190 190 190 255 
-2.29514 0.333839 7.29415 190 190 190 255 
-2.29514 0.263829 7.2587 190 190 190 255 
-2.29514 0.190141 7.23175 190 190 190 255 
-2.2733 0.0356899 7.20674 190 190 190 255 
-2.29514 -0.196719 7.23377 190 190 190 255 
-2.2733 -0.196152 7.23557 190 190 190 255 
-2.29514 -0.270125 7.26146 190 190 190 255 
-2.2733 -0.269361 7.2632 190 190 190 255 
-2.2733 -0.338774 7.29927 190 190 190 255 
-2.29514 -0.463777 7.39336 190 190 190 255 
-2.2733 -0.514967 7.45272 190 190 190 255 
-2.29514 -0.51645 7.45155 190 190 190 255 
-2.2733 -0.560264 7.51654 190 190 190 255 
-2.29514 -0.628498 7.65731 190 190 190 255 
-2.2733 -0.597681 7.58526 190 190 190 255 
-2.29514 -0.648795 7.73312 190 190 190 255 
-2.2733 -0.646928 7.73348 190 190 190 255 
-2.2733 -0.658084 7.81094 190 190 190 255 
-2.29514 -0.661887 7.88923 190 190 190 255 
-2.2733 -0.660004 7.88917 190 190 190 255 
-2.29514 -0.654506 7.96734 190 190 190 255 
-2.29514 -0.578328 8.18893 190 190 190 255 
-2.29514 -0.536085 8.25505 190 190 190 255 
-2.2733 -0.534551 8.25393 190 190 190 255 
-2.29514 -0.429742 8.37009 190 190 190 255 
-2.2733 -0.428524 8.36866 190 190 190 255 
-2.2733 -0.366085 8.41582 190 190 190 255 
-2.29514 -0.299361 8.45694 190 190 190 255 
-2.2733 -0.298496 8.45524 190 190 190 255 
-2.2733 -0.226728 8.48641 190 190 190 255 
-2.25146 -0.227393 8.48821 190 190 190 255 
-2.25146 -0.152218 8.51073 190 190 190 255 
-2.2733 0.00342027 8.52657 190 190 190 255 
-2.2733 0.0815197 8.52151 190 190 190 255 
-2.25146 0.158908 8.50911 190 190 190 255 
-2.25146 0.372837 8.41354 190 190 190 255 
-2.2733 0.433719 8.36418 190 190 190 255 
-2.2733 0.489568 8.30939 190 190 190 255 
-2.25146 0.434955 8.36561 190 190 190 255 
-2.25146 0.490973 8.31066 190 190 190 255 
-2.2733 0.538566 8.24837 190 190 190 255 
-2.25146 0.540102 8.24947 190 190 190 255 
-2.2733 0.613269 8.11118 190 190 190 255 
-2.25146 0.615026 8.11188 190 190 190 255 
-2.2733 0.637941 8.03693 190 190 190 255 
-2.25146 0.639769 8.03742 190 190 190 255 
-2.2733 0.660209 7.8823 190 190 190 255 
-2.25146 0.662089 7.88236 190 190 190 255 
-2.25146 0.659351 7.80394 190 190 190 255 
-2.2733 0.556584 7.51075 190 190 190 255 
-2.25146 0.512112 7.4462 190 190 190 255 
-2.2733 0.510641 7.44741 190 190 190 255 
-2.2733 0.457544 7.38993 190 190 190 255 
-2.2733 0.397999 7.33917 190 190 190 255 
-2.25146 0.399133 7.33767 190 190 190 255 
-2.2733 0.332873 7.2958 190 190 190 255 
-2.2733 0.263085 7.26043 190 190 190 255 
-2.25146 0.333839 7.29415 190 190 190 255 
-2.2733 0.189594 7.23356 190 190 190 255 
-2.25146 0.190141 7.23175 190 190 190 255 
-2.2733 0.113447 7.21558 190 190 190 255 
-2.25146 0.113766 7.21372 190 190 190 255 
-2.2733 -0.0425448 7.20714 190 190 190 255 
-2.25146 0.0358113 7.20483 190 190 190 255 
-2.2733 -0.120186 7.21679 190 190 190 255 
-2.25146 -0.196719 7.23377 190 190 190 255 
-2.2733 -0.403443 7.34332 190 190 190 255 
-2.2733 -0.462454 7.39472 190 190 190 255 
-2.2733 -0.626713 7.65792 190 190 190 255 
-2.25146 -0.628498 7.65731 190 190 190 255 
-2.2733 -0.652648 7.96706 190 190 190 255 
-2.25146 -0.661887 7.88923 190 190 190 255 
-2.25146 -0.654506 7.96734 190 190 190 255 
-2.2733 -0.636126 8.04354 190 190 190 255 
-2.25146 -0.637948 8.04404 190 190 190 255 
-2.2733 -0.610692 8.11754 190 190 190 255 
-2.25146 -0.612446 8.11827 190 190 190 255 
-2.2733 -0.576671 8.188 190 190 190 255 
-2.25146 -0.578328 8.18893 190 190 190 255 
-2.2733 -0.484948 8.31445 190 190 190 255 
-2.25146 -0.429742 8.37009 190 190 190 255 
-2.25146 -0.299361 8.45694 190 190 190 255 
-2.25146 -0.074925 8.52422 190 190 190 255 
-2.23028 -0.0755571 8.52979 190 190 190 255 
-2.25146 0.00344215 8.52844 190 190 190 255 
-2.25146 0.0817398 8.5234 190 190 190 255 
-2.23028 0.16026 8.51455 190 190 190 255 
-2.25146 0.233825 8.48581 190 190 190 255 
-2.23028 0.235812 8.49106 190 190 190 255 
-2.25146 0.305486 8.45379 190 190 190 255 
-2.23028 0.375993 8.41819 190 190 190 255 
-2.23028 0.43864 8.36985 190 190 190 255 
-2.23028 0.586567 8.1856 190 190 190 255 
-2.25146 0.58165 8.18289 190 190 190 255 
-2.23028 0.645197 8.03887 190 190 190 255 
-2.25146 0.655536 7.96054 190 190 190 255 
-2.23028 0.661089 7.96135 190 190 190 255 
-2.25146 0.647381 7.72638 190 190 190 255 
-2.25146 0.626303 7.65079 190 190 190 255 
-2.23028 0.631608 7.64897 190 190 190 255 
-2.23028 0.601492 7.57579 190 190 190 255 
-2.25146 0.59642 7.57825 190 190 190 255 
-2.25146 0.55818 7.50972 190 190 190 255 
-2.23028 0.462734 7.38453 190 190 190 255 
-2.25146 0.458847 7.38858 190 190 190 255 
-2.23028 0.402518 7.33319 190 190 190 255 
-2.23028 0.336668 7.2893 190 190 190 255 
-2.25146 0.263829 7.2587 190 190 190 255 
-2.23028 0.266073 7.25354 190 190 190 255 
-2.25146 -0.0426675 7.20525 190 190 190 255 
-2.23028 0.036104 7.19924 190 190 190 255 
-2.23028 -0.0430255 7.19964 190 190 190 255 
-2.25146 -0.120539 7.21494 190 190 190 255 
-2.25146 -0.270125 7.26146 190 190 190 255 
-2.25146 -0.339757 7.29767 190 190 190 255 
-2.23028 -0.342628 7.29283 190 190 190 255 
-2.25146 -0.404607 7.34183 190 190 190 255 
-2.23028 -0.408034 7.33738 190 190 190 255 
-2.25146 -0.463777 7.39336 190 190 190 255 
-2.25146 -0.51645 7.45155 190 190 190 255 
-2.25146 -0.561867 7.51554 190 190 190 255 
-2.23028 -0.566615 7.51255 190 190 190 255 
-2.25146 -0.599384 7.58444 190 190 190 255 
-2.23028 -0.604475 7.58206 190 190 190 255 
-2.25146 -0.648795 7.73312 190 190 190 255 
-2.25146 -0.659977 7.81079 190 190 190 255 
-2.23028 -0.654283 7.73198 190 190 190 255 
-2.23028 -0.667506 7.88943 190 190 190 255 
-2.23028 -0.660075 7.96822 190 190 190 255 
-2.23028 -0.583226 8.19166 190 190 190 255 
-2.25146 -0.536085 8.25505 190 190 190 255 
-2.23028 -0.540638 8.25835 190 190 190 255 
-2.23028 -0.490452 8.31954 190 190 190 255 
-2.25146 -0.486335 8.31573 190 190 190 255 
-2.25146 -0.367134 8.41739 190 190 190 255 
-2.23028 -0.229322 8.49349 190 190 190 255 
-2.23028 -0.153514 8.5162 190 190 190 255 
-2.21038 -0.232464 8.50209 190 190 190 255 
-2.21038 -0.155616 8.52512 190 190 190 255 
-2.21038 -0.0765857 8.5389 190 190 190 255 
-2.23028 0.0034601 8.53407 190 190 190 255 
-2.23028 0.0824468 8.52896 190 190 190 255 
-2.21038 0.0835663 8.53808 190 190 190 255 
-2.21038 0.162457 8.52347 190 190 190 255 
-2.21038 0.239046 8.49965 190 190 190 255 
-2.23028 0.308075 8.45877 190 190 190 255 
-2.21038 0.3123 8.46692 190 190 190 255 
-2.21038 0.381157 8.42578 190 190 190 255 
-2.21038 0.444669 8.37677 190 190 190 255 
-2.23028 0.495148 8.31442 190 190 190 255 
-2.23028 0.544687 8.25271 190 190 190 255 
-2.21038 0.501946 8.32058 190 190 190 255 
-2.21038 0.552157 8.25804 190 190 190 255 
-2.23028 0.620236 8.11397 190 190 190 255 
-2.21038 0.628761 8.11737 190 190 190 255 
-2.21038 0.654053 8.04125 190 190 190 255 
-2.23028 0.667718 7.88248 190 190 190 255 
-2.21038 0.676879 7.88272 190 190 190 255 
-2.23028 0.66495 7.80341 190 190 190 255 
-2.21038 0.674081 7.80255 190 190 190 255 
-2.23028 0.65287 7.72519 190 190 190 255 
-2.21038 0.661825 7.72327 190 190 190 255 
-2.23028 0.562917 7.5067 190 190 190 255 
-2.21038 0.570662 7.50175 190 190 190 255 
-2.23028 0.516458 7.44263 190 190 190 255 
-2.21038 0.523541 7.43683 190 190 190 255 
-2.21038 0.408045 7.32587 190 190 190 255 
-2.21038 0.269719 7.24514 190 190 190 255 
-2.23028 0.19174 7.22638 190 190 190 255 
-2.21038 0.194387 7.21758 190 190 190 255 
-2.23028 0.114726 7.20819 190 190 190 255 
-2.23028 -0.121564 7.20942 190 190 190 255 
-2.23028 -0.198385 7.2284 190 190 190 255 
-2.21038 -0.123222 7.20038 190 190 190 255 
-2.23028 -0.27242 7.25634 190 190 190 255 
-2.21038 -0.347343 7.28497 190 190 190 255 
-2.23028 -0.467705 7.38935 190 190 190 255 
-2.23028 -0.520818 7.44802 190 190 190 255 
-2.23028 -0.633833 7.65555 190 190 190 255 
-2.21038 -0.612772 7.57815 190 190 190 255 
-2.21038 -0.66328 7.73014 190 190 190 255 
-2.23028 -0.665564 7.81031 190 190 190 255 
-2.21038 -0.674704 7.80954 190 190 190 255 
-2.21038 -0.676671 7.88974 190 190 190 255 
-2.23028 -0.643369 8.04556 190 190 190 255 
-2.23028 -0.617628 8.12039 190 190 190 255 
-2.21038 -0.591243 8.19613 190 190 190 255 
-2.21038 -0.548064 8.26374 190 190 190 255 
-2.23028 -0.433397 8.37438 190 190 190 255 
-2.23028 -0.37025 8.42207 190 190 190 255 
-2.23028 -0.301905 8.46196 190 190 190 255 
-2.21038 -0.306043 8.47013 190 190 190 255 
-2.19235 -0.236735 8.51379 190 190 190 255 
-2.19235 -0.0779906 8.55128 190 190 190 255 
-2.21038 0.00350827 8.54325 190 190 190 255 
-2.19235 0.00358761 8.55569 190 190 190 255 
-2.19235 0.0851015 8.55045 190 190 190 255 
-2.19235 0.165448 8.53556 190 190 190 255 
-2.19235 0.388168 8.43608 190 190 190 255 
-2.19235 0.452857 8.38616 190 190 190 255 
-2.19235 0.51118 8.32895 190 190 190 255 
-2.19235 0.562326 8.26524 190 190 190 255 
-2.21038 0.594632 8.18998 190 190 190 255 
-2.19235 0.605584 8.19593 190 190 190 255 
-2.19235 0.640329 8.122 190 190 190 255 
-2.19235 0.666092 8.04447 190 190 190 255 
-2.21038 0.670168 7.96266 190 190 190 255 
-2.19235 0.682501 7.96444 190 190 190 255 
-2.19235 0.674003 7.72064 190 190 190 255 
-2.21038 0.640289 7.64598 190 190 190 255 
-2.19235 0.652067 7.64194 190 190 190 255 
-2.19235 0.620966 7.56639 190 190 190 255 
-2.21038 0.609753 7.5718 190 190 190 255 
-2.21038 0.4691 7.3779 190 190 190 255 
-2.19235 0.477721 7.36893 190 190 190 255 
-2.21038 0.341285 7.28139 190 190 190 255 
-2.19235 0.415573 7.3159 190 190 190 255 
-2.19235 0.347572 7.27062 190 190 190 255 
-2.21038 0.116314 7.19914 190 190 190 255 
-2.21038 0.0366063 7.19007 190 190 190 255 
-2.21038 -0.0436277 7.1905 190 190 190 255 
-2.19235 0.0372688 7.17764 190 190 190 255 
-2.19235 -0.044427 7.17806 190 190 190 255 
-2.21038 -0.201101 7.21963 190 190 190 255 
-2.21038 -0.27617 7.24797 190 190 190 255 
-2.19235 -0.353728 7.27426 190 190 190 255 
-2.21038 -0.413643 7.33012 190 190 190 255 
-2.21038 -0.47413 7.3828 190 190 190 255 
-2.21038 -0.527984 7.44228 190 190 190 255 
-2.21038 -0.574404 7.5077 190 190 190 255 
-2.19235 -0.584971 7.50109 190 190 190 255 
-2.21038 -0.642545 7.65266 190 190 190 255 
-2.19235 -0.687132 7.80851 190 190 190 255 
-2.21038 -0.669135 7.96961 190 190 190 255 
-2.21038 -0.652203 8.04802 190 190 190 255 
-2.19235 -0.6642 8.05136 190 190 190 255 
-2.21038 -0.626124 8.12389 190 190 190 255 
-2.19235 -0.602114 8.20219 190 190 190 255 
-2.21038 -0.497188 8.32576 190 190 190 255 
-2.21038 -0.439354 8.38136 190 190 190 255 
-2.19235 -0.447437 8.39084 190 190 190 255 
-2.21038 -0.37533 8.4297 190 190 190 255 
-2.19235 -0.311669 8.48124 190 190 190 255 
-2.19235 -0.158482 8.53725 190 190 190 255 
-2.17673 0.0870006 8.5657 190 190 190 255 
-2.17673 0.169141 8.55048 190 190 190 255 
-2.19235 0.243462 8.51129 190 190 190 255 
-2.19235 0.318046 8.47798 190 190 190 255 
-2.17673 0.396835 8.44877 190 190 190 255 
-2.17673 0.522572 8.33927 190 190 190 255 
-2.17673 0.619072 8.2033 190 190 190 255 
-2.17673 0.654616 8.12769 190 190 190 255 
-2.19235 0.689337 7.88302 190 190 190 255 
-2.17673 0.7047 7.88341 190 190 190 255 
-2.19235 0.686503 7.80136 190 190 190 255 
-2.17673 0.70181 7.79992 190 190 190 255 
-2.17673 0.689043 7.71739 190 190 190 255 
-2.17673 0.666606 7.63694 190 190 190 255 
-2.19235 0.581161 7.49504 190 190 190 255 
-2.19235 0.53319 7.42891 190 190 190 255 
-2.17673 0.594119 7.48677 190 190 190 255 
-2.17673 0.545065 7.41918 190 190 190 255 
-2.17673 0.488387 7.35783 190 190 190 255 
-2.17673 0.424827 7.30365 190 190 190 255 
-2.17673 0.355327 7.25734 190 190 190 255 
-2.17673 0.280822 7.21959 190 190 190 255 
-2.19235 0.274692 7.2337 190 190 190 255 
-2.19235 0.197968 7.20564 190 190 190 255 
-2.19235 0.118441 7.18688 190 190 190 255 
-2.17673 0.121096 7.17172 190 190 190 255 
-2.17673 0.0381069 7.16228 190 190 190 255 
-2.19235 -0.125488 7.18813 190 190 190 255 
-2.17673 -0.1283 7.17303 190 190 190 255 
-2.19235 -0.204809 7.20774 190 190 190 255 
-2.17673 -0.209369 7.19305 190 190 190 255 
-2.19235 -0.281247 7.23659 190 190 190 255 
-2.19235 -0.421249 7.32025 190 190 190 255 
-2.17673 -0.430657 7.30809 190 190 190 255 
-2.19235 -0.482868 7.37392 190 190 190 255 
-2.17673 -0.493639 7.36294 190 190 190 255 
-2.17673 -0.549693 7.42486 190 190 190 255 
-2.19235 -0.537702 7.43448 190 190 190 255 
-2.19235 -0.624057 7.57286 190 190 190 255 
-2.19235 -0.654363 7.64872 190 190 190 255 
-2.19235 -0.67549 7.72764 190 190 190 255 
-2.17673 -0.702448 7.80721 190 190 190 255 
-2.19235 -0.689133 7.89018 190 190 190 255 
-2.19235 -0.681456 7.97152 190 190 190 255 
-2.17673 -0.696642 7.97386 190 190 190 255 
-2.17673 -0.679011 8.05549 190 190 190 255 
-2.19235 -0.637647 8.12864 190 190 190 255 
-2.17673 -0.651855 8.13448 190 190 190 255 
-2.19235 -0.558161 8.27107 190 190 190 255 
-2.19235 -0.506344 8.33423 190 190 190 255 
-2.17673 -0.570592 8.28008 190 190 190 255 
-2.17673 -0.517636 8.34467 190 190 190 255 
-2.19235 -0.382245 8.44008 190 190 190 255 
-2.17673 -0.318636 8.49498 190 190 190 255 
-2.17673 -0.242021 8.52824 190 190 190 255 
-2.17673 -0.162008 8.55221 190 190 190 255 
-2.17673 -0.0797349 8.56656 190 190 190 255 
-2.17673 0.00365027 8.57109 190 190 190 255 
-2.17673 0.248874 8.5257 190 190 190 255 
-2.16399 0.333372 8.50743 190 190 190 255 
-2.17673 0.325131 8.49163 190 190 190 255 
-2.17673 0.462948 8.39776 190 190 190 255 
-2.16399 0.474657 8.41121 190 190 190 255 
-2.16399 0.535796 8.35124 190 190 190 255 
-2.17673 0.574857 8.27415 190 190 190 255 
-2.16399 0.634741 8.21182 190 190 190 255 
-2.17673 0.680945 8.04844 190 190 190 255 
-2.16399 0.67116 8.13432 190 190 190 255 
-2.17673 0.697717 7.96663 190 190 190 255 
-2.16399 0.698167 8.05306 190 190 190 255 
-2.16399 0.715369 7.96917 190 190 190 255 
-2.16399 0.722545 7.88382 190 190 190 255 
-2.16399 0.683479 7.63113 190 190 190 255 
-2.17673 0.634825 7.5597 190 190 190 255 
-2.16399 0.65088 7.55195 190 190 190 255 
-2.16399 0.609145 7.47718 190 190 190 255 
-2.16399 0.558852 7.40787 190 190 190 255 
-2.16399 0.500728 7.34499 190 190 190 255 
-2.16399 0.364301 7.24195 190 190 190 255 
-2.17673 0.202366 7.19093 190 190 190 255 
-2.16399 0.207487 7.17385 190 190 190 255 
-2.16399 0.124161 7.15415 190 190 190 255 
-2.17673 -0.0454222 7.16272 190 190 190 255 
-2.16399 -0.0465661 7.14492 190 190 190 255 
-2.16399 -0.131544 7.15549 190 190 190 255 
-2.16399 -0.214663 7.17602 190 190 190 255 
-2.17673 -0.287514 7.22254 190 190 190 255 
-2.17673 -0.361613 7.26106 190 190 190 255 
-2.16399 -0.506119 7.35021 190 190 190 255 
-2.17673 -0.598021 7.49296 190 190 190 255 
-2.16399 -0.613153 7.48352 190 190 190 255 
-2.16399 -0.654103 7.55873 190 190 190 255 
-2.17673 -0.637964 7.56631 190 190 190 255 
-2.17673 -0.668952 7.64387 190 190 190 255 
-2.17673 -0.690552 7.72455 190 190 190 255 
-2.16399 -0.685877 7.63825 190 190 190 255 
-2.16399 -0.720216 7.80572 190 190 190 255 
-2.17673 -0.704492 7.89071 190 190 190 255 
-2.16399 -0.714275 7.9766 190 190 190 255 
-2.16399 -0.69619 8.06029 190 190 190 255 
-2.17673 -0.615548 8.2097 190 190 190 255 
-2.17673 -0.457417 8.40254 190 190 190 255 
-2.16399 -0.530733 8.35678 190 190 190 255 
-2.17673 -0.390757 8.45286 190 190 190 255 
-2.16399 -0.248151 8.54499 190 190 190 255 
-2.16399 -0.16612 8.56957 190 190 190 255 
-2.16399 -0.0817599 8.58428 190 190 190 255 
-2.16399 0.00376186 8.5889 190 190 190 255 
-2.1545 0.0038536 8.60867 190 190 190 255 
-2.16399 0.0892024 8.5834 190 190 190 255 
-2.1545 0.0916434 8.603 190 190 190 255 
-2.16399 0.173409 8.56781 190 190 190 255 
-2.1545 0.178142 8.587 190 190 190 255 
-2.16399 0.255173 8.54238 190 190 190 255 
-2.16399 0.406862 8.46352 190 190 190 255 
-2.1545 0.417999 8.47984 190 190 190 255 
-2.16399 0.589406 8.28446 190 190 190 255 
-2.1545 0.6521 8.22125 190 190 190 255 
-2.1545 0.734925 7.97199 190 190 190 255 
-2.1545 0.742291 7.88431 190 190 190 255 
-2.1545 0.739223 7.7964 190 190 190 255 
-2.16399 0.719547 7.79826 190 190 190 255 
-2.16399 0.706463 7.71363 190 190 190 255 
-2.1545 0.702153 7.62471 190 190 190 255 
-2.1545 0.668662 7.54337 190 190 190 255 
-2.1545 0.574135 7.39534 190 190 190 255 
-2.16399 0.435576 7.28942 190 190 190 255 
-2.1545 0.374256 7.22489 190 190 190 255 
-2.16399 0.28792 7.20324 190 190 190 255 
-2.1545 0.295792 7.18512 190 190 190 255 
-2.16399 0.0390784 7.14446 190 190 190 255 
-2.1545 -0.0478314 7.1252 190 190 190 255 
-2.1545 -0.135141 7.13606 190 190 190 255 
-2.16399 -0.294796 7.20627 190 190 190 255 
-2.16399 -0.37077 7.24576 190 190 190 255 
-2.1545 -0.302846 7.18822 190 190 190 255 
-2.16399 -0.441548 7.29397 190 190 190 255 
-2.1545 -0.453608 7.27832 190 190 190 255 
-2.16399 -0.563594 7.41369 190 190 190 255 
-2.1545 -0.629914 7.47306 190 190 190 255 
-2.1545 -0.67199 7.55033 190 190 190 255 
-2.1545 -0.704629 7.63202 190 190 190 255 
-2.16399 -0.70801 7.72096 190 190 190 255 
-2.1545 -0.739917 7.80408 190 190 190 255 
-2.16399 -0.72232 7.89134 190 190 190 255 
-2.1545 -0.74205 7.89201 190 190 190 255 
-2.16399 -0.668339 8.14126 190 190 190 255 
-2.1545 -0.686608 8.14878 190 190 190 255 
-2.16399 -0.631117 8.21838 190 190 190 255 
-2.16399 -0.585024 8.29055 190 190 190 255 
-2.1545 -0.648371 8.22801 190 190 190 255 
-2.1545 -0.601015 8.30215 190 190 190 255 
-2.16399 -0.468981 8.4161 190 190 190 255 
-2.1545 -0.545239 8.37018 190 190 190 255 
-2.16399 -0.400655 8.46772 190 190 190 255 
-2.16399 -0.326696 8.51088 190 190 190 255 
-2.1545 -0.335613 8.52849 190 190 190 255 
-2.14855 -0.175497 8.60932 190 190 190 255 
-2.1545 -0.170652 8.58879 190 190 190 255 
-2.1545 -0.0839989 8.60392 190 190 190 255 
-2.14855 0.00396522 8.62976 190 190 190 255 
-2.14855 0.0942478 8.62393 190 190 190 255 
-2.1545 0.262143 8.56087 190 190 190 255 
-2.14855 0.26961 8.58058 190 190 190 255 
-2.1545 0.342474 8.52498 190 190 190 255 
-2.1545 0.487647 8.42609 190 190 190 255 
-2.14855 0.501498 8.442 190 190 190 255 
-2.1545 0.550451 8.36449 190 190 190 255 
-2.1545 0.605517 8.2959 190 190 190 255 
-2.14855 0.622729 8.30809 190 190 190 255 
-2.14855 0.670619 8.23135 190 190 190 255 
-2.1545 0.689523 8.14163 190 190 190 255 
-2.14855 0.709113 8.14946 190 190 190 255 
-2.1545 0.71726 8.05816 190 190 190 255 
-2.1545 0.725789 7.70945 190 190 190 255 
-2.14855 0.687662 7.53419 190 190 190 255 
-2.1545 0.625795 7.46654 190 190 190 255 
-2.14855 0.64357 7.45519 190 190 190 255 
-2.1545 0.514413 7.33074 190 190 190 255 
-2.14855 0.529028 7.31553 190 190 190 255 
-2.1545 0.447477 7.27366 190 190 190 255 
-2.14855 0.384904 7.20666 190 190 190 255 
-2.14855 0.304202 7.16576 190 190 190 255 
-2.1545 0.213164 7.15491 190 190 190 255 
-2.14855 0.219228 7.1347 190 190 190 255 
-2.1545 0.127553 7.13469 190 190 190 255 
-2.14855 0.131167 7.11392 190 190 190 255 
-2.14855 0.0412784 7.10368 190 190 190 255 
-2.1545 0.040136 7.12474 190 190 190 255 
-2.1545 -0.220546 7.15717 190 190 190 255 
-2.14855 -0.226798 7.13702 190 190 190 255 
-2.1545 -0.380895 7.22879 190 190 190 255 
-2.1545 -0.519948 7.3361 190 190 190 255 
-2.14855 -0.4665 7.26163 190 190 190 255 
-2.1545 -0.579003 7.40133 190 190 190 255 
-2.1545 -0.727377 7.71701 190 190 190 255 
-2.14855 -0.763143 7.89276 190 190 190 255 
-2.1545 -0.733784 7.9796 190 190 190 255 
-2.1545 -0.715224 8.0656 190 190 190 255 
-2.14855 -0.754646 7.98284 190 190 190 255 
-2.14855 -0.735537 8.07126 190 190 190 255 
-2.14855 -0.666788 8.23829 190 190 190 255 
-2.14855 -0.618094 8.31454 190 190 190 255 
-2.1545 -0.481803 8.43114 190 190 190 255 
-2.14855 -0.560735 8.38451 190 190 190 255 
-2.14855 -0.495496 8.44719 190 190 190 255 
-2.1545 -0.411599 8.48415 190 190 190 255 
-2.14855 -0.423294 8.50171 190 190 190 255 
-2.1545 -0.254917 8.56353 190 190 190 255 
-2.14855 -0.262163 8.58335 190 190 190 255 
-2.14632 -0.269649 8.60382 190 190 190 255 
-2.14855 -0.086371 8.62486 190 190 190 255 
-2.14632 -0.180524 8.63056 190 190 190 255 
-2.14855 0.18321 8.60746 190 190 190 255 
-2.14632 0.277292 8.601 190 190 190 255 
-2.14855 0.352201 8.5437 190 190 190 255 
-2.14855 0.429857 8.49729 190 190 190 255 
-2.14855 0.566074 8.37866 190 190 190 255 
-2.14632 0.689758 8.24179 190 190 190 255 
-2.14632 0.758696 8.06925 190 190 190 255 
-2.14855 0.73763 8.06362 190 190 190 255 
-2.14855 0.755817 7.97498 190 190 190 255 
-2.14855 0.76338 7.88482 190 190 190 255 
-2.14632 0.777393 7.97809 190 190 190 255 
-2.14632 0.785174 7.88536 190 190 190 255 
-2.14855 0.76022 7.79442 190 190 190 255 
-2.14855 0.746404 7.705 190 190 190 255 
-2.14632 0.742714 7.61077 190 190 190 255 
-2.14855 0.722094 7.61786 190 190 190 255 
-2.14632 0.707303 7.52471 190 190 190 255 
-2.14855 0.590447 7.38196 190 190 190 255 
-2.14632 0.607317 7.36812 190 190 190 255 
-2.14855 0.460188 7.25682 190 190 190 255 
-2.14632 0.395882 7.18784 190 190 190 255 
-2.14632 0.134915 7.09243 190 190 190 255 
-2.14855 -0.0491992 7.10416 190 190 190 255 
-2.14632 -0.0505909 7.08238 190 190 190 255 
-2.14855 -0.13898 7.11532 190 190 190 255 
-2.14855 -0.311458 7.16897 190 190 190 255 
-2.14855 -0.391723 7.21069 190 190 190 255 
-2.14855 -0.534723 7.32104 190 190 190 255 
-2.14632 -0.549991 7.30548 190 190 190 255 
-2.14855 -0.595439 7.38811 190 190 190 255 
-2.14632 -0.612447 7.37446 190 190 190 255 
-2.14855 -0.647807 7.46189 190 190 190 255 
-2.14855 -0.69108 7.54136 190 190 190 255 
-2.14855 -0.724644 7.62537 190 190 190 255 
-2.14632 -0.710802 7.53207 190 190 190 255 
-2.14632 -0.745329 7.61849 190 190 190 255 
-2.14632 -0.769387 7.70837 190 190 190 255 
-2.14855 -0.748032 7.71276 190 190 190 255 
-2.14855 -0.76092 7.8023 190 190 190 255 
-2.14632 -0.782648 7.80048 190 190 190 255 
-2.14632 -0.756554 8.07713 190 190 190 255 
-2.14855 -0.70613 8.15683 190 190 190 255 
-2.14855 -0.345145 8.5473 190 190 190 255 
-2.14632 -0.435371 8.51985 190 190 190 255 
-2.14632 -0.355015 8.56677 190 190 190 255 
-2.4003 -0.433285 8.62759 190 190 190 255 
-2.4003 0.512664 7.15613 190 190 190 255 
-2.4003 -0.0284135 6.99038 190 190 190 255 
-2.4003 -0.510928 8.46529 190 190 190 255 
-2.4003 -0.58664 8.51711 190 190 190 255 
-2.4003 0.814749 7.54341 190 190 190 255 
-2.4003 -0.143298 7.09191 190 190 190 255 
-2.4003 -0.122558 6.99901 190 190 190 255 
-2.4003 -0.578212 8.40067 190 190 190 255 
-2.4003 -0.67959 8.41963 190 190 190 255 
-2.4003 -0.637354 8.32851 190 190 190 255 
-2.4003 -0.170119 8.72597 190 190 190 255 
-2.4003 -0.180978 8.63249 190 190 190 255 
-2.4003 -0.234953 8.71045 190 190 190 255 
-2.4003 -0.251737 8.70504 190 190 190 255 
-2.4003 -0.270344 8.60571 190 190 190 255 
-2.4003 -0.300868 8.68921 190 190 190 255 
-2.4003 -0.355899 8.56853 190 190 190 255 
-2.4003 -0.348635 8.66967 190 190 190 255 
-2.4003 0.873479 7.93826 190 190 190 255 
-2.4003 0.87311 7.79486 190 190 190 255 
-2.4003 0.783913 7.79218 190 190 190 255 
-2.4003 0.787173 7.8854 190 190 190 255 
-2.4003 0.875558 7.88935 190 190 190 255 
-2.4003 0.860124 7.70118 190 190 190 255 
-2.4003 0.7446 7.61012 190 190 190 255 
-2.4003 0.804726 7.52072 190 190 190 255 
-2.4003 0.0298645 8.74196 190 190 190 255 
-2.4003 0.0284061 8.74196 190 190 190 255 
-2.4003 0.00409231 8.65355 190 190 190 255 
-2.4003 -0.0661287 8.73949 190 190 190 255 
-2.4003 0.865492 8.0044 190 190 190 255 
-2.4003 0.0661213 6.99285 190 190 190 255 
-2.4003 0.042557 7.07993 190 190 190 255 
-2.4003 -0.354802 7.06489 190 190 190 255 
-2.4003 -0.233864 7.11429 190 190 190 255 
-2.4003 -0.874034 7.92901 190 190 190 255 
-2.4003 -0.873117 7.93748 190 190 190 255 
-2.4003 -0.86673 7.99587 190 190 190 255 
-2.4003 0.228351 8.71237 190 190 190 255 
-2.4003 0.188928 8.63056 190 190 190 255 
-2.4003 0.679582 7.31271 190 190 190 255 
-2.4003 0.663623 7.44239 190 190 190 255 
-2.4003 0.719629 7.36584 190 190 190 255 
-2.4003 0.755484 7.42205 190 190 190 255 
-2.4003 -0.474674 7.12949 190 190 190 255 
-2.4003 -0.415668 7.0947 190 190 190 255 
-2.4003 -0.785729 7.47838 190 190 190 255 
-2.4003 -0.712621 7.53124 190 190 190 255 
-2.4003 -0.811066 7.5343 190 190 190 255 
-2.4003 -0.822446 7.56553 190 190 190 255 
-2.4003 -0.873467 7.79406 190 190 190 255 
-2.4003 -0.804714 8.2116 190 190 190 255 
-2.4003 -0.78732 8.25092 190 190 190 255 
-2.4003 -0.762929 8.29642 190 190 190 255 
-2.4003 -0.719616 8.36648 190 190 190 255 
-2.4003 -0.687577 8.2499 190 190 190 255 
-2.4003 -0.755492 8.31029 190 190 190 255 
-2.4003 0.12257 8.73331 190 190 190 255 
-2.4003 0.354814 8.66743 190 190 190 255 
-2.4003 0.305606 8.68708 190 190 190 255 
-2.4003 0.27801 8.60285 190 190 190 255 
-2.4003 0.47338 8.60375 190 190 190 255 
-2.4003 0.586652 7.21521 190 190 190 255 
-2.4003 0.545524 7.29836 190 190 190 255 
-2.4003 0.608859 7.36686 190 190 190 255 
-2.4003 0.251749 7.02728 190 190 190 255 
-2.4003 0.300861 7.04313 190 190 190 255 
-2.4003 0.363557 7.06876 190 190 190 255 
-2.4003 -0.614009 7.37322 190 190 190 255 
-2.4003 -0.714674 7.35889 190 190 190 255 
-2.4003 -0.739099 7.39615 190 190 190 255 
-2.4003 -0.751152 7.41454 190 190 190 255 
-2.4003 -0.747225 7.61786 190 190 190 255 
-2.4003 -0.834282 7.59803 190 190 190 255 
-2.4003 -0.868003 7.74873 190 190 190 255 
-2.4003 -0.784643 7.80032 190 190 190 255 
-2.4003 -0.8655 7.72794 190 190 190 255 
-2.4003 -0.771343 7.70798 190 190 190 255 
-2.4003 -0.852444 7.66266 190 190 190 255 
-2.4003 0.642125 8.32188 190 190 190 255 
-2.4003 0.811059 8.19804 190 190 190 255 
-2.4003 0.785741 8.25394 190 190 190 255 
-2.4003 0.691519 8.24273 190 190 190 255 
-2.4003 0.104449 6.99594 190 190 190 255 
-2.4003 0.159938 7.00473 190 190 190 255 
-2.4003 0.135253 7.09048 190 190 190 255 
-2.4003 0.226055 7.11191 190 190 190 255 
-2.4003 -0.684079 7.31922 190 190 190 255 
-2.4003 -0.673742 7.30581 190 190 190 255 
-2.4003 0.579645 8.52353 190 190 190 255 
-2.4003 0.517113 8.45996 190 190 190 255 
-2.4003 0.751145 8.3178 190 190 190 255 
-2.4003 -0.621285 7.24859 190 190 190 255 
-2.4003 -0.579652 7.20881 190 190 190 255 
-2.4003 0.731193 8.15831 190 190 190 255 
-2.4003 0.822439 8.16681 190 190 190 255 
-2.44629 -0.318227 8.7367 190 190 190 255 
-2.43762 -0.317679 8.7352 190 190 190 255 
-2.40499 -0.357275 8.68962 190 190 190 255 
-2.4003 -0.423491 8.63347 190 190 190 255 
-2.40049 -0.350518 8.67404 190 190 190 255 
-2.4003 -0.363544 8.66355 190 190 190 255 
-2.4003 -0.480551 8.59911 190 190 190 255 
-2.4003 -0.512652 8.57619 190 190 190 255 
-2.40049 -0.515506 8.58015 190 190 190 255 
-2.40049 -0.589457 8.52042 190 190 190 255 
-2.4003 -0.534864 8.56034 190 190 190 255 
-2.4003 -0.635243 8.46992 190 190 190 255 
-2.4003 -0.652937 8.44987 190 190 190 255 
-2.40049 -0.656545 8.45308 190 190 190 255 
-2.40049 -0.715977 8.3789 190 190 190 255 
-2.4003 -0.712272 8.37624 190 190 190 255 
-2.40049 -0.767067 8.29874 190 190 190 255 
-2.4003 -0.837858 8.12304 190 190 190 255 
-2.40049 -0.84195 8.1243 190 190 190 255 
-2.4003 -0.837163 8.12563 190 190 190 255 
-2.4003 -0.814757 8.18893 190 190 190 255 
-2.4003 -0.854447 8.06134 190 190 190 255 
-2.4003 -0.860112 8.03114 190 190 190 255 
-2.40049 -0.864868 8.03205 190 190 190 255 
-2.4003 -0.876339 7.86126 190 190 190 255 
-2.4003 -0.875546 7.84297 190 190 190 255 
-2.40049 -0.872677 7.74809 190 190 190 255 
-2.4003 -0.85051 7.6558 190 190 190 255 
-2.4003 -0.783281 7.47296 190 190 190 255 
-2.40049 -0.789692 7.47643 190 190 190 255 
-2.4003 -0.628405 7.25539 190 190 190 255 
-2.40049 -0.553984 7.18161 190 190 190 255 
-2.4003 -0.550959 7.18535 190 190 190 255 
-2.4003 -0.527996 7.16658 190 190 190 255 
-2.40049 -0.476982 7.12589 190 190 190 255 
-2.4003 -0.473387 7.12859 190 190 190 255 
-2.4003 -0.392205 7.0832 190 190 190 255 
-2.4003 -0.228359 7.01997 190 190 190 255 
-2.40049 -0.30725 7.04087 190 190 190 255 
-2.4003 -0.29211 7.03987 190 190 190 255 
-2.4003 -0.305613 7.04526 190 190 190 255 
-2.4003 -0.215392 7.017 190 190 190 255 
-2.40049 -0.216504 7.01255 190 190 190 255 
-2.4003 -0.163523 7.00513 190 190 190 255 
-2.4003 -0.0974138 6.99527 190 190 190 255 
-2.4003 -0.0298719 6.99038 190 190 190 255 
-2.40049 -0.0285466 6.986 190 190 190 255 
-2.4003 0.0377896 6.99057 190 190 190 255 
-2.4003 0.170111 7.00637 190 190 190 255 
-2.40049 0.160741 7.00033 190 190 190 255 
-2.4003 0.234945 7.02188 190 190 190 255 
-2.40049 0.253123 7.02271 190 190 190 255 
-2.44629 0.266429 6.9784 190 190 190 255 
-2.44629 0.0699835 6.94193 190 190 190 255 
-2.4511 0.0960897 6.94512 190 190 190 255 
-2.44629 0.169182 6.95487 190 190 190 255 
-2.44629 -0.129714 6.94841 190 190 190 255 
-2.4511 -0.129746 6.94819 190 190 190 255 
-2.4511 -0.0455883 6.9409 190 190 190 255 
-2.44629 -0.415122 7.03745 190 190 190 255 
-2.4511 -0.323462 6.99732 190 190 190 255 
-2.44629 -0.323389 6.99754 190 190 190 255 
-2.44629 -0.227872 6.96773 190 190 190 255 
-2.4511 -0.322896 6.99714 190 190 190 255 
-2.44629 -0.502026 7.08702 190 190 190 255 
-2.44629 -0.657346 7.21272 190 190 190 255 
-2.4511 -0.657498 7.21255 190 190 190 255 
-2.4511 -0.583218 7.14549 190 190 190 255 
-2.4511 -0.831369 7.45587 190 190 190 255 
-2.4511 -0.7823 7.36865 190 190 190 255 
-2.4511 -0.763135 7.34183 190 190 190 255 
-2.4511 -0.724123 7.28723 190 190 190 255 
-2.4511 -0.674243 7.23132 190 190 190 255 
-2.44629 -0.831164 7.45597 190 190 190 255 
-2.4511 -0.885617 7.59654 190 190 190 255 
-2.44629 -0.918508 7.7419 190 190 190 255 
-2.4511 -0.91873 7.74187 190 190 190 255 
-2.44629 -0.926538 7.84161 190 190 190 255 
-2.4511 -0.926769 7.84161 190 190 190 255 
-2.4511 -0.913669 8.01758 190 190 190 255 
-2.44629 -0.910288 8.04077 190 190 190 255 
-2.44629 -0.886167 8.13786 190 190 190 255 
-2.44629 -0.851716 8.23179 190 190 190 255 
-2.4511 -0.825126 8.28604 190 190 190 255 
-2.4511 -0.807546 8.32157 190 190 190 255 
-2.44629 -0.807352 8.32146 190 190 190 255 
-2.44629 -0.753573 8.40582 190 190 190 255 
-2.44629 -0.542573 8.61763 190 190 190 255 
-2.44629 -0.620401 8.55477 190 190 190 255 
-2.4511 -0.620561 8.55495 190 190 190 255 
-2.4511 -0.318303 8.73691 190 190 190 255 
-2.44629 -0.368929 8.71646 190 190 190 255 
-2.4511 -0.542714 8.61783 190 190 190 255 
-2.402 0.162327 6.99179 190 190 190 255 
-2.40049 0.066496 6.98804 190 190 190 255 
-2.402 0.0671403 6.97939 190 190 190 255 
-2.40049 -0.123256 6.99421 190 190 190 255 
-2.402 -0.218638 7.00413 190 190 190 255 
-2.402 -0.310283 7.03273 190 190 190 255 
-2.402 -0.398316 7.07104 190 190 190 255 
-2.40049 -0.394411 7.07879 190 190 190 255 
-2.402 -0.481688 7.11859 190 190 190 255 
-2.40049 -0.624543 7.24531 190 190 190 255 
-2.402 -0.630706 7.23919 190 190 190 255 
-2.40049 -0.687835 7.31626 190 190 190 255 
-2.402 -0.694613 7.31082 190 190 190 255 
-2.40049 -0.743086 7.39358 190 190 190 255 
-2.402 -0.750423 7.38893 190 190 190 255 
-2.40049 -0.827098 7.56381 190 190 190 255 
-2.40049 -0.854874 7.65473 190 190 190 255 
-2.402 -0.863304 7.65264 190 190 190 255 
-2.402 -0.881299 7.74694 190 190 190 255 
-2.40049 -0.880319 7.84284 190 190 190 255 
-2.402 -0.889011 7.84262 190 190 190 255 
-2.40049 -0.877711 7.93787 190 190 190 255 
-2.402 -0.850265 8.12686 190 190 190 255 
-2.402 -0.8172 8.21696 190 190 190 255 
-2.40049 -0.80923 8.21355 190 190 190 255 
-2.402 -0.663017 8.45887 190 190 190 255 
-2.40049 -0.435545 8.63155 190 190 190 255 
-2.402 -0.305321 8.70142 190 190 190 255 
-2.40499 -0.308172 8.70921 190 190 190 255 
-2.402 -0.353979 8.68201 190 190 190 255 
-2.402 -0.439847 8.6391 190 190 190 255 
-2.40499 -0.525438 8.59391 190 190 190 255 
-2.402 -0.520586 8.58718 190 190 190 255 
-2.402 -0.595263 8.52687 190 190 190 255 
-2.402 -0.723046 8.38396 190 190 190 255 
-2.402 -0.774638 8.30301 190 190 190 255 
-2.40499 -0.881554 8.03526 190 190 190 255 
-2.402 -0.87341 8.0337 190 190 190 255 
-2.402 -0.886374 7.93858 190 190 190 255 
-2.40499 -0.897298 7.84239 190 190 190 255 
-2.40499 -0.871354 7.65064 190 190 190 255 
-2.402 -0.835268 7.56084 190 190 190 255 
-2.402 -0.797493 7.47259 190 190 190 255 
-2.40499 -0.757429 7.38448 190 190 190 255 
-2.40499 -0.636594 7.23334 190 190 190 255 
-2.40499 -0.564676 7.16841 190 190 190 255 
-2.402 -0.559456 7.17486 190 190 190 255 
-2.40499 -0.402025 7.06361 190 190 190 255 
-2.40499 -0.220686 6.9961 190 190 190 255 
-2.40499 -0.125632 6.97739 190 190 190 255 
-2.402 -0.124468 6.9856 190 190 190 255 
-2.40499 -0.0291017 6.96903 190 190 190 255 
-2.402 -0.0288368 6.97732 190 190 190 255 
-2.40499 0.0677656 6.97111 190 190 190 255 
-2.402 0.255629 7.01438 190 190 190 255 
-2.40499 0.258022 7.00642 190 190 190 255 
-2.402 0.305334 7.0309 190 190 190 255 
-2.40049 0.302354 7.03906 190 190 190 255 
-2.40937 -0.447725 8.65295 190 190 190 255 
-2.40937 -0.529924 8.60012 190 190 190 255 
-2.40499 -0.443953 8.64632 190 190 190 255 
-2.40937 -0.605957 8.53874 190 190 190 255 
-2.40499 -0.600829 8.53305 190 190 190 255 
-2.40499 -0.669198 8.46439 190 190 190 255 
-2.40937 -0.674907 8.4695 190 190 190 255 
-2.40937 -0.735998 8.39323 190 190 190 255 
-2.40499 -0.729793 8.3888 190 190 190 255 
-2.40499 -0.781857 8.30708 190 190 190 255 
-2.40937 -0.83187 8.22327 190 190 190 255 
-2.40499 -0.824826 8.22024 190 190 190 255 
-2.40937 -0.865505 8.13152 190 190 190 255 
-2.40499 -0.858189 8.12928 190 190 190 255 
-2.40937 -0.889067 8.03669 190 190 190 255 
-2.40937 -0.902264 7.93987 190 190 190 255 
-2.40499 -0.894634 7.93925 190 190 190 255 
-2.40937 -0.904958 7.8422 190 190 190 255 
-2.40499 -0.889517 7.74583 190 190 190 255 
-2.40937 -0.878797 7.64882 190 190 190 255 
-2.40499 -0.843065 7.558 190 190 190 255 
-2.40937 -0.811799 7.46554 190 190 190 255 
-2.40499 -0.804929 7.46892 190 190 190 255 
-2.40937 -0.763877 7.38036 190 190 190 255 
-2.40499 -0.701096 7.30565 190 190 190 255 
-2.40499 -0.486187 7.11162 190 190 190 255 
-2.40937 -0.49032 7.10517 190 190 190 255 
-2.40937 -0.405443 7.05676 190 190 190 255 
-2.40499 -0.313175 7.02495 190 190 190 255 
-2.40937 -0.315856 7.01779 190 190 190 255 
-2.40499 0.163847 6.98363 190 190 190 255 
-2.40937 0.260204 6.99911 190 190 190 255 
-2.41501 -0.363029 8.70287 190 190 190 255 
-2.40937 -0.360327 8.69664 190 190 190 255 
-2.41501 -0.533901 8.60562 190 190 190 255 
-2.40937 -0.788522 8.31084 190 190 190 255 
-2.41501 -0.794438 8.31418 190 190 190 255 
-2.41501 -0.871984 8.1335 190 190 190 255 
-2.41501 -0.895724 8.03797 190 190 190 255 
-2.41501 -0.909022 7.94042 190 190 190 255 
-2.40937 -0.897097 7.74479 190 190 190 255 
-2.41501 -0.88538 7.64719 190 190 190 255 
-2.40937 -0.850253 7.55537 190 190 190 255 
-2.41501 -0.769596 7.37672 190 190 190 255 
-2.40937 -0.707076 7.30087 190 190 190 255 
-2.40937 -0.642018 7.22794 190 190 190 255 
-2.40937 -0.569497 7.16247 190 190 190 255 
-2.41501 -0.493996 7.09948 190 190 190 255 
-2.40937 -0.222571 6.98868 190 190 190 255 
-2.40937 -0.126704 6.96981 190 190 190 255 
-2.40937 -0.0293501 6.96138 190 190 190 255 
-2.40937 0.0683479 6.96348 190 190 190 255 
-2.40937 0.165241 6.97611 190 190 190 255 
-2.41501 0.262168 6.9926 190 190 190 255 
-2.42174 -0.365291 8.70809 190 190 190 255 
-2.41501 -0.451078 8.65885 190 190 190 255 
-2.41501 -0.610486 8.54377 190 190 190 255 
-2.41501 -0.679967 8.47402 190 190 190 255 
-2.41501 -0.741523 8.39719 190 190 190 255 
-2.41501 -0.8381 8.22594 190 190 190 255 
-2.42174 -0.843332 8.22818 190 190 190 255 
-2.42174 -0.914705 7.94088 190 190 190 255 
-2.41501 -0.911738 7.84202 190 190 190 255 
-2.42174 -0.917441 7.84187 190 190 190 255 
-2.41501 -0.903813 7.74388 190 190 190 255 
-2.42174 -0.909459 7.74311 190 190 190 255 
-2.41501 -0.856611 7.55303 190 190 190 255 
-2.42174 -0.822992 7.46001 190 190 190 255 
-2.41501 -0.817876 7.46253 190 190 190 255 
-2.42174 -0.71681 7.29306 190 190 190 255 
-2.41501 -0.712359 7.29662 190 190 190 255 
-2.41501 -0.646825 7.22316 190 190 190 255 
-2.42174 -0.577336 7.15275 190 190 190 255 
-2.41501 -0.573748 7.15718 190 190 190 255 
-2.41501 -0.408488 7.05071 190 190 190 255 
-2.41501 -0.318213 7.01142 190 190 190 255 
-2.42174 -0.320209 7.00609 190 190 190 255 
-2.41501 -0.224228 6.9821 190 190 190 255 
-2.42174 -0.128434 6.95743 190 190 190 255 
-2.41501 -0.127651 6.9631 190 190 190 255 
-2.41501 -0.0295614 6.95459 190 190 190 255 
-2.42174 -0.0297481 6.94889 190 190 190 255 
-2.41501 0.068854 6.95672 190 190 190 255 
-2.41501 0.166481 6.96944 190 190 190 255 
-2.42174 0.263802 6.98714 190 190 190 255 
-2.42174 -0.453907 8.66381 190 190 190 255 
-2.42935 -0.53984 8.61385 190 190 190 255 
-2.42174 -0.537229 8.61024 190 190 190 255 
-2.42174 -0.614296 8.54799 190 190 190 255 
-2.42935 -0.687536 8.48079 190 190 190 255 
-2.42174 -0.684221 8.47783 190 190 190 255 
-2.42935 -0.749768 8.40309 190 190 190 255 
-2.42174 -0.746155 8.40051 190 190 190 255 
-2.42935 -0.80328 8.31916 190 190 190 255 
-2.42174 -0.799398 8.31697 190 190 190 255 
-2.42935 -0.847431 8.22995 190 190 190 255 
-2.42174 -0.877446 8.13519 190 190 190 255 
-2.42935 -0.905692 8.03987 190 190 190 255 
-2.42174 -0.901331 8.03905 190 190 190 255 
-2.42935 -0.919143 7.94125 190 190 190 255 
-2.42935 -0.913888 7.74253 190 190 190 255 
-2.42174 -0.890908 7.64581 190 190 190 255 
-2.42935 -0.866147 7.54954 190 190 190 255 
-2.42174 -0.861975 7.55108 190 190 190 255 
-2.42935 -0.826981 7.45803 190 190 190 255 
-2.42935 -0.778164 7.37127 190 190 190 255 
-2.42935 -0.720301 7.29029 190 190 190 255 
-2.42174 -0.774414 7.37367 190 190 190 255 
-2.42935 -0.654033 7.21601 190 190 190 255 
-2.42935 -0.580153 7.14931 190 190 190 255 
-2.42174 -0.650879 7.21915 190 190 190 255 
-2.42935 -0.413044 7.04163 190 190 190 255 
-2.42174 -0.497088 7.09469 190 190 190 255 
-2.42174 -0.411035 7.0456 190 190 190 255 
-2.42174 -0.225647 6.97659 190 190 190 255 
-2.42174 0.0692977 6.95102 190 190 190 255 
-2.42174 0.167526 6.96382 190 190 190 255 
-2.42935 0.168326 6.95946 190 190 190 255 
-2.42935 0.265079 6.98288 190 190 190 255 
-2.42935 -0.367055 8.71217 190 190 190 255 
-2.43762 -0.45762 8.67034 190 190 190 255 
-2.42935 -0.456101 8.66767 190 190 190 255 
-2.43762 -0.541645 8.61635 190 190 190 255 
-2.42935 -0.617289 8.55132 190 190 190 255 
-2.43762 -0.805952 8.32067 190 190 190 255 
-2.42935 -0.881706 8.13649 190 190 190 255 
-2.42935 -0.921889 7.84175 190 190 190 255 
-2.43762 -0.924946 7.84166 190 190 190 255 
-2.43762 -0.916917 7.7421 190 190 190 255 
-2.42935 -0.895226 7.64474 190 190 190 255 
-2.43762 -0.829728 7.45667 190 190 190 255 
-2.43762 -0.722692 7.28836 190 190 190 255 
-2.43762 -0.58208 7.14692 190 190 190 255 
-2.42935 -0.49951 7.09096 190 190 190 255 
-2.43762 -0.414421 7.03889 190 190 190 255 
-2.43762 -0.322823 6.99902 190 190 190 255 
-2.42935 -0.321768 7.00192 190 190 190 255 
-2.43762 -0.227491 6.96929 190 190 190 255 
-2.42935 -0.226724 6.97225 190 190 190 255 
-2.42935 -0.129073 6.95304 190 190 190 255 
-2.43762 -0.0299885 6.94137 190 190 190 255 
-2.42935 -0.0299004 6.94445 190 190 190 255 
-2.43762 0.0698603 6.94353 190 190 190 255 
-2.42935 0.0696195 6.9466 190 190 190 255 
-2.43762 0.265965 6.97993 190 190 190 255 
-2.42935 0.316621 7.00002 190 190 190 255 
-2.43762 -0.368294 8.715 190 190 190 255 
-2.44629 -0.45842 8.67174 190 190 190 255 
-2.43762 -0.619344 8.5536 190 190 190 255 
-2.44629 -0.691007 8.48389 190 190 190 255 
-2.43762 -0.68982 8.48283 190 190 190 255 
-2.43762 -0.752278 8.4049 190 190 190 255 
-2.43762 -0.850255 8.23116 190 190 190 255 
-2.43762 -0.884632 8.13738 190 190 190 255 
-2.43762 -0.908705 8.04045 190 190 190 255 
-2.43762 -0.922207 7.9415 190 190 190 255 
-2.44629 -0.923789 7.94162 190 190 190 255 
-2.44629 -0.899763 7.64363 190 190 190 255 
-2.44629 -0.870526 7.54794 190 190 190 255 
-2.43762 -0.898205 7.644 190 190 190 255 
-2.43762 -0.869032 7.54849 190 190 190 255 
-2.44629 -0.78211 7.36878 190 190 190 255 
-2.43762 -0.780766 7.36963 190 190 190 255 
-2.44629 -0.723951 7.28738 190 190 190 255 
-2.43762 -0.656205 7.21384 190 190 190 255 
-2.44629 -0.583088 7.14568 190 190 190 255 
-2.43762 -0.501165 7.08837 190 190 190 255 
-2.43762 -0.129491 6.94999 190 190 190 255 
-2.44629 -0.0300432 6.93978 190 190 190 255 
-2.43762 0.168892 6.95644 190 190 190 255 
-2.44629 0.368921 7.01588 190 190 190 255 
-2.44629 0.31822 6.99564 190 190 190 255 
-2.42174 0.315102 7.00419 190 190 190 255 
-2.40937 0.360319 7.0357 190 190 190 255 
-2.40937 0.310797 7.01593 190 190 190 255 
-2.41501 0.313137 7.00955 190 190 190 255 
-2.40499 0.308184 7.0231 190 190 190 255 
-2.4003 0.433278 7.10475 190 190 190 255 
-2.4003 0.423503 7.09884 190 190 190 255 
-2.40049 0.435557 7.10077 190 190 190 255 
-2.40049 0.350511 7.0583 190 190 190 255 
-2.4003 0.348628 7.06267 190 190 190 255 
-2.4003 0.480543 7.13323 190 190 190 255 
-2.4003 0.534877 7.17197 190 190 190 255 
-2.40049 0.515498 7.15219 190 190 190 255 
-2.4003 0.635236 7.26242 190 190 190 255 
-2.4003 0.65293 7.28247 190 190 190 255 
-2.40049 0.656538 7.27925 190 190 190 255 
-2.40049 0.715969 7.35344 190 190 190 255 
-2.4003 0.712264 7.3561 190 190 190 255 
-2.4003 0.762922 7.43592 190 190 190 255 
-2.4003 0.837851 7.6093 190 190 190 255 
-2.4003 0.837156 7.60671 190 190 190 255 
-2.40049 0.809222 7.51879 190 190 190 255 
-2.4003 0.787313 7.48142 190 190 190 255 
-2.4003 0.85446 7.67098 190 190 190 255 
-2.4003 0.866723 7.73647 190 190 190 255 
-2.4003 0.876332 7.87108 190 190 190 255 
-2.4003 0.874046 7.8033 190 190 190 255 
-2.40049 0.880331 7.88948 190 190 190 255 
-2.40049 0.854867 8.07761 190 190 190 255 
-2.4003 0.852436 8.06968 190 190 190 255 
-2.4003 0.867995 7.98361 190 190 190 255 
-2.4003 0.850522 8.07651 190 190 190 255 
-2.4003 0.834274 8.13431 190 190 190 255 
-2.40049 0.789704 8.25589 190 190 190 255 
-2.4003 0.783273 8.25938 190 190 190 255 
-2.4003 0.739091 8.33619 190 190 190 255 
-2.4003 0.628398 8.47695 190 190 190 255 
-2.4003 0.673754 8.42651 190 190 190 255 
-2.4003 0.684091 8.4131 190 190 190 255 
-2.4003 0.714666 8.37345 190 190 190 255 
-2.4003 0.621278 8.48375 190 190 190 255 
-2.40049 0.553996 8.55071 190 190 190 255 
-2.4003 0.550971 8.54696 190 190 190 255 
-2.4003 0.527989 8.56575 190 190 190 255 
-2.4003 0.474666 8.60285 190 190 190 255 
-2.40049 0.476975 8.60645 190 190 190 255 
-2.40049 0.394423 8.65353 190 190 190 255 
-2.4003 0.392218 8.64911 190 190 190 255 
-2.4003 0.415661 8.63764 190 190 190 255 
-2.4003 0.215385 8.71534 190 190 190 255 
-2.40049 0.216516 8.71976 190 190 190 255 
-2.4003 0.292103 8.69247 190 190 190 255 
-2.4003 0.163515 8.72721 190 190 190 255 
-2.4003 0.0974064 8.73707 190 190 190 255 
-2.40049 0.123248 8.73813 190 190 190 255 
-2.4003 -0.0377774 8.74175 190 190 190 255 
-2.4003 -0.159926 8.72758 190 190 190 255 
-2.4003 -0.104457 8.7364 190 190 190 255 
-2.40049 -0.0664838 8.74428 190 190 190 255 
-2.40049 -0.160749 8.73201 190 190 190 255 
-2.44629 -0.266417 8.75392 190 190 190 255 
-2.4511 -0.266483 8.75413 190 190 190 255 
-2.4511 -0.166525 8.77805 190 190 190 255 
-2.4511 -0.169219 8.77768 190 190 190 255 
-2.4511 -0.0253323 8.79158 190 190 190 255 
-2.44629 -0.0699713 8.79038 190 190 190 255 
-2.4511 -0.0699859 8.79061 190 190 190 255 
-2.4511 0.129759 8.78413 190 190 190 255 
-2.4511 0.030055 8.79278 190 190 190 255 
-2.4511 0.502144 8.64551 190 190 190 255 
-2.44629 0.323382 8.7348 190 190 190 255 
-2.4511 0.323474 8.735 190 190 190 255 
-2.44629 0.657338 8.51962 190 190 190 255 
-2.4511 0.623468 8.5505 190 190 190 255 
-2.4511 0.65751 8.51977 190 190 190 255 
-2.4511 0.721516 8.44802 190 190 190 255 
-2.44629 0.782103 8.36356 190 190 190 255 
-2.4511 0.724115 8.4451 190 190 190 255 
-2.4511 0.800932 8.33056 190 190 190 255 
-2.4511 0.831362 8.27647 190 190 190 255 
-2.4511 0.870738 8.18448 190 190 190 255 
-2.4511 0.899987 8.08875 190 190 190 255 
-2.4511 0.904074 8.06733 190 190 190 255 
-2.44629 0.899755 8.08871 190 190 190 255 
-2.44629 0.9185 7.99044 190 190 190 255 
-2.44629 0.91028 7.69157 190 190 190 255 
-2.4511 0.92326 7.78512 190 190 190 255 
-2.44629 0.851708 7.50055 190 190 190 255 
-2.44629 0.88616 7.59448 190 190 190 255 
-2.4511 0.886368 7.59442 190 190 190 255 
-2.4511 0.807539 7.41077 190 190 190 255 
-2.4511 0.85192 7.50046 190 190 190 255 
-2.44629 0.753566 7.32652 190 190 190 255 
-2.4511 0.753762 7.32637 190 190 190 255 
-2.4511 0.620553 7.17739 190 190 190 255 
-2.4511 0.318295 6.99543 190 190 190 255 
-2.44629 0.458412 7.0606 190 190 190 255 
-2.4511 0.494675 7.08363 190 190 190 255 
-2.40049 -0.25313 8.70963 190 190 190 255 
-2.402 -0.255637 8.71796 190 190 190 255 
-2.402 -0.162334 8.74055 190 190 190 255 
-2.402 0.0288294 8.75502 190 190 190 255 
-2.40049 0.0285392 8.74634 190 190 190 255 
-2.402 0.12446 8.74674 190 190 190 255 
-2.402 0.21865 8.72819 190 190 190 255 
-2.40049 0.307262 8.69145 190 190 190 255 
-2.402 0.48168 8.61375 190 190 190 255 
-2.40049 0.624555 8.48701 190 190 190 255 
-2.40049 0.687827 8.41608 190 190 190 255 
-2.40049 0.743098 8.33873 190 190 190 255 
-2.402 0.750416 8.34341 190 190 190 255 
-2.40049 0.82711 8.1685 190 190 190 255 
-2.402 0.835261 8.1715 190 190 190 255 
-2.40049 0.872689 7.98422 190 190 190 255 
-2.402 0.889003 7.88972 190 190 190 255 
-2.40049 0.877703 7.79447 190 190 190 255 
-2.402 0.873403 7.69864 190 190 190 255 
-2.40049 0.864861 7.70029 190 190 190 255 
-2.40049 0.841943 7.60804 190 190 190 255 
-2.402 0.850258 7.60548 190 190 190 255 
-2.402 0.817212 7.51535 190 190 190 255 
-2.40049 0.767059 7.4336 190 190 190 255 
-2.402 0.723039 7.34838 190 190 190 255 
-2.40049 0.58945 7.21192 190 190 190 255 
-2.402 0.520598 7.14513 190 190 190 255 
-2.402 0.43984 7.09324 190 190 190 255 
-2.402 0.353972 7.05033 190 190 190 255 
-2.40499 0.357268 7.04272 190 190 190 255 
-2.40499 0.443946 7.08602 190 190 190 255 
-2.40499 0.600822 7.19929 190 190 190 255 
-2.402 0.595275 7.20545 190 190 190 255 
-2.402 0.66301 7.27347 190 190 190 255 
-2.40499 0.66921 7.26792 190 190 190 255 
-2.40499 0.729786 7.34354 190 190 190 255 
-2.402 0.774631 7.42933 190 190 190 255 
-2.402 0.886366 7.79376 190 190 190 255 
-2.40499 0.894647 7.79307 190 190 190 255 
-2.40499 0.89731 7.88993 190 190 190 255 
-2.402 0.881291 7.9854 190 190 190 255 
-2.40499 0.871366 8.08168 190 190 190 255 
-2.402 0.863317 8.07968 190 190 190 255 
-2.40499 0.843058 8.17434 190 190 190 255 
-2.402 0.797485 8.25975 190 190 190 255 
-2.40499 0.757421 8.34786 190 190 190 255 
-2.402 0.694606 8.42152 190 190 190 255 
-2.40499 0.636587 8.499 190 190 190 255 
-2.402 0.630719 8.49313 190 190 190 255 
-2.402 0.559449 8.55748 190 190 190 255 
-2.402 0.398308 8.6613 190 190 190 255 
-2.40499 0.402018 8.66873 190 190 190 255 
-2.40499 0.313187 8.70737 190 190 190 255 
-2.402 0.310276 8.69961 190 190 190 255 
-2.40499 0.220679 8.73624 190 190 190 255 
-2.40499 0.125625 8.75495 190 190 190 255 
-2.40499 0.0290943 8.76331 190 190 190 255 
-2.402 -0.0671476 8.75295 190 190 190 255 
-2.40499 -0.163854 8.74871 190 190 190 255 
-2.40499 -0.25801 8.7259 190 190 190 255 
-2.40049 -0.302342 8.69326 190 190 190 255 
-2.40937 0.447737 7.07936 190 190 190 255 
-2.40937 0.529936 7.1322 190 190 190 255 
-2.40499 0.52545 7.13841 190 190 190 255 
-2.40937 0.831862 7.50907 190 190 190 255 
-2.40499 0.781869 7.42524 190 190 190 255 
-2.40499 0.824838 7.51208 190 190 190 255 
-2.40937 0.865498 7.60082 190 190 190 255 
-2.40499 0.858182 7.60306 190 190 190 255 
-2.40937 0.88906 7.69565 190 190 190 255 
-2.40499 0.881547 7.69708 190 190 190 255 
-2.40499 0.88951 7.98651 190 190 190 255 
-2.40937 0.897089 7.98755 190 190 190 255 
-2.40937 0.811792 8.2668 190 190 190 255 
-2.40499 0.804921 8.26342 190 190 190 255 
-2.40499 0.701089 8.42669 190 190 190 255 
-2.40937 0.64203 8.50437 190 190 190 255 
-2.40499 0.564668 8.56393 190 190 190 255 
-2.40499 0.48618 8.62072 190 190 190 255 
-2.40937 0.490332 8.62714 190 190 190 255 
-2.40937 0.405455 8.67556 190 190 190 255 
-2.40937 0.315848 8.71455 190 190 190 255 
-2.40937 0.126697 8.76252 190 190 190 255 
-2.40499 -0.067773 8.76122 190 190 190 255 
-2.40937 -0.260212 8.73323 190 190 190 255 
-2.41501 0.363021 7.02947 190 190 190 255 
-2.41501 0.610478 7.18857 190 190 190 255 
-2.40937 0.605949 7.1936 190 190 190 255 
-2.41501 0.67996 7.25832 190 190 190 255 
-2.40937 0.6749 7.26284 190 190 190 255 
-2.41501 0.741515 7.33515 190 190 190 255 
-2.40937 0.73601 7.33908 190 190 190 255 
-2.40937 0.788534 7.42148 190 190 190 255 
-2.41501 0.794431 7.41816 190 190 190 255 
-2.41501 0.909015 7.79192 190 190 190 255 
-2.40937 0.902256 7.79247 190 190 190 255 
-2.40937 0.90495 7.89014 190 190 190 255 
-2.41501 0.91173 7.89032 190 190 190 255 
-2.41501 0.903825 7.98844 190 190 190 255 
-2.40937 0.878789 8.08352 190 190 190 255 
-2.40937 0.850245 8.17697 190 190 190 255 
-2.41501 0.817869 8.26981 190 190 190 255 
-2.41501 0.769608 8.3556 190 190 190 255 
-2.40937 0.763889 8.35196 190 190 190 255 
-2.40937 0.707068 8.43147 190 190 190 255 
-2.41501 0.57376 8.57513 190 190 190 255 
-2.41501 0.494008 8.63284 190 190 190 255 
-2.40937 0.56949 8.56987 190 190 190 255 
-2.41501 0.40848 8.68163 190 190 190 255 
-2.40937 0.222563 8.74366 190 190 190 255 
-2.40937 0.0293427 8.77096 190 190 190 255 
-2.40937 -0.0683553 8.76886 190 190 190 255 
-2.40937 -0.165249 8.75623 190 190 190 255 
-2.41501 -0.166488 8.7629 190 190 190 255 
-2.41501 -0.262156 8.73972 190 190 190 255 
-2.41501 0.45109 7.07347 190 190 190 255 
-2.42174 0.537241 7.12208 190 190 190 255 
-2.41501 0.533894 7.12672 190 190 190 255 
-2.42174 0.614309 7.18432 190 190 190 255 
-2.42174 0.684214 7.25451 190 190 190 255 
-2.42174 0.746148 7.33183 190 190 190 255 
-2.42174 0.79941 7.41535 190 190 190 255 
-2.42174 0.843344 7.50413 190 190 190 255 
-2.41501 0.838093 7.50639 190 190 190 255 
-2.41501 0.871996 7.59881 190 190 190 255 
-2.41501 0.895716 7.69437 190 190 190 255 
-2.42174 0.909471 7.98921 190 190 190 255 
-2.41501 0.885373 8.08515 190 190 190 255 
-2.41501 0.856603 8.17931 190 190 190 255 
-2.42174 0.822984 8.27233 190 190 190 255 
-2.42174 0.774407 8.35867 190 190 190 255 
-2.42174 0.716822 8.43926 190 190 190 255 
-2.41501 0.712371 8.4357 190 190 190 255 
-2.42174 0.577348 8.57957 190 190 190 255 
-2.41501 0.646837 8.50916 190 190 190 255 
-2.42174 0.411047 8.68672 190 190 190 255 
-2.42174 0.320201 8.72625 190 190 190 255 
-2.41501 0.318225 8.72089 190 190 190 255 
-2.42174 0.22564 8.75575 190 190 190 255 
-2.42174 0.128446 8.77488 190 190 190 255 
-2.41501 0.22424 8.75022 190 190 190 255 
-2.41501 0.127644 8.76924 190 190 190 255 
-2.41501 0.0295736 8.77773 190 190 190 255 
-2.42174 -0.0692855 8.7813 190 190 190 255 
-2.41501 -0.0688614 8.77562 190 190 190 255 
-2.42174 -0.263809 8.7452 190 190 190 255 
-2.41501 -0.313144 8.72279 190 190 190 255 
-2.40937 -0.310805 8.71641 190 190 190 255 
-2.42174 0.365284 7.02425 190 190 190 255 
-2.42174 0.4539 7.06853 190 190 190 255 
-2.42935 0.456113 7.06464 190 190 190 255 
-2.42935 0.687529 7.25155 190 190 190 255 
-2.42935 0.803273 7.41318 190 190 190 255 
-2.42174 0.877439 7.59715 190 190 190 255 
-2.42174 0.901324 7.69329 190 190 190 255 
-2.42174 0.914717 7.79143 190 190 190 255 
-2.42174 0.917433 7.89047 190 190 190 255 
-2.42935 0.921882 7.89059 190 190 190 255 
-2.42935 0.895238 8.08758 190 190 190 255 
-2.42174 0.8909 8.08653 190 190 190 255 
-2.42935 0.866159 8.18278 190 190 190 255 
-2.42174 0.861968 8.18126 190 190 190 255 
-2.42935 0.826974 8.2743 190 190 190 255 
-2.42935 0.654026 8.51633 190 190 190 255 
-2.42174 0.650872 8.51319 190 190 190 255 
-2.42935 0.580146 8.58303 190 190 190 255 
-2.42174 0.49708 8.63765 190 190 190 255 
-2.42935 0.413037 8.69071 190 190 190 255 
-2.42174 0.0297407 8.78345 190 190 190 255 
-2.42935 -0.0696269 8.78574 190 190 190 255 
-2.42174 -0.167514 8.76849 190 190 190 255 
-2.42935 -0.265087 8.74946 190 190 190 255 
-2.42174 -0.315089 8.72813 190 190 190 255 
-2.43762 0.317671 6.99714 190 190 190 255 
-2.43762 0.457632 7.06198 190 190 190 255 
-2.42935 0.367068 7.02015 190 190 190 255 
-2.43762 0.619336 7.17874 190 190 190 255 
-2.42935 0.539852 7.11847 190 190 190 255 
-2.42935 0.617281 7.18102 190 190 190 255 
-2.43762 0.689833 7.24949 190 190 190 255 
-2.42935 0.74978 7.32922 190 190 190 255 
-2.43762 0.884644 7.59493 190 190 190 255 
-2.42935 0.847423 7.50239 190 190 190 255 
-2.42935 0.881698 7.59584 190 190 190 255 
-2.43762 0.908717 7.69187 190 190 190 255 
-2.42935 0.905704 7.69244 190 190 190 255 
-2.43762 0.922199 7.79084 190 190 190 255 
-2.42935 0.919155 7.79107 190 190 190 255 
-2.43762 0.916929 7.99021 190 190 190 255 
-2.42935 0.91388 7.98981 190 190 190 255 
-2.43762 0.898217 8.08832 190 190 190 255 
-2.43762 0.869045 8.18383 190 190 190 255 
-2.43762 0.780758 8.36271 190 190 190 255 
-2.42935 0.778176 8.36105 190 190 190 255 
-2.43762 0.656218 8.51848 190 190 190 255 
-2.42935 0.720294 8.44205 190 190 190 255 
-2.42935 0.499502 8.64138 190 190 190 255 
-2.43762 0.501158 8.64397 190 190 190 255 
-2.43762 0.322835 8.73329 190 190 190 255 
-2.42935 0.321761 8.73042 190 190 190 255 
-2.42935 0.226736 8.76006 190 190 190 255 
-2.43762 0.129503 8.78233 190 190 190 255 
-2.42935 0.129066 8.7793 190 190 190 255 
-2.43762 0.0300007 8.79095 190 190 190 255 
-2.42935 0.029893 8.78789 190 190 190 255 
-2.43762 -0.168899 8.7759 190 190 190 255 
-2.42935 -0.168333 8.77288 190 190 190 255 
-2.42935 -0.316628 8.73232 190 190 190 255 
-2.43762 0.368286 7.01734 190 190 190 255 
-2.44629 0.542566 7.1147 190 190 190 255 
-2.43762 0.541637 7.11599 190 190 190 255 
-2.44629 0.620414 7.17755 190 190 190 255 
-2.44629 0.69102 7.24843 190 190 190 255 
-2.43762 0.752271 7.32744 190 190 190 255 
-2.44629 0.807345 7.41088 190 190 190 255 
-2.43762 0.805964 7.41165 190 190 190 255 
-2.43762 0.850248 7.50118 190 190 190 255 
-2.44629 0.923801 7.79069 190 190 190 255 
-2.44629 0.926551 7.89071 190 190 190 255 
-2.43762 0.924959 7.89066 190 190 190 255 
-2.44629 0.870538 8.18438 190 190 190 255 
-2.43762 0.82974 8.27565 190 190 190 255 
-2.44629 0.831156 8.27637 190 190 190 255 
-2.44629 0.723944 8.44495 190 190 190 255 
-2.43762 0.722704 8.44395 190 190 190 255 
-2.44629 0.58308 8.58666 190 190 190 255 
-2.44629 0.502018 8.64532 190 190 190 255 
-2.43762 0.582073 8.58542 190 190 190 255 
-2.44629 0.415134 8.69487 190 190 190 255 
-2.43762 0.414414 8.69345 190 190 190 255 
-2.44629 0.227884 8.76458 190 190 190 255 
-2.43762 0.227483 8.76305 190 190 190 255 
-2.44629 0.129727 8.78391 190 190 190 255 
-2.44629 0.0300358 8.79256 190 190 190 255 
-2.43762 -0.0698481 8.78879 190 190 190 255 
-2.44629 -0.169189 8.77747 190 190 190 255 
-2.43762 -0.265973 8.75241 190 190 190 255 
-2.4511 0.899047 7.64536 190 190 190 255 
-2.5781 0.871549 7.55007 190 190 190 255 
-2.4511 0.923858 7.92691 190 190 190 255 
-2.5781 0.926965 7.85019 190 190 190 255 
-2.4511 0.926781 7.89071 190 190 190 255 
-2.4511 0.924019 7.79069 190 190 190 255 
-2.4511 0.910504 7.69153 190 190 190 255 
-2.4511 0.918722 7.99047 190 190 190 255 
-2.5781 0.908015 8.05329 190 190 190 255 
-2.5781 0.741323 8.4229 190 190 190 255 
-2.5781 0.720737 8.44738 190 190 190 255 
-2.4511 0.862826 8.20296 190 190 190 255 
-2.4511 0.782292 8.36369 190 190 190 255 
-2.5781 0.675574 8.50108 190 190 190 255 
-2.5781 0.623551 8.55065 190 190 190 255 
-2.4511 0.58323 8.58683 190 190 190 255 
-2.5781 0.520377 8.63345 190 190 190 255 
-2.4511 0.512083 8.63832 190 190 190 255 
-2.5781 0.512187 8.63837 190 190 190 255 
-2.5781 0.432808 8.68604 190 190 190 255 
-2.5781 0.14314 8.78216 190 190 190 255 
-2.4511 0.116354 8.7853 190 190 190 255 
-2.4511 0.415234 8.69507 190 190 190 255 
-2.5781 0.387899 8.70667 190 190 190 255 
-2.4511 0.388039 8.70691 190 190 190 255 
-2.4511 0.25511 8.75633 190 190 190 255 
-2.4511 0.227927 8.76482 190 190 190 255 
-2.5781 0.0415173 8.79233 190 190 190 255 
-2.5781 -0.0253496 8.79164 190 190 190 255 
-2.5781 -0.0606333 8.79129 190 190 190 255 
-2.5781 -0.166471 8.77794 190 190 190 255 
-2.4511 -0.303704 8.74177 190 190 190 255 
-2.5781 -0.261459 8.75563 190 190 190 255 
-2.5781 -0.386992 7.0237 190 190 190 255 
-2.4511 -0.415222 7.03724 190 190 190 255 
-2.5781 -0.477326 7.07139 190 190 190 255 
-2.4511 -0.451134 7.05773 190 190 190 255 
-2.4511 -0.502152 7.08683 190 190 190 255 
-2.5781 -0.56186 7.12872 190 190 190 255 
-2.4511 -0.569634 7.13566 190 190 190 255 
-2.5781 -0.639574 7.195 190 190 190 255 
-2.5781 -0.709527 7.26944 190 190 190 255 
-2.5781 -0.763629 7.34148 190 190 190 255 
-2.5781 -0.770861 7.3511 190 190 190 255 
-2.5781 -0.834271 7.46437 190 190 190 255 
-2.5781 -0.864835 7.53214 190 190 190 255 
-2.4511 -0.834878 7.46408 190 190 190 255 
-2.4511 -0.870745 7.54786 190 190 190 255 
-2.4511 -0.899975 7.64356 190 190 190 255 
-2.5781 -0.916947 7.72935 190 190 190 255 
-2.5781 -0.917454 7.73472 190 190 190 255 
-2.4511 -0.91737 7.73475 190 190 190 255 
-2.5781 -0.924675 7.93318 190 190 190 255 
-2.4511 -0.925818 7.87628 190 190 190 255 
-2.4511 -0.924027 7.94165 190 190 190 255 
-2.5781 -0.911685 8.03449 190 190 190 255 
-2.4511 -0.910511 8.04081 190 190 190 255 
-2.4511 -0.886375 8.13792 190 190 190 255 
-2.4511 -0.880021 8.15528 190 190 190 255 
-2.5781 -0.852818 8.2298 190 190 190 255 
-2.4511 -0.851927 8.23188 190 190 190 255 
-2.5781 -0.825093 8.28603 190 190 190 255 
-2.5781 -0.807641 8.32141 190 190 190 255 
-2.4511 -0.75375 8.40595 190 190 190 255 
-2.4511 -0.752325 8.40774 190 190 190 255 
-2.4511 -0.691185 8.48405 190 190 190 255 
-2.5781 -0.688533 8.487 190 190 190 255 
-2.5781 -0.659972 8.51537 190 190 190 255 
-2.4511 -0.659967 8.51538 190 190 190 255 
-2.5781 -0.616068 8.55898 190 190 190 255 
-2.4511 -0.553514 8.60909 190 190 190 255 
-2.5781 -0.449651 8.67693 190 190 190 255 
-2.4511 -0.458523 8.67193 190 190 190 255 
-2.4511 -0.433453 8.68445 190 190 190 255 
-2.5781 -0.433603 8.68472 190 190 190 255 
-2.4511 -0.369014 8.71667 190 190 190 255 
-2.4511 0.169232 6.95464 190 190 190 255 
-2.4511 0.0699981 6.94171 190 190 190 255 
-2.4511 -0.0300624 6.93956 190 190 190 255 
-2.5781 -0.186412 6.95837 190 190 190 255 
-2.4511 -0.186206 6.9593 190 190 190 255 
-2.5781 -0.193381 6.95945 190 190 190 255 
-2.4511 -0.227935 6.96752 190 190 190 255 
-2.5781 -0.322467 6.99827 190 190 190 255 
-2.4511 0.855554 7.51039 190 190 190 255 
-2.5781 0.831483 7.45612 190 190 190 255 
-2.5781 0.790909 7.38413 190 190 190 255 
-2.4511 0.790685 7.38433 190 190 190 255 
-2.5781 0.781332 7.36713 190 190 190 255 
-2.5781 0.721684 7.28421 190 190 190 255 
-2.4511 0.70792 7.26917 190 190 190 255 
-2.5781 0.708078 7.26911 190 190 190 255 
-2.4511 0.691178 7.24829 190 190 190 255 
-2.5781 0.653292 7.20834 190 190 190 255 
-2.5781 0.608306 7.16834 190 190 190 255 
-2.4511 0.608767 7.16787 190 190 190 255 
-2.4511 0.542706 7.11451 190 190 190 255 
-2.5781 0.495321 7.08261 190 190 190 255 
-2.5781 0.493622 7.08141 190 190 190 255 
-2.4511 0.458535 7.06039 190 190 190 255 
-2.4511 0.369937 7.01613 190 190 190 255 
-2.4511 0.369006 7.01567 190 190 190 255 
-2.5781 0.31007 6.99245 190 190 190 255 
-2.5781 0.235569 6.97056 190 190 190 255 
-2.4511 0.266495 6.97818 190 190 190 255 
-2.4511 0.235594 6.9707 190 190 190 255 
-2.5781 0.576966 7.14046 190 190 190 255 
-2.58291 0.576818 7.14065 190 190 190 255 
-2.58291 0.721517 7.28434 190 190 190 255 
-2.5781 0.85478 7.51074 190 190 190 255 
-2.58291 0.83128 7.45621 190 190 190 255 
-2.5781 0.900194 7.6451 190 190 190 255 
-2.5781 0.901042 7.64786 190 190 190 255 
-2.5781 0.919582 7.74831 190 190 190 255 
-2.5781 0.922242 7.78518 190 190 190 255 
-2.5781 0.924058 7.92696 190 190 190 255 
-2.5781 0.923096 7.95226 190 190 190 255 
-2.58291 0.922859 7.95225 190 190 190 255 
-2.5781 0.881923 8.15204 190 190 190 255 
-2.5781 0.904307 8.06734 190 190 190 255 
-2.58291 0.797875 8.33786 190 190 190 255 
-2.5781 0.801696 8.33099 190 190 190 255 
-2.58291 0.844907 8.24724 190 190 190 255 
-2.5781 0.845131 8.24731 190 190 190 255 
-2.5781 0.862318 8.2028 190 190 190 255 
-2.58291 0.741132 8.42278 190 190 190 255 
-2.5781 0.798063 8.33798 190 190 190 255 
-2.5781 0.601623 8.57155 190 190 190 255 
-2.58291 0.52025 8.63326 190 190 190 255 
-2.58291 0.432707 8.68583 190 190 190 255 
-2.58291 0.339914 8.72845 190 190 190 255 
-2.5781 0.339989 8.72868 190 190 190 255 
-2.5781 0.255238 8.7568 190 190 190 255 
-2.58291 0.242981 8.76062 190 190 190 255 
-2.5781 0.243045 8.76084 190 190 190 255 
-2.5781 0.116289 8.78484 190 190 190 255 
-2.58291 0.0414965 8.79211 190 190 190 255 
-2.58291 -0.161985 8.77877 190 190 190 255 
-2.5781 -0.162033 8.779 190 190 190 255 
-2.5781 -0.303346 8.74078 190 190 190 255 
-2.58291 -0.261394 8.75541 190 190 190 255 
-2.58291 -0.35763 8.72125 190 190 190 255 
-2.5781 -0.357733 8.72148 190 190 190 255 
-2.5781 -0.553333 8.60885 190 190 190 255 
-2.5781 -0.536116 8.62255 190 190 190 255 
-2.58291 -0.615909 8.5588 190 190 190 255 
-2.5781 -0.752659 8.40749 190 190 190 255 
-2.5781 -0.752397 8.4078 190 190 190 255 
-2.58291 -0.852606 8.22971 190 190 190 255 
-2.5781 -0.887641 8.13377 190 190 190 255 
-2.5781 -0.879861 8.15522 190 190 190 255 
-2.58291 -0.887413 8.13369 190 190 190 255 
-2.58291 -0.924456 7.93318 190 190 190 255 
-2.58291 -0.91146 8.03445 190 190 190 255 
-2.5781 -0.913856 8.01761 190 190 190 255 
-2.5781 -0.926441 7.83106 190 190 190 255 
-2.5781 -0.92566 7.8763 190 190 190 255 
-2.58291 -0.864634 7.53224 190 190 190 255 
-2.5781 -0.885713 7.59653 190 190 190 255 
-2.5781 -0.896329 7.6293 190 190 190 255 
-2.58291 -0.770671 7.35123 190 190 190 255 
-2.5781 -0.822841 7.43903 190 190 190 255 
-2.58291 -0.709355 7.26959 190 190 190 255 
-2.5781 -0.673969 7.2316 190 190 190 255 
-2.58291 -0.639403 7.19515 190 190 190 255 
-2.5781 -0.569746 7.13545 190 190 190 255 
-2.58291 -0.561712 7.12889 190 190 190 255 
-2.5781 -0.451254 7.05763 190 190 190 255 
-2.58291 -0.477201 7.07158 190 190 190 255 
-2.58291 -0.386894 7.0239 190 190 190 255 
-2.58291 -0.291889 6.98645 190 190 190 255 
-2.5781 -0.291958 6.98624 190 190 190 255 
-2.58291 -0.0924553 6.94392 190 190 190 255 
-2.5781 -0.0455991 6.9416 190 190 190 255 
-2.5781 -0.0924632 6.94368 190 190 190 255 
-2.58291 -0.193341 6.95968 190 190 190 255 
-2.5781 0.111503 6.94579 190 190 190 255 
-2.5781 0.0961765 6.9448 190 190 190 255 
-2.58291 0.111463 6.94603 190 190 190 255 
-2.58291 0.00956075 6.93935 190 190 190 255 
-2.5781 0.00956659 6.93912 190 190 190 255 
-2.5781 0.212075 6.96364 190 190 190 255 
-2.5781 0.404306 7.03186 190 190 190 255 
-2.5781 0.369455 7.01729 190 190 190 255 
-2.62871 0.384032 7.07369 190 190 190 255 
-2.6289 0.466574 7.12441 190 190 190 255 
-2.62871 0.468888 7.12073 190 190 190 255 
-2.6289 0.545349 7.18023 190 190 190 255 
-2.62871 0.548041 7.17685 190 190 190 255 
-2.6289 0.617495 7.24439 190 190 190 255 
-2.62871 0.789803 7.47667 190 190 190 255 
-2.6289 0.823794 7.56739 190 190 190 255 
-2.62871 0.855871 7.65881 190 190 190 255 
-2.6289 0.851654 7.65984 190 190 190 255 
-2.62871 0.873485 7.75422 190 190 190 255 
-2.6289 0.869181 7.75478 190 190 190 255 
-2.6289 0.876174 7.85106 190 190 190 255 
-2.62871 0.880498 7.85099 190 190 190 255 
-2.6289 0.798818 8.22643 190 190 190 255 
-2.62871 0.802767 8.22822 190 190 190 255 
-2.62871 0.75806 8.31434 190 190 190 255 
-2.6289 0.700704 8.3924 190 190 190 255 
-2.6289 0.491869 8.5914 190 190 190 255 
-2.62871 0.494302 8.59498 190 190 190 255 
-2.6289 0.409085 8.64112 190 190 190 255 
-2.6289 0.321367 8.68141 190 190 190 255 
-2.62871 0.322954 8.68544 190 190 190 255 
-2.6289 0.229722 8.71182 190 190 190 255 
-2.6289 0.135305 8.73195 190 190 190 255 
-2.62871 0.135964 8.73625 190 190 190 255 
-2.62871 -0.0575906 8.74492 190 190 190 255 
-2.6289 -0.153153 8.72898 190 190 190 255 
-2.6289 -0.300868 8.68921 190 190 190 255 
-2.6289 -0.338123 8.6746 190 190 190 255 
-2.62871 -0.339796 8.6786 190 190 190 255 
-2.6289 -0.425011 8.63251 190 190 190 255 
-2.62871 -0.427109 8.63629 190 190 190 255 
-2.6289 -0.582301 8.52101 190 190 190 255 
-2.6289 -0.763381 8.29646 190 190 190 255 
-2.62871 -0.767154 8.29858 190 190 190 255 
-2.6289 -0.806075 8.20986 190 190 190 255 
-2.62871 -0.843156 8.12036 190 190 190 255 
-2.6289 -0.839009 8.11911 190 190 190 255 
-2.6289 -0.861744 8.02528 190 190 190 255 
-2.62871 -0.879994 7.83281 190 190 190 255 
-2.62871 -0.870986 7.7362 190 190 190 255 
-2.62871 -0.851409 7.64118 190 190 190 255 
-2.6289 -0.847228 7.6423 190 190 190 255 
-2.6289 -0.817445 7.55044 190 190 190 255 
-2.6289 -0.777757 7.46244 190 190 190 255 
-2.6289 -0.728612 7.37932 190 190 190 255 
-2.62871 -0.732223 7.37692 190 190 190 255 
-2.6289 -0.60452 7.23177 190 190 190 255 
-2.62871 -0.5337 7.16568 190 190 190 255 
-2.6289 -0.451155 7.11492 190 190 190 255 
-2.62871 -0.4534 7.11122 190 190 190 255 
-2.62871 -0.367588 7.06592 190 190 190 255 
-2.62871 -0.183693 7.0049 190 190 190 255 
-2.6289 -0.182785 7.00913 190 190 190 255 
-2.6289 -0.087401 6.99423 190 190 190 255 
-2.62871 0.00908346 6.98559 190 190 190 255 
-2.6289 0.00904971 6.98991 190 190 190 255 
-2.6289 0.300861 7.04313 190 190 190 255 
-2.6289 0.382148 7.07758 190 190 190 255 
-2.58291 0.309997 6.99266 190 190 190 255 
-2.59158 0.309458 6.99417 190 190 190 255 
-2.59158 0.403512 7.0335 190 190 190 255 
-2.58291 0.404195 7.03208 190 190 190 255 
-2.58291 0.493512 7.08159 190 190 190 255 
-2.59158 0.575834 7.14189 190 190 190 255 
-2.59158 0.652008 7.20964 190 190 190 255 
-2.59158 0.72027 7.28535 190 190 190 255 
-2.58291 0.653124 7.20851 190 190 190 255 
-2.58291 0.781147 7.36724 190 190 190 255 
-2.59158 0.829857 7.45691 190 190 190 255 
-2.58291 0.871329 7.55015 190 190 190 255 
-2.58291 0.900806 7.64793 190 190 190 255 
-2.59158 0.917769 7.74855 190 190 190 255 
-2.58291 0.91935 7.74834 190 190 190 255 
-2.58291 0.92674 7.85019 190 190 190 255 
-2.59158 0.921277 7.95209 190 190 190 255 
-2.58291 0.907806 8.05323 190 190 190 255 
-2.59158 0.843463 8.24657 190 190 190 255 
-2.58291 0.881706 8.15197 190 190 190 255 
-2.59158 0.796498 8.33705 190 190 190 255 
-2.58291 0.675403 8.50093 190 190 190 255 
-2.59158 0.674241 8.49984 190 190 190 255 
-2.58291 0.601472 8.57138 190 190 190 255 
-2.59158 0.519362 8.63193 190 190 190 255 
-2.59158 0.431958 8.68443 190 190 190 255 
-2.59158 0.242569 8.75908 190 190 190 255 
-2.58291 0.143106 8.78193 190 190 190 255 
-2.59158 0.041431 8.79051 190 190 190 255 
-2.58291 -0.0606201 8.79106 190 190 190 255 
-2.59158 -0.35703 8.7198 190 190 190 255 
-2.58291 -0.44953 8.67672 190 190 190 255 
-2.58291 -0.535976 8.62236 190 190 190 255 
-2.59158 -0.687174 8.48577 190 190 190 255 
-2.58291 -0.688376 8.48686 190 190 190 255 
-2.59158 -0.75117 8.40642 190 190 190 255 
-2.58291 -0.752463 8.40735 190 190 190 255 
-2.59158 -0.806046 8.32051 190 190 190 255 
-2.58291 -0.807427 8.32128 190 190 190 255 
-2.59158 -0.851143 8.22908 190 190 190 255 
-2.59158 -0.922865 7.93306 190 190 190 255 
-2.59158 -0.924609 7.83112 190 190 190 255 
-2.58291 -0.92621 7.83107 190 190 190 255 
-2.58291 -0.916723 7.72938 190 190 190 255 
-2.58291 -0.896116 7.62937 190 190 190 255 
-2.59158 -0.863133 7.53279 190 190 190 255 
-2.59158 -0.821232 7.43988 190 190 190 255 
-2.58291 -0.822635 7.43913 190 190 190 255 
-2.59158 -0.476371 7.07293 190 190 190 255 
-2.59158 -0.386229 7.02535 190 190 190 255 
-2.59158 -0.193007 6.96124 190 190 190 255 
-2.59158 -0.0922844 6.9455 190 190 190 255 
-2.59158 0.0095575 6.94093 190 190 190 255 
-2.58291 0.212019 6.96386 190 190 190 255 
-2.59985 0.308428 6.99706 190 190 190 255 
-2.59158 0.49266 7.08294 190 190 190 255 
-2.59985 0.491021 7.08555 190 190 190 255 
-2.59985 0.717889 7.28727 190 190 190 255 
-2.59985 0.827105 7.45827 190 190 190 255 
-2.59158 0.77979 7.36812 190 190 190 255 
-2.59158 0.869846 7.55068 190 190 190 255 
-2.59985 0.914724 7.74894 190 190 190 255 
-2.59158 0.89927 7.64829 190 190 190 255 
-2.59985 0.922073 7.85027 190 190 190 255 
-2.59158 0.925143 7.85022 190 190 190 255 
-2.59985 0.903237 8.05229 190 190 190 255 
-2.59158 0.906231 8.05292 190 190 190 255 
-2.59985 0.877278 8.15052 190 190 190 255 
-2.59158 0.88019 8.15148 190 190 190 255 
-2.59985 0.84066 8.24532 190 190 190 255 
-2.59985 0.79385 8.33549 190 190 190 255 
-2.59985 0.737411 8.41997 190 190 190 255 
-2.59158 0.739856 8.42182 190 190 190 255 
-2.59158 0.60044 8.57016 190 190 190 255 
-2.59158 0.339318 8.72698 190 190 190 255 
-2.59985 0.24176 8.75612 190 190 190 255 
-2.59158 0.142871 8.78034 190 190 190 255 
-2.59985 -0.060304 8.7864 190 190 190 255 
-2.59158 -0.0605065 8.78946 190 190 190 255 
-2.59985 -0.161172 8.77418 190 190 190 255 
-2.59158 -0.161703 8.77719 190 190 190 255 
-2.59158 -0.260956 8.75389 190 190 190 255 
-2.59985 -0.260082 8.75094 190 190 190 255 
-2.59985 -0.355841 8.71696 190 190 190 255 
-2.59158 -0.448763 8.67533 190 190 190 255 
-2.59158 -0.535059 8.62106 190 190 190 255 
-2.59158 -0.61484 8.5576 190 190 190 255 
-2.59985 -0.6128 8.55531 190 190 190 255 
-2.59985 -0.748684 8.40463 190 190 190 255 
-2.59985 -0.803374 8.319 190 190 190 255 
-2.59158 -0.885892 8.13324 190 190 190 255 
-2.59985 -0.882957 8.13236 190 190 190 255 
-2.59985 -0.906884 8.03362 190 190 190 255 
-2.59158 -0.90989 8.03416 190 190 190 255 
-2.59985 -0.919786 7.93282 190 190 190 255 
-2.59158 -0.915143 7.72962 190 190 190 255 
-2.59158 -0.894569 7.62977 190 190 190 255 
-2.59985 -0.860272 7.5339 190 190 190 255 
-2.59158 -0.769342 7.35211 190 190 190 255 
-2.59158 -0.708134 7.27061 190 190 190 255 
-2.59985 -0.636196 7.19854 190 190 190 255 
-2.59158 -0.638305 7.19631 190 190 190 255 
-2.59985 -0.558895 7.13261 190 190 190 255 
-2.59158 -0.56075 7.13016 190 190 190 255 
-2.59985 -0.290428 6.99089 190 190 190 255 
-2.59158 -0.291383 6.98796 190 190 190 255 
-2.59985 0.110911 6.95065 190 190 190 255 
-2.59158 0.111276 6.9476 190 190 190 255 
-2.59158 0.21166 6.96541 190 190 190 255 
-2.59985 0.210939 6.96842 190 190 190 255 
-2.59985 0.402161 7.03627 190 190 190 255 
-2.59985 0.573922 7.14429 190 190 190 255 
-2.60746 0.646705 7.21498 190 190 190 255 
-2.59985 0.649841 7.21182 190 190 190 255 
-2.60746 0.714425 7.29006 190 190 190 255 
-2.59985 0.7772 7.36977 190 190 190 255 
-2.60746 0.773454 7.37216 190 190 190 255 
-2.60746 0.86277 7.55325 190 190 190 255 
-2.59985 0.866942 7.55175 190 190 190 255 
-2.60746 0.891958 7.65006 190 190 190 255 
-2.59985 0.896287 7.64901 190 190 190 255 
-2.60746 0.910301 7.74951 190 190 190 255 
-2.60746 0.917623 7.85034 190 190 190 255 
-2.59985 0.918223 7.9518 190 190 190 255 
-2.60746 0.898864 8.0514 190 190 190 255 
-2.60746 0.873035 8.14916 190 190 190 255 
-2.60746 0.836605 8.24348 190 190 190 255 
-2.60746 0.733847 8.41729 190 190 190 255 
-2.59985 0.672007 8.49773 190 190 190 255 
-2.59985 0.598445 8.56783 190 190 190 255 
-2.60746 0.595555 8.56444 190 190 190 255 
-2.59985 0.517634 8.6294 190 190 190 255 
-2.60746 0.515132 8.62571 190 190 190 255 
-2.59985 0.430523 8.68171 190 190 190 255 
-2.59985 0.338203 8.72411 190 190 190 255 
-2.59985 0.142392 8.77731 190 190 190 255 
-2.60746 0.0411004 8.78299 190 190 190 255 
-2.59985 0.0413026 8.78744 190 190 190 255 
-2.60746 -0.160395 8.7698 190 190 190 255 
-2.60746 -0.445111 8.66875 190 190 190 255 
-2.59985 -0.447269 8.67264 190 190 190 255 
-2.60746 -0.530712 8.61493 190 190 190 255 
-2.60746 -0.609849 8.55199 190 190 190 255 
-2.59985 -0.533274 8.61855 190 190 190 255 
-2.59985 -0.6849 8.48372 190 190 190 255 
-2.60746 -0.799491 8.31681 190 190 190 255 
-2.60746 -0.844207 8.22612 190 190 190 255 
-2.59985 -0.848313 8.22787 190 190 190 255 
-2.60746 -0.878684 8.13106 190 190 190 255 
-2.60746 -0.902505 8.03281 190 190 190 255 
-2.60746 -0.917102 7.83141 190 190 190 255 
-2.59985 -0.921555 7.83125 190 190 190 255 
-2.59985 -0.912116 7.73008 190 190 190 255 
-2.59985 -0.891613 7.63057 190 190 190 255 
-2.60746 -0.88729 7.63169 190 190 190 255 
-2.60746 -0.856118 7.53551 190 190 190 255 
-2.60746 -0.814546 7.44333 190 190 190 255 
-2.59985 -0.818494 7.44128 190 190 190 255 
-2.60746 -0.76309 7.3563 190 190 190 255 
-2.59985 -0.766792 7.35382 190 190 190 255 
-2.59985 -0.705781 7.27258 190 190 190 255 
-2.60746 -0.472503 7.07939 190 190 190 255 
-2.59985 -0.474796 7.07557 190 190 190 255 
-2.59985 -0.384941 7.02814 190 190 190 255 
-2.60746 -0.383095 7.0322 190 190 190 255 
-2.59985 -0.19237 6.96425 190 190 190 255 
-2.60746 -0.191447 6.96861 190 190 190 255 
-2.60746 -0.0915379 6.95299 190 190 190 255 
-2.59985 -0.0919878 6.94856 190 190 190 255 
-2.59985 0.00951296 6.94402 190 190 190 255 
-2.60746 0.110369 6.95508 190 190 190 255 
-2.60746 0.306939 7.00126 190 190 190 255 
-2.60746 0.400223 7.04028 190 190 190 255 
-2.61419 0.485607 7.09415 190 190 190 255 
-2.60746 0.488642 7.08932 190 190 190 255 
-2.60746 0.571136 7.14779 190 190 190 255 
-2.61419 0.76864 7.37524 190 190 190 255 
-2.60746 0.823108 7.46024 190 190 190 255 
-2.61419 0.904646 7.75023 190 190 190 255 
-2.61419 0.911925 7.85044 190 190 190 255 
-2.60746 0.913795 7.95138 190 190 190 255 
-2.61419 0.908113 7.95086 190 190 190 255 
-2.61419 0.893279 8.05025 190 190 190 255 
-2.61419 0.867613 8.14739 190 190 190 255 
-2.60746 0.79002 8.33322 190 190 190 255 
-2.61419 0.664611 8.49077 190 190 190 255 
-2.60746 0.66877 8.49467 190 190 190 255 
-2.61419 0.591852 8.56011 190 190 190 255 
-2.61419 0.511934 8.62099 190 190 190 255 
-2.60746 0.428448 8.67777 190 190 190 255 
-2.61419 0.425789 8.67272 190 190 190 255 
-2.60746 0.336555 8.71999 190 190 190 255 
-2.61419 0.334481 8.71466 190 190 190 255 
-2.61419 0.239094 8.74632 190 190 190 255 
-2.60746 0.240594 8.75182 190 190 190 255 
-2.60746 0.141702 8.77292 190 190 190 255 
-2.61419 0.0408358 8.77731 190 190 190 255 
-2.60746 -0.0600094 8.78195 190 190 190 255 
-2.61419 -0.159399 8.76418 190 190 190 255 
-2.61419 -0.257211 8.74118 190 190 190 255 
-2.60746 -0.258822 8.74666 190 190 190 255 
-2.60746 -0.354118 8.71285 190 190 190 255 
-2.61419 -0.527402 8.61026 190 190 190 255 
-2.61419 -0.677363 8.47692 190 190 190 255 
-2.60746 -0.681599 8.48074 190 190 190 255 
-2.60746 -0.745058 8.40202 190 190 190 255 
-2.61419 -0.740434 8.3987 190 190 190 255 
-2.61419 -0.873224 8.12942 190 190 190 255 
-2.61419 -0.896894 8.03177 190 190 190 255 
-2.60746 -0.915346 7.9325 190 190 190 255 
-2.61419 -0.911407 7.83163 190 190 190 255 
-2.61419 -0.902063 7.73157 190 190 190 255 
-2.60746 -0.907702 7.73073 190 190 190 255 
-2.61419 -0.881791 7.63316 190 190 190 255 
-2.61419 -0.758357 7.35947 190 190 190 255 
-2.60746 -0.702366 7.27544 190 190 190 255 
-2.60746 -0.633128 7.20177 190 190 190 255 
-2.60746 -0.556194 7.13615 190 190 190 255 
-2.60746 -0.289026 6.99512 190 190 190 255 
-2.61419 -0.190241 6.97417 190 190 190 255 
-2.61419 -0.0909693 6.95866 190 190 190 255 
-2.61419 0.00941189 6.95417 190 190 190 255 
-2.60746 0.00947982 6.94845 190 190 190 255 
-2.61419 0.208622 6.9783 190 190 190 255 
-2.60746 0.209923 6.97275 190 190 190 255 
-2.61419 0.305031 7.00664 190 190 190 255 
-2.61419 0.397729 7.04542 190 190 190 255 
-2.61983 0.482012 7.09987 190 190 190 255 
-2.61983 0.563376 7.15756 190 190 190 255 
-2.61419 0.56759 7.15226 190 190 190 255 
-2.61419 0.642686 7.21902 190 190 190 255 
-2.61983 0.637909 7.22383 190 190 190 255 
-2.61419 0.709974 7.29365 190 190 190 255 
-2.61419 0.817985 7.46277 190 190 190 255 
-2.61419 0.857397 7.55521 190 190 190 255 
-2.61419 0.886399 7.65142 190 190 190 255 
-2.61983 0.897922 7.75109 190 190 190 255 
-2.61983 0.905134 7.85057 190 190 190 255 
-2.61983 0.901361 7.95023 190 190 190 255 
-2.61983 0.861149 8.14532 190 190 190 255 
-2.61983 0.825227 8.23835 190 190 190 255 
-2.61419 0.831412 8.24113 190 190 190 255 
-2.61983 0.779279 8.32686 190 190 190 255 
-2.61419 0.785108 8.33032 190 190 190 255 
-2.61419 0.729285 8.41387 190 190 190 255 
-2.61983 0.65966 8.48614 190 190 190 255 
-2.61983 0.587462 8.55493 190 190 190 255 
-2.61983 0.508128 8.61538 190 190 190 255 
-2.61983 0.23733 8.73977 190 190 190 255 
-2.61419 0.140819 8.76728 190 190 190 255 
-2.61983 0.139785 8.76057 190 190 190 255 
-2.61419 -0.0596397 8.77626 190 190 190 255 
-2.61419 -0.35191 8.70758 190 190 190 255 
-2.61419 -0.442348 8.66377 190 190 190 255 
-2.61419 -0.606066 8.54774 190 190 190 255 
-2.61983 -0.832725 8.22122 190 190 190 255 
-2.61419 -0.794531 8.31402 190 190 190 255 
-2.61419 -0.838966 8.22389 190 190 190 255 
-2.61983 -0.890229 8.03054 190 190 190 255 
-2.61983 -0.902902 7.9316 190 190 190 255 
-2.61419 -0.909674 7.9321 190 190 190 255 
-2.61983 -0.904629 7.83189 190 190 190 255 
-2.61983 -0.895367 7.73258 190 190 190 255 
-2.61419 -0.850805 7.53757 190 190 190 255 
-2.61419 -0.809487 7.44597 190 190 190 255 
-2.61983 -0.752719 7.36324 190 190 190 255 
-2.61419 -0.698009 7.27912 190 190 190 255 
-2.61419 -0.62918 7.20588 190 190 190 255 
-2.61983 -0.548622 7.14607 190 190 190 255 
-2.61419 -0.552727 7.14068 190 190 190 255 
-2.61419 -0.469569 7.08428 190 190 190 255 
-2.61983 -0.377883 7.04354 190 190 190 255 
-2.61419 -0.380703 7.03737 190 190 190 255 
-2.61419 -0.287224 7.00052 190 190 190 255 
-2.61983 -0.188835 6.98081 190 190 190 255 
-2.61983 0.00934257 6.96095 190 190 190 255 
-2.61983 0.108878 6.96746 190 190 190 255 
-2.61419 0.109689 6.96073 190 190 190 255 
-2.61983 0.302756 7.01303 190 190 190 255 
-2.61983 0.207074 6.9849 190 190 190 255 
-2.61983 0.394782 7.05151 190 190 190 255 
-2.62421 0.477931 7.10636 190 190 190 255 
-2.62421 0.632521 7.22926 190 190 190 255 
-2.62421 0.698736 7.30272 190 190 190 255 
-2.61983 0.704697 7.29791 190 190 190 255 
-2.62421 0.75649 7.38299 190 190 190 255 
-2.61983 0.762932 7.37888 190 190 190 255 
-2.61983 0.811903 7.46577 190 190 190 255 
-2.62421 0.805038 7.46916 190 190 190 255 
-2.62421 0.84384 7.56011 190 190 190 255 
-2.61983 0.851023 7.55752 190 190 190 255 
-2.61983 0.879823 7.653 190 190 190 255 
-2.62421 0.897483 7.8507 190 190 190 255 
-2.61983 0.886634 8.04889 190 190 190 255 
-2.62421 0.853885 8.14294 190 190 190 255 
-2.62421 0.772686 8.32297 190 190 190 255 
-2.62421 0.717748 8.4052 190 190 190 255 
-2.62421 0.654091 8.48089 190 190 190 255 
-2.61983 0.723855 8.40981 190 190 190 255 
-2.62421 0.503823 8.60905 190 190 190 255 
-2.61983 0.422626 8.66673 190 190 190 255 
-2.61983 0.33198 8.70837 190 190 190 255 
-2.62421 0.235312 8.73239 190 190 190 255 
-2.62421 0.0401999 8.76287 190 190 190 255 
-2.61983 0.0405394 8.77052 190 190 190 255 
-2.61983 -0.0591945 8.76949 190 190 190 255 
-2.61983 -0.158213 8.7575 190 190 190 255 
-2.61983 -0.255312 8.73469 190 190 190 255 
-2.62421 -0.346353 8.69427 190 190 190 255 
-2.61983 -0.349311 8.70134 190 190 190 255 
-2.61983 -0.439049 8.65783 190 190 190 255 
-2.61983 -0.523488 8.60474 190 190 190 255 
-2.61983 -0.601551 8.54266 190 190 190 255 
-2.62421 -0.596461 8.53693 190 190 190 255 
-2.61983 -0.672325 8.47238 190 190 190 255 
-2.61983 -0.73494 8.39475 190 190 190 255 
-2.61983 -0.788613 8.31068 190 190 190 255 
-2.62421 -0.825687 8.21822 190 190 190 255 
-2.61983 -0.866745 8.12748 190 190 190 255 
-2.62421 -0.882705 8.02915 190 190 190 255 
-2.62421 -0.896967 7.83216 190 190 190 255 
-2.62421 -0.837327 7.54276 190 190 190 255 
-2.61983 -0.87523 7.63489 190 190 190 255 
-2.61983 -0.844473 7.54001 190 190 190 255 
-2.61983 -0.803463 7.44908 190 190 190 255 
-2.62421 -0.796682 7.45262 190 190 190 255 
-2.61983 -0.69282 7.28349 190 190 190 255 
-2.61983 -0.624502 7.21079 190 190 190 255 
-2.62421 -0.619228 7.21634 190 190 190 255 
-2.62421 -0.543989 7.15217 190 190 190 255 
-2.62421 -0.462135 7.09665 190 190 190 255 
-2.61983 -0.466077 7.09009 190 190 190 255 
-2.62421 -0.374679 7.05049 190 190 190 255 
-2.62421 -0.282673 7.01422 190 190 190 255 
-2.61983 -0.285094 7.00697 190 190 190 255 
-2.62421 -0.187236 6.98829 190 190 190 255 
-2.62421 0.00926976 6.96859 190 190 190 255 
-2.61983 -0.0902983 6.96542 190 190 190 255 
-2.62421 0.107948 6.97507 190 190 190 255 
-2.62421 0.300214 7.02023 190 190 190 255 
-2.62421 0.391441 7.0584 190 190 190 255 
-2.62421 0.558604 7.16356 190 190 190 255 
-2.6272 0.553443 7.17005 190 190 190 255 
-2.6272 0.692281 7.30792 190 190 190 255 
-2.6272 0.836031 7.56295 190 190 190 255 
-2.6272 0.864317 7.65676 190 190 190 255 
-2.62421 0.872376 7.65481 190 190 190 255 
-2.6272 0.882104 7.75312 190 190 190 255 
-2.6272 0.889198 7.85083 190 190 190 255 
-2.62421 0.89033 7.75207 190 190 190 255 
-2.62421 0.893741 7.94952 190 190 190 255 
-2.62421 0.879142 8.04734 190 190 190 255 
-2.6272 0.810682 8.23179 190 190 190 255 
-2.62421 0.818255 8.23519 190 190 190 255 
-2.6272 0.765538 8.31876 190 190 190 255 
-2.6272 0.7111 8.40023 190 190 190 255 
-2.6272 0.648037 8.47521 190 190 190 255 
-2.62421 0.5825 8.54911 190 190 190 255 
-2.62421 0.419045 8.65997 190 190 190 255 
-2.62421 0.329169 8.70125 190 190 190 255 
-2.6272 0.326144 8.69352 190 190 190 255 
-2.6272 0.233146 8.72438 190 190 190 255 
-2.62421 0.138599 8.75301 190 190 190 255 
-2.6272 0.0398199 8.7546 190 190 190 255 
-2.62421 -0.058698 8.76186 190 190 190 255 
-2.6272 -0.15542 8.74179 190 190 190 255 
-2.62421 -0.156878 8.74997 190 190 190 255 
-2.6272 -0.250818 8.7194 190 190 190 255 
-2.62421 -0.25314 8.72734 190 190 190 255 
-2.6272 -0.431321 8.64389 190 190 190 255 
-2.62421 -0.43534 8.65114 190 190 190 255 
-2.6272 -0.514255 8.59171 190 190 190 255 
-2.62421 -0.519053 8.59848 190 190 190 255 
-2.6272 -0.590955 8.53074 190 190 190 255 
-2.62421 -0.66664 8.46726 190 190 190 255 
-2.6272 -0.660486 8.46171 190 190 190 255 
-2.6272 -0.721992 8.38544 190 190 190 255 
-2.62421 -0.728727 8.39028 190 190 190 255 
-2.6272 -0.818067 8.21498 190 190 190 255 
-2.62421 -0.781947 8.30692 190 190 190 255 
-2.6272 -0.851477 8.12288 190 190 190 255 
-2.62421 -0.859406 8.12525 190 190 190 255 
-2.6272 -0.886992 7.93045 190 190 190 255 
-2.62421 -0.895274 7.93106 190 190 190 255 
-2.62421 -0.887785 7.7337 190 190 190 255 
-2.62421 -0.867824 7.63684 190 190 190 255 
-2.6272 -0.829589 7.54575 190 190 190 255 
-2.62421 -0.746351 7.36749 190 190 190 255 
-2.62421 -0.686954 7.2884 190 190 190 255 
-2.6272 -0.53896 7.15877 190 190 190 255 
-2.6272 -0.37121 7.05802 190 190 190 255 
-2.6272 -0.280069 7.0221 190 190 190 255 
-2.62421 -0.089539 6.97304 190 190 190 255 
-2.62421 0.205324 6.99235 190 190 190 255 
-2.62871 0.294516 7.03625 190 190 190 255 
-2.6272 0.297438 7.02805 190 190 190 255 
-2.6272 0.387815 7.06587 190 190 190 255 
-2.6272 0.473514 7.11338 190 190 190 255 
-2.62871 0.620547 7.24132 190 190 190 255 
-2.6272 0.62667 7.23515 190 190 190 255 
-2.62871 0.685519 7.31337 190 190 190 255 
-2.6272 0.749501 7.38745 190 190 190 255 
-2.62871 0.742173 7.39214 190 190 190 255 
-2.6272 0.797595 7.47283 190 190 190 255 
-2.62871 0.827864 7.56592 190 190 190 255 
-2.6272 0.885474 7.94876 190 190 190 255 
-2.62871 0.876829 7.94794 190 190 190 255 
-2.62871 0.862509 8.04391 190 190 190 255 
-2.62871 0.837724 8.13771 190 190 190 255 
-2.6272 0.871013 8.04567 190 190 190 255 
-2.6272 0.84598 8.1404 190 190 190 255 
-2.62871 0.704157 8.39501 190 190 190 255 
-2.62871 0.641708 8.46926 190 190 190 255 
-2.62871 0.571461 8.5362 190 190 190 255 
-2.6272 0.577117 8.54279 190 190 190 255 
-2.6272 0.499166 8.60219 190 190 190 255 
-2.62871 0.411114 8.64495 190 190 190 255 
-2.6272 0.415168 8.65263 190 190 190 255 
-2.62871 0.230871 8.71599 190 190 190 255 
-2.62871 0.0394316 8.74591 190 190 190 255 
-2.6272 0.137317 8.74482 190 190 190 255 
-2.6272 -0.0581623 8.75359 190 190 190 255 
-2.62871 -0.153898 8.73323 190 190 190 255 
-2.62871 -0.248365 8.71106 190 190 190 255 
-2.6272 -0.343155 8.68662 190 190 190 255 
-2.62871 -0.509232 8.58463 190 190 190 255 
-2.62871 -0.585172 8.52424 190 190 190 255 
-2.62871 -0.654022 8.45588 190 190 190 255 
-2.62871 -0.714935 8.38036 190 190 190 255 
-2.6272 -0.774727 8.30285 190 190 190 255 
-2.62871 -0.810063 8.21156 190 190 190 255 
-2.62871 -0.865988 8.02605 190 190 190 255 
-2.6272 -0.874546 8.02765 190 190 190 255 
-2.62871 -0.878325 7.92982 190 190 190 255 
-2.6272 -0.888674 7.83247 190 190 190 255 
-2.6272 -0.879578 7.73492 190 190 190 255 
-2.6272 -0.859808 7.63896 190 190 190 255 
-2.62871 -0.821494 7.54889 190 190 190 255 
-2.6272 -0.789312 7.45644 190 190 190 255 
-2.62871 -0.781596 7.46043 190 190 190 255 
-2.6272 -0.739444 7.37209 190 190 190 255 
-2.62871 -0.673957 7.29934 190 190 190 255 
-2.6272 -0.680603 7.29374 190 190 190 255 
-2.62871 -0.607517 7.22864 190 190 190 255 
-2.6272 -0.61351 7.22235 190 190 190 255 
-2.6272 -0.457869 7.10377 190 190 190 255 
-2.62871 -0.277328 7.03034 190 190 190 255 
-2.6272 -0.185505 6.9964 190 190 190 255 
-2.62871 -0.0878429 6.98993 190 190 190 255 
-2.6272 -0.0887009 6.98128 190 190 190 255 
-2.6272 0.00917851 6.9769 190 190 190 255 
-2.62871 0.105915 6.99192 190 190 190 255 
-2.6272 0.106956 6.9833 190 190 190 255 
-2.6272 0.203429 7.00042 190 190 190 255 
-2.62871 0.201437 7.00888 190 190 190 255 
-2.6289 -0.50674 8.58111 190 190 190 255 
-2.6289 0.293071 7.04033 190 190 190 255 
-2.6289 -0.711409 8.37782 190 190 190 255 
-2.6289 -0.650811 8.45298 190 190 190 255 
-2.6289 0.78592 7.47859 190 190 190 255 
-2.6289 -0.247145 8.7069 190 190 190 255 
-2.6289 0.738512 7.39448 190 190 190 255 
-2.6289 0.682149 7.31609 190 190 190 255 
-2.6289 -0.365786 7.06986 190 190 190 255 
-2.6289 -0.874008 7.92951 190 190 190 255 
-2.6289 -0.87567 7.83298 190 190 190 255 
-2.6289 -0.866707 7.73685 190 190 190 255 
-2.6289 -0.275965 7.03446 190 190 190 255 
-2.6289 0.833604 8.13637 190 190 190 255 
-2.6289 0.858274 8.04302 190 190 190 255 
-2.6289 0.200456 7.01309 190 190 190 255 
-2.6289 0.10538 6.99623 190 190 190 255 
-2.6289 -0.670653 7.30214 190 190 190 255 
-2.6289 -0.531069 7.16912 190 190 190 255 
-2.6289 0.0392339 8.74159 190 190 190 255 
-2.6289 -0.0572993 8.74058 190 190 190 255 
-2.6289 0.872514 7.94754 190 190 190 255 
-2.6289 0.75434 8.31212 190 190 190 255 
-2.6289 0.638562 8.46628 190 190 190 255 
-2.6289 0.568662 8.53289 190 190 190 255 
-2.6289 -0.101602 20.9472 190 190 190 255 
1.27 -0.101599 20.7694 190 190 190 255 
2.6289 -0.101602 20.9472 190 190 190 255 
1.27 0.0507917 20.9472 190 190 190 255 
-1.27 -0.101602 20.9472 190 190 190 255 
-1.27 0.0507947 20.7694 190 190 190 255 
-2.6289 -0.101599 20.7694 190 190 190 255 
-2.6289 0.0507947 20.7694 190 190 190 255 
1.27 0.0842441 20.9499 190 190 190 255 
1.27 0.116787 20.9582 190 190 190 255 
2.6289 0.116787 20.9582 190 190 190 255 
2.6289 0.147507 20.9717 190 190 190 255 
2.6289 0.175615 20.99 190 190 190 255 
1.27 0.200296 21.0127 190 190 190 255 
1.27 0.220907 21.0392 190 190 190 255 
2.6289 0.200296 21.0127 190 190 190 255 
1.27 0.236886 21.0687 190 190 190 255 
2.6289 0.247775 21.1005 190 190 190 255 
1.27 0.247775 21.1005 190 190 190 255 
1.27 0.253297 21.1672 190 190 190 255 
2.6289 0.253297 21.1672 190 190 190 255 
1.27 0.247788 21.2002 190 190 190 255 
2.6289 0.220919 21.2615 190 190 190 255 
1.27 0.2003 21.288 190 190 190 255 
2.6289 0.2003 21.288 190 190 190 255 
2.6289 0.175598 21.3107 190 190 190 255 
2.6289 0.147511 21.3291 190 190 190 255 
1.27 0.0842353 21.3508 190 190 190 255 
1.27 0.0508001 21.3536 190 190 190 255 
-2.6289 0.0507917 20.9472 190 190 190 255 
-2.6289 0.116787 20.9582 190 190 190 255 
-1.27 0.116787 20.9582 190 190 190 255 
-2.6289 0.175615 20.99 190 190 190 255 
-1.27 0.175615 20.99 190 190 190 255 
-2.6289 0.200296 21.0127 190 190 190 255 
-2.6289 0.220907 21.0392 190 190 190 255 
-2.6289 0.236886 21.0687 190 190 190 255 
-1.27 0.220907 21.0392 190 190 190 255 
-2.6289 0.247775 21.1005 190 190 190 255 
-1.27 0.247775 21.1005 190 190 190 255 
-2.6289 0.253305 21.1336 190 190 190 255 
-1.27 0.253305 21.1336 190 190 190 255 
-1.27 0.253297 21.1672 190 190 190 255 
-2.6289 0.253297 21.1672 190 190 190 255 
-1.27 0.247788 21.2002 190 190 190 255 
-1.27 0.2003 21.288 190 190 190 255 
-2.6289 0.175598 21.3107 190 190 190 255 
-1.27 0.175598 21.3107 190 190 190 255 
-2.6289 0.147511 21.3291 190 190 190 255 
-1.27 0.116776 21.3426 190 190 190 255 
-2.6289 0.0842353 21.3508 190 190 190 255 
-1.27 0.0842353 21.3508 190 190 190 255 
-2.6289 0.0508077 20.3629 190 190 190 255 
-2.6289 0.116781 20.374 190 190 190 255 
-1.27 0.116781 20.374 190 190 190 255 
-2.6289 0.147523 20.3874 190 190 190 255 
-2.6289 0.17561 20.4058 190 190 190 255 
-1.27 0.17561 20.4058 190 190 190 255 
-2.6289 0.200291 20.4286 190 190 190 255 
-1.27 0.220902 20.4551 190 190 190 255 
-2.6289 0.23688 20.4846 190 190 190 255 
-1.27 0.23688 20.4846 190 190 190 255 
-2.6289 0.247791 20.5163 190 190 190 255 
-2.6289 0.253299 20.5494 190 190 190 255 
-1.27 0.247791 20.5163 190 190 190 255 
-2.6289 0.253313 20.5829 190 190 190 255 
-1.27 0.247783 20.616 190 190 190 255 
-2.6289 0.236879 20.6478 190 190 190 255 
-2.6289 0.220913 20.6773 190 190 190 255 
-2.6289 0.200294 20.7038 190 190 190 255 
-1.27 0.175613 20.7265 190 190 190 255 
-2.6289 0.175613 20.7265 190 190 190 255 
-2.6289 0.147506 20.7449 190 190 190 255 
-2.6289 0.116771 20.7584 190 190 190 255 
-1.27 0.116771 20.7584 190 190 190 255 
2.6289 0.0508077 20.3629 190 190 190 255 
1.27 0.0860762 20.3661 190 190 190 255 
2.6289 0.120308 20.3752 190 190 190 255 
1.27 0.152398 20.3902 190 190 190 255 
2.6289 0.152398 20.3902 190 190 190 255 
1.27 0.206468 20.4355 190 190 190 255 
1.27 0.226769 20.4646 190 190 190 255 
2.6289 0.206468 20.4355 190 190 190 255 
2.6289 0.226769 20.4646 190 190 190 255 
1.27 0.241755 20.4966 190 190 190 255 
1.27 0.250918 20.5309 190 190 190 255 
1.27 0.254007 20.5661 190 190 190 255 
1.27 0.250904 20.6015 190 190 190 255 
2.6289 0.254007 20.5661 190 190 190 255 
2.6289 0.241736 20.6357 190 190 190 255 
1.27 0.226784 20.6677 190 190 190 255 
1.27 0.181411 20.7218 190 190 190 255 
1.27 -0.101594 21.3535 190 190 190 255 
-2.6289 -0.101594 21.3535 190 190 190 255 
-2.6289 -0.101607 20.363 190 190 190 255 
-1.27 -0.101607 20.363 190 190 190 255 
1.27 -0.101607 20.363 190 190 190 255 
2.6289 -0.101607 20.363 190 190 190 255 
-2.6289 -0.101597 21.5314 190 190 190 255 
-2.6289 -0.101604 20.1852 190 190 190 255 
1.27 -0.101604 20.1852 190 190 190 255 
2.6289 -0.101597 21.5314 190 190 190 255 
1.27 0.0507971 21.5314 190 190 190 255 
2.6289 0.0507971 21.5314 190 190 190 255 
-1.27 0.0508106 20.1851 190 190 190 255 
1.27 0.0842495 21.5341 190 190 190 255 
1.27 0.116771 21.5424 190 190 190 255 
2.6289 0.116771 21.5424 190 190 190 255 
1.27 0.147512 21.5559 190 190 190 255 
1.27 0.200302 21.5969 190 190 190 255 
2.6289 0.200302 21.5969 190 190 190 255 
1.27 0.220912 21.6234 190 190 190 255 
1.27 0.236891 21.6529 190 190 190 255 
2.6289 0.236891 21.6529 190 190 190 255 
2.6289 0.247772 21.7845 190 190 190 255 
1.27 0.220903 21.8457 190 190 190 255 
1.27 0.200305 21.8722 190 190 190 255 
2.6289 0.200305 21.8722 190 190 190 255 
1.27 0.175603 21.8949 190 190 190 255 
1.27 0.147516 21.9133 190 190 190 255 
1.27 0.116782 21.9267 190 190 190 255 
2.6289 0.147516 21.9133 190 190 190 255 
1.27 0.0842407 21.935 190 190 190 255 
2.6289 0.0508055 21.9378 190 190 190 255 
-2.6289 0.0842495 21.5341 190 190 190 255 
-2.6289 0.116771 21.5424 190 190 190 255 
-1.27 0.116771 21.5424 190 190 190 255 
-2.6289 0.147512 21.5559 190 190 190 255 
-2.6289 0.175599 21.5742 190 190 190 255 
-1.27 0.175599 21.5742 190 190 190 255 
-2.6289 0.200302 21.5969 190 190 190 255 
-1.27 0.200302 21.5969 190 190 190 255 
-2.6289 0.236891 21.6529 190 190 190 255 
-1.27 0.220912 21.6234 190 190 190 255 
-1.27 0.236891 21.6529 190 190 190 255 
-2.6289 0.24778 21.6847 190 190 190 255 
-1.27 0.25331 21.7178 190 190 190 255 
-2.6289 0.253302 21.7514 190 190 190 255 
-1.27 0.247772 21.7845 190 190 190 255 
-2.6289 0.247772 21.7845 190 190 190 255 
-1.27 0.23689 21.8162 190 190 190 255 
-1.27 0.200305 21.8722 190 190 190 255 
-2.6289 0.175603 21.8949 190 190 190 255 
-1.27 0.175603 21.8949 190 190 190 255 
-1.27 0.147516 21.9133 190 190 190 255 
-2.6289 0.0842407 21.935 190 190 190 255 
-2.6289 0.0508023 19.7788 190 190 190 255 
-1.27 0.0508023 19.7788 190 190 190 255 
-2.6289 0.0842546 19.7815 190 190 190 255 
-1.27 0.0842546 19.7815 190 190 190 255 
-2.6289 0.116776 19.7898 190 190 190 255 
-1.27 0.116776 19.7898 190 190 190 255 
-1.27 0.147517 19.8032 190 190 190 255 
-2.6289 0.147517 19.8032 190 190 190 255 
-2.6289 0.236875 19.9004 190 190 190 255 
-1.27 0.236875 19.9004 190 190 190 255 
-2.6289 0.253315 19.9652 190 190 190 255 
-1.27 0.253315 19.9652 190 190 190 255 
-2.6289 0.253308 19.9987 190 190 190 255 
-1.27 0.253308 19.9987 190 190 190 255 
-2.6289 0.247777 20.0319 190 190 190 255 
-1.27 0.247777 20.0319 190 190 190 255 
-2.6289 0.220908 20.0931 190 190 190 255 
-1.27 0.220908 20.0931 190 190 190 255 
-2.6289 0.200289 20.1196 190 190 190 255 
-1.27 0.200289 20.1196 190 190 190 255 
-2.6289 0.175608 20.1423 190 190 190 255 
-1.27 0.175608 20.1423 190 190 190 255 
-2.6289 0.147522 20.1607 190 190 190 255 
-1.27 0.147522 20.1607 190 190 190 255 
-2.6289 0.116787 20.1741 190 190 190 255 
-1.27 0.116787 20.1741 190 190 190 255 
-2.6289 0.0508106 20.1851 190 190 190 255 
1.27 0.0860917 19.7818 190 190 190 255 
1.27 0.152393 19.806 190 190 190 255 
2.6289 0.152393 19.806 190 190 190 255 
2.6289 0.181423 19.8263 190 190 190 255 
1.27 0.206462 19.8513 190 190 190 255 
2.6289 0.206462 19.8513 190 190 190 255 
1.27 0.226785 19.8803 190 190 190 255 
2.6289 0.226785 19.8803 190 190 190 255 
2.6289 0.24175 19.9125 190 190 190 255 
1.27 0.250912 19.9467 190 190 190 255 
2.6289 0.250912 19.9467 190 190 190 255 
1.27 0.254002 19.982 190 190 190 255 
2.6289 0.254002 19.982 190 190 190 255 
1.27 0.25092 20.0172 190 190 190 255 
1.27 0.241752 20.0514 190 190 190 255 
2.6289 0.25092 20.0172 190 190 190 255 
2.6289 0.241752 20.0514 190 190 190 255 
2.6289 0.226779 20.0836 190 190 190 255 
1.27 0.226779 20.0836 190 190 190 255 
1.27 0.206454 20.1126 190 190 190 255 
2.6289 0.206454 20.1126 190 190 190 255 
2.6289 0.181405 20.1376 190 190 190 255 
1.27 0.152405 20.1579 190 190 190 255 
1.27 0.120292 20.1729 190 190 190 255 
2.6289 0.152405 20.1579 190 190 190 255 
1.27 0.0860853 20.1821 190 190 190 255 
2.6289 0.0860853 20.1821 190 190 190 255 
1.27 0.0508106 20.1851 190 190 190 255 
2.6289 0.0508106 20.1851 190 190 190 255 
-2.6289 -0.10161 21.9378 190 190 190 255 
-1.27 0.0508055 21.9378 190 190 190 255 
-2.6289 -0.101592 19.7787 190 190 190 255 
-1.27 -0.101592 19.7787 190 190 190 255 
1.27 -0.101592 19.7787 190 190 190 255 
2.6289 -0.101592 19.7787 190 190 190 255 
2.6289 -0.10161 21.9378 190 190 190 255 
1.27 -0.101591 22.1155 190 190 190 255 
2.6289 -0.101591 22.1155 190 190 190 255 
-1.27 -0.10161 21.9378 190 190 190 255 
-1.27 -0.101591 22.1155 190 190 190 255 
1.27 0.0508025 22.1156 190 190 190 255 
-2.6289 -0.101591 22.1155 190 190 190 255 
-2.6289 0.0508025 22.1156 190 190 190 255 
-2.6289 -0.10161 19.601 190 190 190 255 
2.6289 0.0508052 19.601 190 190 190 255 
2.6289 0.116776 22.1266 190 190 190 255 
1.27 0.175604 22.1584 190 190 190 255 
2.6289 0.147518 22.14 190 190 190 255 
2.6289 0.175604 22.1584 190 190 190 255 
1.27 0.220918 22.2076 190 190 190 255 
1.27 0.236875 22.2372 190 190 190 255 
2.6289 0.236875 22.2372 190 190 190 255 
2.6289 0.247786 22.2689 190 190 190 255 
1.27 0.253308 22.3355 190 190 190 255 
2.6289 0.253316 22.302 190 190 190 255 
1.27 0.236895 22.4004 190 190 190 255 
1.27 0.220908 22.4299 190 190 190 255 
2.6289 0.236895 22.4004 190 190 190 255 
2.6289 0.220908 22.4299 190 190 190 255 
2.6289 0.175608 22.4791 190 190 190 255 
2.6289 0.0842461 22.5192 190 190 190 255 
-2.6289 0.0842549 22.1183 190 190 190 255 
-2.6289 0.116776 22.1266 190 190 190 255 
-2.6289 0.147518 22.14 190 190 190 255 
-1.27 0.147518 22.14 190 190 190 255 
-2.6289 0.236875 22.2372 190 190 190 255 
-2.6289 0.253308 22.3355 190 190 190 255 
-1.27 0.253308 22.3355 190 190 190 255 
-2.6289 0.247777 22.3687 190 190 190 255 
-2.6289 0.236895 22.4004 190 190 190 255 
-1.27 0.236895 22.4004 190 190 190 255 
-2.6289 0.220908 22.4299 190 190 190 255 
-1.27 0.220908 22.4299 190 190 190 255 
-1.27 0.20029 22.4564 190 190 190 255 
-2.6289 0.20029 22.4564 190 190 190 255 
-1.27 0.175608 22.4791 190 190 190 255 
-2.6289 0.147522 22.4974 190 190 190 255 
-1.27 0.147522 22.4974 190 190 190 255 
-2.6289 0.0842461 22.5192 190 190 190 255 
-1.27 0.116787 22.5109 190 190 190 255 
-2.6289 0.0507969 19.1946 190 190 190 255 
-2.6289 0.0842492 19.1973 190 190 190 255 
-1.27 0.0507969 19.1946 190 190 190 255 
-1.27 0.0842492 19.1973 190 190 190 255 
-1.27 0.175598 19.2374 190 190 190 255 
-2.6289 0.236891 19.3161 190 190 190 255 
-1.27 0.236891 19.3161 190 190 190 255 
-2.6289 0.24778 19.3479 190 190 190 255 
-2.6289 0.253309 19.381 190 190 190 255 
-1.27 0.253302 19.4146 190 190 190 255 
-2.6289 0.253302 19.4146 190 190 190 255 
-1.27 0.247772 19.4477 190 190 190 255 
-1.27 0.236889 19.4794 190 190 190 255 
-2.6289 0.200305 19.5354 190 190 190 255 
-1.27 0.220902 19.5089 190 190 190 255 
-1.27 0.175603 19.5581 190 190 190 255 
-2.6289 0.147516 19.5765 190 190 190 255 
-1.27 0.147516 19.5765 190 190 190 255 
-2.6289 0.0842404 19.5982 190 190 190 255 
-1.27 0.0842404 19.5982 190 190 190 255 
2.6289 0.0860863 19.1976 190 190 190 255 
1.27 0.120297 19.2068 190 190 190 255 
2.6289 0.120297 19.2068 190 190 190 255 
2.6289 0.181418 19.2421 190 190 190 255 
1.27 0.181418 19.2421 190 190 190 255 
2.6289 0.22678 19.2962 190 190 190 255 
2.6289 0.241745 19.3283 190 190 190 255 
1.27 0.253996 19.3978 190 190 190 255 
2.6289 0.253996 19.3978 190 190 190 255 
2.6289 0.241747 19.4673 190 190 190 255 
1.27 0.226773 19.4994 190 190 190 255 
2.6289 0.226773 19.4994 190 190 190 255 
2.6289 0.181421 19.5534 190 190 190 255 
1.27 0.1524 19.5737 190 190 190 255 
2.6289 0.120308 19.5887 190 190 190 255 
1.27 0.0860799 19.5979 190 190 190 255 
-1.27 0.0507896 22.522 190 190 190 255 
-2.6289 0.0507896 22.522 190 190 190 255 
-1.27 -0.101597 19.1946 190 190 190 255 
2.6289 -0.101597 19.1946 190 190 190 255 
1.27 -0.101604 22.522 190 190 190 255 
2.6289 -0.101607 22.6998 190 190 190 255 
-2.6289 -0.101607 22.6998 190 190 190 255 
-1.27 -0.101594 19.0168 190 190 190 255 
-2.6289 -0.101597 19.1946 190 190 190 255 
1.27 -0.101597 19.1946 190 190 190 255 
-1.27 -0.101607 22.6998 190 190 190 255 
-1.27 0.0508079 22.6997 190 190 190 255 
-2.6289 0.0507998 19.0168 190 190 190 255 
2.6289 -0.101594 19.0168 190 190 190 255 
1.27 0.0508079 22.6997 190 190 190 255 
1.27 0.0842393 22.7026 190 190 190 255 
1.27 0.147502 22.7243 190 190 190 255 
2.6289 0.23688 22.8214 190 190 190 255 
1.27 0.247791 22.8531 190 190 190 255 
2.6289 0.247791 22.8531 190 190 190 255 
1.27 0.2533 22.8862 190 190 190 255 
1.27 0.253314 22.9197 190 190 190 255 
1.27 0.247783 22.9528 190 190 190 255 
2.6289 0.253314 22.9197 190 190 190 255 
2.6289 0.247783 22.9528 190 190 190 255 
1.27 0.220913 23.0141 190 190 190 255 
2.6289 0.236879 22.9846 190 190 190 255 
2.6289 0.220913 23.0141 190 190 190 255 
1.27 0.200295 23.0406 190 190 190 255 
2.6289 0.200295 23.0406 190 190 190 255 
1.27 0.175614 23.0633 190 190 190 255 
2.6289 0.175614 23.0633 190 190 190 255 
2.6289 0.147506 23.0817 190 190 190 255 
2.6289 0.116771 23.0952 190 190 190 255 
1.27 0.050795 23.1062 190 190 190 255 
-2.6289 0.0842393 22.7026 190 190 190 255 
-2.6289 0.116782 22.7108 190 190 190 255 
-1.27 0.17561 22.7426 190 190 190 255 
-1.27 0.200291 22.7654 190 190 190 255 
-2.6289 0.220902 22.7919 190 190 190 255 
-1.27 0.220902 22.7919 190 190 190 255 
-2.6289 0.23688 22.8214 190 190 190 255 
-2.6289 0.247791 22.8531 190 190 190 255 
-2.6289 0.253314 22.9197 190 190 190 255 
-2.6289 0.220913 23.0141 190 190 190 255 
-1.27 0.236879 22.9846 190 190 190 255 
-1.27 0.220913 23.0141 190 190 190 255 
-2.6289 0.175614 23.0633 190 190 190 255 
-1.27 0.175614 23.0633 190 190 190 255 
-2.6289 0.147506 23.0817 190 190 190 255 
-2.6289 0.116771 23.0952 190 190 190 255 
-1.27 0.116771 23.0952 190 190 190 255 
-1.27 0.0842515 23.1034 190 190 190 255 
-2.6289 0.050795 23.1062 190 190 190 255 
-1.27 0.0507914 18.6104 190 190 190 255 
-2.6289 0.0842438 18.6131 190 190 190 255 
-2.6289 0.116787 18.6214 190 190 190 255 
-2.6289 0.147507 18.6349 190 190 190 255 
-2.6289 0.175614 18.6532 190 190 190 255 
-1.27 0.175614 18.6532 190 190 190 255 
-1.27 0.200296 18.6759 190 190 190 255 
-2.6289 0.220907 18.7024 190 190 190 255 
-1.27 0.236885 18.7319 190 190 190 255 
-2.6289 0.247775 18.7637 190 190 190 255 
-2.6289 0.253304 18.7968 190 190 190 255 
-2.6289 0.253297 18.8304 190 190 190 255 
-2.6289 0.247788 18.8634 190 190 190 255 
-1.27 0.253297 18.8304 190 190 190 255 
-1.27 0.247788 18.8634 190 190 190 255 
-1.27 0.236884 18.8952 190 190 190 255 
-1.27 0.220918 18.9247 190 190 190 255 
-2.6289 0.220918 18.9247 190 190 190 255 
-1.27 0.2003 18.9512 190 190 190 255 
-2.6289 0.175619 18.9739 190 190 190 255 
-2.6289 0.147511 18.9923 190 190 190 255 
-1.27 0.147511 18.9923 190 190 190 255 
-1.27 0.116776 19.0058 190 190 190 255 
2.6289 0.116787 18.6214 190 190 190 255 
2.6289 0.147507 18.6349 190 190 190 255 
1.27 0.200296 18.6759 190 190 190 255 
1.27 0.220907 18.7024 190 190 190 255 
2.6289 0.236885 18.7319 190 190 190 255 
2.6289 0.247775 18.7637 190 190 190 255 
2.6289 0.253304 18.7968 190 190 190 255 
1.27 0.253297 18.8304 190 190 190 255 
2.6289 0.236884 18.8952 190 190 190 255 
2.6289 0.220918 18.9247 190 190 190 255 
2.6289 0.175619 18.9739 190 190 190 255 
1.27 0.147511 18.9923 190 190 190 255 
1.27 0.116776 19.0058 190 190 190 255 
2.6289 0.147511 18.9923 190 190 190 255 
1.27 0.0842559 19.014 190 190 190 255 
2.6289 0.0507998 19.0168 190 190 190 255 
2.6289 -0.101599 23.1062 190 190 190 255 
2.6289 0.050795 23.1062 190 190 190 255 
1.27 -0.101599 23.1062 190 190 190 255 
-2.6289 0.0507914 18.6104 190 190 190 255 
2.6289 -0.101602 18.6104 190 190 190 255 
1.27 -0.101602 23.284 190 190 190 255 
-2.6289 -0.101599 23.1062 190 190 190 255 
-1.27 -0.101599 23.1062 190 190 190 255 
-1.27 -0.101599 18.4326 190 190 190 255 
-2.6289 -0.101602 18.6104 190 190 190 255 
-1.27 -0.101602 18.6104 190 190 190 255 
2.6289 -0.101602 23.284 190 190 190 255 
-2.6289 0.050792 23.284 190 190 190 255 
-2.6289 -0.101599 18.4326 190 190 190 255 
2.6289 0.0507944 18.4326 190 190 190 255 
1.27 -0.101599 18.4326 190 190 190 255 
2.6289 0.050792 23.284 190 190 190 255 
2.6289 0.0860819 23.2871 190 190 190 255 
1.27 0.120292 23.2962 190 190 190 255 
1.27 0.181413 23.3315 190 190 190 255 
2.6289 0.181413 23.3315 190 190 190 255 
2.6289 0.206453 23.3566 190 190 190 255 
1.27 0.24174 23.4177 190 190 190 255 
1.27 0.250924 23.4519 190 190 190 255 
1.27 0.253992 23.4872 190 190 190 255 
2.6289 0.253992 23.4872 190 190 190 255 
1.27 0.250909 23.5225 190 190 190 255 
1.27 0.241742 23.5567 190 190 190 255 
2.6289 0.250909 23.5225 190 190 190 255 
1.27 0.226769 23.5888 190 190 190 255 
2.6289 0.241742 23.5567 190 190 190 255 
2.6289 0.226769 23.5888 190 190 190 255 
1.27 0.206465 23.6178 190 190 190 255 
2.6289 0.206465 23.6178 190 190 190 255 
1.27 0.181417 23.6428 190 190 190 255 
2.6289 0.181417 23.6428 190 190 190 255 
2.6289 0.152395 23.6632 190 190 190 255 
1.27 0.086075 23.6873 190 190 190 255 
2.6289 0.120304 23.6781 190 190 190 255 
2.6289 0.086075 23.6873 190 190 190 255 
2.6289 0.0508004 23.6904 190 190 190 255 
-1.27 0.050792 23.284 190 190 190 255 
-1.27 0.120292 23.2962 190 190 190 255 
-2.6289 0.152404 23.3112 190 190 190 255 
-2.6289 0.181413 23.3315 190 190 190 255 
-1.27 0.181413 23.3315 190 190 190 255 
-2.6289 0.226775 23.3856 190 190 190 255 
-1.27 0.24174 23.4177 190 190 190 255 
-1.27 0.250924 23.4519 190 190 190 255 
-2.6289 0.253992 23.4872 190 190 190 255 
-1.27 0.253992 23.4872 190 190 190 255 
-1.27 0.250909 23.5225 190 190 190 255 
-1.27 0.241742 23.5567 190 190 190 255 
-1.27 0.226769 23.5888 190 190 190 255 
-2.6289 0.206465 23.6178 190 190 190 255 
-1.27 0.206465 23.6178 190 190 190 255 
-2.6289 0.181417 23.6428 190 190 190 255 
-1.27 0.152395 23.6632 190 190 190 255 
-2.6289 0.086075 23.6873 190 190 190 255 
-1.27 0.0508004 23.6904 190 190 190 255 
-1.27 0.0842384 18.029 190 190 190 255 
-1.27 0.116781 18.0372 190 190 190 255 
-2.6289 0.23688 18.1478 190 190 190 255 
-1.27 0.23688 18.1478 190 190 190 255 
-1.27 0.24779 18.1795 190 190 190 255 
-2.6289 0.24779 18.1795 190 190 190 255 
-2.6289 0.253299 18.2126 190 190 190 255 
-1.27 0.247782 18.2792 190 190 190 255 
-1.27 0.236878 18.311 190 190 190 255 
-1.27 0.220913 18.3405 190 190 190 255 
-1.27 0.200294 18.367 190 190 190 255 
-1.27 0.175613 18.3897 190 190 190 255 
-2.6289 0.147505 18.4081 190 190 190 255 
-1.27 0.0842508 18.4298 190 190 190 255 
1.27 0.116781 18.0372 190 190 190 255 
2.6289 0.23688 18.1478 190 190 190 255 
1.27 0.253313 18.2461 190 190 190 255 
2.6289 0.253313 18.2461 190 190 190 255 
1.27 0.247782 18.2792 190 190 190 255 
1.27 0.236878 18.311 190 190 190 255 
2.6289 0.236878 18.311 190 190 190 255 
2.6289 0.220913 18.3405 190 190 190 255 
1.27 0.175613 18.3897 190 190 190 255 
2.6289 0.175613 18.3897 190 190 190 255 
1.27 0.11677 18.4216 190 190 190 255 
2.6289 0.0842508 18.4298 190 190 190 255 
1.27 0.0507944 18.4326 190 190 190 255 
1.27 -0.101593 23.6903 190 190 190 255 
-1.27 -0.101593 23.6903 190 190 190 255 
-2.6289 -0.101593 23.6903 190 190 190 255 
-2.6289 0.0508004 23.6904 190 190 190 255 
-2.6289 0.0508072 18.0261 190 190 190 255 
-1.27 -0.101608 18.0262 190 190 190 255 
2.6289 -0.101608 18.0262 190 190 190 255 
-2.6289 -0.101605 17.8484 190 190 190 255 
-2.6289 -0.101608 18.0262 190 190 190 255 
1.27 -0.101605 17.8484 190 190 190 255 
2.6289 -0.101596 23.8682 190 190 190 255 
1.27 0.0507974 23.8682 190 190 190 255 
-2.6289 0.0507974 23.8682 190 190 190 255 
-1.27 -0.101596 23.8682 190 190 190 255 
2.6289 0.0860873 23.8712 190 190 190 255 
1.27 0.120298 23.8804 190 190 190 255 
1.27 0.152409 23.8954 190 190 190 255 
2.6289 0.226781 23.9698 190 190 190 255 
1.27 0.241746 24.0019 190 190 190 255 
2.6289 0.241746 24.0019 190 190 190 255 
1.27 0.250908 24.0361 190 190 190 255 
2.6289 0.250908 24.0361 190 190 190 255 
1.27 0.241747 24.1409 190 190 190 255 
1.27 0.226774 24.173 190 190 190 255 
2.6289 0.226774 24.173 190 190 190 255 
1.27 0.1524 24.2473 190 190 190 255 
1.27 0.120309 24.2623 190 190 190 255 
2.6289 0.1524 24.2473 190 190 190 255 
2.6289 0.120309 24.2623 190 190 190 255 
2.6289 0.0860808 24.2715 190 190 190 255 
-2.6289 0.181419 23.9157 190 190 190 255 
-2.6289 0.226781 23.9698 190 190 190 255 
-1.27 0.226781 23.9698 190 190 190 255 
-2.6289 0.250915 24.1066 190 190 190 255 
-1.27 0.250915 24.1066 190 190 190 255 
-2.6289 0.241747 24.1409 190 190 190 255 
-1.27 0.241747 24.1409 190 190 190 255 
-1.27 0.226774 24.173 190 190 190 255 
-1.27 0.206471 24.202 190 190 190 255 
-2.6289 0.181422 24.227 190 190 190 255 
-2.6289 0.120309 24.2623 190 190 190 255 
-1.27 0.120309 24.2623 190 190 190 255 
-2.6289 0.0508062 24.2745 190 190 190 255 
-1.27 0.0860808 24.2715 190 190 190 255 
-1.27 0.0508062 24.2745 190 190 190 255 
-2.6289 0.175603 17.4848 190 190 190 255 
-2.6289 0.200307 17.5075 190 190 190 255 
-1.27 0.175603 17.4848 190 190 190 255 
-1.27 0.200307 17.5075 190 190 190 255 
-2.6289 0.220917 17.534 190 190 190 255 
-1.27 0.220917 17.534 190 190 190 255 
-2.6289 0.247785 17.5953 190 190 190 255 
-1.27 0.253315 17.6284 190 190 190 255 
-2.6289 0.247777 17.6951 190 190 190 255 
-1.27 0.247777 17.6951 190 190 190 255 
-2.6289 0.236894 17.7268 190 190 190 255 
-1.27 0.236894 17.7268 190 190 190 255 
-2.6289 0.220907 17.7563 190 190 190 255 
-1.27 0.220907 17.7563 190 190 190 255 
-1.27 0.200289 17.7828 190 190 190 255 
-1.27 0.147521 17.8239 190 190 190 255 
-2.6289 0.116786 17.8373 190 190 190 255 
-2.6289 0.0842453 17.8456 190 190 190 255 
-1.27 0.0842453 17.8456 190 190 190 255 
2.6289 0.116775 17.453 190 190 190 255 
1.27 0.116775 17.453 190 190 190 255 
1.27 0.147517 17.4664 190 190 190 255 
1.27 0.200307 17.5075 190 190 190 255 
2.6289 0.175603 17.4848 190 190 190 255 
2.6289 0.200307 17.5075 190 190 190 255 
2.6289 0.220917 17.534 190 190 190 255 
1.27 0.253315 17.6284 190 190 190 255 
1.27 0.253307 17.6619 190 190 190 255 
2.6289 0.253315 17.6284 190 190 190 255 
2.6289 0.253307 17.6619 190 190 190 255 
1.27 0.236894 17.7268 190 190 190 255 
2.6289 0.236894 17.7268 190 190 190 255 
2.6289 0.220907 17.7563 190 190 190 255 
1.27 0.200289 17.7828 190 190 190 255 
2.6289 0.200289 17.7828 190 190 190 255 
2.6289 0.116786 17.8373 190 190 190 255 
2.6289 0.0842453 17.8456 190 190 190 255 
1.27 0.0842453 17.8456 190 190 190 255 
1.27 0.0508062 24.2745 190 190 190 255 
-1.27 -0.101609 24.2746 190 190 190 255 
-2.6289 -0.101609 24.2746 190 190 190 255 
-2.6289 -0.101592 17.4419 190 190 190 255 
-1.27 -0.101592 17.4419 190 190 190 255 
-2.6289 0.0508018 17.442 190 190 190 255 
-1.27 -0.101591 24.4523 190 190 190 255 
-2.6289 -0.10161 17.2642 190 190 190 255 
1.27 -0.101592 17.4419 190 190 190 255 
2.6289 -0.10161 17.2642 190 190 190 255 
1.27 0.0508032 24.4524 190 190 190 255 
-2.6289 0.0508032 24.4524 190 190 190 255 
-1.27 0.0508032 24.4524 190 190 190 255 
-1.27 -0.10161 17.2642 190 190 190 255 
1.27 -0.10161 17.2642 190 190 190 255 
2.6289 0.0508047 17.2642 190 190 190 255 
2.6289 0.0508032 24.4524 190 190 190 255 
2.6289 0.0860927 24.4554 190 190 190 255 
1.27 0.152393 24.4796 190 190 190 255 
2.6289 0.120303 24.4646 190 190 190 255 
2.6289 0.181424 24.4999 190 190 190 255 
1.27 0.241751 24.5861 190 190 190 255 
2.6289 0.226786 24.5539 190 190 190 255 
2.6289 0.250913 24.6203 190 190 190 255 
2.6289 0.25092 24.6908 190 190 190 255 
1.27 0.241753 24.725 190 190 190 255 
2.6289 0.241753 24.725 190 190 190 255 
1.27 0.206455 24.7862 190 190 190 255 
2.6289 0.226779 24.7572 190 190 190 255 
1.27 0.152406 24.8315 190 190 190 255 
2.6289 0.120293 24.8465 190 190 190 255 
1.27 0.0860862 24.8557 190 190 190 255 
2.6289 0.0860862 24.8557 190 190 190 255 
-2.6289 0.0860927 24.4554 190 190 190 255 
-2.6289 0.181424 24.4999 190 190 190 255 
-1.27 0.181424 24.4999 190 190 190 255 
-1.27 0.226786 24.5539 190 190 190 255 
-2.6289 0.241751 24.5861 190 190 190 255 
-1.27 0.250913 24.6203 190 190 190 255 
-2.6289 0.250913 24.6203 190 190 190 255 
-2.6289 0.254002 24.6556 190 190 190 255 
-2.6289 0.25092 24.6908 190 190 190 255 
-2.6289 0.241753 24.725 190 190 190 255 
-2.6289 0.226779 24.7572 190 190 190 255 
-1.27 0.241753 24.725 190 190 190 255 
-1.27 0.226779 24.7572 190 190 190 255 
-2.6289 0.181406 24.8112 190 190 190 255 
-1.27 0.181406 24.8112 190 190 190 255 
-2.6289 0.152406 24.8315 190 190 190 255 
-1.27 0.152406 24.8315 190 190 190 255 
-1.27 0.0860862 24.8557 190 190 190 255 
-2.6289 0.0507964 16.8578 190 190 190 255 
-2.6289 0.11677 16.8688 190 190 190 255 
-1.27 0.147512 16.8823 190 190 190 255 
-2.6289 0.220912 16.9498 190 190 190 255 
-2.6289 0.23689 16.9793 190 190 190 255 
-2.6289 0.253309 17.0442 190 190 190 255 
-1.27 0.253309 17.0442 190 190 190 255 
-2.6289 0.247793 17.1108 190 190 190 255 
-2.6289 0.236889 17.1426 190 190 190 255 
-1.27 0.247793 17.1108 190 190 190 255 
-2.6289 0.220902 17.1721 190 190 190 255 
-1.27 0.236889 17.1426 190 190 190 255 
-2.6289 0.200305 17.1986 190 190 190 255 
-2.6289 0.147516 17.2397 190 190 190 255 
-1.27 0.147516 17.2397 190 190 190 255 
-1.27 0.0842397 17.2614 190 190 190 255 
1.27 0.0842489 16.8605 190 190 190 255 
2.6289 0.0507964 16.8578 190 190 190 255 
1.27 0.147512 16.8823 190 190 190 255 
2.6289 0.147512 16.8823 190 190 190 255 
1.27 0.23689 16.9793 190 190 190 255 
1.27 0.24778 17.0111 190 190 190 255 
2.6289 0.24778 17.0111 190 190 190 255 
1.27 0.236889 17.1426 190 190 190 255 
1.27 0.220902 17.1721 190 190 190 255 
2.6289 0.220902 17.1721 190 190 190 255 
2.6289 0.200305 17.1986 190 190 190 255 
1.27 0.175602 17.2213 190 190 190 255 
1.27 0.147516 17.2397 190 190 190 255 
2.6289 0.175602 17.2213 190 190 190 255 
1.27 0.116781 17.2532 190 190 190 255 
2.6289 0.147516 17.2397 190 190 190 255 
2.6289 0.116781 17.2532 190 190 190 255 
1.27 0.0842397 17.2614 190 190 190 255 
2.6289 0.0842397 17.2614 190 190 190 255 
2.6289 -0.101604 24.8588 190 190 190 255 
1.27 0.0507903 24.8588 190 190 190 255 
-1.27 -0.101597 16.8578 190 190 190 255 
-2.6289 -0.101597 16.8578 190 190 190 255 
1.27 -0.101594 16.68 190 190 190 255 
2.6289 -0.101594 16.68 190 190 190 255 
1.27 -0.101597 16.8578 190 190 190 255 
2.6289 -0.101606 25.0366 190 190 190 255 
-2.6289 -0.101606 25.0366 190 190 190 255 
-1.27 -0.101606 25.0366 190 190 190 255 
-2.6289 0.0508087 25.0365 190 190 190 255 
-1.27 0.0507993 16.68 190 190 190 255 
-2.6289 -0.101594 16.68 190 190 190 255 
-2.6289 0.0507993 16.68 190 190 190 255 
2.6289 0.0507993 16.68 190 190 190 255 
1.27 0.0507993 16.68 190 190 190 255 
2.60323 0.15239 25.4158 190 190 190 255 
2.60207 0.1367 25.4239 190 190 190 255 
1.23744 0.136721 25.4239 190 190 190 255 
2.60108 0.120299 25.4307 190 190 190 255 
2.60029 0.103395 25.436 190 190 190 255 
1.23457 0.103327 25.4361 190 190 190 255 
2.59972 0.0860917 25.4399 190 190 190 255 
1.23364 0.0860917 25.4399 190 190 190 255 
2.59937 0.0685575 25.4422 190 190 190 255 
2.59925 0.0507957 25.443 190 190 190 255 
1.23929 0.15239 25.4158 190 190 190 255 
2.60455 0.167335 25.4062 190 190 190 255 
2.60601 0.181412 25.3954 190 190 190 255 
1.24859 0.20646 25.3704 190 190 190 255 
2.60921 0.20646 25.3704 190 190 190 255 
1.25062 0.21464 25.3587 190 190 190 255 
1.25842 0.241737 25.3093 190 190 190 255 
1.2606 0.247055 25.2924 190 190 190 255 
2.61601 0.241737 25.3093 190 190 190 255 
2.61919 0.250905 25.2751 190 190 190 255 
1.2626 0.250905 25.2751 190 190 190 255 
1.26722 0.253236 25.2221 190 190 190 255 
1.26827 0.250919 25.2045 190 190 190 255 
2.62431 0.250919 25.2045 190 190 190 255 
1.26905 0.24708 25.1872 190 190 190 255 
1.26959 0.241735 25.1703 190 190 190 255 
2.62682 0.234992 25.1539 190 190 190 255 
1.2699 0.234995 25.1539 190 190 190 255 
1.27 0.22677 25.1382 190 190 190 255 
2.62822 0.206469 25.1091 190 190 190 255 
2.62786 0.217214 25.1231 190 190 190 255 
2.62865 0.181136 25.0845 190 190 190 255 
2.6289 0.121514 25.0493 190 190 190 255 
1.27 0.152399 25.0638 190 190 190 255 
2.62886 0.152399 25.0638 190 190 190 255 
2.62879 0.167295 25.0733 190 190 190 255 
1.27 0.0508087 25.0365 190 190 190 255 
1.27 0.0860767 25.0397 190 190 190 255 
2.6289 0.0860767 25.0397 190 190 190 255 
-2.62867 0.181408 25.0841 190 190 190 255 
-1.27 0.181408 25.0841 190 190 190 255 
-1.27 0.206469 25.1091 190 190 190 255 
-2.62786 0.217244 25.1232 190 190 190 255 
-1.2699 0.234979 25.154 190 190 190 255 
-1.26959 0.241735 25.1703 190 190 190 255 
-2.62528 0.247076 25.1872 190 190 190 255 
-2.62431 0.250919 25.2045 190 190 190 255 
-1.26827 0.250919 25.2045 190 190 190 255 
-2.62321 0.253239 25.2221 190 190 190 255 
-1.26722 0.253222 25.2221 190 190 190 255 
-1.26593 0.254008 25.2397 190 190 190 255 
-2.61919 0.250905 25.2751 190 190 190 255 
-1.2626 0.250905 25.2751 190 190 190 255 
-1.2606 0.247054 25.2924 190 190 190 255 
-1.25842 0.241737 25.3093 190 190 190 255 
-2.61601 0.241737 25.3093 190 190 190 255 
-2.61262 0.226785 25.3413 190 190 190 255 
-1.24859 0.20646 25.3704 190 190 190 255 
-2.59937 0.0685688 25.4422 190 190 190 255 
-1.23457 0.103394 25.436 190 190 190 255 
-1.23585 0.120299 25.4307 190 190 190 255 
-2.60207 0.136719 25.4239 190 190 190 255 
-1.24367 0.181412 25.3954 190 190 190 255 
-2.60455 0.167305 25.4062 190 190 190 255 
-2.62886 0.152399 25.0638 190 190 190 255 
-1.27 0.120309 25.0488 190 190 190 255 
-2.6289 0.121514 25.0493 190 190 190 255 
-2.6289 0.120309 25.0488 190 190 190 255 
-2.6289 0.0860767 25.0397 190 190 190 255 
-1.27 0.0860767 25.0397 190 190 190 255 
-2.6289 0.147506 16.2981 190 190 190 255 
-2.6289 0.220906 16.3656 190 190 190 255 
-1.27 0.220906 16.3656 190 190 190 255 
-2.6289 0.236885 16.3951 190 190 190 255 
-2.6289 0.247774 16.4269 190 190 190 255 
-1.27 0.236884 16.5584 190 190 190 255 
-2.6289 0.220918 16.5879 190 190 190 255 
-1.27 0.220918 16.5879 190 190 190 255 
-2.6289 0.200299 16.6144 190 190 190 255 
-1.27 0.200299 16.6144 190 190 190 255 
-2.6289 0.175618 16.6371 190 190 190 255 
-1.27 0.175618 16.6371 190 190 190 255 
-1.27 0.116775 16.669 190 190 190 255 
-2.6289 0.116775 16.669 190 190 190 255 
-2.6289 0.0842557 16.6772 190 190 190 255 
1.27 0.0842433 16.2763 190 190 190 255 
2.6289 0.116786 16.2846 190 190 190 255 
2.6289 0.175614 16.3164 190 190 190 255 
2.6289 0.200296 16.3392 190 190 190 255 
1.27 0.200296 16.3392 190 190 190 255 
1.27 0.220906 16.3656 190 190 190 255 
2.6289 0.220906 16.3656 190 190 190 255 
1.27 0.236885 16.3951 190 190 190 255 
1.27 0.247774 16.4269 190 190 190 255 
1.27 0.253304 16.46 190 190 190 255 
2.6289 0.253304 16.46 190 190 190 255 
1.27 0.247787 16.5266 190 190 190 255 
2.6289 0.247787 16.5266 190 190 190 255 
2.6289 0.236884 16.5584 190 190 190 255 
1.27 0.220918 16.5879 190 190 190 255 
2.6289 0.220918 16.5879 190 190 190 255 
2.6289 0.200299 16.6144 190 190 190 255 
1.27 0.175618 16.6371 190 190 190 255 
2.6289 0.175618 16.6371 190 190 190 255 
1.27 0.14751 16.6555 190 190 190 255 
2.6289 0.116775 16.669 190 190 190 255 
1.23288 -0.101598 25.443 190 190 190 255 
1.23288 0.0507957 25.443 190 190 190 255 
-1.23288 0.0507957 25.443 190 190 190 255 
-2.59925 -0.101598 25.443 190 190 190 255 
-2.59925 0.0507957 25.443 190 190 190 255 
-1.27 -0.101603 16.2736 190 190 190 255 
2.6289 -0.101603 16.2736 190 190 190 255 
1.17473 -0.101601 25.6208 190 190 190 255 
-2.56603 -0.101601 25.6208 190 190 190 255 
-2.6289 -0.101603 16.2736 190 190 190 255 
2.56603 -0.101601 25.6208 190 190 190 255 
1.17473 0.0507927 25.6208 190 190 190 255 
-1.17473 -0.101601 25.6208 190 190 190 255 
-2.56603 0.0507927 25.6208 190 190 190 255 
-2.6289 -0.1016 16.0958 190 190 190 255 
1.27 -0.1016 16.0958 190 190 190 255 
2.6289 0.0507939 16.0958 190 190 190 255 
1.27 0.0507939 16.0958 190 190 190 255 
2.45877 0.181417 25.9796 190 190 190 255 
2.45099 0.152395 26 190 190 190 255 
0.941711 0.167565 25.9903 190 190 190 255 
0.932867 0.152395 26 190 190 190 255 
2.44513 0.120304 26.0149 190 190 190 255 
0.918813 0.120304 26.0149 190 190 190 255 
2.44302 0.10342 26.0202 190 190 190 255 
0.913729 0.103519 26.0202 190 190 190 255 
0.909977 0.0860757 26.0241 190 190 190 255 
0.90773 0.0686539 26.0264 190 190 190 255 
2.44025 0.0508011 26.0272 190 190 190 255 
0.906961 0.0508011 26.0272 190 190 190 255 
0.951233 0.181417 25.9796 190 190 190 255 
2.4681 0.206466 25.9546 190 190 190 255 
0.972876 0.206517 25.9545 190 190 190 255 
0.996444 0.226769 25.9256 190 190 190 255 
2.48967 0.241742 25.8935 190 190 190 255 
1.02099 0.241742 25.8935 190 190 190 255 
2.50101 0.25091 25.8593 190 190 190 255 
2.51216 0.253992 25.824 190 190 190 255 
1.09075 0.250903 25.7887 190 190 190 255 
2.52277 0.250903 25.7887 190 190 190 255 
1.09972 0.246745 25.7731 190 190 190 255 
1.14222 0.206453 25.6934 190 190 190 255 
2.55203 0.194533 25.6803 190 190 190 255 
1.15406 0.181413 25.6683 190 190 190 255 
2.55498 0.181413 25.6683 190 190 190 255 
1.1667 0.136802 25.6399 190 190 190 255 
2.56327 0.120293 25.633 190 190 190 255 
1.17346 0.0860821 25.6239 190 190 190 255 
2.56534 0.0860821 25.6239 190 190 190 255 
1.17441 0.068604 25.6216 190 190 190 255 
2.56603 0.0507927 25.6208 190 190 190 255 
-0.906961 0.0508011 26.0272 190 190 190 255 
-0.907727 0.0685986 26.0264 190 190 190 255 
-2.44056 0.0685834 26.0264 190 190 190 255 
-0.913756 0.103623 26.0202 190 190 190 255 
-0.918813 0.120304 26.0149 190 190 190 255 
-0.925296 0.136802 26.0081 190 190 190 255 
-0.932867 0.152395 26 190 190 190 255 
-0.941691 0.167523 25.9903 190 190 190 255 
-2.45099 0.152395 26 190 190 190 255 
-2.45466 0.167347 25.9904 190 190 190 255 
-2.45879 0.181379 25.9795 190 190 190 255 
-0.996444 0.226769 25.9256 190 190 190 255 
-1.04544 0.25091 25.8593 190 190 190 255 
-2.4681 0.206466 25.9546 190 190 190 255 
-1.11044 0.24174 25.7545 190 190 190 255 
-2.53255 0.24174 25.7545 190 190 190 255 
-1.09972 0.246745 25.7731 190 190 190 255 
-1.09075 0.250903 25.7887 190 190 190 255 
-1.17441 0.0685836 25.6215 190 190 190 255 
-2.56534 0.0860821 25.6239 190 190 190 255 
-1.17346 0.0860821 25.6239 190 190 190 255 
-1.17187 0.103354 25.6277 190 190 190 255 
-2.56327 0.120293 25.633 190 190 190 255 
-1.16962 0.120293 25.633 190 190 190 255 
-2.55981 0.152404 25.648 190 190 190 255 
-1.16318 0.152404 25.648 190 190 190 255 
-2.55498 0.181413 25.6683 190 190 190 255 
-2.55204 0.194501 25.6803 190 190 190 255 
-1.14845 0.194545 25.6804 190 190 190 255 
-1.14222 0.206453 25.6934 190 190 190 255 
-2.54878 0.206453 25.6934 190 190 190 255 
-2.6289 0.0842379 15.6922 190 190 190 255 
-1.27 0.116781 15.7004 190 190 190 255 
-1.27 0.175609 15.7322 190 190 190 255 
-1.27 0.20029 15.755 190 190 190 255 
-2.6289 0.220922 15.7814 190 190 190 255 
-2.6289 0.236879 15.811 190 190 190 255 
-1.27 0.236879 15.811 190 190 190 255 
-2.6289 0.24779 15.8427 190 190 190 255 
-2.6289 0.253298 15.8758 190 190 190 255 
-1.27 0.253298 15.8758 190 190 190 255 
-1.27 0.253312 15.9093 190 190 190 255 
-2.6289 0.220912 16.0037 190 190 190 255 
-1.27 0.220912 16.0037 190 190 190 255 
-2.6289 0.200294 16.0302 190 190 190 255 
-1.27 0.200294 16.0302 190 190 190 255 
-1.27 0.175613 16.0529 190 190 190 255 
-1.27 0.147505 16.0713 190 190 190 255 
-2.6289 0.147505 16.0713 190 190 190 255 
-2.6289 0.11677 16.0848 190 190 190 255 
-1.27 0.11677 16.0848 190 190 190 255 
-1.27 0.0842503 16.093 190 190 190 255 
-1.27 0.0507939 16.0958 190 190 190 255 
2.6289 0.0508069 15.6893 190 190 190 255 
2.6289 0.0860752 15.6925 190 190 190 255 
2.6289 0.120307 15.7016 190 190 190 255 
2.6289 0.152397 15.7166 190 190 190 255 
1.27 0.152397 15.7166 190 190 190 255 
1.27 0.181406 15.7369 190 190 190 255 
2.6289 0.206467 15.7619 190 190 190 255 
2.6289 0.226768 15.791 190 190 190 255 
1.27 0.241755 15.823 190 190 190 255 
2.6289 0.241755 15.823 190 190 190 255 
1.27 0.250903 15.9279 190 190 190 255 
2.6289 0.241735 15.9621 190 190 190 255 
1.27 0.18141 16.0482 190 190 190 255 
2.6289 0.18141 16.0482 190 190 190 255 
2.6289 0.120297 16.0835 190 190 190 255 
-2.6289 0.0508069 15.6893 190 190 190 255 
-1.27 0.0508069 15.6893 190 190 190 255 
1.27 0.0508069 15.6893 190 190 190 255 
2.36124 -0.101596 26.205 190 190 190 255 
0.81634 -0.101598 26.111 190 190 190 255 
0.689085 -0.101596 26.205 190 190 190 255 
-0.906961 -0.101593 26.0271 190 190 190 255 
-0.81634 -0.101598 26.111 190 190 190 255 
-2.6289 -0.101608 15.6894 190 190 190 255 
-1.27 -0.101605 15.5116 190 190 190 255 
2.6289 -0.101605 15.5116 190 190 190 255 
2.6289 -0.101608 15.6894 190 190 190 255 
-0.689085 -0.101596 26.205 190 190 190 255 
-2.6289 -0.101605 15.5116 190 190 190 255 
2.11446 0.0508065 26.6113 190 190 190 255 
-2.11674 0.0860811 26.6083 190 190 190 255 
-2.12844 0.136798 26.5923 190 190 190 255 
-2.14121 0.167516 26.5745 190 190 190 255 
-2.13431 0.152401 26.5841 190 190 190 255 
2.14877 0.181423 26.5638 190 190 190 255 
-2.14877 0.181423 26.5638 190 190 190 255 
-2.16621 0.20645 26.5388 190 190 190 255 
-2.18588 0.226775 26.5098 190 190 190 255 
2.18588 0.226775 26.5098 190 190 190 255 
2.20699 0.241748 26.4777 190 190 190 255 
2.22876 0.250915 26.4434 190 190 190 255 
-1.19156e-009 0.253998 26.4082 190 190 190 255 
2.25045 0.253998 26.4082 190 190 190 255 
0.219982 0.252161 26.3855 190 190 190 255 
2.27138 0.250908 26.3729 190 190 190 255 
0.410177 0.241111 26.3389 190 190 190 255 
2.29097 0.241746 26.3387 190 190 190 255 
2.33114 0.194544 26.2646 190 190 190 255 
0.609218 0.181419 26.2525 190 190 190 255 
0.65822 0.137259 26.2243 190 190 190 255 
0.687866 0.0686573 26.2058 190 190 190 255 
-0.110597 0.253936 26.4034 190 190 190 255 
-2.26274 0.252192 26.3874 190 190 190 255 
-2.27138 0.250908 26.3729 190 190 190 255 
-0.297287 0.250908 26.3729 190 190 190 255 
-0.414362 0.241746 26.3387 190 190 190 255 
-2.29097 0.241746 26.3387 190 190 190 255 
-2.30875 0.226781 26.3066 190 190 190 255 
-0.609218 0.181419 26.2525 190 190 190 255 
-2.33738 0.181419 26.2525 190 190 190 255 
-0.64499 0.152409 26.2322 190 190 190 255 
-2.34287 0.167427 26.2418 190 190 190 255 
-2.34772 0.152409 26.2322 190 190 190 255 
-2.36124 0.0507981 26.205 190 190 190 255 
-2.35973 0.0860875 26.208 190 190 190 255 
-0.687856 0.0687203 26.2058 190 190 190 255 
-2.35784 0.103431 26.2119 190 190 190 255 
-2.3518 0.136784 26.2241 190 190 190 255 
-1.27 0.0842449 15.5088 190 190 190 255 
-2.6289 0.0842449 15.5088 190 190 190 255 
-2.6289 0.116786 15.5005 190 190 190 255 
-2.6289 0.147521 15.4871 190 190 190 255 
-2.6289 0.200299 15.446 190 190 190 255 
-2.6289 0.236883 15.39 190 190 190 255 
-1.27 0.253304 15.2916 190 190 190 255 
-1.27 0.247785 15.2585 190 190 190 255 
-2.6289 0.253304 15.2916 190 190 190 255 
-2.6289 0.247785 15.2585 190 190 190 255 
-1.26999 0.236884 15.2267 190 190 190 255 
-2.6289 0.236884 15.2267 190 190 190 255 
-1.26952 0.220917 15.1972 190 190 190 255 
-2.6289 0.220917 15.1972 190 190 190 255 
-2.6289 0.200296 15.1708 190 190 190 255 
-1.26851 0.200296 15.1708 190 190 190 255 
-2.6289 0.175603 15.148 190 190 190 255 
-2.6289 0.116775 15.1162 190 190 190 255 
-2.6289 0.0842431 15.1079 190 190 190 255 
1.26469 0.116775 15.1162 190 190 190 255 
2.6289 0.200296 15.1708 190 190 190 255 
2.6289 0.220917 15.1972 190 190 190 255 
1.26952 0.220917 15.1972 190 190 190 255 
2.6289 0.236884 15.2267 190 190 190 255 
1.27 0.0508099 15.5115 190 190 190 255 
1.27 0.116786 15.5005 190 190 190 255 
1.27 0.200299 15.446 190 190 190 255 
2.6289 0.220917 15.4195 190 190 190 255 
2.6289 0.236883 15.39 190 190 190 255 
2.6289 0.253307 15.3251 190 190 190 255 
2.6289 0.253304 15.2916 190 190 190 255 
1.27 0.253304 15.2916 190 190 190 255 
1.27 0.239175 15.2322 190 190 190 255 
2.11446 -0.101609 26.6114 190 190 190 255 
-2.11446 -0.101609 26.6114 190 190 190 255 
-1.26363 0.0508015 15.1052 190 190 190 255 
1.26363 -0.101603 15.1052 190 190 190 255 
-1.97075 -0.10159 26.7891 190 190 190 255 
-1.26363 -0.101603 15.1052 190 190 190 255 
-2.6289 -0.101603 15.1052 190 190 190 255 
-1.25071 -0.101603 15.0116 190 190 190 255 
-2.6289 -0.1016 14.9274 190 190 190 255 
-1.23288 -0.1016 14.9274 190 190 190 255 
-2.6289 -0.101598 13.3526 190 190 190 255 
2.28759 -0.101595 13.1748 190 190 190 255 
2.6289 -0.1016 14.9274 190 190 190 255 
-2.6289 -0.101595 13.1748 190 190 190 255 
-1.23288 0.0508045 14.9274 190 190 190 255 
-1.51806 0.0507905 27.1956 190 190 190 255 
1.51917 0.0686385 27.1948 190 190 190 255 
1.52793 0.103747 27.1885 190 190 190 255 
-1.52242 0.0860865 27.1925 190 190 190 255 
-1.52793 0.103746 27.1885 190 190 190 255 
1.54489 0.137081 27.1764 190 190 190 255 
-1.53524 0.120293 27.1833 190 190 190 255 
-1.54484 0.137003 27.1764 190 190 190 255 
1.55584 0.152406 27.1683 190 190 190 255 
-1.55584 0.152406 27.1683 190 190 190 255 
1.56898 0.167609 27.1586 190 190 190 255 
-1.56901 0.167654 27.1586 190 190 190 255 
-1.58314 0.181407 27.148 190 190 190 255 
1.58314 0.181407 27.148 190 190 190 255 
1.6158 0.206455 27.123 190 190 190 255 
1.65237 0.22678 27.094 190 190 190 255 
1.67572 0.236489 27.0749 190 190 190 255 
-1.67565 0.23572 27.0748 190 190 190 255 
-1.69132 0.241753 27.0618 190 190 190 255 
1.69144 0.240572 27.0615 190 190 190 255 
-1.73122 0.250921 27.0276 190 190 190 255 
1.77073 0.254003 26.9924 190 190 190 255 
-1.77073 0.254003 26.9924 190 190 190 255 
-1.80869 0.250913 26.9571 190 190 190 255 
1.80869 0.250913 26.9571 190 190 190 255 
1.84411 0.241751 26.9229 190 190 190 255 
-1.84411 0.241751 26.9229 190 190 190 255 
1.90421 0.206464 26.8617 190 190 190 255 
1.92774 0.181424 26.8367 190 190 190 255 
-1.92774 0.181424 26.8367 190 190 190 255 
1.93752 0.167626 26.8261 190 190 190 255 
1.95371 0.136844 26.8083 190 190 190 255 
1.95986 0.120304 26.8014 190 190 190 255 
-1.95986 0.120304 26.8014 190 190 190 255 
1.96459 0.103507 26.7961 190 190 190 255 
1.96802 0.0860929 26.7922 190 190 190 255 
2.28716 0.0683331 13.174 190 190 190 255 
2.28588 0.0856649 13.1717 190 190 190 255 
-2.6289 0.119492 13.1628 190 190 190 255 
2.28077 0.119492 13.1628 190 190 190 255 
2.22839 0.225467 13.0754 190 190 190 255 
-2.6289 0.225467 13.0754 190 190 190 255 
-2.6289 0.205073 13.1038 190 190 190 255 
-2.6289 0.180096 13.1283 190 190 190 255 
-2.6289 0.15128 13.1482 190 190 190 255 
2.27696 0.135727 13.1562 190 190 190 255 
-2.6289 0.250287 13.0102 190 190 190 255 
2.20836 0.24069 13.0439 190 190 190 255 
-2.6289 0.25396 12.9754 190 190 190 255 
2.13806 0.251618 12.9405 190 190 190 255 
-2.6289 0.243315 12.9065 190 190 190 255 
2.11333 0.243315 12.9065 190 190 190 255 
2.08923 0.229304 12.8745 190 190 190 255 
-2.6289 0.229304 12.8745 190 190 190 255 
-2.6289 0.209998 12.8453 190 190 190 255 
2.06661 0.209998 12.8453 190 190 190 255 
-2.6289 0.120297 14.9151 190 190 190 255 
-2.6289 0.0860898 14.9243 190 190 190 255 
-1.23211 0.0860898 14.9243 190 190 190 255 
-1.23269 0.0685213 14.9266 190 190 190 255 
-2.6289 0.152399 14.9001 190 190 190 255 
-1.22979 0.120297 14.9151 190 190 190 255 
-1.23115 0.103435 14.9204 190 190 190 255 
-2.6289 0.18141 14.8798 190 190 190 255 
-1.2232 0.167398 14.8906 190 190 190 255 
-2.6289 0.206458 14.8548 190 190 190 255 
-1.21263 0.206458 14.8548 190 190 190 255 
-1.19336 0.239813 14.7978 190 190 190 255 
-1.20322 0.226772 14.8258 190 190 190 255 
-1.20815 0.217297 14.8407 190 190 190 255 
-2.6289 0.226779 14.6226 190 190 190 255 
-2.6289 0.250917 14.6889 190 190 190 255 
-2.6289 0.253995 14.7242 190 190 190 255 
-1.17875 0.250913 14.7594 190 190 190 255 
-1.1919 0.241746 14.7937 190 190 190 255 
-2.6289 0.241746 14.7937 190 190 190 255 
-1.09776 0.206456 14.5936 190 190 190 255 
-1.09981 0.209007 14.5972 190 190 190 255 
-2.6289 0.206456 14.5936 190 190 190 255 
-2.6289 0.181417 14.5685 190 190 190 255 
-1.0828 0.181417 14.5685 190 190 190 255 
-1.07616 0.167473 14.5578 190 190 190 255 
-2.6289 0.152397 14.5482 190 190 190 255 
-1.06484 0.136772 14.5401 190 190 190 255 
-2.6289 0.120296 14.5332 190 190 190 255 
-1.05683 0.103406 14.5279 190 190 190 255 
-2.6289 0.0860855 14.5241 190 190 190 255 
-1.05427 0.0860855 14.5241 190 190 190 255 
-2.6289 0.0507961 14.521 190 190 190 255 
2.53 0.0860894 13.7559 190 190 190 255 
2.5274 0.120297 13.7467 190 190 190 255 
2.52544 0.136687 13.7399 190 190 190 255 
-2.6289 0.120297 13.7467 190 190 190 255 
-2.6289 0.152399 13.7317 190 190 190 255 
2.52306 0.152399 13.7317 190 190 190 255 
2.51338 0.194509 13.6994 190 190 190 255 
-2.6289 0.206458 13.6864 190 190 190 255 
-2.6289 0.226772 13.6574 190 190 190 255 
-2.6289 0.241746 13.6253 190 190 190 255 
2.48943 0.241746 13.6253 190 190 190 255 
-2.6289 0.253995 13.5558 190 190 190 255 
2.47755 0.250913 13.5911 190 190 190 255 
2.46475 0.253995 13.5558 190 190 190 255 
-2.6289 0.241744 13.4863 190 190 190 255 
2.42464 0.226779 13.4542 190 190 190 255 
-2.6289 0.206456 13.4252 190 190 190 255 
2.41227 0.206456 13.4252 190 190 190 255 
-2.6289 0.181417 13.4001 190 190 190 255 
2.39211 0.152397 13.3798 190 190 190 255 
2.39644 0.16738 13.3893 190 190 190 255 
2.40127 0.181417 13.4001 190 190 190 255 
-2.6289 0.0860854 13.3557 190 190 190 255 
2.37988 0.0685912 13.3533 190 190 190 255 
2.38523 0.120296 13.3648 190 190 190 255 
1.05271 0.0685594 14.5217 190 190 190 255 
1.05427 0.0860855 14.5241 190 190 190 255 
2.6289 0.0860855 14.5241 190 190 190 255 
1.05685 0.10347 14.5279 190 190 190 255 
2.6289 0.120296 14.5332 190 190 190 255 
1.06037 0.120296 14.5332 190 190 190 255 
1.06486 0.136836 14.5401 190 190 190 255 
2.6289 0.152397 14.5482 190 190 190 255 
2.6289 0.181417 14.5685 190 190 190 255 
2.6289 0.206456 14.5936 190 190 190 255 
1.11413 0.226779 14.6226 190 190 190 255 
2.6289 0.241744 14.6547 190 190 190 255 
2.6289 0.250917 14.6889 190 190 190 255 
1.1311 0.241744 14.6547 190 190 190 255 
1.14793 0.250917 14.6889 190 190 190 255 
2.6289 0.253995 14.7242 190 190 190 255 
1.1919 0.241746 14.7937 190 190 190 255 
1.19336 0.239813 14.7978 190 190 190 255 
2.6289 0.206458 14.8548 190 190 190 255 
1.21263 0.206458 14.8548 190 190 190 255 
2.6289 0.226772 14.8258 190 190 190 255 
1.22979 0.120297 14.9151 190 190 190 255 
2.6289 0.152399 14.9001 190 190 190 255 
1.22322 0.167322 14.8906 190 190 190 255 
1.23211 0.0860898 14.9243 190 190 190 255 
2.6289 0.120297 14.9151 190 190 190 255 
-1.51806 -0.101603 27.1956 190 190 190 255 
1.51806 0.0507905 27.1956 190 190 190 255 
1.98223 0.253704 12.7434 190 190 190 255 
-2.6289 0.253704 12.7434 190 190 190 255 
2.04635 0.185972 12.8198 190 190 190 255 
-2.6289 0.3083 12.657 190 190 190 255 
-2.6289 0.348338 12.563 190 190 190 255 
1.59266 0.379584 12.3795 190 190 190 255 
-2.6289 0.372777 12.4638 190 190 190 255 
-2.6289 -0.101598 14.521 190 190 190 255 
2.53087 -0.1016 13.759 190 190 190 255 
2.53087 0.0508041 13.759 190 190 190 255 
-2.6289 0.0508041 13.759 190 190 190 255 
1.05219 0.0507961 14.521 190 190 190 255 
2.6289 0.0507961 14.521 190 190 190 255 
1.51806 -0.101603 27.1956 190 190 190 255 
-1.22869 -0.101606 27.3734 190 190 190 255 
0.620473 0.380999 11.8253 190 190 190 255 
-2.6289 0.380997 12.362 190 190 190 255 
1.57054 0.380997 12.362 190 190 190 255 
-2.6289 -0.101595 14.3432 190 190 190 255 
2.57422 -0.101603 13.9368 190 190 190 255 
-2.6289 -0.101603 13.9368 190 190 190 255 
1.05219 -0.101598 14.521 190 190 190 255 
2.62583 -0.101595 14.3432 190 190 190 255 
-1.22869 0.0508089 27.3733 190 190 190 255 
0.0218704 0.346306 10.8341 190 190 190 255 
0.0425537 0.372262 10.9362 190 190 190 255 
0.0144342 0.32718 10.7853 190 190 190 255 
-2.6289 0.346306 10.8341 190 190 190 255 
0.00868529 0.303825 10.7378 190 190 190 255 
-2.6289 0.303825 10.7378 190 190 190 255 
-2.6289 0.174423 10.5725 190 190 190 255 
-2.6289 0.245998 10.6497 190 190 190 255 
-1.19155e-009 0.174553 10.5726 190 190 190 255 
0.00189024 0.245998 10.6497 190 190 190 255 
2.57422 0.0508011 13.9368 190 190 190 255 
0.906961 -0.101595 14.3432 190 190 190 255 
1.22834 0.0594399 27.3735 190 190 190 255 
0.000174574 0.0551325 27.3734 190 190 190 255 
1.22334 0.0845225 27.3762 190 190 190 255 
-1.21638 0.101642 27.3798 190 190 190 255 
0.00347924 0.0931191 27.3778 190 190 190 255 
-1.20727 0.117315 27.3846 190 190 190 255 
1.20727 0.117315 27.3846 190 190 190 255 
-1.19461 0.133738 27.3911 190 190 190 255 
0.00632982 0.125603 27.3876 190 190 190 255 
1.18039 0.148273 27.3982 190 190 190 255 
-1.18039 0.148273 27.3982 190 190 190 255 
-1.16212 0.163316 27.4073 190 190 190 255 
1.16206 0.163348 27.4074 190 190 190 255 
1.14252 0.176501 27.4169 190 190 190 255 
-0.0091657 0.155917 27.4026 190 190 190 255 
-1.14252 0.176501 27.4169 190 190 190 255 
-1.03264 0.221853 27.4668 190 190 190 255 
-0.954216 0.235578 27.4977 190 190 190 255 
0.954216 0.235578 27.4977 190 190 190 255 
-0.031856 0.242648 27.5096 190 190 190 255 
-0.890508 0.246745 27.5227 190 190 190 255 
-0.870026 0.247291 27.529 190 190 190 255 
0.870026 0.247291 27.529 190 190 190 255 
-0.760693 0.250166 27.5626 190 190 190 255 
-0.651385 0.25306 27.5962 190 190 190 255 
0.760693 0.250166 27.5626 190 190 190 255 
0.651385 0.25306 27.5962 190 190 190 255 
-0.474283 0.244273 27.6287 190 190 190 255 
-0.297181 0.235486 27.6613 190 190 190 255 
0.0768531 0.241118 27.6478 190 190 190 255 
0.474283 0.244273 27.6287 190 190 190 255 
-1.19155e-009 -0.101596 10.4247 190 190 190 255 
-2.6289 -0.177797 10.4062 190 190 190 255 
-2.6289 0.0860841 14.3401 190 190 190 255 
-0.903925 0.0860841 14.3401 190 190 190 255 
-2.6289 0.120302 14.3309 190 190 190 255 
-0.894785 0.120302 14.3309 190 190 190 255 
-0.869174 0.167679 14.3062 190 190 190 255 
-2.6289 0.152404 14.3159 190 190 190 255 
-2.6289 0.206464 14.2706 190 190 190 255 
-0.844221 0.194753 14.2834 190 190 190 255 
-2.6289 0.181415 14.2956 190 190 190 255 
-2.6289 0.250908 14.1753 190 190 190 255 
-0.704153 0.250908 14.1753 190 190 190 255 
-0.79474 0.226778 14.2416 190 190 190 255 
-2.6289 0.226778 14.2416 190 190 190 255 
-0.81634 0.215271 14.2593 190 190 190 255 
-2.6289 0.250911 14.1047 190 190 190 255 
-0.581465 0.24853 14.1051 190 190 190 255 
-0.635 0.253857 14.1323 190 190 190 255 
-2.6289 0.254001 14.14 190 190 190 255 
-2.6289 0.181411 13.9843 190 190 190 255 
-2.6289 0.206462 14.0093 190 190 190 255 
-0.428074 0.224105 14.0399 190 190 190 255 
2.57809 0.13673 13.9558 190 190 190 255 
2.57673 0.120302 13.949 190 190 190 255 
-1.19155e-009 0.149172 13.9622 190 190 190 255 
-0.0680347 0.152402 13.964 190 190 190 255 
-2.6289 0.152402 13.964 190 190 190 255 
2.58155 0.167307 13.9735 190 190 190 255 
0.233165 0.180849 13.9848 190 190 190 255 
2.57971 0.152402 13.964 190 190 190 255 
0.220533 0.177949 13.9815 190 190 190 255 
0.0680347 0.152402 13.964 190 190 190 255 
2.58361 0.181411 13.9843 190 190 190 255 
0.333141 0.203778 14.0116 190 190 190 255 
0.508968 0.238884 14.0715 190 190 190 255 
0.433098 0.226711 14.0384 190 190 190 255 
0.648073 0.254001 14.14 190 190 190 255 
0.634833 0.253362 14.1326 190 190 190 255 
2.60337 0.250911 14.1047 190 190 190 255 
0.704153 0.250908 14.1753 190 190 190 255 
0.752982 0.24174 14.2095 190 190 190 255 
2.61752 0.234976 14.2258 190 190 190 255 
0.816218 0.214267 14.2594 190 190 190 255 
2.61894 0.226778 14.2416 190 190 190 255 
2.62131 0.206464 14.2706 190 190 190 255 
0.857784 0.181415 14.2956 190 190 190 255 
0.906961 0.0507991 14.3432 190 190 190 255 
0.906198 0.0685659 14.3424 190 190 190 255 
2.62579 0.0685355 14.3424 190 190 190 255 
0.903925 0.0860841 14.3401 190 190 190 255 
2.62549 0.10341 14.3362 190 190 190 255 
0.900068 0.103601 14.3362 190 190 190 255 
0.88775 0.136984 14.324 190 190 190 255 
2.62437 0.152404 14.3159 190 190 190 255 
2.6238 0.167357 14.3064 190 190 190 255 
2.6231 0.181415 14.2956 190 190 190 255 
0.86924 0.167592 14.3062 190 190 190 255 
2.57438 0.0685737 13.9376 190 190 190 255 
2.57486 0.0860801 13.9399 190 190 190 255 
-2.6289 0.120302 13.949 190 190 190 255 
2.62484 0.136659 14.3241 190 190 190 255 
2.62521 0.120302 14.3309 190 190 190 255 
2.62583 0.0507991 14.3432 190 190 190 255 
2.62568 0.0860841 14.3401 190 190 190 255 
2.6289 -0.101602 14.4702 190 190 190 255 
2.62227 0.194483 14.2837 190 190 190 255 
2.6202 0.217252 14.2565 190 190 190 255 
2.61594 0.24174 14.2095 190 190 190 255 
2.62016 1.28867 14.2922 190 190 190 255 
2.61625 1.29522 14.2127 190 190 190 255 
2.61469 0.244905 14.1977 190 190 190 255 
2.61231 0.250908 14.1753 190 190 190 255 
2.60808 0.254001 14.14 190 190 190 255 
2.59834 0.241749 14.0705 190 190 190 255 
2.5932 0.226773 14.0384 190 190 190 255 
2.5882 0.206462 14.0093 190 190 190 255 
2.53573 -0.101604 13.7765 190 190 190 255 
2.57564 0.103328 13.9437 190 190 190 255 
2.53065 0.0685386 13.7582 190 190 190 255 
2.52891 0.103414 13.752 190 190 190 255 
2.52025 0.167379 13.7222 190 190 190 255 
2.51703 0.18141 13.7114 190 190 190 255 
2.50934 0.206458 13.6864 190 190 190 255 
2.50009 0.226772 13.6574 190 190 190 255 
2.53327 1.33119 13.7771 190 190 190 255 
2.51588 1.33693 13.7076 190 190 190 255 
2.49524 1.34169 13.6499 190 190 190 255 
2.38663 1.36439 13.375 190 190 190 255 
2.45137 0.250916 13.5205 190 190 190 255 
2.43784 0.241744 13.4863 190 190 190 255 
2.28759 0.0507988 13.1748 190 190 190 255 
2.37951 0.0507957 13.3526 190 190 190 255 
2.37951 -0.101598 13.3526 190 190 190 255 
2.28373 0.102864 13.168 190 190 190 255 
2.38275 0.103362 13.3595 190 190 190 255 
2.38096 0.0860854 13.3557 190 190 190 255 
2.27233 0.15128 13.1482 190 190 190 255 
2.26066 0.180096 13.1283 190 190 190 255 
2.38934 0.141102 13.3737 190 190 190 255 
2.26683 0.166241 13.1388 190 190 190 255 
2.24593 0.205073 13.1038 190 190 190 255 
2.18626 0.250287 13.0102 190 190 190 255 
2.21607 1.3904 13.06 190 190 190 255 
2.17941 0.251347 13.0002 190 190 190 255 
2.17899 1.39531 13.0005 190 190 190 255 
2.16261 0.25396 12.9754 190 190 190 255 
2.02536 1.41228 12.795 190 190 190 255 
1.91169 0.303714 12.6656 190 190 190 255 
1.90282 0.307582 12.6567 190 190 190 255 
1.90977 1.42282 12.6673 190 190 190 255 
1.80938 0.348338 12.563 190 190 190 255 
1.59134 1.44644 12.3813 190 190 190 255 
1.66966 1.44162 12.4396 190 190 190 255 
1.69871 0.372777 12.4638 190 190 190 255 
1.80101 1.43178 12.5588 190 190 190 255 
1.2322 0.380998 12.1479 190 190 190 255 
1.55086 1.44892 12.3513 190 190 190 255 
1.02199 1.47395 12.0481 190 190 190 255 
0.984845 0.381005 12.0327 190 190 190 255 
0.00853649 0.302557 10.7358 190 190 190 255 
0.0312167 0.36139 10.8846 190 190 190 255 
0.0295884 1.65186 10.8764 190 190 190 255 
0.0436483 1.64432 10.9258 190 190 190 255 
0.0558134 0.378781 10.9881 190 190 190 255 
0.0713268 0.380996 11.0412 190 190 190 255 
0.0609945 1.63502 10.9867 190 190 190 255 
0.101493 1.61331 11.1288 190 190 190 255 
0.143504 0.380999 11.2294 190 190 190 255 
0.148276 1.59829 11.2271 190 190 190 255 
0.273472 1.5642 11.4502 190 190 190 255 
0.272588 1.5644 11.449 190 190 190 255 
0.181177 1.58773 11.2963 190 190 190 255 
0.429635 0.380997 11.6536 190 190 190 255 
0.269224 0.380998 11.4532 190 190 190 255 
0.531573 1.51836 11.7504 190 190 190 255 
0.984845 1.47522 12.0327 190 190 190 255 
0.836668 0.381004 11.9637 190 190 190 255 
0.838893 1.48644 11.9593 190 190 190 255 
0.753719 1.493 11.9164 190 190 190 255 
2.6289 0.0860899 16.0927 190 190 190 255 
2.6289 0.152409 23.8954 190 190 190 255 
2.6289 0.181419 23.9157 190 190 190 255 
2.6289 0.206458 23.9408 190 190 190 255 
2.6289 0.050791 16.2736 190 190 190 255 
2.6289 -0.1016 16.0958 190 190 190 255 
2.6289 0.0842433 16.2763 190 190 190 255 
2.6289 0.147506 16.2981 190 190 190 255 
2.6289 0.0508087 25.0365 190 190 190 255 
2.6289 0.0507903 24.8588 190 190 190 255 
2.6289 0.206463 24.5249 190 190 190 255 
2.6289 -0.101593 23.6903 190 190 190 255 
2.6289 0.0507974 23.8682 190 190 190 255 
2.6289 0.120298 23.8804 190 190 190 255 
2.6289 0.147516 15.1296 190 190 190 255 
2.6289 0.175603 15.148 190 190 190 255 
2.6289 0.116775 15.1162 190 190 190 255 
2.6289 0.0842431 15.1079 190 190 190 255 
2.6289 0.0508045 14.9274 190 190 190 255 
2.6289 0.0508015 15.1052 190 190 190 255 
2.6289 -0.101603 15.1052 190 190 190 255 
2.6289 -0.101591 24.4523 190 190 190 255 
2.6289 -0.101609 24.2746 190 190 190 255 
2.6289 0.0508062 24.2745 190 190 190 255 
2.6289 0.152393 24.4796 190 190 190 255 
2.6289 0.0507969 19.1946 190 190 190 255 
2.6289 0.120292 20.1729 190 190 190 255 
2.6289 0.0860762 20.3661 190 190 190 255 
2.6289 0.0860898 14.9243 190 190 190 255 
2.6289 0.120292 23.2962 190 190 190 255 
2.6289 0.250907 19.3625 190 190 190 255 
2.6289 0.152404 23.3112 190 190 190 255 
2.6289 0.0860917 19.7818 190 190 190 255 
2.6289 0.120303 19.791 190 190 190 255 
2.6289 0.1524 19.5737 190 190 190 255 
2.6289 1.27396 14.4702 190 190 190 255 
2.6289 -0.101598 14.521 190 190 190 255 
2.6289 0.0842515 23.1034 190 190 190 255 
2.6289 -0.101604 20.1852 190 190 190 255 
2.6289 0.20647 19.5284 190 190 190 255 
2.6289 0.778667 19.0198 190 190 190 255 
2.6289 0.250914 19.433 190 190 190 255 
2.6289 0.120309 25.0488 190 190 190 255 
2.6289 0.152406 24.8315 190 190 190 255 
2.6289 0.181406 24.8112 190 190 190 255 
2.6289 0.206455 24.7862 190 190 190 255 
2.6289 0.226775 23.3856 190 190 190 255 
2.6289 0.181411 20.7218 190 190 190 255 
2.6289 0.206459 20.6968 190 190 190 255 
2.6289 0.181407 20.4105 190 190 190 255 
2.6289 0.241746 14.7937 190 190 190 255 
2.6289 0.250913 14.7594 190 190 190 255 
2.6289 0.226779 14.6226 190 190 190 255 
2.6289 0.250924 23.4519 190 190 190 255 
2.6289 0.24174 23.4177 190 190 190 255 
2.6289 0.250918 20.5309 190 190 190 255 
2.6289 0.241755 20.4966 190 190 190 255 
2.6289 0.0508023 19.7788 190 190 190 255 
2.6289 -0.10161 19.601 190 190 190 255 
2.6289 0.0860799 19.5979 190 190 190 255 
2.6289 0.226784 20.6677 190 190 190 255 
2.6289 0.0860907 20.7663 190 190 190 255 
2.6289 0.0842441 20.9499 190 190 190 255 
2.6289 0.0507917 20.9472 190 190 190 255 
2.6289 0.0507947 20.7694 190 190 190 255 
2.6289 -0.101599 20.7694 190 190 190 255 
2.6289 0.152411 20.7421 190 190 190 255 
2.6289 0.236886 21.0687 190 190 190 255 
2.6289 0.220907 21.0392 190 190 190 255 
2.6289 0.120298 20.7571 190 190 190 255 
2.6289 0.0842559 19.014 190 190 190 255 
2.6289 0.116776 19.0058 190 190 190 255 
2.6289 0.254002 24.6556 190 190 190 255 
2.6289 0.250915 24.1066 190 190 190 255 
2.6289 0.253997 24.0714 190 190 190 255 
2.6289 0.586548 25.0493 190 190 190 255 
2.6289 0.241751 24.5861 190 190 190 255 
2.6289 0.241747 24.1409 190 190 190 255 
2.6289 0.247787 15.3582 190 190 190 255 
2.6289 0.181406 15.7369 190 190 190 255 
2.6289 0.152409 19.2218 190 190 190 255 
2.6289 0.2003 18.9512 190 190 190 255 
2.6289 0.20029 22.4564 190 190 190 255 
2.6289 0.226783 15.9941 190 190 190 255 
2.6289 0.181422 24.227 190 190 190 255 
2.6289 0.206471 24.202 190 190 190 255 
2.6289 0.206459 16.0232 190 190 190 255 
2.6289 0.250917 15.8573 190 190 190 255 
2.6289 0.247777 22.3687 190 190 190 255 
2.6289 0.116782 22.7108 190 190 190 255 
2.6289 0.147502 22.7243 190 190 190 255 
2.6289 0.147522 22.4974 190 190 190 255 
2.6289 0.250903 15.9279 190 190 190 255 
2.6289 0.175607 15.4687 190 190 190 255 
2.6289 0.200299 15.446 190 190 190 255 
2.6289 0.2533 22.8862 190 190 190 255 
2.6289 0.220918 22.2076 190 190 190 255 
2.6289 0.247785 15.2585 190 190 190 255 
2.6289 0.18141 14.8798 190 190 190 255 
2.6289 0.254006 15.8925 190 190 190 255 
2.6289 0.147521 15.4871 190 190 190 255 
2.6289 0.220902 22.7919 190 190 190 255 
2.6289 0.253302 21.7514 190 190 190 255 
2.6289 0.25331 21.7178 190 190 190 255 
2.6289 0.147512 21.5559 190 190 190 255 
2.6289 0.175603 21.8949 190 190 190 255 
2.6289 0.236885 16.3951 190 190 190 255 
2.6289 -0.101604 22.522 190 190 190 255 
2.6289 0.0508079 22.6997 190 190 190 255 
2.6289 0.0842393 22.7026 190 190 190 255 
2.6289 0.0507896 22.522 190 190 190 255 
2.6289 0.116787 22.5109 190 190 190 255 
2.6289 0.17561 22.7426 190 190 190 255 
2.6289 0.200291 22.7654 190 190 190 255 
2.6289 0.253308 22.3355 190 190 190 255 
2.6289 0.24778 21.6847 190 190 190 255 
2.6289 0.220912 21.6234 190 190 190 255 
2.6289 0.116776 21.3426 190 190 190 255 
2.6289 0.0508099 15.5115 190 190 190 255 
2.6289 0.0842449 15.5088 190 190 190 255 
2.6289 0.116786 15.5005 190 190 190 255 
2.6289 0.758694 19.308 190 190 190 255 
2.6289 0.175599 21.5742 190 190 190 255 
2.6289 0.247788 21.2002 190 190 190 255 
2.6289 0.236885 21.232 190 190 190 255 
2.6289 0.253305 21.1336 190 190 190 255 
2.6289 0.250904 20.6015 190 190 190 255 
2.6289 0.0508025 22.1156 190 190 190 255 
2.6289 0.0842549 22.1183 190 190 190 255 
2.6289 0.0842407 21.935 190 190 190 255 
2.6289 0.116782 21.9267 190 190 190 255 
2.6289 -0.101597 16.8578 190 190 190 255 
2.6289 0.0842489 16.8605 190 190 190 255 
2.6289 0.220903 21.8457 190 190 190 255 
2.6289 0.23689 21.8162 190 190 190 255 
2.6289 0.200307 22.1811 190 190 190 255 
2.6289 -0.101592 17.4419 190 190 190 255 
2.6289 0.0508018 17.442 190 190 190 255 
2.6289 -0.101594 21.3535 190 190 190 255 
2.6289 0.0508001 21.3536 190 190 190 255 
2.6289 0.0842353 21.3508 190 190 190 255 
2.6289 0.0842495 21.5341 190 190 190 255 
2.6289 0.175609 18.069 190 190 190 255 
2.6289 -0.101605 17.8484 190 190 190 255 
2.6289 0.0508102 17.8483 190 190 190 255 
2.6289 0.0508072 18.0261 190 190 190 255 
2.6289 0.0842384 18.029 190 190 190 255 
2.6289 -0.101599 18.4326 190 190 190 255 
2.6289 0.0507914 18.6104 190 190 190 255 
2.6289 0.200294 18.367 190 190 190 255 
2.6289 0.116781 18.0372 190 190 190 255 
2.6289 0.147521 17.8239 190 190 190 255 
2.6289 0.175608 17.8055 190 190 190 255 
2.6289 0.147522 18.0506 190 190 190 255 
2.6289 0.0842438 18.6131 190 190 190 255 
2.6289 0.11677 18.4216 190 190 190 255 
2.6289 0.147505 18.4081 190 190 190 255 
2.6289 0.200301 16.9233 190 190 190 255 
2.6289 0.175598 16.9006 190 190 190 255 
2.6289 0.0842543 17.4447 190 190 190 255 
2.6289 0.247777 17.6951 190 190 190 255 
2.6289 0.200291 18.0918 190 190 190 255 
2.6289 0.253302 17.0778 190 190 190 255 
2.6289 0.247793 17.1108 190 190 190 255 
2.6289 0.206457 19.2672 190 190 190 255 
2.6289 0.23689 16.9793 190 190 190 255 
2.6289 0.220912 16.9498 190 190 190 255 
2.6289 0.147517 17.4664 190 190 190 255 
2.6289 0.236889 17.1426 190 190 190 255 
2.6289 0.247788 18.8634 190 190 190 255 
2.6289 0.253297 18.8304 190 190 190 255 
2.6289 0.247785 17.5953 190 190 190 255 
2.6289 0.0842557 16.6772 190 190 190 255 
2.6289 0.11677 16.8688 190 190 190 255 
2.6289 0.14751 16.6555 190 190 190 255 
2.6289 0.253299 18.2126 190 190 190 255 
2.6289 0.24779 18.1795 190 190 190 255 
2.6289 0.220923 18.1182 190 190 190 255 
2.6289 0.253309 17.0442 190 190 190 255 
2.6289 0.236896 17.5635 190 190 190 255 
2.6289 0.253296 16.4936 190 190 190 255 
2.6289 0.247774 16.4269 190 190 190 255 
2.6289 0.15241 16.0685 190 190 190 255 
2.6289 0.220907 18.7024 190 190 190 255 
2.6289 0.200296 18.6759 190 190 190 255 
2.6289 0.247782 18.2792 190 190 190 255 
2.6289 0.175614 18.6532 190 190 190 255 
2.05366 1.3906 19.3269 190 190 190 255 
2.05366 1.40714 19.0882 190 190 190 255 
2.26427 1.333 19.3252 190 190 190 255 
2.51343 1.12366 19.3189 190 190 190 255 
2.56847 1.02894 19.3161 190 190 190 255 
2.62608 0.838077 19.0262 190 190 190 255 
1.22869 0.0508089 27.3733 190 190 190 255 
1.22869 -0.101606 27.3734 190 190 190 255 
-2.6289 0.586548 25.0493 190 190 190 255 
-2.62858 0.188734 25.0906 190 190 190 255 
-2.62879 0.167359 25.0733 190 190 190 255 
-2.62822 0.206469 25.1091 190 190 190 255 
-2.6274 0.22677 25.1382 190 190 190 255 
-2.62682 0.234976 25.1539 190 190 190 255 
-2.62611 0.241735 25.1703 190 190 190 255 
-2.62687 0.585613 25.0905 190 190 190 255 
-2.62199 0.254008 25.2397 190 190 190 255 
-2.60921 0.20646 25.3704 190 190 190 255 
-2.60601 0.181412 25.3954 190 190 190 255 
-2.60323 0.15239 25.4158 190 190 190 255 
-2.60108 0.120299 25.4307 190 190 190 255 
-2.60029 0.103323 25.4361 190 190 190 255 
-2.59972 0.0860917 25.4399 190 190 190 255 
-2.58142 0.575345 25.5417 190 190 190 255 
-2.58233 -0.101595 25.5419 190 190 190 255 
-2.56586 0.0685393 25.6215 190 190 190 255 
-2.56448 0.103412 25.6277 190 190 190 255 
-2.56171 0.136662 25.6398 190 190 190 255 
-2.55756 0.167366 25.6576 190 190 190 255 
-2.57843 0.574888 25.5619 190 190 190 255 
-2.54127 0.226775 25.7224 190 190 190 255 
-2.5654 0.573693 25.614 190 190 190 255 
-2.45661 0.56544 25.9776 190 190 190 255 
-2.50101 0.25091 25.8593 190 190 190 255 
-2.51216 0.253992 25.824 190 190 190 255 
-2.51588 0.569202 25.8118 190 190 190 255 
-2.52277 0.250903 25.7887 190 190 190 255 
-2.48967 0.241742 25.8935 190 190 190 255 
-2.47855 0.226769 25.9256 190 190 190 255 
-2.44025 -0.101593 26.0271 190 190 190 255 
-2.36124 -0.101596 26.205 190 190 190 255 
-2.44025 0.0508011 26.0272 190 190 190 255 
-2.36086 0.068592 26.2057 190 190 190 255 
-2.44149 0.0860757 26.0241 190 190 190 255 
-2.44301 0.103345 26.0203 190 190 190 255 
-2.44513 0.120304 26.0149 190 190 190 255 
-2.44781 0.136737 26.0081 190 190 190 255 
-2.45919 0.182723 25.9785 190 190 190 255 
-2.35521 0.120299 26.2172 190 190 190 255 
-2.42912 0.563686 26.0545 190 190 190 255 
-2.33114 0.194549 26.2646 190 190 190 255 
-2.32431 0.206458 26.2776 190 190 190 255 
-2.34719 0.55974 26.2279 190 190 190 255 
-2.26012 0.556149 26.3859 190 190 190 255 
-2.25045 0.253998 26.4082 190 190 190 255 
-2.18661 0.553356 26.5087 190 190 190 255 
-2.22876 0.250915 26.4434 190 190 190 255 
-2.1847 0.553292 26.5112 190 190 190 255 
-2.11957 0.103435 26.6044 190 190 190 255 
-1.99749 0.547754 26.7552 190 190 190 255 
-2.12346 0.120288 26.5991 190 190 190 255 
-2.20699 0.241748 26.4777 190 190 190 255 
-2.0333 0.54865 26.7156 190 190 190 255 
-2.11504 0.0686127 26.6106 190 190 190 255 
-2.11446 0.0508065 26.6113 190 190 190 255 
-1.99903 -0.101592 26.7566 190 190 190 255 
-1.97075 0.0508035 26.7892 190 190 190 255 
-1.97006 0.0685557 26.79 190 190 190 255 
-1.96802 0.0860929 26.7922 190 190 190 255 
-1.96457 0.103596 26.7961 190 190 190 255 
-1.9537 0.136865 26.8083 190 190 190 255 
-1.94638 0.152394 26.8164 190 190 190 255 
-1.93756 0.167549 26.8261 190 190 190 255 
-1.90421 0.206464 26.8617 190 190 190 255 
-1.87616 0.226786 26.8907 190 190 190 255 
-1.86029 0.544307 26.9068 190 190 190 255 
-1.78135 0.542663 26.9785 190 190 190 255 
-1.67547 0.540493 27.0746 190 190 190 255 
-1.65237 0.22678 27.094 190 190 190 255 
-1.46263 0.536854 27.2337 190 190 190 255 
-1.30123 0.534651 27.3307 190 190 190 255 
-1.6158 0.206455 27.123 190 190 190 255 
-1.51918 0.0687225 27.1947 190 190 190 255 
-1.30251 -0.10161 27.3328 190 190 190 255 
-1.22834 0.0594638 27.3735 190 190 190 255 
-1.22731 0.0680236 27.3741 190 190 190 255 
-1.22334 0.0845225 27.3762 190 190 190 255 
-1.25299 0.53399 27.3597 190 190 190 255 
-1.24184 0.533856 27.3663 190 190 190 255 
-1.0934 0.20127 27.44 190 190 190 255 
-0.956601 0.530908 27.4956 190 190 190 255 
-0.645445 0.528658 27.5944 190 190 190 255 
-0.450887 0.243099 27.6331 190 190 190 255 
-0.325183 0.527273 27.6556 190 190 190 255 
0.450887 0.243099 27.6331 190 190 190 255 
0.297181 0.235486 27.6613 190 190 190 255 
-1.19156e-009 0.226785 27.6781 190 190 190 255 
-1.03658e-005 0.526768 27.6779 190 190 190 255 
0.507934 0.527883 27.6286 190 190 190 255 
0.758032 0.529287 27.5665 190 190 190 255 
1.30114 0.534664 27.3305 190 190 190 255 
1.19461 0.133737 27.3911 190 190 190 255 
0.890508 0.246745 27.5227 190 190 190 255 
1.00078 0.531264 27.4802 190 190 190 255 
1.03264 0.221853 27.4668 190 190 190 255 
1.0934 0.20127 27.44 190 190 190 255 
1.23402 0.533761 27.3705 190 190 190 255 
1.2164 0.101619 27.3798 190 190 190 255 
1.22656 0.0721203 27.3745 190 190 190 255 
1.30251 -0.10161 27.3328 190 190 190 255 
1.52242 0.0860865 27.1925 190 190 190 255 
1.53524 0.120293 27.1833 190 190 190 255 
1.45527 0.536755 27.2386 190 190 190 255 
1.75382 0.542098 27.0034 190 190 190 255 
1.73122 0.250921 27.0276 190 190 190 255 
1.92783 0.545988 26.8321 190 190 190 255 
1.87616 0.226786 26.8907 190 190 190 255 
1.94638 0.152394 26.8164 190 190 190 255 
1.97006 0.068634 26.7899 190 190 190 255 
1.99903 -0.101592 26.7566 190 190 190 255 
1.97075 0.0508035 26.7892 190 190 190 255 
1.97075 -0.10159 26.7891 190 190 190 255 
1.99769 0.547746 26.7554 190 190 190 255 
2.11504 0.0685592 26.6106 190 190 190 255 
2.11674 0.0860811 26.6083 190 190 190 255 
2.11959 0.103553 26.6044 190 190 190 255 
2.12346 0.120288 26.5991 190 190 190 255 
2.12842 0.136748 26.5923 190 190 190 255 
2.13431 0.152401 26.5841 190 190 190 255 
2.14119 0.167476 26.5745 190 190 190 255 
2.16621 0.20645 26.5388 190 190 190 255 
2.1343 0.55174 26.5795 190 190 190 255 
2.26018 0.556135 26.3859 190 190 190 255 
2.42565 0.563497 26.0628 190 190 190 255 
2.31483 0.558215 26.2953 190 190 190 255 
2.26274 0.252192 26.3874 190 190 190 255 
2.34772 0.152409 26.2322 190 190 190 255 
2.35181 0.136761 26.2241 190 190 190 255 
2.34287 0.167426 26.2418 190 190 190 255 
2.30875 0.226781 26.3066 190 190 190 255 
2.32431 0.206458 26.2776 190 190 190 255 
2.33738 0.181419 26.2525 190 190 190 255 
2.35521 0.120299 26.2172 190 190 190 255 
2.35785 0.103372 26.2119 190 190 190 255 
2.45467 0.167387 25.9904 190 190 190 255 
2.35973 0.0860875 26.208 190 190 190 255 
2.44781 0.13673 26.0081 190 190 190 255 
2.44025 -0.101593 26.0271 190 190 190 255 
2.36124 0.0507981 26.205 190 190 190 255 
2.36086 0.0685942 26.2057 190 190 190 255 
2.44056 0.0685764 26.0264 190 190 190 255 
2.44149 0.0860757 26.0241 190 190 190 255 
2.45918 0.182527 25.9785 190 190 190 255 
2.47855 0.226769 25.9256 190 190 190 255 
2.45647 0.565443 25.9775 190 190 190 255 
2.51328 0.569001 25.8203 190 190 190 255 
2.55757 0.167321 25.6575 190 190 190 255 
2.54476 0.571831 25.6964 190 190 190 255 
2.53255 0.24174 25.7545 190 190 190 255 
2.57668 0.57468 25.5707 190 190 190 255 
2.54127 0.226775 25.7224 190 190 190 255 
2.54878 0.206453 25.6934 190 190 190 255 
2.55981 0.152404 25.648 190 190 190 255 
2.56171 0.136725 25.6399 190 190 190 255 
2.56448 0.103332 25.6277 190 190 190 255 
2.56586 0.0685762 25.6215 190 190 190 255 
2.59925 -0.101598 25.443 190 190 190 255 
2.58233 -0.101595 25.5419 190 190 190 255 
2.58107 0.575348 25.5417 190 190 190 255 
2.61262 0.226785 25.3413 190 190 190 255 
2.61534 0.580473 25.3158 190 190 190 255 
2.62199 0.254008 25.2397 190 190 190 255 
2.62321 0.253237 25.2221 190 190 190 255 
2.62528 0.247066 25.1871 190 190 190 255 
2.62611 0.241735 25.1703 190 190 190 255 
2.6274 0.22677 25.1382 190 190 190 255 
2.6268 0.585611 25.0905 190 190 190 255 
2.62858 0.188734 25.0906 190 190 190 255 
-2.46204 -1.11234 10.2135 190 190 190 255 
-1.19154e-009 -0.810522 10.3199 190 190 190 255 
-2.6289 -0.810522 10.3199 190 190 190 255 
-1.19154e-009 -0.497094 10.3845 190 190 190 255 
-2.6289 -0.497094 10.3845 190 190 190 255 
-1.19155e-009 -0.177797 10.4062 190 190 190 255 
-1.19155e-009 -0.00180324 10.4584 190 190 190 255 
-1.19155e-009 0.0910588 10.5081 190 190 190 255 
-1.19154e-009 0.125162 8.65642 190 190 190 255 
-1.19155e-009 0.174423 10.5725 190 190 190 255 
-1.19154e-009 -0.412084 8.55199 190 190 190 255 
-1.19154e-009 -1.11234 10.2135 190 190 190 255 
-1.19154e-009 -0.0139675 8.66615 190 190 190 255 
6.02713e-007 1.69827 10.5726 190 190 190 255 
-1.19154e-009 -0.799978 7.8522 190 190 190 255 
-1.19154e-009 -1.39701 7.86618 190 190 190 255 
-1.19154e-009 0.260484 8.62268 190 190 190 255 
-1.19154e-009 -0.260488 7.10966 190 190 190 255 
-1.19154e-009 -0.48523 6.55614 190 190 190 255 
-1.19154e-009 0.0139634 7.06619 190 190 190 255 
-1.19154e-009 0.286729 7.11921 190 190 190 255 
-1.19154e-009 0.466091 6.54923 190 190 190 255 
-1.19154e-009 0.41208 7.18035 190 190 190 255 
-1.19154e-009 1.20127 7.15302 190 190 190 255 
-1.19154e-009 0.756509 7.60568 190 190 190 255 
-1.19154e-009 1.39686 7.8458 190 190 190 255 
-1.19154e-009 1.32031 8.32265 190 190 190 255 
-1.19155e-009 1.25094 9.08524 190 190 190 255 
-1.19154e-009 0.503522 8.48795 190 190 190 255 
-1.90697 2.64433 -0.733662 190 190 190 255 
-1.90366 2.68917 -0.709938 190 190 190 255 
-1.3335 2.65254 -0.755828 190 190 190 255 
-1.90575 2.67206 -0.720977 190 190 190 255 
-1.9064 2.61997 -0.740779 190 190 190 255 
-1.90698 2.64425 -0.733695 190 190 190 255 
-1.90639 2.61974 -0.740867 190 190 190 255 
-1.90473 2.59515 -0.745424 190 190 190 255 
-1.9062 2.61168 -0.743229 190 190 190 255 
-1.902 2.56991 -0.747609 190 190 190 255 
-1.90202 2.57006 -0.747616 190 190 190 255 
-2.16114 2.79552 -0.598278 190 190 190 255 
-2.04283 2.7435 -0.657926 190 190 190 255 
-2.03586 2.77592 -0.626199 190 190 190 255 
-2.1931 2.74721 -0.633328 190 190 190 255 
-2.19042 2.75228 -0.629978 190 190 190 255 
-2.07409 2.63916 -0.717486 190 190 190 255 
-2.07064 2.67736 -0.70062 190 190 190 255 
-2.21942 2.60395 -0.70109 190 190 190 255 
-2.19495 2.50325 -0.726432 190 190 190 255 
-2.21071 2.55013 -0.716831 190 190 190 255 
-2.07007 2.59949 -0.730316 190 190 190 255 
-2.21103 2.55192 -0.716303 190 190 190 255 
-2.18618 2.4855 -0.728681 190 190 190 255 
-2.17518 2.46327 -0.7315 190 190 190 255 
-2.1209 2.39265 -0.731284 190 190 190 255 
-2.14907 2.42445 -0.73312 190 190 190 255 
-2.16156 2.44295 -0.732372 190 190 190 255 
-2.11 2.40403 -0.732596 190 190 190 255 
-1.89842 2.54612 -0.747261 190 190 190 255 
-2.04116 2.52181 -0.74261 190 190 190 255 
-1.97177 2.51898 -0.744717 190 190 190 255 
-1.93601 2.53541 -0.746265 190 190 190 255 
-1.9032 2.57796 -0.747745 190 190 190 255 
-2.05891 2.55988 -0.738786 190 190 190 255 
-1.9047 2.59486 -0.74547 190 190 190 255 
-2.06005 2.71262 -0.680476 190 190 190 255 
-1.90597 2.66703 -0.723291 190 190 190 255 
-1.90697 2.64433 -0.733663 190 190 190 255 
-2.18024 2.77162 -0.617316 190 190 190 255 
-1.90038 2.70897 -0.695028 190 190 190 255 
-1.90227 2.70061 -0.702546 190 190 190 255 
-1.90369 2.68896 -0.710053 190 190 190 255 
-2.02006 2.7682 -0.634528 190 190 190 255 
-1.98405 2.7506 -0.653572 190 190 190 255 
-1.9428 2.73636 -0.668841 190 190 190 255 
-1.9002 2.70976 -0.694308 190 190 190 255 
-1.09985 1.89889 14.5972 190 190 190 255 
-0.972876 1.91863 14.4158 190 190 190 255 
-1.07008 0.152397 14.5482 190 190 190 255 
-1.05271 0.0686078 14.5217 190 190 190 255 
-1.05219 0.0507961 14.521 190 190 190 255 
-1.05219 -0.101598 14.521 190 190 190 255 
-1.16397 0.253995 14.7242 190 190 190 255 
-1.14793 0.250917 14.6889 190 190 190 255 
-1.1311 0.241744 14.6547 190 190 190 255 
-1.11413 0.226779 14.6226 190 190 190 255 
-1.22802 0.136653 14.9083 190 190 190 255 
-1.22583 0.152399 14.9001 190 190 190 255 
-1.22015 0.18141 14.8798 190 190 190 255 
-1.21662 0.194489 14.8678 190 190 190 255 
-1.26721 0.175603 15.148 190 190 190 255 
-1.27 0.239175 15.2322 190 190 190 255 
-1.26586 0.147516 15.1296 190 190 190 255 
-1.26469 0.116775 15.1162 190 190 190 255 
-1.26391 0.0842431 15.1079 190 190 190 255 
-0.906961 0.0507991 14.3432 190 190 190 255 
-0.906961 -0.101595 14.3432 190 190 190 255 
-1.06037 0.120296 14.5332 190 190 190 255 
-0.972876 -0.101604 14.4158 190 190 190 255 
-0.906192 0.0686375 14.3424 190 190 190 255 
-0.900076 0.103565 14.3362 190 190 190 255 
-0.887802 0.136886 14.324 190 190 190 255 
-0.879451 0.152404 14.3159 190 190 190 255 
-0.857784 0.181415 14.2956 190 190 190 255 
-0.828948 0.205989 14.2702 190 190 190 255 
-0.752982 0.24174 14.2095 190 190 190 255 
-0.647268 0.253334 14.1399 190 190 190 255 
-0.635 1.9495 14.1323 190 190 190 255 
-0.536725 1.95506 14.0812 190 190 190 255 
-0.513183 0.241749 14.0705 190 190 190 255 
-0.3287 1.96331 14.0054 190 190 190 255 
-0.43328 0.22518 14.0418 190 190 190 255 
-0.220533 1.96592 13.9815 190 190 190 255 
-0.342965 0.206462 14.0093 190 190 190 255 
-0.234279 0.181146 13.9846 190 190 190 255 
-0.220533 0.177949 13.9815 190 190 190 255 
-1.19155e-009 1.96802 13.9622 190 190 190 255 
0.110688 1.9675 13.967 190 190 190 255 
0.220533 1.96592 13.9815 190 190 190 255 
0.3287 1.96331 14.0054 190 190 190 255 
0.434366 0.227004 14.0387 190 190 190 255 
0.584531 0.250911 14.1047 190 190 190 255 
0.536725 1.95506 14.0812 190 190 190 255 
0.894785 0.120302 14.3309 190 190 190 255 
0.844175 0.194796 14.2833 190 190 190 255 
0.879451 0.152404 14.3159 190 190 190 255 
0.79474 0.226778 14.2416 190 190 190 255 
0.81634 1.93568 14.2593 190 190 190 255 
0.82961 0.206464 14.2706 190 190 190 255 
0.972876 1.91863 14.4158 190 190 190 255 
0.972876 -0.101604 14.4158 190 190 190 255 
1.07008 0.152397 14.5482 190 190 190 255 
1.07615 0.167431 14.5578 190 190 190 255 
1.0828 0.181417 14.5685 190 190 190 255 
1.09776 0.206456 14.5936 190 190 190 255 
1.09981 0.209007 14.5972 190 190 190 255 
1.16397 0.253995 14.7242 190 190 190 255 
1.17875 0.250913 14.7594 190 190 190 255 
1.20816 0.217263 14.8407 190 190 190 255 
1.21661 0.194535 14.8678 190 190 190 255 
1.22015 0.18141 14.8798 190 190 190 255 
1.19341 1.87705 14.7978 190 190 190 255 
1.20322 0.226772 14.8258 190 190 190 255 
1.25071 1.85377 15.0116 190 190 190 255 
1.22583 0.152399 14.9001 190 190 190 255 
1.22801 0.136735 14.9083 190 190 190 255 
1.23115 0.103337 14.9204 190 190 190 255 
1.23269 0.0685798 14.9266 190 190 190 255 
1.23288 0.0508045 14.9274 190 190 190 255 
1.23288 -0.1016 14.9274 190 190 190 255 
1.26391 0.0842431 15.1079 190 190 190 255 
1.25071 -0.101603 15.0116 190 190 190 255 
1.26363 0.0508015 15.1052 190 190 190 255 
1.26586 0.147516 15.1296 190 190 190 255 
1.26721 0.175603 15.148 190 190 190 255 
1.26999 0.236884 15.2267 190 190 190 255 
1.26851 0.200296 15.1708 190 190 190 255 
2.09959 1.89643 14.5379 190 190 190 255 
2.26343 1.84324 14.5321 190 190 190 255 
2.26427 1.34987 19.0819 190 190 190 255 
2.23658 1.85486 14.5334 190 190 190 255 
2.16146 1.38757 19.0861 190 190 190 255 
2.35903 1.29515 19.076 190 190 190 255 
2.35792 1.78876 14.5262 190 190 190 255 
2.35756 1.789 14.5262 190 190 190 255 
2.4417 1.71904 14.5186 190 190 190 255 
2.41293 1.74571 14.5215 190 190 190 255 
2.5278 1.6157 14.5074 190 190 190 255 
2.51343 1.14166 19.0593 190 190 190 255 
2.51215 1.63598 14.5096 190 190 190 255 
2.44291 1.22505 19.0684 190 190 190 255 
2.50815 1.64114 14.5101 190 190 190 255 
2.46377 1.6986 14.5164 190 190 190 255 
2.5459 1.582 14.5037 190 190 190 255 
2.62644 1.32945 14.4762 190 190 190 255 
2.60639 0.945253 19.0379 190 190 190 255 
2.60555 1.44026 14.4883 190 190 190 255 
2.56847 1.04745 19.049 190 190 190 255 
2.56731 1.54213 14.4994 190 190 190 255 
2.29653 1.82893 14.5306 190 190 190 255 
2.29406 1.84434 14.3749 190 190 190 255 
1.80138 1.99809 13.6859 190 190 190 255 
1.27758 1.46351 12.1745 190 190 190 255 
0.985333 1.52985 12.0374 190 190 190 255 
1.46298 1.45431 12.2859 190 190 190 255 
1.55411 1.49562 12.352 190 190 190 255 
1.80415 1.47298 12.5599 190 190 190 255 
2.03328 1.41156 12.8038 190 190 190 255 
1.86041 1.42733 12.6128 190 190 190 255 
2.02689 1.44712 12.7975 190 190 190 255 
2.18661 1.39447 13.0108 190 190 190 255 
2.42911 1.35697 13.4649 190 190 190 255 
2.37657 1.38728 13.3471 190 190 190 255 
2.37315 1.36675 13.3465 190 190 190 255 
2.31904 1.3762 13.232 190 190 190 255 
2.57977 1.31554 13.9666 190 190 190 255 
2.57843 1.31629 13.9575 190 190 190 255 
2.61404 1.29646 14.1978 190 190 190 255 
2.60401 1.30204 14.1301 190 190 190 255 
1.98633 1.91993 14.4039 190 190 190 255 
1.9939 1.90523 14.5389 190 190 190 255 
1.98129 1.92969 14.3143 190 190 190 255 
1.88097 1.97726 13.8773 190 190 190 255 
1.94631 1.97251 13.899 190 190 190 255 
2.01082 1.94559 14.1462 190 190 190 255 
1.89238 1.97297 13.9167 190 190 190 255 
1.79479 1.99982 13.6701 190 190 190 255 
1.68593 2.02113 13.4743 190 190 190 255 
1.53544 2.04348 13.269 190 190 190 255 
1.36589 2.06304 13.0893 190 190 190 255 
1.17605 2.08015 12.9322 190 190 190 255 
1.21019 2.08281 12.8858 190 190 190 255 
0.996451 2.09773 12.7488 190 190 190 255 
2.38699 1.76974 14.5241 190 190 190 255 
2.16934 1.89523 14.3889 190 190 190 255 
2.17401 1.87789 14.5359 190 190 190 255 
2.19599 1.87241 14.5353 190 190 190 255 
2.04858 1.90068 14.5384 190 190 190 255 
2.05348 1.90027 14.5384 190 190 190 255 
2.11089 1.89361 14.5376 190 190 190 255 
2.16102 1.88113 14.5363 190 190 190 255 
2.23234 1.87343 14.3822 190 190 190 255 
2.6159 1.3914 14.4829 190 190 190 255 
2.62057 1.34694 14.2985 190 190 190 255 
2.62652 1.32761 14.476 190 190 190 255 
2.62578 1.33332 14.4766 190 190 190 255 
2.5418 1.60167 14.3316 190 190 190 255 
2.57664 1.52474 14.4975 190 190 190 255 
2.60021 1.45586 14.49 190 190 190 255 
2.45924 1.7155 14.3496 190 190 190 255 
2.4087 1.76489 14.3584 190 190 190 255 
2.41934 1.74866 14.045 190 190 190 255 
2.36962 1.79737 14.0601 190 190 190 255 
2.22824 1.81196 13.4636 190 190 190 255 
1.90026 1.86807 12.9481 190 190 190 255 
1.86114 1.91436 12.9855 190 190 190 255 
1.69138 1.89233 12.7252 190 190 190 255 
2.61174 1.41097 14.3061 190 190 190 255 
2.49556 1.41669 13.6579 190 190 190 255 
2.37454 1.44967 13.3549 190 190 190 255 
1.80261 1.5353 12.5683 190 190 190 255 
1.55279 1.55792 12.3605 190 190 190 255 
1.54754 1.62124 12.3746 190 190 190 255 
2.58027 1.31981 13.9669 190 190 190 255 
2.49769 1.35427 13.6504 190 190 190 255 
2.57808 1.38225 13.9742 190 190 190 255 
2.21881 1.41839 13.0613 190 190 190 255 
2.21692 1.48075 13.0694 190 190 190 255 
2.02516 1.50946 12.8057 190 190 190 255 
1.27982 1.51475 12.1762 190 190 190 255 
2.1845 1.90547 13.8134 190 190 190 255 
2.07845 1.93438 13.5478 190 190 190 255 
2.13214 1.90038 13.5187 190 190 190 255 
1.9905 1.92832 13.2621 190 190 190 255 
1.94035 1.96161 13.2977 190 190 190 255 
1.77238 1.98675 13.0668 190 190 190 255 
1.11886 2.04592 12.5232 190 190 190 255 
1.17499 1.97648 12.4148 190 190 190 255 
0.90472 1.98894 12.2869 190 190 190 255 
2.35326 1.80805 14.3669 190 190 190 255 
2.31506 1.83979 14.0753 190 190 190 255 
2.29372 1.82904 13.7691 190 190 190 255 
2.2409 1.87073 13.791 190 190 190 255 
2.18242 1.85939 13.4904 190 190 190 255 
2.03746 1.88797 13.2279 190 190 190 255 
1.81821 1.9541 13.0253 190 190 190 255 
1.65653 1.93812 12.7672 190 190 190 255 
1.61831 1.97732 12.812 190 190 190 255 
1.39394 1.99763 12.6254 190 190 190 255 
1.42688 1.95891 12.5762 190 190 190 255 
1.14785 2.0148 12.4677 190 190 190 255 
0.883887 2.02672 12.3426 190 190 190 255 
2.19609 1.90355 14.1055 190 190 190 255 
2.1341 1.92453 14.1198 190 190 190 255 
2.06568 1.95307 13.8576 190 190 190 255 
1.96535 1.98042 13.6064 190 190 190 255 
1.83471 2.00618 13.3698 190 190 190 255 
1.7246 2.01203 13.109 190 190 190 255 
1.53493 2.03406 12.9067 190 190 190 255 
1.4915 2.05137 12.9547 190 190 190 255 
0.814774 2.09721 12.5213 190 190 190 255 
0.791008 2.1066 12.5812 190 190 190 255 
0.786756 2.10828 12.5919 190 190 190 255 
2.10623 1.90996 14.3948 190 190 190 255 
2.04404 1.91798 14.3998 190 190 190 255 
2.00555 1.96612 13.8788 190 190 190 255 
1.85173 1.99829 13.6621 190 190 190 255 
1.72858 2.02258 13.4391 190 190 190 255 
1.57883 2.04499 13.2332 190 190 190 255 
1.44798 2.06158 13.002 190 190 190 255 
1.40511 2.06517 13.0479 190 190 190 255 
1.24714 2.07977 12.8349 190 190 190 255 
0.767546 2.10742 12.6393 190 190 190 255 
2.072 1.93839 14.1335 190 190 190 255 
1.90812 1.99268 13.6348 190 190 190 255 
1.78125 2.0177 13.405 190 190 190 255 
1.62697 2.04079 13.1929 190 190 190 255 
1.67583 2.02996 13.1513 190 190 190 255 
1.28464 2.07009 12.7827 190 190 190 255 
1.0269 2.09513 12.6938 190 190 190 255 
1.0578 2.08592 12.6373 190 190 190 255 
2.25681 1.87529 14.0905 190 190 190 255 
2.1257 1.93293 13.8357 190 190 190 255 
2.02248 1.96106 13.5772 190 190 190 255 
1.88807 1.98757 13.3338 190 190 190 255 
1.57749 2.00938 12.8588 190 190 190 255 
1.35876 2.02919 12.6769 190 190 190 255 
1.32208 2.05333 12.7297 190 190 190 255 
1.08864 2.06961 12.5801 190 190 190 255 
0.860906 2.06054 12.4032 190 190 190 255 
0.838332 2.08045 12.4612 190 190 190 255 
2.59583 1.47554 14.3142 190 190 190 255 
2.53081 1.5742 14.0043 190 190 190 255 
2.55373 1.51052 13.9929 190 190 190 255 
2.35211 1.57732 13.3794 190 190 190 255 
2.00601 1.63653 12.8354 190 190 190 255 
1.98797 1.69908 12.8571 190 190 190 255 
1.52424 1.74665 12.4201 190 190 190 255 
1.26661 1.70347 12.2205 190 190 190 255 
1.2552 1.76542 12.2477 190 190 190 255 
0.97523 1.71789 12.0829 190 190 190 255 
0.954814 1.83863 12.1466 190 190 190 255 
2.46324 1.69449 14.0306 190 190 190 255 
2.26871 1.75892 13.4386 190 190 190 255 
2.11806 1.78863 13.1658 190 190 190 255 
2.15019 1.73149 13.1391 190 190 190 255 
1.93481 1.81606 12.9138 190 190 190 255 
1.48343 1.86237 12.4884 190 190 190 255 
1.22158 1.88063 12.3207 190 190 190 255 
2.57253 1.53952 14.3228 190 190 190 255 
2.44979 1.60799 13.6938 190 190 190 255 
2.50057 1.63593 14.0169 190 190 190 255 
2.42051 1.66933 13.7101 190 190 190 255 
2.33098 1.64039 13.3962 190 190 190 255 
2.30311 1.70134 13.4161 190 190 190 255 
2.17622 1.6709 13.1159 190 190 190 255 
1.96418 1.75933 12.8834 190 190 190 255 
1.76949 1.72445 12.6241 190 190 190 255 
1.7483 1.78441 12.6531 190 190 190 255 
1.50597 1.80634 12.4515 190 190 190 255 
1.24016 1.82488 12.2812 190 190 190 255 
1.24217 1.46526 12.1533 190 190 190 255 
1.23199 1.46567 12.1484 190 190 190 255 
1.27872 1.57704 12.1849 190 190 190 255 
0.98117 1.65503 12.0614 190 190 190 255 
2.60959 1.42844 14.487 190 190 190 255 
2.56939 1.44617 13.9828 190 190 190 255 
2.48715 1.48047 13.6676 190 190 190 255 
2.47199 1.54463 13.6796 190 190 190 255 
2.36654 1.51336 13.3656 190 190 190 255 
2.20944 1.54433 13.081 190 190 190 255 
2.01833 1.57294 12.8183 190 190 190 255 
2.19596 1.60811 13.0965 190 190 190 255 
1.79653 1.59869 12.5817 190 190 190 255 
1.78555 1.66213 12.6002 190 190 190 255 
1.53808 1.68454 12.3944 190 190 190 255 
1.2744 1.6403 12.1996 190 190 190 255 
2.50386 1.66073 14.3406 190 190 190 255 
2.38437 1.72739 13.7283 190 190 190 255 
2.34186 1.78098 13.7481 190 190 190 255 
2.08026 1.84113 13.1955 190 190 190 255 
1.72214 1.84076 12.687 190 190 190 255 
1.45691 1.91356 12.5302 190 190 190 255 
1.19973 1.93149 12.3655 190 190 190 255 
0.940572 1.89393 12.1879 190 190 190 255 
0.924303 1.94584 12.2338 190 190 190 255 
0.691005 1.49998 11.8706 190 190 190 255 
0.433253 1.53367 11.6501 190 190 190 255 
0.213816 1.57725 11.3649 190 190 190 255 
-0.535664 2.32177 10.6405 190 190 190 255 
-0.499083 2.29421 10.8506 190 190 190 255 
-0.434515 2.27835 10.8423 190 190 190 255 
-0.451696 2.30173 10.6383 190 190 190 255 
-0.346716 2.26074 10.6338 190 190 190 255 
-0.438774 2.29865 10.6379 190 190 190 255 
-0.324992 2.2475 10.6324 190 190 190 255 
-0.261756 2.20898 10.6282 190 190 190 255 
-0.210214 2.16522 10.6234 190 190 190 255 
-0.0665136 1.97766 10.7722 190 190 190 255 
-0.115852 2.06054 10.612 190 190 190 255 
-0.121273 2.06932 10.613 190 190 190 255 
-0.194867 2.14224 10.8032 190 190 190 255 
-0.185986 2.14465 10.6212 190 190 190 255 
-0.0692086 1.98487 10.6038 190 190 190 255 
-0.0503838 1.93969 10.5989 190 190 190 255 
-0.0376275 1.91616 10.7626 190 190 190 255 
-0.0310765 1.89334 10.5938 190 190 190 255 
-0.0272265 1.8774 10.5921 190 190 190 255 
-0.00430385 1.75266 10.5785 190 190 190 255 
-0.00152239 1.79049 10.7452 190 190 190 255 
-0.00781499 1.79703 10.5833 190 190 190 255 
0.0133442 1.67342 10.7353 190 190 190 255 
0.00628864 1.72853 10.7377 190 190 190 255 
0.0128597 1.67407 10.731 190 190 190 255 
0.000974984 1.68984 10.6278 190 190 190 255 
0.54474 1.5163 11.7638 190 190 190 255 
0.331574 2.13065 12.4683 190 190 190 255 
-0.180155 2.18334 11.9843 190 190 190 255 
-0.383975 2.21884 11.6581 190 190 190 255 
-0.497316 2.24654 11.4037 190 190 190 255 
-0.510818 2.27336 11.1224 190 190 190 255 
-0.615351 2.2984 10.9274 190 190 190 255 
-0.634673 2.32538 10.6796 190 190 190 255 
-0.622185 2.30527 10.8643 190 190 190 255 
0.596107 2.11805 12.564 190 190 190 255 
0.767547 2.10742 12.6393 190 190 190 255 
0.791009 2.1066 12.5812 190 190 190 255 
0.814776 2.0972 12.5213 190 190 190 255 
0.823052 2.09393 12.5005 190 190 190 255 
0.838334 2.08045 12.4612 190 190 190 255 
0.710464 2.06773 12.3339 190 190 190 255 
0.824083 1.84822 12.0868 190 190 190 255 
0.954814 1.83863 12.1466 190 190 190 255 
0.966625 1.78298 12.1113 190 190 190 255 
0.848995 1.72718 12.0247 190 190 190 255 
0.975231 1.71789 12.0829 190 190 190 255 
0.978935 1.68987 12.0707 190 190 190 255 
0.981171 1.65503 12.0614 190 190 190 255 
0.98518 1.59253 12.0446 190 190 190 255 
0.861661 1.53869 11.9793 190 190 190 255 
0.985333 1.52985 12.0374 190 190 190 255 
0.985422 1.49292 12.0332 190 190 190 255 
0.862752 1.48461 11.9713 190 190 190 255 
0.883888 2.02671 12.3426 190 190 190 255 
0.894967 2.01041 12.3134 190 190 190 255 
0.762984 1.99898 12.2233 190 190 190 255 
0.904721 1.98894 12.2869 190 190 190 255 
0.940573 1.89393 12.1879 190 190 190 255 
0.948331 1.86917 12.166 190 190 190 255 
0.429086 2.12213 12.3226 190 190 190 255 
0.624531 2.11582 12.5079 190 190 190 255 
0.653392 2.10699 12.4503 190 190 190 255 
0.682214 2.09105 12.3919 190 190 190 255 
0.500053 2.0829 12.2141 190 190 190 255 
0.565492 2.0142 12.1106 190 190 190 255 
0.737575 2.03696 12.2773 190 190 190 255 
0.594426 1.96956 12.0632 190 190 190 255 
0.78616 1.95432 12.1729 190 190 190 255 
0.620045 1.919 12.0201 190 190 190 255 
0.806645 1.90373 12.1271 190 190 190 255 
0.838235 1.78896 12.0526 190 190 190 255 
0.682713 1.67955 11.902 190 190 190 255 
0.856382 1.66412 12.0033 190 190 190 255 
0.86053 1.60093 11.9883 190 190 190 255 
0.689763 1.5542 11.878 190 190 190 255 
0.143714 2.14623 12.3252 190 190 190 255 
0.357967 2.13319 12.4282 190 190 190 255 
0.393241 2.13096 12.3762 190 190 190 255 
0.46491 2.1062 12.2683 190 190 190 255 
0.305439 2.10124 12.0689 190 190 190 255 
0.345384 2.07052 12.0205 190 190 190 255 
0.533815 2.05215 12.1612 190 190 190 255 
0.47378 1.88204 11.855 190 190 190 255 
0.641902 1.86354 11.982 190 190 190 255 
0.49508 1.82286 11.8245 190 190 190 255 
0.659698 1.80432 11.9494 190 190 190 255 
0.511447 1.76116 11.7993 190 190 190 255 
0.673295 1.74257 11.9227 190 190 190 255 
0.529616 1.63508 11.7651 190 190 190 255 
0.688111 1.6164 11.8872 190 190 190 255 
0.623414 1.50753 11.8212 190 190 190 255 
-0.0858157 2.1713 12.0949 190 190 190 255 
0.137776 2.15149 12.2636 190 190 190 255 
-0.0133679 2.17041 12.0314 190 190 190 255 
0.179342 2.14927 12.2165 190 190 190 255 
0.221617 2.14044 12.1678 190 190 190 255 
0.263908 2.12453 12.1183 190 190 190 255 
0.130076 2.12243 11.9006 190 190 190 255 
0.2185 2.05384 11.8157 190 190 190 255 
0.382915 2.03259 11.974 190 190 190 255 
0.257795 2.00926 11.7765 190 190 190 255 
0.417252 1.98798 11.9304 190 190 190 255 
0.292741 1.95877 11.7404 190 190 190 255 
0.322724 1.90339 11.7081 190 190 190 255 
0.447719 1.93746 11.8905 190 190 190 255 
0.347332 1.84426 11.6801 190 190 190 255 
0.366362 1.7826 11.6568 190 190 190 255 
0.379823 1.71966 11.6381 190 190 190 255 
0.522899 1.69818 11.7796 190 190 190 255 
0.387912 1.65662 11.6242 190 190 190 255 
0.531915 1.57292 11.7558 190 190 190 255 
-0.255934 2.19541 11.8734 190 190 190 255 
-0.233965 2.19631 11.8588 190 190 190 255 
-0.0605518 2.17265 12.0729 190 190 190 255 
-0.181923 2.19409 11.8235 190 190 190 255 
-0.0756971 2.16939 11.7493 190 190 190 255 
0.0346686 2.16161 11.9883 190 190 190 255 
0.0827765 2.14571 11.9445 190 190 190 255 
0.0271686 2.11546 11.6742 190 190 190 255 
0.175632 2.09173 11.8574 190 190 190 255 
0.157493 1.9826 11.572 190 190 190 255 
0.191054 1.92726 11.5434 190 190 190 255 
0.269118 1.61859 11.4573 190 190 190 255 
0.390981 1.5945 11.6147 190 190 190 255 
0.363147 1.54461 11.5785 190 190 190 255 
0.391875 1.54013 11.6078 190 190 190 255 
-0.425216 2.2272 11.5814 190 190 190 255 
-0.366237 2.21942 11.649 190 190 190 255 
-0.253713 2.2084 11.5894 190 190 190 255 
-0.128882 2.18528 11.7868 190 190 190 255 
-0.196664 2.19252 11.5581 190 190 190 255 
-0.140428 2.16928 11.5263 190 190 190 255 
-0.0233362 2.14614 11.7115 190 190 190 255 
-0.034816 2.10077 11.4641 190 190 190 255 
0.0747769 2.07759 11.638 190 190 190 255 
0.118505 2.03305 11.6038 190 190 190 255 
0.0910017 1.95053 11.3824 190 190 190 255 
0.12116 1.89146 11.3603 190 190 190 255 
0.218722 1.86816 11.5184 190 190 190 255 
0.240264 1.80656 11.4972 190 190 190 255 
0.255677 1.74366 11.4799 190 190 190 255 
0.172623 1.70408 11.3132 190 190 190 255 
0.265169 1.68066 11.4667 190 190 190 255 
-0.310541 2.2172 11.6199 190 190 190 255 
-0.245753 2.19672 11.3058 190 190 190 255 
-0.0861065 2.13862 11.4948 190 190 190 255 
-0.13327 2.12826 11.257 190 190 190 255 
0.012387 2.05625 11.4347 190 190 190 255 
-0.082832 2.08376 11.2336 190 190 190 255 
-0.0376287 2.03337 11.2114 190 190 190 255 
0.0545734 2.00584 11.4073 190 190 190 255 
0.00154384 1.97809 11.191 190 190 190 255 
0.0341312 1.91906 11.1726 190 190 190 255 
0.0598428 1.85753 11.1564 190 190 190 255 
0.144789 1.82989 11.3413 190 190 190 255 
0.161873 1.76704 11.3256 190 190 190 255 
0.0907607 1.73178 11.1314 190 190 190 255 
0.0965806 1.66978 11.1225 190 190 190 255 
0.177434 1.64204 11.3039 190 190 190 255 
-0.57202 2.27557 11.1368 190 190 190 255 
-0.578352 2.27546 11.1382 190 190 190 255 
-0.485116 2.24685 11.3993 190 190 190 255 
-0.426197 2.24463 11.3774 190 190 190 255 
-0.448208 2.26455 11.107 190 190 190 255 
-0.366003 2.23583 11.3543 190 190 190 255 
-0.305492 2.21996 11.3303 190 190 190 255 
-0.385179 2.24869 11.0907 190 190 190 255 
-0.322856 2.22547 11.0738 190 190 190 255 
-0.187952 2.16607 11.2812 190 190 190 255 
-0.205194 2.15703 11.0392 190 190 190 255 
-0.104679 2.06218 11.0057 190 190 190 255 
-0.0633003 2.00693 10.9901 190 190 190 255 
0.0786498 1.7947 11.1427 190 190 190 255 
0.09789 1.61524 11.1161 190 190 190 255 
-0.61956 2.30103 10.9032 190 190 190 255 
-0.563127 2.303 10.8581 190 190 190 255 
-0.37057 2.25513 10.8333 190 190 190 255 
-0.308484 2.22451 10.8237 190 190 190 255 
-0.262451 2.19484 11.0565 190 190 190 255 
-0.249514 2.18671 10.8135 190 190 190 255 
-0.152256 2.11255 11.0221 190 190 190 255 
-0.145613 2.09189 10.7927 190 190 190 255 
-0.102622 2.03664 10.7823 190 190 190 255 
-0.028711 1.94792 10.9757 190 190 190 255 
-0.00122845 1.88641 10.9627 190 190 190 255 
-0.0160271 1.85337 10.7536 190 190 190 255 
0.0191017 1.82362 10.9511 190 190 190 255 
0.0324809 1.76071 10.9412 190 190 190 255 
0.0393164 1.69873 10.9329 190 190 190 255 
-0.581181 2.32533 10.6408 190 190 190 255 
-0.535681 2.35124 10.3678 190 190 190 255 
-0.535664 2.32177 10.6405 190 190 190 255 
-0.516844 2.31727 10.64 190 190 190 255 
-0.533019 2.35103 10.3677 190 190 190 255 
-0.440636 2.32942 10.3608 190 190 190 255 
-0.438833 2.32871 10.3605 190 190 190 255 
-0.346742 2.29181 10.3479 190 190 190 255 
-0.438774 2.29865 10.6379 190 190 190 255 
-0.387696 2.27762 10.6356 190 190 190 255 
-0.346716 2.26074 10.6338 190 190 190 255 
-0.345958 2.2915 10.3477 190 190 190 255 
-0.265817 2.24439 10.33 190 190 190 255 
-0.261756 2.20898 10.6282 190 190 190 255 
-0.185987 2.14465 10.6212 190 190 190 255 
-0.18953 2.18269 10.3042 190 190 190 255 
-0.070019 2.02587 10.2237 190 190 190 255 
-0.0763829 2.0391 10.2318 190 190 190 255 
-0.16047 2.11495 10.618 190 190 190 255 
-0.121274 2.06932 10.613 190 190 190 255 
-0.128243 2.11582 10.2728 190 190 190 255 
-0.0793326 2.00129 10.6056 190 190 190 255 
-0.0398243 1.96305 10.1856 190 190 190 255 
-0.0692109 1.98487 10.6038 190 190 190 255 
-0.0078179 1.79703 10.5833 190 190 190 255 
-0.0310791 1.89334 10.5938 190 190 190 255 
-0.0134719 1.87771 10.1265 190 190 190 255 
-0.012035 1.8145 10.5852 190 190 190 255 
-0.000933314 1.78915 10.0558 190 190 190 255 
-1.27 0.086075 23.6873 190 190 190 255 
-1.27 0.206458 23.9408 190 190 190 255 
-1.27 0.181419 23.9157 190 190 190 255 
-1.27 0.0507974 23.8682 190 190 190 255 
-1.27 0.0860873 23.8712 190 190 190 255 
-1.27 0.120298 23.8804 190 190 190 255 
-1.27 0.152409 23.8954 190 190 190 255 
-1.27 -0.101604 24.8588 190 190 190 255 
-1.27 0.0508087 25.0365 190 190 190 255 
-1.27 0.0507903 24.8588 190 190 190 255 
-1.27 0.152393 24.4796 190 190 190 255 
-1.27 0.0860927 24.4554 190 190 190 255 
-1.27 0.120303 24.4646 190 190 190 255 
-1.27 0.206463 24.5249 190 190 190 255 
-1.27 0.120293 24.8465 190 190 190 255 
-1.27 0.152399 25.0638 190 190 190 255 
-1.27 -0.101602 23.284 190 190 190 255 
-1.27 0.050795 23.1062 190 190 190 255 
-1.27 0.0860819 23.2871 190 190 190 255 
-1.27 0.226775 23.3856 190 190 190 255 
-1.27 0.206453 23.3566 190 190 190 255 
-1.27 0.050791 16.2736 190 190 190 255 
-1.27 -0.1016 16.0958 190 190 190 255 
-1.27 0.0842438 18.6131 190 190 190 255 
-1.27 -0.101594 16.68 190 190 190 255 
-1.27 0.0507964 16.8578 190 190 190 255 
-1.27 0.0842557 16.6772 190 190 190 255 
-1.27 0.0842489 16.8605 190 190 190 255 
-1.27 0.25092 24.6908 190 190 190 255 
-1.27 0.0508018 17.442 190 190 190 255 
-1.27 0.0508047 17.2642 190 190 190 255 
-1.27 1.21916 25.1382 190 190 190 255 
-1.27 0.206455 24.7862 190 190 190 255 
-1.27 0.241746 24.0019 190 190 190 255 
-1.27 -0.101605 17.8484 190 190 190 255 
-1.27 0.0508072 18.0261 190 190 190 255 
-1.27 0.254002 24.6556 190 190 190 255 
-1.27 0.253997 24.0714 190 190 190 255 
-1.27 0.250908 24.0361 190 190 190 255 
-1.27 0.120304 23.6781 190 190 190 255 
-1.27 0.181417 23.6428 190 190 190 255 
-1.27 0.0507944 18.4326 190 190 190 255 
-1.27 0.220907 18.7024 190 190 190 255 
-1.27 0.241751 24.5861 190 190 190 255 
-1.27 0.1524 24.2473 190 190 190 255 
-1.27 0.181422 24.227 190 190 190 255 
-1.27 0.147507 18.6349 190 190 190 255 
-1.27 0.116787 18.6214 190 190 190 255 
-1.27 0.200296 16.3392 190 190 190 255 
-1.27 0.175614 16.3164 190 190 190 255 
-1.27 0.147506 16.2981 190 190 190 255 
-1.27 0.116786 16.2846 190 190 190 255 
-1.27 0.0842433 16.2763 190 190 190 255 
-1.27 0.220922 15.7814 190 190 190 255 
-1.27 0.147522 15.7138 190 190 190 255 
-1.27 -0.101608 15.6894 190 190 190 255 
-1.27 0.0508099 15.5115 190 190 190 255 
-1.27 0.0842379 15.6922 190 190 190 255 
-1.27 0.236886 21.0687 190 190 190 255 
-1.27 0.200296 21.0127 190 190 190 255 
-1.27 0.0508102 17.8483 190 190 190 255 
-1.27 0.116786 17.8373 190 190 190 255 
-1.27 0.0842441 20.9499 190 190 190 255 
-1.27 -0.101599 20.7694 190 190 190 255 
-1.27 0.0507917 20.9472 190 190 190 255 
-1.27 0.147512 21.5559 190 190 190 255 
-1.27 0.147511 21.3291 190 190 190 255 
-1.27 0.147512 19.2191 190 190 190 255 
-1.27 0.220919 21.2615 190 190 190 255 
-1.27 0.24778 21.6847 190 190 190 255 
-1.27 0.0842512 20.7666 190 190 190 255 
-1.27 0.247786 19.9321 190 190 190 255 
-1.27 -0.101604 20.1852 190 190 190 255 
-1.27 0.0508077 20.3629 190 190 190 255 
-1.27 0.0842386 20.3658 190 190 190 255 
-1.27 0.0842458 20.1824 190 190 190 255 
-1.27 -0.101597 21.5314 190 190 190 255 
-1.27 0.0507971 21.5314 190 190 190 255 
-1.27 -0.101594 21.3535 190 190 190 255 
-1.27 0.0508001 21.3536 190 190 190 255 
-1.27 0.0842495 21.5341 190 190 190 255 
-1.27 1.40996 19.0885 190 190 190 255 
-1.27 0.200291 20.4286 190 190 190 255 
-1.27 0.11677 18.4216 190 190 190 255 
-1.27 0.147505 18.4081 190 190 190 255 
-1.27 0.0507998 19.0168 190 190 190 255 
-1.27 0.0842559 19.014 190 190 190 255 
-1.27 0.116771 19.2056 190 190 190 255 
-1.27 0.220912 19.2866 190 190 190 255 
-1.27 0.200302 19.2601 190 190 190 255 
-1.27 0.175619 18.9739 190 190 190 255 
-1.27 0.220923 18.1182 190 190 190 255 
-1.27 0.200291 18.0918 190 190 190 255 
-1.27 0.2533 22.8862 190 190 190 255 
-1.27 0.247791 22.8531 190 190 190 255 
-1.27 0.23688 22.8214 190 190 190 255 
-1.27 0.147507 20.9717 190 190 190 255 
-1.27 0.147506 20.7449 190 190 190 255 
-1.27 0.147523 20.3874 190 190 190 255 
-1.27 0.200307 19.8443 190 190 190 255 
-1.27 0.175604 19.8216 190 190 190 255 
-1.27 0.147506 23.0817 190 190 190 255 
-1.27 0.152404 23.3112 190 190 190 255 
-1.27 0.200295 23.0406 190 190 190 255 
-1.27 0.200294 20.7038 190 190 190 255 
-1.27 0.220913 20.6773 190 190 190 255 
-1.27 0.236879 20.6478 190 190 190 255 
-1.27 0.253313 20.5829 190 190 190 255 
-1.27 0.236895 20.0636 190 190 190 255 
-1.27 0.220918 19.8708 190 190 190 255 
-1.27 0.200305 19.5354 190 190 190 255 
-1.27 0.253299 18.2126 190 190 190 255 
-1.27 0.220912 16.9498 190 190 190 255 
-1.27 0.200301 16.9233 190 190 190 255 
-1.27 0.247783 22.9528 190 190 190 255 
-1.27 0.253314 22.9197 190 190 190 255 
-1.27 0.116782 22.7108 190 190 190 255 
-1.27 0.247786 22.2689 190 190 190 255 
-1.27 0.236875 22.2372 190 190 190 255 
-1.27 0.220918 22.2076 190 190 190 255 
-1.27 0.200307 22.1811 190 190 190 255 
-1.27 0.116782 21.9267 190 190 190 255 
-1.27 0.175604 22.1584 190 190 190 255 
-1.27 0.236885 21.232 190 190 190 255 
-1.27 0.253299 20.5494 190 190 190 255 
-1.27 -0.10161 19.601 190 190 190 255 
-1.27 0.0508052 19.601 190 190 190 255 
-1.27 0.116781 19.59 190 190 190 255 
-1.27 0.147517 17.4664 190 190 190 255 
-1.27 0.253302 17.0778 190 190 190 255 
-1.27 0.116776 22.1266 190 190 190 255 
-1.27 0.220903 21.8457 190 190 190 255 
-1.27 1.39341 19.327 190 190 190 255 
-1.27 0.253302 21.7514 190 190 190 255 
-1.27 0.253309 19.381 190 190 190 255 
-1.27 0.24778 19.3479 190 190 190 255 
-1.27 0.247775 18.7637 190 190 190 255 
-1.27 0.247785 17.5953 190 190 190 255 
-1.27 0.236896 17.5635 190 190 190 255 
-1.27 0.147502 22.7243 190 190 190 255 
-1.27 0.147522 18.0506 190 190 190 255 
-1.27 0.175609 18.069 190 190 190 255 
-1.27 0.175608 17.8055 190 190 190 255 
-1.27 0.253307 17.6619 190 190 190 255 
-1.27 0.24778 17.0111 190 190 190 255 
-1.27 0.23689 16.9793 190 190 190 255 
-1.27 0.253307 15.3251 190 190 190 255 
-1.27 -0.101604 22.522 190 190 190 255 
-1.27 0.0842393 22.7026 190 190 190 255 
-1.27 0.0842461 22.5192 190 190 190 255 
-1.27 0.0842543 17.4447 190 190 190 255 
-1.27 0.116781 17.2532 190 190 190 255 
-1.27 0.175602 17.2213 190 190 190 255 
-1.27 0.14751 16.6555 190 190 190 255 
-1.27 0.11677 16.8688 190 190 190 255 
-1.27 0.247787 16.5266 190 190 190 255 
-1.27 0.253296 16.4936 190 190 190 255 
-1.27 0.253304 16.46 190 190 190 255 
-1.27 0.247777 22.3687 190 190 190 255 
-1.27 0.253316 22.302 190 190 190 255 
-1.27 0.0508025 22.1156 190 190 190 255 
-1.27 0.0842407 21.935 190 190 190 255 
-1.27 0.0842549 22.1183 190 190 190 255 
-1.27 0.253313 18.2461 190 190 190 255 
-1.27 0.253304 18.7968 190 190 190 255 
-1.27 0.116775 17.453 190 190 190 255 
-1.27 0.200305 17.1986 190 190 190 255 
-1.27 0.220902 17.1721 190 190 190 255 
-1.27 1.82976 15.2322 190 190 190 255 
-1.27 0.175598 16.9006 190 190 190 255 
-1.27 0.116786 15.5005 190 190 190 255 
-1.27 0.236878 15.9742 190 190 190 255 
-1.27 0.247782 15.9424 190 190 190 255 
-1.27 0.147521 15.4871 190 190 190 255 
-1.27 0.24779 15.8427 190 190 190 255 
-1.27 0.175607 15.4687 190 190 190 255 
-1.27 0.200299 15.446 190 190 190 255 
-1.27 0.220917 15.4195 190 190 190 255 
-1.27 0.236883 15.39 190 190 190 255 
-1.27 0.247787 15.3582 190 190 190 255 
-1.27 0.247774 16.4269 190 190 190 255 
-1.27 0.236885 16.3951 190 190 190 255 
0.906961 -0.101593 26.0271 190 190 190 255 
-0.434161 0.238191 26.331 190 190 190 255 
-1.17473 0.0507927 25.6208 190 190 190 255 
-1.25364 0.226785 25.3413 190 190 190 255 
-1.26439 0.253241 25.2574 190 190 190 255 
-1.25071 1.21255 25.3587 190 190 190 255 
-1.26906 0.247067 25.1871 190 190 190 255 
-1.27 0.22677 25.1382 190 190 190 255 
-1.23288 -0.101598 25.443 190 190 190 255 
-1.23307 0.0685719 25.4422 190 190 190 255 
-1.19341 -0.10159 25.5725 190 190 190 255 
-1.23364 0.0860917 25.4399 190 190 190 255 
-1.23744 0.136716 25.4239 190 190 190 255 
-1.23929 0.15239 25.4158 190 190 190 255 
-1.25062 0.21464 25.3587 190 190 190 255 
-1.09985 1.20013 25.7731 190 190 190 255 
-1.12766 0.226775 25.7224 190 190 190 255 
-1.16671 0.136748 25.6399 190 190 190 255 
-1.15406 0.181413 25.6683 190 190 190 255 
-1.15894 0.167387 25.6576 190 190 190 255 
-1.19341 1.20613 25.5725 190 190 190 255 
-1.02099 0.241742 25.8935 190 190 190 255 
-1.06891 0.253992 25.824 190 190 190 255 
-0.909977 0.0860757 26.0241 190 190 190 255 
-0.951233 0.181417 25.9796 190 190 190 255 
-0.972814 0.206466 25.9546 190 190 190 255 
-0.81634 1.18998 26.1111 190 190 190 255 
-0.972876 1.1947 25.9545 190 190 190 255 
-0.972875 0.206508 25.9545 190 190 190 255 
-0.635 0.161879 26.238 190 190 190 255 
-0.728442 1.18797 26.1785 190 190 190 255 
-0.658215 0.137265 26.2243 190 190 190 255 
-0.669732 0.120299 26.2172 190 190 190 255 
-0.678043 0.103872 26.212 190 190 190 255 
-0.684282 0.0860875 26.208 190 190 190 255 
-0.689085 0.0507981 26.205 190 190 190 255 
-0.497736 0.226781 26.3066 190 190 190 255 
-0.560982 0.206458 26.2776 190 190 190 255 
-0.434366 1.18339 26.3316 190 190 190 255 
-0.220533 0.253086 26.3889 190 190 190 255 
0.1105 0.253939 26.4034 190 190 190 255 
0.220533 1.18166 26.3889 190 190 190 255 
0.297287 0.250908 26.3729 190 190 190 255 
0.635 0.161879 26.238 190 190 190 255 
0.560982 0.206458 26.2776 190 190 190 255 
0.635 1.18619 26.238 190 190 190 255 
0.434366 0.239021 26.3316 190 190 190 255 
0.536725 1.18464 26.2892 190 190 190 255 
0.497736 0.226781 26.3066 190 190 190 255 
0.689085 0.0507981 26.205 190 190 190 255 
0.684282 0.0860875 26.208 190 190 190 255 
0.678051 0.103855 26.212 190 190 190 255 
0.669732 0.120299 26.2172 190 190 190 255 
0.64499 0.152409 26.2322 190 190 190 255 
0.925305 0.136817 26.0081 190 190 190 255 
1.06891 0.253992 25.824 190 190 190 255 
0.972876 1.1947 25.9545 190 190 190 255 
0.972818 0.206458 25.9546 190 190 190 255 
1.04544 0.25091 25.8593 190 190 190 255 
1.17187 0.103356 25.6277 190 190 190 255 
1.16962 0.120293 25.633 190 190 190 255 
1.16318 0.152404 25.648 190 190 190 255 
1.15895 0.16736 25.6576 190 190 190 255 
1.14841 0.194633 25.6804 190 190 190 255 
1.12766 0.226775 25.7224 190 190 190 255 
1.11044 0.24174 25.7545 190 190 190 255 
1.09985 1.20013 25.7731 190 190 190 255 
1.25364 0.226785 25.3413 190 190 190 255 
1.24367 0.181412 25.3954 190 190 190 255 
1.19341 -0.10159 25.5725 190 190 190 255 
1.23585 0.120299 25.4307 190 190 190 255 
1.19341 1.20613 25.5725 190 190 190 255 
1.23307 0.0685715 25.4422 190 190 190 255 
1.25071 1.21255 25.3587 190 190 190 255 
1.26593 0.254008 25.2397 190 190 190 255 
1.26438 0.253234 25.2575 190 190 190 255 
1.27 -0.101603 16.2736 190 190 190 255 
1.27 0.050791 16.2736 190 190 190 255 
1.27 -0.101604 24.8588 190 190 190 255 
1.27 -0.101606 25.0366 190 190 190 255 
1.27 0.116786 16.2846 190 190 190 255 
1.27 0.147506 16.2981 190 190 190 255 
1.27 0.0860899 16.0927 190 190 190 255 
1.27 -0.101609 24.2746 190 190 190 255 
1.27 -0.101591 24.4523 190 190 190 255 
1.27 0.0860808 24.2715 190 190 190 255 
1.27 0.206469 25.1091 190 190 190 255 
1.27 0.20647 19.5284 190 190 190 255 
1.27 0.181421 19.5534 190 190 190 255 
1.27 0.241745 19.3283 190 190 190 255 
1.27 0.250907 19.3625 190 190 190 255 
1.27 0.181419 23.9157 190 190 190 255 
1.27 0.206458 23.9408 190 190 190 255 
1.27 0.152395 23.6632 190 190 190 255 
1.27 0.226781 23.9698 190 190 190 255 
1.27 0.236884 18.8952 190 190 190 255 
1.27 0.220918 18.9247 190 190 190 255 
1.27 0.2003 18.9512 190 190 190 255 
1.27 0.0507969 19.1946 190 190 190 255 
1.27 0.0507998 19.0168 190 190 190 255 
1.27 -0.101594 19.0168 190 190 190 255 
1.27 1.40996 19.0885 190 190 190 255 
1.27 0.206457 19.2672 190 190 190 255 
1.27 0.22678 19.2962 190 190 190 255 
1.27 0.152404 23.3112 190 190 190 255 
1.27 0.181408 25.0841 190 190 190 255 
1.27 0.181406 24.8112 190 190 190 255 
1.27 0.120293 24.8465 190 190 190 255 
1.27 -0.101596 23.8682 190 190 190 255 
1.27 0.0508004 23.6904 190 190 190 255 
1.27 0.175619 18.9739 190 190 190 255 
1.27 0.0860863 19.1976 190 190 190 255 
1.27 0.247787 15.3582 190 190 190 255 
1.27 0.250917 15.8573 190 190 190 255 
1.27 0.254006 15.8925 190 190 190 255 
1.27 1.82976 15.2322 190 190 190 255 
1.27 0.120304 23.6781 190 190 190 255 
1.27 0.0860873 23.8712 190 190 190 255 
1.27 -0.10161 19.601 190 190 190 255 
1.27 0.0508052 19.601 190 190 190 255 
1.27 0.0508023 19.7788 190 190 190 255 
1.27 0.120308 19.5887 190 190 190 255 
1.27 0.120303 19.791 190 190 190 255 
1.27 0.247785 15.2585 190 190 190 255 
1.27 0.253307 15.3251 190 190 190 255 
1.27 0.206467 15.7619 190 190 190 255 
1.27 0.226768 15.791 190 190 190 255 
1.27 0.250914 19.433 190 190 190 255 
1.27 0.181405 20.1376 190 190 190 255 
1.27 0.181407 20.4105 190 190 190 255 
1.27 0.206453 23.3566 190 190 190 255 
1.27 0.226775 23.3856 190 190 190 255 
1.27 0.250913 24.6203 190 190 190 255 
1.27 0.254002 24.6556 190 190 190 255 
1.27 1.39341 19.327 190 190 190 255 
1.27 0.25092 24.6908 190 190 190 255 
1.27 0.226779 24.7572 190 190 190 255 
1.27 0.120309 25.0488 190 190 190 255 
1.27 0.241747 19.4673 190 190 190 255 
1.27 0.181423 19.8263 190 190 190 255 
1.27 0.0508077 20.3629 190 190 190 255 
1.27 0.120308 20.3752 190 190 190 255 
1.27 0.0860907 20.7663 190 190 190 255 
1.27 0.0507947 20.7694 190 190 190 255 
1.27 0.24175 19.9125 190 190 190 255 
1.27 0.0842449 15.5088 190 190 190 255 
1.27 -0.101608 15.6894 190 190 190 255 
1.27 -0.101605 15.5116 190 190 190 255 
1.27 0.120307 15.7016 190 190 190 255 
1.27 0.236883 15.39 190 190 190 255 
1.27 0.220917 15.4195 190 190 190 255 
1.27 0.175607 15.4687 190 190 190 255 
1.27 0.147521 15.4871 190 190 190 255 
1.27 0.0860752 15.6925 190 190 190 255 
1.27 0.152411 20.7421 190 190 190 255 
1.27 0.147507 20.9717 190 190 190 255 
1.27 0.175615 20.99 190 190 190 255 
1.27 0.253997 24.0714 190 190 190 255 
1.27 -0.101602 20.9472 190 190 190 255 
1.27 0.120298 20.7571 190 190 190 255 
1.27 0.250915 24.1066 190 190 190 255 
1.27 0.206463 24.5249 190 190 190 255 
1.27 0.226786 24.5539 190 190 190 255 
1.27 0.181424 24.4999 190 190 190 255 
1.27 0.0860927 24.4554 190 190 190 255 
1.27 0.120303 24.4646 190 190 190 255 
1.27 0.181422 24.227 190 190 190 255 
1.27 0.206471 24.202 190 190 190 255 
1.27 0.0507964 16.8578 190 190 190 255 
1.27 0.0842557 16.6772 190 190 190 255 
1.27 0.15241 16.0685 190 190 190 255 
1.27 0.050792 23.284 190 190 190 255 
1.27 0.147506 23.0817 190 190 190 255 
1.27 0.0860819 23.2871 190 190 190 255 
1.27 0.116771 23.0952 190 190 190 255 
1.27 0.0842515 23.1034 190 190 190 255 
1.27 0.0508047 17.2642 190 190 190 255 
1.27 0.0508018 17.442 190 190 190 255 
1.27 0.120297 16.0835 190 190 190 255 
1.27 0.175614 16.3164 190 190 190 255 
1.27 0.200299 16.6144 190 190 190 255 
1.27 0.116775 16.669 190 190 190 255 
1.27 -0.101608 18.0262 190 190 190 255 
1.27 0.0508072 18.0261 190 190 190 255 
1.27 0.0508102 17.8483 190 190 190 255 
1.27 0.24778 21.6847 190 190 190 255 
1.27 0.17561 22.7426 190 190 190 255 
1.27 0.200291 22.7654 190 190 190 255 
1.27 0.220902 22.7919 190 190 190 255 
1.27 0.23688 22.8214 190 190 190 255 
1.27 0.236879 22.9846 190 190 190 255 
1.27 0.175608 17.8055 190 190 190 255 
1.27 0.147521 17.8239 190 190 190 255 
1.27 0.116786 17.8373 190 190 190 255 
1.27 -0.101602 18.6104 190 190 190 255 
1.27 0.0507914 18.6104 190 190 190 255 
1.27 0.0842508 18.4298 190 190 190 255 
1.27 0.241736 20.6357 190 190 190 255 
1.27 0.253305 21.1336 190 190 190 255 
1.27 0.206459 20.6968 190 190 190 255 
1.27 0.175598 21.3107 190 190 190 255 
1.27 0.147511 21.3291 190 190 190 255 
1.27 0.175599 21.5742 190 190 190 255 
1.27 0.20029 22.4564 190 190 190 255 
1.27 0.200307 22.1811 190 190 190 255 
1.27 0.247786 22.2689 190 190 190 255 
1.27 0.253316 22.302 190 190 190 255 
1.27 0.147505 18.4081 190 190 190 255 
1.27 0.175609 18.069 190 190 190 255 
1.27 0.0507896 22.522 190 190 190 255 
1.27 -0.101607 22.6998 190 190 190 255 
1.27 0.0842461 22.5192 190 190 190 255 
1.27 0.116787 22.5109 190 190 190 255 
1.27 0.116782 22.7108 190 190 190 255 
1.27 0.147522 22.4974 190 190 190 255 
1.27 0.175608 22.4791 190 190 190 255 
1.27 0.247777 22.3687 190 190 190 255 
1.27 0.0842543 17.4447 190 190 190 255 
1.27 0.200305 17.1986 190 190 190 255 
1.27 0.0842438 18.6131 190 190 190 255 
1.27 0.220913 18.3405 190 190 190 255 
1.27 0.200294 18.367 190 190 190 255 
1.27 0.147507 18.6349 190 190 190 255 
1.27 0.175614 18.6532 190 190 190 255 
1.27 0.236885 18.7319 190 190 190 255 
1.27 0.247775 18.7637 190 190 190 255 
1.27 0.253304 18.7968 190 190 190 255 
1.27 0.247788 18.8634 190 190 190 255 
1.27 0.152409 19.2218 190 190 190 255 
1.27 0.236885 21.232 190 190 190 255 
1.27 0.220919 21.2615 190 190 190 255 
1.27 -0.10161 21.9378 190 190 190 255 
1.27 0.0508055 21.9378 190 190 190 255 
1.27 0.0842549 22.1183 190 190 190 255 
1.27 0.175603 17.4848 190 190 190 255 
1.27 -0.101597 21.5314 190 190 190 255 
1.27 0.116776 21.3426 190 190 190 255 
1.27 0.25331 21.7178 190 190 190 255 
1.27 0.253302 21.7514 190 190 190 255 
1.27 0.247772 21.7845 190 190 190 255 
1.27 0.241735 15.9621 190 190 190 255 
1.27 0.226783 15.9941 190 190 190 255 
1.27 0.206459 16.0232 190 190 190 255 
1.27 0.220917 17.534 190 190 190 255 
1.27 0.220907 17.7563 190 190 190 255 
1.27 0.0842384 18.029 190 190 190 255 
1.27 0.23689 21.8162 190 190 190 255 
1.27 0.253296 16.4936 190 190 190 255 
1.27 0.11677 16.8688 190 190 190 255 
1.27 0.236884 16.5584 190 190 190 255 
1.27 0.175598 16.9006 190 190 190 255 
1.27 0.200301 16.9233 190 190 190 255 
1.27 0.220912 16.9498 190 190 190 255 
1.27 0.236896 17.5635 190 190 190 255 
1.27 0.247785 17.5953 190 190 190 255 
1.27 0.200291 18.0918 190 190 190 255 
1.27 0.220923 18.1182 190 190 190 255 
1.27 0.116776 22.1266 190 190 190 255 
1.27 0.147518 22.14 190 190 190 255 
1.27 0.253309 17.0442 190 190 190 255 
1.27 0.247777 17.6951 190 190 190 255 
1.27 0.147522 18.0506 190 190 190 255 
1.27 0.23688 18.1478 190 190 190 255 
1.27 0.24779 18.1795 190 190 190 255 
1.27 0.253299 18.2126 190 190 190 255 
1.27 0.116787 18.6214 190 190 190 255 
1.27 0.253302 17.0778 190 190 190 255 
1.27 0.247793 17.1108 190 190 190 255 
1.9939 1.40996 19.0885 190 190 190 255 
2.56657 0.855965 25.0574 190 190 190 255 
2.44164 1.03417 25.0627 190 190 190 255 
2.16146 1.37093 19.3263 190 190 190 255 
2.14213 1.20303 25.0677 190 190 190 255 
2.16122 1.19805 25.0676 190 190 190 255 
2.2637 1.15978 25.0665 190 190 190 255 
2.35903 1.278 19.3235 190 190 190 255 
2.35809 1.10461 25.0648 190 190 190 255 
2.41423 1.06133 25.0635 190 190 190 255 
2.44291 1.20751 19.3214 190 190 190 255 
2.5564 0.879368 25.058 190 190 190 255 
2.46802 1.00579 25.0618 190 190 190 255 
2.51177 0.950431 25.0602 190 190 190 255 
2.5154 0.9449 25.06 190 190 190 255 
2.5959 0.788486 25.0553 190 190 190 255 
2.60639 0.926193 19.313 190 190 190 255 
2.62608 0.818425 19.3098 190 190 190 255 
2.60464 0.753596 25.0543 190 190 190 255 
2.60946 0.734356 25.0537 190 190 190 255 
2.58728 0.808311 25.0559 190 190 190 255 
2.53735 0.870165 25.3753 190 190 190 255 
2.42184 1.05548 25.0633 190 190 190 255 
-2.51624 0.945351 25.06 190 190 190 255 
-2.28685 1.14879 25.0661 190 190 190 255 
0.796402 1.16646 26.8962 190 190 190 255 
1.67521 0.540486 27.0743 190 190 190 255 
2.62288 0.658373 25.0514 190 190 190 255 
2.62391 0.646096 25.051 190 190 190 255 
2.60451 0.648762 25.3771 190 190 190 255 
2.60633 0.57914 25.3751 190 190 190 255 
2.44579 0.564766 26.0071 190 190 190 255 
2.44412 0.629846 26.0083 190 190 190 255 
2.30973 0.558012 26.3038 190 190 190 255 
2.1332 0.612673 26.5807 190 190 190 255 
2.30658 0.620965 26.304 190 190 190 255 
2.02763 0.548492 26.7225 190 190 190 255 
2.18164 0.553189 26.5161 190 190 190 255 
1.7533 0.599962 27.0046 190 190 190 255 
1.9272 0.605113 26.8332 190 190 190 255 
1.85398 0.544152 26.9131 190 190 190 255 
1.49864 0.53747 27.2066 190 190 190 255 
1.6627 0.540234 27.0856 190 190 190 255 
1.22049 0.533606 27.3769 190 190 190 255 
1.49766 0.593901 27.2068 190 190 190 255 
1.21898 0.588833 27.3758 190 190 190 255 
0.921571 0.53062 27.5084 190 190 190 255 
0.609506 0.528466 27.6034 190 190 190 255 
0.889457 0.530347 27.5198 190 190 190 255 
1.44198e-005 0.526768 27.6779 190 190 190 255 
0.252983 0.527034 27.666 190 190 190 255 
0.288341 0.580315 27.66 190 190 190 255 
0.28854 0.527146 27.6608 190 190 190 255 
0.451669 0.5277 27.6368 190 190 190 255 
-0.261771 0.527061 27.6651 190 190 190 255 
-0.00437691 0.526748 27.6782 190 190 190 255 
2.44133e-005 0.579829 27.6759 190 190 190 255 
-0.451628 0.527694 27.6367 190 190 190 255 
-0.516537 0.527922 27.6269 190 190 190 255 
-1.00892 0.531336 27.4768 190 190 190 255 
-0.95592 0.585243 27.4957 190 190 190 255 
-0.88944 0.530364 27.5198 190 190 190 255 
-0.766496 0.529356 27.5639 190 190 190 255 
-1.66958 0.540359 27.0799 190 190 190 255 
-1.52836 0.537973 27.1849 190 190 190 255 
-1.98383 0.607005 26.7699 190 190 190 255 
-1.98494 0.547438 26.769 190 190 190 255 
-1.78073 0.600717 26.9796 190 190 190 255 
-2.31907 0.558392 26.2874 190 190 190 255 
-2.18149 0.61476 26.511 190 190 190 255 
-2.47449 0.566574 25.9276 190 190 190 255 
-2.61625 0.58068 25.3067 190 190 190 255 
-2.56343 0.641622 25.6156 190 190 190 255 
-2.617 0.581029 25.2915 190 190 190 255 
-2.62598 0.646263 25.051 190 190 190 255 
-2.6262 0.645014 25.051 190 190 190 255 
-1.97865 1.21576 25.2515 190 190 190 255 
-2.05712 1.21147 25.2585 190 190 190 255 
-1.87774 1.20128 25.7347 190 190 190 255 
-1.94692 1.19644 25.7592 190 190 190 255 
-2.01761 1.20384 25.5124 190 190 190 255 
-1.94164 1.20846 25.4955 190 190 190 255 
-1.96644 1.21138 25.398 190 190 190 255 
-1.84625 1.18936 25.9952 190 190 190 255 
-1.57103 1.18445 26.2961 190 190 190 255 
-1.71695 1.1827 26.2171 190 190 190 255 
-1.56137 1.17659 26.421 190 190 190 255 
-1.34767 1.17721 26.5378 190 190 190 255 
-1.20236 1.16678 26.7481 190 190 190 255 
-0.158461 1.16166 27.0559 190 190 190 255 
-0.255824 1.15569 27.1182 190 190 190 255 
-0.507837 1.15711 27.0707 190 190 190 255 
-0.484042 1.16325 27.0026 190 190 190 255 
-0.984923 1.16271 26.8842 190 190 190 255 
-1.08691 1.17112 26.7399 190 190 190 255 
1.92146e-005 1.15522 27.1341 190 190 190 255 
0.158459 1.16166 27.0559 190 190 190 255 
0.226925 1.15559 27.1216 190 190 190 255 
0.218346 1.16196 27.0461 190 190 190 255 
0.69777 1.16545 26.9298 190 190 190 255 
0.922718 1.16849 26.8282 190 190 190 255 
0.724957 1.15915 27.0027 190 190 190 255 
0.959364 1.1623 26.8978 190 190 190 255 
1.08697 1.17113 26.7399 190 190 190 255 
1.13507 1.17226 26.7026 190 190 190 255 
1.1787 1.16629 26.7648 190 190 190 255 
1.33077 1.1768 26.5509 190 190 190 255 
1.92369 1.19458 25.8214 190 190 190 255 
1.81542 1.18761 26.0542 190 190 190 255 
1.61612 1.18651 26.2273 190 190 190 255 
1.67894 1.18106 26.272 190 190 190 255 
1.4589 1.18079 26.4174 190 190 190 255 
2.06576 1.21624 25.0682 190 190 190 255 
2.05364 1.21835 25.0682 190 190 190 255 
2.04994 1.20947 25.3246 190 190 190 255 
2.0022 1.2019 25.5773 190 190 190 255 
2.05239 1.21856 25.0682 190 190 190 255 
-2.0995 1.21242 25.068 190 190 190 255 
-2.46304 1.01429 25.0621 190 190 190 255 
-2.46891 1.0067 25.0618 190 190 190 255 
-2.52699 0.9314 25.0596 190 190 190 255 
-2.5674 0.856229 25.0573 190 190 190 255 
-2.60021 0.72762 25.2942 190 190 190 255 
-2.60903 0.744086 25.054 190 190 190 255 
-2.61065 0.734707 25.0537 190 190 190 255 
-2.09215 1.18989 25.5283 190 190 190 255 
-2.20692 1.17491 25.2713 190 190 190 255 
-2.0887 1.1588 25.8084 190 190 190 255 
-2.01885 1.18221 25.7843 190 190 190 255 
-1.78039 1.16798 26.2591 190 190 190 255 
-1.98071 1.15122 26.0615 190 190 190 255 
-1.842 1.14408 26.2996 190 190 190 255 
-1.61906 1.16162 26.4706 190 190 190 255 
-1.67509 1.13751 26.5184 190 190 190 255 
-1.50358 1.13221 26.6954 190 190 190 255 
-0.780128 1.14387 27.0629 190 190 190 255 
-0.265279 1.13996 27.1935 190 190 190 255 
2.06116e-005 1.11457 27.2834 190 190 190 255 
0.243458 1.11498 27.2699 190 190 190 255 
0.235313 1.13985 27.197 190 190 190 255 
0.77777 1.1188 27.1424 190 190 190 255 
1.02925 1.12218 27.0299 190 190 190 255 
1.22226 1.15095 26.827 190 190 190 255 
1.4309 1.15589 26.662 190 190 190 255 
1.26456 1.12645 26.8872 190 190 190 255 
1.80122 1.14231 26.3585 190 190 190 255 
1.99477 1.18028 25.8488 190 190 190 255 
2.06378 1.15679 25.8752 190 190 190 255 
2.07618 1.18787 25.5957 190 190 190 255 
2.14801 1.16466 25.6133 190 190 190 255 
-2.13312 1.19779 25.2651 190 190 190 255 
-1.91446 1.17488 26.029 190 190 190 255 
-1.4015 1.17164 26.586 190 190 190 255 
-1.45329 1.1565 26.6416 190 190 190 255 
-1.24679 1.15146 26.8098 190 190 190 255 
-0.752322 1.15946 26.9922 190 190 190 255 
-1.02132 1.14723 26.9508 190 190 190 255 
-0.526607 1.14143 27.1442 190 190 190 255 
1.9924e-005 1.13947 27.2099 190 190 190 255 
0.479565 1.15691 27.0776 190 190 190 255 
0.49729 1.14122 27.1514 190 190 190 255 
0.751752 1.14355 27.0737 190 190 190 255 
0.99482 1.14681 26.965 190 190 190 255 
1.37991 1.17106 26.6056 190 190 190 255 
1.51679 1.1751 26.4708 190 190 190 255 
1.57284 1.16008 26.5222 190 190 190 255 
1.74098 1.16626 26.316 190 190 190 255 
1.8825 1.17303 26.0902 190 190 190 255 
2.21577 1.1793 25.0671 190 190 190 255 
2.12568 1.19573 25.3336 190 190 190 255 
2.15151 1.2014 25.0677 190 190 190 255 
2.33892 1.11939 25.0653 190 190 190 255 
2.26948 1.14101 25.3499 190 190 190 255 
2.28619 1.1477 25.0661 190 190 190 255 
2.24791 1.16826 25.0667 190 190 190 255 
2.19922 1.17279 25.3421 190 190 190 255 
2.12972 1.12451 25.9 190 190 190 255 
1.94763 1.14932 26.1248 190 190 190 255 
1.67926 1.10295 26.6189 190 190 190 255 
1.62727 1.13591 26.5718 190 190 190 255 
1.48042 1.13158 26.7164 190 190 190 255 
0.514502 1.1164 27.2228 190 190 190 255 
-0.283232 1.08146 27.3356 190 190 190 255 
-0.274461 1.1151 27.2663 190 190 190 255 
-0.562245 1.08303 27.283 190 190 190 255 
-0.544834 1.11662 27.2153 190 190 190 255 
-0.807128 1.11913 27.1312 190 190 190 255 
-0.832921 1.08565 27.1961 190 190 190 255 
-1.33116 1.09376 26.9259 190 190 190 255 
-1.05667 1.12262 27.0152 190 190 190 255 
-1.28994 1.12699 26.8693 190 190 190 255 
-1.55163 1.09913 26.7464 190 190 190 255 
-2.04399 1.11874 26.0923 190 190 190 255 
-2.16453 1.16675 25.5436 190 190 190 255 
-2.26345 1.15897 25.0664 190 190 190 255 
-2.21577 1.17966 25.0671 190 190 190 255 
2.35286 1.10865 25.0649 190 190 190 255 
2.3354 1.10085 25.357 190 190 190 255 
2.21663 1.13261 25.6297 190 190 190 255 
2.00986 1.11679 26.1577 190 190 190 255 
1.85877 1.10955 26.3988 190 190 190 255 
1.57211 1.05709 26.8164 190 190 190 255 
1.52772 1.09848 26.7682 190 190 190 255 
1.34288 1.05165 26.9977 190 190 190 255 
1.30496 1.09319 26.9444 190 190 190 255 
1.06214 1.08877 27.0916 190 190 190 255 
1.093 1.04712 27.1492 190 190 190 255 
0.825946 1.04354 27.2687 190 190 190 255 
0.802625 1.0853 27.2077 190 190 190 255 
0.258538 1.03947 27.4041 190 190 190 255 
0.530944 1.0828 27.2907 190 190 190 255 
0.251238 1.08136 27.3393 190 190 190 255 
2.18885e-005 1.03903 27.4184 190 190 190 255 
2.12737e-005 1.08093 27.3532 190 190 190 255 
-1.09044 1.08924 27.0765 190 190 190 255 
-1.59671 1.05776 26.794 190 190 190 255 
-1.72861 1.10462 26.5637 190 190 190 255 
-1.90085 1.11137 26.3381 190 190 190 255 
-2.10336 1.07795 26.1209 190 190 190 255 
-2.21804 1.08599 25.8522 190 190 190 255 
-2.15543 1.12657 25.8312 190 190 190 255 
-2.23368 1.13477 25.5579 190 190 190 255 
-2.34357 1.10311 25.2818 190 190 190 255 
-2.27742 1.1432 25.2768 190 190 190 255 
2.396 1.05293 25.3631 190 190 190 255 
2.28101 1.09222 25.6449 190 190 190 255 
2.24845 1.0355 25.9439 190 190 190 255 
2.19158 1.08387 25.923 190 190 190 255 
2.06824 1.07593 26.1882 190 190 190 255 
1.91277 1.06848 26.4363 190 190 190 255 
1.7729 1.01275 26.7028 190 190 190 255 
1.72805 1.0617 26.6627 190 190 190 255 
1.61291 1.00803 26.8604 190 190 190 255 
0.546372 1.04097 27.3541 190 190 190 255 
2.24597e-005 0.989516 27.478 190 190 190 255 
-0.291462 1.03958 27.4003 190 190 190 255 
-0.578583 1.0412 27.3462 190 190 190 255 
-0.879371 0.99449 27.3122 190 190 190 255 
-0.857122 1.04389 27.2568 190 190 190 255 
-1.12212 1.04758 27.1337 190 190 190 255 
-1.36983 1.05222 26.9787 190 190 190 255 
-1.77883 1.0634 26.606 190 190 190 255 
-2.00683 1.02164 26.4063 190 190 190 255 
-1.95607 1.07035 26.3738 190 190 190 255 
-2.27559 1.0377 25.8711 190 190 190 255 
-2.29856 1.09444 25.5709 190 190 190 255 
2.34021 1.04407 25.6585 190 190 190 255 
2.17008 0.971786 26.2404 190 190 190 255 
2.12192 1.02736 26.2159 190 190 190 255 
1.96241 1.01971 26.4704 190 190 190 255 
2.00695 0.96398 26.5007 190 190 190 255 
1.64952 0.952034 26.8995 190 190 190 255 
1.37773 1.00244 27.0464 190 190 190 255 
1.12137 0.997795 27.2018 190 190 190 255 
0.847386 0.994123 27.3244 190 190 190 255 
0.866625 0.937789 27.3741 190 190 190 255 
0.573282 0.935111 27.4637 190 190 190 255 
0.560555 0.991494 27.412 190 190 190 255 
0.271272 0.933538 27.5162 190 190 190 255 
0.26525 0.989945 27.4634 190 190 190 255 
-0.305818 0.933651 27.5121 190 190 190 255 
-0.607079 0.935366 27.4553 190 190 190 255 
-0.299029 0.990065 27.4594 190 190 190 255 
-0.899337 0.938177 27.3615 190 190 190 255 
-0.593602 0.99172 27.4039 190 190 190 255 
-1.17738 0.942049 27.2324 190 190 190 255 
-1.15125 0.998263 27.1859 190 190 190 255 
-1.40539 1.00303 27.0269 190 190 190 255 
-1.63815 1.00872 26.8374 190 190 190 255 
-2.05239 0.96595 26.4351 190 190 190 255 
-1.82499 1.0145 26.6446 190 190 190 255 
-2.15794 1.02943 26.1469 190 190 190 255 
-2.41173 0.9912 25.5928 190 190 190 255 
-2.35821 1.04635 25.5826 190 190 190 255 
-2.40439 1.05523 25.286 190 190 190 255 
-2.41332 1.06046 25.0635 190 190 190 255 
2.49324 0.978642 25.061 190 190 190 255 
2.45038 0.997949 25.3683 190 190 190 255 
2.43957 0.927481 25.6803 190 190 190 255 
2.39332 0.98889 25.6703 190 190 190 255 
2.34392 0.918572 25.9777 190 190 190 255 
2.29949 0.980123 25.9622 190 190 190 255 
2.04574 0.902112 26.5266 190 190 190 255 
1.84819 0.89484 26.7688 190 190 190 255 
1.81314 0.956851 26.7383 190 190 190 255 
1.68141 0.889916 26.9331 190 190 190 255 
1.43625 0.884097 27.1271 190 190 190 255 
1.40901 0.94632 27.0898 190 190 190 255 
1.14683 0.941543 27.2487 190 190 190 255 
0.276516 0.871059 27.5618 190 190 190 255 
2.34128e-005 0.870607 27.577 190 190 190 255 
2.2969e-005 0.933083 27.5311 190 190 190 255 
-1.4373 0.946919 27.0698 190 190 190 255 
-1.67534 0.952733 26.876 190 190 190 255 
-1.90249 0.896657 26.7082 190 190 190 255 
-1.86642 0.958638 26.6788 190 190 190 255 
-2.24958 0.91221 26.1894 190 190 190 255 
-2.20693 0.973912 26.1698 190 190 190 255 
-2.37222 0.920841 25.9019 190 190 190 255 
-2.32725 0.982365 25.8878 190 190 190 255 
-2.50648 0.939131 25.2919 190 190 190 255 
-2.45896 1.00031 25.2894 190 190 190 255 
2.55241 0.888561 25.0583 190 190 190 255 
2.47827 0.860779 25.6881 190 190 190 255 
2.49773 0.936706 25.3724 190 190 190 255 
2.3811 0.851722 25.9903 190 190 190 255 
2.24711 0.843096 26.2783 190 190 190 255 
2.21202 0.910055 26.2613 190 190 190 255 
2.07819 0.834998 26.5479 190 190 190 255 
1.169 0.879242 27.2891 190 190 190 255 
0.883377 0.875402 27.4169 190 190 190 255 
0.593635 0.805093 27.5451 190 190 190 255 
0.584364 0.87266 27.5083 190 190 190 255 
2.37839e-005 0.803013 27.6149 190 190 190 255 
-0.316676 0.803608 27.5952 190 190 190 255 
-0.31173 0.87119 27.5576 190 190 190 255 
-0.618814 0.87293 27.4998 190 190 190 255 
-0.916721 0.875802 27.4041 190 190 190 255 
-1.20014 0.879737 27.2725 190 190 190 255 
-1.21918 0.812276 27.3056 190 190 190 255 
-1.48832 0.817331 27.1372 190 190 190 255 
-1.73481 0.823352 26.9365 190 190 190 255 
-1.46508 0.884705 27.1068 190 190 190 255 
-1.70772 0.890624 26.9092 190 190 190 255 
-2.12524 0.837041 26.48 190 190 190 255 
-2.09205 0.904119 26.4597 190 190 190 255 
-2.40985 0.854026 25.9133 190 190 190 255 
-2.49733 0.863201 25.6077 190 190 190 255 
-2.54623 0.872624 25.2936 190 190 190 255 
-2.45834 0.929863 25.6011 190 190 190 255 
2.56864 0.799282 25.3771 190 190 190 255 
2.41047 0.780613 25.9996 190 190 190 255 
1.90066 0.756222 26.8132 190 190 190 255 
1.8775 0.827629 26.7939 190 190 190 255 
1.70808 0.822611 26.9609 190 190 190 255 
1.72915 0.751155 26.9821 190 190 190 255 
1.47703 0.745176 27.1816 190 190 190 255 
1.45903 0.816715 27.1579 190 190 190 255 
1.18754 0.811778 27.3225 190 190 190 255 
0.908462 0.736221 27.4797 190 190 190 255 
0.897392 0.80788 27.4523 190 190 190 255 
0.284368 0.731758 27.6287 190 190 190 255 
0.280903 0.803476 27.5994 190 190 190 255 
-0.636387 0.733684 27.5649 190 190 190 255 
-0.628632 0.805364 27.5364 190 190 190 255 
-0.931265 0.80828 27.4393 190 190 190 255 
-1.50668 0.745798 27.1607 190 190 190 255 
-1.95651 0.758084 26.7508 190 190 190 255 
-1.93267 0.829469 26.7323 190 190 190 255 
-2.31344 0.774074 26.2173 190 190 190 255 
-2.28526 0.845284 26.2053 190 190 190 255 
-2.57763 0.80175 25.2944 190 190 190 255 
-2.57588 0.840438 25.0569 190 190 190 255 
2.59114 0.725118 25.3777 190 190 190 255 
2.5308 0.715533 25.6971 190 190 190 255 
2.50883 0.789782 25.6938 190 190 190 255 
2.27482 0.771865 26.2912 190 190 190 255 
2.10382 0.763681 26.5641 190 190 190 255 
1.20219 0.740181 27.3482 190 190 190 255 
0.606223 0.658678 27.5934 190 190 190 255 
0.600958 0.733403 27.5736 190 190 190 255 
2.42896e-005 0.65652 27.6648 190 190 190 255 
2.40786e-005 0.731289 27.6443 190 190 190 255 
-0.320582 0.731896 27.6244 190 190 190 255 
-0.641962 0.658934 27.5846 190 190 190 255 
-0.942752 0.736615 27.4666 190 190 190 255 
-1.23422 0.740679 27.3312 190 190 190 255 
-1.7562 0.751889 26.9575 190 190 190 255 
-1.97365 0.683549 26.7634 190 190 190 255 
-2.17029 0.691288 26.5057 190 190 190 255 
-2.3337 0.699701 26.2252 190 190 190 255 
-2.15145 0.765743 26.4954 190 190 190 255 
-2.46093 0.708628 25.9271 190 190 190 255 
-2.43956 0.782945 25.9217 190 190 190 255 
-2.55027 0.717985 25.6151 190 190 190 255 
-2.52813 0.792218 25.6124 190 190 190 255 
-2.58693 0.808314 25.0559 190 190 190 255 
2.62005 0.692103 25.0524 190 190 190 255 
2.54386 0.639129 25.6982 190 190 190 255 
2.43158 0.706271 26.0057 190 190 190 255 
2.29474 0.697456 26.2998 190 190 190 255 
2.12225 0.689197 26.5751 190 190 190 255 
1.91731 0.681664 26.8264 190 190 190 255 
1.74429 0.676562 26.9968 190 190 190 255 
1.48997 0.670523 27.198 190 190 190 255 
1.21272 0.665487 27.3661 190 190 190 255 
0.921151 0.584842 27.509 190 190 190 255 
0.916421 0.66152 27.4987 190 190 190 255 
0.609352 0.58198 27.6042 190 190 190 255 
0.28686 0.65701 27.6489 190 190 190 255 
-0.32506 0.580435 27.6558 190 190 190 255 
-0.323391 0.657136 27.6447 190 190 190 255 
-0.645276 0.582244 27.5954 190 190 190 255 
-0.951012 0.661899 27.4855 190 190 190 255 
-1.25146 0.589365 27.3584 190 190 190 255 
-1.24503 0.666004 27.3489 190 190 190 255 
-1.52772 0.594541 27.1856 190 190 190 255 
-1.51988 0.671153 27.1769 190 190 190 255 
-1.77159 0.677315 26.9719 190 190 190 255 
-2.34575 0.623219 26.229 190 190 190 255 
-2.47363 0.632205 25.9293 190 190 190 255 
-2.61362 0.65128 25.2932 190 190 190 255 
-2.62388 0.658375 25.0514 190 190 190 255 
-1.19154e-009 0.152664 7.08077 190 190 190 255 
-1.19154e-009 -0.125166 7.07592 190 190 190 255 
-2.3241 -0.260488 7.10966 190 190 190 255 
-1.19154e-009 -0.387897 7.16638 190 190 190 255 
-1.19154e-009 -0.503515 7.24436 190 190 190 255 
-2.3241 -0.387897 7.16638 190 190 190 255 
-1.19154e-009 -0.603847 7.34126 190 190 190 255 
-2.3241 -0.603847 7.34126 190 190 190 255 
-1.19154e-009 -0.685821 7.45409 190 190 190 255 
-1.19154e-009 -0.74696 7.57944 190 190 190 255 
-1.19154e-009 -0.785403 7.71351 190 190 190 255 
-2.3241 -0.785403 7.71351 190 190 190 255 
-2.3241 -0.799978 7.8522 190 190 190 255 
-1.19154e-009 -0.790247 7.99132 190 190 190 255 
-1.19154e-009 -0.756513 8.12666 190 190 190 255 
-2.3241 -0.756513 8.12666 190 190 190 255 
-1.19154e-009 -0.699786 8.25407 190 190 190 255 
-1.19154e-009 -0.621795 8.36969 190 190 190 255 
-2.3241 -0.699786 8.25407 190 190 190 255 
-1.19154e-009 -0.524917 8.47002 190 190 190 255 
-2.3241 -0.412084 8.55199 190 190 190 255 
-1.19154e-009 -0.286733 8.61313 190 190 190 255 
-1.19154e-009 -0.152668 8.65157 190 190 190 255 
-2.3241 -0.286733 8.61313 190 190 190 255 
-2.3241 0.387893 8.56596 190 190 190 255 
-1.19154e-009 0.387893 8.56596 190 190 190 255 
-1.19154e-009 0.603843 8.39108 190 190 190 255 
-1.19154e-009 0.685817 8.27826 190 190 190 255 
-1.19154e-009 0.746956 8.1529 190 190 190 255 
-2.3241 0.685817 8.27826 190 190 190 255 
-2.3241 0.746956 8.1529 190 190 190 255 
-1.19154e-009 0.785399 8.01884 190 190 190 255 
-2.3241 0.785399 8.01884 190 190 190 255 
-1.19154e-009 0.799974 7.88014 190 190 190 255 
-1.19154e-009 0.790253 7.74099 190 190 190 255 
-2.3241 0.756509 7.60568 190 190 190 255 
-1.19154e-009 0.699782 7.47827 190 190 190 255 
-1.19154e-009 0.621791 7.36265 190 190 190 255 
-2.3241 0.621791 7.36265 190 190 190 255 
-1.19154e-009 0.524913 7.26232 190 190 190 255 
-2.3241 0.524913 7.26232 190 190 190 255 
-1.61513 2.68893 -0.718618 190 190 190 255 
-1.89638 2.72669 -0.67913 190 190 190 255 
-1.90517 2.728 -0.67773 190 190 190 255 
-2.1209 3.44134 0.297244 190 190 190 255 
-1.3335 3.44276 0.296415 190 190 190 255 
-1.46778 3.84537 1.23948 190 190 190 255 
-2.1209 3.04798 -0.302936 190 190 190 255 
-1.3335 3.03798 -0.315873 190 190 190 255 
-1.3335 -1.39701 7.86618 190 190 190 255 
-1.3335 -1.37597 7.62468 190 190 190 255 
-1.19154e-009 -1.37597 7.62468 190 190 190 255 
-1.19154e-009 -1.31352 7.3905 190 190 190 255 
-1.3335 -1.21153 7.1706 190 190 190 255 
-1.3335 -1.07306 6.97165 190 190 190 255 
-1.19154e-009 -1.21153 7.1706 190 190 190 255 
-1.19154e-009 -1.07306 6.97165 190 190 190 255 
-1.3335 -0.902296 6.79964 190 190 190 255 
-1.19154e-009 -0.902296 6.79964 190 190 190 255 
-1.19154e-009 -0.704363 6.65973 190 190 190 255 
-1.3335 -0.48523 6.55614 190 190 190 255 
-1.19154e-009 -0.251492 6.49199 190 190 190 255 
-1.3335 -0.0101734 6.4692 190 190 190 255 
-1.19154e-009 -0.0101734 6.4692 190 190 190 255 
-1.19154e-009 0.231448 6.48846 190 190 190 255 
-1.3335 0.466091 6.54923 190 190 190 255 
-1.19154e-009 0.686721 6.64959 190 190 190 255 
-1.19154e-009 0.886665 6.78661 190 190 190 255 
-1.3335 0.886665 6.78661 190 190 190 255 
-1.19154e-009 1.05992 6.95613 190 190 190 255 
-1.3335 1.30645 7.3714 190 190 190 255 
-1.19154e-009 1.30645 7.3714 190 190 190 255 
-1.19154e-009 1.3723 7.60468 190 190 190 255 
-1.3335 1.3723 7.60468 190 190 190 255 
-1.3335 1.39686 7.8458 190 190 190 255 
-1.19154e-009 1.37934 8.08757 190 190 190 255 
-1.3335 1.32031 8.32265 190 190 190 255 
-0.0241414 1.91227 10.1504 190 190 190 255 
-0.0134722 1.87771 10.1265 190 190 190 255 
-0.009412 1.84904 10.1036 190 190 190 255 
-0.128244 2.11582 10.2728 190 190 190 255 
-0.121927 2.10648 10.2678 190 190 190 255 
-1.3335 1.9118 10.1511 190 190 190 255 
-0.0763831 2.0391 10.2318 190 190 190 255 
-0.0398243 1.96305 10.1856 190 190 190 255 
-0.0324546 1.93918 10.1691 190 190 190 255 
-0.635 2.35906 10.3702 190 190 190 255 
-0.533019 2.35103 10.3677 190 190 190 255 
-0.440636 2.32942 10.3608 190 190 190 255 
-1.3335 2.13376 10.2816 190 190 190 255 
-0.345959 2.2915 10.3477 190 190 190 255 
-0.265818 2.24439 10.33 190 190 190 255 
-0.261996 2.24129 10.3288 190 190 190 255 
-0.18953 2.18269 10.3042 190 190 190 255 
-0.186247 2.17911 10.3026 190 190 190 255 
-0.144819 2.13391 10.2813 190 190 190 255 
-0.000930134 1.78915 10.0558 190 190 190 255 
-1.3335 1.71369 9.98663 190 190 190 255 
-1.19155e-009 1.75757 10.0279 190 190 190 255 
-1.19155e-009 1.71369 9.98663 190 190 190 255 
-1.19155e-009 1.5446 9.79246 190 190 190 255 
-1.19155e-009 1.40892 9.57362 190 190 190 255 
-1.3335 1.31018 9.33581 190 190 190 255 
-1.19155e-009 1.31018 9.33581 190 190 190 255 
-1.19155e-009 1.23275 8.8284 190 190 190 255 
-1.3335 1.25608 8.57198 190 190 190 255 
-1.19154e-009 1.25608 8.57198 190 190 190 255 
-1.19154e-009 -1.397 10.0672 190 190 190 255 
-1.96899 -1.39699 4.78738 190 190 190 255 
-1.96899 -1.41069 4.57852 190 190 190 255 
-1.3335 -1.51881 4.17501 190 190 190 255 
-1.96899 -1.45152 4.37322 190 190 190 255 
-1.3335 -1.61139 3.9873 190 190 190 255 
-1.96899 -2.07191 3.15745 190 190 190 255 
-1.3335 -2.07191 3.15745 190 190 190 255 
-1.3335 -2.14118 2.80359 190 190 190 255 
-1.96899 -2.12817 2.72705 190 190 190 255 
-1.96899 -2.10364 2.65337 190 190 190 255 
-1.96899 -1.83099 2.09398 190 190 190 255 
-1.96899 -1.78571 2.02255 190 190 190 255 
-1.96899 -1.49782 1.56835 190 190 190 255 
-1.3335 -0.934248 0.898035 190 190 190 255 
-1.3335 -1.39726 1.43211 190 190 190 255 
-1.3335 1.97554 -0.665958 190 190 190 255 
-2.02114 2.4864 -0.741485 190 190 190 255 
-2.01848 2.48817 -0.74167 190 190 190 255 
-2.58421 1.42205 -0.528042 190 190 190 255 
-2.46807 1.72566 -0.609352 190 190 190 255 
-2.44537 1.78499 -0.625235 190 190 190 255 
-2.30655 2.15359 -0.697786 190 190 190 255 
-2.20003 2.73404 -0.641959 190 190 190 255 
-2.21402 2.69008 -0.665886 190 190 190 255 
-2.16871 2.83059 -0.562374 190 190 190 255 
-2.27361 2.78387 -0.579956 190 190 190 255 
-2.25495 2.8188 -0.551898 190 190 190 255 
-2.41702 2.72627 -0.535447 190 190 190 255 
-2.47839 2.68668 -0.501164 190 190 190 255 
-2.53652 2.67075 -0.420607 190 190 190 255 
-2.58055 2.61404 -0.370297 190 190 190 255 
-2.62554 2.48038 -0.267575 190 190 190 255 
-2.60199 2.53335 -0.364176 190 190 190 255 
-2.60338 2.53716 -0.361148 190 190 190 255 
-2.6033 2.53187 -0.360723 190 190 190 255 
-2.60624 2.52852 -0.352941 190 190 190 255 
-2.60362 2.56726 -0.328813 190 190 190 255 
-2.6109 2.55251 -0.315737 190 190 190 255 
-2.52954 2.57428 -0.501277 190 190 190 255 
-2.53074 2.64118 -0.459985 190 190 190 255 
-2.55937 2.56625 -0.456476 190 190 190 255 
-2.57276 2.59092 -0.412912 190 190 190 255 
-2.49691 2.57735 -0.542683 190 190 190 255 
-2.52174 2.57639 -0.513013 190 190 190 255 
-2.45313 2.57476 -0.589294 190 190 190 255 
-2.42008 2.56908 -0.619567 190 190 190 255 
-2.37894 2.55739 -0.651255 190 190 190 255 
-2.38988 2.60706 -0.62893 190 190 190 255 
-2.36866 2.55317 -0.657535 190 190 190 255 
-2.32207 2.64426 -0.651871 190 190 190 255 
-2.29769 2.58239 -0.68488 190 190 190 255 
-2.33359 2.53874 -0.678908 190 190 190 255 
-2.24509 2.48966 -0.716899 190 190 190 255 
-2.25156 2.49398 -0.715081 190 190 190 255 
-2.26645 2.51943 -0.708825 190 190 190 255 
-2.14942 2.42485 -0.733158 190 190 190 255 
-2.1534 2.42121 -0.732353 190 190 190 255 
-2.15862 2.4258 -0.732538 190 190 190 255 
-2.21088 2.46686 -0.726641 190 190 190 255 
-2.21928 2.59773 -0.703347 190 190 190 255 
-2.21347 2.56547 -0.712477 190 190 190 255 
-2.21998 2.62935 -0.691818 190 190 190 255 
-2.21981 2.62141 -0.694704 190 190 190 255 
-2.18784 2.75718 -0.626786 190 190 190 255 
-2.1209 2.83228 -0.563866 190 190 190 255 
-2.1246 2.82974 -0.566658 190 190 190 255 
-2.15302 2.80566 -0.590237 190 190 190 255 
-2.1531 2.80559 -0.590293 190 190 190 255 
-2.1952 2.80046 -0.589105 190 190 190 255 
-2.22034 2.64545 -0.685956 190 190 190 255 
-2.22639 2.61875 -0.69496 190 190 190 255 
-2.33904 2.70358 -0.610555 190 190 190 255 
-2.2492 2.67663 -0.664093 190 190 190 255 
-2.26506 2.73211 -0.625461 190 190 190 255 
-2.34818 2.75894 -0.561945 190 190 190 255 
-2.40751 2.66873 -0.586009 190 190 190 255 
-2.46876 2.62841 -0.552388 190 190 190 255 
-2.52124 2.58365 -0.510547 190 190 190 255 
-1.3335 2.34297 7.76002 190 190 190 255 
-2.61456 2.6766 7.04454 190 190 190 255 
-1.37547 3.89866 4.42382 190 190 190 255 
-2.62887 3.17502 5.97569 190 190 190 255 
-2.23848 2.31917 10.2839 190 190 190 255 
-2.22762 2.26911 10.1643 190 190 190 255 
-2.32737 2.28263 10.1981 190 190 190 255 
-2.28218 2.30289 10.2466 190 190 190 255 
-2.44291 2.21167 10.0056 190 190 190 255 
-2.46133 2.19581 9.95191 190 190 190 255 
-1.3335 2.19458 9.95226 190 190 190 255 
-1.3335 2.09332 9.51465 190 190 190 255 
-2.59782 2.05762 9.08484 190 190 190 255 
-2.56361 2.09464 9.51449 190 190 190 255 
-1.3335 2.05746 9.06693 190 190 190 255 
-1.3335 2.08779 8.61879 190 190 190 255 
-2.57286 2.2396 8.01014 190 190 190 255 
-2.58521 2.18879 8.1815 190 190 190 255 
-1.19341 1.87705 14.7978 190 190 190 255 
1.09985 1.89889 14.5972 190 190 190 255 
-0.110688 1.9675 13.967 190 190 190 255 
1.95446 1.94678 14.1573 190 190 190 255 
1.94354 1.95373 14.0934 190 190 190 255 
-1.25071 1.85377 15.0116 190 190 190 255 
0.532803 2.11739 12.5901 190 190 190 255 
0.573022 2.11535 12.6089 190 190 190 255 
-0.434366 1.95968 14.0388 190 190 190 255 
0.110775 2.14962 12.294 190 190 190 255 
-0.0275457 2.16386 12.1632 190 190 190 255 
-0.57913 2.27575 11.1355 190 190 190 255 
-0.513826 2.25097 11.3631 190 190 190 255 
-0.313636 2.2046 11.789 190 190 190 255 
-0.81634 1.93568 14.2593 190 190 190 255 
0.434366 1.95968 14.0388 190 190 190 255 
0.968208 2.09462 12.7993 190 190 190 255 
0.858097 2.10117 12.739 190 190 190 255 
0.74696 2.10649 12.6902 190 190 190 255 
-0.728442 1.94302 14.1918 190 190 190 255 
-0.635 2.32954 10.6413 190 190 190 255 
1.05404 2.08951 12.8462 190 190 190 255 
0.635 1.9495 14.1323 190 190 190 255 
1.23765 2.07542 12.9756 190 190 190 255 
1.55528 2.04108 13.2911 190 190 190 255 
0.728442 1.94302 14.1918 190 190 190 255 
1.40559 2.0592 13.1246 190 190 190 255 
-1.9939 1.40996 19.0885 190 190 190 255 
-1.50267 1.18223 26.3701 190 190 190 255 
-1.75202 1.19271 26.0202 190 190 190 255 
-1.65144 1.18812 26.1735 190 190 190 255 
-1.77795 1.19448 25.9613 190 190 190 255 
-1.88504 1.20178 25.7181 190 190 190 255 
1.5712 1.18445 26.2959 190 190 190 255 
1.75229 1.19273 26.0197 190 190 190 255 
0.81634 1.18998 26.1111 190 190 190 255 
-1.9939 1.39341 19.327 190 190 190 255 
1.92575 1.20656 25.558 190 190 190 255 
1.88523 1.2018 25.7175 190 190 190 255 
1.85192 1.19952 25.7933 190 190 190 255 
1.9939 1.39341 19.327 190 190 190 255 
1.9939 1.22126 25.0683 190 190 190 255 
1.27 1.21916 25.1382 190 190 190 255 
1.97339 1.21385 25.3153 190 190 190 255 
1.96659 1.2114 25.3972 190 190 190 255 
0.462567 1.16314 27.0061 190 190 190 255 
0.484054 1.16325 27.0026 190 190 190 255 
0.3287 1.18239 26.3649 190 190 190 255 
0.434366 1.18339 26.3316 190 190 190 255 
-1.15713 1.17277 26.6855 190 190 190 255 
-0.635 1.18619 26.238 190 190 190 255 
-0.947337 1.16887 26.815 190 190 190 255 
-0.536725 1.18464 26.2892 190 190 190 255 
-0.796397 1.16644 26.8963 190 190 190 255 
-0.3287 1.18239 26.3649 190 190 190 255 
-0.724523 1.16571 26.9207 190 190 190 255 
-0.220533 1.18166 26.3889 190 190 190 255 
-0.110688 1.18123 26.4033 190 190 190 255 
-0.246032 1.16208 27.0416 190 190 190 255 
-1.19156e-009 1.18108 26.4082 190 190 190 255 
1.85452e-005 1.16166 27.0559 190 190 190 255 
0.110688 1.18123 26.4033 190 190 190 255 
0.728442 1.18797 26.1785 190 190 190 255 
1.34781 1.17721 26.5376 190 190 190 255 
-2.3241 0.503522 8.48795 190 190 190 255 
-2.3241 0.603843 8.39108 190 190 190 255 
-2.3241 0.924803 8.22117 190 190 190 255 
-2.3241 0.799974 7.88014 190 190 190 255 
-2.3241 0.990453 7.88344 190 190 190 255 
-2.3241 0.790253 7.74099 190 190 190 255 
-2.3241 0.978407 7.71119 190 190 190 255 
-2.3241 0.699782 7.47827 190 190 190 255 
-2.3241 0.769841 7.24276 190 190 190 255 
-2.3241 0.41208 7.18035 190 190 190 255 
-2.3241 0.649896 7.11854 190 190 190 255 
-2.3241 0.286729 7.11921 190 190 190 255 
-2.3241 0.354997 6.94137 190 190 190 255 
-2.3241 0.152664 7.08077 190 190 190 255 
-2.3241 0.189013 6.89377 190 190 190 255 
-2.3241 0.0139634 7.06619 190 190 190 255 
-2.3241 0.0172921 6.87571 190 190 190 255 
-2.3241 -0.125166 7.07592 190 190 190 255 
-2.3241 -0.503515 7.24436 190 190 190 255 
-2.3241 -0.48025 6.99976 190 190 190 255 
-2.3241 -0.623402 7.09632 190 190 190 255 
-2.3241 -0.685821 7.45409 190 190 190 255 
-2.3241 -0.74696 7.57944 190 190 190 255 
-2.3241 -0.849111 7.35597 190 190 190 255 
-2.3241 -0.972403 7.67716 190 190 190 255 
-2.3241 -0.790247 7.99132 190 190 190 255 
-2.3241 -0.978401 8.02112 190 190 190 255 
-2.3241 -0.936626 8.18866 190 190 190 255 
-2.3241 -0.866394 8.34641 190 190 190 255 
-2.3241 -0.621795 8.36969 190 190 190 255 
-2.3241 -0.769845 8.48958 190 190 190 255 
-2.3241 -0.524917 8.47002 190 190 190 255 
-2.3241 -0.355001 8.79097 190 190 190 255 
-2.3241 -0.152668 8.65157 190 190 190 255 
-2.3241 -0.0139675 8.66615 190 190 190 255 
-2.3241 -0.0172854 8.85661 190 190 190 255 
-2.3241 0.125162 8.65642 190 190 190 255 
-2.3241 0.260484 8.62268 190 190 190 255 
-2.3241 0.15496 8.84458 190 190 190 255 
-1.3335 -0.704363 6.65973 190 190 190 255 
-1.3335 -1.02561 3.21751 190 190 190 255 
-1.3335 -1.11713 3.17287 190 190 190 255 
-1.3335 -1.45152 4.37322 190 190 190 255 
-1.3335 -1.41069 4.57852 190 190 190 255 
-1.3335 -1.39699 4.78738 190 190 190 255 
-1.3335 -0.927717 3.24558 190 190 190 255 
-1.3335 -1.31352 7.3905 190 190 190 255 
-1.3335 -1.36862 2.86232 190 190 190 255 
-1.3335 -1.3272 2.95534 190 190 190 255 
-1.3335 -1.98209 3.34522 190 190 190 255 
-1.3335 -1.27026 3.03977 190 190 190 255 
-1.3335 -1.19952 3.11302 190 190 190 255 
-1.3335 0.60518 1.60402 190 190 190 255 
-1.3335 -0.362237 2.30446 190 190 190 255 
-1.3335 -0.432977 2.23121 190 190 190 255 
-1.3335 -0.515365 2.17136 190 190 190 255 
-1.3335 -0.0750799 1.05597 190 190 190 255 
-1.3335 -0.60689 2.12672 190 190 190 255 
-1.3335 -0.70478 2.09865 190 190 190 255 
-1.3335 -0.640423 0.90283 190 190 190 255 
-1.3335 -0.907635 2.0951 190 190 190 255 
-1.3335 0.231448 6.48846 190 190 190 255 
-1.3335 -0.826446 3.25623 190 190 190 255 
-1.3335 -0.251492 6.49199 190 190 190 255 
-1.3335 -1.78915 2.02037 190 190 190 255 
-1.3335 0.686721 6.64959 190 190 190 255 
-1.3335 -0.375348 3.05539 190 190 190 255 
-1.3335 -1.25715 2.28884 190 190 190 255 
-1.3335 -1.317 2.37121 190 190 190 255 
-1.3335 -0.533025 3.18308 190 190 190 255 
-1.3335 1.20127 7.15302 190 190 190 255 
-1.3335 1.05992 6.95613 190 190 190 255 
-1.3335 2.46989 3.60949 190 190 190 255 
-1.3335 1.18774 3.36028 190 190 190 255 
-1.3335 -2.14237 2.88121 190 190 190 255 
-1.3335 -2.13171 2.95809 190 190 190 255 
-1.3335 2.35906 10.3702 190 190 190 255 
-1.3335 3.89866 4.42382 190 190 190 255 
-1.3335 2.74412 3.38742 190 190 190 255 
-1.3335 -2.10364 2.65337 190 190 190 255 
-1.3335 -2.12817 2.72705 190 190 190 255 
-1.3335 1.25094 9.08524 190 190 190 255 
-1.3335 1.23275 8.8284 190 190 190 255 
-1.3335 1.5446 9.79246 190 190 190 255 
-1.3335 1.40892 9.57362 190 190 190 255 
-1.3335 2.18366 8.17997 190 190 190 255 
-1.3335 1.37934 8.08757 190 190 190 255 
-1.3335 2.92584 3.08499 190 190 190 255 
-1.3335 2.97466 2.91474 190 190 190 255 
-1.3335 -0.232137 2.68231 190 190 190 255 
-1.3335 0.761696 1.85273 190 190 190 255 
-1.3335 0.942314 2.4099 190 190 190 255 
-1.3335 0.961488 2.70313 190 190 190 255 
-1.3335 1.80087 -0.0967889 190 190 190 255 
-1.3335 2.56116 0.908814 190 190 190 255 
-1.3335 2.80634 1.49186 190 190 190 255 
-1.3335 3.75107 0.962494 190 190 190 255 
-1.96899 -1.397 10.0672 190 190 190 255 
-2.6289 -1.016 4.78739 190 190 190 255 
-2.6289 -1.03295 4.52879 190 190 190 255 
-2.6289 -1.08351 4.27462 190 190 190 255 
-1.96899 -1.51881 4.17501 190 190 190 255 
-1.96899 -1.61139 3.9873 190 190 190 255 
-1.96899 -1.98209 3.34522 190 190 190 255 
-2.6289 -1.75853 2.8194 190 190 190 255 
-1.96899 -2.14118 2.80359 190 190 190 255 
-1.96899 -2.14237 2.88121 190 190 190 255 
-1.96899 -2.13171 2.95809 190 190 190 255 
-2.62891 -0.824885 1.33771 190 190 190 255 
-1.96899 -1.10827 1.08304 190 190 190 255 
-1.96899 -1.39191 1.4364 190 190 190 255 
-2.62891 -1.18787 1.78993 190 190 190 255 
-2.62891 -1.49832 2.27971 190 190 190 255 
-2.33087 -0.640423 0.90283 190 190 190 255 
-2.62891 -0.351404 0.955962 190 190 190 255 
-1.96899 -0.934248 0.898035 190 190 190 255 
-2.1479 -0.784234 0.894392 190 190 190 255 
-1.3335 -0.351404 0.955962 190 190 190 255 
-2.62891 -0.0750799 1.05597 190 190 190 255 
-1.3335 0.181002 1.20011 190 190 190 255 
-2.62891 0.181002 1.20011 190 190 190 255 
-2.62891 0.409834 1.38448 190 190 190 255 
-1.3335 0.409834 1.38448 190 190 190 255 
-2.62891 0.60518 1.60402 190 190 190 255 
-2.62891 0.761696 1.85273 190 190 190 255 
-2.62891 0.875102 2.12384 190 190 190 255 
-1.3335 0.875102 2.12384 190 190 190 255 
-2.62891 0.942314 2.4099 190 190 190 255 
-2.6289 2.99317 2.73861 190 190 190 255 
-2.6289 2.97466 2.91474 190 190 190 255 
-2.6289 2.84821 3.24414 190 190 190 255 
-1.3335 2.84821 3.24414 190 190 190 255 
-2.6289 2.74412 3.38742 190 190 190 255 
-1.3335 2.61672 3.51045 190 190 190 255 
-2.6289 2.46989 3.60949 190 190 190 255 
-1.3335 2.30811 3.68152 190 190 190 255 
-2.6289 2.13626 3.72438 190 190 190 255 
-1.3335 2.13626 3.72438 190 190 190 255 
-2.6289 1.9596 3.73672 190 190 190 255 
-1.3335 1.9596 3.73672 190 190 190 255 
-1.3335 1.78347 3.71821 190 190 190 255 
-2.6289 1.61322 3.66939 190 190 190 255 
-1.3335 1.61322 3.66939 190 190 190 255 
-1.3335 1.45405 3.59176 190 190 190 255 
-2.6289 1.45405 3.59176 190 190 190 255 
-1.3335 1.31077 3.48766 190 190 190 255 
-2.6289 1.18774 3.36028 190 190 190 255 
-1.3335 1.08871 3.21344 190 190 190 255 
-1.3335 1.01668 3.05165 190 190 190 255 
-1.3335 0.973839 2.8798 190 190 190 255 
-2.6289 0.961488 2.70313 190 190 190 255 
-2.6289 1.80087 -0.0967889 190 190 190 255 
-1.3335 1.30672 -0.491611 190 190 190 255 
-2.6289 2.2229 0.374349 190 190 190 255 
-1.3335 2.2229 0.374349 190 190 190 255 
-1.3335 2.95168 2.10744 190 190 190 255 
-1.3335 2.99317 2.73861 190 190 190 255 
-2.5528 1.75307 -0.591072 190 190 190 255 
-2.39533 2.18445 -0.688746 190 190 190 255 
-2.50852 1.7394 -0.608578 190 190 190 255 
-2.37338 1.97614 -0.662853 190 190 190 255 
-2.4795 1.72938 -0.611563 190 190 190 255 
-2.3489 2.1691 -0.697098 190 190 190 255 
-2.4938 1.73442 -0.610875 190 190 190 255 
-2.3891 2.18239 -0.689857 190 190 190 255 
-2.36481 2.17436 -0.694218 190 190 190 255 
-2.52344 1.74424 -0.604549 190 190 190 255 
-2.5383 1.74884 -0.59873 190 190 190 255 
-2.50717 2.21318 -0.630601 190 190 190 255 
-2.50441 2.21262 -0.63273 190 190 190 255 
-2.59121 1.76273 -0.558219 190 190 190 255 
-2.56664 1.75686 -0.581671 190 190 190 255 
-2.57953 1.7601 -0.570658 190 190 190 255 
-2.58941 2.22205 -0.53162 190 190 190 255 
-2.60147 1.76469 -0.54457 190 190 190 255 
-2.58217 2.22247 -0.545825 190 190 190 255 
-2.61715 1.76662 -0.515004 190 190 190 255 
-2.60518 2.22075 -0.49895 190 190 190 255 
-2.60398 2.22109 -0.502524 190 190 190 255 
-2.61015 1.766 -0.530087 190 190 190 255 
-2.6289 1.30672 -0.491611 190 190 190 255 
-2.62247 1.7666 -0.499656 190 190 190 255 
-2.61542 2.21786 -0.468361 190 190 190 255 
-2.62823 1.76486 -0.469294 190 190 190 255 
-2.62613 1.766 -0.484341 190 190 190 255 
-2.6289 2.20349 -0.379963 190 190 190 255 
-2.62743 2.20922 -0.408568 190 190 190 255 
-2.6289 1.76325 -0.45459 190 190 190 255 
-2.6289 1.75972 -0.455212 190 190 190 255 
-2.25852 2.29987 -0.717866 190 190 190 255 
-2.21262 2.46802 -0.726133 190 190 190 255 
-2.20145 2.4595 -0.727775 190 190 190 255 
-2.26574 2.50343 -0.711041 190 190 190 255 
-2.36658 2.36052 -0.69468 190 190 190 255 
-2.27979 2.51103 -0.704739 190 190 190 255 
-2.28921 2.51612 -0.700518 190 190 190 255 
-2.3557 2.54783 -0.665425 190 190 190 255 
-2.32287 2.53433 -0.685451 190 190 190 255 
-2.50166 2.4029 -0.604061 190 190 190 255 
-2.44039 2.57296 -0.601448 190 190 190 255 
-2.42704 2.57106 -0.614209 190 190 190 255 
-2.47685 2.57813 -0.566647 190 190 190 255 
-2.45998 2.57574 -0.582759 190 190 190 255 
-2.5305 2.57403 -0.499842 190 190 190 255 
-2.55569 2.40438 -0.539108 190 190 190 255 
-2.51938 2.57648 -0.515821 190 190 190 255 
-2.53019 2.40534 -0.572833 190 190 190 255 
-2.58455 2.5514 -0.407973 190 190 190 255 
-2.56803 2.56114 -0.439794 190 190 190 255 
-2.57781 2.40008 -0.503408 190 190 190 255 
-2.61053 2.52366 -0.341623 190 190 190 255 
-2.61068 2.38178 -0.42836 190 190 190 255 
-2.62427 2.49096 -0.282892 190 190 190 255 
-2.62233 2.49558 -0.291176 190 190 190 255 
-2.61705 2.50814 -0.313744 190 190 190 255 
-2.6289 2.29473 -0.343565 190 190 190 255 
-2.6289 2.33327 -0.316384 190 190 190 255 
-2.6289 2.38579 -0.279306 190 190 190 255 
-2.62741 2.20927 -0.408835 190 190 190 255 
-2.62727 2.20981 -0.411503 190 190 190 255 
-2.6271 2.35159 -0.352 190 190 190 255 
-2.621 2.36808 -0.39011 190 190 190 255 
-2.61925 2.21678 -0.456933 190 190 190 255 
-2.62214 2.21427 -0.440562 190 190 190 255 
-2.62257 2.21389 -0.438122 190 190 190 255 
-2.58779 2.54948 -0.401717 190 190 190 255 
-2.59624 2.39252 -0.466312 190 190 190 255 
-2.61428 2.21819 -0.47178 190 190 190 255 
-2.58501 2.31325 -0.522244 190 190 190 255 
-2.59085 2.22197 -0.528809 190 190 190 255 
-2.53018 2.21733 -0.610527 190 190 190 255 
-2.51918 2.31235 -0.609996 190 190 190 255 
-2.53131 2.21748 -0.609319 190 190 190 255 
-2.5534 2.22064 -0.586301 190 190 190 255 
-2.57256 2.22186 -0.55934 190 190 190 255 
-2.57367 2.22193 -0.55778 190 190 190 255 
-2.44827 2.19963 -0.668461 190 190 190 255 
-2.45372 2.201 -0.665477 190 190 190 255 
-2.4822 2.20813 -0.649842 190 190 190 255 
-2.46291 2.30003 -0.655743 190 190 190 255 
-2.5215 2.21608 -0.619559 190 190 190 255 
-2.41864 2.19128 -0.680476 190 190 190 255 
-2.42493 2.19312 -0.678237 190 190 190 255 
-2.40044 2.27917 -0.688365 190 190 190 255 
-2.43222 2.29062 -0.673852 190 190 190 255 
-2.44075 2.19774 -0.67257 190 190 190 255 
-2.33045 2.34266 -0.706994 190 190 190 255 
-2.16148 2.42831 -0.732628 190 190 190 255 
-2.29432 2.32236 -0.714755 190 190 190 255 
-2.33427 2.16374 -0.697336 190 190 190 255 
-2.35972 2.17268 -0.695149 190 190 190 255 
-2.22668 2.27786 -0.71664 190 190 190 255 
-2.22675 2.27778 -0.716608 190 190 190 255 
-2.26776 2.22605 -0.709139 190 190 190 255 
-2.29454 2.18117 -0.702199 190 190 190 255 
-2.33133 2.16266 -0.697367 190 190 190 255 
-2.39563 2.18455 -0.688678 190 190 190 255 
-2.40233 2.37567 -0.677914 190 190 190 255 
-2.43716 2.3879 -0.656969 190 190 190 255 
-2.49204 2.30733 -0.634395 190 190 190 255 
-2.47047 2.39704 -0.632232 190 190 190 255 
-2.54391 2.315 -0.582897 190 190 190 255 
-2.56594 2.3153 -0.55351 190 190 190 255 
-2.60347 2.22124 -0.504064 190 190 190 255 
-2.26721 3.38382 0.236313 190 190 190 255 
-2.25484 3.39097 0.242599 190 190 190 255 
-2.15502 3.4486 0.309254 190 190 190 255 
-2.16863 3.44074 0.298896 190 190 190 255 
-2.1209 3.28624 0.0353157 190 190 190 255 
-2.21809 3.41218 0.261278 190 190 190 255 
-2.3372 3.24557 0.061458 190 190 190 255 
-2.33716 3.34344 0.220555 190 190 190 255 
-2.44373 3.28191 0.248779 190 190 190 255 
-2.41506 3.29846 0.233681 190 190 190 255 
-2.38548 3.31553 0.224273 190 190 190 255 
-2.53652 3.10463 0.15203 190 190 190 255 
-2.56752 3.21044 0.425808 190 190 190 255 
-2.56091 3.21425 0.408439 190 190 190 255 
-2.5344 3.22956 0.351905 190 190 190 255 
-2.5795 3.20351 0.468066 190 190 190 255 
-2.60967 3.18611 0.610622 190 190 190 255 
-2.6109 3.16439 0.567331 190 190 190 255 
-2.62337 3.17819 0.725411 190 190 190 255 
-2.62665 3.08816 0.607627 190 190 190 255 
-2.62665 2.48798 -0.258497 190 190 190 255 
-2.62161 2.50861 -0.276786 190 190 190 255 
-2.6109 2.75168 -0.0748179 190 190 190 255 
-2.57352 2.6231 -0.378342 190 190 190 255 
-2.53652 2.87691 -0.171227 190 190 190 255 
-2.53202 2.67476 -0.424146 190 190 190 255 
-2.48011 2.72095 -0.465118 190 190 190 255 
-2.41836 2.75979 -0.499564 190 190 190 255 
-2.48011 2.93009 -0.21217 190 190 190 255 
-2.413 2.76316 -0.502548 190 190 190 255 
-2.34931 2.79084 -0.527102 190 190 190 255 
-2.3372 2.7961 -0.531783 190 190 190 255 
-2.27467 2.81336 -0.547089 190 190 190 255 
-2.25495 3.03371 -0.291942 190 190 190 255 
-2.19629 2.82681 -0.559005 190 190 190 255 
-2.1209 3.03756 -0.315523 190 190 190 255 
-2.6289 3.0459 0.629967 190 190 190 255 
-2.60157 3.19078 0.553329 190 190 190 255 
-2.60476 3.18893 0.569538 190 190 190 255 
-2.62665 2.68334 -0.0222011 190 190 190 255 
-2.62665 2.89912 0.284119 190 190 190 255 
-2.58055 2.81684 -0.124981 190 190 190 255 
-2.6109 2.97167 0.237492 190 190 190 255 
-2.58055 3.04086 0.193023 190 190 190 255 
-2.48011 3.16108 0.115758 190 190 190 255 
-2.413 2.97478 -0.246569 190 190 190 255 
-2.413 3.20853 0.0852599 190 190 190 255 
-2.3372 3.00967 -0.27343 190 190 190 255 
-2.25495 3.27109 0.0450483 190 190 190 255 
-2.16871 3.04619 -0.301549 190 190 190 255 
-2.16871 3.28434 0.0365349 190 190 190 255 
-1.63111 3.75107 0.962494 190 190 190 255 
-1.85724 3.62052 0.647676 190 190 190 255 
-2.1209 3.46829 0.342766 190 190 190 255 
-1.3335 3.9229 1.52159 190 190 190 255 
-2.59671 3.19358 0.528705 190 190 190 255 
-2.50061 3.24907 0.301007 190 190 190 255 
-2.47992 3.26101 0.278744 190 190 190 255 
-2.50549 3.24625 0.307237 190 190 190 255 
-2.30834 3.36008 0.224008 190 190 190 255 
-2.33991 3.34184 0.220232 190 190 190 255 
-2.37436 3.32196 0.222175 190 190 190 255 
-2.47379 3.26455 0.272125 190 190 190 255 
-2.62538 3.17704 0.787216 190 190 190 255 
-2.6289 3.175 0.895484 190 190 190 255 
-1.3335 3.9229 4.20124 190 190 190 255 
-2.62108 2.08293 7.95708 190 190 190 255 
-2.62251 2.84978 6.67316 190 190 190 255 
-2.60349 2.50606 7.41028 190 190 190 255 
-2.58972 2.34297 7.76002 190 190 190 255 
-2.04421 2.35742 10.3668 190 190 190 255 
-2.14341 2.34444 10.3395 190 190 190 255 
-2.19013 2.33367 10.3162 190 190 190 255 
-2.28148 1.33993 19.0809 190 190 190 255 
-2.62183 2.07365 7.95394 190 190 190 255 
-2.60383 2.0644 8.84173 190 190 190 255 
-2.61893 0.877035 19.0305 190 190 190 255 
-2.59826 2.05812 9.06696 190 190 190 255 
-2.60639 0.945253 19.0379 190 190 190 255 
-2.59606 0.973105 19.0409 190 190 190 255 
-2.60408 2.08779 8.61879 190 190 190 255 
-2.59782 2.13691 8.3565 190 190 190 255 
-2.6023 2.15882 7.9828 190 190 190 255 
-2.59782 2.17693 7.98892 190 190 190 255 
-2.58586 2.0679 9.30081 190 190 190 255 
-2.56846 1.04745 19.049 190 190 190 255 
-2.55969 2.09935 9.55211 190 190 190 255 
-2.55847 1.06457 19.0509 190 190 190 255 
-2.36714 2.26159 10.145 190 190 190 255 
-2.40816 2.23632 10.0771 190 190 190 255 
-2.50763 2.15598 9.81703 190 190 190 255 
-2.36664 1.2888 19.0753 190 190 190 255 
-2.35903 1.29515 19.076 190 190 190 255 
-2.26427 1.34987 19.0819 190 190 190 255 
-2.09324 2.35265 10.3568 190 190 190 255 
-2.16146 1.38757 19.0861 190 190 190 255 
-2.09284 1.40004 19.0874 190 190 190 255 
-1.9939 2.35906 10.3702 190 190 190 255 
-2.05366 1.40714 19.0882 190 190 190 255 
-2.16146 1.37093 19.3263 190 190 190 255 
-2.18948 1.3773 19.0849 190 190 190 255 
-2.44291 1.22505 19.0684 190 190 190 255 
-2.50703 1.14924 19.0601 190 190 190 255 
-2.51343 1.14166 19.0593 190 190 190 255 
-2.51343 1.12366 19.3189 190 190 190 255 
-2.56846 1.02894 19.3161 190 190 190 255 
-2.62608 0.838077 19.0262 190 190 190 255 
-2.05366 1.3906 19.3269 190 190 190 255 
-1.9939 1.22126 25.0683 190 190 190 255 
-2.14178 1.20183 25.0677 190 190 190 255 
-2.06576 1.21525 25.0681 190 190 190 255 
-2.05348 1.21627 25.0682 190 190 190 255 
-2.16102 1.19701 25.0676 190 190 190 255 
-2.19594 1.18827 25.0673 190 190 190 255 
-2.26427 1.333 19.3252 190 190 190 255 
-2.29605 1.1448 25.066 190 190 190 255 
-2.44173 1.03407 25.0627 190 190 190 255 
-2.38618 1.08565 25.0642 190 190 190 255 
-2.44291 1.20751 19.3214 190 190 190 255 
-2.35903 1.278 19.3235 190 190 190 255 
-2.35794 1.10419 25.0648 190 190 190 255 
-2.35242 1.10781 25.0649 190 190 190 255 
-2.51221 0.950557 25.0602 190 190 190 255 
-2.55531 0.878703 25.058 190 190 190 255 
-2.62608 0.818425 19.3098 190 190 190 255 
-2.60639 0.926193 19.313 190 190 190 255 
-2.60569 0.75379 25.0543 190 190 190 255 
-2.3241 -0.510198 8.71528 190 190 190 255 
-2.3241 -0.649889 8.61377 190 190 190 255 
-2.6289 -0.649889 8.61377 190 190 190 255 
-2.6289 -0.978401 8.02112 190 190 190 255 
-2.6289 -0.990447 7.84887 190 190 190 255 
-2.3241 -0.990447 7.84887 190 190 190 255 
-2.6289 -0.972403 7.67716 190 190 190 255 
-2.6289 -0.849111 7.35597 190 190 190 255 
-2.3241 -0.924807 7.51117 190 190 190 255 
-2.6289 -0.747611 7.21626 190 190 190 255 
-2.3241 -0.747611 7.21626 190 190 190 255 
-2.6289 -0.623402 7.09632 190 190 190 255 
-2.6289 -0.322505 6.92953 190 190 190 255 
-2.3241 -0.322505 6.92953 190 190 190 255 
-2.3241 -0.154964 6.88776 190 190 190 255 
-2.6289 0.354997 6.94137 190 190 190 255 
-2.3241 0.510194 7.01706 190 190 190 255 
-2.6289 0.769841 7.24276 190 190 190 255 
-2.6289 0.866401 7.38591 190 190 190 255 
-2.3241 0.866401 7.38591 190 190 190 255 
-2.6289 0.936633 7.54365 190 190 190 255 
-2.3241 0.936633 7.54365 190 190 190 255 
-2.6289 0.978407 7.71119 190 190 190 255 
-2.6289 0.990453 7.88344 190 190 190 255 
-2.6289 0.972399 8.05518 190 190 190 255 
-2.3241 0.972399 8.05518 190 190 190 255 
-2.6289 0.849107 8.37637 190 190 190 255 
-2.3241 0.849107 8.37637 190 190 190 255 
-2.3241 0.747618 8.51605 190 190 190 255 
-2.6289 0.747618 8.51605 190 190 190 255 
-2.6289 0.623408 8.636 190 190 190 255 
-2.3241 0.623408 8.636 190 190 190 255 
-2.6289 0.480257 8.73255 190 190 190 255 
-2.3241 0.480257 8.73255 190 190 190 255 
-2.6289 0.322512 8.80279 190 190 190 255 
-2.3241 0.322512 8.80279 190 190 190 255 
-2.3241 -0.189017 8.83857 190 190 190 255 
-2.6289 -0.189017 8.83857 190 190 190 255 
-2.6289 -1.02561 3.21751 190 190 190 255 
-2.6289 -1.11713 3.17287 190 190 190 255 
-2.6289 -1.19952 3.11302 190 190 190 255 
-2.6289 -1.27026 3.03977 190 190 190 255 
-2.6289 -1.3272 2.95534 190 190 190 255 
-2.6289 -1.36862 2.86232 190 190 190 255 
-1.3335 -1.39326 2.76351 190 190 190 255 
-1.3335 -1.40036 2.66192 190 190 190 255 
-1.3335 -1.38971 2.56063 190 190 190 255 
-2.6289 -1.36164 2.46274 190 190 190 255 
-1.3335 -1.36164 2.46274 190 190 190 255 
-2.6289 -1.18389 2.2181 190 190 190 255 
-2.6289 -1.09947 2.16116 190 190 190 255 
-1.3335 -1.18389 2.2181 190 190 190 255 
-1.3335 -1.09947 2.16116 190 190 190 255 
-1.3335 -1.00644 2.11974 190 190 190 255 
-2.6289 -0.907635 2.0951 190 190 190 255 
-2.6289 -0.806051 2.088 190 190 190 255 
-2.6289 -0.70478 2.09865 190 190 190 255 
-1.3335 -0.806051 2.088 190 190 190 255 
-1.3335 -0.305294 2.38889 190 190 190 255 
-1.3335 -0.263874 2.48191 190 190 190 255 
-2.6289 -0.239238 2.58072 190 190 190 255 
-1.3335 -0.239238 2.58072 190 190 190 255 
-2.6289 -0.232137 2.68231 190 190 190 255 
-2.6289 -0.242776 2.78357 190 190 190 255 
-1.3335 -0.242776 2.78357 190 190 190 255 
-1.3335 -0.270845 2.88146 190 190 190 255 
-2.6289 -0.315487 2.97299 190 190 190 255 
-1.3335 -0.315487 2.97299 190 190 190 255 
-2.6289 -0.375348 3.05539 190 190 190 255 
-2.6289 -0.448602 3.12613 190 190 190 255 
-1.3335 -0.448602 3.12613 190 190 190 255 
-1.3335 -0.626053 3.22449 190 190 190 255 
-2.6289 -0.724862 3.24913 190 190 190 255 
-1.3335 -0.724862 3.24913 190 190 190 255 
-2.6289 -0.101596 23.8682 190 190 190 255 
-2.6289 -0.101604 24.8588 190 190 190 255 
-2.6289 0.0507903 24.8588 190 190 190 255 
-2.6289 2.61672 3.51045 190 190 190 255 
-2.6289 2.30811 3.68152 190 190 190 255 
-2.6289 -0.101591 24.4523 190 190 190 255 
-2.6289 0.0507991 14.3432 190 190 190 255 
-2.6289 -0.1016 13.759 190 190 190 255 
-2.6289 0.0508011 13.9368 190 190 190 255 
-2.6289 0.0860894 13.7559 190 190 190 255 
-2.6289 2.56116 0.908814 190 190 190 255 
-2.6289 2.80634 1.49186 190 190 190 255 
-2.6289 2.95168 2.10744 190 190 190 255 
-2.6289 3.175 5.9631 190 190 190 255 
-2.6289 2.92584 3.08499 190 190 190 255 
-2.6289 0.18141 13.7114 190 190 190 255 
-2.6289 0.0508045 14.9274 190 190 190 255 
-2.6289 0.0508015 15.1052 190 190 190 255 
-2.6289 0.0860801 13.9399 190 190 190 255 
-2.6289 2.45222 -0.226769 190 190 190 255 
-2.6289 2.85891 0.309958 190 190 190 255 
-2.6289 2.64546 0.00696027 190 190 190 255 
-2.6289 2.24379 -0.367971 190 190 190 255 
-2.6289 0.147516 15.1296 190 190 190 255 
-2.6289 -1.71654 3.02009 190 190 190 255 
-2.6289 -1.18788 1.78993 190 190 190 255 
-2.6289 -1.00644 2.11974 190 190 190 255 
-2.6289 0.226773 14.0384 190 190 190 255 
-2.6289 -1.39326 2.76351 190 190 190 255 
-2.6289 -1.76177 2.83852 190 190 190 255 
-2.6289 -1.76208 2.85794 190 190 190 255 
-2.6289 -1.75941 2.87716 190 190 190 255 
-2.6289 -1.75239 2.80097 190 190 190 255 
-2.6289 -1.38971 2.56063 190 190 190 255 
-2.6289 -1.40036 2.66192 190 190 190 255 
-2.6289 -1.317 2.37121 190 190 190 255 
-2.6289 -1.49833 2.27971 190 190 190 255 
-2.6289 -1.25715 2.28884 190 190 190 255 
-2.6289 -0.824889 1.33771 190 190 190 255 
-2.6289 -0.4242 0.937914 190 190 190 255 
-2.6289 -0.351404 0.955962 190 190 190 255 
-2.6289 -0.60689 2.12672 190 190 190 255 
-2.6289 0.24174 14.2095 190 190 190 255 
-2.6289 0.236879 22.9846 190 190 190 255 
-2.6289 0.152395 23.6632 190 190 190 255 
-2.6289 0.649896 7.11854 190 190 190 255 
-2.6289 1.98656 7.92443 190 190 190 255 
-2.6289 -0.533025 3.18308 190 190 190 255 
-2.6289 -0.924807 7.51117 190 190 190 255 
-2.6289 -0.270845 2.88146 190 190 190 255 
-2.6289 -0.626053 3.22449 190 190 190 255 
-2.6289 0.241749 14.0705 190 190 190 255 
-2.6289 0.0842515 23.1034 190 190 190 255 
-2.6289 -0.101602 23.284 190 190 190 255 
-2.6289 0.120292 23.2962 190 190 190 255 
-2.6289 0.200295 23.0406 190 190 190 255 
-2.6289 0.0860819 23.2871 190 190 190 255 
-2.6289 0.226769 23.5888 190 190 190 255 
-2.6289 0.120298 23.8804 190 190 190 255 
-2.6289 0.0860873 23.8712 190 190 190 255 
-2.6289 0.120304 23.6781 190 190 190 255 
-2.6289 -0.0750799 1.05597 190 190 190 255 
-2.6289 0.181002 1.20011 190 190 190 255 
-2.6289 -0.515365 2.17136 190 190 190 255 
-2.6289 0.409834 1.38448 190 190 190 255 
-2.6289 -0.432977 2.23121 190 190 190 255 
-2.6289 0.60518 1.60402 190 190 190 255 
-2.6289 -0.362237 2.30446 190 190 190 255 
-2.6289 -0.305294 2.38889 190 190 190 255 
-2.6289 0.761696 1.85273 190 190 190 255 
-2.6289 0.875102 2.12384 190 190 190 255 
-2.6289 -0.263874 2.48191 190 190 190 255 
-2.6289 0.942314 2.4099 190 190 190 255 
-2.6289 0.973839 2.8798 190 190 190 255 
-2.6289 0.189013 6.89377 190 190 190 255 
-2.6289 -0.355001 8.79097 190 190 190 255 
-2.6289 -0.510198 8.71528 190 190 190 255 
-2.6289 -0.769845 8.48958 190 190 190 255 
-2.6289 -0.866394 8.34641 190 190 190 255 
-2.6289 -1.28143 3.79678 190 190 190 255 
-2.6289 -1.65214 3.15472 190 190 190 255 
-2.6289 -0.48025 6.99976 190 190 190 255 
-2.6289 -0.154964 6.88776 190 190 190 255 
-2.6289 0.0172921 6.87571 190 190 190 255 
-2.6289 1.78347 3.71821 190 190 190 255 
-2.6289 0.510194 7.01706 190 190 190 255 
-2.6289 1.31077 3.48766 190 190 190 255 
-2.6289 1.08871 3.21344 190 190 190 255 
-2.6289 1.01668 3.05165 190 190 190 255 
-2.6289 0.380996 11.0412 190 190 190 255 
-2.6289 -0.927717 3.24558 190 190 190 255 
-2.6289 -1.16681 4.02921 190 190 190 255 
-2.6289 0.15496 8.84458 190 190 190 255 
-2.6289 0.372262 10.9362 190 190 190 255 
-2.6289 0.251618 12.9405 190 190 190 255 
-2.6289 -0.101596 10.4247 190 190 190 255 
-2.6289 -0.0172854 8.85661 190 190 190 255 
-2.6289 -0.00180324 10.4584 190 190 190 255 
-2.6289 0.0910588 10.5081 190 190 190 255 
-2.6289 -0.826446 3.25623 190 190 190 255 
-2.6289 -1.016 10.2524 190 190 190 255 
-2.6289 -0.936626 8.18866 190 190 190 255 
-2.6289 0.206453 23.3566 190 190 190 255 
-2.6289 0.0860862 24.8557 190 190 190 255 
-2.6289 0.120293 24.8465 190 190 190 255 
-2.6289 0.226772 14.8258 190 190 190 255 
-2.6289 0.206455 24.7862 190 190 190 255 
-2.6289 0.241744 14.6547 190 190 190 255 
-2.6289 0.250913 14.7594 190 190 190 255 
-2.6289 0.24174 23.4177 190 190 190 255 
-2.6289 0.250924 23.4519 190 190 190 255 
-2.6289 0.250909 23.5225 190 190 190 255 
-2.6289 0.0507957 13.3526 190 190 190 255 
-2.6289 0.0507988 13.1748 190 190 190 255 
-2.6289 0.120296 13.3648 190 190 190 255 
-2.6289 0.0856649 13.1717 190 190 190 255 
-2.6289 0.185972 12.8198 190 190 190 255 
-2.6289 0.924803 8.22117 190 190 190 255 
-2.6289 0.226779 13.4542 190 190 190 255 
-2.6289 0.250916 13.5205 190 190 190 255 
-2.6289 0.250913 13.5911 190 190 190 255 
-2.6289 0.241742 23.5567 190 190 190 255 
-2.6289 0.152409 23.8954 190 190 190 255 
-2.6289 0.206458 23.9408 190 190 190 255 
-2.6289 0.241746 24.0019 190 190 190 255 
-2.6289 0.206463 24.5249 190 190 190 255 
-2.6289 0.226786 24.5539 190 190 190 255 
-2.6289 0.253997 24.0714 190 190 190 255 
-2.6289 0.250908 24.0361 190 190 190 255 
-2.6289 0.152397 13.3798 190 190 190 255 
-2.6289 0.24069 13.0439 190 190 190 255 
-2.6289 0.226774 24.173 190 190 190 255 
-2.6289 0.0860808 24.2715 190 190 190 255 
-2.6289 0.120303 24.4646 190 190 190 255 
-2.6289 0.152393 24.4796 190 190 190 255 
-2.6289 0.1524 24.2473 190 190 190 255 
-2.6289 0.206471 24.202 190 190 190 255 
-2.6289 0.0842433 16.2763 190 190 190 255 
-2.6289 0.175613 16.0529 190 190 190 255 
-2.6289 0.0507939 16.0958 190 190 190 255 
-2.6289 0.050791 16.2736 190 190 190 255 
-2.6289 0.0842503 16.093 190 190 190 255 
-2.6289 0.175613 18.3897 190 190 190 255 
-2.6289 0.0507944 18.4326 190 190 190 255 
-2.6289 0.0842508 18.4298 190 190 190 255 
-2.6289 0.11677 18.4216 190 190 190 255 
-2.6289 0.0842543 17.4447 190 190 190 255 
-2.6289 0.0508047 17.2642 190 190 190 255 
-2.6289 0.0842397 17.2614 190 190 190 255 
-2.6289 0.116781 17.2532 190 190 190 255 
-2.6289 0.236878 18.311 190 190 190 255 
-2.6289 0.220913 18.3405 190 190 190 255 
-2.6289 0.200294 18.367 190 190 190 255 
-2.6289 0.0842489 16.8605 190 190 190 255 
-2.6289 0.14751 16.6555 190 190 190 255 
-2.6289 0.0508102 17.8483 190 190 190 255 
-2.6289 0.175602 17.2213 190 190 190 255 
-2.6289 0.175608 17.8055 190 190 190 255 
-2.6289 0.0842384 18.029 190 190 190 255 
-2.6289 0.147521 17.8239 190 190 190 255 
-2.6289 0.200289 17.7828 190 190 190 255 
-2.6289 0.0842441 20.9499 190 190 190 255 
-2.6289 0.0842512 20.7666 190 190 190 255 
-2.6289 0.0508099 15.5115 190 190 190 255 
-2.6289 0.2003 18.9512 190 190 190 255 
-2.6289 -0.101594 19.0168 190 190 190 255 
-2.6289 0.0842559 19.014 190 190 190 255 
-2.6289 0.116776 19.0058 190 190 190 255 
-2.6289 0.220902 19.5089 190 190 190 255 
-2.6289 0.175603 19.5581 190 190 190 255 
-2.6289 0.0508052 19.601 190 190 190 255 
-2.6289 0.116781 19.59 190 190 190 255 
-2.6289 0.0842458 20.1824 190 190 190 255 
-2.6289 0.0842386 20.3658 190 190 190 255 
-2.6289 0.147507 20.9717 190 190 190 255 
-2.6289 0.236884 18.8952 190 190 190 255 
-2.6289 0.116771 19.2056 190 190 190 255 
-2.6289 0.220912 21.6234 190 190 190 255 
-2.6289 0.220902 20.4551 190 190 190 255 
-2.6289 0.236885 21.232 190 190 190 255 
-2.6289 0.220919 21.2615 190 190 190 255 
-2.6289 0.25331 21.7178 190 190 190 255 
-2.6289 0.2003 21.288 190 190 190 255 
-2.6289 0.247772 19.4477 190 190 190 255 
-2.6289 0.236889 19.4794 190 190 190 255 
-2.6289 0.175604 19.8216 190 190 190 255 
-2.6289 0.200307 19.8443 190 190 190 255 
-2.6289 0.220918 19.8708 190 190 190 255 
-2.6289 0.247786 19.9321 190 190 190 255 
-2.6289 0.0508001 21.3536 190 190 190 255 
-2.6289 0.0507971 21.5314 190 190 190 255 
-2.6289 0.116776 21.3426 190 190 190 255 
-2.6289 0.116781 18.0372 190 190 190 255 
-2.6289 0.147522 18.0506 190 190 190 255 
-2.6289 0.247783 20.616 190 190 190 255 
-2.6289 0.247782 18.2792 190 190 190 255 
-2.6289 0.200296 18.6759 190 190 190 255 
-2.6289 0.253313 18.2461 190 190 190 255 
-2.6289 0.116786 16.2846 190 190 190 255 
-2.6289 0.236878 15.9742 190 190 190 255 
-2.6289 0.247782 15.9424 190 190 190 255 
-2.6289 0.236895 20.0636 190 190 190 255 
-2.6289 0.200307 22.1811 190 190 190 255 
-2.6289 0.247787 16.5266 190 190 190 255 
-2.6289 0.200301 16.9233 190 190 190 255 
-2.6289 0.147512 16.8823 190 190 190 255 
-2.6289 0.236884 16.5584 190 190 190 255 
-2.6289 0.175598 16.9006 190 190 190 255 
-2.6289 0.116775 17.453 190 190 190 255 
-2.6289 0.220903 21.8457 190 190 190 255 
-2.6289 0.200305 21.8722 190 190 190 255 
-2.6289 0.220918 22.2076 190 190 190 255 
-2.6289 0.200291 22.7654 190 190 190 255 
-2.6289 0.758694 19.308 190 190 190 255 
-2.6289 0.2533 22.8862 190 190 190 255 
-2.6289 0.247783 22.9528 190 190 190 255 
-2.6289 0.147512 19.2191 190 190 190 255 
-2.6289 0.175598 19.2374 190 190 190 255 
-2.6289 0.200302 19.2601 190 190 190 255 
-2.6289 0.220912 19.2866 190 190 190 255 
-2.6289 0.778667 19.0198 190 190 190 255 
-2.6289 0.147516 21.9133 190 190 190 255 
-2.6289 0.175604 22.1584 190 190 190 255 
-2.6289 0.236896 17.5635 190 190 190 255 
-2.6289 0.253315 17.6284 190 190 190 255 
-2.6289 0.253307 17.6619 190 190 190 255 
-2.6289 0.247788 21.2002 190 190 190 255 
-2.6289 0.23689 21.8162 190 190 190 255 
-2.6289 0.147517 17.4664 190 190 190 255 
-2.6289 0.253302 17.0778 190 190 190 255 
-2.6289 0.175609 18.069 190 190 190 255 
-2.6289 0.200291 18.0918 190 190 190 255 
-2.6289 0.220923 18.1182 190 190 190 255 
-2.6289 0.236885 18.7319 190 190 190 255 
-2.6289 0.17561 22.7426 190 190 190 255 
-2.6289 0.253316 22.302 190 190 190 255 
-2.6289 0.247786 22.2689 190 190 190 255 
-2.6289 0.175614 16.3164 190 190 190 255 
-2.6289 0.253312 15.9093 190 190 190 255 
-2.6289 0.200296 16.3392 190 190 190 255 
-2.6289 0.0508055 21.9378 190 190 190 255 
-2.6289 0.116782 21.9267 190 190 190 255 
-2.6289 -0.101604 22.522 190 190 190 255 
-2.6289 0.0508079 22.6997 190 190 190 255 
-2.6289 0.116787 22.5109 190 190 190 255 
-2.6289 0.147502 22.7243 190 190 190 255 
-2.6289 0.175608 22.4791 190 190 190 255 
-2.6289 0.247787 15.3582 190 190 190 255 
-2.6289 0.24778 17.0111 190 190 190 255 
-2.6289 0.253296 16.4936 190 190 190 255 
-2.6289 0.147522 15.7138 190 190 190 255 
-2.6289 0.175609 15.7322 190 190 190 255 
-2.6289 0.220917 15.4195 190 190 190 255 
-2.6289 0.175607 15.4687 190 190 190 255 
-2.6289 0.116781 15.7004 190 190 190 255 
-2.6289 0.20029 15.755 190 190 190 255 
-2.6289 0.253304 16.46 190 190 190 255 
-2.6289 0.253307 15.3251 190 190 190 255 
0.343834 2.00109 3.21392 190 190 190 255 
0.361853 1.98321 3.21226 190 190 190 255 
0.367439 1.9789 3.21027 190 190 190 255 
0.301099 2.05838 3.20674 190 190 190 255 
0.306386 2.04732 3.21329 190 190 190 255 
0.269722 2.12876 3.17028 190 190 190 255 
0.22037 3.24537 1.39935 190 190 190 255 
0.190743 2.48956 3.10364 190 190 190 255 
0.1905 2.47566 3.10289 190 190 190 255 
0.194033 2.40773 3.10304 190 190 190 255 
0.209625 2.62086 3.12311 190 190 190 255 
0.22037 3.54021 1.56626 190 190 190 255 
0.198025 3.46761 1.52517 190 190 190 255 
0.208851 2.61723 3.1224 190 190 190 255 
0.19656 2.55981 3.11107 190 190 190 255 
0.190877 2.49721 3.10405 190 190 190 255 
0.307135 2.7929 3.18742 190 190 190 255 
0.256858 3.60828 1.6048 190 190 190 255 
0.256703 2.72892 3.15769 190 190 190 255 
1.06449 2.79295 3.18743 190 190 190 255 
1.04605 2.81269 3.19755 190 190 190 255 
1.00417 2.84706 3.217 190 190 190 255 
0.93345 3.76605 1.69411 190 190 190 255 
0.855203 2.92191 3.25937 190 190 190 255 
0.367427 3.72295 1.66972 190 190 190 255 
1.12098 2.71872 3.15366 190 190 190 255 
1.11474 3.60828 1.6048 190 190 190 255 
1.10656 2.73973 3.16269 190 190 190 255 
1.15068 2.65357 3.1321 190 190 190 255 
1.15123 3.54021 1.56626 190 190 190 255 
1.16226 2.61715 3.12266 190 190 190 255 
1.17358 3.46761 1.52517 190 190 190 255 
1.1811 3.39279 1.4828 190 190 190 255 
1.18034 2.48954 3.10406 190 190 190 255 
1.1663 2.60441 3.11936 190 190 190 255 
1.17771 2.40914 3.10298 190 190 190 255 
1.17051 2.36061 3.10749 190 190 190 255 
1.16698 2.33689 3.1097 190 190 190 255 
1.09864 2.12106 3.17382 190 190 190 255 
1.11396 2.16042 3.15799 190 190 190 255 
1.11474 3.17726 1.3608 190 190 190 255 
1.02818 2.00158 3.21382 190 190 190 255 
1.05585 2.04011 3.20402 190 190 190 255 
1.06522 3.11571 1.32596 190 190 190 255 
1.06519 2.04732 3.21335 190 190 190 255 
0.95056 1.96888 3.14844 190 190 190 255 
0.959608 1.96536 3.16655 190 190 190 255 
0.966872 1.96455 3.17797 190 190 190 255 
0.988894 1.96963 3.20165 190 190 190 255 
0.989098 1.96971 3.20182 190 190 190 255 
0.995942 1.97332 3.20636 190 190 190 255 
1.00417 3.06259 1.29589 190 190 190 255 
0.85513 2.0178 2.96734 190 190 190 255 
0.867343 2.01577 2.97982 190 190 190 255 
0.93345 3.0195 1.27149 190 190 190 255 
0.91782 1.99691 3.06033 190 190 190 255 
0.74481 2.02587 2.89922 190 190 190 255 
0.771808 2.96829 1.24251 190 190 190 255 
0.771791 2.02512 2.90887 190 190 190 255 
0.780341 2.02477 2.91275 190 190 190 255 
0.685797 2.02632 2.89169 190 190 190 255 
0.733767 2.02598 2.89712 190 190 190 255 
0.539193 2.0212 2.94533 190 190 190 255 
0.570324 2.02379 2.92342 190 190 190 255 
0.606586 2.02537 2.90587 190 190 190 255 
0.6858 2.96174 1.2388 190 190 190 255 
0.639923 2.02607 2.89601 190 190 190 255 
0.453625 1.99681 3.06066 190 190 190 255 
0.507783 2.01642 2.97603 190 190 190 255 
0.509291 2.01679 2.97407 190 190 190 255 
0.516458 2.01784 2.96718 190 190 190 255 
0.369321 1.97745 3.2096 190 190 190 255 
0.404767 1.96445 3.17807 190 190 190 255 
0.383562 1.96921 3.20101 190 190 190 255 
0.390386 1.96663 3.19512 190 190 190 255 
0.404984 1.96447 3.17772 190 190 190 255 
0.367427 3.06259 1.29589 190 190 190 255 
0.42207 1.96942 3.14613 190 190 190 255 
0.422875 1.97013 3.14391 190 190 190 255 
0.432374 1.97829 3.11767 190 190 190 255 
0.43815 3.0195 1.27149 190 190 190 255 
0.438209 1.98338 3.10202 190 190 190 255 
0.248064 2.00341 3.24074 190 190 190 255 
0.0889001 2.03631 3.22018 190 190 190 255 
0.248064 1.76126 3.37847 190 190 190 255 
0.248064 0.712084 3.74286 190 190 190 255 
0.248064 1.25003 3.5991 190 190 190 255 
0.0889001 1.60173 3.45696 190 190 190 255 
0.0889001 1.69207 3.40935 190 190 190 255 
0.248064 1.693 3.41094 190 190 190 255 
0.248064 -0.119631 3.80812 190 190 190 255 
0.0889001 0.182759 3.80218 190 190 190 255 
0.248064 0.182949 3.8048 190 190 190 255 
0.248064 0.436683 3.78489 190 190 190 255 
0.248064 0.573571 3.764 190 190 190 255 
0.0889001 -1.35759 3.55676 190 190 190 255 
0.248064 -1.21279 3.61182 190 190 190 255 
0.248064 -0.984402 3.67932 190 190 190 255 
0.248064 -0.945642 3.69078 190 190 190 255 
0.0889001 -0.678005 3.74919 190 190 190 255 
0.248064 -0.673423 3.75002 190 190 190 255 
0.0889001 -0.600104 3.7592 190 190 190 255 
0.248064 -0.600227 3.76041 190 190 190 255 
0.248064 -0.397582 3.7892 190 190 190 255 
0.0889001 -1.77727 3.37008 190 190 190 255 
0.0889001 -1.7167 3.39816 190 190 190 255 
0.0889001 -1.42442 3.53372 190 190 190 255 
0.248064 -1.47349 3.51354 190 190 190 255 
0.0889001 -2.711 2.67705 190 190 190 255 
0.0889001 -2.42393 2.9395 190 190 190 255 
0.0889001 -2.11159 3.17132 190 190 190 255 
0.248064 -2.05767 3.20373 190 190 190 255 
0.0889001 -3.37059 1.77207 190 190 190 255 
0.248064 -3.31493 1.8781 190 190 190 255 
0.248064 -3.17161 2.11081 190 190 190 255 
0.0889001 -3.17006 2.10967 190 190 190 255 
0.248064 -3.00581 2.34121 190 190 190 255 
0.0889001 -2.93584 2.42481 190 190 190 255 
0.248064 -2.8267 2.55459 190 190 190 255 
0.248064 -3.5357 1.41581 190 190 190 255 
0.0889001 -3.5353 1.41561 190 190 190 255 
0.248064 -3.44331 1.63084 190 190 190 255 
0.0889001 -3.80725 -0.144583 190 190 190 255 
0.248064 -3.80999 0.0133364 190 190 190 255 
0.0889001 -3.80215 0.244338 190 190 190 255 
0.248064 -3.76735 0.568514 190 190 190 255 
0.0889001 -3.67355 1.01051 190 190 190 255 
0.248064 -3.74985 0.661278 190 190 190 255 
0.248064 -3.66215 1.04409 190 190 190 255 
0.248064 -3.7744 -0.512426 190 190 190 255 
0.248064 -3.80076 -0.265103 190 190 190 255 
0.0889001 -3.25087 -1.98695 190 190 190 255 
0.0889001 -3.25276 -1.9835 190 190 190 255 
0.248064 -3.4389 -1.63755 190 190 190 255 
0.0889001 -3.58632 -1.28621 190 190 190 255 
0.248064 -3.45464 -1.6067 190 190 190 255 
0.0889001 -3.70176 -0.898449 190 190 190 255 
0.248064 -3.70044 -0.898058 190 190 190 255 
0.248064 -2.65167 -2.73581 190 190 190 255 
0.248064 -2.77586 -2.60632 190 190 190 255 
0.248064 -3.02213 -2.32011 190 190 190 255 
0.0889001 -3.03136 -2.30804 190 190 190 255 
0.248064 -3.03093 -2.30773 190 190 190 255 
0.0889001 -2.7774 -2.60779 190 190 190 255 
0.248064 -2.49299 -2.87875 190 190 190 255 
0.248064 -1.49851 -3.50292 190 190 190 255 
0.248064 -1.75001 -3.38431 190 190 190 255 
0.0889001 -1.85094 -3.32931 190 190 190 255 
0.248064 -1.85006 -3.32785 190 190 190 255 
0.248064 -1.99265 -3.24738 190 190 190 255 
0.0889001 -1.51655 -3.49516 190 190 190 255 
0.248064 -1.49805 -3.50314 190 190 190 255 
0.0889001 -1.49816 -3.50205 190 190 190 255 
0.248064 -0.971451 -3.68407 190 190 190 255 
0.248064 -1.23806 -3.60324 190 190 190 255 
0.0889001 -0.776057 -3.73013 190 190 190 255 
0.248064 -0.748747 -3.73416 190 190 190 255 
0.248064 -0.424108 -3.78632 190 190 190 255 
0.248064 -0.360259 -3.79112 190 190 190 255 
0.0889001 -0.391693 -3.78981 190 190 190 255 
0.0889001 -0.360331 -3.79144 190 190 190 255 
0.248064 -0.146299 -3.80719 190 190 190 255 
0.248064 0.0321229 -3.80752 190 190 190 255 
0.248064 0.132288 -3.8077 190 190 190 255 
0.0889001 0.811448 -3.72058 190 190 190 255 
0.248064 0.811388 -3.72001 190 190 190 255 
0.0889001 0.769642 -3.73145 190 190 190 255 
0.248064 0.685864 -3.74776 190 190 190 255 
0.248064 0.4242 -3.78582 190 190 190 255 
0.0889001 1.19024 -3.61709 190 190 190 255 
0.248064 1.19064 -3.61798 190 190 190 255 
0.248064 1.98069 -3.25468 190 190 190 255 
0.0889001 1.90586 -3.29628 190 190 190 255 
0.0889001 1.85929 -3.32552 190 190 190 255 
0.248064 1.73756 -3.39072 190 190 190 255 
0.0889001 2.54053 -2.83572 190 190 190 255 
0.248064 2.43391 -2.93123 190 190 190 255 
0.0889001 2.49522 -2.87923 190 190 190 255 
0.0889001 2.23508 -3.08238 190 190 190 255 
0.248064 2.21321 -3.10125 190 190 190 255 
0.248064 2.82061 -2.56026 190 190 190 255 
0.0889001 2.81896 -2.55892 190 190 190 255 
0.0889001 3.02737 -2.31323 190 190 190 255 
0.248064 3.17585 -2.10476 190 190 190 255 
0.0889001 3.06737 -2.25495 190 190 190 255 
0.248064 3.01358 -2.3312 190 190 190 255 
0.248064 2.83516 -2.54518 190 190 190 255 
0.248064 3.60891 -1.21361 190 190 190 255 
0.248064 3.55784 -1.36305 190 190 190 255 
0.248064 3.46578 -1.57932 190 190 190 255 
0.248064 3.44873 -1.61939 190 190 190 255 
0.0889001 3.6972 -0.920208 190 190 190 255 
0.248064 3.71691 -0.83601 190 190 190 255 
0.248064 3.81 -0.000670776 190 190 190 255 
0.0889001 3.80592 -0.0568581 190 190 190 255 
0.248064 3.80794 -0.0567556 190 190 190 255 
0.248064 3.79977 -0.279075 190 190 190 255 
0.248064 3.78106 -0.448562 190 190 190 255 
0.248064 3.76942 0.55466 190 190 190 255 
0.248064 3.79985 0.277736 190 190 190 255 
0.0889001 3.73666 0.724021 190 190 190 255 
0.248064 3.64832 1.09814 190 190 190 255 
0.364696 3.4611 1.51174 190 190 190 255 
0.979809 3.47242 1.49174 190 190 190 255 
0.966398 3.48861 1.46313 190 190 190 255 
0.99669 3.46416 1.50637 190 190 190 255 
1.03486 3.4523 1.51617 190 190 190 255 
1.0349 3.45705 1.51887 190 190 190 255 
1.0414 3.45692 1.51911 190 190 190 255 
1.04136 3.45205 1.51636 190 190 190 255 
1.02872 3.40013 1.48665 190 190 190 255 
1.01844 3.34755 1.45719 190 190 190 255 
0.986288 3.30241 1.43133 190 190 190 255 
0.95126 3.25976 1.40718 190 190 190 255 
0.9562 3.25594 1.40534 190 190 190 255 
0.908327 3.22298 1.38636 190 190 190 255 
0.861985 3.18813 1.36695 190 190 190 255 
0.745821 3.15778 1.34945 190 190 190 255 
0.746938 3.15208 1.34654 190 190 190 255 
0.6858 3.15325 1.34689 190 190 190 255 
0.6858 3.14747 1.34394 190 190 190 255 
0.624662 3.15208 1.34654 190 190 190 255 
0.567546 3.17122 1.35706 190 190 190 255 
0.512834 3.19316 1.36949 190 190 190 255 
0.459132 3.21847 1.38414 190 190 190 255 
0.4154 3.25594 1.40534 190 190 190 255 
0.359234 3.34968 1.45808 190 190 190 255 
0.342881 3.40013 1.48665 190 190 190 255 
0.336697 3.45705 1.51887 190 190 190 255 
0.330244 3.45205 1.51636 190 190 190 255 
0.33674 3.4523 1.51617 190 190 190 255 
0.349772 3.45359 1.5143 190 190 190 255 
0.373655 3.46363 1.50728 190 190 190 255 
0.37491 3.46416 1.50637 190 190 190 255 
0.406434 3.49064 1.45064 190 190 190 255 
0.4064 3.49446 1.4528 190 190 190 255 
0.965508 3.48708 1.45692 190 190 190 255 
0.965166 3.49064 1.45064 190 190 190 255 
0.960587 3.44529 1.43326 190 190 190 255 
0.947483 3.40487 1.41037 190 190 190 255 
0.898518 3.33279 1.36958 190 190 190 255 
0.824231 3.28326 1.33324 190 190 190 255 
0.780443 3.26569 1.3233 190 190 190 255 
0.780559 3.26185 1.32942 190 190 190 255 
0.733837 3.25494 1.31721 190 190 190 255 
0.733896 3.2511 1.32332 190 190 190 255 
0.6858 3.25132 1.31516 190 190 190 255 
0.637763 3.25494 1.31721 190 190 190 255 
0.547369 3.28326 1.33324 190 190 190 255 
0.507704 3.30711 1.34675 190 190 190 255 
0.507486 3.30332 1.3529 190 190 190 255 
0.473082 3.33279 1.36958 190 190 190 255 
0.424437 3.40851 1.40415 190 190 190 255 
0.411349 3.4489 1.42701 190 190 190 255 
0.411013 3.44529 1.43326 190 190 190 255 
0.406092 3.48708 1.45692 190 190 190 255 
0.406058 3.49091 1.45908 190 190 190 255 
0.405202 3.48861 1.46313 190 190 190 255 
0.42188 3.39773 1.42128 190 190 190 255 
0.424117 3.40487 1.41037 190 190 190 255 
0.445014 3.36699 1.38893 190 190 190 255 
0.442956 3.35953 1.39965 190 190 190 255 
0.471264 3.32504 1.38014 190 190 190 255 
0.547199 3.27944 1.33937 190 190 190 255 
0.546015 3.27123 1.34967 190 190 190 255 
0.590231 3.25349 1.33963 190 190 190 255 
0.591041 3.26185 1.32942 190 190 190 255 
0.6858 3.23897 1.33142 190 190 190 255 
0.637704 3.2511 1.32332 190 190 190 255 
0.6858 3.24748 1.32127 190 190 190 255 
0.824401 3.27944 1.33937 190 190 190 255 
0.865638 3.29531 1.36331 190 190 190 255 
0.864114 3.30332 1.3529 190 190 190 255 
0.928644 3.35953 1.39965 190 190 190 255 
0.926586 3.36699 1.38893 190 190 190 255 
0.967933 3.48449 1.4704 190 190 190 255 
0.403702 3.48064 1.46822 190 190 190 255 
0.404141 3.43163 1.45473 190 190 190 255 
0.408664 3.4385 1.44436 190 190 190 255 
0.438992 3.35135 1.40929 190 190 190 255 
0.467763 3.31635 1.38946 190 190 190 255 
0.503026 3.28612 1.37236 190 190 190 255 
0.505962 3.29531 1.36331 190 190 190 255 
0.543733 3.26163 1.3585 190 190 190 255 
0.588671 3.24361 1.34829 190 190 190 255 
0.637293 3.24263 1.33349 190 190 190 255 
0.636501 3.23257 1.34204 190 190 190 255 
0.6858 3.22886 1.33994 190 190 190 255 
0.734307 3.24263 1.33349 190 190 190 255 
0.781369 3.25349 1.33963 190 190 190 255 
0.782929 3.24361 1.34829 190 190 190 255 
0.825585 3.27123 1.34967 190 190 190 255 
0.827867 3.26163 1.3585 190 190 190 255 
0.900336 3.32504 1.38014 190 190 190 255 
0.94972 3.39773 1.42128 190 190 190 255 
0.962936 3.4385 1.44436 190 190 190 255 
0.972503 3.47446 1.47898 190 190 190 255 
0.967898 3.48064 1.46822 190 190 190 255 
0.399097 3.47446 1.47898 190 190 190 255 
0.417572 3.39019 1.43127 190 190 190 255 
0.433242 3.34277 1.41755 190 190 190 255 
0.462683 3.30692 1.39726 190 190 190 255 
0.635353 3.22123 1.34874 190 190 190 255 
0.6858 3.21743 1.34659 190 190 190 255 
0.735099 3.23257 1.34204 190 190 190 255 
0.831177 3.25096 1.36557 190 190 190 255 
0.872832 3.27603 1.37976 190 190 190 255 
0.868574 3.28612 1.37236 190 190 190 255 
0.903838 3.31635 1.38946 190 190 190 255 
0.932608 3.35135 1.40929 190 190 190 255 
0.938358 3.34277 1.41755 190 190 190 255 
0.960277 3.3825 1.44004 190 190 190 255 
0.954028 3.39019 1.43127 190 190 190 255 
0.974022 3.42493 1.46405 190 190 190 255 
0.967459 3.43163 1.45473 190 190 190 255 
0.979183 3.46875 1.48886 190 190 190 255 
0.383864 3.46366 1.49758 190 190 190 255 
0.392417 3.46875 1.48886 190 190 190 255 
0.397578 3.42493 1.46405 190 190 190 255 
0.403321 3.3749 1.44733 190 190 190 255 
0.411323 3.3825 1.44004 190 190 190 255 
0.456177 3.29712 1.4033 190 190 190 255 
0.498768 3.27603 1.37976 190 190 190 255 
0.493315 3.26533 1.38529 190 190 190 255 
0.540423 3.25096 1.36557 190 190 190 255 
0.536185 3.23953 1.37069 190 190 190 255 
0.586408 3.2325 1.35513 190 190 190 255 
0.6858 3.20502 1.35115 190 190 190 255 
0.736247 3.22123 1.34874 190 190 190 255 
0.785192 3.2325 1.35513 190 190 190 255 
0.835415 3.23953 1.37069 190 190 190 255 
0.878285 3.26533 1.38529 190 190 190 255 
0.908917 3.30692 1.39726 190 190 190 255 
0.968279 3.3749 1.44733 190 190 190 255 
0.373694 3.45937 1.50486 190 190 190 255 
0.393806 3.36762 1.45292 190 190 190 255 
0.389175 3.41854 1.47204 190 190 190 255 
0.425879 3.33404 1.42419 190 190 190 255 
0.486831 3.25434 1.38879 190 190 190 255 
0.531145 3.22768 1.3737 190 190 190 255 
0.580065 3.20806 1.36259 190 190 190 255 
0.58351 3.22055 1.35995 190 190 190 255 
0.633882 3.20893 1.35337 190 190 190 255 
0.632133 3.19603 1.35579 190 190 190 255 
0.737718 3.20893 1.35337 190 190 190 255 
0.739467 3.19603 1.35579 190 190 190 255 
0.791535 3.20806 1.36259 190 190 190 255 
0.78809 3.22055 1.35995 190 190 190 255 
0.840455 3.22768 1.3737 190 190 190 255 
0.915423 3.29712 1.4033 190 190 190 255 
0.945721 3.33404 1.42419 190 190 190 255 
0.977794 3.36762 1.45292 190 190 190 255 
0.982425 3.41854 1.47204 190 190 190 255 
0.992416 3.41271 1.47846 190 190 190 255 
0.987736 3.46366 1.49758 190 190 190 255 
0.987774 3.46781 1.49991 190 190 190 255 
0.367907 3.4076 1.48312 190 190 190 255 
0.379184 3.41271 1.47846 190 190 190 255 
0.383067 3.36083 1.45664 190 190 190 255 
0.417124 3.32534 1.429 190 190 190 255 
0.439713 3.27748 1.40945 190 190 190 255 
0.448443 3.2872 1.40741 190 190 190 255 
0.525457 3.21576 1.37451 190 190 190 255 
0.576176 3.19541 1.36299 190 190 190 255 
0.6858 3.17875 1.35357 190 190 190 255 
0.6858 3.19197 1.3535 190 190 190 255 
0.884768 3.25434 1.38879 190 190 190 255 
0.892087 3.2434 1.39015 190 190 190 255 
0.931887 3.27748 1.40945 190 190 190 255 
0.923157 3.2872 1.40741 190 190 190 255 
0.964358 3.31704 1.43184 190 190 190 255 
0.954476 3.32534 1.429 190 190 190 255 
0.988533 3.36083 1.45664 190 190 190 255 
0.997906 3.45937 1.50486 190 190 190 255 
1.00939 3.45597 1.51049 190 190 190 255 
1.0069 3.4611 1.51174 190 190 190 255 
0.997945 3.46363 1.50728 190 190 190 255 
0.362215 3.45597 1.51049 190 190 190 255 
0.355683 3.40337 1.48588 190 190 190 255 
0.407242 3.31704 1.43184 190 190 190 255 
0.43025 3.26824 1.40938 190 190 190 255 
0.471581 3.23282 1.38933 190 190 190 255 
0.479513 3.2434 1.39015 190 190 190 255 
0.519291 3.20413 1.37309 190 190 190 255 
0.630159 3.18295 1.35594 190 190 190 255 
0.74358 3.17008 1.35381 190 190 190 255 
0.741441 3.18295 1.35594 190 190 190 255 
0.795424 3.19541 1.36299 190 190 190 255 
0.852309 3.20413 1.37309 190 190 190 255 
0.846143 3.21576 1.37451 190 190 190 255 
0.900019 3.23282 1.38933 190 190 190 255 
0.975069 3.3093 1.43262 190 190 190 255 
1.00369 3.4076 1.48312 190 190 190 255 
1.01592 3.40337 1.48588 190 190 190 255 
1.02183 3.45359 1.5143 190 190 190 255 
0.385312 3.30241 1.43133 190 190 190 255 
0.371425 3.3548 1.45838 190 190 190 255 
0.396531 3.3093 1.43262 190 190 190 255 
0.42034 3.25976 1.40718 190 190 190 255 
0.463273 3.22298 1.38636 190 190 190 255 
0.57196 3.18301 1.36113 190 190 190 255 
0.625779 3.15778 1.34945 190 190 190 255 
0.62802 3.17008 1.35381 190 190 190 255 
0.6858 3.1657 1.35134 190 190 190 255 
0.804054 3.17122 1.35706 190 190 190 255 
0.79964 3.18301 1.36113 190 190 190 255 
0.858766 3.19316 1.36949 190 190 190 255 
0.94135 3.26824 1.40938 190 190 190 255 
1.01237 3.34968 1.45808 190 190 190 255 
1.00017 3.3548 1.45838 190 190 190 255 
1.02187 3.45817 1.5169 190 190 190 255 
0.432374 1.94156 3.14067 190 190 190 255 
0.268232 3.71783 0.828399 190 190 190 255 
0.248064 3.64587 1.10618 190 190 190 255 
0.248064 3.73804 0.724408 190 190 190 255 
0.248064 3.7188 0.828617 190 190 190 255 
0.248064 3.79349 0.335615 190 190 190 255 
0.268232 3.76842 0.554514 190 190 190 255 
0.268232 3.80899 -0.000671197 190 190 190 255 
0.268232 3.79875 -0.279002 190 190 190 255 
0.268232 3.76823 -0.55584 190 190 190 255 
0.248064 3.76922 -0.555986 190 190 190 255 
0.248064 3.7185 -0.829927 190 190 190 255 
0.248064 3.64793 -1.09943 190 190 190 255 
0.268232 3.32029 -1.86657 190 190 190 255 
0.248064 3.32118 -1.86706 190 190 190 255 
0.248064 3.28425 -1.92748 190 190 190 255 
0.268232 3.17502 -2.10421 190 190 190 255 
0.248064 3.06798 -2.25529 190 190 190 255 
0.268232 2.83443 -2.54451 190 190 190 255 
0.248064 2.54071 -2.83576 190 190 190 255 
0.268232 2.64091 -2.74482 190 190 190 255 
0.248064 2.6416 -2.74555 190 190 190 255 
0.248064 2.23607 -3.08364 190 190 190 255 
0.268232 2.43327 -2.93046 190 190 190 255 
0.248064 1.90607 -3.29643 190 190 190 255 
0.268232 1.22446 -3.60682 190 190 190 255 
0.248064 1.22481 -3.60776 190 190 190 255 
0.248064 1.48514 -3.50862 190 190 190 255 
0.248064 1.55644 -3.47531 190 190 190 255 
0.268232 1.73712 -3.38982 190 190 190 255 
0.248064 0.957886 -3.68762 190 190 190 255 
0.268232 0.957656 -3.68665 190 190 190 255 
0.268232 0.685693 -3.74677 190 190 190 255 
0.248064 0.410191 -3.78786 190 190 190 255 
0.268232 0.132265 -3.8067 190 190 190 255 
0.268232 -1.23772 -3.60229 190 190 190 255 
0.248064 -1.12909 -3.63628 190 190 190 255 
0.248064 -0.69964 -3.74521 190 190 190 255 
0.268232 -2.22402 -3.09228 190 190 190 255 
0.248064 -2.18353 -3.12041 190 190 190 255 
0.268232 -1.99213 -3.24653 190 190 190 255 
0.268232 -2.65099 -2.73509 190 190 190 255 
0.248064 -2.44468 -2.92227 190 190 190 255 
0.248064 -2.2246 -3.09309 190 190 190 255 
0.248064 -2.84451 -2.53474 190 190 190 255 
0.268232 -2.84377 -2.53407 190 190 190 255 
0.268232 -3.18273 -2.09252 190 190 190 255 
0.248064 -3.18357 -2.09307 190 190 190 255 
0.248064 -3.25076 -1.98228 190 190 190 255 
0.268232 -3.32712 -1.85435 190 190 190 255 
0.248064 -3.32802 -1.85484 190 190 190 255 
0.268232 -3.45374 -1.60627 190 190 190 255 
0.248064 -3.56282 -1.34996 190 190 190 255 
0.248064 -3.58831 -1.27444 190 190 190 255 
0.248064 -3.65195 -1.08601 190 190 190 255 
0.248064 -3.72154 -0.81625 190 190 190 255 
0.268232 -3.77024 -0.541983 190 190 190 255 
0.268232 -3.79978 -0.265034 190 190 190 255 
0.248064 -3.77122 -0.542125 190 190 190 255 
0.268232 -3.79781 0.291629 190 190 190 255 
0.248064 -3.79963 0.271761 190 190 190 255 
0.268232 -3.80897 0.0133335 190 190 190 255 
0.248064 -3.80554 -0.12093 190 190 190 255 
0.268232 -3.76636 0.568364 190 190 190 255 
0.248064 -3.79883 0.291705 190 190 190 255 
0.248064 -3.5533 1.37487 190 190 190 255 
0.268232 -3.55235 1.37451 190 190 190 255 
0.248064 -3.64425 1.11155 190 190 190 255 
0.268232 -3.71475 0.842062 190 190 190 255 
0.248064 -3.71572 0.842284 190 190 190 255 
0.248064 -3.37007 1.7719 190 190 190 255 
0.268232 -3.31407 1.8776 190 190 190 255 
0.268232 -3.16802 2.11475 190 190 190 255 
0.248064 -3.16886 2.1153 190 190 190 255 
0.248064 -2.93566 2.42476 190 190 190 255 
0.268232 -2.82595 2.55392 190 190 190 255 
0.268232 -2.63177 2.75359 190 190 190 255 
0.248064 -2.67088 2.7148 190 190 190 255 
0.248064 -2.63246 2.75431 190 190 190 255 
0.248064 -2.42416 2.93931 190 190 190 255 
0.248064 -1.96985 3.26125 190 190 190 255 
0.268232 -1.96933 3.26039 190 190 190 255 
0.248064 -2.20289 3.10859 190 190 190 255 
0.248064 -2.37711 2.9753 190 190 190 255 
0.248064 -1.71775 3.40043 190 190 190 255 
0.268232 -1.72582 3.39558 190 190 190 255 
0.248064 -1.72628 3.39648 190 190 190 255 
0.248064 -1.35767 3.5572 190 190 190 255 
0.268232 -0.945382 3.68981 190 190 190 255 
0.268232 -0.673222 3.74903 190 190 190 255 
0.248064 0.158946 3.80668 190 190 190 255 
0.268232 0.158909 3.80568 190 190 190 255 
0.248064 -0.209704 3.80199 190 190 190 255 
0.268232 -0.39747 3.7882 190 190 190 255 
0.248064 0.958602 3.68656 190 190 190 255 
0.268232 0.711897 3.74188 190 190 190 255 
0.268232 0.983427 3.67985 190 190 190 255 
0.248064 0.983704 3.68082 190 190 190 255 
0.268232 1.2497 3.59815 190 190 190 255 
0.248064 1.3326 3.56699 190 190 190 255 
0.248064 1.50968 3.49814 190 190 190 255 
0.268232 1.50928 3.49722 190 190 190 255 
0.268232 2.00289 3.23988 190 190 190 255 
0.353533 1.99077 3.21384 190 190 190 255 
0.332039 2.01578 3.21157 190 190 190 255 
0.376333 1.97292 3.20597 190 190 190 255 
0.357392 1.74652 3.35017 190 190 190 255 
0.358526 1.98623 3.21289 190 190 190 255 
0.357364 1.98729 3.21311 190 190 190 255 
0.40457 1.96441 3.17838 190 190 190 255 
0.397424 1.96493 3.18765 190 190 190 255 
0.412106 1.96533 3.1664 190 190 190 255 
0.432374 1.93018 3.14716 190 190 190 255 
0.422972 1.95097 3.15587 190 190 190 255 
0.432374 1.6981 3.27833 190 190 190 255 
0.432374 1.46308 3.39013 190 190 190 255 
0.422972 1.47015 3.40653 190 190 190 255 
0.432374 1.45717 3.39243 190 190 190 255 
0.432374 1.2086 3.48884 190 190 190 255 
0.422972 0.957921 3.58443 190 190 190 255 
0.432374 0.953309 3.56717 190 190 190 255 
0.432374 0.693831 3.62645 190 190 190 255 
0.432374 0.430329 3.66694 190 190 190 255 
0.422972 0.693459 3.64485 190 190 190 255 
0.432374 0.423199 3.66802 190 190 190 255 
0.432374 0.16458 3.68832 190 190 190 255 
0.422972 0.425249 3.68578 190 190 190 255 
0.432374 0.154032 3.68914 190 190 190 255 
0.422972 0.154793 3.707 190 190 190 255 
0.432374 -0.101976 3.69047 190 190 190 255 
0.432374 -0.115947 3.69054 190 190 190 255 
0.432374 -0.385305 3.6722 190 190 190 255 
0.422972 -0.655778 3.65182 190 190 190 255 
0.432374 -0.892878 3.58195 190 190 190 255 
0.432374 -1.14899 3.50809 190 190 190 255 
0.422972 -0.920857 3.59413 190 190 190 255 
0.422972 -1.18104 3.51724 190 190 190 255 
0.432374 -1.17535 3.50029 190 190 190 255 
0.432374 -1.39909 3.41594 190 190 190 255 
0.422972 -1.4349 3.42153 190 190 190 255 
0.432374 -1.6419 3.306 190 190 190 255 
0.422972 -2.14522 3.02719 190 190 190 255 
0.432374 -2.10054 3.03509 190 190 190 255 
0.432374 -2.51544 2.70101 190 190 190 255 
0.422972 -2.56351 2.68219 190 190 190 255 
0.432374 -2.70373 2.51241 190 190 190 255 
0.432374 -2.7394 2.47571 190 190 190 255 
0.432374 -2.87791 2.31072 190 190 190 255 
0.432374 -3.03709 2.09699 190 190 190 255 
0.432374 -3.18042 1.87234 190 190 190 255 
0.432374 -3.21259 1.8201 190 190 190 255 
0.422972 -3.22812 1.82891 190 190 190 255 
0.422972 -3.35314 1.58814 190 190 190 255 
0.422972 -3.46023 1.33887 190 190 190 255 
0.422972 -3.54883 1.08244 190 190 190 255 
0.432374 -3.53172 1.07723 190 190 190 255 
0.432374 -3.6723 0.36384 190 190 190 255 
0.422972 -3.66868 0.553627 190 190 190 255 
0.422972 -3.69934 0.284066 190 190 190 255 
0.432374 -3.68892 0.0979074 190 190 190 255 
0.422972 -3.7102 0.012988 190 190 190 255 
0.432374 -3.68632 -0.168529 190 190 190 255 
0.422972 -3.70124 -0.258161 190 190 190 255 
0.432374 -3.62362 -0.697366 190 190 190 255 
0.422972 -3.55631 -1.05757 190 190 190 255 
0.432374 -3.48544 -1.21166 190 190 190 255 
0.432374 -3.38889 -1.45999 190 190 190 255 
0.432374 -3.34799 -1.55709 190 190 190 255 
0.422972 -3.36419 -1.56462 190 190 190 255 
0.422972 -3.24087 -1.80627 190 190 190 255 
0.432374 -3.22524 -1.79757 190 190 190 255 
0.432374 -3.14341 -1.93255 190 190 190 255 
0.422972 -3.10021 -2.03826 190 190 190 255 
0.432374 -2.99576 -2.15432 190 190 190 255 
0.422972 -2.94299 -2.25935 190 190 190 255 
0.432374 -2.83248 -2.36486 190 190 190 255 
0.432374 -2.75668 -2.45647 190 190 190 255 
0.432374 -2.65444 -2.56307 190 190 190 255 
0.422972 -2.58224 -2.66417 190 190 190 255 
0.432374 -2.46257 -2.74792 190 190 190 255 
0.422972 -2.16634 -3.01209 190 190 190 255 
0.432374 -1.93111 -3.14711 190 190 190 255 
0.422972 -1.70421 -3.29568 190 190 190 255 
0.432374 -1.57772 -3.33558 190 190 190 255 
0.422972 -1.45883 -3.4114 190 190 190 255 
0.432374 -1.33292 -3.44074 190 190 190 255 
0.422972 -1.20564 -3.50888 190 190 190 255 
0.432374 -1.19984 -3.49198 190 190 190 255 
0.432374 -0.823784 -3.59678 190 190 190 255 
0.422972 -0.681316 -3.64713 190 190 190 255 
0.432374 -0.678033 -3.62957 190 190 190 255 
0.432374 -0.411014 -3.66941 190 190 190 255 
0.432374 -0.297488 -3.67794 190 190 190 255 
0.432374 0.235013 -3.6825 190 190 190 255 
0.422972 0.399448 -3.68866 190 190 190 255 
0.432374 0.397527 -3.6709 190 190 190 255 
0.432374 0.664701 -3.63204 190 190 190 255 
0.422972 0.667924 -3.64961 190 190 190 255 
0.432374 0.928315 -3.57376 190 190 190 255 
0.432374 1.02116 -3.54598 190 190 190 255 
0.422972 1.19274 -3.51329 190 190 190 255 
0.422972 1.44625 -3.41674 190 190 190 255 
0.432374 1.4393 -3.40028 190 190 190 255 
0.432374 1.52097 -3.36214 190 190 190 255 
0.432374 1.68391 -3.28602 190 190 190 255 
0.432374 1.75963 -3.24367 190 190 190 255 
0.432374 1.91953 -3.15419 190 190 190 255 
0.432374 1.9891 -3.10828 190 190 190 255 
0.432374 2.20823 -2.95669 190 190 190 255 
0.422972 2.15525 -3.02004 190 190 190 255 
0.432374 2.35877 -2.84073 190 190 190 255 
0.422972 2.37018 -2.85447 190 190 190 255 
0.422972 2.57243 -2.67365 190 190 190 255 
0.432374 2.61091 -2.60812 190 190 190 255 
0.432374 2.74763 -2.46659 190 190 190 255 
0.422972 2.76092 -2.47853 190 190 190 255 
0.432374 2.92052 -2.25922 190 190 190 255 
0.432374 3.0778 -2.03977 190 190 190 255 
0.422972 3.0927 -2.04964 190 190 190 255 
0.432374 3.11069 -1.98598 190 190 190 255 
0.422972 3.23421 -1.81817 190 190 190 255 
0.422972 3.46466 -1.32736 190 190 190 255 
0.432374 3.44797 -1.32096 190 190 190 255 
0.432374 3.34224 -1.56938 190 190 190 255 
0.432374 3.21862 -1.80942 190 190 190 255 
0.422972 3.55241 -1.07064 190 190 190 255 
0.432374 3.54782 -1.0176 190 190 190 255 
0.432374 3.4651 -1.27092 190 190 190 255 
0.422972 3.67051 -0.541427 190 190 190 255 
0.432374 3.65283 -0.53882 190 190 190 255 
0.432374 3.68254 0.269161 190 190 190 255 
0.422972 3.71023 -0.000653049 190 190 190 255 
0.432374 3.69106 0.035287 190 190 190 255 
0.422972 3.62143 0.806918 190 190 190 255 
0.432374 3.65301 0.537533 190 190 190 255 
0.422972 3.53825 1.11654 190 190 190 255 
0.432374 3.52904 1.08567 190 190 190 255 
0.422972 3.55279 1.06939 190 190 190 255 
0.432374 3.59746 0.827998 190 190 190 255 
0.268232 3.63242 1.14626 190 190 190 255 
0.268232 3.64736 1.09785 190 190 190 255 
0.268232 3.79887 0.277664 190 190 190 255 
0.299447 3.79318 -0.278591 190 190 190 255 
0.299447 3.76267 -0.555024 190 190 190 255 
0.268232 3.71753 -0.829708 190 190 190 255 
0.299447 3.64159 -1.09752 190 190 190 255 
0.268232 3.64696 -1.09914 190 190 190 255 
0.268232 3.55689 -1.36269 190 190 190 255 
0.268232 3.44782 -1.61896 190 190 190 255 
0.299447 3.17035 -2.10111 190 190 190 255 
0.299447 3.00835 -2.32716 190 190 190 255 
0.268232 3.01277 -2.33059 190 190 190 255 
0.299447 2.83027 -2.54076 190 190 190 255 
0.299447 2.4297 -2.92615 190 190 190 255 
0.299447 2.20938 -3.09588 190 190 190 255 
0.268232 2.21263 -3.10043 190 190 190 255 
0.268232 1.98017 -3.25383 190 190 190 255 
0.299447 1.73456 -3.38484 190 190 190 255 
0.268232 1.48476 -3.5077 190 190 190 255 
0.299447 0.956236 -3.68123 190 190 190 255 
0.299447 0.409457 -3.78129 190 190 190 255 
0.268232 0.410079 -3.78686 190 190 190 255 
0.299447 0.13206 -3.8011 190 190 190 255 
0.299447 -0.14605 -3.80059 190 190 190 255 
0.268232 -0.146263 -3.80619 190 190 190 255 
0.268232 -0.423981 -3.78532 190 190 190 255 
0.268232 -0.699453 -3.74422 190 190 190 255 
0.299447 -0.969758 -3.67769 190 190 190 255 
0.299447 -1.23591 -3.59699 190 190 190 255 
0.268232 -0.971203 -3.6831 190 190 190 255 
0.299447 -1.49544 -3.49707 190 190 190 255 
0.268232 -1.49765 -3.50221 190 190 190 255 
0.268232 -1.74954 -3.38341 190 190 190 255 
0.299447 -2.22076 -3.08773 190 190 190 255 
0.268232 -2.44403 -2.9215 190 190 190 255 
0.299447 -2.64709 -2.73107 190 190 190 255 
0.299447 -3.01688 -2.31608 190 190 190 255 
0.299447 -3.17806 -2.08944 190 190 190 255 
0.268232 -3.02133 -2.31949 190 190 190 255 
0.299447 -3.44867 -1.60391 190 190 190 255 
0.299447 -3.55665 -1.34762 190 190 190 255 
0.268232 -3.56188 -1.34961 190 190 190 255 
0.268232 -3.65098 -1.08572 190 190 190 255 
0.299447 -3.71508 -0.814834 190 190 190 255 
0.268232 -3.72057 -0.816035 190 190 190 255 
0.299447 -3.79419 -0.264644 190 190 190 255 
0.299447 -3.76082 0.567529 190 190 190 255 
0.299447 -3.70929 0.840824 190 190 190 255 
0.299447 -3.63794 1.10962 190 190 190 255 
0.268232 -3.64328 1.11126 190 190 190 255 
0.299447 -3.54712 1.37249 190 190 190 255 
0.299447 -3.43734 1.62802 190 190 190 255 
0.299447 -3.30921 1.87484 190 190 190 255 
0.268232 -3.44242 1.63041 190 190 190 255 
0.268232 -3.005 2.34059 190 190 190 255 
0.299447 -2.82178 2.55016 190 190 190 255 
0.268232 -2.42352 2.93853 190 190 190 255 
0.299447 -2.41995 2.93421 190 190 190 255 
0.268232 -2.20231 3.10777 190 190 190 255 
0.299447 -1.47094 3.50745 190 190 190 255 
0.268232 -1.47309 3.51261 190 190 190 255 
0.268232 -1.21247 3.61087 190 190 190 255 
0.299447 -0.672245 3.74352 190 190 190 255 
0.299447 -0.396908 3.78263 190 190 190 255 
0.268232 -0.119608 3.80712 190 190 190 255 
0.299447 0.158666 3.80008 190 190 190 255 
0.268232 0.436587 3.7839 190 190 190 255 
0.299447 0.710844 3.73637 190 190 190 255 
0.299447 0.981981 3.67444 190 190 190 255 
0.299447 1.24786 3.59286 190 190 190 255 
0.299447 1.50707 3.49207 190 190 190 255 
0.268232 1.7608 3.37758 190 190 190 255 
0.281656 2.04485 3.21147 190 190 190 255 
0.268178 2.04546 3.21241 190 190 190 255 
0.315746 2.04011 3.20402 190 190 190 255 
0.329412 2.01972 3.21035 190 190 190 255 
0.299447 1.99995 3.23512 190 190 190 255 
0.32941 1.9945 3.22629 190 190 190 255 
0.299447 1.7582 3.37261 190 190 190 255 
0.32941 1.50295 3.48254 190 190 190 255 
0.32941 1.24446 3.58305 190 190 190 255 
0.32941 0.979316 3.66441 190 190 190 255 
0.299447 0.435925 3.77833 190 190 190 255 
0.32941 0.434737 3.76801 190 190 190 255 
0.32941 0.158228 3.7897 190 190 190 255 
0.299447 -0.119432 3.80152 190 190 190 255 
0.32941 -0.395827 3.7723 190 190 190 255 
0.299447 -0.943992 3.68439 190 190 190 255 
0.32941 -0.670394 3.73329 190 190 190 255 
0.299447 -1.2107 3.60556 190 190 190 255 
0.32941 -0.941403 3.67432 190 190 190 255 
0.32941 -1.20738 3.59571 190 190 190 255 
0.299447 -1.72329 3.39059 190 190 190 255 
0.32941 -1.71859 3.38133 190 190 190 255 
0.299447 -1.96645 3.2556 190 190 190 255 
0.32941 -1.96106 3.24671 190 190 190 255 
0.299447 -2.19909 3.1032 190 190 190 255 
0.32941 -2.41336 2.9262 190 190 190 255 
0.299447 -2.62791 2.74954 190 190 190 255 
0.32941 -2.81407 2.5432 190 190 190 255 
0.299447 -3.00058 2.33715 190 190 190 255 
0.299447 -3.16335 2.11164 190 190 190 255 
0.32941 -3.15472 2.10587 190 190 190 255 
0.32941 -3.30016 1.86972 190 190 190 255 
0.32941 -3.53743 1.36874 190 190 190 255 
0.32941 -3.62799 1.10659 190 190 190 255 
0.32941 -3.75054 0.565979 190 190 190 255 
0.299447 -3.79223 0.2912 190 190 190 255 
0.32941 -3.78187 0.290405 190 190 190 255 
0.299447 -3.80336 0.0133145 190 190 190 255 
0.32941 -3.78381 -0.26392 190 190 190 255 
0.32941 -3.75443 -0.539708 190 190 190 255 
0.299447 -3.76471 -0.541186 190 190 190 255 
0.299447 -3.64561 -1.08413 190 190 190 255 
0.32941 -3.63564 -1.08116 190 190 190 255 
0.299447 -3.32225 -1.85163 190 190 190 255 
0.32941 -3.31318 -1.84657 190 190 190 255 
0.32941 -3.16938 -2.08373 190 190 190 255 
0.299447 -2.83958 -2.53034 190 190 190 255 
0.299447 -2.44044 -2.9172 190 190 190 255 
0.32941 -2.63987 -2.72361 190 190 190 255 
0.32941 -1.98374 -3.2329 190 190 190 255 
0.299447 -1.98919 -3.24175 190 190 190 255 
0.299447 -1.747 -3.37844 190 190 190 255 
0.32941 -1.74221 -3.36921 190 190 190 255 
0.32941 -1.23252 -3.58717 190 190 190 255 
0.299447 -0.69843 -3.73872 190 190 190 255 
0.32941 -0.69652 -3.72851 190 190 190 255 
0.299447 -0.423379 -3.77976 190 190 190 255 
0.32941 0.131692 -3.79072 190 190 190 255 
0.32941 0.408347 -3.77096 190 190 190 255 
0.299447 0.684686 -3.74126 190 190 190 255 
0.32941 0.953618 -3.67117 190 190 190 255 
0.299447 1.22266 -3.60151 190 190 190 255 
0.299447 1.48258 -3.50254 190 190 190 255 
0.299447 1.97726 -3.24904 190 190 190 255 
0.32941 1.72981 -3.3756 190 190 190 255 
0.32941 2.42307 -2.91816 190 190 190 255 
0.299447 2.63703 -2.74079 190 190 190 255 
0.32941 3.16169 -2.09537 190 190 190 255 
0.299447 3.3154 -1.86383 190 190 190 255 
0.32941 3.30636 -1.85874 190 190 190 255 
0.299447 3.44274 -1.61658 190 190 190 255 
0.32941 3.43334 -1.61216 190 190 190 255 
0.299447 3.55168 -1.36069 190 190 190 255 
0.299447 3.71207 -0.828488 190 190 190 255 
0.32941 3.70192 -0.826225 190 190 190 255 
0.32941 3.78281 -0.277831 190 190 190 255 
0.299447 3.80341 -0.000669175 190 190 190 255 
0.32941 3.79302 -0.000667176 190 190 190 255 
0.299447 3.79328 0.277256 190 190 190 255 
0.299447 3.76288 0.553698 190 190 190 255 
0.32941 3.7526 0.552186 190 190 190 255 
0.299447 3.71237 0.827181 190 190 190 255 
0.32941 3.70222 0.824921 190 190 190 255 
0.299447 3.64198 1.09624 190 190 190 255 
0.32941 3.63205 1.09325 190 190 190 255 
0.357392 3.73782 0.550013 190 190 190 255 
0.357392 3.76804 0.275411 190 190 190 255 
0.32941 3.7829 0.276498 190 190 190 255 
0.32941 3.75241 -0.553507 190 190 190 255 
0.357392 3.61736 -1.09022 190 190 190 255 
0.32941 3.63165 -1.09453 190 190 190 255 
0.32941 3.54197 -1.35697 190 190 190 255 
0.357392 3.41982 -1.60582 190 190 190 255 
0.357392 3.14926 -2.08713 190 190 190 255 
0.32941 3.00014 -2.3208 190 190 190 255 
0.357392 2.98831 -2.31167 190 190 190 255 
0.32941 2.82253 -2.53382 190 190 190 255 
0.357392 2.61947 -2.72255 190 190 190 255 
0.32941 2.62983 -2.7333 190 190 190 255 
0.32941 2.20335 -3.08742 190 190 190 255 
0.357392 2.19469 -3.07527 190 190 190 255 
0.357392 1.9641 -3.22742 190 190 190 255 
0.32941 1.97184 -3.24017 190 190 190 255 
0.357392 1.72302 -3.36231 190 190 190 255 
0.32941 1.47853 -3.49297 190 190 190 255 
0.357392 1.4727 -3.47923 190 190 190 255 
0.357392 1.21453 -3.57754 190 190 190 255 
0.32941 1.21934 -3.59167 190 190 190 255 
0.357392 0.949873 -3.65673 190 190 190 255 
0.32941 0.682805 -3.73104 190 190 190 255 
0.357392 0.680123 -3.71636 190 190 190 255 
0.357392 0.40676 -3.75612 190 190 190 255 
0.357392 0.131175 -3.77581 190 190 190 255 
0.32941 -0.145641 -3.79021 190 190 190 255 
0.32941 -0.422221 -3.76944 190 190 190 255 
0.357392 -0.420555 -3.7546 190 190 190 255 
0.357392 -0.963317 -3.65321 190 190 190 255 
0.357392 -1.22768 -3.57305 190 190 190 255 
0.32941 -0.967123 -3.66764 190 190 190 255 
0.32941 -1.49135 -3.48751 190 190 190 255 
0.357392 -1.48551 -3.47379 190 190 190 255 
0.32941 -2.21467 -3.0793 190 190 190 255 
0.32941 -2.43378 -2.90923 190 190 190 255 
0.357392 -2.62948 -2.7129 190 190 190 255 
0.32941 -2.83183 -2.52343 190 190 190 255 
0.32941 -3.00865 -2.30976 190 190 190 255 
0.357392 -3.15692 -2.07554 190 190 190 255 
0.32941 -3.43926 -1.59953 190 190 190 255 
0.357392 -3.53297 -1.33865 190 190 190 255 
0.32941 -3.54693 -1.34394 190 190 190 255 
0.32941 -3.70493 -0.812608 190 190 190 255 
0.357392 -3.76891 -0.262881 190 190 190 255 
0.357392 -3.77805 0.0132258 190 190 190 255 
0.32941 -3.79297 0.0132781 190 190 190 255 
0.357392 -3.73579 0.563751 190 190 190 255 
0.32941 -3.69917 0.838526 190 190 190 255 
0.357392 -3.52351 1.36335 190 190 190 255 
0.32941 -3.42795 1.62357 190 190 190 255 
0.357392 -3.28718 1.86236 190 190 190 255 
0.357392 -3.14229 2.09759 190 190 190 255 
0.357392 -2.98063 2.32159 190 190 190 255 
0.32941 -2.9924 2.33076 190 190 190 255 
0.357392 -2.80301 2.53319 190 190 190 255 
0.32941 -2.62071 2.74203 190 190 190 255 
0.357392 -2.40386 2.91469 190 190 190 255 
0.32941 -2.19309 3.09473 190 190 190 255 
0.357392 -2.18445 3.08255 190 190 190 255 
0.357392 -1.46114 3.4841 190 190 190 255 
0.32941 -1.46691 3.49787 190 190 190 255 
0.357392 -0.66777 3.7186 190 190 190 255 
0.357392 -0.39427 3.75745 190 190 190 255 
0.32941 -0.119095 3.79114 190 190 190 255 
0.357392 0.43304 3.75318 190 190 190 255 
0.32941 0.708905 3.72617 190 190 190 255 
0.357392 0.975449 3.64999 190 190 190 255 
0.357392 1.98664 3.21359 190 190 190 255 
0.32941 1.7534 3.3634 190 190 190 255 
0.357392 3.61774 1.08894 190 190 190 255 
0.38271 3.71893 0.547233 190 190 190 255 
0.357392 3.68765 0.821675 190 190 190 255 
0.38271 3.759 -0.000661249 190 190 190 255 
0.357392 3.77807 -0.000665988 190 190 190 255 
0.357392 3.76792 -0.276738 190 190 190 255 
0.38271 3.71875 -0.548542 190 190 190 255 
0.357392 3.73764 -0.551329 190 190 190 255 
0.38271 3.66873 -0.818814 190 190 190 255 
0.357392 3.68736 -0.822974 190 190 190 255 
0.357392 3.52802 -1.35163 190 190 190 255 
0.38271 3.27671 -1.84207 190 190 190 255 
0.357392 3.29335 -1.85142 190 190 190 255 
0.38271 2.97322 -2.29999 190 190 190 255 
0.357392 2.81141 -2.52386 190 190 190 255 
0.38271 2.40134 -2.89199 190 190 190 255 
0.357392 2.41352 -2.90668 190 190 190 255 
0.38271 1.95417 -3.21111 190 190 190 255 
0.38271 1.46527 -3.46164 190 190 190 255 
0.38271 1.20839 -3.55946 190 190 190 255 
0.38271 0.676686 -3.69758 190 190 190 255 
0.38271 0.404686 -3.73714 190 190 190 255 
0.357392 -0.145084 -3.7753 190 190 190 255 
0.38271 -0.690283 -3.69506 190 190 190 255 
0.357392 -0.693771 -3.71383 190 190 190 255 
0.38271 -1.47798 -3.45623 190 190 190 255 
0.38271 -1.72658 -3.33899 190 190 190 255 
0.357392 -1.73535 -3.35595 190 190 190 255 
0.38271 -1.96596 -3.2039 190 190 190 255 
0.357392 -1.97594 -3.22018 190 190 190 255 
0.38271 -2.19482 -3.05168 190 190 190 255 
0.357392 -2.20597 -3.06718 190 190 190 255 
0.38271 -2.41194 -2.88314 190 190 190 255 
0.357392 -2.42421 -2.89779 190 190 190 255 
0.38271 -2.61618 -2.69918 190 190 190 255 
0.357392 -2.82068 -2.5135 190 190 190 255 
0.357392 -2.9968 -2.30067 190 190 190 255 
0.357392 -3.30013 -1.8393 190 190 190 255 
0.38271 -3.28346 -1.83001 190 190 190 255 
0.357392 -3.42571 -1.59324 190 190 190 255 
0.38271 -3.51513 -1.33189 190 190 190 255 
0.357392 -3.62136 -1.07691 190 190 190 255 
0.357392 -3.69036 -0.809411 190 190 190 255 
0.357392 -3.73965 -0.537584 190 190 190 255 
0.38271 -3.74988 -0.261554 190 190 190 255 
0.38271 -3.75897 0.0131578 190 190 190 255 
0.38271 -3.74795 0.2878 190 190 190 255 
0.357392 -3.767 0.289261 190 190 190 255 
0.38271 -3.66597 0.831006 190 190 190 255 
0.357392 -3.68461 0.835227 190 190 190 255 
0.357392 -3.61373 1.10224 190 190 190 255 
0.38271 -3.39722 1.60901 190 190 190 255 
0.357392 -3.41448 1.61718 190 190 190 255 
0.38271 -3.27057 1.85295 190 190 190 255 
0.38271 -3.12642 2.08698 190 190 190 255 
0.38271 -2.96557 2.30986 190 190 190 255 
0.38271 -2.78885 2.52038 190 190 190 255 
0.38271 -2.59721 2.71743 190 190 190 255 
0.357392 -2.61041 2.73124 190 190 190 255 
0.38271 -1.94347 3.21759 190 190 190 255 
0.357392 -1.95334 3.23393 190 190 190 255 
0.357392 -1.71183 3.36802 190 190 190 255 
0.357392 -1.20263 3.58156 190 190 190 255 
0.38271 -0.664393 3.69981 190 190 190 255 
0.357392 -0.937717 3.65986 190 190 190 255 
0.38271 -0.11805 3.75713 190 190 190 255 
0.357392 -0.118637 3.77622 190 190 190 255 
0.357392 0.15761 3.77479 190 190 190 255 
0.38271 0.702547 3.69275 190 190 190 255 
0.357392 0.706125 3.71151 190 190 190 255 
0.38271 0.970512 3.63154 190 190 190 255 
0.38271 1.23329 3.55091 190 190 190 255 
0.357392 1.23956 3.56895 190 190 190 255 
0.357392 1.49704 3.46883 190 190 190 255 
0.38271 1.73768 3.33323 190 190 190 255 
0.382695 1.96966 3.20161 190 190 190 255 
0.404749 3.563 1.12435 190 190 190 255 
0.38271 3.59947 1.08344 190 190 190 255 
0.404749 3.57764 1.07687 190 190 190 255 
0.404749 3.64677 0.812563 190 190 190 255 
0.38271 3.66901 0.817522 190 190 190 255 
0.404749 3.72624 0.272356 190 190 190 255 
0.38271 3.74898 0.274018 190 190 190 255 
0.38271 3.7489 -0.275338 190 190 190 255 
0.404749 3.6962 -0.545215 190 190 190 255 
0.404749 3.64647 -0.813846 190 190 190 255 
0.38271 3.59908 -1.08471 190 190 190 255 
0.404749 3.57724 -1.07813 190 190 190 255 
0.38271 3.5102 -1.3448 190 190 190 255 
0.404749 3.48891 -1.33664 190 190 190 255 
0.38271 3.40256 -1.5977 190 190 190 255 
0.404749 3.25681 -1.83089 190 190 190 255 
0.38271 3.13333 -2.07658 190 190 190 255 
0.38271 2.79722 -2.5111 190 190 190 255 
0.404749 2.78024 -2.49587 190 190 190 255 
0.404749 2.59043 -2.69235 190 190 190 255 
0.38271 2.60624 -2.70878 190 190 190 255 
0.38271 2.1836 -3.05973 190 190 190 255 
0.404749 1.94231 -3.19163 190 190 190 255 
0.38271 1.71431 -3.34532 190 190 190 255 
0.404749 1.7039 -3.32502 190 190 190 255 
0.404749 1.20108 -3.53787 190 190 190 255 
0.404749 0.939352 -3.61617 190 190 190 255 
0.38271 0.94508 -3.63824 190 190 190 255 
0.404749 0.402239 -3.71447 190 190 190 255 
0.38271 0.130529 -3.75672 190 190 190 255 
0.38271 -0.144328 -3.75621 190 190 190 255 
0.38271 -0.418421 -3.73563 190 190 190 255 
0.404749 -0.686091 -3.67265 190 190 190 255 
0.38271 -0.95844 -3.63474 190 190 190 255 
0.404749 -1.21407 -3.53343 190 190 190 255 
0.38271 -1.22147 -3.55499 190 190 190 255 
0.404749 -1.95403 -3.18446 190 190 190 255 
0.404749 -2.39731 -2.86565 190 190 190 255 
0.38271 -2.80643 -2.5008 190 190 190 255 
0.404749 -2.78941 -2.48563 190 190 190 255 
0.404749 -2.96356 -2.27515 190 190 190 255 
0.404749 -3.1219 -2.05252 190 190 190 255 
0.38271 -2.98166 -2.28904 190 190 190 255 
0.38271 -3.14094 -2.06504 190 190 190 255 
0.404749 -3.26354 -1.81891 190 190 190 255 
0.404749 -3.38773 -1.57557 190 190 190 255 
0.404749 -3.4938 -1.32381 190 190 190 255 
0.38271 -3.40841 -1.58519 190 190 190 255 
0.38271 -3.60306 -1.07147 190 190 190 255 
0.404749 -3.64944 -0.800435 190 190 190 255 
0.38271 -3.67171 -0.805321 190 190 190 255 
0.38271 -3.72075 -0.534867 190 190 190 255 
0.404749 -3.72714 -0.259967 190 190 190 255 
0.38271 -3.7169 0.560902 190 190 190 255 
0.38271 -3.59544 1.09667 190 190 190 255 
0.38271 -3.50571 1.35646 190 190 190 255 
0.404749 -3.25073 1.84171 190 190 190 255 
0.404749 -3.10746 2.07432 190 190 190 255 
0.38271 -2.39171 2.89995 190 190 190 255 
0.38271 -2.17339 3.06697 190 190 190 255 
0.404749 -1.9317 3.19807 190 190 190 255 
0.38271 -1.70318 3.351 190 190 190 255 
0.38271 -1.45374 3.4665 190 190 190 255 
0.404749 -1.44493 3.44547 190 190 190 255 
0.38271 -1.19655 3.56346 190 190 190 255 
0.38271 -0.932983 3.64137 190 190 190 255 
0.38271 -0.392255 3.73846 190 190 190 255 
0.404749 -0.117328 3.73434 190 190 190 255 
0.404749 0.155875 3.73293 190 190 190 255 
0.38271 0.156824 3.75571 190 190 190 255 
0.38271 0.430846 3.73421 190 190 190 255 
0.38271 1.48946 3.4513 190 190 190 255 
0.404749 1.72713 3.31301 190 190 190 255 
0.422972 3.67069 0.540134 190 190 190 255 
0.404749 3.69637 0.543913 190 190 190 255 
0.422972 3.70035 0.270463 190 190 190 255 
0.404749 3.7362 -0.000657103 190 190 190 255 
0.422972 3.70027 -0.271766 190 190 190 255 
0.404749 3.72616 -0.273667 190 190 190 255 
0.422972 3.62114 -0.808193 190 190 190 255 
0.422972 3.3584 -1.57698 190 190 190 255 
0.404749 3.3819 -1.58801 190 190 190 255 
0.404749 3.11432 -2.06398 190 190 190 255 
0.422972 2.93465 -2.27015 190 190 190 255 
0.404749 2.95518 -2.28603 190 190 190 255 
0.404749 2.38675 -2.87444 190 190 190 255 
0.404749 2.17033 -3.04117 190 190 190 255 
0.422972 1.92881 -3.16946 190 190 190 255 
0.422972 1.69206 -3.30193 190 190 190 255 
0.404749 1.45637 -3.44064 190 190 190 255 
0.422972 0.932807 -3.59105 190 190 190 255 
0.404749 0.672581 -3.67515 190 190 190 255 
0.422972 0.128829 -3.70799 190 190 190 255 
0.404749 0.129747 -3.73393 190 190 190 255 
0.422972 -0.142476 -3.70749 190 190 190 255 
0.422972 -0.413003 -3.68717 190 190 190 255 
0.404749 -0.143468 -3.73343 190 190 190 255 
0.404749 -0.415883 -3.71296 190 190 190 255 
0.422972 -0.946 -3.5876 190 190 190 255 
0.404749 -0.952617 -3.61269 190 190 190 255 
0.404749 -1.46903 -3.43527 190 190 190 255 
0.404749 -1.71612 -3.31874 190 190 190 255 
0.422972 -1.94045 -3.16234 190 190 190 255 
0.404749 -2.1815 -3.03316 190 190 190 255 
0.422972 -2.38066 -2.84574 190 190 190 255 
0.404749 -2.6003 -2.68281 190 190 190 255 
0.422972 -2.77003 -2.46836 190 190 190 255 
0.422972 -3.46951 -1.31461 190 190 190 255 
0.404749 -3.5812 -1.06497 190 190 190 255 
0.422972 -3.6241 -0.794875 190 190 190 255 
0.422972 -3.67247 -0.527929 190 190 190 255 
0.404749 -3.69818 -0.531623 190 190 190 255 
0.404749 -3.73617 0.0130781 190 190 190 255 
0.404749 -3.7252 0.286055 190 190 190 255 
0.404749 -3.69434 0.5575 190 190 190 255 
0.422972 -3.61843 0.820227 190 190 190 255 
0.404749 -3.64374 0.825965 190 190 190 255 
0.404749 -3.57364 1.09001 190 190 190 255 
0.404749 -3.48445 1.34823 190 190 190 255 
0.404749 -3.37662 1.59925 190 190 190 255 
0.422972 -3.08587 2.05991 190 190 190 255 
0.404749 -2.94755 2.29585 190 190 190 255 
0.422972 -2.92708 2.2799 190 190 190 255 
0.422972 -2.75266 2.48769 190 190 190 255 
0.404749 -2.77193 2.50509 190 190 190 255 
0.404749 -2.58145 2.70095 190 190 190 255 
0.422972 -2.36069 2.86234 190 190 190 255 
0.404749 -2.3772 2.88236 190 190 190 255 
0.404749 -2.16021 3.04836 190 190 190 255 
0.422972 -1.91826 3.17585 190 190 190 255 
0.422972 -1.68107 3.30753 190 190 190 255 
0.404749 -1.69283 3.33067 190 190 190 255 
0.404749 -1.18929 3.54184 190 190 190 255 
0.404749 -0.927313 3.61928 190 190 190 255 
0.422972 -0.387166 3.68997 190 190 190 255 
0.404749 -0.660376 3.67736 190 190 190 255 
0.404749 -0.389897 3.71578 190 190 190 255 
0.422972 -0.116499 3.7084 190 190 190 255 
0.404749 0.428219 3.71156 190 190 190 255 
0.404749 0.698294 3.67035 190 190 190 255 
0.404749 0.964628 3.60951 190 190 190 255 
0.422972 1.2173 3.50485 190 190 190 255 
0.404749 1.2258 3.52937 190 190 190 255 
0.404749 1.48042 3.43036 190 190 190 255 
0.422972 1.71512 3.29 190 190 190 255 
0.306378 3.11571 1.32596 190 190 190 255 
0.509615 3.18813 1.36695 190 190 190 255 
0.565345 3.16576 1.35429 190 190 190 255 
0.516397 2.98773 1.25352 190 190 190 255 
0.599792 2.96829 1.24251 190 190 190 255 
0.806255 3.16576 1.35429 190 190 190 255 
0.855203 2.98773 1.25352 190 190 190 255 
0.912468 3.21847 1.38414 190 190 190 255 
0.99188 3.29938 1.42994 190 190 190 255 
1.15123 3.24537 1.39935 190 190 190 255 
1.17358 3.31793 1.44043 190 190 190 255 
1.0351 3.39893 1.48629 190 190 190 255 
0.256858 3.17726 1.3608 190 190 190 255 
0.37972 3.29938 1.42994 190 190 190 255 
0.198025 3.31793 1.44043 190 190 190 255 
0.1905 3.39279 1.4828 190 190 190 255 
0.353156 3.34755 1.45719 190 190 190 255 
0.336499 3.39893 1.48629 190 190 190 255 
1.06522 3.66983 1.63964 190 190 190 255 
1.03192 3.57463 1.58576 190 190 190 255 
1.00417 3.72295 1.66972 190 190 190 255 
0.987776 3.66679 1.63792 190 190 190 255 
1.03427 3.56119 1.57813 190 190 190 255 
1.04051 3.52557 1.55797 190 190 190 255 
0.330646 3.50813 1.5481 190 190 190 255 
0.334801 3.55313 1.57358 190 190 190 255 
0.516397 3.79781 1.71209 190 190 190 255 
0.43815 3.76605 1.69411 190 190 190 255 
0.484676 3.75857 1.68988 190 190 190 255 
0.588266 3.80094 1.71386 190 190 190 255 
0.510172 3.77126 1.69705 190 190 190 255 
0.771808 3.81725 1.7231 190 190 190 255 
0.6858 3.8238 1.7268 190 190 190 255 
0.855203 3.79781 1.71209 190 190 190 255 
0.953729 3.70681 1.66058 190 190 190 255 
0.337086 3.56116 1.57812 190 190 190 255 
0.353923 3.6124 1.60713 190 190 190 255 
0.306378 3.66983 1.63964 190 190 190 255 
0.3805 3.66039 1.6343 190 190 190 255 
0.758765 3.80621 1.71685 190 190 190 255 
0.401874 3.68969 1.65087 190 190 190 255 
0.416194 3.70365 1.65879 190 190 190 255 
0.599792 3.81725 1.7231 190 190 190 255 
0.644331 3.81068 1.71937 190 190 190 255 
0.685833 3.81195 1.7201 190 190 190 255 
0.306846 2.04637 3.21386 190 190 190 255 
0.299258 2.0424 3.20763 190 190 190 255 
0.4064 3.63339 1.14656 190 190 190 255 
0.38271 3.58475 1.13121 190 190 190 255 
0.357392 3.60295 1.13695 190 190 190 255 
0.32941 3.61719 1.14145 190 190 190 255 
0.299447 3.62708 1.14457 190 190 190 255 
0.406058 3.53728 1.48533 190 190 190 255 
0.405202 3.535 1.48939 190 190 190 255 
0.403667 3.48449 1.4704 190 190 190 255 
0.402462 3.48291 1.47323 190 190 190 255 
0.399062 3.4784 1.4812 190 190 190 255 
0.397958 3.47745 1.48284 190 190 190 255 
0.392381 3.47278 1.49113 190 190 190 255 
0.392381 3.51914 1.51738 190 190 190 255 
0.391791 3.47242 1.49174 190 190 190 255 
0.3302 3.50329 1.54537 190 190 190 255 
0.3302 3.45692 1.51911 190 190 190 255 
0.342073 3.45751 1.51806 190 190 190 255 
0.342073 3.50391 1.54431 190 190 190 255 
0.34973 3.45817 1.5169 190 190 190 255 
0.353663 3.45889 1.51567 190 190 190 255 
0.362175 3.46037 1.51299 190 190 190 255 
0.37491 3.51052 1.53262 190 190 190 255 
0.383826 3.51418 1.52617 190 190 190 255 
0.383826 3.46781 1.49991 190 190 190 255 
0.384058 3.51431 1.52593 190 190 190 255 
0.384058 3.46794 1.49968 190 190 190 255 
0.0889001 3.58411 -1.29236 190 190 190 255 
0.0381 1.96539 3.20451 190 190 190 255 
0.0889001 3.64587 1.10618 190 190 190 255 
0.0889001 3.79144 0.335375 190 190 190 255 
0.0889001 3.75851 0.624268 190 190 190 255 
0.0381 3.71937 0.545637 190 190 190 255 
0.0381 3.70733 0.61576 190 190 190 255 
0.0889001 3.67526 1.00421 190 190 190 255 
0.0381 3.68776 0.72947 190 190 190 255 
0.0381 3.64705 0.91143 190 190 190 255 
0.0889001 3.77995 -0.448506 190 190 190 255 
0.0381 3.72074 -0.531191 190 190 190 255 
0.0381 3.73946 -0.385133 190 190 190 255 
0.0889001 3.807 -0.151111 190 190 190 255 
0.0889001 3.80258 0.237818 190 190 190 255 
0.0381 3.53598 -1.27501 190 190 190 255 
0.0889001 3.60809 -1.21345 190 190 190 255 
0.0889001 3.71377 -0.835407 190 190 190 255 
0.0381 3.6829 -0.753515 190 190 190 255 
0.0889001 3.77176 -0.538465 190 190 190 255 
0.0381 3.46182 -1.46542 190 190 190 255 
0.0889001 3.46404 -1.57861 190 190 190 255 
0.0889001 3.43369 -1.65104 190 190 190 255 
0.0381 3.2996 -1.8012 190 190 190 255 
0.0889001 3.28318 -1.92701 190 190 190 255 
0.0381 3.10471 -2.11956 190 190 190 255 
0.0889001 3.24745 -1.99252 190 190 190 255 
0.0381 2.99575 -2.27096 190 190 190 255 
0.0381 2.98679 -2.2822 190 190 190 255 
0.0381 2.87954 -2.41659 190 190 190 255 
0.0381 2.7559 -2.55667 190 190 190 255 
0.0381 2.15899 -3.07635 190 190 190 255 
0.0381 2.19736 -3.05012 190 190 190 255 
0.0381 2.34624 -2.93712 190 190 190 255 
0.0889001 2.77577 -2.60983 190 190 190 255 
0.0889001 1.55632 -3.47515 190 190 190 255 
0.0381 1.5525 -3.42367 190 190 190 255 
0.0381 1.88452 -3.25273 190 190 190 255 
0.0889001 2.18867 -3.11863 190 190 190 255 
0.0381 2.04336 -3.15538 190 190 190 255 
0.0889001 1.14607 -3.63354 190 190 190 255 
0.0381 1.13045 -3.58402 190 190 190 255 
0.0889001 1.51056 -3.49776 190 190 190 255 
0.0381 1.49 -3.45016 190 190 190 255 
0.0889001 0.424012 -3.78452 190 190 190 255 
0.0381 0.479585 -3.72848 190 190 190 255 
0.0381 -0.386379 -3.73826 190 190 190 255 
0.0889001 -0.00326035 -3.81 190 190 190 255 
0.0381 -0.265411 -3.74983 190 190 190 255 
0.0381 0.107779 -3.75768 190 190 190 255 
0.0889001 0.032011 -3.80823 190 190 190 255 
0.0889001 0.385201 -3.79048 190 190 190 255 
0.0889001 -1.15229 -3.63157 190 190 190 255 
0.0889001 -1.12951 -3.63754 190 190 190 255 
0.0381 -0.999931 -3.6238 190 190 190 255 
0.0889001 -0.748887 -3.73435 190 190 190 255 
0.0381 -0.451108 -3.73207 190 190 190 255 
0.0381 -1.8399 -3.27762 190 190 190 255 
0.0381 -1.17825 -3.5698 190 190 190 255 
0.0889001 -2.194 -3.11487 190 190 190 255 
0.0889001 -2.18406 -3.12115 190 190 190 255 
0.0381 -2.01918 -3.17089 190 190 190 255 
0.0889001 -1.865 -3.32233 190 190 190 255 
0.0381 -1.85919 -3.26729 190 190 190 255 
0.0381 -2.73634 -2.57765 190 190 190 255 
0.0889001 -2.50014 -2.87495 190 190 190 255 
0.0381 -2.74303 -2.5702 190 190 190 255 
0.0381 -2.46679 -2.83661 190 190 190 255 
0.0889001 -2.49398 -2.87979 190 190 190 255 
0.0381 -2.17418 -3.06672 190 190 190 255 
0.0381 -2.16462 -3.07314 190 190 190 255 
0.0381 -2.86066 -2.43891 190 190 190 255 
0.0889001 -2.78023 -2.60507 190 190 190 255 
0.0381 -2.97827 -2.29379 190 190 190 255 
0.0381 -2.99056 -2.27699 190 190 190 255 
0.0381 -3.19095 -1.98737 190 190 190 255 
0.0381 -3.08854 -2.14306 190 190 190 255 
0.0889001 -3.4365 -1.64515 190 190 190 255 
0.0381 -3.20698 -1.96013 190 190 190 255 
0.0381 -3.52022 -1.319 190 190 190 255 
0.0889001 -3.43954 -1.63791 190 190 190 255 
0.0889001 -3.58972 -1.27494 190 190 190 255 
0.0381 -3.58138 -1.14252 190 190 190 255 
0.0889001 -3.69877 -0.913866 190 190 190 255 
0.0889001 -3.77443 -0.512445 190 190 190 255 
0.0889001 -3.77268 -0.531997 190 190 190 255 
0.0889001 -3.80694 -0.121029 190 190 190 255 
0.0381 -3.75899 -0.0414278 190 190 190 255 
0.0381 -3.75537 -0.142615 190 190 190 255 
0.0889001 -3.75744 0.630712 190 190 190 255 
0.0381 -3.74456 0.331715 190 190 190 255 
0.0889001 -3.79899 0.271638 190 190 190 255 
0.0889001 -3.75066 0.661382 190 190 190 255 
0.0381 -3.70622 0.622121 190 190 190 255 
0.0381 -3.54843 1.2411 190 190 190 255 
0.0889001 -3.66245 1.04406 190 190 190 255 
0.0381 -3.40779 1.58702 190 190 190 255 
0.0889001 -3.55138 1.37978 190 190 190 255 
0.0381 -3.50309 1.36103 190 190 190 255 
0.0889001 -3.19765 2.07148 190 190 190 255 
0.0381 -3.32496 1.75397 190 190 190 255 
0.0889001 -3.39219 1.73467 190 190 190 255 
0.0889001 -2.9698 2.38671 190 190 190 255 
0.0381 -3.13463 2.07503 190 190 190 255 
0.0381 -3.23391 1.91664 190 190 190 255 
0.0381 -2.67461 2.64113 190 190 190 255 
0.0381 -2.91372 2.37527 190 190 190 255 
0.0889001 -2.37663 2.97461 190 190 190 255 
0.0381 -2.24067 3.01845 190 190 190 255 
0.0381 -2.39154 2.90022 190 190 190 255 
0.0889001 -2.67043 2.71415 190 190 190 255 
0.0381 -2.52896 2.78139 190 190 190 255 
0.0381 -2.66369 2.65263 190 190 190 255 
0.0381 -1.76817 3.3174 190 190 190 255 
0.0889001 -2.05759 3.20342 190 190 190 255 
0.0381 -1.93073 3.22552 190 190 190 255 
0.0381 -1.25656 3.54297 190 190 190 255 
0.0889001 -0.984069 3.67754 190 190 190 255 
0.0889001 -1.05671 3.66053 190 190 190 255 
0.0381 -1.04243 3.61101 190 190 190 255 
0.0889001 -0.292202 3.79878 190 190 190 255 
0.0381 -0.71695 3.69021 190 190 190 255 
0.0889001 -0.209766 3.8009 190 190 190 255 
0.0381 0.0250346 3.75912 190 190 190 255 
0.0381 -0.161341 3.75576 190 190 190 255 
0.0381 -0.28826 3.74715 190 190 190 255 
0.0381 -0.347319 3.74314 190 190 190 255 
0.0381 0.211867 3.75323 190 190 190 255 
0.0889001 0.0966115 3.80877 190 190 190 255 
0.0889001 0.867211 3.71 190 190 190 255 
0.0381 0.766203 3.68028 190 190 190 255 
0.0889001 0.573324 3.76303 190 190 190 255 
0.0889001 0.484441 3.77908 190 190 190 255 
0.0381 0.582541 3.71381 190 190 190 255 
0.0381 0.47784 3.72759 190 190 190 255 
0.0889001 0.957758 3.68388 190 190 190 255 
0.0381 0.948103 3.6377 190 190 190 255 
0.0381 0.85537 3.65941 190 190 190 255 
0.0381 1.47733 3.45676 190 190 190 255 
0.0889001 1.33202 3.56557 190 190 190 255 
0.0381 1.30364 3.52593 190 190 190 255 
0.0889001 1.24094 3.60225 190 190 190 255 
0.0889001 1.94583 3.27564 190 190 190 255 
0.0381 1.81247 3.29345 190 190 190 255 
0.0381 1.57992 3.40988 190 190 190 255 
0.965542 3.53728 1.48533 190 190 190 255 
0.965542 3.49091 1.45908 190 190 190 255 
0.966398 3.535 1.48939 190 190 190 255 
0.967933 3.53086 1.49666 190 190 190 255 
0.969138 3.52928 1.49948 190 190 190 255 
0.969138 3.48291 1.47323 190 190 190 255 
0.972538 3.52477 1.50745 190 190 190 255 
0.972538 3.4784 1.4812 190 190 190 255 
0.973642 3.52385 1.50909 190 190 190 255 
0.973642 3.47745 1.48284 190 190 190 255 
0.979219 3.51914 1.51738 190 190 190 255 
0.979219 3.47278 1.49113 190 190 190 255 
1.0349 3.50345 1.54513 190 190 190 255 
1.02953 3.45751 1.51806 190 190 190 255 
1.02953 3.50391 1.54431 190 190 190 255 
1.02187 3.50457 1.54315 190 190 190 255 
1.01794 3.45889 1.51567 190 190 190 255 
1.00943 3.46037 1.51299 190 190 190 255 
0.99669 3.51052 1.53262 190 190 190 255 
0.987774 3.51418 1.52617 190 190 190 255 
0.987542 3.46794 1.49968 190 190 190 255 
0.9652 3.58205 1.29807 190 190 190 255 
0.9652 3.49446 1.4528 190 190 190 255 
0.965072 3.5746 1.29385 190 190 190 255 
0.947163 3.40851 1.40415 190 190 190 255 
0.960251 3.4489 1.42701 190 190 190 255 
0.960224 3.53583 1.27191 190 190 190 255 
0.947074 3.49488 1.24873 190 190 190 255 
0.926291 3.37069 1.38274 190 190 190 255 
0.899343 3.42324 1.20817 190 190 190 255 
0.898257 3.33655 1.36341 190 190 190 255 
0.863896 3.30711 1.34675 190 190 190 255 
0.869434 3.39606 1.19278 190 190 190 255 
0.863599 3.39223 1.19062 190 190 190 255 
0.832625 3.37206 1.1792 190 190 190 255 
0.792033 3.35375 1.16883 190 190 190 255 
0.74869 3.34152 1.16191 190 190 190 255 
0.733718 3.33958 1.16081 190 190 190 255 
0.703709 3.33569 1.15861 190 190 190 255 
0.68574 3.33595 1.15877 190 190 190 255 
0.658208 3.33639 1.15901 190 190 190 255 
0.637873 3.33943 1.16073 190 190 190 255 
0.591157 3.26569 1.3233 190 190 190 255 
0.591415 3.35047 1.16699 190 190 190 255 
0.590215 3.35082 1.16718 190 190 190 255 
0.577058 3.35468 1.16936 190 190 190 255 
0.54773 3.36827 1.17705 190 190 190 255 
0.536125 3.37363 1.18009 190 190 190 255 
0.473343 3.33655 1.36341 190 190 190 255 
0.473815 3.42217 1.20757 190 190 190 255 
0.499099 3.39843 1.19414 190 190 190 255 
0.445309 3.37069 1.38274 190 190 190 255 
0.424901 3.49502 1.24881 190 190 190 255 
0.406761 3.57825 1.29593 190 190 190 255 
0.410314 3.5409 1.27479 190 190 190 255 
0.967286 3.56267 1.12424 190 190 190 255 
0.953253 3.54541 1.1188 190 190 190 255 
1.05659 3.62268 1.14318 190 190 190 255 
1.04244 3.61666 1.14128 190 190 190 255 
1.01458 3.60239 1.13678 190 190 190 255 
0.685815 3.33595 1.15877 190 190 190 255 
0.6858 3.37454 1.03814 190 190 190 255 
0.897994 3.42202 1.20748 190 190 190 255 
0.808331 2.02332 2.92777 190 190 190 255 
0.708965 2.02629 2.89242 190 190 190 255 
0.685791 2.02632 2.89169 190 190 190 255 
0.473343 1.89703 3.09316 190 190 190 255 
0.445309 0.758032 -3.58859 190 190 190 255 
0.406766 3.5782 1.2959 190 190 190 255 
0.406434 3.62919 1.14524 190 190 190 255 
0.4064 3.58205 1.29807 190 190 190 255 
0.411349 3.58346 1.1308 190 190 190 255 
0.411586 3.53655 1.27231 190 190 190 255 
0.411766 3.53591 1.27197 190 190 190 255 
0.422002 3.50076 1.25206 190 190 190 255 
0.424372 3.4961 1.24941 190 190 190 255 
0.424437 3.53922 1.11684 190 190 190 255 
0.441128 3.46291 1.23064 190 190 190 255 
0.432374 3.53566 1.06424 190 190 190 255 
0.445309 3.65551 0.299647 190 190 190 255 
0.445309 3.62435 0.562639 190 190 190 255 
0.432374 3.64771 0.566238 190 190 190 255 
0.432374 3.60397 0.803031 190 190 190 255 
0.445309 3.66761 0.0350931 190 190 190 255 
0.432374 3.6839 -0.231138 190 190 190 255 
0.432374 3.69236 -0.000650185 190 190 190 255 
0.432374 3.67898 0.301542 190 190 190 255 
0.445309 3.5894 -0.754155 190 190 190 255 
0.432374 3.6121 -0.758954 190 190 190 255 
0.432374 3.65751 -0.496347 190 190 190 255 
0.432374 3.68245 -0.270457 190 190 190 255 
0.445309 3.52564 -1.01119 190 190 190 255 
0.432374 3.53527 -1.06548 190 190 190 255 
0.432374 3.60368 -0.804301 190 190 190 255 
0.432374 3.24594 -1.75638 190 190 190 255 
0.432374 3.36429 -1.51761 190 190 190 255 
0.445309 3.44349 -1.26296 190 190 190 255 
0.432374 2.95922 -2.20523 190 190 190 255 
0.445309 3.22581 -1.74546 190 190 190 255 
0.432374 2.79232 -2.41297 190 190 190 255 
0.445309 2.40112 -2.77259 190 190 190 255 
0.445309 2.59491 -2.59211 190 190 190 255 
0.432374 2.41586 -2.78968 190 190 190 255 
0.432374 2.56005 -2.66077 190 190 190 255 
0.445309 1.74895 -3.22394 190 190 190 255 
0.445309 2.19477 -2.93862 190 190 190 255 
0.432374 2.14487 -3.00549 190 190 190 255 
0.445309 1.51175 -3.34173 190 190 190 255 
0.432374 1.27437 -3.46309 190 190 190 255 
0.432374 0.762612 -3.61039 190 190 190 255 
0.445309 1.01502 -3.52453 190 190 190 255 
0.445309 1.26667 -3.44211 190 190 190 255 
0.432374 1.18698 -3.49637 190 190 190 255 
0.432374 0.50012 -3.65597 190 190 190 255 
0.445309 0.233607 -3.66033 190 190 190 255 
0.432374 0.128217 -3.69013 190 190 190 255 
0.432374 -0.0313425 -3.68984 190 190 190 255 
0.445309 -0.0311383 -3.66764 190 190 190 255 
0.432374 -0.141775 -3.68963 190 190 190 255 
0.445309 -0.558722 -3.62497 190 190 190 255 
0.432374 -0.562105 -3.64687 190 190 190 255 
0.445309 -0.818832 -3.5752 190 190 190 255 
0.432374 -0.941448 -3.57032 190 190 190 255 
0.445309 -1.07467 -3.5068 190 190 190 255 
0.432374 -1.08117 -3.52796 190 190 190 255 
0.432374 -1.45178 -3.39497 190 190 190 255 
0.445309 -1.56826 -3.31559 190 190 190 255 
0.432374 -1.696 -3.27981 190 190 190 255 
0.432374 -1.81429 -3.21304 190 190 190 255 
0.445309 -1.8034 -3.19379 190 190 190 255 
0.445309 -2.02917 -3.05533 190 190 190 255 
0.432374 -2.04139 -3.07375 190 190 190 255 
0.432374 -2.15591 -2.99759 190 190 190 255 
0.432374 -2.25788 -2.91844 190 190 190 255 
0.432374 -2.36921 -2.83204 190 190 190 255 
0.445309 -2.44783 -2.73144 190 190 190 255 
0.432374 -2.56981 -2.65134 190 190 190 255 
0.445309 -2.63854 -2.54769 190 190 190 255 
0.432374 -2.92882 -2.24847 190 190 190 255 
0.432374 -3.08527 -2.02844 190 190 190 255 
0.432374 -3.27469 -1.7007 190 190 190 255 
0.445309 -3.25499 -1.69045 190 190 190 255 
0.432374 -3.4528 -1.30828 190 190 190 255 
0.432374 -3.53918 -1.05248 190 190 190 255 
0.432374 -3.56381 -0.957008 190 190 190 255 
0.432374 -3.60663 -0.791046 190 190 190 255 
0.432374 -3.65479 -0.525386 190 190 190 255 
0.445309 -3.64231 -0.431425 190 190 190 255 
0.432374 -3.66452 -0.434081 190 190 190 255 
0.432374 -3.6834 -0.256917 190 190 190 255 
0.432374 -3.69232 0.0129259 190 190 190 255 
0.432374 -3.68151 0.282699 190 190 190 255 
0.445309 -3.64989 0.361652 190 190 190 255 
0.432374 -3.65102 0.55096 190 190 190 255 
0.432374 -3.63651 0.627884 190 190 190 255 
0.432374 -3.60101 0.816276 190 190 190 255 
0.445309 -3.61428 0.624077 190 190 190 255 
0.432374 -3.58178 0.888662 190 190 190 255 
0.432374 -3.50839 1.14481 190 190 190 255 
0.432374 -3.44357 1.33242 190 190 190 255 
0.445309 -3.39562 1.38645 190 190 190 255 
0.432374 -3.41669 1.39501 190 190 190 255 
0.432374 -3.33701 1.58049 190 190 190 255 
0.432374 -3.30718 1.63794 190 190 190 255 
0.445309 -3.16071 1.86078 190 190 190 255 
0.432374 -3.071 2.04999 190 190 190 255 
0.445309 -3.0182 2.084 190 190 190 255 
0.445309 -2.85996 2.29635 190 190 190 255 
0.432374 -2.91298 2.26892 190 190 190 255 
0.445309 -2.68679 2.49673 190 190 190 255 
0.432374 -2.55119 2.66927 190 190 190 255 
0.432374 -2.34931 2.84855 190 190 190 255 
0.432374 -2.31402 2.87554 190 190 190 255 
0.432374 -2.13487 3.01261 190 190 190 255 
0.432374 -1.90904 3.16055 190 190 190 255 
0.432374 -1.8761 3.17883 190 190 190 255 
0.432374 -1.67298 3.2916 190 190 190 255 
0.432374 -1.42797 3.40505 190 190 190 255 
0.432374 -0.916424 3.57682 190 190 190 255 
0.432374 -0.652614 3.63423 190 190 190 255 
0.432374 -0.632086 3.63714 190 190 190 255 
0.445309 -0.627982 3.61361 190 190 190 255 
0.445309 -0.365607 3.64951 190 190 190 255 
0.432374 -0.367998 3.67338 190 190 190 255 
0.445309 -0.101305 3.66637 190 190 190 255 
0.432374 0.690116 3.62729 190 190 190 255 
0.445309 0.947372 3.54331 190 190 190 255 
0.432374 1.21142 3.48797 190 190 190 255 
0.445309 1.20059 3.46571 190 190 190 255 
0.432374 1.70689 3.27415 190 190 190 255 
0.44594 1.99011 3.08128 190 190 190 255 
0.547573 2.0219 2.93943 190 190 190 255 
0.637763 1.848 3.01321 190 190 190 255 
0.775742 2.02502 2.91028 190 190 190 255 
0.86376 2.01639 2.97616 190 190 190 255 
0.839677 2.02034 2.95155 190 190 190 255 
0.823944 2.02186 2.93961 190 190 190 255 
0.893667 2.00849 3.01556 190 190 190 255 
0.898022 2.0064 3.02363 190 190 190 255 
0.925646 1.99011 3.08129 190 190 190 255 
0.939226 1.97829 3.11767 190 190 190 255 
0.939226 1.94156 3.14067 190 190 190 255 
0.926291 1.91753 3.1266 190 190 190 255 
0.939226 1.93018 3.14716 190 190 190 255 
0.939226 1.70689 3.27415 190 190 190 255 
0.939226 1.21142 3.48797 190 190 190 255 
0.926291 1.20059 3.46571 190 190 190 255 
0.939226 1.2086 3.48884 190 190 190 255 
0.926291 0.947372 3.54331 190 190 190 255 
0.926291 0.689216 3.60243 190 190 190 255 
0.939226 0.693831 3.62645 190 190 190 255 
0.939226 0.690116 3.62729 190 190 190 255 
0.926291 0.427483 3.64278 190 190 190 255 
0.939226 0.423199 3.66802 190 190 190 255 
0.939226 0.16458 3.68832 190 190 190 255 
0.926291 0.163526 3.66413 190 190 190 255 
0.939226 -0.632086 3.63714 190 190 190 255 
0.939226 -0.892878 3.58195 190 190 190 255 
0.939226 -0.652614 3.63423 190 190 190 255 
0.926291 -1.1416 3.48559 190 190 190 255 
0.939226 -1.39909 3.41594 190 190 190 255 
0.939226 -0.916424 3.57682 190 190 190 255 
0.926291 -1.63142 3.28498 190 190 190 255 
0.939226 -1.42797 3.40505 190 190 190 255 
0.939226 -2.13487 3.01261 190 190 190 255 
0.926291 -2.08726 3.01594 190 190 190 255 
0.926291 -2.68679 2.49673 190 190 190 255 
0.939226 -2.55119 2.66927 190 190 190 255 
0.939226 -2.51544 2.70101 190 190 190 255 
0.939226 -2.34931 2.84855 190 190 190 255 
0.926291 -3.0182 2.084 190 190 190 255 
0.926291 -2.85996 2.29635 190 190 190 255 
0.939226 -2.7394 2.47571 190 190 190 255 
0.926291 -3.28674 1.62786 190 190 190 255 
0.939226 -3.21259 1.8201 190 190 190 255 
0.926291 -3.16071 1.86078 190 190 190 255 
0.939226 -3.18042 1.87234 190 190 190 255 
0.926291 -3.48683 1.13782 190 190 190 255 
0.939226 -3.50839 1.14481 190 190 190 255 
0.939226 -3.44357 1.33242 190 190 190 255 
0.939226 -3.33701 1.58049 190 190 190 255 
0.939226 -3.63651 0.627884 190 190 190 255 
0.939226 -3.58178 0.888662 190 190 190 255 
0.939226 -3.53172 1.07723 190 190 190 255 
0.926291 -3.64989 0.361652 190 190 190 255 
0.939226 -3.6723 0.36384 190 190 190 255 
0.926291 -3.61428 0.624077 190 190 190 255 
0.926291 -3.66396 -0.16748 190 190 190 255 
0.939226 -3.66452 -0.434081 190 190 190 255 
0.939226 -3.68632 -0.168529 190 190 190 255 
0.926291 -3.66647 0.0973402 190 190 190 255 
0.939226 -3.56381 -0.957008 190 190 190 255 
0.939226 -3.60663 -0.791046 190 190 190 255 
0.926291 -3.6017 -0.693122 190 190 190 255 
0.926291 -3.64231 -0.431425 190 190 190 255 
0.939226 -3.65479 -0.525386 190 190 190 255 
0.939226 -3.48544 -1.21166 190 190 190 255 
0.939226 -3.34799 -1.55709 190 190 190 255 
0.926291 -3.25499 -1.69045 190 190 190 255 
0.939226 -3.27469 -1.7007 190 190 190 255 
0.939226 -3.08527 -2.02844 190 190 190 255 
0.939226 -3.14341 -1.93255 190 190 190 255 
0.926291 -3.12453 -1.92092 190 190 190 255 
0.939226 -2.92882 -2.24847 190 190 190 255 
0.939226 -2.99576 -2.15432 190 190 190 255 
0.926291 -2.8155 -2.35066 190 190 190 255 
0.939226 -2.56981 -2.65134 190 190 190 255 
0.939226 -2.65444 -2.56307 190 190 190 255 
0.939226 -2.36921 -2.83204 190 190 190 255 
0.926291 -2.44783 -2.73144 190 190 190 255 
0.939226 -2.46257 -2.74792 190 190 190 255 
0.939226 -2.25788 -2.91844 190 190 190 255 
0.939226 -1.93111 -3.14711 190 190 190 255 
0.926291 -2.02917 -3.05533 190 190 190 255 
0.939226 -2.04139 -3.07375 190 190 190 255 
0.939226 -1.81429 -3.21304 190 190 190 255 
0.939226 -1.45178 -3.39497 190 190 190 255 
0.939226 -1.696 -3.27981 190 190 190 255 
0.926291 -1.07467 -3.5068 190 190 190 255 
0.926291 -0.818832 -3.5752 190 190 190 255 
0.939226 -1.19984 -3.49198 190 190 190 255 
0.939226 -0.678033 -3.62957 190 190 190 255 
0.926291 -0.295697 -3.65583 190 190 190 255 
0.926291 -0.558722 -3.62497 190 190 190 255 
0.939226 -0.297488 -3.67794 190 190 190 255 
0.939226 -0.411014 -3.66941 190 190 190 255 
0.926291 0.233607 -3.66033 190 190 190 255 
0.939226 0.235013 -3.6825 190 190 190 255 
0.939226 0.128217 -3.69013 190 190 190 255 
0.926291 0.758032 -3.58859 190 190 190 255 
0.939226 0.50012 -3.65597 190 190 190 255 
0.939226 0.762612 -3.61039 190 190 190 255 
0.939226 1.02116 -3.54598 190 190 190 255 
0.939226 0.928315 -3.57376 190 190 190 255 
0.926291 1.26667 -3.44211 190 190 190 255 
0.939226 1.68391 -3.28602 190 190 190 255 
0.926291 1.51175 -3.34173 190 190 190 255 
0.926291 2.19477 -2.93862 190 190 190 255 
0.939226 2.14487 -3.00549 190 190 190 255 
0.926291 2.40112 -2.77259 190 190 190 255 
0.939226 2.35877 -2.84073 190 190 190 255 
0.939226 2.56005 -2.66077 190 190 190 255 
0.926291 2.94099 -2.1916 190 190 190 255 
0.939226 2.92052 -2.25922 190 190 190 255 
0.926291 3.09148 -1.97367 190 190 190 255 
0.939226 3.21862 -1.80942 190 190 190 255 
0.939226 3.53527 -1.06548 190 190 190 255 
0.939226 3.4651 -1.27092 190 190 190 255 
0.939226 3.44797 -1.32096 190 190 190 255 
0.939226 3.65283 -0.53882 190 190 190 255 
0.926291 3.5894 -0.754155 190 190 190 255 
0.926291 3.63446 -0.493186 190 190 190 255 
0.939226 3.69236 -0.000650185 190 190 190 255 
0.939226 3.68254 0.269161 190 190 190 255 
0.926291 3.66761 0.0350931 190 190 190 255 
0.939226 3.69106 0.035287 190 190 190 255 
0.926291 3.65551 0.299647 190 190 190 255 
0.939226 3.65301 0.537533 190 190 190 255 
0.939226 3.52904 1.08567 190 190 190 255 
0.926291 3.50563 1.07847 190 190 190 255 
0.939226 3.53566 1.06424 190 190 190 255 
0.947633 3.49598 1.24936 190 190 190 255 
0.947163 3.53922 1.11684 190 190 190 255 
0.927794 3.45874 1.22826 190 190 190 255 
0.947589 3.49587 1.24928 190 190 190 255 
0.960187 3.53554 1.27175 190 190 190 255 
0.960251 3.58346 1.1308 190 190 190 255 
0.960305 3.53649 1.27228 190 190 190 255 
0.965166 3.62919 1.14524 190 190 190 255 
0.965134 3.57817 1.29588 190 190 190 255 
0.965135 3.57823 1.29591 190 190 190 255 
0.901467 3.42518 1.20927 190 190 190 255 
0.926102 3.45657 1.22704 190 190 190 255 
0.927077 3.45781 1.22775 190 190 190 255 
0.78022 3.35041 1.16695 190 190 190 255 
0.637763 3.3785 1.03936 190 190 190 255 
0.591157 3.39031 1.04299 190 190 190 255 
0.546211 3.36896 1.17744 190 190 190 255 
0.508136 3.39238 1.19071 190 190 190 255 
0.472472 3.42344 1.20829 190 190 190 255 
0.444833 3.45802 1.22786 190 190 190 255 
0.432374 3.52119 1.11116 190 190 190 255 
0.445792 3.45674 1.22714 190 190 190 255 
0.4671 3.42849 1.21114 190 190 190 255 
0.445309 3.50563 1.07847 190 190 190 255 
0.473343 3.46813 1.06693 190 190 190 255 
0.445309 3.57431 0.822699 190 190 190 255 
0.473343 3.6164 0.296442 190 190 190 255 
0.445309 3.66057 -0.229645 190 190 190 255 
0.473343 3.62839 0.0347179 190 190 190 255 
0.473343 3.62144 -0.227188 190 190 190 255 
0.473343 3.59559 -0.487911 190 190 190 255 
0.445309 3.63446 -0.493186 190 190 190 255 
0.473343 3.40664 -1.24945 190 190 190 255 
0.445309 3.34338 -1.50814 190 190 190 255 
0.445309 3.09148 -1.97367 190 190 190 255 
0.445309 2.94099 -2.1916 190 190 190 255 
0.445309 2.77519 -2.39811 190 190 190 255 
0.445309 1.977 -3.08933 190 190 190 255 
0.473343 2.1713 -2.90719 190 190 190 255 
0.473343 1.73024 -3.18945 190 190 190 255 
0.473343 1.25313 -3.40529 190 190 190 255 
0.445309 0.497109 -3.63393 190 190 190 255 
0.473343 0.749923 -3.5502 190 190 190 255 
0.473343 -0.0307863 -3.62841 190 190 190 255 
0.445309 -0.295697 -3.65583 190 190 190 255 
0.473343 -0.292533 -3.61673 190 190 190 255 
0.473343 -0.552735 -3.5862 190 190 190 255 
0.445309 -1.32491 -3.42011 190 190 190 255 
0.473343 -1.78413 -3.15963 190 190 190 255 
0.445309 -2.24436 -2.90095 190 190 190 255 
0.473343 -2.22032 -2.86992 190 190 190 255 
0.473343 -2.61031 -2.52044 190 190 190 255 
0.445309 -2.8155 -2.35066 190 190 190 255 
0.473343 -2.78536 -2.32551 190 190 190 255 
0.445309 -2.97776 -2.14137 190 190 190 255 
0.473343 -2.94593 -2.11847 190 190 190 255 
0.445309 -3.12453 -1.92092 190 190 190 255 
0.445309 -3.36849 -1.45117 190 190 190 255 
0.445309 -3.46442 -1.20433 190 190 190 255 
0.445309 -3.54227 -0.951203 190 190 190 255 
0.445309 -3.6017 -0.693122 190 190 190 255 
0.473343 -3.56317 -0.685708 190 190 190 255 
0.445309 -3.66396 -0.16748 190 190 190 255 
0.445309 -3.66647 0.0973402 190 190 190 255 
0.473343 -3.57564 0.617401 190 190 190 255 
0.445309 -3.55983 0.88325 190 190 190 255 
0.445309 -3.48683 1.13782 190 190 190 255 
0.473343 -3.52176 0.873802 190 190 190 255 
0.473343 -3.44954 1.12565 190 190 190 255 
0.445309 -3.28674 1.62786 190 190 190 255 
0.473343 -3.1269 1.84088 190 190 190 255 
0.473343 -2.9859 2.06171 190 190 190 255 
0.473343 -2.82936 2.27179 190 190 190 255 
0.445309 -2.49963 2.6841 190 190 190 255 
0.445309 -2.29943 2.85747 190 190 190 255 
0.473343 -2.4729 2.65539 190 190 190 255 
0.473343 -2.27485 2.82691 190 190 190 255 
0.445309 -2.08726 3.01594 190 190 190 255 
0.473343 -2.06494 2.98369 190 190 190 255 
0.445309 -1.86421 3.15869 190 190 190 255 
0.445309 -1.63142 3.28498 190 190 190 255 
0.473343 -1.84425 3.12491 190 190 190 255 
0.473343 -1.61396 3.24984 190 190 190 255 
0.445309 -1.39012 3.39413 190 190 190 255 
0.445309 -1.1416 3.48559 190 190 190 255 
0.445309 -0.887098 3.55888 190 190 190 255 
0.473343 -0.877603 3.52082 190 190 190 255 
0.473343 -0.361672 3.61047 190 190 190 255 
0.473343 -0.100225 3.62716 190 190 190 255 
0.445309 0.163526 3.66413 190 190 190 255 
0.445309 0.427483 3.64278 190 190 190 255 
0.473343 0.422909 3.60381 190 190 190 255 
0.445309 0.689216 3.60243 190 190 190 255 
0.473343 1.18774 3.42864 190 190 190 255 
0.445309 1.44754 3.37005 190 190 190 255 
0.445309 1.68694 3.25681 190 190 190 255 
0.445309 1.91753 3.1266 190 190 190 255 
0.473343 1.6689 3.22198 190 190 190 255 
0.473806 2.0062 3.02396 190 190 190 255 
0.506577 3.39342 1.1913 190 190 190 255 
0.507704 3.4358 1.05699 190 190 190 255 
0.473343 3.5361 0.8139 190 190 190 255 
0.507704 3.50313 0.806313 190 190 190 255 
0.473343 3.5856 0.556622 190 190 190 255 
0.507704 3.5827 0.293679 190 190 190 255 
0.507704 3.59456 0.0343942 190 190 190 255 
0.507704 3.58766 -0.225071 190 190 190 255 
0.473343 3.55102 -0.746088 190 190 190 255 
0.473343 3.48792 -1.00038 190 190 190 255 
0.507704 3.51791 -0.739133 190 190 190 255 
0.507704 3.3749 -1.2378 190 190 190 255 
0.473343 3.30761 -1.49201 190 190 190 255 
0.507704 3.27677 -1.4781 190 190 190 255 
0.473343 3.19132 -1.72679 190 190 190 255 
0.507704 3.16158 -1.71069 190 190 190 255 
0.473343 3.0584 -1.95257 190 190 190 255 
0.507704 2.8824 -2.14795 190 190 190 255 
0.473343 2.90952 -2.16816 190 190 190 255 
0.473343 2.74551 -2.37246 190 190 190 255 
0.507704 2.71991 -2.35034 190 190 190 255 
0.473343 2.56716 -2.56438 190 190 190 255 
0.473343 2.37541 -2.74294 190 190 190 255 
0.507704 2.54322 -2.54048 190 190 190 255 
0.507704 1.93765 -3.0278 190 190 190 255 
0.473343 1.95586 -3.05629 190 190 190 255 
0.473343 1.49557 -3.30599 190 190 190 255 
0.473343 1.00414 -3.48684 190 190 190 255 
0.473343 0.49181 -3.59506 190 190 190 255 
0.507704 0.48721 -3.56155 190 190 190 255 
0.473343 0.231098 -3.62118 190 190 190 255 
0.507704 -0.547601 -3.55277 190 190 190 255 
0.473343 -0.810072 -3.53696 190 190 190 255 
0.473343 -1.06319 -3.46929 190 190 190 255 
0.473343 -1.31075 -3.38353 190 190 190 255 
0.473343 -1.55148 -3.28013 190 190 190 255 
0.507704 -1.7675 -3.13017 190 190 190 255 
0.473343 -2.00747 -3.02265 190 190 190 255 
0.473343 -2.42164 -2.70222 190 190 190 255 
0.507704 -2.39907 -2.67703 190 190 190 255 
0.507704 -2.58597 -2.49694 190 190 190 255 
0.507704 -2.75941 -2.30384 190 190 190 255 
0.473343 -3.09111 -1.90037 190 190 190 255 
0.507704 -3.06229 -1.88266 190 190 190 255 
0.473343 -3.22016 -1.67237 190 190 190 255 
0.473343 -3.33245 -1.43565 190 190 190 255 
0.507704 -3.19016 -1.65678 190 190 190 255 
0.507704 -3.30137 -1.42227 190 190 190 255 
0.473343 -3.42735 -1.19145 190 190 190 255 
0.473343 -3.5044 -0.94103 190 190 190 255 
0.507704 -3.47173 -0.932258 190 190 190 255 
0.473343 -3.60336 -0.426811 190 190 190 255 
0.507704 -3.59096 -0.164143 190 190 190 255 
0.473343 -3.62475 -0.165687 190 190 190 255 
0.473343 -3.62726 0.0962987 190 190 190 255 
0.473343 -3.61086 0.357783 190 190 190 255 
0.507704 -3.5772 0.354448 190 190 190 255 
0.473343 -3.35932 1.37162 190 190 190 255 
0.473343 -3.2516 1.61045 190 190 190 255 
0.507704 -3.09776 1.82372 190 190 190 255 
0.473343 -2.65805 2.47003 190 190 190 255 
0.507704 -2.63329 2.447 190 190 190 255 
0.507704 -1.82705 3.09578 190 190 190 255 
0.473343 -1.37526 3.35783 190 190 190 255 
0.507704 -1.11884 3.41617 190 190 190 255 
0.473343 -1.12937 3.44831 190 190 190 255 
0.473343 -0.621262 3.57496 190 190 190 255 
0.473343 0.161769 3.62494 190 190 190 255 
0.507704 0.160266 3.59114 190 190 190 255 
0.473343 0.681844 3.5639 190 190 190 255 
0.473343 0.937251 3.50541 190 190 190 255 
0.507704 1.17668 3.39668 190 190 190 255 
0.473343 1.43204 3.334 190 190 190 255 
0.507704 1.65332 3.19194 190 190 190 255 
0.507704 1.87936 3.06432 190 190 190 255 
0.481227 2.00965 3.01047 190 190 190 255 
0.547369 3.4096 1.04893 190 190 190 255 
0.547369 3.47642 0.800164 190 190 190 255 
0.507704 3.55218 0.551434 190 190 190 255 
0.547369 3.56715 0.0341319 190 190 190 255 
0.547369 3.5603 -0.223355 190 190 190 255 
0.507704 3.56208 -0.483362 190 190 190 255 
0.547369 3.5349 -0.479676 190 190 190 255 
0.507704 3.4554 -0.991051 190 190 190 255 
0.547369 3.42904 -0.983494 190 190 190 255 
0.507704 3.0299 -1.93436 190 190 190 255 
0.547369 2.52384 -2.5211 190 190 190 255 
0.507704 2.35329 -2.71737 190 190 190 255 
0.507704 2.15107 -2.88009 190 190 190 255 
0.547369 2.33534 -2.69664 190 190 190 255 
0.507704 1.71411 -3.15972 190 190 190 255 
0.547369 1.92286 -3.00471 190 190 190 255 
0.507704 1.48165 -3.27517 190 190 190 255 
0.507704 1.24146 -3.37354 190 190 190 255 
0.547369 1.23199 -3.34782 190 190 190 255 
0.547369 0.987191 -3.42799 190 190 190 255 
0.507704 0.994786 -3.45433 190 190 190 255 
0.507704 0.742928 -3.51711 190 190 190 255 
0.547369 0.737278 -3.49029 190 190 190 255 
0.547369 0.483482 -3.53439 190 190 190 255 
0.507704 0.228963 -3.58742 190 190 190 255 
0.547369 0.227194 -3.56006 190 190 190 255 
0.507704 -0.0305078 -3.59459 190 190 190 255 
0.507704 -0.289801 -3.58302 190 190 190 255 
0.547369 -0.0302798 -3.56718 190 190 190 255 
0.507704 -0.802527 -3.50399 190 190 190 255 
0.507704 -1.05328 -3.43695 190 190 190 255 
0.547369 -1.04523 -3.41074 190 190 190 255 
0.507704 -1.29853 -3.35199 190 190 190 255 
0.507704 -1.537 -3.24955 190 190 190 255 
0.547369 -1.5253 -3.22477 190 190 190 255 
0.507704 -1.98875 -2.99447 190 190 190 255 
0.507704 -2.19965 -2.84316 190 190 190 255 
0.547369 -2.18285 -2.82148 190 190 190 255 
0.547369 -2.38077 -2.65662 190 190 190 255 
0.547369 -2.56626 -2.4779 190 190 190 255 
0.507704 -2.91847 -2.09872 190 190 190 255 
0.547369 -3.16581 -1.64415 190 190 190 255 
0.507704 -3.3954 -1.18034 190 190 190 255 
0.547369 -3.27622 -1.41142 190 190 190 255 
0.547369 -3.36953 -1.17134 190 190 190 255 
0.507704 -3.52994 -0.679315 190 190 190 255 
0.547369 -3.50302 -0.674135 190 190 190 255 
0.507704 -3.56976 -0.422832 190 190 190 255 
0.507704 -3.59346 0.0954003 190 190 190 255 
0.547369 -3.56606 0.0946727 190 190 190 255 
0.507704 -3.5423 0.611646 190 190 190 255 
0.507704 -3.48892 0.865657 190 190 190 255 
0.507704 -3.41739 1.11515 190 190 190 255 
0.547369 -3.3913 1.10665 190 190 190 255 
0.507704 -3.328 1.35884 190 190 190 255 
0.547369 -3.30263 1.34847 190 190 190 255 
0.507704 -3.22126 1.59544 190 190 190 255 
0.507704 -2.95809 2.04249 190 190 190 255 
0.547369 -2.93551 2.02691 190 190 190 255 
0.507704 -2.803 2.25061 190 190 190 255 
0.547369 -2.61321 2.42834 190 190 190 255 
0.507704 -2.44984 2.63064 190 190 190 255 
0.547369 -2.43118 2.61057 190 190 190 255 
0.507704 -2.25364 2.80055 190 190 190 255 
0.507704 -2.04569 2.95587 190 190 190 255 
0.507704 -1.59891 3.21955 190 190 190 255 
0.507704 -1.36242 3.32653 190 190 190 255 
0.547369 -1.58672 3.19499 190 190 190 255 
0.547369 -1.35204 3.30116 190 190 190 255 
0.507704 -0.869429 3.48799 190 190 190 255 
0.547369 -1.11031 3.39011 190 190 190 255 
0.507704 -0.615479 3.54164 190 190 190 255 
0.507704 -0.358318 3.57682 190 190 190 255 
0.507704 -0.0992806 3.59335 190 190 190 255 
0.507704 0.418977 3.57022 190 190 190 255 
0.507704 0.675506 3.53068 190 190 190 255 
0.547369 0.670358 3.50375 190 190 190 255 
0.507704 0.928496 3.47273 190 190 190 255 
0.547369 1.16769 3.37078 190 190 190 255 
0.507704 1.41869 3.30292 190 190 190 255 
0.547369 3.52507 0.547227 190 190 190 255 
0.547369 3.55537 0.291439 190 190 190 255 
0.591157 3.51491 -0.476961 190 190 190 255 
0.547369 3.49109 -0.733496 190 190 190 255 
0.591157 3.47132 -0.729346 190 190 190 255 
0.547369 3.34915 -1.22836 190 190 190 255 
0.591157 3.33019 -1.22141 190 190 190 255 
0.547369 3.25179 -1.46683 190 190 190 255 
0.547369 3.13747 -1.69764 190 190 190 255 
0.547369 3.0068 -1.91961 190 190 190 255 
0.547369 2.86044 -2.13157 190 190 190 255 
0.591157 2.84426 -2.11951 190 190 190 255 
0.547369 2.69918 -2.33242 190 190 190 255 
0.591157 2.50954 -2.50684 190 190 190 255 
0.591157 2.12257 -2.84195 190 190 190 255 
0.547369 2.13467 -2.85813 190 190 190 255 
0.547369 1.70103 -3.13563 190 190 190 255 
0.547369 1.47034 -3.25019 190 190 190 255 
0.591157 0.981604 -3.40859 190 190 190 255 
0.591157 0.733105 -3.47053 190 190 190 255 
0.591157 -0.0301189 -3.54699 190 190 190 255 
0.547369 -0.287599 -3.55569 190 190 190 255 
0.547369 -0.543417 -3.52567 190 190 190 255 
0.547369 -0.796413 -3.47727 190 190 190 255 
0.591157 -0.540349 -3.50572 190 190 190 255 
0.547369 -1.28863 -3.32642 190 190 190 255 
0.591157 -1.28132 -3.3076 190 190 190 255 
0.547369 -1.75402 -3.1063 190 190 190 255 
0.547369 -1.97359 -2.97164 190 190 190 255 
0.591157 -1.96242 -2.95482 190 190 190 255 
0.591157 -2.1705 -2.80552 190 190 190 255 
0.591157 -2.55175 -2.46388 190 190 190 255 
0.547369 -2.73837 -2.28627 190 190 190 255 
0.591157 -2.72287 -2.27333 190 190 190 255 
0.547369 -2.89621 -2.08271 190 190 190 255 
0.547369 -3.03893 -1.8683 190 190 190 255 
0.591157 -3.02173 -1.85773 190 190 190 255 
0.591157 -3.14792 -1.63484 190 190 190 255 
0.591157 -3.25766 -1.40343 190 190 190 255 
0.591157 -3.35045 -1.16471 190 190 190 255 
0.547369 -3.44525 -0.925148 190 190 190 255 
0.547369 -3.54253 -0.419607 190 190 190 255 
0.547369 -3.56357 -0.162891 190 190 190 255 
0.547369 -3.54993 0.351744 190 190 190 255 
0.547369 -3.51529 0.606982 190 190 190 255 
0.591157 -3.49538 0.603548 190 190 190 255 
0.547369 -3.46234 0.859054 190 190 190 255 
0.591157 -3.37211 1.10039 190 190 190 255 
0.591157 -3.28393 1.34084 190 190 190 255 
0.547369 -3.19672 1.58327 190 190 190 255 
0.547369 -3.07414 1.80981 190 190 190 255 
0.591157 -3.05674 1.79957 190 190 190 255 
0.547369 -2.78162 2.23345 190 190 190 255 
0.591157 -2.76589 2.22081 190 190 190 255 
0.547369 -2.23646 2.7792 190 190 190 255 
0.547369 -2.03009 2.93333 190 190 190 255 
0.591157 -2.22379 2.76347 190 190 190 255 
0.591157 -2.01859 2.91673 190 190 190 255 
0.547369 -1.81313 3.07217 190 190 190 255 
0.591157 -1.57774 3.17691 190 190 190 255 
0.591157 -0.857925 3.44181 190 190 190 255 
0.547369 -0.862806 3.46139 190 190 190 255 
0.547369 -0.610774 3.51463 190 190 190 255 
0.547369 -0.355569 3.54954 190 190 190 255 
0.547369 -0.0985242 3.56594 190 190 190 255 
0.547369 0.159052 3.56376 190 190 190 255 
0.591157 0.158144 3.54359 190 190 190 255 
0.547369 0.415785 3.54299 190 190 190 255 
0.591157 0.666567 3.48393 190 190 190 255 
0.547369 0.921415 3.44625 190 190 190 255 
0.591157 1.16108 3.3517 190 190 190 255 
0.547369 1.40787 3.27773 190 190 190 255 
0.547369 1.64072 3.1676 190 190 190 255 
0.547369 1.86501 3.04095 190 190 190 255 
0.591157 1.63143 3.14967 190 190 190 255 
0.591157 1.85446 3.02374 190 190 190 255 
0.591382 2.02471 2.91323 190 190 190 255 
0.620354 3.34207 1.16222 190 190 190 255 
0.637172 3.33955 1.16079 190 190 190 255 
0.591157 3.45675 0.795636 190 190 190 255 
0.591157 3.50515 0.544132 190 190 190 255 
0.591157 3.53525 0.289789 190 190 190 255 
0.591157 3.54696 0.0339383 190 190 190 255 
0.637763 3.52295 0.288781 190 190 190 255 
0.637763 3.53461 0.0338205 190 190 190 255 
0.591157 3.54014 -0.222091 190 190 190 255 
0.637763 3.52784 -0.221316 190 190 190 255 
0.637763 3.50265 -0.4753 190 190 190 255 
0.637763 3.45922 -0.726806 190 190 190 255 
0.591157 3.40965 -0.977928 190 190 190 255 
0.637763 3.39777 -0.974521 190 190 190 255 
0.591157 3.23339 -1.45853 190 190 190 255 
0.637763 3.22211 -1.45345 190 190 190 255 
0.591157 3.11971 -1.68804 190 190 190 255 
0.637763 3.10884 -1.68216 190 190 190 255 
0.591157 2.98978 -1.90875 190 190 190 255 
0.637763 2.97935 -1.9021 190 190 190 255 
0.637763 2.83435 -2.11212 190 190 190 255 
0.591157 2.68389 -2.31922 190 190 190 255 
0.637763 2.50082 -2.4981 190 190 190 255 
0.591157 2.32212 -2.68138 190 190 190 255 
0.637763 2.11518 -2.83205 190 190 190 255 
0.591157 1.91199 -2.9877 190 190 190 255 
0.591157 1.69141 -3.11788 190 190 190 255 
0.637763 1.68552 -3.10702 190 190 190 255 
0.591157 1.46203 -3.2318 190 190 190 255 
0.591157 1.22502 -3.32887 190 190 190 255 
0.637763 0.978203 -3.39671 190 190 190 255 
0.591157 0.480758 -3.51439 190 190 190 255 
0.637763 0.730529 -3.45845 190 190 190 255 
0.637763 0.479099 -3.50214 190 190 190 255 
0.637763 0.225126 -3.52758 190 190 190 255 
0.591157 0.225925 -3.53992 190 190 190 255 
0.637763 -0.0299936 -3.53463 190 190 190 255 
0.591157 -0.285972 -3.53557 190 190 190 255 
0.637763 -0.284979 -3.52325 190 190 190 255 
0.637763 -0.538455 -3.49351 190 190 190 255 
0.591157 -0.791898 -3.45759 190 190 190 255 
0.591157 -1.03932 -3.39144 190 190 190 255 
0.591157 -1.51668 -3.20652 190 190 190 255 
0.637763 -1.51139 -3.19535 190 190 190 255 
0.591157 -1.74408 -3.08872 190 190 190 255 
0.637763 -1.73802 -3.07796 190 190 190 255 
0.591157 -2.3673 -2.64158 190 190 190 255 
0.637763 -2.54286 -2.4553 190 190 190 255 
0.591157 -2.87982 -2.07093 190 190 190 255 
0.637763 -3.01121 -1.85125 190 190 190 255 
0.637763 -3.13694 -1.62915 190 190 190 255 
0.591157 -3.42577 -0.919914 190 190 190 255 
0.637763 -3.33878 -1.16065 190 190 190 255 
0.637763 -3.41382 -0.916708 190 190 190 255 
0.591157 -3.4832 -0.67032 190 190 190 255 
0.591157 -3.52249 -0.417232 190 190 190 255 
0.591157 -3.54341 -0.16197 190 190 190 255 
0.591157 -3.54586 0.0941382 190 190 190 255 
0.637763 -3.53351 0.0938097 190 190 190 255 
0.591157 -3.52983 0.349754 190 190 190 255 
0.591157 -3.44274 0.854193 190 190 190 255 
0.637763 -3.36036 1.09655 190 190 190 255 
0.637763 -3.27249 1.33617 190 190 190 255 
0.637763 -3.16755 1.56882 190 190 190 255 
0.591157 -3.17861 1.57431 190 190 190 255 
0.591157 -2.91891 2.01544 190 190 190 255 
0.637763 -2.90876 2.00842 190 190 190 255 
0.591157 -2.5984 2.4146 190 190 190 255 
0.637763 -2.58936 2.40619 190 190 190 255 
0.591157 -2.41742 2.5958 190 190 190 255 
0.637763 -2.01155 2.90657 190 190 190 255 
0.591157 -1.80287 3.05478 190 190 190 255 
0.637763 -1.57224 3.16585 190 190 190 255 
0.591157 -1.3444 3.28248 190 190 190 255 
0.591157 -1.10404 3.37093 190 190 190 255 
0.637763 -1.10017 3.35919 190 190 190 255 
0.591157 -0.607339 3.49474 190 190 190 255 
0.591157 -0.353556 3.52945 190 190 190 255 
0.591157 -0.0979692 3.54576 190 190 190 255 
0.637763 -0.0976173 3.53341 190 190 190 255 
0.591157 0.413438 3.52294 190 190 190 255 
0.637763 0.664221 3.47179 190 190 190 255 
0.591157 0.916205 3.42675 190 190 190 255 
0.637763 0.913013 3.41481 190 190 190 255 
0.637763 1.15704 3.34003 190 190 190 255 
0.591157 1.39993 3.25919 190 190 190 255 
0.637763 1.39503 3.24783 190 190 190 255 
0.599833 2.02508 2.90914 190 190 190 255 
0.637763 3.44469 0.792863 190 190 190 255 
0.6858 3.44065 0.791931 190 190 190 255 
0.637763 3.49292 0.542235 190 190 190 255 
0.6858 3.51879 0.28844 190 190 190 255 
0.6858 3.53043 0.0337799 190 190 190 255 
0.6858 3.52368 -0.221056 190 190 190 255 
0.6858 3.49853 -0.474741 190 190 190 255 
0.6858 3.39377 -0.973374 190 190 190 255 
0.637763 3.3186 -1.21716 190 190 190 255 
0.637763 2.67454 -2.31114 190 190 190 255 
0.6858 2.49786 -2.49516 190 190 190 255 
0.637763 2.31402 -2.67204 190 190 190 255 
0.637763 1.90533 -2.9773 190 190 190 255 
0.6858 1.68354 -3.10336 190 190 190 255 
0.637763 1.45693 -3.22054 190 190 190 255 
0.637763 1.22074 -3.31728 190 190 190 255 
0.6858 1.21931 -3.31337 190 190 190 255 
0.6858 0.977038 -3.39272 190 190 190 255 
0.6858 0.729687 -3.45437 190 190 190 255 
0.6858 0.478524 -3.49802 190 190 190 255 
0.6858 -0.284631 -3.51911 190 190 190 255 
0.637763 -0.78913 -3.44555 190 190 190 255 
0.6858 -0.788209 -3.44149 190 190 190 255 
0.637763 -1.03571 -3.37962 190 190 190 255 
0.6858 -1.03448 -3.37564 190 190 190 255 
0.637763 -1.27688 -3.29608 190 190 190 255 
0.6858 -1.27536 -3.2922 190 190 190 255 
0.6858 -1.73597 -3.07434 190 190 190 255 
0.637763 -1.95559 -2.94453 190 190 190 255 
0.637763 -2.16296 -2.79574 190 190 190 255 
0.637763 -2.35904 -2.63238 190 190 190 255 
0.6858 -2.16042 -2.79245 190 190 190 255 
0.6858 -2.35628 -2.62928 190 190 190 255 
0.6858 -2.53985 -2.4524 190 190 190 255 
0.637763 -2.71338 -2.26541 190 190 190 255 
0.637763 -2.86979 -2.06371 190 190 190 255 
0.6858 -2.86639 -2.06128 190 190 190 255 
0.637763 -3.24631 -1.39854 190 190 190 255 
0.6858 -3.33486 -1.15929 190 190 190 255 
0.637763 -3.47108 -0.667986 190 190 190 255 
0.637763 -3.51024 -0.41578 190 190 190 255 
0.6858 -3.46698 -0.667198 190 190 190 255 
0.637763 -3.53106 -0.161405 190 190 190 255 
0.637763 -3.51753 0.348536 190 190 190 255 
0.637763 -3.48321 0.601445 190 190 190 255 
0.6858 -3.47912 0.600737 190 190 190 255 
0.637763 -3.43074 0.851218 190 190 190 255 
0.6858 -3.35641 1.09526 190 190 190 255 
0.6858 -3.26865 1.3346 190 190 190 255 
0.637763 -3.04608 1.7933 190 190 190 255 
0.6858 -3.04251 1.79119 190 190 190 255 
0.637763 -2.75623 2.21307 190 190 190 255 
0.637763 -2.40897 2.58676 190 190 190 255 
0.6858 -2.40616 2.58371 190 190 190 255 
0.6858 -2.21344 2.7506 190 190 190 255 
0.637763 -2.21606 2.75384 190 190 190 255 
0.637763 -1.79658 3.04414 190 190 190 255 
0.6858 -2.00919 2.90315 190 190 190 255 
0.6858 -1.79448 3.04056 190 190 190 255 
0.637763 -1.33971 3.27104 190 190 190 255 
0.6858 -1.33814 3.26719 190 190 190 255 
0.637763 -0.854936 3.42981 190 190 190 255 
0.637763 -0.605206 3.48256 190 190 190 255 
0.637763 -0.352342 3.51716 190 190 190 255 
0.6858 -0.0975177 3.52925 190 190 190 255 
0.637763 0.1576 3.53125 190 190 190 255 
0.637763 0.411996 3.51067 190 190 190 255 
0.6858 0.411497 3.50654 190 190 190 255 
0.6858 0.663452 3.4677 190 190 190 255 
0.6858 0.911941 3.41079 190 190 190 255 
0.6858 1.39339 3.24401 190 190 190 255 
0.637763 1.62577 3.1387 190 190 190 255 
0.676447 2.02634 2.8914 190 190 190 255 
0.6858 3.48881 0.541597 190 190 190 255 
0.733837 3.52784 -0.221316 190 190 190 255 
0.6858 3.45518 -0.725949 190 190 190 255 
0.6858 3.3147 -1.21572 190 190 190 255 
0.733837 3.3186 -1.21716 190 190 190 255 
0.6858 3.21832 -1.45173 190 190 190 255 
0.6858 3.10518 -1.68018 190 190 190 255 
0.6858 2.97585 -1.89986 190 190 190 255 
0.733837 2.97935 -1.9021 190 190 190 255 
0.6858 2.831 -2.10964 190 190 190 255 
0.733837 2.83435 -2.11212 190 190 190 255 
0.6858 2.67138 -2.30842 190 190 190 255 
0.733837 2.50082 -2.4981 190 190 190 255 
0.6858 2.31132 -2.6689 190 190 190 255 
0.733837 2.31402 -2.67204 190 190 190 255 
0.6858 2.11271 -2.82872 190 190 190 255 
0.6858 1.90308 -2.97379 190 190 190 255 
0.6858 1.45521 -3.21675 190 190 190 255 
0.733837 1.45693 -3.22054 190 190 190 255 
0.733837 1.22074 -3.31728 190 190 190 255 
0.6858 0.224878 -3.52343 190 190 190 255 
0.6858 -0.0299739 -3.53047 190 190 190 255 
0.733837 0.225126 -3.52758 190 190 190 255 
0.733837 -0.284979 -3.52325 190 190 190 255 
0.6858 -0.537836 -3.4894 190 190 190 255 
0.733837 -0.538455 -3.49351 190 190 190 255 
0.733837 -1.27688 -3.29608 190 190 190 255 
0.733837 -1.51139 -3.19535 190 190 190 255 
0.6858 -1.50961 -3.19159 190 190 190 255 
0.733837 -1.73802 -3.07796 190 190 190 255 
0.6858 -1.95327 -2.94106 190 190 190 255 
0.733837 -1.95559 -2.94453 190 190 190 255 
0.733837 -2.35904 -2.63238 190 190 190 255 
0.6858 -2.71018 -2.26274 190 190 190 255 
0.6858 -3.00765 -1.84908 190 190 190 255 
0.733837 -3.01121 -1.85125 190 190 190 255 
0.6858 -3.13325 -1.62723 190 190 190 255 
0.6858 -3.24251 -1.3969 190 190 190 255 
0.733837 -3.33878 -1.16065 190 190 190 255 
0.733837 -3.41382 -0.916708 190 190 190 255 
0.6858 -3.40979 -0.915629 190 190 190 255 
0.6858 -3.50608 -0.415289 190 190 190 255 
0.6858 -3.52692 -0.161216 190 190 190 255 
0.6858 -3.52936 0.0936991 190 190 190 255 
0.733837 -3.53351 0.0938097 190 190 190 255 
0.6858 -3.51339 0.348126 190 190 190 255 
0.733837 -3.51753 0.348536 190 190 190 255 
0.6858 -3.42669 0.850217 190 190 190 255 
0.733837 -3.43074 0.851218 190 190 190 255 
0.6858 -3.16381 1.56698 190 190 190 255 
0.6858 -2.90532 2.00606 190 190 190 255 
0.6858 -2.75299 2.21047 190 190 190 255 
0.6858 -2.58632 2.40336 190 190 190 255 
0.733837 -2.75623 2.21307 190 190 190 255 
0.733837 -2.21606 2.75384 190 190 190 255 
0.733837 -2.01155 2.90657 190 190 190 255 
0.6858 -1.5704 3.16212 190 190 190 255 
0.733837 -1.79658 3.04414 190 190 190 255 
0.733837 -1.57224 3.16585 190 190 190 255 
0.6858 -1.09889 3.35523 190 190 190 255 
0.733837 -1.33971 3.27104 190 190 190 255 
0.6858 -0.853917 3.42578 190 190 190 255 
0.6858 -0.604483 3.47847 190 190 190 255 
0.6858 -0.351915 3.51302 190 190 190 255 
0.733837 -0.352342 3.51716 190 190 190 255 
0.6858 0.157401 3.52709 190 190 190 255 
0.733837 0.664221 3.47179 190 190 190 255 
0.733837 0.913013 3.41481 190 190 190 255 
0.6858 1.15567 3.3361 190 190 190 255 
0.6858 1.62385 3.13501 190 190 190 255 
0.733837 1.39503 3.24783 190 190 190 255 
0.6858 1.84583 3.00966 190 190 190 255 
0.733837 1.62577 3.1387 190 190 190 255 
0.734328 3.33966 1.16086 190 190 190 255 
0.733837 3.3785 1.03936 190 190 190 255 
0.733837 3.44469 0.792863 190 190 190 255 
0.780443 3.45675 0.795636 190 190 190 255 
0.733837 3.49292 0.542235 190 190 190 255 
0.780443 3.50515 0.544132 190 190 190 255 
0.733837 3.52295 0.288781 190 190 190 255 
0.780443 3.53525 0.289789 190 190 190 255 
0.733837 3.53461 0.0338205 190 190 190 255 
0.780443 3.54014 -0.222091 190 190 190 255 
0.733837 3.50265 -0.4753 190 190 190 255 
0.733837 3.45922 -0.726806 190 190 190 255 
0.780443 3.47132 -0.729346 190 190 190 255 
0.733837 3.39777 -0.974521 190 190 190 255 
0.780443 3.33019 -1.22141 190 190 190 255 
0.733837 3.22211 -1.45345 190 190 190 255 
0.733837 3.10884 -1.68216 190 190 190 255 
0.780443 3.23339 -1.45853 190 190 190 255 
0.780443 2.98978 -1.90875 190 190 190 255 
0.733837 2.67454 -2.31114 190 190 190 255 
0.780443 2.68389 -2.31922 190 190 190 255 
0.780443 2.32212 -2.68138 190 190 190 255 
0.733837 2.11518 -2.83205 190 190 190 255 
0.733837 1.90533 -2.9773 190 190 190 255 
0.780443 1.91199 -2.9877 190 190 190 255 
0.733837 1.68552 -3.10702 190 190 190 255 
0.780443 1.69141 -3.11788 190 190 190 255 
0.780443 1.46203 -3.2318 190 190 190 255 
0.733837 0.978203 -3.39671 190 190 190 255 
0.733837 0.730529 -3.45845 190 190 190 255 
0.733837 0.479099 -3.50214 190 190 190 255 
0.780443 0.733105 -3.47053 190 190 190 255 
0.780443 0.480758 -3.51439 190 190 190 255 
0.780443 0.225925 -3.53992 190 190 190 255 
0.733837 -0.0299936 -3.53463 190 190 190 255 
0.780443 -0.0301189 -3.54699 190 190 190 255 
0.733837 -0.78913 -3.44555 190 190 190 255 
0.780443 -0.540349 -3.50572 190 190 190 255 
0.733837 -1.03571 -3.37962 190 190 190 255 
0.780443 -1.74408 -3.08872 190 190 190 255 
0.780443 -1.96242 -2.95482 190 190 190 255 
0.733837 -2.16296 -2.79574 190 190 190 255 
0.780443 -2.1705 -2.80552 190 190 190 255 
0.780443 -2.3673 -2.64158 190 190 190 255 
0.733837 -2.54286 -2.4553 190 190 190 255 
0.733837 -2.71338 -2.26541 190 190 190 255 
0.780443 -2.72287 -2.27333 190 190 190 255 
0.733837 -2.86979 -2.06371 190 190 190 255 
0.780443 -3.02173 -1.85773 190 190 190 255 
0.733837 -3.13694 -1.62915 190 190 190 255 
0.780443 -3.14792 -1.63484 190 190 190 255 
0.733837 -3.24631 -1.39854 190 190 190 255 
0.733837 -3.47108 -0.667986 190 190 190 255 
0.780443 -3.52249 -0.417232 190 190 190 255 
0.733837 -3.51024 -0.41578 190 190 190 255 
0.733837 -3.53106 -0.161405 190 190 190 255 
0.780443 -3.54341 -0.16197 190 190 190 255 
0.780443 -3.54586 0.0941382 190 190 190 255 
0.780443 -3.52983 0.349754 190 190 190 255 
0.733837 -3.48321 0.601445 190 190 190 255 
0.733837 -3.36036 1.09655 190 190 190 255 
0.733837 -3.27249 1.33617 190 190 190 255 
0.733837 -3.16755 1.56882 190 190 190 255 
0.733837 -3.04608 1.7933 190 190 190 255 
0.733837 -2.90876 2.00842 190 190 190 255 
0.780443 -2.91891 2.01544 190 190 190 255 
0.780443 -2.76589 2.22081 190 190 190 255 
0.733837 -2.58936 2.40619 190 190 190 255 
0.733837 -2.40897 2.58676 190 190 190 255 
0.780443 -1.80287 3.05478 190 190 190 255 
0.780443 -1.57774 3.17691 190 190 190 255 
0.733837 -1.10017 3.35919 190 190 190 255 
0.733837 -0.854936 3.42981 190 190 190 255 
0.733837 -0.605206 3.48256 190 190 190 255 
0.733837 -0.0976173 3.53341 190 190 190 255 
0.780443 -0.353556 3.52945 190 190 190 255 
0.780443 -0.0979692 3.54576 190 190 190 255 
0.733837 0.1576 3.53125 190 190 190 255 
0.733837 0.411996 3.51067 190 190 190 255 
0.780443 0.158144 3.54359 190 190 190 255 
0.780443 0.916205 3.42675 190 190 190 255 
0.733837 1.15704 3.34003 190 190 190 255 
0.733837 1.848 3.01321 190 190 190 255 
0.781389 3.35073 1.16713 190 190 190 255 
0.780443 3.39031 1.04299 190 190 190 255 
0.824231 3.4096 1.04893 190 190 190 255 
0.780443 3.54696 0.0339383 190 190 190 255 
0.824231 3.55537 0.291439 190 190 190 255 
0.824231 3.5603 -0.223355 190 190 190 255 
0.780443 3.51491 -0.476961 190 190 190 255 
0.824231 3.5349 -0.479676 190 190 190 255 
0.824231 3.49109 -0.733496 190 190 190 255 
0.780443 3.40965 -0.977928 190 190 190 255 
0.824231 3.34915 -1.22836 190 190 190 255 
0.780443 3.11971 -1.68804 190 190 190 255 
0.824231 3.13747 -1.69764 190 190 190 255 
0.780443 2.84426 -2.11951 190 190 190 255 
0.824231 2.86044 -2.13157 190 190 190 255 
0.780443 2.50954 -2.50684 190 190 190 255 
0.780443 2.12257 -2.84195 190 190 190 255 
0.824231 2.13467 -2.85813 190 190 190 255 
0.824231 1.47034 -3.25019 190 190 190 255 
0.780443 1.22502 -3.32887 190 190 190 255 
0.780443 0.981604 -3.40859 190 190 190 255 
0.824231 0.483482 -3.53439 190 190 190 255 
0.824231 0.227194 -3.56006 190 190 190 255 
0.780443 -0.285972 -3.53557 190 190 190 255 
0.824231 -0.543417 -3.52567 190 190 190 255 
0.780443 -0.791898 -3.45759 190 190 190 255 
0.780443 -1.03932 -3.39144 190 190 190 255 
0.780443 -1.28132 -3.3076 190 190 190 255 
0.824231 -1.28863 -3.32642 190 190 190 255 
0.780443 -1.51668 -3.20652 190 190 190 255 
0.824231 -1.75402 -3.1063 190 190 190 255 
0.824231 -2.38077 -2.65662 190 190 190 255 
0.780443 -2.55175 -2.46388 190 190 190 255 
0.824231 -2.56626 -2.4779 190 190 190 255 
0.780443 -2.87982 -2.07093 190 190 190 255 
0.824231 -2.89621 -2.08271 190 190 190 255 
0.824231 -3.16581 -1.64415 190 190 190 255 
0.780443 -3.25766 -1.40343 190 190 190 255 
0.824231 -3.36953 -1.17134 190 190 190 255 
0.780443 -3.35045 -1.16471 190 190 190 255 
0.780443 -3.42577 -0.919914 190 190 190 255 
0.780443 -3.4832 -0.67032 190 190 190 255 
0.824231 -3.54253 -0.419607 190 190 190 255 
0.824231 -3.56606 0.0946727 190 190 190 255 
0.824231 -3.54993 0.351744 190 190 190 255 
0.780443 -3.49538 0.603548 190 190 190 255 
0.780443 -3.44274 0.854193 190 190 190 255 
0.824231 -3.46234 0.859054 190 190 190 255 
0.780443 -3.37211 1.10039 190 190 190 255 
0.780443 -3.28393 1.34084 190 190 190 255 
0.780443 -3.17861 1.57431 190 190 190 255 
0.780443 -3.05674 1.79957 190 190 190 255 
0.824231 -3.07414 1.80981 190 190 190 255 
0.824231 -2.93551 2.02691 190 190 190 255 
0.824231 -2.78162 2.23345 190 190 190 255 
0.780443 -2.5984 2.4146 190 190 190 255 
0.780443 -2.41742 2.5958 190 190 190 255 
0.824231 -2.61321 2.42834 190 190 190 255 
0.780443 -2.22379 2.76347 190 190 190 255 
0.780443 -2.01859 2.91673 190 190 190 255 
0.824231 -1.81313 3.07217 190 190 190 255 
0.780443 -1.3444 3.28248 190 190 190 255 
0.824231 -1.58672 3.19499 190 190 190 255 
0.824231 -1.11031 3.39011 190 190 190 255 
0.780443 -1.10404 3.37093 190 190 190 255 
0.780443 -0.857925 3.44181 190 190 190 255 
0.780443 -0.607339 3.49474 190 190 190 255 
0.824231 -0.610774 3.51463 190 190 190 255 
0.824231 -0.355569 3.54954 190 190 190 255 
0.824231 -0.0985242 3.56594 190 190 190 255 
0.780443 0.413438 3.52294 190 190 190 255 
0.824231 0.415785 3.54299 190 190 190 255 
0.780443 0.666567 3.48393 190 190 190 255 
0.824231 0.670358 3.50375 190 190 190 255 
0.780443 1.16108 3.3517 190 190 190 255 
0.824231 1.16769 3.37078 190 190 190 255 
0.780443 1.39993 3.25919 190 190 190 255 
0.780443 1.63143 3.14967 190 190 190 255 
0.824231 1.40787 3.27773 190 190 190 255 
0.780443 1.85446 3.02374 190 190 190 255 
0.824231 1.86501 3.04095 190 190 190 255 
0.823947 3.36815 1.17698 190 190 190 255 
0.825444 3.36882 1.17736 190 190 190 255 
0.863896 3.4358 1.05699 190 190 190 255 
0.824231 3.47642 0.800164 190 190 190 255 
0.824231 3.52507 0.547227 190 190 190 255 
0.824231 3.56715 0.0341319 190 190 190 255 
0.824231 3.42904 -0.983494 190 190 190 255 
0.863896 3.51791 -0.739133 190 190 190 255 
0.863896 3.4554 -0.991051 190 190 190 255 
0.824231 3.25179 -1.46683 190 190 190 255 
0.863896 3.3749 -1.2378 190 190 190 255 
0.824231 3.0068 -1.91961 190 190 190 255 
0.863896 3.16158 -1.71069 190 190 190 255 
0.863896 3.0299 -1.93436 190 190 190 255 
0.824231 2.69918 -2.33242 190 190 190 255 
0.824231 2.52384 -2.5211 190 190 190 255 
0.824231 2.33534 -2.69664 190 190 190 255 
0.863896 2.35329 -2.71737 190 190 190 255 
0.863896 2.15107 -2.88009 190 190 190 255 
0.824231 1.92286 -3.00471 190 190 190 255 
0.824231 1.70103 -3.13563 190 190 190 255 
0.824231 1.23199 -3.34782 190 190 190 255 
0.863896 1.24146 -3.37354 190 190 190 255 
0.824231 0.987191 -3.42799 190 190 190 255 
0.824231 0.737278 -3.49029 190 190 190 255 
0.863896 0.48721 -3.56155 190 190 190 255 
0.824231 -0.0302798 -3.56718 190 190 190 255 
0.863896 -0.0305078 -3.59459 190 190 190 255 
0.863896 -0.289801 -3.58302 190 190 190 255 
0.824231 -0.287599 -3.55569 190 190 190 255 
0.863896 -0.547601 -3.55277 190 190 190 255 
0.824231 -0.796413 -3.47727 190 190 190 255 
0.824231 -1.04523 -3.41074 190 190 190 255 
0.824231 -1.5253 -3.22477 190 190 190 255 
0.824231 -1.97359 -2.97164 190 190 190 255 
0.863896 -2.19965 -2.84316 190 190 190 255 
0.824231 -2.18285 -2.82148 190 190 190 255 
0.863896 -2.39907 -2.67703 190 190 190 255 
0.863896 -2.58597 -2.49694 190 190 190 255 
0.824231 -2.73837 -2.28627 190 190 190 255 
0.863896 -2.75941 -2.30384 190 190 190 255 
0.824231 -3.03893 -1.8683 190 190 190 255 
0.863896 -2.91847 -2.09872 190 190 190 255 
0.824231 -3.27622 -1.41142 190 190 190 255 
0.824231 -3.44525 -0.925148 190 190 190 255 
0.863896 -3.3954 -1.18034 190 190 190 255 
0.863896 -3.47173 -0.932258 190 190 190 255 
0.824231 -3.50302 -0.674135 190 190 190 255 
0.863896 -3.52994 -0.679315 190 190 190 255 
0.824231 -3.56357 -0.162891 190 190 190 255 
0.863896 -3.56976 -0.422832 190 190 190 255 
0.863896 -3.59346 0.0954003 190 190 190 255 
0.824231 -3.51529 0.606982 190 190 190 255 
0.863896 -3.5423 0.611646 190 190 190 255 
0.824231 -3.3913 1.10665 190 190 190 255 
0.824231 -3.30263 1.34847 190 190 190 255 
0.863896 -3.328 1.35884 190 190 190 255 
0.824231 -3.19672 1.58327 190 190 190 255 
0.863896 -3.22126 1.59544 190 190 190 255 
0.863896 -3.09776 1.82372 190 190 190 255 
0.863896 -2.95809 2.04249 190 190 190 255 
0.824231 -2.43118 2.61057 190 190 190 255 
0.863896 -2.44984 2.63064 190 190 190 255 
0.824231 -2.23646 2.7792 190 190 190 255 
0.824231 -2.03009 2.93333 190 190 190 255 
0.863896 -1.36242 3.32653 190 190 190 255 
0.824231 -1.35204 3.30116 190 190 190 255 
0.824231 -0.862806 3.46139 190 190 190 255 
0.863896 -0.869429 3.48799 190 190 190 255 
0.863896 -0.0992806 3.59335 190 190 190 255 
0.824231 0.159052 3.56376 190 190 190 255 
0.863896 0.418977 3.57022 190 190 190 255 
0.824231 0.921415 3.44625 190 190 190 255 
0.863896 1.17668 3.39668 190 190 190 255 
0.824231 1.64072 3.1676 190 190 190 255 
0.865148 3.39325 1.1912 190 190 190 255 
0.863896 3.50313 0.806313 190 190 190 255 
0.863896 3.55218 0.551434 190 190 190 255 
0.863896 3.5827 0.293679 190 190 190 255 
0.898257 3.6164 0.296442 190 190 190 255 
0.863896 3.59456 0.0343942 190 190 190 255 
0.863896 3.58766 -0.225071 190 190 190 255 
0.898257 3.62144 -0.227188 190 190 190 255 
0.863896 3.56208 -0.483362 190 190 190 255 
0.898257 3.59559 -0.487911 190 190 190 255 
0.898257 3.55102 -0.746088 190 190 190 255 
0.863896 3.27677 -1.4781 190 190 190 255 
0.898257 3.19132 -1.72679 190 190 190 255 
0.898257 3.0584 -1.95257 190 190 190 255 
0.863896 2.8824 -2.14795 190 190 190 255 
0.863896 2.71991 -2.35034 190 190 190 255 
0.863896 2.54322 -2.54048 190 190 190 255 
0.898257 2.37541 -2.74294 190 190 190 255 
0.863896 1.93765 -3.0278 190 190 190 255 
0.898257 2.1713 -2.90719 190 190 190 255 
0.898257 1.95586 -3.05629 190 190 190 255 
0.863896 1.71411 -3.15972 190 190 190 255 
0.898257 1.73024 -3.18945 190 190 190 255 
0.863896 1.48165 -3.27517 190 190 190 255 
0.863896 0.994786 -3.45433 190 190 190 255 
0.863896 0.742928 -3.51711 190 190 190 255 
0.898257 0.749923 -3.5502 190 190 190 255 
0.898257 0.49181 -3.59506 190 190 190 255 
0.863896 0.228963 -3.58742 190 190 190 255 
0.898257 0.231098 -3.62118 190 190 190 255 
0.898257 -0.292533 -3.61673 190 190 190 255 
0.863896 -0.802527 -3.50399 190 190 190 255 
0.898257 -0.810072 -3.53696 190 190 190 255 
0.863896 -1.05328 -3.43695 190 190 190 255 
0.863896 -1.29853 -3.35199 190 190 190 255 
0.898257 -1.06319 -3.46929 190 190 190 255 
0.898257 -1.31075 -3.38353 190 190 190 255 
0.863896 -1.537 -3.24955 190 190 190 255 
0.863896 -1.7675 -3.13017 190 190 190 255 
0.898257 -1.78413 -3.15963 190 190 190 255 
0.863896 -1.98875 -2.99447 190 190 190 255 
0.898257 -2.00747 -3.02265 190 190 190 255 
0.898257 -2.22032 -2.86992 190 190 190 255 
0.898257 -2.61031 -2.52044 190 190 190 255 
0.898257 -2.78536 -2.32551 190 190 190 255 
0.863896 -3.06229 -1.88266 190 190 190 255 
0.863896 -3.19016 -1.65678 190 190 190 255 
0.898257 -3.09111 -1.90037 190 190 190 255 
0.863896 -3.30137 -1.42227 190 190 190 255 
0.898257 -3.33245 -1.43565 190 190 190 255 
0.898257 -3.42735 -1.19145 190 190 190 255 
0.898257 -3.5044 -0.94103 190 190 190 255 
0.898257 -3.56317 -0.685708 190 190 190 255 
0.898257 -3.60336 -0.426811 190 190 190 255 
0.863896 -3.59096 -0.164143 190 190 190 255 
0.898257 -3.62475 -0.165687 190 190 190 255 
0.898257 -3.62726 0.0962987 190 190 190 255 
0.863896 -3.5772 0.354448 190 190 190 255 
0.898257 -3.61086 0.357783 190 190 190 255 
0.863896 -3.48892 0.865657 190 190 190 255 
0.863896 -3.41739 1.11515 190 190 190 255 
0.898257 -3.35932 1.37162 190 190 190 255 
0.898257 -3.1269 1.84088 190 190 190 255 
0.863896 -2.803 2.25061 190 190 190 255 
0.898257 -2.9859 2.06171 190 190 190 255 
0.898257 -2.82936 2.27179 190 190 190 255 
0.863896 -2.63329 2.447 190 190 190 255 
0.898257 -2.65805 2.47003 190 190 190 255 
0.863896 -2.25364 2.80055 190 190 190 255 
0.863896 -2.04569 2.95587 190 190 190 255 
0.863896 -1.82705 3.09578 190 190 190 255 
0.863896 -1.59891 3.21955 190 190 190 255 
0.863896 -1.11884 3.41617 190 190 190 255 
0.863896 -0.615479 3.54164 190 190 190 255 
0.898257 -0.621262 3.57496 190 190 190 255 
0.863896 -0.358318 3.57682 190 190 190 255 
0.898257 -0.361672 3.61047 190 190 190 255 
0.863896 0.160266 3.59114 190 190 190 255 
0.898257 0.422909 3.60381 190 190 190 255 
0.863896 0.675506 3.53068 190 190 190 255 
0.863896 0.928496 3.47273 190 190 190 255 
0.898257 0.937251 3.50541 190 190 190 255 
0.898257 1.18774 3.42864 190 190 190 255 
0.863896 1.41869 3.30292 190 190 190 255 
0.898257 1.43204 3.334 190 190 190 255 
0.863896 1.65332 3.19194 190 190 190 255 
0.863896 1.87936 3.06432 190 190 190 255 
0.898257 3.46813 1.06693 190 190 190 255 
0.898257 3.5361 0.8139 190 190 190 255 
0.926291 3.57431 0.822699 190 190 190 255 
0.898257 3.5856 0.556622 190 190 190 255 
0.926291 3.62435 0.562639 190 190 190 255 
0.898257 3.62839 0.0347179 190 190 190 255 
0.926291 3.66057 -0.229645 190 190 190 255 
0.898257 3.48792 -1.00038 190 190 190 255 
0.898257 3.40664 -1.24945 190 190 190 255 
0.926291 3.52564 -1.01119 190 190 190 255 
0.926291 3.44349 -1.26296 190 190 190 255 
0.898257 3.30761 -1.49201 190 190 190 255 
0.926291 3.34338 -1.50814 190 190 190 255 
0.926291 3.22581 -1.74546 190 190 190 255 
0.898257 2.90952 -2.16816 190 190 190 255 
0.898257 2.74551 -2.37246 190 190 190 255 
0.926291 2.77519 -2.39811 190 190 190 255 
0.898257 2.56716 -2.56438 190 190 190 255 
0.926291 2.59491 -2.59211 190 190 190 255 
0.926291 1.977 -3.08933 190 190 190 255 
0.898257 1.49557 -3.30599 190 190 190 255 
0.926291 1.74895 -3.22394 190 190 190 255 
0.898257 1.25313 -3.40529 190 190 190 255 
0.898257 1.00414 -3.48684 190 190 190 255 
0.926291 1.01502 -3.52453 190 190 190 255 
0.926291 0.497109 -3.63393 190 190 190 255 
0.898257 -0.0307863 -3.62841 190 190 190 255 
0.926291 -0.0311383 -3.66764 190 190 190 255 
0.898257 -0.552735 -3.5862 190 190 190 255 
0.926291 -1.32491 -3.42011 190 190 190 255 
0.898257 -1.55148 -3.28013 190 190 190 255 
0.926291 -1.56826 -3.31559 190 190 190 255 
0.926291 -1.8034 -3.19379 190 190 190 255 
0.898257 -2.42164 -2.70222 190 190 190 255 
0.926291 -2.24436 -2.90095 190 190 190 255 
0.926291 -2.63854 -2.54769 190 190 190 255 
0.926291 -2.97776 -2.14137 190 190 190 255 
0.898257 -2.94593 -2.11847 190 190 190 255 
0.898257 -3.22016 -1.67237 190 190 190 255 
0.926291 -3.36849 -1.45117 190 190 190 255 
0.926291 -3.46442 -1.20433 190 190 190 255 
0.926291 -3.54227 -0.951203 190 190 190 255 
0.898257 -3.57564 0.617401 190 190 190 255 
0.898257 -3.52176 0.873802 190 190 190 255 
0.926291 -3.55983 0.88325 190 190 190 255 
0.898257 -3.44954 1.12565 190 190 190 255 
0.926291 -3.39562 1.38645 190 190 190 255 
0.898257 -3.2516 1.61045 190 190 190 255 
0.898257 -2.4729 2.65539 190 190 190 255 
0.926291 -2.49963 2.6841 190 190 190 255 
0.898257 -2.27485 2.82691 190 190 190 255 
0.926291 -2.29943 2.85747 190 190 190 255 
0.898257 -2.06494 2.98369 190 190 190 255 
0.898257 -1.84425 3.12491 190 190 190 255 
0.926291 -1.86421 3.15869 190 190 190 255 
0.898257 -1.61396 3.24984 190 190 190 255 
0.898257 -1.37526 3.35783 190 190 190 255 
0.926291 -1.39012 3.39413 190 190 190 255 
0.898257 -1.12937 3.44831 190 190 190 255 
0.898257 -0.877603 3.52082 190 190 190 255 
0.926291 -0.887098 3.55888 190 190 190 255 
0.926291 -0.627982 3.61361 190 190 190 255 
0.926291 -0.365607 3.64951 190 190 190 255 
0.898257 -0.100225 3.62716 190 190 190 255 
0.926291 -0.101305 3.66637 190 190 190 255 
0.898257 0.161769 3.62494 190 190 190 255 
0.898257 0.681844 3.5639 190 190 190 255 
0.898257 1.6689 3.22198 190 190 190 255 
0.926291 1.44754 3.37005 190 190 190 255 
0.926291 1.68694 3.25681 190 190 190 255 
0.898257 1.89703 3.09316 190 190 190 255 
0.93339 1.98338 3.10204 190 190 190 255 
1.10343 2.0454 3.21235 190 190 190 255 
1.0069 3.50746 1.53799 190 190 190 255 
1.00939 3.51118 1.54175 190 190 190 255 
1.01794 3.50526 1.54192 190 190 190 255 
0.806097 3.79398 1.70993 190 190 190 255 
0.402462 3.52928 1.49948 190 190 190 255 
0.403667 3.53086 1.49666 190 190 190 255 
0.383864 3.51829 1.5285 190 190 190 255 
0.391791 3.51878 1.51799 190 190 190 255 
0.373655 3.51 1.53353 190 190 190 255 
0.336697 3.50345 1.54513 190 190 190 255 
0.342881 3.56036 1.57735 190 190 190 255 
0.359234 3.61082 1.60592 190 190 190 255 
0.348592 3.60153 1.60097 190 190 190 255 
0.371201 3.64766 1.62709 190 190 190 255 
0.385312 3.65808 1.63267 190 190 190 255 
0.440209 3.72713 1.67207 190 190 190 255 
0.463273 3.73752 1.67764 190 190 190 255 
0.459827 3.74101 1.67993 190 190 190 255 
0.567546 3.78928 1.70694 190 190 190 255 
0.512834 3.76734 1.69451 190 190 190 255 
0.534383 3.78329 1.70387 190 190 190 255 
0.625779 3.80272 1.71454 190 190 190 255 
0.624858 3.80729 1.71745 190 190 190 255 
0.565733 3.79358 1.70968 190 190 190 255 
0.746849 3.80755 1.71759 190 190 190 255 
0.701952 3.81247 1.72038 190 190 190 255 
0.813771 3.79201 1.70881 190 190 190 255 
0.804054 3.78928 1.70694 190 190 190 255 
0.861878 3.7719 1.69742 190 190 190 255 
0.865593 3.77037 1.69655 190 190 190 255 
0.912397 3.74179 1.68038 190 190 190 255 
0.956003 3.70415 1.65907 190 190 190 255 
0.986288 3.65808 1.63267 190 190 190 255 
0.991423 3.66062 1.63443 190 190 190 255 
1.01408 3.62225 1.6127 190 190 190 255 
1.01237 3.61082 1.60592 190 190 190 255 
1.01774 3.61248 1.60718 190 190 190 255 
1.04121 3.50816 1.54812 190 190 190 255 
1.0414 3.50329 1.54537 190 190 190 255 
1.03486 3.5082 1.54783 190 190 190 255 
0.987542 3.51431 1.52593 190 190 190 255 
0.979809 3.51878 1.51799 190 190 190 255 
0.967898 3.53474 1.49884 190 190 190 255 
0.4064 3.54083 1.47905 190 190 190 255 
0.406092 3.5411 1.4875 190 190 190 255 
0.406434 3.54465 1.48122 190 190 190 255 
0.411349 3.58639 1.50485 190 190 190 255 
0.411013 3.58289 1.51116 190 190 190 255 
0.445014 3.66119 1.55548 190 190 190 255 
0.473343 3.69874 1.56845 190 190 190 255 
0.507704 3.72818 1.58511 190 190 190 255 
0.473082 3.69539 1.57483 190 190 190 255 
0.507486 3.72486 1.59152 190 190 190 255 
0.591157 3.7696 1.60856 190 190 190 255 
0.591041 3.76633 1.615 190 190 190 255 
0.637763 3.78035 1.61465 190 190 190 255 
0.637704 3.77711 1.62109 190 190 190 255 
0.6858 3.78074 1.62314 190 190 190 255 
0.780443 3.7696 1.60856 190 190 190 255 
0.824231 3.75203 1.59861 190 190 190 255 
0.864114 3.72486 1.59152 190 190 190 255 
0.898518 3.69539 1.57483 190 190 190 255 
0.926586 3.66119 1.55548 190 190 190 255 
0.960587 3.58289 1.51116 190 190 190 255 
0.965508 3.5411 1.4875 190 190 190 255 
0.962936 3.57688 1.5227 190 190 190 255 
0.94972 3.61765 1.54578 190 190 190 255 
0.947483 3.62335 1.53405 190 190 190 255 
0.825585 3.74415 1.61739 190 190 190 255 
0.824401 3.74874 1.60504 190 190 190 255 
0.781369 3.76189 1.62743 190 190 190 255 
0.734307 3.77273 1.63357 190 190 190 255 
0.780559 3.76633 1.615 190 190 190 255 
0.733896 3.77711 1.62109 190 190 190 255 
0.637293 3.77273 1.63357 190 190 190 255 
0.590231 3.76189 1.62743 190 190 190 255 
0.547199 3.74874 1.60504 190 190 190 255 
0.442956 3.65585 1.56741 190 190 190 255 
0.42188 3.61765 1.54578 190 190 190 255 
0.424117 3.62335 1.53405 190 190 190 255 
0.408664 3.57688 1.5227 190 190 190 255 
0.403702 3.53474 1.49884 190 190 190 255 
0.954028 3.61296 1.55738 190 190 190 255 
0.928644 3.65585 1.56741 190 190 190 255 
0.900336 3.69034 1.58692 190 190 190 255 
0.827867 3.74151 1.63015 190 190 190 255 
0.865638 3.72004 1.60375 190 190 190 255 
0.735099 3.77058 1.6466 190 190 190 255 
0.6858 3.77641 1.63564 190 190 190 255 
0.543733 3.74151 1.63015 190 190 190 255 
0.546015 3.74415 1.61739 190 190 190 255 
0.503026 3.71702 1.61629 190 190 190 255 
0.505962 3.72004 1.60375 190 190 190 255 
0.471264 3.69034 1.58692 190 190 190 255 
0.438992 3.65179 1.57935 190 190 190 255 
0.417572 3.61296 1.55738 190 190 190 255 
0.404141 3.57151 1.53392 190 190 190 255 
0.972503 3.52868 1.50967 190 190 190 255 
0.979183 3.52314 1.51965 190 190 190 255 
0.967459 3.57151 1.53392 190 190 190 255 
0.960277 3.60939 1.56848 190 190 190 255 
0.932608 3.65179 1.57935 190 190 190 255 
0.938358 3.64912 1.59097 190 190 190 255 
0.903838 3.68683 1.59919 190 190 190 255 
0.872832 3.71589 1.62876 190 190 190 255 
0.868574 3.71702 1.61629 190 190 190 255 
0.831177 3.74093 1.64294 190 190 190 255 
0.785192 3.75939 1.65339 190 190 190 255 
0.782929 3.75954 1.64035 190 190 190 255 
0.6858 3.77429 1.6487 190 190 190 255 
0.635353 3.77069 1.65978 190 190 190 255 
0.636501 3.77058 1.6466 190 190 190 255 
0.586408 3.75939 1.65339 190 190 190 255 
0.588671 3.75954 1.64035 190 190 190 255 
0.540423 3.74093 1.64294 190 190 190 255 
0.467763 3.68683 1.59919 190 190 190 255 
0.397578 3.56699 1.54447 190 190 190 255 
0.392417 3.52314 1.51965 190 190 190 255 
0.399097 3.52868 1.50967 190 190 190 255 
0.397958 3.52385 1.50909 190 190 190 255 
0.399062 3.52477 1.50745 190 190 190 255 
0.974022 3.56699 1.54447 190 190 190 255 
0.968279 3.60706 1.57875 190 190 190 255 
0.908917 3.68497 1.61126 190 190 190 255 
0.78809 3.76143 1.66613 190 190 190 255 
0.737718 3.77305 1.67271 190 190 190 255 
0.736247 3.77069 1.65978 190 190 190 255 
0.6858 3.77449 1.66193 190 190 190 255 
0.633882 3.77305 1.67271 190 190 190 255 
0.58351 3.76143 1.66613 190 190 190 255 
0.498768 3.71589 1.62876 190 190 190 255 
0.462683 3.68497 1.61126 190 190 190 255 
0.425879 3.64795 1.60189 190 190 190 255 
0.433242 3.64912 1.59097 190 190 190 255 
0.403321 3.60706 1.57875 190 190 190 255 
0.411323 3.60939 1.56848 190 190 190 255 
0.997906 3.51426 1.53594 190 190 190 255 
0.987736 3.51829 1.5285 190 190 190 255 
0.982425 3.56341 1.55404 190 190 190 255 
0.977794 3.60601 1.58788 190 190 190 255 
0.954476 3.64829 1.6118 190 190 190 255 
0.945721 3.64795 1.60189 190 190 190 255 
0.915423 3.68484 1.62278 190 190 190 255 
0.923157 3.68643 1.6334 190 190 190 255 
0.878285 3.71666 1.64079 190 190 190 255 
0.835415 3.74242 1.65538 190 190 190 255 
0.840455 3.74595 1.6671 190 190 190 255 
0.6858 3.77697 1.67493 190 190 190 255 
0.632133 3.7776 1.68501 190 190 190 255 
0.580065 3.76557 1.67821 190 190 190 255 
0.531145 3.74595 1.6671 190 190 190 255 
0.536185 3.74242 1.65538 190 190 190 255 
0.493315 3.71666 1.64079 190 190 190 255 
0.456177 3.68484 1.62278 190 190 190 255 
0.417124 3.64829 1.6118 190 190 190 255 
0.393806 3.60601 1.58788 190 190 190 255 
0.373694 3.51426 1.53594 190 190 190 255 
0.389175 3.56341 1.55404 190 190 190 255 
0.997945 3.51 1.53353 190 190 190 255 
1.00369 3.55954 1.56912 190 190 190 255 
0.992416 3.56092 1.56234 190 190 190 255 
0.988533 3.60632 1.5956 190 190 190 255 
0.892087 3.72377 1.66209 190 190 190 255 
0.884768 3.71929 1.65201 190 190 190 255 
0.795424 3.77173 1.68925 190 190 190 255 
0.791535 3.76557 1.67821 190 190 190 255 
0.741441 3.7842 1.6963 190 190 190 255 
0.739467 3.7776 1.68501 190 190 190 255 
0.6858 3.78166 1.6873 190 190 190 255 
0.630159 3.7842 1.6963 190 190 190 255 
0.479513 3.72377 1.66209 190 190 190 255 
0.486831 3.71929 1.65201 190 190 190 255 
0.448443 3.68643 1.6334 190 190 190 255 
0.439713 3.68966 1.64279 190 190 190 255 
0.367907 3.55954 1.56912 190 190 190 255 
0.379184 3.56092 1.56234 190 190 190 255 
0.362215 3.51118 1.54175 190 190 190 255 
0.364696 3.50746 1.53799 190 190 190 255 
1.00943 3.50677 1.53925 190 190 190 255 
1.02183 3.50915 1.54575 190 190 190 255 
0.964358 3.65014 1.6204 190 190 190 255 
0.975069 3.65344 1.62743 190 190 190 255 
0.931887 3.68966 1.64279 190 190 190 255 
0.852309 3.7586 1.68696 190 190 190 255 
0.846143 3.75139 1.67773 190 190 190 255 
0.79964 3.77973 1.69892 190 190 190 255 
0.6858 3.7884 1.69868 190 190 190 255 
0.62802 3.79266 1.70625 190 190 190 255 
0.576176 3.77173 1.68925 190 190 190 255 
0.525457 3.75139 1.67773 190 190 190 255 
0.471581 3.72988 1.67072 190 190 190 255 
0.396531 3.65344 1.62743 190 190 190 255 
0.407242 3.65014 1.6204 190 190 190 255 
0.371425 3.60794 1.60167 190 190 190 255 
0.355683 3.55937 1.57418 190 190 190 255 
0.383067 3.60632 1.5956 190 190 190 255 
0.349772 3.50915 1.54575 190 190 190 255 
0.353663 3.50526 1.54192 190 190 190 255 
0.362175 3.50677 1.53925 190 190 190 255 
1.02872 3.56036 1.57735 190 190 190 255 
1.01592 3.55937 1.57418 190 190 190 255 
1.00017 3.60794 1.60167 190 190 190 255 
0.95126 3.70074 1.65682 190 190 190 255 
0.94135 3.6945 1.65067 190 190 190 255 
0.908327 3.73752 1.67764 190 190 190 255 
0.900019 3.72988 1.67072 190 190 190 255 
0.858766 3.76734 1.69451 190 190 190 255 
0.745821 3.80272 1.71454 190 190 190 255 
0.74358 3.79266 1.70625 190 190 190 255 
0.6858 3.80724 1.71711 190 190 190 255 
0.6858 3.797 1.70871 190 190 190 255 
0.57196 3.77973 1.69892 190 190 190 255 
0.519291 3.7586 1.68696 190 190 190 255 
0.42034 3.70074 1.65682 190 190 190 255 
0.43025 3.6945 1.65067 190 190 190 255 
0.33674 3.5082 1.54783 190 190 190 255 
0.34973 3.50457 1.54315 190 190 190 255 
0.248064 2.04634 3.21381 190 190 190 255 
0.248064 2.03631 3.22018 190 190 190 255 
0.31166 2.03631 3.22018 190 190 190 255 
0.4064 3.64587 1.10618 190 190 190 255 
0.248064 3.63339 1.14656 190 190 190 255 
0.4064 3.63508 1.17179 190 190 190 255 
0.0381 -1.43065 3.47635 190 190 190 255 
0.0381 -1.40523 3.48608 190 190 190 255 
0.0381 -2.08816 3.12592 190 190 190 255 
0.0381 1.46543 2.59256 190 190 190 255 
0.0381 2.62461 3.07183 190 190 190 255 
0.0381 1.4694 2.7065 190 190 190 255 
0.0381 -0.532837 3.72124 190 190 190 255 
0.0381 -0.668822 3.69833 190 190 190 255 
0.0381 0.293819 3.0656 190 190 190 255 
0.0381 0.233404 2.9689 190 190 190 255 
0.0381 0.190742 2.86319 190 190 190 255 
0.0381 -1.60122 3.40116 190 190 190 255 
0.0381 -2.38795 2.90333 190 190 190 255 
0.0381 -2.08339 3.12894 190 190 190 255 
0.0381 -1.7534 3.32481 190 190 190 255 
0.0381 0.829037 0.191609 190 190 190 255 
0.0381 1.44176 2.48103 190 190 190 255 
0.0381623 3.3156 1.87693 190 190 190 255 
0.0381 1.39907 2.37532 190 190 190 255 
0.0381 1.33868 2.27862 190 190 190 255 
0.0381 -3.64848 -0.901447 190 190 190 255 
0.0381 2.5066 3.0538 190 190 190 255 
0.0381 2.50689 3.05384 190 190 190 255 
0.0381 1.20973 3.19455 190 190 190 255 
0.0381 0.459888 3.22056 190 190 190 255 
0.0381 -1.07889 3.60106 190 190 190 255 
0.0381 -0.898888 3.65018 190 190 190 255 
0.0381 -0.511923 -0.679682 190 190 190 255 
0.0381 2.33312 3.05892 190 190 190 255 
0.0381 3.74191 0.360121 190 190 190 255 
0.0381 3.58712 1.22224 190 190 190 255 
0.0381 3.58418 1.17155 190 190 190 255 
0.0381 0.740478 0.41918 190 190 190 255 
0.0381 0.713518 0.463604 190 190 190 255 
0.0381 -2.92978 2.35455 190 190 190 255 
0.0381 0.1631 2.63772 190 190 190 255 
0.0381 -2.79216 2.51702 190 190 190 255 
0.0381 -3.15439 2.04348 190 190 190 255 
0.0381 -3.75032 0.241007 190 190 190 255 
0.0381 -0.844578 0.103497 190 190 190 255 
0.0381 -3.72351 0.516887 190 190 190 255 
0.0381 -3.75233 -0.227606 190 190 190 255 
0.0381 -0.849726 -0.0447363 190 190 190 255 
0.0381 -3.73639 -0.413486 190 190 190 255 
0.0381 -3.72128 -0.524755 190 190 190 255 
0.0381 2.48905 -2.81717 190 190 190 255 
0.0381 3.75088 0.234576 190 190 190 255 
0.0381 3.7552 0.174076 190 190 190 255 
0.0381 3.75919 -0.0122001 190 190 190 255 
0.0381 3.75532 -0.149072 190 190 190 255 
0.0381 3.75392 -0.198995 190 190 190 255 
0.0381 2.00917 3.17724 190 190 190 255 
0.0381 2.08516 3.13464 190 190 190 255 
0.0381 1.45349 2.81939 190 190 190 255 
0.0381 2.09383 3.13093 190 190 190 255 
0.0381 1.29448 3.11829 190 190 190 255 
0.0381 1.64713 3.37918 190 190 190 255 
0.0381 1.91946 3.23122 190 190 190 255 
0.0381287 3.36358 1.78707 190 190 190 255 
0.0381 3.45766 1.60018 190 190 190 255 
0.0381 3.61731 1.31819 190 190 190 255 
0.0381 0.622162 0.580461 190 190 190 255 
0.0381 3.61237 1.30609 190 190 190 255 
0.0381 3.5982 1.27144 190 190 190 255 
0.0381 3.58507 1.1636 190 190 190 255 
0.0381 3.58977 1.1214 190 190 190 255 
0.0381 3.59132 1.11516 190 190 190 255 
0.0381 3.62519 0.990521 190 190 190 255 
0.0381 -3.02784 2.22801 190 190 190 255 
0.0381 0.214264 2.41641 190 190 190 255 
0.0381 0.247072 2.34991 190 190 190 255 
0.0381 -0.679678 0.511922 190 190 190 255 
0.0381 0.267791 2.31576 190 190 190 255 
0.0381 -3.60556 1.06378 190 190 190 255 
0.0381 -3.4824 1.41578 190 190 190 255 
0.0381 -0.758258 0.386119 190 190 190 255 
0.0381 -3.34619 1.71116 190 190 190 255 
0.0381 -3.69329 0.700858 190 190 190 255 
0.0381 -0.813778 0.248584 190 190 190 255 
0.0381 -3.65388 0.883581 190 190 190 255 
0.0381 -3.62355 0.996765 190 190 190 255 
0.0381 -3.677 -0.78198 190 190 190 255 
0.0381 -0.829042 -0.191609 190 190 190 255 
0.0381 -3.71121 -0.598701 190 190 190 255 
0.0381 -3.45057 -1.49179 190 190 190 255 
0.0381 -3.53764 -1.26876 190 190 190 255 
0.0381 -3.63374 -0.963243 190 190 190 255 
0.0381 -0.713522 -0.463605 190 190 190 255 
0.0381 -2.32348 -2.95521 190 190 190 255 
0.0381 2.2265 3.08186 190 190 190 255 
0.0381 2.24752 3.07544 190 190 190 255 
0.0381 1.12725 3.58624 190 190 190 255 
0.0381 1.22401 3.55315 190 190 190 255 
0.0381 0.560537 3.27411 190 190 190 255 
0.0381 0.0952836 3.75691 190 190 190 255 
0.0381 0.397842 3.73812 190 190 190 255 
0.0381 0.422768 2.14967 190 190 190 255 
0.0381 -0.332672 0.783177 190 190 190 255 
0.0381 0.338026 2.22594 190 190 190 255 
0.0381 -0.580463 0.62217 190 190 190 255 
0.0381 -3.38995 -1.62288 190 190 190 255 
0.0381 -3.3723 -1.66113 190 190 190 255 
0.0381 -3.28554 -1.8267 190 190 190 255 
0.0381 -0.765504 -3.67946 190 190 190 255 
0.0381 0.846745 -3.66263 190 190 190 255 
0.0381 1.02739 -3.6161 190 190 190 255 
0.0381 0.191595 -0.829046 190 190 190 255 
0.0381 0.332668 -0.783177 190 190 190 255 
0.0381 2.4615 -2.84031 190 190 190 255 
0.0381 0.463595 -0.713514 190 190 190 255 
0.0381 2.62557 -2.69038 190 190 190 255 
0.0381 0.580458 -0.62217 190 190 190 255 
0.0381 2.73837 -2.57466 190 190 190 255 
0.0381 0.679674 -0.511922 190 190 190 255 
0.0381 3.38479 -1.63551 190 190 190 255 
0.0381 0.758254 -0.386119 190 190 190 255 
0.0381 3.20621 -1.96262 190 190 190 255 
0.0381 3.20408 -1.9659 190 190 190 255 
0.0381 3.53038 -1.29159 190 190 190 255 
0.0381 3.38776 -1.62897 190 190 190 255 
0.0381 3.64733 -0.907806 190 190 190 255 
0.0381 3.71576 -0.56993 190 190 190 255 
0.0381 1.26242 2.19388 190 190 190 255 
0.0381 -3.75638 0.145316 190 190 190 255 
0.0381 -2.46714 -2.83634 190 190 190 255 
0.0381 -1.49609 -3.44795 190 190 190 255 
0.0381 -1.35382 -3.50696 190 190 190 255 
0.0381 -0.635438 -3.70512 190 190 190 255 
0.0381 -0.818731 -3.66896 190 190 190 255 
0.0381 -1.13671 -3.58238 190 190 190 255 
0.0381 0.293837 -3.74772 190 190 190 255 
0.0381 -0.00321759 -3.75809 190 190 190 255 
0.0381 1.38094 -3.49639 190 190 190 255 
0.0381 1.20585 -3.56055 190 190 190 255 
0.0381 1.83405 -3.28032 190 190 190 255 
0.0381 1.72056 -3.34233 190 190 190 255 
0.0381 3.64092 -0.935643 190 190 190 255 
0.0381 3.59005 -1.11509 190 190 190 255 
0.0381 -2.60509 -2.71021 190 190 190 255 
0.0381 -1.52648 -3.43534 190 190 190 255 
0.0381 -1.69503 -3.3554 190 190 190 255 
0.0381 -0.0786772 -3.75838 190 190 190 255 
0.0381 0.0447489 -0.849723 190 190 190 255 
0.0381 -0.103486 -0.844582 190 190 190 255 
0.0381 0.511919 0.679681 190 190 190 255 
0.0381 0.519448 2.08928 190 190 190 255 
0.0381 0.248592 0.81378 190 190 190 255 
0.0381 0.759145 -3.68059 190 190 190 255 
0.0381 0.664223 -3.70006 190 190 190 255 
0.0381 0.379943 -3.7388 190 190 190 255 
0.9652 3.64587 1.10618 190 190 190 255 
0.9652 3.64615 1.25451 190 190 190 255 
0.9652 3.63717 1.21361 190 190 190 255 
0.9652 3.63339 1.14656 190 190 190 255 
1.01313 1.98628 3.2129 190 190 190 255 
0.948827 1.97032 3.14373 190 190 190 255 
0.939226 -0.101976 3.69047 190 190 190 255 
1.12354 2.04634 3.21381 190 190 190 255 
1.12354 2.03631 3.22018 190 190 190 255 
1.12354 1.693 3.41094 190 190 190 255 
1.12354 1.50968 3.49814 190 190 190 255 
1.10337 1.50928 3.49722 190 190 190 255 
1.12354 1.3326 3.56699 190 190 190 255 
1.12354 1.25003 3.5991 190 190 190 255 
1.12354 0.983704 3.68082 190 190 190 255 
1.12354 0.573571 3.764 190 190 190 255 
1.10337 0.711897 3.74188 190 190 190 255 
1.10337 0.983427 3.67985 190 190 190 255 
1.12354 0.712084 3.74286 190 190 190 255 
1.10337 -0.119608 3.80712 190 190 190 255 
1.12354 0.158946 3.80668 190 190 190 255 
1.12354 0.182949 3.8048 190 190 190 255 
1.10337 0.436587 3.7839 190 190 190 255 
1.12354 -1.35767 3.5572 190 190 190 255 
1.12354 -1.47349 3.51354 190 190 190 255 
1.12354 -1.72628 3.39648 190 190 190 255 
1.10337 -1.96933 3.26039 190 190 190 255 
1.12354 -1.96985 3.26125 190 190 190 255 
1.12354 -2.05767 3.20373 190 190 190 255 
1.10337 -2.20231 3.10777 190 190 190 255 
1.12354 -2.37711 2.9753 190 190 190 255 
1.10337 -2.42352 2.93853 190 190 190 255 
1.10337 -2.63177 2.75359 190 190 190 255 
1.10337 -3.16802 2.11475 190 190 190 255 
1.12354 -3.00581 2.34121 190 190 190 255 
1.12354 -2.93566 2.42476 190 190 190 255 
1.12354 -3.16886 2.1153 190 190 190 255 
1.12354 -3.37007 1.7719 190 190 190 255 
1.10337 -3.31407 1.8776 190 190 190 255 
1.12354 -3.31493 1.8781 190 190 190 255 
1.10337 -3.55235 1.37451 190 190 190 255 
1.12354 -3.5533 1.37487 190 190 190 255 
1.12354 -3.44331 1.63084 190 190 190 255 
1.12354 -3.66215 1.04409 190 190 190 255 
1.12354 -3.79963 0.271761 190 190 190 255 
1.10337 -3.79781 0.291629 190 190 190 255 
1.10337 -3.76636 0.568364 190 190 190 255 
1.12354 -3.71572 0.842284 190 190 190 255 
1.10337 -3.80897 0.0133335 190 190 190 255 
1.12354 -3.80076 -0.265103 190 190 190 255 
1.12354 -3.7744 -0.512426 190 190 190 255 
1.10337 -3.77024 -0.541983 190 190 190 255 
1.12354 -3.65195 -1.08601 190 190 190 255 
1.12354 -3.56282 -1.34996 190 190 190 255 
1.12354 -3.32802 -1.85484 190 190 190 255 
1.12354 -3.45464 -1.6067 190 190 190 255 
1.12354 -3.02213 -2.32011 190 190 190 255 
1.12354 -3.18357 -2.09307 190 190 190 255 
1.10337 -2.84377 -2.53407 190 190 190 255 
1.12354 -2.77586 -2.60632 190 190 190 255 
1.12354 -2.84451 -2.53474 190 190 190 255 
1.12354 -2.18353 -3.12041 190 190 190 255 
1.10337 -2.44403 -2.9215 190 190 190 255 
1.12354 -1.99265 -3.24738 190 190 190 255 
1.10337 -1.74954 -3.38341 190 190 190 255 
1.10337 -1.49765 -3.50221 190 190 190 255 
1.10337 -1.23772 -3.60229 190 190 190 255 
1.12354 -0.971451 -3.68407 190 190 190 255 
1.12354 -0.748747 -3.73416 190 190 190 255 
1.12354 -0.69964 -3.74521 190 190 190 255 
1.10337 -0.423981 -3.78532 190 190 190 255 
1.10337 -0.146263 -3.80619 190 190 190 255 
1.12354 0.132288 -3.8077 190 190 190 255 
1.10337 0.132265 -3.8067 190 190 190 255 
1.10337 0.957656 -3.68665 190 190 190 255 
1.12354 0.811388 -3.72001 190 190 190 255 
1.12354 0.4242 -3.78582 190 190 190 255 
1.12354 0.410191 -3.78786 190 190 190 255 
1.10337 1.22446 -3.60682 190 190 190 255 
1.12354 1.19064 -3.61798 190 190 190 255 
1.10337 1.73712 -3.38982 190 190 190 255 
1.10337 1.48476 -3.5077 190 190 190 255 
1.12354 1.48514 -3.50862 190 190 190 255 
1.10337 2.21263 -3.10043 190 190 190 255 
1.12354 2.21321 -3.10125 190 190 190 255 
1.12354 1.98069 -3.25468 190 190 190 255 
1.12354 1.90607 -3.29643 190 190 190 255 
1.12354 1.73756 -3.39072 190 190 190 255 
1.12354 1.55644 -3.47531 190 190 190 255 
1.10337 2.43327 -2.93046 190 190 190 255 
1.12354 2.54071 -2.83576 190 190 190 255 
1.10337 2.64091 -2.74482 190 190 190 255 
1.12354 2.6416 -2.74555 190 190 190 255 
1.10337 2.83443 -2.54451 190 190 190 255 
1.10337 3.01277 -2.33059 190 190 190 255 
1.12354 2.83516 -2.54518 190 190 190 255 
1.12354 3.01358 -2.3312 190 190 190 255 
1.12354 3.06798 -2.25529 190 190 190 255 
1.10337 3.17502 -2.10421 190 190 190 255 
1.12354 3.28425 -1.92748 190 190 190 255 
1.10337 3.44782 -1.61896 190 190 190 255 
1.10337 3.55689 -1.36269 190 190 190 255 
1.12354 3.55784 -1.36305 190 190 190 255 
1.12354 3.71691 -0.83601 190 190 190 255 
1.10337 3.71753 -0.829708 190 190 190 255 
1.12354 3.64793 -1.09943 190 190 190 255 
1.12354 3.60891 -1.21361 190 190 190 255 
1.12354 3.78106 -0.448562 190 190 190 255 
1.10337 3.76823 -0.55584 190 190 190 255 
1.12354 3.76922 -0.555986 190 190 190 255 
1.12354 3.7185 -0.829927 190 190 190 255 
1.12354 3.79349 0.335615 190 190 190 255 
1.12354 3.79985 0.277736 190 190 190 255 
1.12354 3.81 -0.000670776 190 190 190 255 
1.10337 3.80899 -0.000671197 190 190 190 255 
1.12354 3.79977 -0.279075 190 190 190 255 
1.10337 3.79887 0.277664 190 190 190 255 
1.10337 3.76842 0.554514 190 190 190 255 
1.10337 3.71783 0.828399 190 190 190 255 
1.12354 3.64832 1.09814 190 190 190 255 
1.10337 3.64736 1.09785 190 190 190 255 
1.10342 3.63181 1.14606 190 190 190 255 
1.12354 3.63339 1.14656 190 190 190 255 
1.07215 3.64198 1.09624 190 190 190 255 
1.0723 3.62652 1.1444 190 190 190 255 
1.08919 3.63069 1.14571 190 190 190 255 
1.02646 3.60985 1.13913 190 190 190 255 
0.989327 3.58428 1.13107 190 190 190 255 
0.973294 3.57007 1.12658 190 190 190 255 
0.948991 3.53804 1.11647 190 190 190 255 
0.939226 3.52119 1.11116 190 190 190 255 
0.948628 3.55279 1.06939 190 190 190 255 
0.939226 3.59746 0.827998 190 190 190 255 
0.939226 3.60397 0.803031 190 190 190 255 
0.939226 3.64771 0.566238 190 190 190 255 
0.939226 3.67898 0.301542 190 190 190 255 
0.948628 3.67069 0.540134 190 190 190 255 
0.939226 3.6839 -0.231138 190 190 190 255 
0.939226 3.68245 -0.270457 190 190 190 255 
0.939226 3.65751 -0.496347 190 190 190 255 
0.948628 3.70027 -0.271766 190 190 190 255 
0.939226 3.6121 -0.758954 190 190 190 255 
0.939226 3.60368 -0.804301 190 190 190 255 
0.939226 3.54782 -1.0176 190 190 190 255 
0.948628 3.62114 -0.808193 190 190 190 255 
0.948628 3.55241 -1.07064 190 190 190 255 
0.948628 3.46466 -1.32736 190 190 190 255 
0.939226 3.36429 -1.51761 190 190 190 255 
0.948628 3.3584 -1.57698 190 190 190 255 
0.939226 3.34224 -1.56938 190 190 190 255 
0.939226 3.24594 -1.75638 190 190 190 255 
0.939226 3.11069 -1.98598 190 190 190 255 
0.939226 3.0778 -2.03977 190 190 190 255 
0.939226 2.95922 -2.20523 190 190 190 255 
0.939226 2.79232 -2.41297 190 190 190 255 
0.939226 2.74763 -2.46659 190 190 190 255 
0.939226 2.61091 -2.60812 190 190 190 255 
0.948628 2.76092 -2.47853 190 190 190 255 
0.939226 2.41586 -2.78968 190 190 190 255 
0.939226 2.20823 -2.95669 190 190 190 255 
0.939226 1.9891 -3.10828 190 190 190 255 
0.948628 1.92881 -3.16946 190 190 190 255 
0.939226 1.91953 -3.15419 190 190 190 255 
0.939226 1.75963 -3.24367 190 190 190 255 
0.939226 1.52097 -3.36214 190 190 190 255 
0.948628 1.69206 -3.30193 190 190 190 255 
0.939226 1.4393 -3.40028 190 190 190 255 
0.939226 1.27437 -3.46309 190 190 190 255 
0.939226 1.18698 -3.49637 190 190 190 255 
0.939226 0.664701 -3.63204 190 190 190 255 
0.948628 0.399448 -3.68866 190 190 190 255 
0.939226 0.397527 -3.6709 190 190 190 255 
0.939226 -0.0313425 -3.68984 190 190 190 255 
0.939226 -0.141775 -3.68963 190 190 190 255 
0.939226 -0.562105 -3.64687 190 190 190 255 
0.939226 -0.823784 -3.59678 190 190 190 255 
0.948628 -0.946 -3.5876 190 190 190 255 
0.939226 -0.941448 -3.57032 190 190 190 255 
0.948628 -1.20564 -3.50888 190 190 190 255 
0.939226 -1.08117 -3.52796 190 190 190 255 
0.939226 -1.33292 -3.44074 190 190 190 255 
0.948628 -1.45883 -3.4114 190 190 190 255 
0.939226 -1.57772 -3.33558 190 190 190 255 
0.939226 -2.15591 -2.99759 190 190 190 255 
0.948628 -2.16634 -3.01209 190 190 190 255 
0.948628 -2.58224 -2.66417 190 190 190 255 
0.948628 -2.77003 -2.46836 190 190 190 255 
0.939226 -2.75668 -2.45647 190 190 190 255 
0.939226 -2.83248 -2.36486 190 190 190 255 
0.948628 -3.10021 -2.03826 190 190 190 255 
0.948628 -3.24087 -1.80627 190 190 190 255 
0.939226 -3.22524 -1.79757 190 190 190 255 
0.939226 -3.38889 -1.45999 190 190 190 255 
0.948628 -3.36419 -1.56462 190 190 190 255 
0.939226 -3.4528 -1.30828 190 190 190 255 
0.948628 -3.46951 -1.31461 190 190 190 255 
0.939226 -3.53918 -1.05248 190 190 190 255 
0.948628 -3.55631 -1.05757 190 190 190 255 
0.948628 -3.67247 -0.527929 190 190 190 255 
0.939226 -3.62362 -0.697366 190 190 190 255 
0.939226 -3.6834 -0.256917 190 190 190 255 
0.948628 -3.7102 0.012988 190 190 190 255 
0.939226 -3.69232 0.0129259 190 190 190 255 
0.948628 -3.69934 0.284066 190 190 190 255 
0.939226 -3.68892 0.0979074 190 190 190 255 
0.939226 -3.68151 0.282699 190 190 190 255 
0.939226 -3.65102 0.55096 190 190 190 255 
0.948628 -3.66868 0.553627 190 190 190 255 
0.948628 -3.61843 0.820227 190 190 190 255 
0.939226 -3.60101 0.816276 190 190 190 255 
0.948628 -3.54883 1.08244 190 190 190 255 
0.939226 -3.41669 1.39501 190 190 190 255 
0.939226 -3.30718 1.63794 190 190 190 255 
0.948628 -3.35314 1.58814 190 190 190 255 
0.939226 -2.91298 2.26892 190 190 190 255 
0.939226 -3.03709 2.09699 190 190 190 255 
0.948628 -3.22812 1.82891 190 190 190 255 
0.939226 -3.071 2.04999 190 190 190 255 
0.939226 -2.70373 2.51241 190 190 190 255 
0.948628 -2.75266 2.48769 190 190 190 255 
0.948628 -2.92708 2.2799 190 190 190 255 
0.939226 -2.87791 2.31072 190 190 190 255 
0.939226 -2.31402 2.87554 190 190 190 255 
0.948628 -2.36069 2.86234 190 190 190 255 
0.948628 -2.56351 2.68219 190 190 190 255 
0.939226 -1.8761 3.17883 190 190 190 255 
0.939226 -1.90904 3.16055 190 190 190 255 
0.939226 -2.10054 3.03509 190 190 190 255 
0.939226 -1.17535 3.50029 190 190 190 255 
0.948628 -1.4349 3.42153 190 190 190 255 
0.939226 -1.6419 3.306 190 190 190 255 
0.948628 -1.68107 3.30753 190 190 190 255 
0.939226 -1.67298 3.2916 190 190 190 255 
0.948628 -0.655778 3.65182 190 190 190 255 
0.939226 -1.14899 3.50809 190 190 190 255 
0.948628 -1.18104 3.51724 190 190 190 255 
0.939226 -0.115947 3.69054 190 190 190 255 
0.939226 -0.367998 3.67338 190 190 190 255 
0.948628 -0.387166 3.68997 190 190 190 255 
0.939226 -0.385305 3.6722 190 190 190 255 
0.948628 -0.116499 3.7084 190 190 190 255 
0.939226 0.154032 3.68914 190 190 190 255 
0.939226 0.430329 3.66694 190 190 190 255 
0.939226 0.953309 3.56717 190 190 190 255 
0.948628 0.957921 3.58443 190 190 190 255 
0.948628 1.2173 3.50485 190 190 190 255 
0.939226 1.45717 3.39243 190 190 190 255 
0.939226 1.46308 3.39013 190 190 190 255 
0.948628 1.47015 3.40653 190 190 190 255 
0.939226 1.6981 3.27833 190 190 190 255 
0.948628 1.71512 3.29 190 190 190 255 
0.982244 1.96694 3.19609 190 190 190 255 
0.975249 1.96514 3.18888 190 190 190 255 
0.967873 1.96443 3.17954 190 190 190 255 
0.966801 1.96455 3.17786 190 190 190 255 
1.00329 1.97817 3.21001 190 190 190 255 
1.01421 1.74652 3.35017 190 190 190 255 
1.01421 1.98664 3.21359 190 190 190 255 
1.01084 1.98416 3.21252 190 190 190 255 
1.00417 1.97887 3.2103 190 190 190 255 
1.07233 2.04243 3.20768 190 190 190 255 
1.04139 2.01832 3.21092 190 190 190 255 
1.08845 2.04471 3.21126 190 190 190 255 
0.966851 3.57764 1.07687 190 190 190 255 
0.948628 3.62143 0.806918 190 190 190 255 
0.966851 3.69637 0.543913 190 190 190 255 
0.948628 3.70035 0.270463 190 190 190 255 
0.966851 3.72624 0.272356 190 190 190 255 
0.948628 3.71023 -0.000653049 190 190 190 255 
0.966851 3.7362 -0.000657103 190 190 190 255 
0.966851 3.72616 -0.273667 190 190 190 255 
0.948628 3.67051 -0.541427 190 190 190 255 
0.966851 3.3819 -1.58801 190 190 190 255 
0.966851 3.25681 -1.83089 190 190 190 255 
0.948628 3.23421 -1.81817 190 190 190 255 
0.948628 3.0927 -2.04964 190 190 190 255 
0.948628 2.93465 -2.27015 190 190 190 255 
0.948628 2.57243 -2.67365 190 190 190 255 
0.948628 2.37018 -2.85447 190 190 190 255 
0.948628 2.15525 -3.02004 190 190 190 255 
0.966851 1.94231 -3.19163 190 190 190 255 
0.966851 1.7039 -3.32502 190 190 190 255 
0.966851 1.45637 -3.44064 190 190 190 255 
0.948628 1.44625 -3.41674 190 190 190 255 
0.966851 1.20108 -3.53787 190 190 190 255 
0.948628 1.19274 -3.51329 190 190 190 255 
0.948628 0.932807 -3.59105 190 190 190 255 
0.948628 0.667924 -3.64961 190 190 190 255 
0.948628 0.128829 -3.70799 190 190 190 255 
0.948628 -0.142476 -3.70749 190 190 190 255 
0.948628 -0.413003 -3.68717 190 190 190 255 
0.948628 -0.681316 -3.64713 190 190 190 255 
0.966851 -1.46903 -3.43527 190 190 190 255 
0.948628 -1.70421 -3.29568 190 190 190 255 
0.966851 -1.95403 -3.18446 190 190 190 255 
0.948628 -1.94045 -3.16234 190 190 190 255 
0.948628 -2.38066 -2.84574 190 190 190 255 
0.948628 -2.94299 -2.25935 190 190 190 255 
0.966851 -3.26354 -1.81891 190 190 190 255 
0.966851 -3.64944 -0.800435 190 190 190 255 
0.948628 -3.6241 -0.794875 190 190 190 255 
0.966851 -3.69818 -0.531623 190 190 190 255 
0.948628 -3.70124 -0.258161 190 190 190 255 
0.966851 -3.73617 0.0130781 190 190 190 255 
0.948628 -3.46023 1.33887 190 190 190 255 
0.966851 -3.25073 1.84171 190 190 190 255 
0.948628 -3.08587 2.05991 190 190 190 255 
0.966851 -2.77193 2.50509 190 190 190 255 
0.966851 -2.58145 2.70095 190 190 190 255 
0.966851 -2.3772 2.88236 190 190 190 255 
0.966851 -2.16021 3.04836 190 190 190 255 
0.948628 -2.14522 3.02719 190 190 190 255 
0.948628 -1.91826 3.17585 190 190 190 255 
0.966851 -1.9317 3.19807 190 190 190 255 
0.966851 -1.69283 3.33067 190 190 190 255 
0.966851 -1.44493 3.44547 190 190 190 255 
0.966851 -1.18929 3.54184 190 190 190 255 
0.966851 -0.927313 3.61928 190 190 190 255 
0.948628 -0.920857 3.59413 190 190 190 255 
0.966851 -0.660376 3.67736 190 190 190 255 
0.966851 -0.389897 3.71578 190 190 190 255 
0.966851 -0.117328 3.73434 190 190 190 255 
0.966851 0.155875 3.73293 190 190 190 255 
0.948628 0.154793 3.707 190 190 190 255 
0.948628 0.425249 3.68578 190 190 190 255 
0.966851 0.698294 3.67035 190 190 190 255 
0.948628 0.693459 3.64485 190 190 190 255 
0.966851 0.964628 3.60951 190 190 190 255 
0.948628 1.95097 3.15587 190 190 190 255 
0.98889 3.59947 1.08344 190 190 190 255 
0.98889 3.66901 0.817522 190 190 190 255 
0.966851 3.64677 0.812563 190 190 190 255 
0.98889 3.74898 0.274018 190 190 190 255 
0.98889 3.759 -0.000661249 190 190 190 255 
0.966851 3.6962 -0.545215 190 190 190 255 
0.98889 3.71875 -0.548542 190 190 190 255 
0.966851 3.64647 -0.813846 190 190 190 255 
0.966851 3.57724 -1.07813 190 190 190 255 
0.966851 3.48891 -1.33664 190 190 190 255 
0.98889 3.40256 -1.5977 190 190 190 255 
0.98889 3.27671 -1.84207 190 190 190 255 
0.98889 3.13333 -2.07658 190 190 190 255 
0.966851 3.11432 -2.06398 190 190 190 255 
0.966851 2.95518 -2.28603 190 190 190 255 
0.966851 2.78024 -2.49587 190 190 190 255 
0.966851 2.59043 -2.69235 190 190 190 255 
0.966851 2.38675 -2.87444 190 190 190 255 
0.966851 2.17033 -3.04117 190 190 190 255 
0.98889 1.95417 -3.21111 190 190 190 255 
0.98889 1.71431 -3.34532 190 190 190 255 
0.98889 1.20839 -3.55946 190 190 190 255 
0.966851 0.939352 -3.61617 190 190 190 255 
0.98889 0.676686 -3.69758 190 190 190 255 
0.966851 0.672581 -3.67515 190 190 190 255 
0.98889 0.404686 -3.73714 190 190 190 255 
0.966851 0.402239 -3.71447 190 190 190 255 
0.966851 0.129747 -3.73393 190 190 190 255 
0.98889 -0.144328 -3.75621 190 190 190 255 
0.966851 -0.143468 -3.73343 190 190 190 255 
0.966851 -0.415883 -3.71296 190 190 190 255 
0.98889 -0.690283 -3.69506 190 190 190 255 
0.966851 -0.686091 -3.67265 190 190 190 255 
0.966851 -0.952617 -3.61269 190 190 190 255 
0.98889 -1.22147 -3.55499 190 190 190 255 
0.966851 -1.21407 -3.53343 190 190 190 255 
0.98889 -1.72658 -3.33899 190 190 190 255 
0.966851 -1.71612 -3.31874 190 190 190 255 
0.98889 -1.96596 -3.2039 190 190 190 255 
0.966851 -2.1815 -3.03316 190 190 190 255 
0.98889 -2.41194 -2.88314 190 190 190 255 
0.98889 -2.61618 -2.69918 190 190 190 255 
0.966851 -2.39731 -2.86565 190 190 190 255 
0.966851 -2.6003 -2.68281 190 190 190 255 
0.98889 -2.98166 -2.28904 190 190 190 255 
0.966851 -2.78941 -2.48563 190 190 190 255 
0.966851 -2.96356 -2.27515 190 190 190 255 
0.966851 -3.1219 -2.05252 190 190 190 255 
0.98889 -3.28346 -1.83001 190 190 190 255 
0.98889 -3.40841 -1.58519 190 190 190 255 
0.966851 -3.38773 -1.57557 190 190 190 255 
0.98889 -3.51513 -1.33189 190 190 190 255 
0.966851 -3.4938 -1.32381 190 190 190 255 
0.966851 -3.5812 -1.06497 190 190 190 255 
0.98889 -3.72075 -0.534867 190 190 190 255 
0.966851 -3.72714 -0.259967 190 190 190 255 
0.98889 -3.74988 -0.261554 190 190 190 255 
0.966851 -3.7252 0.286055 190 190 190 255 
0.966851 -3.69434 0.5575 190 190 190 255 
0.98889 -3.7169 0.560902 190 190 190 255 
0.966851 -3.64374 0.825965 190 190 190 255 
0.98889 -3.59544 1.09667 190 190 190 255 
0.966851 -3.57364 1.09001 190 190 190 255 
0.966851 -3.48445 1.34823 190 190 190 255 
0.966851 -3.37662 1.59925 190 190 190 255 
0.98889 -3.27057 1.85295 190 190 190 255 
0.966851 -3.10746 2.07432 190 190 190 255 
0.966851 -2.94755 2.29585 190 190 190 255 
0.98889 -2.96557 2.30986 190 190 190 255 
0.98889 -2.39171 2.89995 190 190 190 255 
0.98889 -1.94347 3.21759 190 190 190 255 
0.98889 -1.70318 3.351 190 190 190 255 
0.98889 -0.392255 3.73846 190 190 190 255 
0.98889 0.156824 3.75571 190 190 190 255 
0.98889 0.430846 3.73421 190 190 190 255 
0.966851 0.428219 3.71156 190 190 190 255 
0.98889 0.702547 3.69275 190 190 190 255 
0.98889 0.970512 3.63154 190 190 190 255 
0.966851 1.2258 3.52937 190 190 190 255 
0.98889 1.23329 3.55091 190 190 190 255 
0.98889 1.48946 3.4513 190 190 190 255 
0.966851 1.48042 3.43036 190 190 190 255 
0.966851 1.72713 3.31301 190 190 190 255 
0.998158 3.59212 1.13354 190 190 190 255 
1.01421 3.61774 1.08894 190 190 190 255 
0.98889 3.71893 0.547233 190 190 190 255 
0.98889 3.7489 -0.275338 190 190 190 255 
1.01421 3.73764 -0.551329 190 190 190 255 
1.01421 3.68736 -0.822974 190 190 190 255 
0.98889 3.66873 -0.818814 190 190 190 255 
1.01421 3.61736 -1.09022 190 190 190 255 
0.98889 3.59908 -1.08471 190 190 190 255 
0.98889 3.5102 -1.3448 190 190 190 255 
1.01421 3.52802 -1.35163 190 190 190 255 
1.01421 2.98831 -2.31167 190 190 190 255 
0.98889 2.97322 -2.29999 190 190 190 255 
0.98889 2.79722 -2.5111 190 190 190 255 
1.01421 2.61947 -2.72255 190 190 190 255 
0.98889 2.60624 -2.70878 190 190 190 255 
1.01421 2.41352 -2.90668 190 190 190 255 
0.98889 2.40134 -2.89199 190 190 190 255 
0.98889 2.1836 -3.05973 190 190 190 255 
1.01421 1.72302 -3.36231 190 190 190 255 
1.01421 1.4727 -3.47923 190 190 190 255 
0.98889 1.46527 -3.46164 190 190 190 255 
0.98889 0.94508 -3.63824 190 190 190 255 
1.01421 0.680123 -3.71636 190 190 190 255 
1.01421 0.131175 -3.77581 190 190 190 255 
0.98889 0.130529 -3.75672 190 190 190 255 
1.01421 -0.420555 -3.7546 190 190 190 255 
0.98889 -0.418421 -3.73563 190 190 190 255 
1.01421 -0.693771 -3.71383 190 190 190 255 
1.01421 -0.963317 -3.65321 190 190 190 255 
0.98889 -0.95844 -3.63474 190 190 190 255 
0.98889 -1.47798 -3.45623 190 190 190 255 
1.01421 -2.20597 -3.06718 190 190 190 255 
0.98889 -2.19482 -3.05168 190 190 190 255 
1.01421 -2.42421 -2.89779 190 190 190 255 
1.01421 -2.62948 -2.7129 190 190 190 255 
0.98889 -2.80643 -2.5008 190 190 190 255 
1.01421 -2.9968 -2.30067 190 190 190 255 
1.01421 -3.30013 -1.8393 190 190 190 255 
0.98889 -3.14094 -2.06504 190 190 190 255 
1.01421 -3.53297 -1.33865 190 190 190 255 
0.98889 -3.60306 -1.07147 190 190 190 255 
1.01421 -3.69036 -0.809411 190 190 190 255 
0.98889 -3.67171 -0.805321 190 190 190 255 
1.01421 -3.76891 -0.262881 190 190 190 255 
0.98889 -3.75897 0.0131578 190 190 190 255 
1.01421 -3.767 0.289261 190 190 190 255 
0.98889 -3.74795 0.2878 190 190 190 255 
1.01421 -3.73579 0.563751 190 190 190 255 
1.01421 -3.68461 0.835227 190 190 190 255 
0.98889 -3.66597 0.831006 190 190 190 255 
1.01421 -3.52351 1.36335 190 190 190 255 
0.98889 -3.50571 1.35646 190 190 190 255 
0.98889 -3.39722 1.60901 190 190 190 255 
1.01421 -3.41448 1.61718 190 190 190 255 
1.01421 -3.14229 2.09759 190 190 190 255 
0.98889 -3.12642 2.08698 190 190 190 255 
1.01421 -2.80301 2.53319 190 190 190 255 
0.98889 -2.78885 2.52038 190 190 190 255 
1.01421 -2.61041 2.73124 190 190 190 255 
0.98889 -2.59721 2.71743 190 190 190 255 
0.98889 -2.17339 3.06697 190 190 190 255 
1.01421 -1.95334 3.23393 190 190 190 255 
1.01421 -1.71183 3.36802 190 190 190 255 
0.98889 -1.45374 3.4665 190 190 190 255 
1.01421 -1.20263 3.58156 190 190 190 255 
0.98889 -1.19655 3.56346 190 190 190 255 
0.98889 -0.932983 3.64137 190 190 190 255 
1.01421 -0.66777 3.7186 190 190 190 255 
0.98889 -0.664393 3.69981 190 190 190 255 
1.01421 -0.118637 3.77622 190 190 190 255 
0.98889 -0.11805 3.75713 190 190 190 255 
1.01421 0.706125 3.71151 190 190 190 255 
1.01421 0.975449 3.64999 190 190 190 255 
1.01421 1.49704 3.46883 190 190 190 255 
0.98889 1.73768 3.33323 190 190 190 255 
1.01421 3.68765 0.821675 190 190 190 255 
1.04219 3.7526 0.552186 190 190 190 255 
1.01421 3.73782 0.550013 190 190 190 255 
1.01421 3.76804 0.275411 190 190 190 255 
1.01421 3.77807 -0.000665988 190 190 190 255 
1.01421 3.76792 -0.276738 190 190 190 255 
1.04219 3.75241 -0.553507 190 190 190 255 
1.04219 3.70192 -0.826225 190 190 190 255 
1.01421 3.41982 -1.60582 190 190 190 255 
1.04219 3.43334 -1.61216 190 190 190 255 
1.04219 3.30636 -1.85874 190 190 190 255 
1.04219 3.16169 -2.09537 190 190 190 255 
1.01421 3.29335 -1.85142 190 190 190 255 
1.01421 3.14926 -2.08713 190 190 190 255 
1.04219 3.00014 -2.3208 190 190 190 255 
1.04219 2.82253 -2.53382 190 190 190 255 
1.01421 2.81141 -2.52386 190 190 190 255 
1.04219 2.62983 -2.7333 190 190 190 255 
1.01421 2.19469 -3.07527 190 190 190 255 
1.04219 1.97184 -3.24017 190 190 190 255 
1.01421 1.9641 -3.22742 190 190 190 255 
1.01421 1.21453 -3.57754 190 190 190 255 
1.04219 0.953618 -3.67117 190 190 190 255 
1.01421 0.949873 -3.65673 190 190 190 255 
1.04219 0.682805 -3.73104 190 190 190 255 
1.01421 0.40676 -3.75612 190 190 190 255 
1.04219 0.131692 -3.79072 190 190 190 255 
1.01421 -0.145084 -3.7753 190 190 190 255 
1.04219 -0.145641 -3.79021 190 190 190 255 
1.04219 -0.422221 -3.76944 190 190 190 255 
1.04219 -0.69652 -3.72851 190 190 190 255 
1.04219 -1.23252 -3.58717 190 190 190 255 
1.01421 -1.22768 -3.57305 190 190 190 255 
1.04219 -1.49135 -3.48751 190 190 190 255 
1.01421 -1.48551 -3.47379 190 190 190 255 
1.04219 -1.74221 -3.36921 190 190 190 255 
1.01421 -1.73535 -3.35595 190 190 190 255 
1.01421 -1.97594 -3.22018 190 190 190 255 
1.04219 -2.21467 -3.0793 190 190 190 255 
1.04219 -2.63987 -2.72361 190 190 190 255 
1.04219 -2.83183 -2.52343 190 190 190 255 
1.01421 -2.82068 -2.5135 190 190 190 255 
1.04219 -3.00865 -2.30976 190 190 190 255 
1.01421 -3.15692 -2.07554 190 190 190 255 
1.04219 -3.31318 -1.84657 190 190 190 255 
1.01421 -3.42571 -1.59324 190 190 190 255 
1.01421 -3.62136 -1.07691 190 190 190 255 
1.04219 -3.70493 -0.812608 190 190 190 255 
1.01421 -3.73965 -0.537584 190 190 190 255 
1.04219 -3.79297 0.0132781 190 190 190 255 
1.01421 -3.77805 0.0132258 190 190 190 255 
1.04219 -3.75054 0.565979 190 190 190 255 
1.04219 -3.69917 0.838526 190 190 190 255 
1.01421 -3.61373 1.10224 190 190 190 255 
1.04219 -3.62799 1.10659 190 190 190 255 
1.04219 -3.42795 1.62357 190 190 190 255 
1.01421 -3.28718 1.86236 190 190 190 255 
1.04219 -3.15472 2.10587 190 190 190 255 
1.01421 -2.98063 2.32159 190 190 190 255 
1.04219 -2.81407 2.5432 190 190 190 255 
1.04219 -2.62071 2.74203 190 190 190 255 
1.01421 -2.40386 2.91469 190 190 190 255 
1.04219 -1.96106 3.24671 190 190 190 255 
1.01421 -2.18445 3.08255 190 190 190 255 
1.04219 -1.71859 3.38133 190 190 190 255 
1.01421 -1.46114 3.4841 190 190 190 255 
1.04219 -1.20738 3.59571 190 190 190 255 
1.01421 -0.937717 3.65986 190 190 190 255 
1.04219 -0.395827 3.7723 190 190 190 255 
1.01421 -0.39427 3.75745 190 190 190 255 
1.01421 0.15761 3.77479 190 190 190 255 
1.01421 0.43304 3.75318 190 190 190 255 
1.04219 0.708905 3.72617 190 190 190 255 
1.04219 0.979316 3.66441 190 190 190 255 
1.04219 1.24446 3.58305 190 190 190 255 
1.01421 1.23956 3.56895 190 190 190 255 
1.04219 1.50295 3.48254 190 190 190 255 
1.04219 1.7534 3.3634 190 190 190 255 
1.04219 1.9945 3.22629 190 190 190 255 
1.01899 1.99169 3.21388 190 190 190 255 
1.01423 1.98729 3.21308 190 190 190 255 
1.04219 3.63205 1.09325 190 190 190 255 
1.04219 3.70222 0.824921 190 190 190 255 
1.07215 3.76288 0.553698 190 190 190 255 
1.07215 3.79328 0.277256 190 190 190 255 
1.04219 3.7829 0.276498 190 190 190 255 
1.07215 3.80341 -0.000669175 190 190 190 255 
1.04219 3.79302 -0.000667176 190 190 190 255 
1.04219 3.78281 -0.277831 190 190 190 255 
1.07215 3.79318 -0.278591 190 190 190 255 
1.07215 3.76267 -0.555024 190 190 190 255 
1.04219 3.63165 -1.09453 190 190 190 255 
1.04219 3.54197 -1.35697 190 190 190 255 
1.07215 3.44274 -1.61658 190 190 190 255 
1.07215 3.17035 -2.10111 190 190 190 255 
1.07215 2.83027 -2.54076 190 190 190 255 
1.07215 2.63703 -2.74079 190 190 190 255 
1.07215 2.4297 -2.92615 190 190 190 255 
1.04219 2.42307 -2.91816 190 190 190 255 
1.07215 2.20938 -3.09588 190 190 190 255 
1.04219 2.20335 -3.08742 190 190 190 255 
1.04219 1.72981 -3.3756 190 190 190 255 
1.04219 1.47853 -3.49297 190 190 190 255 
1.04219 1.21934 -3.59167 190 190 190 255 
1.07215 1.22266 -3.60151 190 190 190 255 
1.07215 0.956236 -3.68123 190 190 190 255 
1.07215 0.684686 -3.74126 190 190 190 255 
1.07215 0.409457 -3.78129 190 190 190 255 
1.04219 0.408347 -3.77096 190 190 190 255 
1.07215 0.13206 -3.8011 190 190 190 255 
1.07215 -0.14605 -3.80059 190 190 190 255 
1.04219 -0.967123 -3.66764 190 190 190 255 
1.07215 -1.49544 -3.49707 190 190 190 255 
1.07215 -1.98919 -3.24175 190 190 190 255 
1.04219 -1.98374 -3.2329 190 190 190 255 
1.07215 -2.44044 -2.9172 190 190 190 255 
1.04219 -2.43378 -2.90923 190 190 190 255 
1.07215 -3.01688 -2.31608 190 190 190 255 
1.07215 -3.17806 -2.08944 190 190 190 255 
1.04219 -3.16938 -2.08373 190 190 190 255 
1.07215 -3.44867 -1.60391 190 190 190 255 
1.04219 -3.43926 -1.59953 190 190 190 255 
1.04219 -3.54693 -1.34394 190 190 190 255 
1.04219 -3.63564 -1.08116 190 190 190 255 
1.07215 -3.76471 -0.541186 190 190 190 255 
1.07215 -3.79419 -0.264644 190 190 190 255 
1.04219 -3.75443 -0.539708 190 190 190 255 
1.04219 -3.78381 -0.26392 190 190 190 255 
1.07215 -3.76082 0.567529 190 190 190 255 
1.04219 -3.78187 0.290405 190 190 190 255 
1.07215 -3.70929 0.840824 190 190 190 255 
1.04219 -3.53743 1.36874 190 190 190 255 
1.04219 -3.30016 1.86972 190 190 190 255 
1.07215 -3.16335 2.11164 190 190 190 255 
1.07215 -3.00058 2.33715 190 190 190 255 
1.07215 -2.82178 2.55016 190 190 190 255 
1.04219 -2.9924 2.33076 190 190 190 255 
1.07215 -2.41995 2.93421 190 190 190 255 
1.04219 -2.41336 2.9262 190 190 190 255 
1.07215 -2.19909 3.1032 190 190 190 255 
1.07215 -1.96645 3.2556 190 190 190 255 
1.04219 -2.19309 3.09473 190 190 190 255 
1.07215 -1.47094 3.50745 190 190 190 255 
1.04219 -1.46691 3.49787 190 190 190 255 
1.04219 -0.941403 3.67432 190 190 190 255 
1.07215 -0.943992 3.68439 190 190 190 255 
1.07215 -0.672245 3.74352 190 190 190 255 
1.04219 -0.670394 3.73329 190 190 190 255 
1.07215 -0.396908 3.78263 190 190 190 255 
1.07215 -0.119432 3.80152 190 190 190 255 
1.04219 -0.119095 3.79114 190 190 190 255 
1.04219 0.158228 3.7897 190 190 190 255 
1.04219 0.434737 3.76801 190 190 190 255 
1.07215 0.435925 3.77833 190 190 190 255 
1.07215 0.710844 3.73637 190 190 190 255 
1.07215 0.981981 3.67444 190 190 190 255 
1.07215 1.50707 3.49207 190 190 190 255 
1.07215 1.7582 3.37261 190 190 190 255 
1.07215 3.71237 0.827181 190 190 190 255 
1.10337 3.79875 -0.279002 190 190 190 255 
1.07215 3.71207 -0.828488 190 190 190 255 
1.10337 3.64696 -1.09914 190 190 190 255 
1.07215 3.64159 -1.09752 190 190 190 255 
1.07215 3.55168 -1.36069 190 190 190 255 
1.10337 3.32029 -1.86657 190 190 190 255 
1.07215 3.3154 -1.86383 190 190 190 255 
1.07215 3.00835 -2.32716 190 190 190 255 
1.10337 1.98017 -3.25383 190 190 190 255 
1.07215 1.97726 -3.24904 190 190 190 255 
1.07215 1.73456 -3.38484 190 190 190 255 
1.07215 1.48258 -3.50254 190 190 190 255 
1.10337 0.685693 -3.74677 190 190 190 255 
1.10337 0.410079 -3.78686 190 190 190 255 
1.07215 -0.423379 -3.77976 190 190 190 255 
1.10337 -0.699453 -3.74422 190 190 190 255 
1.07215 -0.69843 -3.73872 190 190 190 255 
1.10337 -0.971203 -3.6831 190 190 190 255 
1.07215 -0.969758 -3.67769 190 190 190 255 
1.07215 -1.23591 -3.59699 190 190 190 255 
1.07215 -1.747 -3.37844 190 190 190 255 
1.10337 -1.99213 -3.24653 190 190 190 255 
1.10337 -2.22402 -3.09228 190 190 190 255 
1.07215 -2.22076 -3.08773 190 190 190 255 
1.10337 -2.65099 -2.73509 190 190 190 255 
1.07215 -2.64709 -2.73107 190 190 190 255 
1.07215 -2.83958 -2.53034 190 190 190 255 
1.10337 -3.02133 -2.31949 190 190 190 255 
1.10337 -3.18273 -2.09252 190 190 190 255 
1.10337 -3.32712 -1.85435 190 190 190 255 
1.07215 -3.32225 -1.85163 190 190 190 255 
1.10337 -3.45374 -1.60627 190 190 190 255 
1.07215 -3.55665 -1.34762 190 190 190 255 
1.10337 -3.56188 -1.34961 190 190 190 255 
1.10337 -3.65098 -1.08572 190 190 190 255 
1.07215 -3.64561 -1.08413 190 190 190 255 
1.07215 -3.71508 -0.814834 190 190 190 255 
1.10337 -3.72057 -0.816035 190 190 190 255 
1.10337 -3.79978 -0.265034 190 190 190 255 
1.07215 -3.80336 0.0133145 190 190 190 255 
1.07215 -3.79223 0.2912 190 190 190 255 
1.10337 -3.71475 0.842062 190 190 190 255 
1.10337 -3.64328 1.11126 190 190 190 255 
1.07215 -3.63794 1.10962 190 190 190 255 
1.07215 -3.54712 1.37249 190 190 190 255 
1.07215 -3.43734 1.62802 190 190 190 255 
1.10337 -3.44242 1.63041 190 190 190 255 
1.07215 -3.30921 1.87484 190 190 190 255 
1.10337 -3.005 2.34059 190 190 190 255 
1.10337 -2.82595 2.55392 190 190 190 255 
1.07215 -2.62791 2.74954 190 190 190 255 
1.10337 -1.72582 3.39558 190 190 190 255 
1.07215 -1.72329 3.39059 190 190 190 255 
1.10337 -1.47309 3.51261 190 190 190 255 
1.10337 -1.21247 3.61087 190 190 190 255 
1.07215 -1.2107 3.60556 190 190 190 255 
1.10337 -0.945382 3.68981 190 190 190 255 
1.10337 -0.673222 3.74903 190 190 190 255 
1.10337 -0.39747 3.7882 190 190 190 255 
1.10337 0.158909 3.80568 190 190 190 255 
1.07215 0.158666 3.80008 190 190 190 255 
1.07215 1.24786 3.59286 190 190 190 255 
1.10337 1.2497 3.59815 190 190 190 255 
1.10337 1.7608 3.37758 190 190 190 255 
1.07215 1.99995 3.23512 190 190 190 255 
1.10337 2.00289 3.23988 190 190 190 255 
0.898257 3.69874 1.56845 190 190 190 255 
0.445755 3.75235 1.39356 190 190 190 255 
0.45372 3.76381 1.40097 190 190 190 255 
0.445309 3.6646 1.54912 190 190 190 255 
0.421723 3.71106 1.36061 190 190 190 255 
0.424437 3.62678 1.52771 190 190 190 255 
0.4151 3.69574 1.34483 190 190 190 255 
0.406576 3.65971 1.28937 190 190 190 255 
0.406477 3.65686 1.28299 190 190 190 255 
0.9652 3.65464 1.27801 190 190 190 255 
0.9652 3.54083 1.47905 190 190 190 255 
0.964968 3.65702 1.28273 190 190 190 255 
0.965166 3.54465 1.48122 190 190 190 255 
0.950886 3.70952 1.35971 190 190 190 255 
0.960251 3.58639 1.50485 190 190 190 255 
0.950232 3.7108 1.36085 190 190 190 255 
0.923682 3.75608 1.39641 190 190 190 255 
0.926089 3.7524 1.39383 190 190 190 255 
0.947163 3.62678 1.52771 190 190 190 255 
0.946738 3.71762 1.36689 190 190 190 255 
0.926291 3.6646 1.54912 190 190 190 255 
0.863407 3.81531 1.43011 190 190 190 255 
0.863896 3.72818 1.58511 190 190 190 255 
0.823952 3.83925 1.44367 190 190 190 255 
0.817324 3.84296 1.44576 190 190 190 255 
0.778508 3.85794 1.45425 190 190 190 255 
0.6858 3.78397 1.6167 190 190 190 255 
0.733837 3.78035 1.61465 190 190 190 255 
0.643871 3.86895 1.46049 190 190 190 255 
0.547369 3.75203 1.59861 190 190 190 255 
0.557361 3.84435 1.44655 190 190 190 255 
0.519988 3.82412 1.4351 190 190 190 255 
0.547729 3.83913 1.4436 190 190 190 255 
0.457879 3.76906 1.40394 190 190 190 255 
0.473949 3.7859 1.41347 190 190 190 255 
0.508245 3.81522 1.43007 190 190 190 255 
0.198477 2.56876 3.11284 190 190 190 255 
0.0889001 2.63379 3.12634 190 190 190 255 
0.221237 2.65336 3.13224 190 190 190 255 
0.229977 2.67782 3.13911 190 190 190 255 
0.256874 2.72916 3.1578 190 190 190 255 
0.264545 2.7398 3.16251 190 190 190 255 
0.0889001 2.7589 3.17051 190 190 190 255 
0.290492 2.77582 3.17845 190 190 190 255 
0.0889001 2.81895 3.20109 190 190 190 255 
0.0889001 2.3607 3.10752 190 190 190 255 
0.198862 2.37522 3.10607 190 190 190 255 
0.0889001 2.61705 3.12354 190 190 190 255 
0.221219 2.26698 3.12295 190 190 190 255 
0.220502 2.27003 3.12238 190 190 190 255 
0.204344 2.3383 3.1095 190 190 190 255 
0.201029 2.36061 3.10743 190 190 190 255 
0.257504 2.16046 3.15774 190 190 190 255 
0.0889001 2.11555 3.17643 190 190 190 255 
0.0889001 2.23412 3.13209 190 190 190 255 
0.242701 2.19889 3.14255 190 190 190 255 
0.231575 2.23417 3.1324 190 190 190 255 
0.276462 2.11364 3.17811 190 190 190 255 
0.0889001 2.11339 3.17762 190 190 190 255 
0.4064 3.63986 1.1302 190 190 190 255 
0.0889001 3.63762 1.21353 190 190 190 255 
0.4064 3.63717 1.21361 190 190 190 255 
0.0889001 3.64395 1.24702 190 190 190 255 
0.4064 3.64615 1.25451 190 190 190 255 
0.0889001 3.64661 1.25434 190 190 190 255 
0.4064 3.65464 1.27801 190 190 190 255 
0.0889001 3.65784 1.28531 190 190 190 255 
0.0889001 3.66217 1.29312 190 190 190 255 
0.0889001 3.67766 1.3209 190 190 190 255 
0.409291 3.67664 1.31938 190 190 190 255 
0.406928 3.66193 1.29326 190 190 190 255 
0.411825 3.68498 1.33048 190 190 190 255 
0.411464 3.68381 1.3289 190 190 190 255 
0.0889001 3.6839 1.3288 190 190 190 255 
0.439256 3.74303 1.38753 190 190 190 255 
0.0889001 3.74323 1.38723 190 190 190 255 
0.436275 3.73873 1.38475 190 190 190 255 
0.424801 3.71816 1.36794 190 190 190 255 
0.0889001 3.73293 1.38038 190 190 190 255 
0.42453 3.71754 1.36729 190 190 190 255 
0.0381 0.783173 0.33266 190 190 190 255 
0.0381 0.849722 0.0447361 190 190 190 255 
0.0889001 0.798979 0.0420646 190 190 190 255 
0.0889001 0.794171 -0.0973169 190 190 190 255 
0.0381 0.844574 -0.103497 190 190 190 255 
0.0381 0.813774 -0.248584 190 190 190 255 
0.0889001 0.712991 -0.363067 190 190 190 255 
0.0889001 0.545794 -0.585026 190 190 190 255 
0.0889001 0.312808 -0.736421 190 190 190 255 
0.0889001 0.0420781 -0.798993 190 190 190 255 
0.0889001 -0.0973073 -0.794159 190 190 190 255 
0.0889001 -0.233755 -0.765196 190 190 190 255 
0.0381 -0.248596 -0.81378 190 190 190 255 
0.0889001 -0.363071 -0.712981 190 190 190 255 
0.0381 -0.386114 -0.75825 190 190 190 255 
0.0889001 -0.481351 -0.639103 190 190 190 255 
0.0381 -0.622166 -0.580461 190 190 190 255 
0.0889001 -0.67093 -0.435927 190 190 190 255 
0.0381 -0.740482 -0.41918 190 190 190 255 
0.0889001 -0.736413 -0.3128 190 190 190 255 
0.0381 -0.783177 -0.332661 190 190 190 255 
0.0889001 -0.798984 -0.0420648 190 190 190 255 
0.0889001 -0.794146 0.0973182 190 190 190 255 
0.0381 -0.463599 0.713514 190 190 190 255 
0.0381 -0.191599 0.829046 190 190 190 255 
0.0381 -0.0447234 0.849724 190 190 190 255 
0.0381 0.103482 0.844582 190 190 190 255 
0.0889001 0.363066 0.712981 190 190 190 255 
0.0381 0.38611 0.758249 190 190 190 255 
0.0889001 0.585011 0.545806 190 190 190 255 
0.0889001 0.310383 2.34344 190 190 190 255 
0.0889001 0.228486 2.53627 190 190 190 255 
0.0889001 0.213842 2.6404 190 190 190 255 
0.0381 0.178981 2.52483 190 190 190 255 
0.0381 0.167039 2.75166 190 190 190 255 
0.0889001 0.239303 2.84835 190 190 190 255 
0.0889001 0.334374 3.03504 190 190 190 255 
0.0889001 0.487558 3.17796 190 190 190 255 
0.0381 0.370085 3.15035 190 190 190 255 
0.0889001 0.580397 3.22735 190 190 190 255 
0.0889001 0.680392 3.25987 190 190 190 255 
0.0381 0.668953 3.30936 190 190 190 255 
0.0889001 0.889613 3.27088 190 190 190 255 
0.0381 0.78185 3.32526 190 190 190 255 
0.0381 0.895792 3.3213 190 190 190 255 
0.0381 1.00731 3.29763 190 190 190 255 
0.0381 1.11303 3.25494 190 190 190 255 
0.0889001 1.17916 3.15397 190 190 190 255 
0.0381 1.36468 3.02846 190 190 190 255 
0.0381 1.38543 2.99432 190 190 190 255 
0.0889001 1.40402 2.80795 190 190 190 255 
0.0381 1.41824 2.92781 190 190 190 255 
0.0889001 1.41866 2.70383 190 190 190 255 
0.0889001 1.41503 2.59874 190 190 190 255 
0.0889001 1.35381 2.39837 190 190 190 255 
0.0381 1.17259 2.12366 190 190 190 255 
0.0381 1.07194 2.07012 190 190 190 255 
0.0889001 0.952081 2.08435 190 190 190 255 
0.0381 0.963521 2.03486 190 190 190 255 
0.0381 0.850624 2.01897 190 190 190 255 
0.0381 0.736682 2.02292 190 190 190 255 
0.0381 0.625163 2.04659 190 190 190 255 
0.0889001 0.453311 2.19025 190 190 190 255 
0.0889001 0.375148 2.26059 190 190 190 255 
1.12354 3.64587 1.10618 190 190 190 255 
0.9652 3.63986 1.1302 190 190 190 255 
0.91788 3.76381 1.40097 190 190 190 255 
1.2827 3.73293 1.38038 190 190 190 255 
1.2827 3.74323 1.38723 190 190 190 255 
0.939423 3.73187 1.37954 190 190 190 255 
0.932107 3.74313 1.38738 190 190 190 255 
0.958969 3.68856 1.33604 190 190 190 255 
1.2827 3.71118 1.36044 190 190 190 255 
0.964456 3.6622 1.29312 190 190 190 255 
1.2827 3.67766 1.3209 190 190 190 255 
0.963681 3.67012 1.30887 190 190 190 255 
0.960199 3.68374 1.32895 190 190 190 255 
0.959902 3.68491 1.33066 190 190 190 255 
1.2827 3.64661 1.25434 190 190 190 255 
1.2827 3.64395 1.24702 190 190 190 255 
1.2827 3.63762 1.21353 190 190 190 255 
0.9652 3.63508 1.17179 190 190 190 255 
1.2827 3.63531 1.16628 190 190 190 255 
1.2827 2.03631 3.22018 190 190 190 255 
1.12354 2.00341 3.24074 190 190 190 255 
1.12354 1.76126 3.37847 190 190 190 255 
1.2827 1.94583 3.27564 190 190 190 255 
1.2827 1.33202 3.56557 190 190 190 255 
1.12354 0.958602 3.68656 190 190 190 255 
1.2827 0.957758 3.68388 190 190 190 255 
1.2827 0.867211 3.71 190 190 190 255 
1.12354 0.436683 3.78489 190 190 190 255 
1.12354 -0.119631 3.80812 190 190 190 255 
1.2827 -0.209766 3.8009 190 190 190 255 
1.12354 -0.209704 3.80199 190 190 190 255 
1.2827 -0.600104 3.7592 190 190 190 255 
1.12354 -0.397582 3.7892 190 190 190 255 
1.12354 -0.600227 3.76041 190 190 190 255 
1.12354 -0.673423 3.75002 190 190 190 255 
1.12354 -0.945642 3.69078 190 190 190 255 
1.2827 -0.984069 3.67754 190 190 190 255 
1.12354 -0.984402 3.67932 190 190 190 255 
1.2827 -1.05671 3.66053 190 190 190 255 
1.12354 -1.21279 3.61182 190 190 190 255 
1.2827 -1.35759 3.55676 190 190 190 255 
1.2827 -1.42442 3.53372 190 190 190 255 
1.12354 -1.71775 3.40043 190 190 190 255 
1.2827 -1.77727 3.37008 190 190 190 255 
1.2827 -2.11159 3.17132 190 190 190 255 
1.12354 -2.20289 3.10859 190 190 190 255 
1.12354 -2.42416 2.93931 190 190 190 255 
1.2827 -2.42393 2.9395 190 190 190 255 
1.12354 -2.63246 2.75431 190 190 190 255 
1.12354 -2.67088 2.7148 190 190 190 255 
1.2827 -2.711 2.67705 190 190 190 255 
1.12354 -2.8267 2.55459 190 190 190 255 
1.2827 -2.93584 2.42481 190 190 190 255 
1.2827 -2.9698 2.38671 190 190 190 255 
1.12354 -3.17161 2.11081 190 190 190 255 
1.2827 -3.39219 1.73467 190 190 190 255 
1.2827 -3.5353 1.41561 190 190 190 255 
1.12354 -3.5357 1.41581 190 190 190 255 
1.2827 -3.55138 1.37978 190 190 190 255 
1.12354 -3.64425 1.11155 190 190 190 255 
1.2827 -3.66245 1.04406 190 190 190 255 
1.12354 -3.74985 0.661278 190 190 190 255 
1.2827 -3.75066 0.661382 190 190 190 255 
1.12354 -3.76735 0.568514 190 190 190 255 
1.12354 -3.79883 0.291705 190 190 190 255 
1.2827 -3.80215 0.244338 190 190 190 255 
1.12354 -3.80999 0.0133364 190 190 190 255 
1.2827 -3.80694 -0.121029 190 190 190 255 
1.12354 -3.80554 -0.12093 190 190 190 255 
1.2827 -3.77268 -0.531997 190 190 190 255 
1.12354 -3.77122 -0.542125 190 190 190 255 
1.12354 -3.72154 -0.81625 190 190 190 255 
1.2827 -3.69877 -0.913866 190 190 190 255 
1.12354 -3.70044 -0.898058 190 190 190 255 
1.12354 -3.58831 -1.27444 190 190 190 255 
1.2827 -3.58632 -1.28621 190 190 190 255 
1.2827 -3.43954 -1.63791 190 190 190 255 
1.12354 -3.4389 -1.63755 190 190 190 255 
1.2827 -3.25276 -1.9835 190 190 190 255 
1.12354 -3.25076 -1.98228 190 190 190 255 
1.2827 -3.25087 -1.98695 190 190 190 255 
1.12354 -3.03093 -2.30773 190 190 190 255 
1.2827 -2.78023 -2.60507 190 190 190 255 
1.2827 -2.7774 -2.60779 190 190 190 255 
1.12354 -2.65167 -2.73581 190 190 190 255 
1.2827 -2.50014 -2.87495 190 190 190 255 
1.2827 -2.49398 -2.87979 190 190 190 255 
1.12354 -2.49299 -2.87875 190 190 190 255 
1.12354 -2.44468 -2.92227 190 190 190 255 
1.2827 -2.194 -3.11487 190 190 190 255 
1.12354 -2.2246 -3.09309 190 190 190 255 
1.2827 -1.51655 -3.49516 190 190 190 255 
1.12354 -1.75001 -3.38431 190 190 190 255 
1.12354 -1.85006 -3.32785 190 190 190 255 
1.12354 -1.49805 -3.50314 190 190 190 255 
1.12354 -1.49851 -3.50292 190 190 190 255 
1.2827 -1.49816 -3.50205 190 190 190 255 
1.12354 -1.23806 -3.60324 190 190 190 255 
1.2827 -1.15229 -3.63157 190 190 190 255 
1.12354 -1.12909 -3.63628 190 190 190 255 
1.12354 -0.424108 -3.78632 190 190 190 255 
1.2827 -0.391693 -3.78981 190 190 190 255 
1.12354 -0.360259 -3.79112 190 190 190 255 
1.12354 -0.146299 -3.80719 190 190 190 255 
1.2827 -0.00326035 -3.81 190 190 190 255 
1.12354 0.0321229 -3.80752 190 190 190 255 
1.2827 0.385201 -3.79048 190 190 190 255 
1.12354 0.685864 -3.74776 190 190 190 255 
1.2827 0.424012 -3.78452 190 190 190 255 
1.2827 0.769642 -3.73145 190 190 190 255 
1.2827 0.811448 -3.72058 190 190 190 255 
1.12354 0.957886 -3.68762 190 190 190 255 
1.2827 1.19024 -3.61709 190 190 190 255 
1.12354 1.22481 -3.60776 190 190 190 255 
1.2827 1.51056 -3.49776 190 190 190 255 
1.2827 1.85929 -3.32552 190 190 190 255 
1.2827 1.90586 -3.29628 190 190 190 255 
1.2827 2.23508 -3.08238 190 190 190 255 
1.12354 2.23607 -3.08364 190 190 190 255 
1.12354 2.43391 -2.93123 190 190 190 255 
1.2827 2.49522 -2.87923 190 190 190 255 
1.2827 2.54053 -2.83572 190 190 190 255 
1.12354 2.82061 -2.56026 190 190 190 255 
1.12354 3.17585 -2.10476 190 190 190 255 
1.2827 3.24745 -1.99252 190 190 190 255 
1.2827 3.28318 -1.92701 190 190 190 255 
1.12354 3.32118 -1.86706 190 190 190 255 
1.12354 3.44873 -1.61939 190 190 190 255 
1.12354 3.46578 -1.57932 190 190 190 255 
1.2827 3.77176 -0.538465 190 190 190 255 
1.2827 3.77995 -0.448506 190 190 190 255 
1.2827 3.807 -0.151111 190 190 190 255 
1.12354 3.80794 -0.0567556 190 190 190 255 
1.2827 3.80258 0.237818 190 190 190 255 
1.12354 3.76942 0.55466 190 190 190 255 
1.2827 3.75851 0.624268 190 190 190 255 
1.2827 3.67526 1.00421 190 190 190 255 
1.12354 3.7188 0.828617 190 190 190 255 
1.12354 3.73804 0.724408 190 190 190 255 
1.05994 2.03631 3.22018 190 190 190 255 
1.03911 2.81895 3.20109 190 190 190 255 
1.0853 2.7707 3.17601 190 190 190 255 
1.2827 2.11339 3.17762 190 190 190 255 
1.09522 2.1135 3.17787 190 190 190 255 
1.06475 2.04637 3.21386 190 190 190 255 
1.12869 2.19832 3.14274 190 190 190 255 
1.2827 2.11555 3.17643 190 190 190 255 
1.14 2.23416 3.13244 190 190 190 255 
1.2827 2.23412 3.13209 190 190 190 255 
1.15066 2.26801 3.12271 190 190 190 255 
1.15114 2.27003 3.12233 190 190 190 255 
1.1811 2.47566 3.10289 190 190 190 255 
1.2827 2.37025 3.10575 190 190 190 255 
1.17267 2.37519 3.10614 190 190 190 255 
1.2827 2.3607 3.10752 190 190 190 255 
1.17752 2.54085 3.10838 190 190 190 255 
1.2827 2.48957 3.10465 190 190 190 255 
1.2827 2.73944 3.16365 190 190 190 255 
1.2827 2.7589 3.17051 190 190 190 255 
1.11416 2.72864 3.15793 190 190 190 255 
1.14728 2.66426 3.13487 190 190 190 255 
1.17264 2.5685 3.11315 190 190 190 255 
0.599926 3.85985 1.45533 190 190 190 255 
0.466605 4.14713 1.61797 190 190 190 255 
0.527385 4.16394 1.62747 190 190 190 255 
0.89764 3.7859 1.41347 190 190 190 255 
1.29055 3.81919 1.43232 190 190 190 255 
1.28671 3.80288 1.42306 190 190 190 255 
1.28527 3.83081 1.43889 190 190 190 255 
1.24257 3.9039 1.48027 190 190 190 255 
1.10806 4.04483 1.56005 190 190 190 255 
0.88888 3.79546 1.41889 190 190 190 255 
0.834188 4.16605 1.62866 190 190 190 255 
0.780441 3.85719 1.45383 190 190 190 255 
1.04635 4.08561 1.58314 190 190 190 255 
0.854539 3.82221 1.43402 190 190 190 255 
0.637831 3.86771 1.45978 190 190 190 255 
0.574638 4.17173 1.63189 190 190 190 255 
0.603332 4.17646 1.63457 190 190 190 255 
0.685817 3.87136 1.46184 190 190 190 255 
0.680723 4.18101 1.63714 190 190 190 255 
0.689169 3.87153 1.46195 190 190 190 255 
0.685785 4.18078 1.63701 190 190 190 255 
0.733832 3.86791 1.45989 190 190 190 255 
0.758097 4.17756 1.63518 190 190 190 255 
0.735122 3.86779 1.45983 190 190 190 255 
0.591378 3.85672 1.45357 190 190 190 255 
0.383019 4.11569 1.60016 190 190 190 255 
0.316862 4.08065 1.58032 190 190 190 255 
0.193745 3.98313 1.52512 190 190 190 255 
0.485641 3.79815 1.4204 190 190 190 255 
0.255819 4.03895 1.55672 190 190 190 255 
0.824309 3.16699 3.39811 190 190 190 255 
1.10026 3.04951 3.33161 190 190 190 255 
0.747968 3.1774 3.40401 190 190 190 255 
0.6858 2.94791 3.27409 190 190 190 255 
0.685774 3.17937 3.40511 190 190 190 255 
1.0377 3.08956 3.35427 190 190 190 255 
0.93345 2.89015 3.2414 190 190 190 255 
0.771808 2.94136 3.27038 190 190 190 255 
0.905062 3.14639 3.38644 190 190 190 255 
0.43815 2.89015 3.2414 190 190 190 255 
0.367427 2.84706 3.217 190 190 190 255 
0.194429 2.98355 3.29427 190 190 190 255 
0.599792 2.94136 3.27038 190 190 190 255 
0.516397 2.92191 3.25937 190 190 190 255 
1.28292 2.83471 3.21001 190 190 190 255 
1.24869 2.89522 3.24426 190 190 190 255 
0.108413 2.8718 3.23101 190 190 190 255 
0.12925 2.90278 3.24854 190 190 190 255 
0.332492 2.81895 3.20109 190 190 190 255 
0.147419 2.92979 3.26383 190 190 190 255 
0.0395757 2.6679 3.08452 190 190 190 255 
0.0384415 2.63463 3.07476 190 190 190 255 
0.0889001 2.73944 3.16365 190 190 190 255 
0.0545553 2.75713 3.13219 190 190 190 255 
0.0500306 2.73703 3.11942 190 190 190 255 
0.0381 2.16469 3.1007 190 190 190 255 
0.0889001 2.23982 3.12996 190 190 190 255 
0.0381 2.59258 3.06517 190 190 190 255 
0.0889001 2.50294 3.10453 190 190 190 255 
0.0889001 2.48957 3.10465 190 190 190 255 
0.0889001 2.37025 3.10575 190 190 190 255 
0.0381 2.4195 3.05179 190 190 190 255 
0.0381 2.36546 3.05625 190 190 190 255 
0.0381 3.59568 1.26028 190 190 190 255 
0.0381 3.58653 1.21237 190 190 190 255 
0.0889001 3.63639 1.20699 190 190 190 255 
0.0889001 3.63546 1.17178 190 190 190 255 
0.0889001 3.63531 1.16628 190 190 190 255 
0.0889001 3.64016 1.13024 190 190 190 255 
0.0889001 3.64075 1.12591 190 190 190 255 
0.0381 3.59726 1.09143 190 190 190 255 
0.038895 3.63612 1.3486 190 190 190 255 
0.0889001 3.7029 1.35286 190 190 190 255 
0.0430248 3.66958 1.38376 190 190 190 255 
0.0889001 3.71118 1.36044 190 190 190 255 
0.0496519 3.70558 1.40858 190 190 190 255 
0.0889001 3.76381 1.40097 190 190 190 255 
0.0616168 3.75398 1.42622 190 190 190 255 
0.0799312 3.8157 1.43243 190 190 190 255 
0.0839915 3.80302 1.42315 190 190 190 255 
0.0887759 3.76697 1.40275 190 190 190 255 
0.0882895 3.77941 1.40977 190 190 190 255 
0.0889001 -0.0420526 0.798994 190 190 190 255 
0.0889001 -0.18016 0.779551 190 190 190 255 
0.0889001 -0.312812 0.73642 190 190 190 255 
1.2827 -0.18016 0.779551 190 190 190 255 
1.2827 -0.312812 0.73642 190 190 190 255 
1.2827 -0.43593 0.670916 190 190 190 255 
0.0889001 -0.43593 0.670916 190 190 190 255 
0.0889001 -0.545799 0.585026 190 190 190 255 
1.2827 -0.545799 0.585026 190 190 190 255 
0.0889001 -0.639093 0.48136 190 190 190 255 
0.0889001 -0.712995 0.363066 190 190 190 255 
1.2827 -0.712995 0.363066 190 190 190 255 
1.2827 -0.765188 0.233744 190 190 190 255 
0.0889001 -0.765188 0.233744 190 190 190 255 
1.2827 -0.794146 0.0973182 190 190 190 255 
0.0889001 -0.779537 -0.180169 190 190 190 255 
1.2827 -0.779537 -0.180169 190 190 190 255 
0.0889001 -0.696288 -0.394155 190 190 190 255 
1.2827 -0.736413 -0.3128 190 190 190 255 
1.2827 -0.696288 -0.394155 190 190 190 255 
0.0889001 -0.585015 -0.545806 190 190 190 255 
1.2827 -0.363071 -0.712981 190 190 190 255 
1.2827 -0.233755 -0.765196 190 190 190 255 
0.0889001 0.180156 -0.779551 190 190 190 255 
1.2827 0.0420781 -0.798993 190 190 190 255 
1.2827 0.180156 -0.779551 190 190 190 255 
0.0889001 0.435926 -0.670916 190 190 190 255 
1.2827 0.435926 -0.670916 190 190 190 255 
0.0889001 0.639089 -0.48136 190 190 190 255 
1.2827 0.712991 -0.363067 190 190 190 255 
0.0889001 0.765183 -0.233744 190 190 190 255 
1.2827 0.794171 -0.0973169 190 190 190 255 
1.2827 0.798979 0.0420646 190 190 190 255 
0.0889001 0.779562 0.180171 190 190 190 255 
1.2827 0.779562 0.180171 190 190 190 255 
0.0889001 0.736409 0.3128 190 190 190 255 
0.0889001 0.670926 0.435927 190 190 190 255 
0.0889001 0.481346 0.639103 190 190 190 255 
1.2827 0.481346 0.639103 190 190 190 255 
1.2827 0.363066 0.712981 190 190 190 255 
0.0889001 0.233751 0.765196 190 190 190 255 
1.2827 0.097303 0.794159 190 190 190 255 
0.0889001 0.097303 0.794159 190 190 190 255 
1.2827 -0.0420526 0.798994 190 190 190 255 
1.2827 1.39317 2.49588 190 190 190 255 
0.0889001 1.39317 2.49588 190 190 190 255 
0.0889001 1.2981 2.30918 190 190 190 255 
1.2827 1.22775 2.23102 190 190 190 255 
0.0889001 1.22775 2.23102 190 190 190 255 
1.2827 1.14492 2.16626 190 190 190 255 
0.0889001 1.14492 2.16626 190 190 190 255 
1.2827 1.05208 2.11687 190 190 190 255 
1.2827 0.952081 2.08435 190 190 190 255 
0.0889001 1.05208 2.11687 190 190 190 255 
0.0889001 0.847953 2.06969 190 190 190 255 
1.2827 0.742861 2.07334 190 190 190 255 
0.0889001 0.742861 2.07334 190 190 190 255 
0.0889001 0.640004 2.09518 190 190 190 255 
1.2827 0.542491 2.13455 190 190 190 255 
1.2827 0.453311 2.19025 190 190 190 255 
0.0889001 0.542491 2.13455 190 190 190 255 
1.2827 0.375148 2.26059 190 190 190 255 
1.2827 0.310383 2.34344 190 190 190 255 
1.2827 0.228486 2.53627 190 190 190 255 
0.0889001 0.260998 2.43627 190 190 190 255 
1.2827 0.213842 2.6404 190 190 190 255 
1.2827 0.217472 2.74549 190 190 190 255 
0.0889001 0.217472 2.74549 190 190 190 255 
1.2827 0.278667 2.94585 190 190 190 255 
0.0889001 0.278667 2.94585 190 190 190 255 
1.2827 0.404719 3.1132 190 190 190 255 
0.0889001 0.404719 3.1132 190 190 190 255 
1.2827 0.580397 3.22735 190 190 190 255 
1.2827 0.784521 3.27453 190 190 190 255 
0.0889001 0.784521 3.27453 190 190 190 255 
0.0889001 0.99247 3.24904 190 190 190 255 
1.2827 1.08998 3.20968 190 190 190 255 
0.0889001 1.08998 3.20968 190 190 190 255 
1.2827 1.17916 3.15397 190 190 190 255 
1.2827 1.25733 3.08363 190 190 190 255 
0.0889001 1.25733 3.08363 190 190 190 255 
0.0889001 1.32209 3.00079 190 190 190 255 
1.2827 1.34121 2.96929 190 190 190 255 
0.0889001 1.34121 2.96929 190 190 190 255 
1.2827 1.37148 2.90795 190 190 190 255 
1.2827 1.40402 2.80795 190 190 190 255 
0.0889001 1.37148 2.90795 190 190 190 255 
1.2827 1.41866 2.70383 190 190 190 255 
1.2827 3.66217 1.29312 190 190 190 255 
1.2827 3.6839 1.3288 190 190 190 255 
1.32978 3.66246 1.37832 190 190 190 255 
1.2827 3.7029 1.35286 190 190 190 255 
1.28615 3.8005 1.4217 190 190 190 255 
1.283 3.76697 1.40276 190 190 190 255 
1.2827 3.76381 1.40097 190 190 190 255 
1.31004 3.75391 1.4264 190 190 190 255 
1.3119 3.74735 1.42518 190 190 190 255 
1.32102 3.70957 1.41031 190 190 190 255 
1.32182 3.70577 1.40823 190 190 190 255 
1.33346 3.62207 1.3271 190 190 190 255 
1.3335 3.61731 1.31819 190 190 190 255 
1.2827 3.65784 1.28531 190 190 190 255 
1.3335 3.61161 1.30639 190 190 190 255 
1.3335 3.59496 1.26043 190 190 190 255 
1.2827 3.63639 1.20699 190 190 190 255 
1.3335 3.58587 1.21241 190 190 190 255 
1.3335 3.58457 1.16354 190 190 190 255 
1.2827 3.63546 1.17178 190 190 190 255 
1.2827 3.64016 1.13024 190 190 190 255 
1.2827 3.64075 1.12591 190 190 190 255 
1.3335 3.59726 1.09143 190 190 190 255 
1.3335 1.91989 3.23196 190 190 190 255 
1.3335 1.58037 3.41086 190 190 190 255 
1.2827 1.69207 3.40935 190 190 190 255 
1.2827 1.60173 3.45696 190 190 190 255 
1.2827 1.24094 3.60225 190 190 190 255 
1.3335 0.855639 3.66053 190 190 190 255 
1.2827 0.573324 3.76303 190 190 190 255 
1.2827 0.484441 3.77908 190 190 190 255 
1.2827 0.182759 3.80218 190 190 190 255 
1.2827 0.0966115 3.80877 190 190 190 255 
1.2827 -0.292202 3.79878 190 190 190 255 
1.3335 -0.668957 3.6992 190 190 190 255 
1.2827 -0.678005 3.74919 190 190 190 255 
1.3335 -1.40541 3.4866 190 190 190 255 
1.2827 -1.7167 3.39816 190 190 190 255 
1.2827 -2.05759 3.20342 190 190 190 255 
1.3335 -2.08346 3.12903 190 190 190 255 
1.3335 -2.39161 2.90031 190 190 190 255 
1.2827 -2.37663 2.97461 190 190 190 255 
1.2827 -2.67043 2.71415 190 190 190 255 
1.3335 -3.15504 2.04386 190 190 190 255 
1.2827 -3.17006 2.10967 190 190 190 255 
1.2827 -3.19765 2.07148 190 190 190 255 
1.2827 -3.37059 1.77207 190 190 190 255 
1.3335 -3.34696 1.71154 190 190 190 255 
1.3335 -3.62458 0.997039 190 190 190 255 
1.2827 -3.67355 1.01051 190 190 190 255 
1.3335 -3.70733 0.622303 190 190 190 255 
1.2827 -3.75744 0.630712 190 190 190 255 
1.3335 -3.75146 0.24108 190 190 190 255 
1.2827 -3.79899 0.271638 190 190 190 255 
1.2827 -3.80725 -0.144583 190 190 190 255 
1.2827 -3.77443 -0.512445 190 190 190 255 
1.2827 -3.70176 -0.898449 190 190 190 255 
1.3335 -3.64945 -0.901681 190 190 190 255 
1.3335 -3.53852 -1.26906 190 190 190 255 
1.2827 -3.58972 -1.27494 190 190 190 255 
1.2827 -3.4365 -1.64515 190 190 190 255 
1.2827 -3.03136 -2.30804 190 190 190 255 
1.3335 -2.74317 -2.57033 190 190 190 255 
1.3335 -2.46682 -2.83662 190 190 190 255 
1.3335 -2.16476 -3.07334 190 190 190 255 
1.2827 -2.18406 -3.12115 190 190 190 255 
1.2827 -1.865 -3.32233 190 190 190 255 
1.3335 -1.84015 -3.27803 190 190 190 255 
1.2827 -1.85094 -3.32931 190 190 190 255 
1.3335 -1.13693 -3.58315 190 190 190 255 
1.2827 -1.12951 -3.63754 190 190 190 255 
1.2827 -0.776057 -3.73013 190 190 190 255 
1.2827 -0.748887 -3.73435 190 190 190 255 
1.3335 -0.386475 -3.73928 190 190 190 255 
1.2827 -0.360331 -3.79144 190 190 190 255 
1.3335 -0.00321909 -3.7592 190 190 190 255 
1.2827 0.032011 -3.80823 190 190 190 255 
1.3335 0.380063 -3.73994 190 190 190 255 
1.3335 0.759383 -3.6817 190 190 190 255 
1.2827 1.14607 -3.63354 190 190 190 255 
1.3335 1.49041 -3.45112 190 190 190 255 
1.2827 1.55632 -3.47515 190 190 190 255 
1.3335 2.15947 -3.07705 190 190 190 255 
1.2827 2.18867 -3.11863 190 190 190 255 
1.3335 2.46195 -2.84084 190 190 190 255 
1.3335 2.73875 -2.57503 190 190 190 255 
1.2827 2.77577 -2.60983 190 190 190 255 
1.2827 2.81896 -2.55892 190 190 190 255 
1.2827 3.02737 -2.31323 190 190 190 255 
1.2827 3.06737 -2.25495 190 190 190 255 
1.2827 3.43369 -1.65104 190 190 190 255 
1.2827 3.46404 -1.57861 190 190 190 255 
1.2827 3.58411 -1.29236 190 190 190 255 
1.2827 3.60809 -1.21345 190 190 190 255 
1.2827 3.6972 -0.920208 190 190 190 255 
1.2827 3.71377 -0.835407 190 190 190 255 
1.2827 3.80592 -0.0568581 190 190 190 255 
1.3335 3.75625 -0.149096 190 190 190 255 
1.3335 3.75186 0.234646 190 190 190 255 
1.2827 3.79144 0.335375 190 190 190 255 
1.2827 3.64587 1.10618 190 190 190 255 
1.2827 3.73666 0.724021 190 190 190 255 
1.2827 2.61705 3.12354 190 190 190 255 
1.3335 2.50689 3.05388 190 190 190 255 
1.2827 2.50294 3.10453 190 190 190 255 
1.2827 2.23982 3.12996 190 190 190 255 
1.30283 2.79724 3.16661 190 190 190 255 
1.2827 2.81895 3.20109 190 190 190 255 
1.2827 2.63379 3.12634 190 190 190 255 
1.33151 2.67451 3.08699 190 190 190 255 
0.0383345 3.62338 1.32814 190 190 190 255 
0.0381 3.4044 1.71057 190 190 190 255 
0.0388362 2.64621 3.07816 190 190 190 255 
0.0448942 3.68169 1.39406 190 190 190 255 
0.0381 3.25306 1.98333 190 190 190 255 
0.0410566 3.65684 1.37291 190 190 190 255 
0.0387883 3.63508 1.3474 190 190 190 255 
0.0748725 3.7995 1.43225 190 190 190 255 
0.0659211 3.76981 1.42997 190 190 190 255 
0.0804693 2.81933 3.19213 190 190 190 255 
0.0573069 3.73815 1.42246 190 190 190 255 
0.0504303 3.70934 1.41069 190 190 190 255 
0.0691922 2.79821 3.16758 190 190 190 255 
0.0502307 3.7085 1.41035 190 190 190 255 
0.0381 3.24815 1.99094 190 190 190 255 
0.0453917 2.71641 3.10632 190 190 190 255 
0.0594345 2.7708 3.14398 190 190 190 255 
1.31658 2.75873 3.13339 190 190 190 255 
1.31946 3.71694 1.41435 190 190 190 255 
1.31224 2.7709 3.14387 190 190 190 255 
1.30236 3.78116 1.43146 190 190 190 255 
1.3324 3.64008 1.35399 190 190 190 255 
1.33262 3.63637 1.34845 190 190 190 255 
1.32861 3.66948 1.38384 190 190 190 255 
1.32547 3.68843 1.39872 190 190 190 255 
1.32153 2.73696 3.11947 190 190 190 255 
1.32621 2.71641 3.10632 190 190 190 255 
1.33264 2.64614 3.07837 190 190 190 255 
1.3334 3.62309 1.32863 190 190 190 255 
1.33345 3.4044 1.71057 190 190 190 255 
1.3335 3.45766 1.60018 190 190 190 255 
1.3331 2.63456 3.07485 190 190 190 255 
1.33341 3.25306 1.98336 190 190 190 255 
0.0381 3.15143 2.14116 190 190 190 255 
1.29667 3.79949 1.43188 190 190 190 255 
1.29161 3.8158 1.43225 190 190 190 255 
1.29111 2.8193 3.19216 190 190 190 255 
1.25372 3.88848 1.47155 190 190 190 255 
1.24285 2.90302 3.24867 190 190 190 255 
1.20643 2.95164 3.2762 190 190 190 255 
1.2125 3.94546 1.5038 190 190 190 255 
1.17758 3.98293 1.525 190 190 190 255 
1.17746 2.98178 3.29326 190 190 190 255 
1.15661 3.00346 3.30554 190 190 190 255 
1.1635 3.99803 1.53355 190 190 190 255 
1.0986 3.05058 3.33221 190 190 190 255 
1.09831 4.05126 1.5637 190 190 190 255 
1.00615 3.10509 3.36307 190 190 190 255 
1.00615 4.10615 1.59477 190 190 190 255 
0.97036 3.12274 3.37305 190 190 190 255 
0.979493 4.11977 1.60248 190 190 190 255 
0.908617 4.14664 1.61769 190 190 190 255 
0.905149 4.14756 1.6182 190 190 190 255 
0.898982 3.14859 3.38769 190 190 190 255 
0.248297 3.03201 3.3217 190 190 190 255 
0.273519 4.05103 1.56356 190 190 190 255 
0.273633 3.04992 3.33183 190 190 190 255 
0.308347 3.07443 3.3457 190 190 190 255 
0.365346 4.10633 1.59486 190 190 190 255 
0.365176 3.10556 3.36333 190 190 190 255 
0.374082 3.11046 3.3661 190 190 190 255 
0.443896 3.13926 3.3824 190 190 190 255 
0.45334 4.14348 1.61589 190 190 190 255 
0.466706 3.14587 3.38615 190 190 190 255 
0.51747 3.16062 3.3945 190 190 190 255 
0.57461 3.17091 3.40032 190 190 190 255 
0.593257 3.17424 3.40222 190 190 190 255 
0.670341 3.17986 3.40539 190 190 190 255 
0.796999 3.17073 3.40022 190 190 190 255 
0.796966 4.17168 1.63185 190 190 190 255 
0.201169 3.99136 1.52978 190 190 190 255 
0.193371 2.98236 3.29359 190 190 190 255 
0.153236 3.93816 1.49967 190 190 190 255 
0.129238 3.90382 1.48021 190 190 190 255 
0.0886848 2.83471 3.21001 190 190 190 255 
0.113063 3.88063 1.4671 190 190 190 255 
0.0810464 3.81919 1.43232 190 190 190 255 
0.0767683 3.8058 1.43274 190 190 190 255 
1.2827 -0.67093 -0.435927 190 190 190 255 
1.3335 -0.783177 -0.332661 190 190 190 255 
1.3335 -0.829042 -0.191609 190 190 190 255 
1.2827 -0.798984 -0.0420648 190 190 190 255 
1.3335 -0.813778 0.248584 190 190 190 255 
1.2827 -0.639093 0.48136 190 190 190 255 
1.3335 -0.580463 0.62217 190 190 190 255 
1.3335 -0.332672 0.783177 190 190 190 255 
1.3335 0.38611 0.758249 190 190 190 255 
1.2827 0.233751 0.765196 190 190 190 255 
1.3335 0.622162 0.580461 190 190 190 255 
1.2827 0.585011 0.545806 190 190 190 255 
1.2827 0.670926 0.435927 190 190 190 255 
1.2827 0.736409 0.3128 190 190 190 255 
1.3335 0.829037 0.191609 190 190 190 255 
1.3335 0.849722 0.0447361 190 190 190 255 
1.3335 0.844574 -0.103497 190 190 190 255 
1.3335 0.758254 -0.386119 190 190 190 255 
1.2827 0.765183 -0.233744 190 190 190 255 
1.3335 0.580458 -0.62217 190 190 190 255 
1.2827 0.639089 -0.48136 190 190 190 255 
1.2827 0.545794 -0.585026 190 190 190 255 
1.3335 0.463595 -0.713514 190 190 190 255 
1.3335 0.332668 -0.783177 190 190 190 255 
1.2827 0.312808 -0.736421 190 190 190 255 
1.3335 0.0447489 -0.849723 190 190 190 255 
1.3335 -0.103486 -0.844582 190 190 190 255 
1.2827 -0.0973073 -0.794159 190 190 190 255 
1.3335 -0.248596 -0.81378 190 190 190 255 
1.2827 -0.481351 -0.639103 190 190 190 255 
1.3335 -0.622166 -0.580461 190 190 190 255 
1.2827 -0.585015 -0.545806 190 190 190 255 
1.2827 1.32209 3.00079 190 190 190 255 
1.3335 1.41824 2.92781 190 190 190 255 
1.3335 1.45349 2.81939 190 190 190 255 
1.3335 1.4694 2.7065 190 190 190 255 
1.3335 1.46543 2.59256 190 190 190 255 
1.3335 1.44176 2.48103 190 190 190 255 
1.2827 1.41503 2.59874 190 190 190 255 
1.2827 1.35381 2.39837 190 190 190 255 
1.3335 1.33868 2.27862 190 190 190 255 
1.2827 1.2981 2.30918 190 190 190 255 
1.3335 1.26242 2.19388 190 190 190 255 
1.3335 1.17259 2.12366 190 190 190 255 
1.3335 0.850624 2.01897 190 190 190 255 
1.2827 0.847953 2.06969 190 190 190 255 
1.3335 0.625163 2.04659 190 190 190 255 
1.2827 0.640004 2.09518 190 190 190 255 
1.3335 0.422768 2.14967 190 190 190 255 
1.3335 0.338026 2.22594 190 190 190 255 
1.3335 0.267791 2.31576 190 190 190 255 
1.2827 0.260998 2.43627 190 190 190 255 
1.3335 0.178981 2.52483 190 190 190 255 
1.3335 0.1631 2.63772 190 190 190 255 
1.3335 0.167039 2.75166 190 190 190 255 
1.2827 0.239303 2.84835 190 190 190 255 
1.3335 0.190742 2.86319 190 190 190 255 
1.3335 0.233404 2.9689 190 190 190 255 
1.2827 0.334374 3.03504 190 190 190 255 
1.3335 0.459888 3.22056 190 190 190 255 
1.2827 0.487558 3.17796 190 190 190 255 
1.3335 0.668953 3.30936 190 190 190 255 
1.2827 0.680392 3.25987 190 190 190 255 
1.3335 0.78185 3.32526 190 190 190 255 
1.3335 0.895792 3.3213 190 190 190 255 
1.2827 0.889613 3.27088 190 190 190 255 
1.2827 0.99247 3.24904 190 190 190 255 
1.33342 3.24815 1.99095 190 190 190 255 
1.3335 3.15143 2.14116 190 190 190 255 
1.3335 2.62461 3.07183 190 190 190 255 
1.3335 -1.75357 3.32514 190 190 190 255 
1.3335 -2.67486 2.64136 190 190 190 255 
1.3335 -2.93022 2.35488 190 190 190 255 
1.3335 1.36468 3.02846 190 190 190 255 
1.3335 2.00917 3.17724 190 190 190 255 
1.3335 2.0937 3.13057 190 190 190 255 
1.3335 2.22625 3.08101 190 190 190 255 
1.3335 2.36536 3.05518 190 190 190 255 
1.3335 1.39907 2.37532 190 190 190 255 
1.3335 3.59112 1.1151 190 190 190 255 
1.3335 -3.72238 -0.524904 190 190 190 255 
1.3335 -0.849726 -0.0447363 190 190 190 255 
1.3335 -3.50403 1.36139 190 190 190 255 
1.3335 0.214264 2.41641 190 190 190 255 
1.3335 0.511919 0.679681 190 190 190 255 
1.33344 3.3156 1.87693 190 190 190 255 
1.33344 3.36358 1.78706 190 190 190 255 
1.3335 0.713518 0.463604 190 190 190 255 
1.3335 -1.04262 3.61172 190 190 190 255 
1.3335 0.293819 3.0656 190 190 190 255 
1.3335 -0.288311 3.74813 190 190 190 255 
1.3335 0.095316 3.75799 190 190 190 255 
1.3335 0.370085 3.15035 190 190 190 255 
1.3335 0.477961 3.72869 190 190 190 255 
1.3335 0.560537 3.27411 190 190 190 255 
1.3335 1.22437 3.55422 190 190 190 255 
1.3335 1.11303 3.25494 190 190 190 255 
1.3335 1.20973 3.19455 190 190 190 255 
1.3335 1.29448 3.11829 190 190 190 255 
1.3335 0.103482 0.844582 190 190 190 255 
1.3335 0.519448 2.08928 190 190 190 255 
1.3335 -0.0447234 0.849724 190 190 190 255 
1.3335 -0.191599 0.829046 190 190 190 255 
1.3335 1.07194 2.07012 190 190 190 255 
1.3335 0.963521 2.03486 190 190 190 255 
1.3335 0.248592 0.81378 190 190 190 255 
1.3335 0.736682 2.02292 190 190 190 255 
1.3335 1.00731 3.29763 190 190 190 255 
1.3335 3.70839 0.615944 190 190 190 255 
1.3335 3.62628 0.990823 190 190 190 255 
1.3335 0.783173 0.33266 190 190 190 255 
1.3335 1.83451 -3.28118 190 190 190 255 
1.3335 -0.844578 0.103497 190 190 190 255 
1.3335 -0.758258 0.386119 190 190 190 255 
1.3335 -0.679678 0.511922 190 190 190 255 
1.3335 -3.7565 -0.142656 190 190 190 255 
1.3335 -0.463599 0.713514 190 190 190 255 
1.3335 0.813774 -0.248584 190 190 190 255 
1.3335 3.38791 -1.62903 190 190 190 255 
1.3335 3.53634 -1.27513 190 190 190 255 
1.3335 3.64791 -0.907938 190 190 190 255 
1.3335 3.72146 -0.531286 190 190 190 255 
1.3335 0.679674 -0.511922 190 190 190 255 
1.3335 2.98701 -2.28239 190 190 190 255 
1.3335 3.20415 -1.96595 190 190 190 255 
1.3335 1.1308 -3.58509 190 190 190 255 
1.3335 -0.765694 -3.68039 190 190 190 255 
1.3335 0.191595 -0.829046 190 190 190 255 
1.3335 -1.49632 -3.44856 190 190 190 255 
1.3335 -0.511923 -0.679682 190 190 190 255 
1.3335 -0.386114 -0.75825 190 190 190 255 
1.3335 -0.713522 -0.463605 190 190 190 255 
1.3335 -3.39068 -1.62322 190 190 190 255 
1.3335 -3.20753 -1.96046 190 190 190 255 
1.3335 -2.99093 -2.27726 190 190 190 255 
3 0 59 57 
3 61 59 0 
3 1 61 0 
3 0 2 4 
3 56 2 0 
3 57 56 0 
3 0 54 3 
3 5 54 0 
3 4 5 0 
3 0 48 46 
3 6 48 0 
3 3 6 0 
3 0 45 44 
3 7 45 0 
3 46 7 0 
3 0 38 37 
3 41 38 0 
3 44 41 0 
3 0 35 33 
3 36 35 0 
3 37 36 0 
3 0 8 29 
3 31 8 0 
3 33 31 0 
3 0 9 27 
3 28 9 0 
3 29 28 0 
3 0 24 12 
3 10 24 0 
3 27 10 0 
3 0 11 18 
3 22 11 0 
3 12 22 0 
3 0 13 14 
3 16 13 0 
3 14 1 0 
3 18 16 0 
3 14 13 15 
3 15 13 16 
3 15 16 17 
3 17 16 18 
3 17 18 19 
3 19 18 11 
3 19 11 20 
3 20 11 22 
3 20 22 21 
3 21 22 12 
3 21 12 23 
3 23 12 24 
3 23 24 25 
3 25 24 10 
3 25 10 26 
3 26 10 27 
3 26 27 70 
3 70 27 9 
3 70 9 69 
3 69 9 28 
3 69 28 68 
3 68 28 29 
3 68 29 67 
3 67 29 8 
3 67 8 30 
3 30 8 31 
3 30 31 32 
3 32 31 33 
3 32 33 34 
3 34 33 35 
3 34 35 64 
3 64 35 36 
3 64 36 63 
3 63 36 37 
3 63 37 39 
3 39 37 38 
3 39 38 40 
3 40 38 41 
3 40 41 42 
3 42 41 44 
3 42 44 43 
3 43 44 45 
3 43 45 86 
3 86 45 7 
3 86 7 47 
3 47 7 46 
3 47 46 49 
3 49 46 48 
3 49 48 50 
3 50 48 6 
3 50 6 51 
3 51 6 3 
3 51 3 52 
3 52 3 54 
3 52 54 53 
3 53 54 5 
3 53 5 84 
3 84 5 4 
3 84 4 55 
3 55 4 2 
3 55 2 81 
3 81 2 56 
3 81 56 58 
3 58 56 57 
3 58 57 79 
3 79 57 59 
3 79 59 60 
3 60 59 61 
3 60 61 77 
3 77 61 1 
3 77 1 76 
3 76 1 14 
3 76 14 15 
3 89 122 39 
3 39 122 62 
3 39 62 63 
3 63 62 118 
3 63 118 64 
3 64 118 65 
3 64 65 34 
3 34 65 115 
3 34 115 32 
3 32 115 66 
3 32 66 30 
3 30 66 114 
3 30 114 67 
3 67 114 112 
3 67 112 68 
3 68 112 111 
3 68 111 69 
3 69 111 110 
3 69 110 70 
3 70 110 71 
3 70 71 26 
3 26 71 105 
3 26 105 25 
3 25 105 72 
3 25 72 23 
3 23 72 73 
3 23 73 21 
3 21 73 74 
3 21 74 20 
3 20 74 75 
3 20 75 19 
3 19 75 99 
3 19 99 17 
3 17 99 95 
3 17 95 15 
3 15 95 96 
3 15 96 76 
3 76 96 91 
3 76 91 77 
3 77 91 154 
3 77 154 60 
3 60 154 78 
3 60 78 79 
3 79 78 80 
3 79 80 58 
3 58 80 153 
3 58 153 81 
3 81 153 82 
3 81 82 55 
3 55 82 149 
3 55 149 84 
3 84 149 83 
3 84 83 53 
3 53 83 142 
3 53 142 52 
3 52 142 141 
3 52 141 51 
3 51 141 139 
3 51 139 50 
3 50 139 132 
3 50 132 49 
3 49 132 85 
3 49 85 47 
3 47 85 135 
3 47 135 86 
3 86 135 130 
3 86 130 43 
3 43 130 87 
3 43 87 42 
3 42 87 88 
3 42 88 40 
3 40 88 89 
3 40 89 39 
3 93 158 91 
3 91 158 154 
3 231 156 96 
3 96 156 90 
3 96 90 91 
3 91 90 92 
3 91 92 93 
3 99 94 95 
3 95 94 97 
3 95 97 96 
3 96 97 98 
3 96 98 231 
3 230 229 99 
3 99 229 228 
3 99 228 94 
3 230 99 100 
3 100 99 75 
3 100 75 101 
3 101 75 74 
3 101 74 102 
3 102 74 103 
3 103 74 73 
3 103 73 223 
3 223 73 104 
3 104 73 72 
3 104 72 221 
3 108 217 105 
3 105 217 106 
3 105 106 72 
3 72 106 218 
3 72 218 221 
3 110 107 71 
3 71 107 213 
3 71 213 105 
3 105 213 215 
3 105 215 108 
3 109 211 110 
3 110 211 212 
3 110 212 107 
3 109 110 209 
3 209 110 111 
3 209 111 208 
3 208 111 112 
3 208 112 113 
3 113 112 207 
3 207 112 114 
3 207 114 201 
3 201 114 203 
3 203 114 66 
3 203 66 205 
3 200 199 115 
3 115 199 206 
3 115 206 66 
3 66 206 116 
3 66 116 205 
3 117 198 118 
3 118 198 197 
3 118 197 65 
3 65 197 196 
3 65 196 115 
3 115 196 194 
3 115 194 200 
3 122 119 62 
3 62 119 120 
3 62 120 118 
3 118 120 193 
3 118 193 117 
3 89 188 122 
3 122 188 121 
3 122 121 119 
3 186 123 88 
3 88 123 124 
3 88 124 89 
3 89 124 190 
3 89 190 188 
3 186 88 125 
3 125 88 87 
3 125 87 126 
3 126 87 127 
3 127 87 130 
3 127 130 183 
3 180 128 135 
3 135 128 129 
3 135 129 130 
3 130 129 131 
3 130 131 183 
3 132 133 85 
3 85 133 134 
3 85 134 135 
3 135 134 179 
3 135 179 180 
3 136 175 132 
3 132 175 176 
3 132 176 133 
3 136 132 137 
3 137 132 139 
3 137 139 138 
3 138 139 141 
3 138 141 140 
3 140 141 143 
3 143 141 142 
3 143 142 173 
3 173 142 144 
3 144 142 83 
3 144 83 147 
3 150 172 149 
3 149 172 145 
3 149 145 83 
3 83 145 146 
3 83 146 147 
3 165 167 153 
3 153 167 148 
3 153 148 82 
3 82 148 168 
3 82 168 149 
3 149 168 170 
3 149 170 150 
3 78 151 80 
3 80 151 152 
3 80 152 153 
3 153 152 164 
3 153 164 165 
3 158 159 154 
3 154 159 155 
3 154 155 78 
3 78 155 161 
3 78 161 151 
3 1184 1231 156 
3 156 1231 90 
3 90 1231 92 
3 92 1231 1230 
3 92 1230 93 
3 93 1230 157 
3 93 157 158 
3 158 157 159 
3 159 157 160 
3 159 160 155 
3 155 160 161 
3 161 160 162 
3 161 162 151 
3 151 162 152 
3 152 162 163 
3 152 163 164 
3 164 163 166 
3 164 166 165 
3 165 166 167 
3 167 166 1227 
3 167 1227 148 
3 148 1227 168 
3 168 1227 169 
3 168 169 170 
3 170 169 171 
3 170 171 150 
3 150 171 172 
3 172 171 1226 
3 172 1226 145 
3 145 1226 146 
3 146 1226 1223 
3 146 1223 147 
3 147 1223 1222 
3 147 1222 144 
3 144 1222 173 
3 173 1222 1221 
3 173 1221 143 
3 143 1221 140 
3 140 1221 174 
3 140 174 138 
3 138 174 137 
3 137 174 1217 
3 137 1217 136 
3 136 1217 1215 
3 136 1215 175 
3 175 1215 176 
3 176 1215 177 
3 176 177 133 
3 133 177 134 
3 134 177 178 
3 134 178 179 
3 179 178 181 
3 179 181 180 
3 180 181 128 
3 128 181 182 
3 128 182 129 
3 129 182 131 
3 131 182 184 
3 131 184 183 
3 183 184 1210 
3 183 1210 127 
3 127 1210 126 
3 126 1210 185 
3 126 185 125 
3 125 185 186 
3 186 185 1208 
3 186 1208 123 
3 123 1208 189 
3 123 189 124 
3 1207 121 187 
3 187 121 188 
3 187 188 189 
3 189 188 190 
3 189 190 124 
3 191 193 192 
3 192 193 120 
3 192 120 1207 
3 1207 120 119 
3 1207 119 121 
3 1205 198 191 
3 191 198 117 
3 191 117 193 
3 1203 194 195 
3 195 194 196 
3 195 196 1205 
3 1205 196 197 
3 1205 197 198 
3 1201 199 1203 
3 1203 199 200 
3 1203 200 194 
3 201 203 202 
3 202 203 205 
3 202 205 204 
3 204 205 116 
3 204 116 1201 
3 1201 116 206 
3 1201 206 199 
3 201 202 207 
3 207 202 1198 
3 207 1198 113 
3 113 1198 1197 
3 113 1197 208 
3 208 1197 209 
3 209 1197 1193 
3 209 1193 109 
3 109 1193 210 
3 109 210 211 
3 211 210 212 
3 212 210 1192 
3 212 1192 107 
3 107 1192 213 
3 213 1192 214 
3 213 214 215 
3 215 214 216 
3 215 216 108 
3 108 216 217 
3 217 216 219 
3 217 219 106 
3 106 219 218 
3 218 219 220 
3 218 220 221 
3 221 220 222 
3 221 222 104 
3 226 102 1188 
3 1188 102 103 
3 1188 103 222 
3 222 103 223 
3 222 223 104 
3 224 230 225 
3 225 230 100 
3 225 100 226 
3 226 100 101 
3 226 101 102 
3 227 228 224 
3 224 228 229 
3 224 229 230 
3 156 231 1184 
3 1184 231 98 
3 1184 98 1186 
3 1186 98 97 
3 1186 97 227 
3 227 97 94 
3 227 94 228 
3 232 234 233 
3 233 234 235 
3 233 235 236 
3 236 235 237 
3 236 237 307 
3 307 237 1296 
3 307 1296 306 
3 306 1296 1297 
3 306 1297 305 
3 305 1297 1274 
3 305 1274 238 
3 238 1274 239 
3 238 239 240 
3 240 239 1257 
3 240 1257 241 
3 241 1257 242 
3 241 242 302 
3 302 242 1253 
3 302 1253 301 
3 301 1253 1254 
3 301 1254 299 
3 299 1254 243 
3 299 243 298 
3 298 243 244 
3 298 244 297 
3 297 244 1327 
3 297 1327 245 
3 245 1327 1315 
3 245 1315 294 
3 294 1315 1312 
3 294 1312 246 
3 246 1312 248 
3 246 248 247 
3 247 248 1323 
3 247 1323 292 
3 292 1323 249 
3 292 249 250 
3 250 249 251 
3 250 251 289 
3 289 251 1293 
3 289 1293 288 
3 288 1293 1272 
3 288 1272 252 
3 252 1272 253 
3 252 253 287 
3 287 253 1261 
3 287 1261 284 
3 284 1261 254 
3 284 254 255 
3 255 254 1244 
3 255 1244 256 
3 256 1244 1247 
3 256 1247 257 
3 257 1247 1249 
3 257 1249 333 
3 333 1249 258 
3 333 258 259 
3 259 258 1235 
3 259 1235 260 
3 260 1235 1240 
3 260 1240 329 
3 329 1240 1242 
3 329 1242 261 
3 261 1242 1288 
3 261 1288 262 
3 262 1288 263 
3 262 263 264 
3 264 263 265 
3 264 265 266 
3 266 265 267 
3 266 267 327 
3 327 267 268 
3 327 268 269 
3 269 268 1308 
3 269 1308 270 
3 270 1308 1310 
3 270 1310 325 
3 325 1310 1305 
3 325 1305 324 
3 324 1305 1280 
3 324 1280 323 
3 323 1280 271 
3 323 271 272 
3 272 271 1301 
3 272 1301 321 
3 321 1301 274 
3 321 274 273 
3 273 274 275 
3 273 275 276 
3 276 275 277 
3 276 277 317 
3 317 277 279 
3 317 279 278 
3 278 279 1267 
3 278 1267 280 
3 280 1267 1238 
3 280 1238 313 
3 313 1238 281 
3 313 281 282 
3 282 281 1265 
3 282 1265 283 
3 283 1265 1318 
3 283 1318 310 
3 310 1318 1319 
3 310 1319 309 
3 309 1319 232 
3 309 232 233 
3 257 335 256 
3 256 335 336 
3 256 336 255 
3 255 336 285 
3 255 285 284 
3 284 285 286 
3 284 286 287 
3 287 286 337 
3 287 337 252 
3 252 337 339 
3 252 339 288 
3 288 339 340 
3 288 340 289 
3 289 340 290 
3 289 290 250 
3 250 290 291 
3 250 291 292 
3 292 291 293 
3 292 293 247 
3 247 293 341 
3 247 341 246 
3 246 341 344 
3 246 344 294 
3 294 344 295 
3 294 295 245 
3 245 295 296 
3 245 296 297 
3 297 296 345 
3 297 345 298 
3 298 345 346 
3 298 346 299 
3 299 346 300 
3 299 300 301 
3 301 300 349 
3 301 349 302 
3 302 349 350 
3 302 350 241 
3 241 350 303 
3 241 303 240 
3 240 303 304 
3 240 304 238 
3 238 304 352 
3 238 352 305 
3 305 352 354 
3 305 354 306 
3 306 354 357 
3 306 357 307 
3 307 357 358 
3 307 358 236 
3 236 358 308 
3 236 308 233 
3 233 308 360 
3 233 360 309 
3 309 360 361 
3 309 361 310 
3 310 361 311 
3 310 311 283 
3 283 311 312 
3 283 312 282 
3 282 312 314 
3 282 314 313 
3 313 314 315 
3 313 315 280 
3 280 315 364 
3 280 364 278 
3 278 364 316 
3 278 316 317 
3 317 316 318 
3 317 318 276 
3 276 318 319 
3 276 319 273 
3 273 319 320 
3 273 320 321 
3 321 320 366 
3 321 366 272 
3 272 366 322 
3 272 322 323 
3 323 322 367 
3 323 367 324 
3 324 367 368 
3 324 368 325 
3 325 368 369 
3 325 369 270 
3 270 369 371 
3 270 371 269 
3 269 371 326 
3 269 326 327 
3 327 326 373 
3 327 373 266 
3 266 373 328 
3 266 328 264 
3 264 328 375 
3 264 375 262 
3 262 375 377 
3 262 377 261 
3 261 377 378 
3 261 378 329 
3 329 378 330 
3 329 330 260 
3 260 330 331 
3 260 331 259 
3 259 331 332 
3 259 332 333 
3 333 332 334 
3 333 334 257 
3 257 334 335 
3 335 381 336 
3 336 381 382 
3 336 382 285 
3 285 382 383 
3 285 383 286 
3 286 383 385 
3 286 385 337 
3 337 385 338 
3 337 338 339 
3 339 338 388 
3 339 388 340 
3 340 388 390 
3 340 390 290 
3 290 390 391 
3 290 391 291 
3 291 391 392 
3 291 392 293 
3 293 392 342 
3 293 342 341 
3 341 342 343 
3 341 343 344 
3 344 343 395 
3 344 395 295 
3 295 395 397 
3 295 397 296 
3 296 397 398 
3 296 398 345 
3 345 398 399 
3 345 399 346 
3 346 399 347 
3 346 347 300 
3 300 347 348 
3 300 348 349 
3 349 348 402 
3 349 402 350 
3 350 402 351 
3 350 351 303 
3 303 351 404 
3 303 404 304 
3 304 404 405 
3 304 405 352 
3 352 405 353 
3 352 353 354 
3 354 353 355 
3 354 355 357 
3 357 355 356 
3 357 356 358 
3 358 356 408 
3 358 408 308 
3 308 408 410 
3 308 410 360 
3 360 410 359 
3 360 359 361 
3 361 359 362 
3 361 362 311 
3 311 362 412 
3 311 412 312 
3 312 412 363 
3 312 363 314 
3 314 363 415 
3 314 415 315 
3 315 415 416 
3 315 416 364 
3 364 416 417 
3 364 417 316 
3 316 417 419 
3 316 419 318 
3 318 419 421 
3 318 421 319 
3 319 421 365 
3 319 365 320 
3 320 365 423 
3 320 423 366 
3 366 423 424 
3 366 424 322 
3 322 424 426 
3 322 426 367 
3 367 426 427 
3 367 427 368 
3 368 427 429 
3 368 429 369 
3 369 429 370 
3 369 370 371 
3 371 370 430 
3 371 430 326 
3 326 430 372 
3 326 372 373 
3 373 372 374 
3 373 374 328 
3 328 374 432 
3 328 432 375 
3 375 432 376 
3 375 376 377 
3 377 376 434 
3 377 434 378 
3 378 434 379 
3 378 379 330 
3 330 379 436 
3 330 436 331 
3 331 436 438 
3 331 438 332 
3 332 438 439 
3 332 439 334 
3 334 439 380 
3 334 380 335 
3 335 380 381 
3 381 490 382 
3 382 490 442 
3 382 442 383 
3 383 442 384 
3 383 384 385 
3 385 384 386 
3 385 386 338 
3 338 386 387 
3 338 387 388 
3 388 387 444 
3 388 444 390 
3 390 444 389 
3 390 389 391 
3 391 389 447 
3 391 447 392 
3 392 447 449 
3 392 449 342 
3 342 449 393 
3 342 393 343 
3 343 393 394 
3 343 394 395 
3 395 394 396 
3 395 396 397 
3 397 396 452 
3 397 452 398 
3 398 452 453 
3 398 453 399 
3 399 453 454 
3 399 454 347 
3 347 454 400 
3 347 400 348 
3 348 400 401 
3 348 401 402 
3 402 401 456 
3 402 456 351 
3 351 456 403 
3 351 403 404 
3 404 403 457 
3 404 457 405 
3 405 457 458 
3 405 458 353 
3 353 458 459 
3 353 459 355 
3 355 459 406 
3 355 406 356 
3 356 406 407 
3 356 407 408 
3 408 407 409 
3 408 409 410 
3 410 409 411 
3 410 411 359 
3 359 411 461 
3 359 461 362 
3 362 461 463 
3 362 463 412 
3 412 463 413 
3 412 413 363 
3 363 413 414 
3 363 414 415 
3 415 414 466 
3 415 466 416 
3 416 466 467 
3 416 467 417 
3 417 467 468 
3 417 468 419 
3 419 468 418 
3 419 418 421 
3 421 418 420 
3 421 420 365 
3 365 420 422 
3 365 422 423 
3 423 422 425 
3 423 425 424 
3 424 425 472 
3 424 472 426 
3 426 472 473 
3 426 473 427 
3 427 473 474 
3 427 474 429 
3 429 474 428 
3 429 428 370 
3 370 428 477 
3 370 477 430 
3 430 477 431 
3 430 431 372 
3 372 431 479 
3 372 479 374 
3 374 479 481 
3 374 481 432 
3 432 481 433 
3 432 433 376 
3 376 433 485 
3 376 485 434 
3 434 485 435 
3 434 435 379 
3 379 435 486 
3 379 486 436 
3 436 486 437 
3 436 437 438 
3 438 437 489 
3 438 489 439 
3 439 489 440 
3 439 440 380 
3 380 440 441 
3 380 441 381 
3 381 441 490 
3 490 492 442 
3 442 492 443 
3 442 443 384 
3 384 443 494 
3 384 494 386 
3 386 494 495 
3 386 495 387 
3 387 495 496 
3 387 496 444 
3 444 496 445 
3 444 445 389 
3 389 445 446 
3 389 446 447 
3 447 446 448 
3 447 448 449 
3 449 448 500 
3 449 500 393 
3 393 500 502 
3 393 502 394 
3 394 502 450 
3 394 450 396 
3 396 450 451 
3 396 451 452 
3 452 451 505 
3 452 505 453 
3 453 505 507 
3 453 507 454 
3 454 507 508 
3 454 508 400 
3 400 508 510 
3 400 510 401 
3 401 510 455 
3 401 455 456 
3 456 455 511 
3 456 511 403 
3 403 511 512 
3 403 512 457 
3 457 512 513 
3 457 513 458 
3 458 513 515 
3 458 515 459 
3 459 515 516 
3 459 516 406 
3 406 516 519 
3 406 519 407 
3 407 519 520 
3 407 520 409 
3 409 520 460 
3 409 460 411 
3 411 460 522 
3 411 522 461 
3 461 522 462 
3 461 462 463 
3 463 462 464 
3 463 464 413 
3 413 464 524 
3 413 524 414 
3 414 524 465 
3 414 465 466 
3 466 465 525 
3 466 525 467 
3 467 525 527 
3 467 527 468 
3 468 527 528 
3 468 528 418 
3 418 528 530 
3 418 530 420 
3 420 530 469 
3 420 469 422 
3 422 469 531 
3 422 531 425 
3 425 531 470 
3 425 470 472 
3 472 470 471 
3 472 471 473 
3 473 471 475 
3 473 475 474 
3 474 475 476 
3 474 476 428 
3 428 476 534 
3 428 534 477 
3 477 534 478 
3 477 478 431 
3 431 478 535 
3 431 535 479 
3 479 535 480 
3 479 480 481 
3 481 480 482 
3 481 482 433 
3 433 482 483 
3 433 483 485 
3 485 483 484 
3 485 484 435 
3 435 484 539 
3 435 539 486 
3 486 539 487 
3 486 487 437 
3 437 487 488 
3 437 488 489 
3 489 488 542 
3 489 542 440 
3 440 542 543 
3 440 543 441 
3 441 543 491 
3 441 491 490 
3 490 491 492 
3 492 493 443 
3 443 493 548 
3 443 548 494 
3 494 548 549 
3 494 549 495 
3 495 549 550 
3 495 550 496 
3 496 550 497 
3 496 497 445 
3 445 497 553 
3 445 553 446 
3 446 553 498 
3 446 498 448 
3 448 498 499 
3 448 499 500 
3 500 499 501 
3 500 501 502 
3 502 501 503 
3 502 503 450 
3 450 503 504 
3 450 504 451 
3 451 504 506 
3 451 506 505 
3 505 506 557 
3 505 557 507 
3 507 557 558 
3 507 558 508 
3 508 558 509 
3 508 509 510 
3 510 509 560 
3 510 560 455 
3 455 560 561 
3 455 561 511 
3 511 561 562 
3 511 562 512 
3 512 562 564 
3 512 564 513 
3 513 564 514 
3 513 514 515 
3 515 514 517 
3 515 517 516 
3 516 517 518 
3 516 518 519 
3 519 518 568 
3 519 568 520 
3 520 568 521 
3 520 521 460 
3 460 521 569 
3 460 569 522 
3 522 569 570 
3 522 570 462 
3 462 570 572 
3 462 572 464 
3 464 572 523 
3 464 523 524 
3 524 523 574 
3 524 574 465 
3 465 574 576 
3 465 576 525 
3 525 576 526 
3 525 526 527 
3 527 526 578 
3 527 578 528 
3 528 578 529 
3 528 529 530 
3 530 529 580 
3 530 580 469 
3 469 580 582 
3 469 582 531 
3 531 582 584 
3 531 584 470 
3 470 584 532 
3 470 532 471 
3 471 532 585 
3 471 585 475 
3 475 585 533 
3 475 533 476 
3 476 533 588 
3 476 588 534 
3 534 588 590 
3 534 590 478 
3 478 590 591 
3 478 591 535 
3 535 591 536 
3 535 536 480 
3 480 536 592 
3 480 592 482 
3 482 592 537 
3 482 537 483 
3 483 537 595 
3 483 595 484 
3 484 595 538 
3 484 538 539 
3 539 538 540 
3 539 540 487 
3 487 540 597 
3 487 597 488 
3 488 597 541 
3 488 541 542 
3 542 541 544 
3 542 544 543 
3 543 544 545 
3 543 545 491 
3 491 545 546 
3 491 546 492 
3 492 546 493 
3 493 547 548 
3 548 547 601 
3 548 601 549 
3 549 601 602 
3 549 602 550 
3 550 602 551 
3 550 551 497 
3 497 551 552 
3 497 552 553 
3 553 552 605 
3 553 605 498 
3 498 605 606 
3 498 606 499 
3 499 606 608 
3 499 608 501 
3 501 608 554 
3 501 554 503 
3 503 554 555 
3 503 555 504 
3 504 555 556 
3 504 556 506 
3 506 556 611 
3 506 611 557 
3 557 611 613 
3 557 613 558 
3 558 613 614 
3 558 614 509 
3 509 614 559 
3 509 559 560 
3 560 559 617 
3 560 617 561 
3 561 617 563 
3 561 563 562 
3 562 563 620 
3 562 620 564 
3 564 620 565 
3 564 565 514 
3 514 565 566 
3 514 566 517 
3 517 566 623 
3 517 623 518 
3 518 623 567 
3 518 567 568 
3 568 567 625 
3 568 625 521 
3 521 625 626 
3 521 626 569 
3 569 626 627 
3 569 627 570 
3 570 627 571 
3 570 571 572 
3 572 571 573 
3 572 573 523 
3 523 573 628 
3 523 628 574 
3 574 628 575 
3 574 575 576 
3 576 575 630 
3 576 630 526 
3 526 630 577 
3 526 577 578 
3 578 577 631 
3 578 631 529 
3 529 631 579 
3 529 579 580 
3 580 579 581 
3 580 581 582 
3 582 581 583 
3 582 583 584 
3 584 583 632 
3 584 632 532 
3 532 632 586 
3 532 586 585 
3 585 586 634 
3 585 634 533 
3 533 634 587 
3 533 587 588 
3 588 587 589 
3 588 589 590 
3 590 589 638 
3 590 638 591 
3 591 638 640 
3 591 640 536 
3 536 640 593 
3 536 593 592 
3 592 593 594 
3 592 594 537 
3 537 594 643 
3 537 643 595 
3 595 643 596 
3 595 596 538 
3 538 596 644 
3 538 644 540 
3 540 644 598 
3 540 598 597 
3 597 598 646 
3 597 646 541 
3 541 646 647 
3 541 647 544 
3 544 647 648 
3 544 648 545 
3 545 648 599 
3 545 599 546 
3 546 599 649 
3 546 649 493 
3 493 649 547 
3 547 600 601 
3 601 600 651 
3 601 651 602 
3 602 651 603 
3 602 603 551 
3 551 603 654 
3 551 654 552 
3 552 654 604 
3 552 604 605 
3 605 604 607 
3 605 607 606 
3 606 607 657 
3 606 657 608 
3 608 657 660 
3 608 660 554 
3 554 660 662 
3 554 662 555 
3 555 662 609 
3 555 609 556 
3 556 609 610 
3 556 610 611 
3 611 610 612 
3 611 612 613 
3 613 612 666 
3 613 666 614 
3 614 666 615 
3 614 615 559 
3 559 615 616 
3 559 616 617 
3 617 616 618 
3 617 618 563 
3 563 618 619 
3 563 619 620 
3 620 619 621 
3 620 621 565 
3 565 621 669 
3 565 669 566 
3 566 669 622 
3 566 622 623 
3 623 622 672 
3 623 672 567 
3 567 672 624 
3 567 624 625 
3 625 624 674 
3 625 674 626 
3 626 674 675 
3 626 675 627 
3 627 675 677 
3 627 677 571 
3 571 677 678 
3 571 678 573 
3 573 678 680 
3 573 680 628 
3 628 680 629 
3 628 629 575 
3 575 629 681 
3 575 681 630 
3 630 681 682 
3 630 682 577 
3 577 682 685 
3 577 685 631 
3 631 685 686 
3 631 686 579 
3 579 686 688 
3 579 688 581 
3 581 688 690 
3 581 690 583 
3 583 690 691 
3 583 691 632 
3 632 691 633 
3 632 633 586 
3 586 633 635 
3 586 635 634 
3 634 635 636 
3 634 636 587 
3 587 636 637 
3 587 637 589 
3 589 637 694 
3 589 694 638 
3 638 694 639 
3 638 639 640 
3 640 639 697 
3 640 697 593 
3 593 697 641 
3 593 641 594 
3 594 641 642 
3 594 642 643 
3 643 642 699 
3 643 699 596 
3 596 699 700 
3 596 700 644 
3 644 700 702 
3 644 702 598 
3 598 702 645 
3 598 645 646 
3 646 645 704 
3 646 704 647 
3 647 704 706 
3 647 706 648 
3 648 706 707 
3 648 707 599 
3 599 707 708 
3 599 708 649 
3 649 708 710 
3 649 710 547 
3 547 710 600 
3 600 650 651 
3 651 650 652 
3 651 652 603 
3 603 652 653 
3 603 653 654 
3 654 653 655 
3 654 655 604 
3 604 655 656 
3 604 656 607 
3 607 656 658 
3 607 658 657 
3 657 658 659 
3 657 659 660 
3 660 659 661 
3 660 661 662 
3 662 661 663 
3 662 663 609 
3 609 663 664 
3 609 664 610 
3 610 664 665 
3 610 665 612 
3 612 665 667 
3 612 667 666 
3 666 667 717 
3 666 717 615 
3 615 717 718 
3 615 718 616 
3 616 718 720 
3 616 720 618 
3 618 720 668 
3 618 668 619 
3 619 668 722 
3 619 722 621 
3 621 722 723 
3 621 723 669 
3 669 723 670 
3 669 670 622 
3 622 670 671 
3 622 671 672 
3 672 671 728 
3 672 728 624 
3 624 728 673 
3 624 673 674 
3 674 673 676 
3 674 676 675 
3 675 676 729 
3 675 729 677 
3 677 729 679 
3 677 679 678 
3 678 679 730 
3 678 730 680 
3 680 730 731 
3 680 731 629 
3 629 731 732 
3 629 732 681 
3 681 732 683 
3 681 683 682 
3 682 683 684 
3 682 684 685 
3 685 684 687 
3 685 687 686 
3 686 687 689 
3 686 689 688 
3 688 689 734 
3 688 734 690 
3 690 734 736 
3 690 736 691 
3 691 736 692 
3 691 692 633 
3 633 692 693 
3 633 693 635 
3 635 693 739 
3 635 739 636 
3 636 739 741 
3 636 741 637 
3 637 741 695 
3 637 695 694 
3 694 695 696 
3 694 696 639 
3 639 696 743 
3 639 743 697 
3 697 743 745 
3 697 745 641 
3 641 745 698 
3 641 698 642 
3 642 698 748 
3 642 748 699 
3 699 748 750 
3 699 750 700 
3 700 750 701 
3 700 701 702 
3 702 701 703 
3 702 703 645 
3 645 703 751 
3 645 751 704 
3 704 751 752 
3 704 752 706 
3 706 752 705 
3 706 705 707 
3 707 705 754 
3 707 754 708 
3 708 754 709 
3 708 709 710 
3 710 709 757 
3 710 757 600 
3 600 757 650 
3 650 759 652 
3 652 759 711 
3 652 711 653 
3 653 711 712 
3 653 712 655 
3 655 712 762 
3 655 762 656 
3 656 762 763 
3 656 763 658 
3 658 763 713 
3 658 713 659 
3 659 713 714 
3 659 714 661 
3 661 714 715 
3 661 715 663 
3 663 715 716 
3 663 716 664 
3 664 716 766 
3 664 766 665 
3 665 766 767 
3 665 767 667 
3 667 767 770 
3 667 770 717 
3 717 770 719 
3 717 719 718 
3 718 719 772 
3 718 772 720 
3 720 772 774 
3 720 774 668 
3 668 774 721 
3 668 721 722 
3 722 721 776 
3 722 776 723 
3 723 776 724 
3 723 724 670 
3 670 724 725 
3 670 725 671 
3 671 725 726 
3 671 726 728 
3 728 726 727 
3 728 727 673 
3 673 727 779 
3 673 779 676 
3 676 779 781 
3 676 781 729 
3 729 781 782 
3 729 782 679 
3 679 782 783 
3 679 783 730 
3 730 783 785 
3 730 785 731 
3 731 785 786 
3 731 786 732 
3 732 786 788 
3 732 788 683 
3 683 788 790 
3 683 790 684 
3 684 790 733 
3 684 733 687 
3 687 733 792 
3 687 792 689 
3 689 792 794 
3 689 794 734 
3 734 794 735 
3 734 735 736 
3 736 735 737 
3 736 737 692 
3 692 737 738 
3 692 738 693 
3 693 738 796 
3 693 796 739 
3 739 796 797 
3 739 797 741 
3 741 797 740 
3 741 740 695 
3 695 740 742 
3 695 742 696 
3 696 742 744 
3 696 744 743 
3 743 744 798 
3 743 798 745 
3 745 798 746 
3 745 746 698 
3 698 746 747 
3 698 747 748 
3 748 747 749 
3 748 749 750 
3 750 749 800 
3 750 800 701 
3 701 800 803 
3 701 803 703 
3 703 803 805 
3 703 805 751 
3 751 805 807 
3 751 807 752 
3 752 807 753 
3 752 753 705 
3 705 753 809 
3 705 809 754 
3 754 809 755 
3 754 755 709 
3 709 755 756 
3 709 756 757 
3 757 756 758 
3 757 758 650 
3 650 758 759 
3 759 760 711 
3 711 760 761 
3 711 761 712 
3 712 761 812 
3 712 812 762 
3 762 812 814 
3 762 814 763 
3 763 814 815 
3 763 815 713 
3 713 815 764 
3 713 764 714 
3 714 764 817 
3 714 817 715 
3 715 817 819 
3 715 819 716 
3 716 819 765 
3 716 765 766 
3 766 765 768 
3 766 768 767 
3 767 768 769 
3 767 769 770 
3 770 769 771 
3 770 771 719 
3 719 771 823 
3 719 823 772 
3 772 823 773 
3 772 773 774 
3 774 773 775 
3 774 775 721 
3 721 775 825 
3 721 825 776 
3 776 825 777 
3 776 777 724 
3 724 777 778 
3 724 778 725 
3 725 778 827 
3 725 827 726 
3 726 827 828 
3 726 828 727 
3 727 828 831 
3 727 831 779 
3 779 831 832 
3 779 832 781 
3 781 832 780 
3 781 780 782 
3 782 780 834 
3 782 834 783 
3 783 834 784 
3 783 784 785 
3 785 784 787 
3 785 787 786 
3 786 787 837 
3 786 837 788 
3 788 837 789 
3 788 789 790 
3 790 789 791 
3 790 791 733 
3 733 791 793 
3 733 793 792 
3 792 793 839 
3 792 839 794 
3 794 839 842 
3 794 842 735 
3 735 842 795 
3 735 795 737 
3 737 795 843 
3 737 843 738 
3 738 843 844 
3 738 844 796 
3 796 844 846 
3 796 846 797 
3 797 846 848 
3 797 848 740 
3 740 848 849 
3 740 849 742 
3 742 849 850 
3 742 850 744 
3 744 850 852 
3 744 852 798 
3 798 852 799 
3 798 799 746 
3 746 799 854 
3 746 854 747 
3 747 854 855 
3 747 855 749 
3 749 855 801 
3 749 801 800 
3 800 801 802 
3 800 802 803 
3 803 802 804 
3 803 804 805 
3 805 804 806 
3 805 806 807 
3 807 806 808 
3 807 808 753 
3 753 808 860 
3 753 860 809 
3 809 860 863 
3 809 863 755 
3 755 863 810 
3 755 810 756 
3 756 810 864 
3 756 864 758 
3 758 864 811 
3 758 811 759 
3 759 811 760 
3 760 865 761 
3 761 865 866 
3 761 866 812 
3 812 866 813 
3 812 813 814 
3 814 813 870 
3 814 870 815 
3 815 870 871 
3 815 871 764 
3 764 871 816 
3 764 816 817 
3 817 816 818 
3 817 818 819 
3 819 818 875 
3 819 875 765 
3 765 875 820 
3 765 820 768 
3 768 820 821 
3 768 821 769 
3 769 821 879 
3 769 879 771 
3 771 879 880 
3 771 880 823 
3 823 880 822 
3 823 822 773 
3 773 822 883 
3 773 883 775 
3 775 883 824 
3 775 824 825 
3 825 824 826 
3 825 826 777 
3 777 826 886 
3 777 886 778 
3 778 886 888 
3 778 888 827 
3 827 888 890 
3 827 890 828 
3 828 890 829 
3 828 829 831 
3 831 829 830 
3 831 830 832 
3 832 830 892 
3 832 892 780 
3 780 892 894 
3 780 894 834 
3 834 894 833 
3 834 833 784 
3 784 833 835 
3 784 835 787 
3 787 835 836 
3 787 836 837 
3 837 836 838 
3 837 838 789 
3 789 838 898 
3 789 898 791 
3 791 898 900 
3 791 900 793 
3 793 900 840 
3 793 840 839 
3 839 840 841 
3 839 841 842 
3 842 841 901 
3 842 901 795 
3 795 901 902 
3 795 902 843 
3 843 902 904 
3 843 904 844 
3 844 904 845 
3 844 845 846 
3 846 845 847 
3 846 847 848 
3 848 847 906 
3 848 906 849 
3 849 906 907 
3 849 907 850 
3 850 907 851 
3 850 851 852 
3 852 851 853 
3 852 853 799 
3 799 853 908 
3 799 908 854 
3 854 908 856 
3 854 856 855 
3 855 856 911 
3 855 911 801 
3 801 911 857 
3 801 857 802 
3 802 857 858 
3 802 858 804 
3 804 858 914 
3 804 914 806 
3 806 914 915 
3 806 915 808 
3 808 915 859 
3 808 859 860 
3 860 859 861 
3 860 861 863 
3 863 861 862 
3 863 862 810 
3 810 862 918 
3 810 918 864 
3 864 918 919 
3 864 919 811 
3 811 919 920 
3 811 920 760 
3 760 920 865 
3 865 867 866 
3 866 867 868 
3 866 868 813 
3 813 868 869 
3 813 869 870 
3 870 869 924 
3 870 924 871 
3 871 924 872 
3 871 872 816 
3 816 872 873 
3 816 873 818 
3 818 873 874 
3 818 874 875 
3 875 874 876 
3 875 876 820 
3 820 876 877 
3 820 877 821 
3 821 877 878 
3 821 878 879 
3 879 878 881 
3 879 881 880 
3 880 881 882 
3 880 882 822 
3 822 882 932 
3 822 932 883 
3 883 932 884 
3 883 884 824 
3 824 884 885 
3 824 885 826 
3 826 885 936 
3 826 936 886 
3 886 936 887 
3 886 887 888 
3 888 887 889 
3 888 889 890 
3 890 889 891 
3 890 891 829 
3 829 891 939 
3 829 939 830 
3 830 939 942 
3 830 942 892 
3 892 942 893 
3 892 893 894 
3 894 893 895 
3 894 895 833 
3 833 895 943 
3 833 943 835 
3 835 943 896 
3 835 896 836 
3 836 896 945 
3 836 945 838 
3 838 945 897 
3 838 897 898 
3 898 897 899 
3 898 899 900 
3 900 899 948 
3 900 948 840 
3 840 948 949 
3 840 949 841 
3 841 949 950 
3 841 950 901 
3 901 950 903 
3 901 903 902 
3 902 903 953 
3 902 953 904 
3 904 953 954 
3 904 954 845 
3 845 954 905 
3 845 905 847 
3 847 905 956 
3 847 956 906 
3 906 956 957 
3 906 957 907 
3 907 957 958 
3 907 958 851 
3 851 958 959 
3 851 959 853 
3 853 959 909 
3 853 909 908 
3 908 909 961 
3 908 961 856 
3 856 961 910 
3 856 910 911 
3 911 910 912 
3 911 912 857 
3 857 912 913 
3 857 913 858 
3 858 913 963 
3 858 963 914 
3 914 963 964 
3 914 964 915 
3 915 964 966 
3 915 966 859 
3 859 966 916 
3 859 916 861 
3 861 916 917 
3 861 917 862 
3 862 917 968 
3 862 968 918 
3 918 968 969 
3 918 969 919 
3 919 969 971 
3 919 971 920 
3 920 971 921 
3 920 921 865 
3 865 921 867 
3 867 922 868 
3 868 922 973 
3 868 973 869 
3 869 973 923 
3 869 923 924 
3 924 923 925 
3 924 925 872 
3 872 925 926 
3 872 926 873 
3 873 926 927 
3 873 927 874 
3 874 927 976 
3 874 976 876 
3 876 976 977 
3 876 977 877 
3 877 977 928 
3 877 928 878 
3 878 928 929 
3 878 929 881 
3 881 929 930 
3 881 930 882 
3 882 930 931 
3 882 931 932 
3 932 931 933 
3 932 933 884 
3 884 933 934 
3 884 934 885 
3 885 934 935 
3 885 935 936 
3 936 935 937 
3 936 937 887 
3 887 937 982 
3 887 982 889 
3 889 982 984 
3 889 984 891 
3 891 984 938 
3 891 938 939 
3 939 938 940 
3 939 940 942 
3 942 940 941 
3 942 941 893 
3 893 941 988 
3 893 988 895 
3 895 988 989 
3 895 989 943 
3 943 989 944 
3 943 944 896 
3 896 944 946 
3 896 946 945 
3 945 946 947 
3 945 947 897 
3 897 947 996 
3 897 996 899 
3 899 996 997 
3 899 997 948 
3 948 997 998 
3 948 998 949 
3 949 998 951 
3 949 951 950 
3 950 951 952 
3 950 952 903 
3 903 952 1001 
3 903 1001 953 
3 953 1001 1003 
3 953 1003 954 
3 954 1003 1005 
3 954 1005 905 
3 905 1005 955 
3 905 955 956 
3 956 955 1006 
3 956 1006 957 
3 957 1006 1008 
3 957 1008 958 
3 958 1008 1011 
3 958 1011 959 
3 959 1011 960 
3 959 960 909 
3 909 960 1012 
3 909 1012 961 
3 961 1012 1013 
3 961 1013 910 
3 910 1013 1014 
3 910 1014 912 
3 912 1014 962 
3 912 962 913 
3 913 962 1016 
3 913 1016 963 
3 963 1016 1017 
3 963 1017 964 
3 964 1017 965 
3 964 965 966 
3 966 965 1020 
3 966 1020 916 
3 916 1020 967 
3 916 967 917 
3 917 967 1022 
3 917 1022 968 
3 968 1022 1023 
3 968 1023 969 
3 969 1023 970 
3 969 970 971 
3 971 970 1026 
3 971 1026 921 
3 921 1026 972 
3 921 972 867 
3 867 972 922 
3 922 1028 973 
3 973 1028 1029 
3 973 1029 923 
3 923 1029 1030 
3 923 1030 925 
3 925 1030 1031 
3 925 1031 926 
3 926 1031 974 
3 926 974 927 
3 927 974 975 
3 927 975 976 
3 976 975 1032 
3 976 1032 977 
3 977 1032 1034 
3 977 1034 928 
3 928 1034 978 
3 928 978 929 
3 929 978 1035 
3 929 1035 930 
3 930 1035 979 
3 930 979 931 
3 931 979 1038 
3 931 1038 933 
3 933 1038 980 
3 933 980 934 
3 934 980 981 
3 934 981 935 
3 935 981 1040 
3 935 1040 937 
3 937 1040 1042 
3 937 1042 982 
3 982 1042 983 
3 982 983 984 
3 984 983 985 
3 984 985 938 
3 938 985 986 
3 938 986 940 
3 940 986 987 
3 940 987 941 
3 941 987 1047 
3 941 1047 988 
3 988 1047 990 
3 988 990 989 
3 989 990 991 
3 989 991 944 
3 944 991 992 
3 944 992 946 
3 946 992 993 
3 946 993 947 
3 947 993 994 
3 947 994 996 
3 996 994 995 
3 996 995 997 
3 997 995 1053 
3 997 1053 998 
3 998 1053 999 
3 998 999 951 
3 951 999 1000 
3 951 1000 952 
3 952 1000 1056 
3 952 1056 1001 
3 1001 1056 1002 
3 1001 1002 1003 
3 1003 1002 1004 
3 1003 1004 1005 
3 1005 1004 1060 
3 1005 1060 955 
3 955 1060 1061 
3 955 1061 1006 
3 1006 1061 1007 
3 1006 1007 1008 
3 1008 1007 1009 
3 1008 1009 1011 
3 1011 1009 1010 
3 1011 1010 960 
3 960 1010 1063 
3 960 1063 1012 
3 1012 1063 1066 
3 1012 1066 1013 
3 1013 1066 1067 
3 1013 1067 1014 
3 1014 1067 1068 
3 1014 1068 962 
3 962 1068 1015 
3 962 1015 1016 
3 1016 1015 1071 
3 1016 1071 1017 
3 1017 1071 1018 
3 1017 1018 965 
3 965 1018 1019 
3 965 1019 1020 
3 1020 1019 1021 
3 1020 1021 967 
3 967 1021 1074 
3 967 1074 1022 
3 1022 1074 1024 
3 1022 1024 1023 
3 1023 1024 1025 
3 1023 1025 970 
3 970 1025 1075 
3 970 1075 1026 
3 1026 1075 1077 
3 1026 1077 972 
3 972 1077 1027 
3 972 1027 922 
3 922 1027 1028 
3 1028 1078 1029 
3 1029 1078 1079 
3 1029 1079 1030 
3 1030 1079 1080 
3 1030 1080 1031 
3 1031 1080 1081 
3 1031 1081 974 
3 974 1081 1083 
3 974 1083 975 
3 975 1083 1085 
3 975 1085 1032 
3 1032 1085 1087 
3 1032 1087 1034 
3 1034 1087 1033 
3 1034 1033 978 
3 978 1033 1088 
3 978 1088 1035 
3 1035 1088 1036 
3 1035 1036 979 
3 979 1036 1037 
3 979 1037 1038 
3 1038 1037 1090 
3 1038 1090 980 
3 980 1090 1039 
3 980 1039 981 
3 981 1039 1041 
3 981 1041 1040 
3 1040 1041 1043 
3 1040 1043 1042 
3 1042 1043 1044 
3 1042 1044 983 
3 983 1044 1045 
3 983 1045 985 
3 985 1045 1095 
3 985 1095 986 
3 986 1095 1096 
3 986 1096 987 
3 987 1096 1046 
3 987 1046 1047 
3 1047 1046 1048 
3 1047 1048 990 
3 990 1048 1049 
3 990 1049 991 
3 991 1049 1050 
3 991 1050 992 
3 992 1050 1051 
3 992 1051 993 
3 993 1051 1100 
3 993 1100 994 
3 994 1100 1052 
3 994 1052 995 
3 995 1052 1102 
3 995 1102 1053 
3 1053 1102 1054 
3 1053 1054 999 
3 999 1054 1055 
3 999 1055 1000 
3 1000 1055 1104 
3 1000 1104 1056 
3 1056 1104 1057 
3 1056 1057 1002 
3 1002 1057 1058 
3 1002 1058 1004 
3 1004 1058 1059 
3 1004 1059 1060 
3 1060 1059 1107 
3 1060 1107 1061 
3 1061 1107 1108 
3 1061 1108 1007 
3 1007 1108 1110 
3 1007 1110 1009 
3 1009 1110 1062 
3 1009 1062 1010 
3 1010 1062 1112 
3 1010 1112 1063 
3 1063 1112 1064 
3 1063 1064 1066 
3 1066 1064 1065 
3 1066 1065 1067 
3 1067 1065 1069 
3 1067 1069 1068 
3 1068 1069 1116 
3 1068 1116 1015 
3 1015 1116 1070 
3 1015 1070 1071 
3 1071 1070 1118 
3 1071 1118 1018 
3 1018 1118 1072 
3 1018 1072 1019 
3 1019 1072 1073 
3 1019 1073 1021 
3 1021 1073 1120 
3 1021 1120 1074 
3 1074 1120 1122 
3 1074 1122 1024 
3 1024 1122 1123 
3 1024 1123 1025 
3 1025 1123 1076 
3 1025 1076 1075 
3 1075 1076 1126 
3 1075 1126 1077 
3 1077 1126 1128 
3 1077 1128 1027 
3 1027 1128 1129 
3 1027 1129 1028 
3 1028 1129 1078 
3 1078 1182 1079 
3 1079 1182 1132 
3 1079 1132 1080 
3 1080 1132 1133 
3 1080 1133 1081 
3 1081 1133 1082 
3 1081 1082 1083 
3 1083 1082 1084 
3 1083 1084 1085 
3 1085 1084 1086 
3 1085 1086 1087 
3 1087 1086 1136 
3 1087 1136 1033 
3 1033 1136 1138 
3 1033 1138 1088 
3 1088 1138 1089 
3 1088 1089 1036 
3 1036 1089 1139 
3 1036 1139 1037 
3 1037 1139 1141 
3 1037 1141 1090 
3 1090 1141 1142 
3 1090 1142 1039 
3 1039 1142 1091 
3 1039 1091 1041 
3 1041 1091 1145 
3 1041 1145 1043 
3 1043 1145 1147 
3 1043 1147 1044 
3 1044 1147 1092 
3 1044 1092 1045 
3 1045 1092 1093 
3 1045 1093 1095 
3 1095 1093 1094 
3 1095 1094 1096 
3 1096 1094 1148 
3 1096 1148 1046 
3 1046 1148 1097 
3 1046 1097 1048 
3 1048 1097 1098 
3 1048 1098 1049 
3 1049 1098 1150 
3 1049 1150 1050 
3 1050 1150 1099 
3 1050 1099 1051 
3 1051 1099 1152 
3 1051 1152 1100 
3 1100 1152 1154 
3 1100 1154 1052 
3 1052 1154 1101 
3 1052 1101 1102 
3 1102 1101 1103 
3 1102 1103 1054 
3 1054 1103 1157 
3 1054 1157 1055 
3 1055 1157 1159 
3 1055 1159 1104 
3 1104 1159 1162 
3 1104 1162 1057 
3 1057 1162 1105 
3 1057 1105 1058 
3 1058 1105 1106 
3 1058 1106 1059 
3 1059 1106 1163 
3 1059 1163 1107 
3 1107 1163 1109 
3 1107 1109 1108 
3 1108 1109 1165 
3 1108 1165 1110 
3 1110 1165 1111 
3 1110 1111 1062 
3 1062 1111 1166 
3 1062 1166 1112 
3 1112 1166 1168 
3 1112 1168 1064 
3 1064 1168 1113 
3 1064 1113 1065 
3 1065 1113 1114 
3 1065 1114 1069 
3 1069 1114 1115 
3 1069 1115 1116 
3 1116 1115 1169 
3 1116 1169 1070 
3 1070 1169 1117 
3 1070 1117 1118 
3 1118 1117 1119 
3 1118 1119 1072 
3 1072 1119 1171 
3 1072 1171 1073 
3 1073 1171 1172 
3 1073 1172 1120 
3 1120 1172 1121 
3 1120 1121 1122 
3 1122 1121 1124 
3 1122 1124 1123 
3 1123 1124 1125 
3 1123 1125 1076 
3 1076 1125 1127 
3 1076 1127 1126 
3 1126 1127 1177 
3 1126 1177 1128 
3 1128 1177 1180 
3 1128 1180 1129 
3 1129 1180 1130 
3 1129 1130 1078 
3 1078 1130 1182 
3 1182 1183 1132 
3 1132 1183 1131 
3 1132 1131 1133 
3 1133 1131 1185 
3 1133 1185 1082 
3 1082 1185 1134 
3 1082 1134 1084 
3 1084 1134 1135 
3 1084 1135 1086 
3 1086 1135 1187 
3 1086 1187 1136 
3 1136 1187 1137 
3 1136 1137 1138 
3 1138 1137 1189 
3 1138 1189 1089 
3 1089 1189 1190 
3 1089 1190 1139 
3 1139 1190 1140 
3 1139 1140 1141 
3 1141 1140 1191 
3 1141 1191 1142 
3 1142 1191 1143 
3 1142 1143 1091 
3 1091 1143 1144 
3 1091 1144 1145 
3 1145 1144 1146 
3 1145 1146 1147 
3 1147 1146 1194 
3 1147 1194 1092 
3 1092 1194 1195 
3 1092 1195 1093 
3 1093 1195 1196 
3 1093 1196 1094 
3 1094 1196 1199 
3 1094 1199 1148 
3 1148 1199 1200 
3 1148 1200 1097 
3 1097 1200 1202 
3 1097 1202 1098 
3 1098 1202 1149 
3 1098 1149 1150 
3 1150 1149 1151 
3 1150 1151 1099 
3 1099 1151 1204 
3 1099 1204 1152 
3 1152 1204 1153 
3 1152 1153 1154 
3 1154 1153 1206 
3 1154 1206 1101 
3 1101 1206 1155 
3 1101 1155 1103 
3 1103 1155 1156 
3 1103 1156 1157 
3 1157 1156 1158 
3 1157 1158 1159 
3 1159 1158 1160 
3 1159 1160 1162 
3 1162 1160 1161 
3 1162 1161 1105 
3 1105 1161 1209 
3 1105 1209 1106 
3 1106 1209 1211 
3 1106 1211 1163 
3 1163 1211 1164 
3 1163 1164 1109 
3 1109 1164 1212 
3 1109 1212 1165 
3 1165 1212 1213 
3 1165 1213 1111 
3 1111 1213 1167 
3 1111 1167 1166 
3 1166 1167 1214 
3 1166 1214 1168 
3 1168 1214 1216 
3 1168 1216 1113 
3 1113 1216 1218 
3 1113 1218 1114 
3 1114 1218 1219 
3 1114 1219 1115 
3 1115 1219 1220 
3 1115 1220 1169 
3 1169 1220 1224 
3 1169 1224 1117 
3 1117 1224 1225 
3 1117 1225 1119 
3 1119 1225 1170 
3 1119 1170 1171 
3 1171 1170 1173 
3 1171 1173 1172 
3 1172 1173 1174 
3 1172 1174 1121 
3 1121 1174 1228 
3 1121 1228 1124 
3 1124 1228 1175 
3 1124 1175 1125 
3 1125 1175 1176 
3 1125 1176 1127 
3 1127 1176 1178 
3 1127 1178 1177 
3 1177 1178 1179 
3 1177 1179 1180 
3 1180 1179 1181 
3 1180 1181 1130 
3 1130 1181 1229 
3 1130 1229 1182 
3 1182 1229 1183 
3 1183 1184 1131 
3 1131 1184 1186 
3 1131 1186 1185 
3 1185 1186 227 
3 1185 227 1134 
3 1134 227 224 
3 1134 224 1135 
3 1135 224 225 
3 1135 225 1187 
3 1187 225 226 
3 1187 226 1137 
3 1137 226 1188 
3 1137 1188 1189 
3 1189 1188 222 
3 1189 222 1190 
3 1190 222 220 
3 1190 220 1140 
3 1140 220 219 
3 1140 219 1191 
3 1191 219 216 
3 1191 216 1143 
3 1143 216 214 
3 1143 214 1144 
3 1144 214 1192 
3 1144 1192 1146 
3 1146 1192 210 
3 1146 210 1194 
3 1194 210 1193 
3 1194 1193 1195 
3 1195 1193 1197 
3 1195 1197 1196 
3 1196 1197 1198 
3 1196 1198 1199 
3 1199 1198 202 
3 1199 202 1200 
3 1200 202 204 
3 1200 204 1202 
3 1202 204 1201 
3 1202 1201 1149 
3 1149 1201 1203 
3 1149 1203 1151 
3 1151 1203 195 
3 1151 195 1204 
3 1204 195 1205 
3 1204 1205 1153 
3 1153 1205 191 
3 1153 191 1206 
3 1206 191 192 
3 1206 192 1155 
3 1155 192 1207 
3 1155 1207 1156 
3 1156 1207 187 
3 1156 187 1158 
3 1158 187 189 
3 1158 189 1160 
3 1160 189 1208 
3 1160 1208 1161 
3 1161 1208 185 
3 1161 185 1209 
3 1209 185 1210 
3 1209 1210 1211 
3 1211 1210 184 
3 1211 184 1164 
3 1164 184 182 
3 1164 182 1212 
3 1212 182 181 
3 1212 181 1213 
3 1213 181 178 
3 1213 178 1167 
3 1167 178 177 
3 1167 177 1214 
3 1214 177 1215 
3 1214 1215 1216 
3 1216 1215 1217 
3 1216 1217 1218 
3 1218 1217 174 
3 1218 174 1219 
3 1219 174 1221 
3 1219 1221 1220 
3 1220 1221 1222 
3 1220 1222 1224 
3 1224 1222 1223 
3 1224 1223 1225 
3 1225 1223 1226 
3 1225 1226 1170 
3 1170 1226 171 
3 1170 171 1173 
3 1173 171 169 
3 1173 169 1174 
3 1174 169 1227 
3 1174 1227 1228 
3 1228 1227 166 
3 1228 166 1175 
3 1175 166 163 
3 1175 163 1176 
3 1176 163 162 
3 1176 162 1178 
3 1178 162 160 
3 1178 160 1179 
3 1179 160 157 
3 1179 157 1181 
3 1181 157 1230 
3 1181 1230 1229 
3 1229 1230 1231 
3 1229 1231 1183 
3 1183 1231 1184 
3 1335 258 1232 
3 1232 258 1249 
3 1232 1249 1332 
3 1332 1249 1334 
3 1296 237 1663 
3 1663 237 1233 
3 1376 1265 1234 
3 1234 1265 281 
3 1234 281 1374 
3 1335 1336 258 
3 258 1336 1339 
3 258 1339 1235 
3 1235 1339 1236 
3 1235 1236 1240 
3 1240 1236 1340 
3 1243 1244 1708 
3 1708 1244 254 
3 1708 254 1709 
3 1705 1259 253 
3 253 1259 1261 
3 1258 1237 239 
3 239 1237 1257 
3 1374 281 1373 
3 1373 281 1238 
3 1373 1238 1239 
3 1267 1370 1238 
3 1238 1370 1372 
3 1238 1372 1239 
3 1340 1341 1240 
3 1240 1341 1241 
3 1240 1241 1242 
3 1243 1245 1244 
3 1244 1245 1246 
3 1244 1246 1247 
3 1247 1246 1248 
3 1247 1248 1249 
3 1249 1248 1250 
3 1249 1250 1334 
3 243 1254 1251 
3 1252 1678 1253 
3 1253 1678 1677 
3 1253 1677 1254 
3 1254 1677 1255 
3 1254 1255 1251 
3 1252 1253 1676 
3 1676 1253 242 
3 1676 242 1256 
3 1237 1672 1257 
3 1257 1672 1671 
3 1257 1671 242 
3 242 1671 1675 
3 242 1675 1256 
3 1274 1670 239 
3 239 1670 1674 
3 239 1674 1258 
3 1259 1260 1261 
3 1261 1260 1707 
3 1261 1707 254 
3 254 1707 1262 
3 254 1262 1709 
3 1681 244 1263 
3 1263 244 243 
3 1263 243 1682 
3 1682 243 1251 
3 1233 237 1662 
3 1662 237 235 
3 1662 235 1657 
3 1376 1264 1265 
3 1265 1264 1316 
3 1265 1316 1318 
3 279 1266 1267 
3 1267 1266 1369 
3 1369 1368 1267 
3 1267 1368 1366 
3 1267 1366 1370 
3 1362 1277 275 
3 275 1277 277 
3 1268 268 1269 
3 1269 268 267 
3 1269 267 1270 
3 1703 1271 1293 
3 1293 1271 1272 
3 1297 1273 1274 
3 1274 1273 1669 
3 1669 1275 1274 
3 1274 1275 1276 
3 1274 1276 1670 
3 1657 235 1658 
3 1658 235 234 
3 1658 234 1300 
3 1277 1364 277 
3 277 1364 1278 
3 277 1278 279 
3 279 1278 1365 
3 279 1365 1266 
3 1279 1357 1280 
3 1280 1357 1304 
3 1280 1304 271 
3 1279 1280 1281 
3 1281 1280 1305 
3 1281 1305 1282 
3 1283 1308 1354 
3 1354 1308 268 
3 1354 268 1353 
3 1353 268 1268 
3 1284 1349 263 
3 263 1349 1348 
3 263 1348 265 
3 1284 263 1285 
3 1285 263 1288 
3 1285 1288 1286 
3 1241 1344 1242 
3 1242 1344 1287 
3 1242 1287 1288 
3 1288 1287 1289 
3 1288 1289 1286 
3 1271 1701 1272 
3 1272 1701 1704 
3 1272 1704 253 
3 253 1704 1290 
3 253 1290 1705 
3 1700 1699 251 
3 251 1699 1291 
3 251 1291 1293 
3 1293 1291 1292 
3 1293 1292 1703 
3 1700 251 1294 
3 1294 251 249 
3 1294 249 1696 
3 1663 1295 1296 
3 1296 1295 1665 
3 1296 1665 1297 
3 1297 1665 1666 
3 1297 1666 1273 
3 1319 1298 232 
3 232 1298 1299 
3 232 1299 234 
3 234 1299 1661 
3 234 1661 1300 
3 1320 1301 1302 
3 1302 1301 271 
3 1302 271 1303 
3 1303 271 1304 
3 1310 1356 1305 
3 1305 1356 1306 
3 1305 1306 1282 
3 1283 1307 1308 
3 1308 1307 1309 
3 1308 1309 1310 
3 1310 1309 1311 
3 1310 1311 1356 
3 1312 1691 248 
3 248 1691 1690 
3 248 1690 1689 
3 1313 1314 1327 
3 1327 1314 1315 
3 1316 1317 1318 
3 1318 1317 1377 
3 1318 1377 1319 
3 1319 1377 1379 
3 1319 1379 1298 
3 1320 1321 1301 
3 1301 1321 1359 
3 1301 1359 274 
3 1348 1346 265 
3 265 1346 1350 
3 265 1350 267 
3 267 1350 1351 
3 267 1351 1270 
3 1696 249 1695 
3 1695 249 1323 
3 1695 1323 1694 
3 1689 1688 248 
3 248 1688 1692 
3 248 1692 1323 
3 1323 1692 1322 
3 1323 1322 1694 
3 1314 1686 1315 
3 1315 1686 1324 
3 1315 1324 1312 
3 1312 1324 1687 
3 1312 1687 1691 
3 1359 1325 274 
3 274 1325 1326 
3 274 1326 275 
3 275 1326 1361 
3 275 1361 1362 
3 1681 1683 244 
3 244 1683 1684 
3 244 1684 1327 
3 1327 1684 1328 
3 1327 1328 1313 
3 1420 1329 1419 
3 1626 1330 1329 
3 1599 1957 1330 
3 1534 1922 1957 
3 1512 1896 1922 
3 1513 1897 1896 
3 1331 1450 1897 
3 1333 1810 1449 
3 1232 1332 1448 
3 1448 1332 1334 
3 1448 1334 1333 
3 1333 1334 1250 
3 1333 1250 1810 
3 1810 1250 1248 
3 1232 1448 1335 
3 1335 1448 1337 
3 1335 1337 1336 
3 1336 1337 1339 
3 1339 1337 1338 
3 1339 1338 1236 
3 1236 1338 1340 
3 1340 1338 1342 
3 1340 1342 1341 
3 1341 1342 1241 
3 1241 1342 1343 
3 1241 1343 1344 
3 1345 1289 1343 
3 1343 1289 1287 
3 1343 1287 1344 
3 1446 1285 1345 
3 1345 1285 1286 
3 1345 1286 1289 
3 1346 1348 1347 
3 1347 1348 1349 
3 1347 1349 1446 
3 1446 1349 1284 
3 1446 1284 1285 
3 1346 1347 1350 
3 1350 1347 1352 
3 1350 1352 1351 
3 1351 1352 1270 
3 1270 1352 1443 
3 1270 1443 1269 
3 1441 1353 1443 
3 1443 1353 1268 
3 1443 1268 1269 
3 1355 1283 1441 
3 1441 1283 1354 
3 1441 1354 1353 
3 1356 1311 1438 
3 1438 1311 1309 
3 1438 1309 1355 
3 1355 1309 1307 
3 1355 1307 1283 
3 1356 1438 1306 
3 1306 1438 1437 
3 1306 1437 1282 
3 1282 1437 1281 
3 1281 1437 1358 
3 1281 1358 1279 
3 1435 1304 1358 
3 1358 1304 1357 
3 1358 1357 1279 
3 1433 1302 1435 
3 1435 1302 1303 
3 1435 1303 1304 
3 1325 1359 1431 
3 1431 1359 1321 
3 1431 1321 1433 
3 1433 1321 1320 
3 1433 1320 1302 
3 1325 1431 1326 
3 1326 1431 1360 
3 1326 1360 1361 
3 1361 1360 1362 
3 1362 1360 1363 
3 1362 1363 1277 
3 1429 1278 1363 
3 1363 1278 1364 
3 1363 1364 1277 
3 1367 1266 1429 
3 1429 1266 1365 
3 1429 1365 1278 
3 1370 1366 1371 
3 1371 1366 1368 
3 1371 1368 1367 
3 1367 1368 1369 
3 1367 1369 1266 
3 1370 1371 1372 
3 1372 1371 1425 
3 1372 1425 1239 
3 1239 1425 1373 
3 1373 1425 1375 
3 1373 1375 1374 
3 1423 1376 1375 
3 1375 1376 1234 
3 1375 1234 1374 
3 1377 1317 1378 
3 1378 1317 1316 
3 1378 1316 1423 
3 1423 1316 1264 
3 1423 1264 1376 
3 1377 1378 1379 
3 1379 1378 1380 
3 1379 1380 1298 
3 1381 1651 1923 
3 1747 1651 2091 
3 2091 1651 1381 
3 2091 1381 2092 
3 2092 1381 1384 
3 1648 2064 1382 
3 1382 2064 1383 
3 1382 1383 1384 
3 1384 1383 2063 
3 1384 2063 2092 
3 1385 1387 1648 
3 1648 1387 2065 
3 1648 2065 2064 
3 1391 2067 1385 
3 1385 2067 1386 
3 1385 1386 1387 
3 1388 1389 1390 
3 1390 1389 1392 
3 1390 1392 1391 
3 1391 1392 2069 
3 1391 2069 2067 
3 1393 2023 1388 
3 1388 2023 2021 
3 1388 2021 1389 
3 1394 1396 1645 
3 1645 1396 2026 
3 1645 2026 1393 
3 1393 2026 2024 
3 1393 2024 2023 
3 1643 1401 1394 
3 1394 1401 1395 
3 1394 1395 1396 
3 2033 1397 1402 
3 1402 1397 1398 
3 1402 1398 1641 
3 1641 1398 1399 
3 1641 1399 1643 
3 1643 1399 1400 
3 1643 1400 1401 
3 2033 1402 2034 
3 2034 1402 1638 
3 2034 1638 1403 
3 1403 1638 1637 
3 1403 1637 2035 
3 2035 1637 2038 
3 2038 1637 1404 
3 2038 1404 1405 
3 1405 1404 1406 
3 1405 1406 1407 
3 1407 1406 2040 
3 2040 1406 1636 
3 2040 1636 2041 
3 2041 1636 1408 
3 1408 1636 1409 
3 1408 1409 2043 
3 2043 1409 1410 
3 2043 1410 2044 
3 2044 1410 2045 
3 2045 1410 1411 
3 2045 1411 2047 
3 2047 1411 1412 
3 1412 1411 1414 
3 1412 1414 1413 
3 1413 1414 1415 
3 1413 1415 2050 
3 1417 2055 1629 
3 1629 2055 2052 
3 1629 2052 1415 
3 1415 2052 2051 
3 1415 2051 2050 
3 1627 1421 1416 
3 1416 1421 2057 
3 1416 2057 1417 
3 1417 2057 1418 
3 1417 1418 2055 
3 1419 2062 1420 
3 1420 2062 2060 
3 1420 2060 1627 
3 1627 2060 2059 
3 1627 2059 1421 
3 1299 1298 1479 
3 1479 1298 1380 
3 1479 1380 1476 
3 1476 1380 1378 
3 1476 1378 1422 
3 1422 1378 1423 
3 1422 1423 1424 
3 1424 1423 1375 
3 1424 1375 1474 
3 1474 1375 1425 
3 1474 1425 1472 
3 1472 1425 1371 
3 1472 1371 1426 
3 1426 1371 1367 
3 1426 1367 1427 
3 1427 1367 1429 
3 1427 1429 1428 
3 1428 1429 1363 
3 1428 1363 1430 
3 1430 1363 1360 
3 1430 1360 1468 
3 1468 1360 1431 
3 1468 1431 1432 
3 1432 1431 1433 
3 1432 1433 1434 
3 1434 1433 1435 
3 1434 1435 1436 
3 1436 1435 1358 
3 1436 1358 1464 
3 1464 1358 1437 
3 1464 1437 1463 
3 1463 1437 1438 
3 1463 1438 1439 
3 1439 1438 1355 
3 1439 1355 1440 
3 1440 1355 1441 
3 1440 1441 1442 
3 1442 1441 1443 
3 1442 1443 1460 
3 1460 1443 1352 
3 1460 1352 1459 
3 1459 1352 1347 
3 1459 1347 1444 
3 1444 1347 1446 
3 1444 1446 1445 
3 1445 1446 1345 
3 1445 1345 1457 
3 1457 1345 1343 
3 1457 1343 1456 
3 1456 1343 1342 
3 1456 1342 1447 
3 1447 1342 1338 
3 1447 1338 1455 
3 1455 1338 1337 
3 1455 1337 1454 
3 1454 1337 1448 
3 1454 1448 1452 
3 1452 1448 1333 
3 1452 1333 1451 
3 1451 1333 1449 
3 1451 1449 1450 
3 1450 1331 1451 
3 1451 1331 1482 
3 1451 1482 1452 
3 1452 1482 1453 
3 1452 1453 1454 
3 1454 1453 1484 
3 1454 1484 1455 
3 1455 1484 1485 
3 1455 1485 1447 
3 1447 1485 1488 
3 1447 1488 1456 
3 1456 1488 1489 
3 1456 1489 1457 
3 1457 1489 1491 
3 1457 1491 1445 
3 1445 1491 1493 
3 1445 1493 1444 
3 1444 1493 1458 
3 1444 1458 1459 
3 1459 1458 1496 
3 1459 1496 1460 
3 1460 1496 1461 
3 1460 1461 1442 
3 1442 1461 1498 
3 1442 1498 1440 
3 1440 1498 1462 
3 1440 1462 1439 
3 1439 1462 1500 
3 1439 1500 1463 
3 1463 1500 1502 
3 1463 1502 1464 
3 1464 1502 1465 
3 1464 1465 1436 
3 1436 1465 1504 
3 1436 1504 1434 
3 1434 1504 1466 
3 1434 1466 1432 
3 1432 1466 1467 
3 1432 1467 1468 
3 1468 1467 1505 
3 1468 1505 1430 
3 1430 1505 1469 
3 1430 1469 1428 
3 1428 1469 1508 
3 1428 1508 1427 
3 1427 1508 1470 
3 1427 1470 1426 
3 1426 1470 1471 
3 1426 1471 1472 
3 1472 1471 1473 
3 1472 1473 1474 
3 1474 1473 1475 
3 1474 1475 1424 
3 1424 1475 1510 
3 1424 1510 1422 
3 1422 1510 1477 
3 1422 1477 1476 
3 1476 1477 1478 
3 1476 1478 1479 
3 1897 1513 1331 
3 1331 1513 1480 
3 1331 1480 1482 
3 1482 1480 1481 
3 1482 1481 1453 
3 1453 1481 1483 
3 1453 1483 1484 
3 1484 1483 1486 
3 1484 1486 1485 
3 1485 1486 1487 
3 1485 1487 1488 
3 1488 1487 1515 
3 1488 1515 1489 
3 1489 1515 1490 
3 1489 1490 1491 
3 1491 1490 1492 
3 1491 1492 1493 
3 1493 1492 1494 
3 1493 1494 1458 
3 1458 1494 1495 
3 1458 1495 1496 
3 1496 1495 1497 
3 1496 1497 1461 
3 1461 1497 1520 
3 1461 1520 1498 
3 1498 1520 1499 
3 1498 1499 1462 
3 1462 1499 1522 
3 1462 1522 1500 
3 1500 1522 1501 
3 1500 1501 1502 
3 1502 1501 1503 
3 1502 1503 1465 
3 1465 1503 1524 
3 1465 1524 1504 
3 1504 1524 1525 
3 1504 1525 1466 
3 1466 1525 1526 
3 1466 1526 1467 
3 1467 1526 1506 
3 1467 1506 1505 
3 1505 1506 1507 
3 1505 1507 1469 
3 1469 1507 1509 
3 1469 1509 1508 
3 1508 1509 1528 
3 1508 1528 1470 
3 1470 1528 1529 
3 1470 1529 1471 
3 1471 1529 1530 
3 1471 1530 1473 
3 1473 1530 1531 
3 1473 1531 1475 
3 1475 1531 1532 
3 1475 1532 1510 
3 1510 1532 1511 
3 1510 1511 1477 
3 1477 1511 1656 
3 1477 1656 1478 
3 1896 1512 1513 
3 1513 1512 1535 
3 1513 1535 1480 
3 1480 1535 1514 
3 1480 1514 1481 
3 1481 1514 1536 
3 1481 1536 1483 
3 1483 1536 1537 
3 1483 1537 1486 
3 1486 1537 1538 
3 1486 1538 1487 
3 1487 1538 1516 
3 1487 1516 1515 
3 1515 1516 1539 
3 1515 1539 1490 
3 1490 1539 1517 
3 1490 1517 1492 
3 1492 1517 1518 
3 1492 1518 1494 
3 1494 1518 1519 
3 1494 1519 1495 
3 1495 1519 1542 
3 1495 1542 1497 
3 1497 1542 1544 
3 1497 1544 1520 
3 1520 1544 1521 
3 1520 1521 1499 
3 1499 1521 1546 
3 1499 1546 1522 
3 1522 1546 1548 
3 1522 1548 1501 
3 1501 1548 1523 
3 1501 1523 1503 
3 1503 1523 1550 
3 1503 1550 1524 
3 1524 1550 1551 
3 1524 1551 1525 
3 1525 1551 1553 
3 1525 1553 1526 
3 1526 1553 1527 
3 1526 1527 1506 
3 1506 1527 1554 
3 1506 1554 1507 
3 1507 1554 1555 
3 1507 1555 1509 
3 1509 1555 1557 
3 1509 1557 1528 
3 1528 1557 1559 
3 1528 1559 1529 
3 1529 1559 1560 
3 1529 1560 1530 
3 1530 1560 1562 
3 1530 1562 1531 
3 1531 1562 1563 
3 1531 1563 1532 
3 1532 1563 1533 
3 1532 1533 1511 
3 1511 1533 1654 
3 1511 1654 1656 
3 1922 1534 1512 
3 1512 1534 1565 
3 1512 1565 1535 
3 1535 1565 1567 
3 1535 1567 1514 
3 1514 1567 1568 
3 1514 1568 1536 
3 1536 1568 1570 
3 1536 1570 1537 
3 1537 1570 1572 
3 1537 1572 1538 
3 1538 1572 1574 
3 1538 1574 1516 
3 1516 1574 1540 
3 1516 1540 1539 
3 1539 1540 1576 
3 1539 1576 1517 
3 1517 1576 1578 
3 1517 1578 1518 
3 1518 1578 1541 
3 1518 1541 1519 
3 1519 1541 1543 
3 1519 1543 1542 
3 1542 1543 1545 
3 1542 1545 1544 
3 1544 1545 1581 
3 1544 1581 1521 
3 1521 1581 1583 
3 1521 1583 1546 
3 1546 1583 1547 
3 1546 1547 1548 
3 1548 1547 1587 
3 1548 1587 1523 
3 1523 1587 1549 
3 1523 1549 1550 
3 1550 1549 1590 
3 1550 1590 1551 
3 1551 1590 1552 
3 1551 1552 1553 
3 1553 1552 1592 
3 1553 1592 1527 
3 1527 1592 1593 
3 1527 1593 1554 
3 1554 1593 1556 
3 1554 1556 1555 
3 1555 1556 1594 
3 1555 1594 1557 
3 1557 1594 1558 
3 1557 1558 1559 
3 1559 1558 1561 
3 1559 1561 1560 
3 1560 1561 1595 
3 1560 1595 1562 
3 1562 1595 1596 
3 1562 1596 1563 
3 1563 1596 1564 
3 1563 1564 1533 
3 1533 1564 1655 
3 1533 1655 1654 
3 1957 1599 1534 
3 1534 1599 1601 
3 1534 1601 1565 
3 1565 1601 1566 
3 1565 1566 1567 
3 1567 1566 1603 
3 1567 1603 1568 
3 1568 1603 1569 
3 1568 1569 1570 
3 1570 1569 1571 
3 1570 1571 1572 
3 1572 1571 1573 
3 1572 1573 1574 
3 1574 1573 1575 
3 1574 1575 1540 
3 1540 1575 1605 
3 1540 1605 1576 
3 1576 1605 1577 
3 1576 1577 1578 
3 1578 1577 1579 
3 1578 1579 1541 
3 1541 1579 1606 
3 1541 1606 1543 
3 1543 1606 1580 
3 1543 1580 1545 
3 1545 1580 1609 
3 1545 1609 1581 
3 1581 1609 1582 
3 1581 1582 1583 
3 1583 1582 1584 
3 1583 1584 1547 
3 1547 1584 1585 
3 1547 1585 1587 
3 1587 1585 1586 
3 1587 1586 1549 
3 1549 1586 1588 
3 1549 1588 1590 
3 1590 1588 1589 
3 1590 1589 1552 
3 1552 1589 1613 
3 1552 1613 1592 
3 1592 1613 1591 
3 1592 1591 1593 
3 1593 1591 1616 
3 1593 1616 1556 
3 1556 1616 1618 
3 1556 1618 1594 
3 1594 1618 1619 
3 1594 1619 1558 
3 1558 1619 1621 
3 1558 1621 1561 
3 1561 1621 1623 
3 1561 1623 1595 
3 1595 1623 1597 
3 1595 1597 1596 
3 1596 1597 1598 
3 1596 1598 1564 
3 1564 1598 1652 
3 1564 1652 1655 
3 1330 1626 1599 
3 1599 1626 1600 
3 1599 1600 1601 
3 1601 1600 1602 
3 1601 1602 1566 
3 1566 1602 1628 
3 1566 1628 1603 
3 1603 1628 1630 
3 1603 1630 1569 
3 1569 1630 1631 
3 1569 1631 1571 
3 1571 1631 1604 
3 1571 1604 1573 
3 1573 1604 1632 
3 1573 1632 1575 
3 1575 1632 1633 
3 1575 1633 1605 
3 1605 1633 1634 
3 1605 1634 1577 
3 1577 1634 1635 
3 1577 1635 1579 
3 1579 1635 1607 
3 1579 1607 1606 
3 1606 1607 1608 
3 1606 1608 1580 
3 1580 1608 1639 
3 1580 1639 1609 
3 1609 1639 1640 
3 1609 1640 1582 
3 1582 1640 1610 
3 1582 1610 1584 
3 1584 1610 1642 
3 1584 1642 1585 
3 1585 1642 1611 
3 1585 1611 1586 
3 1586 1611 1644 
3 1586 1644 1588 
3 1588 1644 1612 
3 1588 1612 1589 
3 1589 1612 1646 
3 1589 1646 1613 
3 1613 1646 1614 
3 1613 1614 1591 
3 1591 1614 1615 
3 1591 1615 1616 
3 1616 1615 1617 
3 1616 1617 1618 
3 1618 1617 1647 
3 1618 1647 1619 
3 1619 1647 1620 
3 1619 1620 1621 
3 1621 1620 1622 
3 1621 1622 1623 
3 1623 1622 1649 
3 1623 1649 1597 
3 1597 1649 1624 
3 1597 1624 1598 
3 1598 1624 1625 
3 1598 1625 1652 
3 1329 1420 1626 
3 1626 1420 1627 
3 1626 1627 1600 
3 1600 1627 1416 
3 1600 1416 1602 
3 1602 1416 1417 
3 1602 1417 1628 
3 1628 1417 1629 
3 1628 1629 1630 
3 1630 1629 1415 
3 1630 1415 1631 
3 1631 1415 1414 
3 1631 1414 1604 
3 1604 1414 1411 
3 1604 1411 1632 
3 1632 1411 1410 
3 1632 1410 1633 
3 1633 1410 1409 
3 1633 1409 1634 
3 1634 1409 1636 
3 1634 1636 1635 
3 1635 1636 1406 
3 1635 1406 1607 
3 1607 1406 1404 
3 1607 1404 1608 
3 1608 1404 1637 
3 1608 1637 1639 
3 1639 1637 1638 
3 1639 1638 1640 
3 1640 1638 1402 
3 1640 1402 1610 
3 1610 1402 1641 
3 1610 1641 1642 
3 1642 1641 1643 
3 1642 1643 1611 
3 1611 1643 1394 
3 1611 1394 1644 
3 1644 1394 1645 
3 1644 1645 1612 
3 1612 1645 1393 
3 1612 1393 1646 
3 1646 1393 1388 
3 1646 1388 1614 
3 1614 1388 1390 
3 1614 1390 1615 
3 1615 1390 1391 
3 1615 1391 1617 
3 1617 1391 1385 
3 1617 1385 1647 
3 1647 1385 1648 
3 1647 1648 1620 
3 1620 1648 1382 
3 1620 1382 1622 
3 1622 1382 1384 
3 1622 1384 1649 
3 1649 1384 1381 
3 1649 1381 1624 
3 1624 1381 1923 
3 1624 1923 1625 
3 1650 1651 1747 
3 1958 1923 1651 
3 1925 1625 1923 
3 1898 1652 1625 
3 1835 1655 1652 
3 1653 1654 1655 
3 1779 1656 1654 
3 1660 1479 1478 
3 1657 1658 1659 
3 1659 1658 1300 
3 1659 1300 1660 
3 1660 1300 1661 
3 1660 1661 1479 
3 1479 1661 1299 
3 1657 1659 1662 
3 1662 1659 1664 
3 1662 1664 1233 
3 1233 1664 1663 
3 1663 1664 1775 
3 1663 1775 1295 
3 1295 1775 1665 
3 1665 1775 1667 
3 1665 1667 1666 
3 1666 1667 1273 
3 1273 1667 1668 
3 1273 1668 1669 
3 1773 1276 1668 
3 1668 1276 1275 
3 1668 1275 1669 
3 1673 1674 1773 
3 1773 1674 1670 
3 1773 1670 1276 
3 1671 1672 1770 
3 1770 1672 1237 
3 1770 1237 1673 
3 1673 1237 1258 
3 1673 1258 1674 
3 1671 1770 1675 
3 1675 1770 1769 
3 1675 1769 1256 
3 1256 1769 1676 
3 1676 1769 1767 
3 1676 1767 1252 
3 1679 1677 1767 
3 1767 1677 1678 
3 1767 1678 1252 
3 1765 1251 1679 
3 1679 1251 1255 
3 1679 1255 1677 
3 1683 1681 1680 
3 1680 1681 1263 
3 1680 1263 1765 
3 1765 1263 1682 
3 1765 1682 1251 
3 1683 1680 1684 
3 1684 1680 1763 
3 1684 1763 1328 
3 1328 1763 1313 
3 1313 1763 1685 
3 1313 1685 1314 
3 1761 1324 1685 
3 1685 1324 1686 
3 1685 1686 1314 
3 1760 1691 1761 
3 1761 1691 1687 
3 1761 1687 1324 
3 1692 1688 1759 
3 1759 1688 1689 
3 1759 1689 1760 
3 1760 1689 1690 
3 1760 1690 1691 
3 1692 1759 1322 
3 1322 1759 1693 
3 1322 1693 1694 
3 1694 1693 1695 
3 1695 1693 1697 
3 1695 1697 1696 
3 1698 1700 1697 
3 1697 1700 1294 
3 1697 1294 1696 
3 1757 1291 1698 
3 1698 1291 1699 
3 1698 1699 1700 
3 1701 1271 1702 
3 1702 1271 1703 
3 1702 1703 1757 
3 1757 1703 1292 
3 1757 1292 1291 
3 1701 1702 1704 
3 1704 1702 1706 
3 1704 1706 1290 
3 1290 1706 1705 
3 1705 1706 1754 
3 1705 1754 1259 
3 1710 1707 1754 
3 1754 1707 1260 
3 1754 1260 1259 
3 1243 1708 1711 
3 1711 1708 1709 
3 1711 1709 1710 
3 1710 1709 1262 
3 1710 1262 1707 
3 1243 1711 1245 
3 1245 1711 1750 
3 1245 1750 1246 
3 1712 1329 1330 
3 1985 1713 1712 
3 1712 1713 2018 
3 1712 2018 1329 
3 1329 2018 1419 
3 1717 1714 1985 
3 1985 1714 1715 
3 1985 1715 1713 
3 1983 1716 1717 
3 1717 1716 1718 
3 1717 1718 1714 
3 1980 1719 1982 
3 1982 1719 2008 
3 1982 2008 1983 
3 1983 2008 1720 
3 1983 1720 1716 
3 1722 2012 1980 
3 1980 2012 2013 
3 1980 2013 1719 
3 2004 1721 1976 
3 1976 1721 2009 
3 1976 2009 1978 
3 1978 2009 2011 
3 1978 2011 1722 
3 1722 2011 1723 
3 1722 1723 2012 
3 2004 1976 2002 
3 2002 1976 1975 
3 2002 1975 1725 
3 1725 1975 1724 
3 1725 1724 1726 
3 1726 1724 1727 
3 1727 1724 1973 
3 1727 1973 1729 
3 1729 1973 1728 
3 1729 1728 1999 
3 1999 1728 1730 
3 1730 1728 1972 
3 1730 1972 1731 
3 1731 1972 1998 
3 1998 1972 1970 
3 1998 1970 1732 
3 1732 1970 1735 
3 1732 1735 1733 
3 1733 1735 1734 
3 1734 1735 1736 
3 1734 1736 1994 
3 1994 1736 1989 
3 1989 1736 1968 
3 1989 1968 1991 
3 1991 1968 1967 
3 1991 1967 1992 
3 1740 1987 1737 
3 1737 1987 1993 
3 1737 1993 1967 
3 1967 1993 1738 
3 1967 1738 1992 
3 1964 1743 1739 
3 1739 1743 2071 
3 1739 2071 1740 
3 1740 2071 1741 
3 1740 1741 1987 
3 1744 2074 1964 
3 1964 2074 1742 
3 1964 1742 1743 
3 1961 2079 1962 
3 1962 2079 2077 
3 1962 2077 1744 
3 1744 2077 1745 
3 1744 1745 2074 
3 1959 2082 1961 
3 1961 2082 1746 
3 1961 1746 2079 
3 1748 1749 1959 
3 1959 1749 2083 
3 1959 2083 2082 
3 1747 2088 1650 
3 1650 2088 2087 
3 1650 2087 1748 
3 1748 2087 2086 
3 1748 2086 1749 
3 1248 1246 1810 
3 1810 1246 1750 
3 1810 1750 1751 
3 1751 1750 1711 
3 1751 1711 1752 
3 1752 1711 1710 
3 1752 1710 1807 
3 1807 1710 1754 
3 1807 1754 1753 
3 1753 1754 1706 
3 1753 1706 1755 
3 1755 1706 1702 
3 1755 1702 1756 
3 1756 1702 1757 
3 1756 1757 1803 
3 1803 1757 1698 
3 1803 1698 1800 
3 1800 1698 1697 
3 1800 1697 1758 
3 1758 1697 1693 
3 1758 1693 1799 
3 1799 1693 1759 
3 1799 1759 1798 
3 1798 1759 1760 
3 1798 1760 1796 
3 1796 1760 1761 
3 1796 1761 1762 
3 1762 1761 1685 
3 1762 1685 1794 
3 1794 1685 1763 
3 1794 1763 1764 
3 1764 1763 1680 
3 1764 1680 1792 
3 1792 1680 1765 
3 1792 1765 1790 
3 1790 1765 1679 
3 1790 1679 1766 
3 1766 1679 1767 
3 1766 1767 1787 
3 1787 1767 1769 
3 1787 1769 1768 
3 1768 1769 1770 
3 1768 1770 1771 
3 1771 1770 1673 
3 1771 1673 1772 
3 1772 1673 1773 
3 1772 1773 1786 
3 1786 1773 1668 
3 1786 1668 1774 
3 1774 1668 1667 
3 1774 1667 1783 
3 1783 1667 1775 
3 1783 1775 1782 
3 1782 1775 1664 
3 1782 1664 1776 
3 1776 1664 1659 
3 1776 1659 1777 
3 1777 1659 1660 
3 1777 1660 1778 
3 1778 1660 1478 
3 1778 1478 1656 
3 1656 1779 1778 
3 1778 1779 1780 
3 1778 1780 1777 
3 1777 1780 1813 
3 1777 1813 1776 
3 1776 1813 1781 
3 1776 1781 1782 
3 1782 1781 1784 
3 1782 1784 1783 
3 1783 1784 1785 
3 1783 1785 1774 
3 1774 1785 1815 
3 1774 1815 1786 
3 1786 1815 1816 
3 1786 1816 1772 
3 1772 1816 1818 
3 1772 1818 1771 
3 1771 1818 1820 
3 1771 1820 1768 
3 1768 1820 1788 
3 1768 1788 1787 
3 1787 1788 1789 
3 1787 1789 1766 
3 1766 1789 1821 
3 1766 1821 1790 
3 1790 1821 1791 
3 1790 1791 1792 
3 1792 1791 1793 
3 1792 1793 1764 
3 1764 1793 1824 
3 1764 1824 1794 
3 1794 1824 1795 
3 1794 1795 1762 
3 1762 1795 1825 
3 1762 1825 1796 
3 1796 1825 1797 
3 1796 1797 1798 
3 1798 1797 1827 
3 1798 1827 1799 
3 1799 1827 1828 
3 1799 1828 1758 
3 1758 1828 1801 
3 1758 1801 1800 
3 1800 1801 1802 
3 1800 1802 1803 
3 1803 1802 1804 
3 1803 1804 1756 
3 1756 1804 1805 
3 1756 1805 1755 
3 1755 1805 1806 
3 1755 1806 1753 
3 1753 1806 1833 
3 1753 1833 1807 
3 1807 1833 1808 
3 1807 1808 1752 
3 1752 1808 1809 
3 1752 1809 1751 
3 1751 1809 1449 
3 1751 1449 1810 
3 1654 1653 1779 
3 1779 1653 1811 
3 1779 1811 1780 
3 1780 1811 1812 
3 1780 1812 1813 
3 1813 1812 1837 
3 1813 1837 1781 
3 1781 1837 1839 
3 1781 1839 1784 
3 1784 1839 1841 
3 1784 1841 1785 
3 1785 1841 1842 
3 1785 1842 1815 
3 1815 1842 1814 
3 1815 1814 1816 
3 1816 1814 1817 
3 1816 1817 1818 
3 1818 1817 1819 
3 1818 1819 1820 
3 1820 1819 1845 
3 1820 1845 1788 
3 1788 1845 1846 
3 1788 1846 1789 
3 1789 1846 1822 
3 1789 1822 1821 
3 1821 1822 1849 
3 1821 1849 1791 
3 1791 1849 1850 
3 1791 1850 1793 
3 1793 1850 1823 
3 1793 1823 1824 
3 1824 1823 1853 
3 1824 1853 1795 
3 1795 1853 1854 
3 1795 1854 1825 
3 1825 1854 1826 
3 1825 1826 1797 
3 1797 1826 1857 
3 1797 1857 1827 
3 1827 1857 1829 
3 1827 1829 1828 
3 1828 1829 1830 
3 1828 1830 1801 
3 1801 1830 1831 
3 1801 1831 1802 
3 1802 1831 1859 
3 1802 1859 1804 
3 1804 1859 1832 
3 1804 1832 1805 
3 1805 1832 1860 
3 1805 1860 1806 
3 1806 1860 1861 
3 1806 1861 1833 
3 1833 1861 1862 
3 1833 1862 1808 
3 1808 1862 1834 
3 1808 1834 1809 
3 1809 1834 1450 
3 1809 1450 1449 
3 1655 1835 1653 
3 1653 1835 1865 
3 1653 1865 1811 
3 1811 1865 1867 
3 1811 1867 1812 
3 1812 1867 1836 
3 1812 1836 1837 
3 1837 1836 1838 
3 1837 1838 1839 
3 1839 1838 1840 
3 1839 1840 1841 
3 1841 1840 1843 
3 1841 1843 1842 
3 1842 1843 1873 
3 1842 1873 1814 
3 1814 1873 1874 
3 1814 1874 1817 
3 1817 1874 1875 
3 1817 1875 1819 
3 1819 1875 1844 
3 1819 1844 1845 
3 1845 1844 1847 
3 1845 1847 1846 
3 1846 1847 1848 
3 1846 1848 1822 
3 1822 1848 1877 
3 1822 1877 1849 
3 1849 1877 1878 
3 1849 1878 1850 
3 1850 1878 1851 
3 1850 1851 1823 
3 1823 1851 1852 
3 1823 1852 1853 
3 1853 1852 1882 
3 1853 1882 1854 
3 1854 1882 1884 
3 1854 1884 1826 
3 1826 1884 1855 
3 1826 1855 1857 
3 1857 1855 1856 
3 1857 1856 1829 
3 1829 1856 1858 
3 1829 1858 1830 
3 1830 1858 1887 
3 1830 1887 1831 
3 1831 1887 1890 
3 1831 1890 1859 
3 1859 1890 1891 
3 1859 1891 1832 
3 1832 1891 1892 
3 1832 1892 1860 
3 1860 1892 1894 
3 1860 1894 1861 
3 1861 1894 1863 
3 1861 1863 1862 
3 1862 1863 1864 
3 1862 1864 1834 
3 1834 1864 1897 
3 1834 1897 1450 
3 1652 1898 1835 
3 1835 1898 1899 
3 1835 1899 1865 
3 1865 1899 1866 
3 1865 1866 1867 
3 1867 1866 1868 
3 1867 1868 1836 
3 1836 1868 1869 
3 1836 1869 1838 
3 1838 1869 1870 
3 1838 1870 1840 
3 1840 1870 1871 
3 1840 1871 1843 
3 1843 1871 1872 
3 1843 1872 1873 
3 1873 1872 1903 
3 1873 1903 1874 
3 1874 1903 1904 
3 1874 1904 1875 
3 1875 1904 1905 
3 1875 1905 1844 
3 1844 1905 1906 
3 1844 1906 1847 
3 1847 1906 1876 
3 1847 1876 1848 
3 1848 1876 1909 
3 1848 1909 1877 
3 1877 1909 1911 
3 1877 1911 1878 
3 1878 1911 1879 
3 1878 1879 1851 
3 1851 1879 1880 
3 1851 1880 1852 
3 1852 1880 1881 
3 1852 1881 1882 
3 1882 1881 1914 
3 1882 1914 1884 
3 1884 1914 1883 
3 1884 1883 1855 
3 1855 1883 1916 
3 1855 1916 1856 
3 1856 1916 1885 
3 1856 1885 1858 
3 1858 1885 1886 
3 1858 1886 1887 
3 1887 1886 1888 
3 1887 1888 1890 
3 1890 1888 1889 
3 1890 1889 1891 
3 1891 1889 1918 
3 1891 1918 1892 
3 1892 1918 1893 
3 1892 1893 1894 
3 1894 1893 1920 
3 1894 1920 1863 
3 1863 1920 1895 
3 1863 1895 1864 
3 1864 1895 1896 
3 1864 1896 1897 
3 1625 1925 1898 
3 1898 1925 1900 
3 1898 1900 1899 
3 1899 1900 1927 
3 1899 1927 1866 
3 1866 1927 1928 
3 1866 1928 1868 
3 1868 1928 1901 
3 1868 1901 1869 
3 1869 1901 1930 
3 1869 1930 1870 
3 1870 1930 1902 
3 1870 1902 1871 
3 1871 1902 1932 
3 1871 1932 1872 
3 1872 1932 1933 
3 1872 1933 1903 
3 1903 1933 1935 
3 1903 1935 1904 
3 1904 1935 1937 
3 1904 1937 1905 
3 1905 1937 1907 
3 1905 1907 1906 
3 1906 1907 1939 
3 1906 1939 1876 
3 1876 1939 1908 
3 1876 1908 1909 
3 1909 1908 1910 
3 1909 1910 1911 
3 1911 1910 1912 
3 1911 1912 1879 
3 1879 1912 1943 
3 1879 1943 1880 
3 1880 1943 1945 
3 1880 1945 1881 
3 1881 1945 1913 
3 1881 1913 1914 
3 1914 1913 1915 
3 1914 1915 1883 
3 1883 1915 1946 
3 1883 1946 1916 
3 1916 1946 1917 
3 1916 1917 1885 
3 1885 1917 1949 
3 1885 1949 1886 
3 1886 1949 1950 
3 1886 1950 1888 
3 1888 1950 1952 
3 1888 1952 1889 
3 1889 1952 1954 
3 1889 1954 1918 
3 1918 1954 1919 
3 1918 1919 1893 
3 1893 1919 1956 
3 1893 1956 1920 
3 1920 1956 1921 
3 1920 1921 1895 
3 1895 1921 1922 
3 1895 1922 1896 
3 1923 1958 1925 
3 1925 1958 1924 
3 1925 1924 1900 
3 1900 1924 1960 
3 1900 1960 1927 
3 1927 1960 1926 
3 1927 1926 1928 
3 1928 1926 1929 
3 1928 1929 1901 
3 1901 1929 1963 
3 1901 1963 1930 
3 1930 1963 1965 
3 1930 1965 1902 
3 1902 1965 1966 
3 1902 1966 1932 
3 1932 1966 1931 
3 1932 1931 1933 
3 1933 1931 1934 
3 1933 1934 1935 
3 1935 1934 1936 
3 1935 1936 1937 
3 1937 1936 1969 
3 1937 1969 1907 
3 1907 1969 1938 
3 1907 1938 1939 
3 1939 1938 1940 
3 1939 1940 1908 
3 1908 1940 1941 
3 1908 1941 1910 
3 1910 1941 1971 
3 1910 1971 1912 
3 1912 1971 1942 
3 1912 1942 1943 
3 1943 1942 1974 
3 1943 1974 1945 
3 1945 1974 1944 
3 1945 1944 1913 
3 1913 1944 1977 
3 1913 1977 1915 
3 1915 1977 1947 
3 1915 1947 1946 
3 1946 1947 1979 
3 1946 1979 1917 
3 1917 1979 1948 
3 1917 1948 1949 
3 1949 1948 1981 
3 1949 1981 1950 
3 1950 1981 1951 
3 1950 1951 1952 
3 1952 1951 1953 
3 1952 1953 1954 
3 1954 1953 1984 
3 1954 1984 1919 
3 1919 1984 1955 
3 1919 1955 1956 
3 1956 1955 1986 
3 1956 1986 1921 
3 1921 1986 1957 
3 1921 1957 1922 
3 1651 1650 1958 
3 1958 1650 1748 
3 1958 1748 1924 
3 1924 1748 1959 
3 1924 1959 1960 
3 1960 1959 1961 
3 1960 1961 1926 
3 1926 1961 1962 
3 1926 1962 1929 
3 1929 1962 1744 
3 1929 1744 1963 
3 1963 1744 1964 
3 1963 1964 1965 
3 1965 1964 1739 
3 1965 1739 1966 
3 1966 1739 1740 
3 1966 1740 1931 
3 1931 1740 1737 
3 1931 1737 1934 
3 1934 1737 1967 
3 1934 1967 1936 
3 1936 1967 1968 
3 1936 1968 1969 
3 1969 1968 1736 
3 1969 1736 1938 
3 1938 1736 1735 
3 1938 1735 1940 
3 1940 1735 1970 
3 1940 1970 1941 
3 1941 1970 1972 
3 1941 1972 1971 
3 1971 1972 1728 
3 1971 1728 1942 
3 1942 1728 1973 
3 1942 1973 1974 
3 1974 1973 1724 
3 1974 1724 1944 
3 1944 1724 1975 
3 1944 1975 1977 
3 1977 1975 1976 
3 1977 1976 1947 
3 1947 1976 1978 
3 1947 1978 1979 
3 1979 1978 1722 
3 1979 1722 1948 
3 1948 1722 1980 
3 1948 1980 1981 
3 1981 1980 1982 
3 1981 1982 1951 
3 1951 1982 1983 
3 1951 1983 1953 
3 1953 1983 1717 
3 1953 1717 1984 
3 1984 1717 1985 
3 1984 1985 1955 
3 1955 1985 1712 
3 1955 1712 1986 
3 1986 1712 1330 
3 1986 1330 1957 
3 1993 1987 2098 
3 2098 1987 1988 
3 1988 1987 1741 
3 1988 1741 2096 
3 1994 1989 2102 
3 2102 1989 1991 
3 2102 1991 1990 
3 1990 1991 1992 
3 1990 1992 2101 
3 2101 1992 1738 
3 2101 1738 2100 
3 2100 1738 1993 
3 2100 1993 2099 
3 2099 1993 2098 
3 2102 2103 1994 
3 1994 2103 1995 
3 1994 1995 1734 
3 1734 1995 2106 
3 1734 2106 1733 
3 1733 2106 2105 
3 1733 2105 1732 
3 1732 2105 2111 
3 1732 2111 1998 
3 1999 1996 1729 
3 1729 1996 1997 
3 1729 1997 1727 
3 1998 2111 1731 
3 1731 2111 2110 
3 1731 2110 1730 
3 1730 2110 2108 
3 1730 2108 1999 
3 1999 2108 2113 
3 1999 2113 1996 
3 1727 1997 1726 
3 1726 1997 2000 
3 1726 2000 1725 
3 1725 2000 2001 
3 1725 2001 2002 
3 2001 2114 2002 
3 2002 2114 2003 
3 2002 2003 2004 
3 2004 2003 2005 
3 2004 2005 1721 
3 1721 2005 2006 
3 1721 2006 2009 
3 2013 2007 1719 
3 1719 2007 2122 
3 1719 2122 2008 
3 2009 2006 2011 
3 2011 2006 2010 
3 2011 2010 1723 
3 1723 2010 2118 
3 1723 2118 2012 
3 2012 2118 2119 
3 2012 2119 2013 
3 2013 2119 2121 
3 2013 2121 2007 
3 2008 2122 1720 
3 1720 2122 2014 
3 1720 2014 1716 
3 1716 2014 2015 
3 1716 2015 1718 
3 2015 2016 1718 
3 1718 2016 2125 
3 1718 2125 1714 
3 1714 2125 2017 
3 1714 2017 1715 
3 1715 2017 2019 
3 2129 1419 2126 
3 2126 1419 2018 
3 2126 2018 2019 
3 2019 2018 1713 
3 2019 1713 1715 
3 1389 2154 2020 
3 1389 2020 1392 
3 1389 2021 2154 
3 2154 2021 2023 
3 2154 2023 2022 
3 2022 2023 2024 
3 2022 2024 2025 
3 2025 2024 2026 
3 2025 2026 2152 
3 2152 2026 1396 
3 2152 1396 2027 
3 2027 1396 1395 
3 2027 1395 2150 
3 2150 1395 1401 
3 2150 1401 2028 
3 2028 1401 1400 
3 2028 1400 2029 
3 2029 1400 1399 
3 2029 1399 2030 
3 2030 1399 1398 
3 2030 1398 2148 
3 2148 1398 1397 
3 2148 1397 2031 
3 2031 1397 2033 
3 2031 2033 2032 
3 2032 2033 2034 
3 2032 2034 2145 
3 2145 2034 1403 
3 2145 1403 2146 
3 2146 1403 2035 
3 2146 2035 2036 
3 2036 2035 2038 
3 2036 2038 2037 
3 2037 2038 1405 
3 2037 1405 2142 
3 2142 1405 1407 
3 2142 1407 2143 
3 2143 1407 2040 
3 2143 2040 2039 
3 2039 2040 2041 
3 2039 2041 2141 
3 2141 2041 1408 
3 2141 1408 2042 
3 2042 1408 2043 
3 2042 2043 2136 
3 2136 2043 2044 
3 2136 2044 2137 
3 2137 2044 2045 
3 2137 2045 2046 
3 2046 2045 2047 
3 2046 2047 2048 
3 2048 2047 1412 
3 2048 1412 2049 
3 2049 1412 1413 
3 2049 1413 2133 
3 2133 1413 2050 
3 2133 2050 2134 
3 2134 2050 2051 
3 2134 2051 2053 
3 2053 2051 2052 
3 2053 2052 2054 
3 2054 2052 2055 
3 2054 2055 2056 
3 2056 2055 1418 
3 2056 1418 2130 
3 2130 1418 2057 
3 2130 2057 2131 
3 2131 2057 1421 
3 2131 1421 2058 
3 2058 1421 2059 
3 2058 2059 2061 
3 2061 2059 2060 
3 2061 2060 2129 
3 2129 2060 2062 
3 2129 2062 1419 
3 2090 2092 2168 
3 2168 2092 2063 
3 2168 2063 2163 
3 2163 2063 1383 
3 2163 1383 2164 
3 2164 1383 2064 
3 2164 2064 2167 
3 2167 2064 2065 
3 2167 2065 2160 
3 2160 2065 1387 
3 2160 1387 2161 
3 2161 1387 1386 
3 2161 1386 2066 
3 2066 1386 2067 
3 2066 2067 2068 
3 2068 2067 2069 
3 2068 2069 2158 
3 2158 2069 1392 
3 2158 1392 2070 
3 2070 1392 2020 
3 1741 2071 2096 
3 2096 2071 1743 
3 2096 1743 2072 
3 2072 1743 1742 
3 2072 1742 2073 
3 2073 1742 2074 
3 2073 2074 2075 
3 2075 2074 1745 
3 2075 1745 2076 
3 2076 1745 2077 
3 2076 2077 2078 
3 2078 2077 2079 
3 2078 2079 2080 
3 2080 2079 1746 
3 2080 1746 2081 
3 2081 1746 2082 
3 2081 2082 2093 
3 2093 2082 2083 
3 2093 2083 2084 
3 2084 2083 1749 
3 2084 1749 2085 
3 2085 1749 2086 
3 2085 2086 2169 
3 2169 2086 2087 
3 2169 2087 2170 
3 2170 2087 2088 
3 2170 2088 2089 
3 2089 2088 1747 
3 2089 1747 2090 
3 2090 1747 2091 
3 2090 2091 2092 
3 2084 2235 2093 
3 2093 2235 2094 
3 2093 2094 2081 
3 2081 2094 2239 
3 2081 2239 2080 
3 2080 2239 2078 
3 2078 2239 2095 
3 2078 2095 2076 
3 2076 2095 2240 
3 2076 2240 2075 
3 2075 2240 2073 
3 2073 2240 2097 
3 2073 2097 2072 
3 2072 2097 2096 
3 2096 2097 2242 
3 2096 2242 1988 
3 1988 2242 2098 
3 2098 2242 2243 
3 2098 2243 2099 
3 2099 2243 2245 
3 2099 2245 2100 
3 2100 2245 2101 
3 2101 2245 2246 
3 2101 2246 1990 
3 1990 2246 2102 
3 2102 2246 2104 
3 2102 2104 2103 
3 2103 2104 2248 
3 2103 2248 1995 
3 2109 2111 2250 
3 2250 2111 2105 
3 2250 2105 2248 
3 2248 2105 2106 
3 2248 2106 1995 
3 2112 2113 2107 
3 2107 2113 2108 
3 2107 2108 2109 
3 2109 2108 2110 
3 2109 2110 2111 
3 2252 1997 2112 
3 2112 1997 1996 
3 2112 1996 2113 
3 2005 2003 2115 
3 2115 2003 2114 
3 2115 2114 2254 
3 2254 2114 2001 
3 2254 2001 2252 
3 2252 2001 2000 
3 2252 2000 1997 
3 2005 2115 2006 
3 2006 2115 2116 
3 2006 2116 2010 
3 2010 2116 2117 
3 2010 2117 2118 
3 2118 2117 2119 
3 2119 2117 2120 
3 2119 2120 2121 
3 2121 2120 2258 
3 2121 2258 2007 
3 2007 2258 2122 
3 2122 2258 2123 
3 2122 2123 2014 
3 2014 2123 2015 
3 2015 2123 2260 
3 2015 2260 2016 
3 2016 2260 2124 
3 2016 2124 2125 
3 2128 2126 2127 
3 2127 2126 2019 
3 2127 2019 2124 
3 2124 2019 2017 
3 2124 2017 2125 
3 2263 2058 2262 
3 2262 2058 2061 
3 2262 2061 2128 
3 2128 2061 2129 
3 2128 2129 2126 
3 2132 2130 2263 
3 2263 2130 2131 
3 2263 2131 2058 
3 2265 2054 2132 
3 2132 2054 2056 
3 2132 2056 2130 
3 2269 2133 2267 
3 2267 2133 2134 
3 2267 2134 2265 
3 2265 2134 2053 
3 2265 2053 2054 
3 2135 2048 2269 
3 2269 2048 2049 
3 2269 2049 2133 
3 2140 2136 2138 
3 2138 2136 2137 
3 2138 2137 2135 
3 2135 2137 2046 
3 2135 2046 2048 
3 2139 2141 2140 
3 2140 2141 2042 
3 2140 2042 2136 
3 2273 2143 2139 
3 2139 2143 2039 
3 2139 2039 2141 
3 2275 2036 2274 
3 2274 2036 2037 
3 2274 2037 2273 
3 2273 2037 2142 
3 2273 2142 2143 
3 2144 2145 2275 
3 2275 2145 2146 
3 2275 2146 2036 
3 2029 2030 2147 
3 2147 2030 2148 
3 2147 2148 2278 
3 2278 2148 2031 
3 2278 2031 2144 
3 2144 2031 2032 
3 2144 2032 2145 
3 2029 2147 2028 
3 2028 2147 2149 
3 2028 2149 2150 
3 2150 2149 2151 
3 2150 2151 2027 
3 2027 2151 2152 
3 2152 2151 2153 
3 2152 2153 2025 
3 2025 2153 2155 
3 2025 2155 2022 
3 2022 2155 2154 
3 2154 2155 2156 
3 2154 2156 2020 
3 2020 2156 2070 
3 2070 2156 2157 
3 2070 2157 2158 
3 2158 2157 2162 
3 2158 2162 2068 
3 2166 2160 2159 
3 2159 2160 2161 
3 2159 2161 2162 
3 2162 2161 2066 
3 2162 2066 2068 
3 2284 2163 2165 
3 2165 2163 2164 
3 2165 2164 2166 
3 2166 2164 2167 
3 2166 2167 2160 
3 2231 2090 2284 
3 2284 2090 2168 
3 2284 2168 2163 
3 2084 2085 2235 
3 2235 2085 2169 
3 2235 2169 2234 
3 2234 2169 2170 
3 2234 2170 2231 
3 2231 2170 2089 
3 2231 2089 2090 
3 2171 2172 2173 
3 2173 2172 2174 
3 2173 2174 2175 
3 2175 2174 2176 
3 2175 2176 2629 
3 2629 2176 2693 
3 2629 2693 2631 
3 2631 2693 2692 
3 2631 2692 2633 
3 2633 2692 2690 
3 2633 2690 2177 
3 2177 2690 2178 
3 2177 2178 2635 
3 2635 2178 2180 
3 2635 2180 2179 
3 2179 2180 2182 
3 2179 2182 2181 
3 2181 2182 2183 
3 2181 2183 2184 
3 2184 2183 2707 
3 2184 2707 2637 
3 2637 2707 2700 
3 2637 2700 2638 
3 2638 2700 2699 
3 2638 2699 2639 
3 2639 2699 2185 
3 2639 2185 2186 
3 2186 2185 2708 
3 2186 2708 2187 
3 2187 2708 2188 
3 2187 2188 2642 
3 2642 2188 2709 
3 2642 2709 2643 
3 2643 2709 2710 
3 2643 2710 2644 
3 2644 2710 2189 
3 2644 2189 2190 
3 2190 2189 2191 
3 2190 2191 2647 
3 2647 2191 2192 
3 2647 2192 2193 
3 2193 2192 2194 
3 2193 2194 2649 
3 2649 2194 2195 
3 2649 2195 2196 
3 2196 2195 2705 
3 2196 2705 2650 
3 2650 2705 2706 
3 2650 2706 2197 
3 2197 2706 2198 
3 2197 2198 2653 
3 2653 2198 2691 
3 2653 2691 2654 
3 2654 2691 2199 
3 2654 2199 2201 
3 2199 2200 2201 
3 2201 2200 2202 
3 2201 2202 2203 
3 2203 2202 2686 
3 2203 2686 2656 
3 2656 2686 2204 
3 2656 2204 2657 
3 2657 2204 2689 
3 2657 2689 2658 
3 2658 2689 2688 
3 2658 2688 2659 
3 2659 2688 2205 
3 2659 2205 2206 
3 2206 2205 2207 
3 2206 2207 2661 
3 2661 2207 2209 
3 2661 2209 2208 
3 2208 2209 2210 
3 2208 2210 2662 
3 2662 2210 2695 
3 2662 2695 2664 
3 2664 2695 2696 
3 2664 2696 2211 
3 2211 2696 2697 
3 2211 2697 2212 
3 2212 2697 2214 
3 2212 2214 2213 
3 2213 2214 2215 
3 2213 2215 2668 
3 2668 2215 2216 
3 2668 2216 2670 
3 2670 2216 2217 
3 2670 2217 2218 
3 2218 2217 2703 
3 2218 2703 2672 
3 2672 2703 2219 
3 2672 2219 2674 
3 2674 2219 2704 
3 2674 2704 2220 
3 2220 2704 2221 
3 2220 2221 2222 
3 2222 2221 2694 
3 2222 2694 2223 
3 2223 2694 2698 
3 2223 2698 2677 
3 2677 2698 2225 
3 2677 2225 2224 
3 2224 2225 2226 
3 2224 2226 2679 
3 2679 2226 2228 
3 2679 2228 2227 
3 2227 2228 2702 
3 2227 2702 2682 
3 2682 2702 2701 
3 2682 2701 2685 
3 2685 2701 2687 
3 2685 2687 2625 
3 2625 2687 2229 
3 2625 2229 2171 
3 2171 2229 2230 
3 2171 2230 2172 
3 2284 2232 2231 
3 2231 2232 2233 
3 2231 2233 2234 
3 2234 2233 2286 
3 2234 2286 2235 
3 2235 2286 2236 
3 2235 2236 2094 
3 2094 2236 2237 
3 2094 2237 2239 
3 2239 2237 2238 
3 2239 2238 2095 
3 2095 2238 2290 
3 2095 2290 2240 
3 2240 2290 2241 
3 2240 2241 2097 
3 2097 2241 2291 
3 2097 2291 2242 
3 2242 2291 2293 
3 2242 2293 2243 
3 2243 2293 2244 
3 2243 2244 2245 
3 2245 2244 2295 
3 2245 2295 2246 
3 2246 2295 2247 
3 2246 2247 2104 
3 2104 2247 2297 
3 2104 2297 2248 
3 2248 2297 2299 
3 2248 2299 2250 
3 2250 2299 2249 
3 2250 2249 2109 
3 2109 2249 2251 
3 2109 2251 2107 
3 2107 2251 2303 
3 2107 2303 2112 
3 2112 2303 2253 
3 2112 2253 2252 
3 2252 2253 2304 
3 2252 2304 2254 
3 2254 2304 2255 
3 2254 2255 2115 
3 2115 2255 2256 
3 2115 2256 2116 
3 2116 2256 2305 
3 2116 2305 2117 
3 2117 2305 2257 
3 2117 2257 2120 
3 2120 2257 2307 
3 2120 2307 2258 
3 2258 2307 2259 
3 2258 2259 2123 
3 2123 2259 2309 
3 2123 2309 2260 
3 2260 2309 2311 
3 2260 2311 2124 
3 2124 2311 2312 
3 2124 2312 2127 
3 2127 2312 2261 
3 2127 2261 2128 
3 2128 2261 2315 
3 2128 2315 2262 
3 2262 2315 2316 
3 2262 2316 2263 
3 2263 2316 2317 
3 2263 2317 2132 
3 2132 2317 2264 
3 2132 2264 2265 
3 2265 2264 2266 
3 2265 2266 2267 
3 2267 2266 2268 
3 2267 2268 2269 
3 2269 2268 2270 
3 2269 2270 2135 
3 2135 2270 2321 
3 2135 2321 2138 
3 2138 2321 2324 
3 2138 2324 2140 
3 2140 2324 2271 
3 2140 2271 2139 
3 2139 2271 2272 
3 2139 2272 2273 
3 2273 2272 2326 
3 2273 2326 2274 
3 2274 2326 2327 
3 2274 2327 2275 
3 2275 2327 2276 
3 2275 2276 2144 
3 2144 2276 2277 
3 2144 2277 2278 
3 2278 2277 2329 
3 2278 2329 2147 
3 2147 2329 2330 
3 2147 2330 2149 
3 2149 2330 2332 
3 2149 2332 2151 
3 2151 2332 2334 
3 2151 2334 2153 
3 2153 2334 2279 
3 2153 2279 2155 
3 2155 2279 2280 
3 2155 2280 2156 
3 2156 2280 2336 
3 2156 2336 2157 
3 2157 2336 2281 
3 2157 2281 2162 
3 2162 2281 2282 
3 2162 2282 2159 
3 2159 2282 2283 
3 2159 2283 2166 
3 2166 2283 2338 
3 2166 2338 2165 
3 2165 2338 2339 
3 2165 2339 2284 
3 2284 2339 2232 
3 2339 2285 2232 
3 2232 2285 2341 
3 2232 2341 2233 
3 2233 2341 2287 
3 2233 2287 2286 
3 2286 2287 2342 
3 2286 2342 2236 
3 2236 2342 2344 
3 2236 2344 2237 
3 2237 2344 2288 
3 2237 2288 2238 
3 2238 2288 2346 
3 2238 2346 2290 
3 2290 2346 2289 
3 2290 2289 2241 
3 2241 2289 2349 
3 2241 2349 2291 
3 2291 2349 2351 
3 2291 2351 2293 
3 2293 2351 2292 
3 2293 2292 2244 
3 2244 2292 2294 
3 2244 2294 2295 
3 2295 2294 2354 
3 2295 2354 2247 
3 2247 2354 2296 
3 2247 2296 2297 
3 2297 2296 2298 
3 2297 2298 2299 
3 2299 2298 2300 
3 2299 2300 2249 
3 2249 2300 2301 
3 2249 2301 2251 
3 2251 2301 2302 
3 2251 2302 2303 
3 2303 2302 2359 
3 2303 2359 2253 
3 2253 2359 2360 
3 2253 2360 2304 
3 2304 2360 2362 
3 2304 2362 2255 
3 2255 2362 2364 
3 2255 2364 2256 
3 2256 2364 2365 
3 2256 2365 2305 
3 2305 2365 2306 
3 2305 2306 2257 
3 2257 2306 2366 
3 2257 2366 2307 
3 2307 2366 2368 
3 2307 2368 2259 
3 2259 2368 2308 
3 2259 2308 2309 
3 2309 2308 2310 
3 2309 2310 2311 
3 2311 2310 2313 
3 2311 2313 2312 
3 2312 2313 2314 
3 2312 2314 2261 
3 2261 2314 2371 
3 2261 2371 2315 
3 2315 2371 2374 
3 2315 2374 2316 
3 2316 2374 2318 
3 2316 2318 2317 
3 2317 2318 2375 
3 2317 2375 2264 
3 2264 2375 2319 
3 2264 2319 2266 
3 2266 2319 2320 
3 2266 2320 2268 
3 2268 2320 2378 
3 2268 2378 2270 
3 2270 2378 2322 
3 2270 2322 2321 
3 2321 2322 2323 
3 2321 2323 2324 
3 2324 2323 2325 
3 2324 2325 2271 
3 2271 2325 2382 
3 2271 2382 2272 
3 2272 2382 2383 
3 2272 2383 2326 
3 2326 2383 2384 
3 2326 2384 2327 
3 2327 2384 2328 
3 2327 2328 2276 
3 2276 2328 2388 
3 2276 2388 2277 
3 2277 2388 2390 
3 2277 2390 2329 
3 2329 2390 2391 
3 2329 2391 2330 
3 2330 2391 2331 
3 2330 2331 2332 
3 2332 2331 2333 
3 2332 2333 2334 
3 2334 2333 2393 
3 2334 2393 2279 
3 2279 2393 2394 
3 2279 2394 2280 
3 2280 2394 2335 
3 2280 2335 2336 
3 2336 2335 2396 
3 2336 2396 2281 
3 2281 2396 2399 
3 2281 2399 2282 
3 2282 2399 2400 
3 2282 2400 2283 
3 2283 2400 2337 
3 2283 2337 2338 
3 2338 2337 2340 
3 2338 2340 2339 
3 2339 2340 2285 
3 2340 2402 2285 
3 2285 2402 2403 
3 2285 2403 2341 
3 2341 2403 2405 
3 2341 2405 2287 
3 2287 2405 2406 
3 2287 2406 2342 
3 2342 2406 2343 
3 2342 2343 2344 
3 2344 2343 2345 
3 2344 2345 2288 
3 2288 2345 2347 
3 2288 2347 2346 
3 2346 2347 2408 
3 2346 2408 2289 
3 2289 2408 2348 
3 2289 2348 2349 
3 2349 2348 2350 
3 2349 2350 2351 
3 2351 2350 2352 
3 2351 2352 2292 
3 2292 2352 2353 
3 2292 2353 2294 
3 2294 2353 2411 
3 2294 2411 2354 
3 2354 2411 2355 
3 2354 2355 2296 
3 2296 2355 2356 
3 2296 2356 2298 
3 2298 2356 2357 
3 2298 2357 2300 
3 2300 2357 2415 
3 2300 2415 2301 
3 2301 2415 2358 
3 2301 2358 2302 
3 2302 2358 2417 
3 2302 2417 2359 
3 2359 2417 2361 
3 2359 2361 2360 
3 2360 2361 2363 
3 2360 2363 2362 
3 2362 2363 2420 
3 2362 2420 2364 
3 2364 2420 2422 
3 2364 2422 2365 
3 2365 2422 2425 
3 2365 2425 2306 
3 2306 2425 2426 
3 2306 2426 2366 
3 2366 2426 2367 
3 2366 2367 2368 
3 2368 2367 2428 
3 2368 2428 2308 
3 2308 2428 2369 
3 2308 2369 2310 
3 2310 2369 2431 
3 2310 2431 2313 
3 2313 2431 2432 
3 2313 2432 2314 
3 2314 2432 2370 
3 2314 2370 2371 
3 2371 2370 2372 
3 2371 2372 2374 
3 2374 2372 2373 
3 2374 2373 2318 
3 2318 2373 2435 
3 2318 2435 2375 
3 2375 2435 2436 
3 2375 2436 2319 
3 2319 2436 2376 
3 2319 2376 2320 
3 2320 2376 2377 
3 2320 2377 2378 
3 2378 2377 2379 
3 2378 2379 2322 
3 2322 2379 2380 
3 2322 2380 2323 
3 2323 2380 2440 
3 2323 2440 2325 
3 2325 2440 2381 
3 2325 2381 2382 
3 2382 2381 2443 
3 2382 2443 2383 
3 2383 2443 2385 
3 2383 2385 2384 
3 2384 2385 2386 
3 2384 2386 2328 
3 2328 2386 2387 
3 2328 2387 2388 
3 2388 2387 2389 
3 2388 2389 2390 
3 2390 2389 2446 
3 2390 2446 2391 
3 2391 2446 2447 
3 2391 2447 2331 
3 2331 2447 2448 
3 2331 2448 2333 
3 2333 2448 2392 
3 2333 2392 2393 
3 2393 2392 2395 
3 2393 2395 2394 
3 2394 2395 2449 
3 2394 2449 2335 
3 2335 2449 2397 
3 2335 2397 2396 
3 2396 2397 2398 
3 2396 2398 2399 
3 2399 2398 2453 
3 2399 2453 2400 
3 2400 2453 2401 
3 2400 2401 2337 
3 2337 2401 2455 
3 2337 2455 2340 
3 2340 2455 2402 
3 2455 2456 2402 
3 2402 2456 2457 
3 2402 2457 2403 
3 2403 2457 2404 
3 2403 2404 2405 
3 2405 2404 2460 
3 2405 2460 2406 
3 2406 2460 2461 
3 2406 2461 2343 
3 2343 2461 2463 
3 2343 2463 2345 
3 2345 2463 2407 
3 2345 2407 2347 
3 2347 2407 2464 
3 2347 2464 2408 
3 2408 2464 2465 
3 2408 2465 2348 
3 2348 2465 2466 
3 2348 2466 2350 
3 2350 2466 2409 
3 2350 2409 2352 
3 2352 2409 2410 
3 2352 2410 2353 
3 2353 2410 2412 
3 2353 2412 2411 
3 2411 2412 2413 
3 2411 2413 2355 
3 2355 2413 2414 
3 2355 2414 2356 
3 2356 2414 2472 
3 2356 2472 2357 
3 2357 2472 2474 
3 2357 2474 2415 
3 2415 2474 2475 
3 2415 2475 2358 
3 2358 2475 2416 
3 2358 2416 2417 
3 2417 2416 2418 
3 2417 2418 2361 
3 2361 2418 2419 
3 2361 2419 2363 
3 2363 2419 2421 
3 2363 2421 2420 
3 2420 2421 2423 
3 2420 2423 2422 
3 2422 2423 2424 
3 2422 2424 2425 
3 2425 2424 2480 
3 2425 2480 2426 
3 2426 2480 2427 
3 2426 2427 2367 
3 2367 2427 2482 
3 2367 2482 2428 
3 2428 2482 2429 
3 2428 2429 2369 
3 2369 2429 2430 
3 2369 2430 2431 
3 2431 2430 2483 
3 2431 2483 2432 
3 2432 2483 2484 
3 2432 2484 2370 
3 2370 2484 2433 
3 2370 2433 2372 
3 2372 2433 2485 
3 2372 2485 2373 
3 2373 2485 2434 
3 2373 2434 2435 
3 2435 2434 2437 
3 2435 2437 2436 
3 2436 2437 2487 
3 2436 2487 2376 
3 2376 2487 2488 
3 2376 2488 2377 
3 2377 2488 2438 
3 2377 2438 2379 
3 2379 2438 2439 
3 2379 2439 2380 
3 2380 2439 2491 
3 2380 2491 2440 
3 2440 2491 2441 
3 2440 2441 2381 
3 2381 2441 2442 
3 2381 2442 2443 
3 2443 2442 2444 
3 2443 2444 2385 
3 2385 2444 2494 
3 2385 2494 2386 
3 2386 2494 2495 
3 2386 2495 2387 
3 2387 2495 2445 
3 2387 2445 2389 
3 2389 2445 2497 
3 2389 2497 2446 
3 2446 2497 2498 
3 2446 2498 2447 
3 2447 2498 2500 
3 2447 2500 2448 
3 2448 2500 2501 
3 2448 2501 2392 
3 2392 2501 2503 
3 2392 2503 2395 
3 2395 2503 2504 
3 2395 2504 2449 
3 2449 2504 2450 
3 2449 2450 2397 
3 2397 2450 2451 
3 2397 2451 2398 
3 2398 2451 2452 
3 2398 2452 2453 
3 2453 2452 2508 
3 2453 2508 2401 
3 2401 2508 2454 
3 2401 2454 2455 
3 2455 2454 2456 
3 2454 2509 2456 
3 2456 2509 2511 
3 2456 2511 2457 
3 2457 2511 2458 
3 2457 2458 2404 
3 2404 2458 2459 
3 2404 2459 2460 
3 2460 2459 2462 
3 2460 2462 2461 
3 2461 2462 2515 
3 2461 2515 2463 
3 2463 2515 2517 
3 2463 2517 2407 
3 2407 2517 2518 
3 2407 2518 2464 
3 2464 2518 2521 
3 2464 2521 2465 
3 2465 2521 2522 
3 2465 2522 2466 
3 2466 2522 2467 
3 2466 2467 2409 
3 2409 2467 2468 
3 2409 2468 2410 
3 2410 2468 2469 
3 2410 2469 2412 
3 2412 2469 2524 
3 2412 2524 2413 
3 2413 2524 2470 
3 2413 2470 2414 
3 2414 2470 2471 
3 2414 2471 2472 
3 2472 2471 2473 
3 2472 2473 2474 
3 2474 2473 2529 
3 2474 2529 2475 
3 2475 2529 2476 
3 2475 2476 2416 
3 2416 2476 2477 
3 2416 2477 2418 
3 2418 2477 2478 
3 2418 2478 2419 
3 2419 2478 2531 
3 2419 2531 2421 
3 2421 2531 2532 
3 2421 2532 2423 
3 2423 2532 2479 
3 2423 2479 2424 
3 2424 2479 2481 
3 2424 2481 2480 
3 2480 2481 2535 
3 2480 2535 2427 
3 2427 2535 2536 
3 2427 2536 2482 
3 2482 2536 2537 
3 2482 2537 2429 
3 2429 2537 2538 
3 2429 2538 2430 
3 2430 2538 2540 
3 2430 2540 2483 
3 2483 2540 2541 
3 2483 2541 2484 
3 2484 2541 2542 
3 2484 2542 2433 
3 2433 2542 2543 
3 2433 2543 2485 
3 2485 2543 2545 
3 2485 2545 2434 
3 2434 2545 2546 
3 2434 2546 2437 
3 2437 2546 2547 
3 2437 2547 2487 
3 2487 2547 2486 
3 2487 2486 2488 
3 2488 2486 2549 
3 2488 2549 2438 
3 2438 2549 2489 
3 2438 2489 2439 
3 2439 2489 2490 
3 2439 2490 2491 
3 2491 2490 2492 
3 2491 2492 2441 
3 2441 2492 2493 
3 2441 2493 2442 
3 2442 2493 2553 
3 2442 2553 2444 
3 2444 2553 2554 
3 2444 2554 2494 
3 2494 2554 2555 
3 2494 2555 2495 
3 2495 2555 2496 
3 2495 2496 2445 
3 2445 2496 2557 
3 2445 2557 2497 
3 2497 2557 2558 
3 2497 2558 2498 
3 2498 2558 2499 
3 2498 2499 2500 
3 2500 2499 2562 
3 2500 2562 2501 
3 2501 2562 2502 
3 2501 2502 2503 
3 2503 2502 2565 
3 2503 2565 2504 
3 2504 2565 2505 
3 2504 2505 2450 
3 2450 2505 2568 
3 2450 2568 2451 
3 2451 2568 2506 
3 2451 2506 2452 
3 2452 2506 2507 
3 2452 2507 2508 
3 2508 2507 2510 
3 2508 2510 2454 
3 2454 2510 2509 
3 2510 2570 2509 
3 2509 2570 2571 
3 2509 2571 2511 
3 2511 2571 2512 
3 2511 2512 2458 
3 2458 2512 2572 
3 2458 2572 2459 
3 2459 2572 2513 
3 2459 2513 2462 
3 2462 2513 2514 
3 2462 2514 2515 
3 2515 2514 2516 
3 2515 2516 2517 
3 2517 2516 2519 
3 2517 2519 2518 
3 2518 2519 2520 
3 2518 2520 2521 
3 2521 2520 2577 
3 2521 2577 2522 
3 2522 2577 2580 
3 2522 2580 2467 
3 2467 2580 2523 
3 2467 2523 2468 
3 2468 2523 2581 
3 2468 2581 2469 
3 2469 2581 2582 
3 2469 2582 2524 
3 2524 2582 2525 
3 2524 2525 2470 
3 2470 2525 2584 
3 2470 2584 2471 
3 2471 2584 2526 
3 2471 2526 2473 
3 2473 2526 2527 
3 2473 2527 2529 
3 2529 2527 2528 
3 2529 2528 2476 
3 2476 2528 2588 
3 2476 2588 2477 
3 2477 2588 2530 
3 2477 2530 2478 
3 2478 2530 2589 
3 2478 2589 2531 
3 2531 2589 2590 
3 2531 2590 2532 
3 2532 2590 2533 
3 2532 2533 2479 
3 2479 2533 2593 
3 2479 2593 2481 
3 2481 2593 2534 
3 2481 2534 2535 
3 2535 2534 2595 
3 2535 2595 2536 
3 2536 2595 2597 
3 2536 2597 2537 
3 2537 2597 2599 
3 2537 2599 2538 
3 2538 2599 2539 
3 2538 2539 2540 
3 2540 2539 2601 
3 2540 2601 2541 
3 2541 2601 2603 
3 2541 2603 2542 
3 2542 2603 2544 
3 2542 2544 2543 
3 2543 2544 2605 
3 2543 2605 2545 
3 2545 2605 2608 
3 2545 2608 2546 
3 2546 2608 2610 
3 2546 2610 2547 
3 2547 2610 2548 
3 2547 2548 2486 
3 2486 2548 2612 
3 2486 2612 2549 
3 2549 2612 2550 
3 2549 2550 2489 
3 2489 2550 2614 
3 2489 2614 2490 
3 2490 2614 2551 
3 2490 2551 2492 
3 2492 2551 2615 
3 2492 2615 2493 
3 2493 2615 2616 
3 2493 2616 2553 
3 2553 2616 2552 
3 2553 2552 2554 
3 2554 2552 2556 
3 2554 2556 2555 
3 2555 2556 2618 
3 2555 2618 2496 
3 2496 2618 2619 
3 2496 2619 2557 
3 2557 2619 2559 
3 2557 2559 2558 
3 2558 2559 2560 
3 2558 2560 2499 
3 2499 2560 2561 
3 2499 2561 2562 
3 2562 2561 2563 
3 2562 2563 2502 
3 2502 2563 2564 
3 2502 2564 2565 
3 2565 2564 2566 
3 2565 2566 2505 
3 2505 2566 2623 
3 2505 2623 2568 
3 2568 2623 2567 
3 2568 2567 2506 
3 2506 2567 2569 
3 2506 2569 2507 
3 2507 2569 2624 
3 2507 2624 2510 
3 2510 2624 2570 
3 2624 2626 2570 
3 2570 2626 2627 
3 2570 2627 2571 
3 2571 2627 2628 
3 2571 2628 2512 
3 2512 2628 2573 
3 2512 2573 2572 
3 2572 2573 2630 
3 2572 2630 2513 
3 2513 2630 2574 
3 2513 2574 2514 
3 2514 2574 2632 
3 2514 2632 2516 
3 2516 2632 2634 
3 2516 2634 2519 
3 2519 2634 2575 
3 2519 2575 2520 
3 2520 2575 2576 
3 2520 2576 2577 
3 2577 2576 2578 
3 2577 2578 2580 
3 2580 2578 2579 
3 2580 2579 2523 
3 2523 2579 2636 
3 2523 2636 2581 
3 2581 2636 2640 
3 2581 2640 2582 
3 2582 2640 2641 
3 2582 2641 2525 
3 2525 2641 2583 
3 2525 2583 2584 
3 2584 2583 2585 
3 2584 2585 2526 
3 2526 2585 2586 
3 2526 2586 2527 
3 2527 2586 2587 
3 2527 2587 2528 
3 2528 2587 2645 
3 2528 2645 2588 
3 2588 2645 2646 
3 2588 2646 2530 
3 2530 2646 2648 
3 2530 2648 2589 
3 2589 2648 2591 
3 2589 2591 2590 
3 2590 2591 2592 
3 2590 2592 2533 
3 2533 2592 2651 
3 2533 2651 2593 
3 2593 2651 2594 
3 2593 2594 2534 
3 2534 2594 2652 
3 2534 2652 2595 
3 2595 2652 2596 
3 2595 2596 2597 
3 2597 2596 2598 
3 2597 2598 2599 
3 2599 2598 2655 
3 2599 2655 2539 
3 2539 2655 2600 
3 2539 2600 2601 
3 2601 2600 2602 
3 2601 2602 2603 
3 2603 2602 2604 
3 2603 2604 2544 
3 2544 2604 2606 
3 2544 2606 2605 
3 2605 2606 2607 
3 2605 2607 2608 
3 2608 2607 2660 
3 2608 2660 2610 
3 2610 2660 2609 
3 2610 2609 2548 
3 2548 2609 2611 
3 2548 2611 2612 
3 2612 2611 2663 
3 2612 2663 2550 
3 2550 2663 2613 
3 2550 2613 2614 
3 2614 2613 2665 
3 2614 2665 2551 
3 2551 2665 2666 
3 2551 2666 2615 
3 2615 2666 2667 
3 2615 2667 2616 
3 2616 2667 2617 
3 2616 2617 2552 
3 2552 2617 2669 
3 2552 2669 2556 
3 2556 2669 2671 
3 2556 2671 2618 
3 2618 2671 2673 
3 2618 2673 2619 
3 2619 2673 2675 
3 2619 2675 2559 
3 2559 2675 2620 
3 2559 2620 2560 
3 2560 2620 2676 
3 2560 2676 2561 
3 2561 2676 2621 
3 2561 2621 2563 
3 2563 2621 2622 
3 2563 2622 2564 
3 2564 2622 2678 
3 2564 2678 2566 
3 2566 2678 2680 
3 2566 2680 2623 
3 2623 2680 2681 
3 2623 2681 2567 
3 2567 2681 2683 
3 2567 2683 2569 
3 2569 2683 2684 
3 2569 2684 2624 
3 2624 2684 2626 
3 2684 2625 2626 
3 2626 2625 2171 
3 2626 2171 2627 
3 2627 2171 2173 
3 2627 2173 2628 
3 2628 2173 2175 
3 2628 2175 2573 
3 2573 2175 2629 
3 2573 2629 2630 
3 2630 2629 2631 
3 2630 2631 2574 
3 2574 2631 2633 
3 2574 2633 2632 
3 2632 2633 2177 
3 2632 2177 2634 
3 2634 2177 2635 
3 2634 2635 2575 
3 2575 2635 2179 
3 2575 2179 2576 
3 2576 2179 2181 
3 2576 2181 2578 
3 2578 2181 2184 
3 2578 2184 2579 
3 2579 2184 2637 
3 2579 2637 2636 
3 2636 2637 2638 
3 2636 2638 2640 
3 2640 2638 2639 
3 2640 2639 2641 
3 2641 2639 2186 
3 2641 2186 2583 
3 2583 2186 2187 
3 2583 2187 2585 
3 2585 2187 2642 
3 2585 2642 2586 
3 2586 2642 2643 
3 2586 2643 2587 
3 2587 2643 2644 
3 2587 2644 2645 
3 2645 2644 2190 
3 2645 2190 2646 
3 2646 2190 2647 
3 2646 2647 2648 
3 2648 2647 2193 
3 2648 2193 2591 
3 2591 2193 2649 
3 2591 2649 2592 
3 2592 2649 2196 
3 2592 2196 2651 
3 2651 2196 2650 
3 2651 2650 2594 
3 2594 2650 2197 
3 2594 2197 2652 
3 2652 2197 2653 
3 2652 2653 2596 
3 2596 2653 2654 
3 2596 2654 2598 
3 2598 2654 2201 
3 2598 2201 2655 
3 2655 2201 2203 
3 2655 2203 2600 
3 2600 2203 2656 
3 2600 2656 2602 
3 2602 2656 2657 
3 2602 2657 2604 
3 2604 2657 2658 
3 2604 2658 2606 
3 2606 2658 2659 
3 2606 2659 2607 
3 2607 2659 2206 
3 2607 2206 2660 
3 2660 2206 2661 
3 2660 2661 2609 
3 2609 2661 2208 
3 2609 2208 2611 
3 2611 2208 2662 
3 2611 2662 2663 
3 2663 2662 2664 
3 2663 2664 2613 
3 2613 2664 2211 
3 2613 2211 2665 
3 2665 2211 2212 
3 2665 2212 2666 
3 2666 2212 2213 
3 2666 2213 2667 
3 2667 2213 2668 
3 2667 2668 2617 
3 2617 2668 2670 
3 2617 2670 2669 
3 2669 2670 2218 
3 2669 2218 2671 
3 2671 2218 2672 
3 2671 2672 2673 
3 2673 2672 2674 
3 2673 2674 2675 
3 2675 2674 2220 
3 2675 2220 2620 
3 2620 2220 2222 
3 2620 2222 2676 
3 2676 2222 2223 
3 2676 2223 2621 
3 2621 2223 2677 
3 2621 2677 2622 
3 2622 2677 2224 
3 2622 2224 2678 
3 2678 2224 2679 
3 2678 2679 2680 
3 2680 2679 2227 
3 2680 2227 2681 
3 2681 2227 2682 
3 2681 2682 2683 
3 2683 2682 2685 
3 2683 2685 2684 
3 2684 2685 2625 
3 2687 2200 2229 
3 2229 2200 2199 
3 2229 2199 2691 
3 2204 2686 2687 
3 2687 2686 2202 
3 2687 2202 2200 
3 2205 2688 2687 
3 2687 2688 2689 
3 2687 2689 2204 
3 2178 2690 2691 
3 2691 2690 2692 
3 2174 2172 2691 
3 2691 2172 2230 
3 2691 2230 2229 
3 2198 2706 2182 
3 2692 2693 2691 
3 2691 2693 2176 
3 2691 2176 2174 
3 2702 2228 2697 
3 2215 2214 2694 
3 2694 2214 2697 
3 2694 2697 2698 
3 2210 2687 2695 
3 2695 2687 2696 
3 2210 2209 2687 
3 2687 2209 2207 
3 2687 2207 2205 
3 2198 2182 2691 
3 2691 2182 2180 
3 2691 2180 2178 
3 2228 2226 2697 
3 2697 2226 2225 
3 2697 2225 2698 
3 2699 2700 2706 
3 2696 2687 2697 
3 2697 2687 2701 
3 2697 2701 2702 
3 2217 2704 2703 
3 2703 2704 2219 
3 2694 2221 2215 
3 2215 2221 2704 
3 2215 2704 2216 
3 2216 2704 2217 
3 2705 2195 2708 
3 2705 2708 2706 
3 2706 2708 2185 
3 2706 2185 2699 
3 2700 2707 2706 
3 2706 2707 2183 
3 2706 2183 2182 
3 2195 2194 2708 
3 2708 2194 2192 
3 2708 2192 2188 
3 2188 2192 2709 
3 2709 2192 2710 
3 2710 2192 2191 
3 2710 2191 2189 
3 2717 5056 2711 
3 2711 5056 2715 
3 2712 4105 5333 
3 5333 4105 2713 
3 5333 2713 2714 
3 2714 2713 4103 
3 2711 2715 2740 
3 2740 2715 5057 
3 5056 2717 2716 
3 2716 2717 2718 
3 4105 2712 4104 
3 4104 2712 5318 
3 2714 4103 2719 
3 2719 4103 4102 
3 2719 4102 2720 
3 2720 4102 2721 
3 2720 2721 5330 
3 5330 2721 2722 
3 5330 2722 5331 
3 5331 2722 2723 
3 5331 2723 2724 
3 2724 2723 2726 
3 2724 2726 2725 
3 2725 2726 4108 
3 2725 4108 2727 
3 2727 4108 4107 
3 2727 4107 2729 
3 2729 4107 2728 
3 2729 2728 5373 
3 5373 2728 4165 
3 5373 4165 2730 
3 2730 4165 2731 
3 2730 2731 2732 
3 2732 2731 4163 
3 2732 4163 5404 
3 5404 4163 4164 
3 5404 4164 5405 
3 5405 4164 2733 
3 5405 2733 2734 
3 2734 2733 2735 
3 2734 2735 5375 
3 5375 2735 2736 
3 5375 2736 5376 
3 5376 2736 2737 
3 5376 2737 5411 
3 5411 2737 4157 
3 5411 4157 2738 
3 2738 4157 4180 
3 2738 4180 2739 
3 2739 4180 4179 
3 2740 5057 6740 
3 6740 5057 5055 
3 6740 5055 2741 
3 2741 5055 2742 
3 2741 2742 6753 
3 6753 2742 5089 
3 6753 5089 2743 
3 2743 5089 2744 
3 2743 2744 2745 
3 2745 2744 5052 
3 2745 5052 2746 
3 2746 5052 2748 
3 2746 2748 2747 
3 2747 2748 5051 
3 2747 5051 2749 
3 2749 5051 2750 
3 2749 2750 2751 
3 2751 2750 2752 
3 2751 2752 2754 
3 2754 2752 2753 
3 2754 2753 6805 
3 6805 2753 2755 
3 6805 2755 6758 
3 6758 2755 5116 
3 6758 5116 6759 
3 6759 5116 5061 
3 6759 5061 6761 
3 6761 5061 2756 
3 6761 2756 2757 
3 2757 2756 2758 
3 2757 2758 2759 
3 2759 2758 5059 
3 2759 5059 6770 
3 6770 5059 2760 
3 6770 2760 2761 
3 2761 2760 2762 
3 2761 2762 6768 
3 6768 2762 5072 
3 2763 5066 6752 
3 6752 5066 5067 
3 6752 5067 2764 
3 2764 5067 2765 
3 2764 2765 2766 
3 2766 2765 5091 
3 2766 5091 2767 
3 2767 5091 2768 
3 2767 2768 2769 
3 2769 2768 5075 
3 2769 5075 6757 
3 6757 5075 2770 
3 6757 2770 2771 
3 2771 2770 2772 
3 2771 2772 2773 
3 2773 2772 2775 
3 2773 2775 2774 
3 2774 2775 5117 
3 2774 5117 2776 
3 2776 5117 5100 
3 2776 5100 6773 
3 6773 5100 2777 
3 6773 2777 2778 
3 2778 2777 5099 
3 2778 5099 2779 
3 2779 5099 5098 
3 2779 5098 2780 
3 2780 5098 5097 
3 2780 5097 2782 
3 2782 5097 2781 
3 2782 2781 2783 
3 2783 2781 5090 
3 2783 5090 2784 
3 2784 5090 2785 
3 2784 2785 6741 
3 6741 2785 5063 
3 6741 5063 2718 
3 2718 5063 2716 
3 5315 2786 2787 
3 2787 2786 4067 
3 2787 4067 5316 
3 5316 4067 2788 
3 5316 2788 2789 
3 2789 2788 2790 
3 2789 2790 5304 
3 5304 2790 4089 
3 5304 4089 2791 
3 2791 4089 2793 
3 2791 2793 2792 
3 2792 2793 2794 
3 2792 2794 2795 
3 2795 2794 4096 
3 2795 4096 2796 
3 2796 4096 4095 
3 2796 4095 2797 
3 2797 4095 2799 
3 2797 2799 2798 
3 2798 2799 4166 
3 2798 4166 5372 
3 5372 4166 2800 
3 5372 2800 2801 
3 2801 2800 4100 
3 2801 4100 5374 
3 5374 4100 4088 
3 5374 4088 2802 
3 2802 4088 4087 
3 2802 4087 5329 
3 5329 4087 4106 
3 5329 4106 5334 
3 5334 4106 4109 
3 5334 4109 5317 
3 5317 4109 4101 
3 5317 4101 5318 
3 5318 4101 4104 
3 4178 2803 4179 
3 4179 2803 2739 
3 5071 2804 5072 
3 5072 2804 6768 
3 2805 2806 2763 
3 2763 2806 5066 
3 2807 2808 5315 
3 5315 2808 2786 
3 2803 4178 5410 
3 5410 4178 2812 
3 2804 5071 2809 
3 2809 5071 5069 
3 2810 5065 2805 
3 2805 5065 2806 
3 2811 4078 2807 
3 2807 4078 2808 
3 5410 2812 2813 
3 2813 2812 2814 
3 2809 5069 6769 
3 6769 5069 5070 
3 5065 2810 2815 
3 2815 2810 2883 
3 4078 2811 2912 
3 2912 2811 2911 
3 2813 2814 2816 
3 2816 2814 4181 
3 2816 4181 2817 
3 2817 4181 2818 
3 2817 2818 2819 
3 2819 2818 4144 
3 2819 4144 5377 
3 5377 4144 4162 
3 5377 4162 2820 
3 2820 4162 2821 
3 2820 2821 2822 
3 2822 2821 4156 
3 2822 4156 2823 
3 2823 4156 2824 
3 2823 2824 5360 
3 5360 2824 4155 
3 5360 4155 5412 
3 5412 4155 4143 
3 5412 4143 5413 
3 5413 4143 4142 
3 5413 4142 5414 
3 5414 4142 2825 
3 5414 2825 5421 
3 5421 2825 4174 
3 5421 4174 2826 
3 2826 4174 4173 
3 2826 4173 2827 
3 2827 4173 2828 
3 2827 2828 2829 
3 2829 2828 4145 
3 2829 4145 2830 
3 2830 4145 2832 
3 2830 2832 2831 
3 2831 2832 4170 
3 2831 4170 2833 
3 2833 4170 4169 
3 2833 4169 5407 
3 5407 4169 2834 
3 6769 5070 2835 
3 2835 5070 5073 
3 2835 5073 2836 
3 2836 5073 2837 
3 2836 2837 2838 
3 2838 2837 5058 
3 2838 5058 2839 
3 2839 5058 2840 
3 2839 2840 2841 
3 2841 2840 2842 
3 2841 2842 6756 
3 6756 2842 2844 
3 6756 2844 2843 
3 2843 2844 2845 
3 2843 2845 2846 
3 2846 2845 5062 
3 2846 5062 6760 
3 6760 5062 2847 
3 6760 2847 2848 
3 2848 2847 5126 
3 2848 5126 2850 
3 2850 5126 2849 
3 2850 2849 6806 
3 6806 2849 2851 
3 6806 2851 6788 
3 6788 2851 5124 
3 6788 5124 6789 
3 6789 5124 2852 
3 6789 2852 2853 
3 2853 2852 2854 
3 2853 2854 6800 
3 6800 2854 2855 
3 6800 2855 6820 
3 6820 2855 5114 
3 6820 5114 2856 
3 2856 5114 5154 
3 2856 5154 6819 
3 6819 5154 2914 
3 2857 2858 2859 
3 2859 2858 2860 
3 2859 2860 2861 
3 2861 2860 2862 
3 2861 2862 2864 
3 2864 2862 2863 
3 2864 2863 6764 
3 6764 2863 5093 
3 6764 5093 6765 
3 6765 5093 5092 
3 6765 5092 6766 
3 6766 5092 5102 
3 6766 5102 2865 
3 2865 5102 2866 
3 2865 2866 6767 
3 6767 2866 5064 
3 6767 5064 2867 
3 2867 5064 2868 
3 2867 2868 2869 
3 2869 2868 2870 
3 2869 2870 2871 
3 2871 2870 2872 
3 2871 2872 6780 
3 6780 2872 5101 
3 6780 5101 2873 
3 2873 5101 2874 
3 2873 2874 2875 
3 2875 2874 2876 
3 2875 2876 2877 
3 2877 2876 2878 
3 2877 2878 2879 
3 2879 2878 2880 
3 2879 2880 2881 
3 2881 2880 2882 
3 2881 2882 6751 
3 6751 2882 5068 
3 6751 5068 2883 
3 2883 5068 2815 
3 5295 4097 2884 
3 2884 4097 4072 
3 2884 4072 5297 
3 5297 4072 4073 
3 5297 4073 2885 
3 2885 4073 2886 
3 2885 2886 5314 
3 5314 2886 2887 
3 5314 2887 2888 
3 2888 2887 2889 
3 2888 2889 2890 
3 2890 2889 2891 
3 2890 2891 5319 
3 5319 2891 2892 
3 5319 2892 2893 
3 2893 2892 2894 
3 2893 2894 2895 
3 2895 2894 2896 
3 2895 2896 2897 
3 2897 2896 2899 
3 2897 2899 2898 
3 2898 2899 2900 
3 2898 2900 2902 
3 2902 2900 2901 
3 2902 2901 2903 
3 2903 2901 2904 
3 2903 2904 5303 
3 5303 2904 2905 
3 5303 2905 2906 
3 2906 2905 2908 
3 2906 2908 2907 
3 2907 2908 4066 
3 2907 4066 2909 
3 2909 4066 2910 
3 2909 2910 2911 
3 2911 2910 2912 
3 2919 5406 2834 
3 2834 5406 5407 
3 2922 2913 2914 
3 2914 2913 6819 
3 2915 2916 2857 
3 2857 2916 2858 
3 2917 2918 5295 
3 5295 2918 4097 
3 5406 2919 2920 
3 2920 2919 2921 
3 2913 2922 2925 
3 2925 2922 2923 
3 2927 5118 2915 
3 2915 5118 2916 
3 5293 4098 2917 
3 2917 4098 2918 
3 2920 2921 2924 
3 2924 2921 4167 
3 2925 2923 2926 
3 2926 2923 5153 
3 5118 2927 5119 
3 5119 2927 6749 
3 4098 5293 2928 
3 2928 5293 5294 
3 2924 4167 5408 
3 5408 4167 4168 
3 5408 4168 5432 
3 5432 4168 2929 
3 5432 2929 5433 
3 5433 2929 2931 
3 5433 2931 2930 
3 2930 2931 2932 
3 2930 2932 5379 
3 5379 2932 4175 
3 5379 4175 2933 
3 2933 4175 4136 
3 2933 4136 2934 
3 2934 4136 2935 
3 2934 2935 5380 
3 5380 2935 2936 
3 5380 2936 5381 
3 5381 2936 2938 
3 5381 2938 2937 
3 2937 2938 4154 
3 2937 4154 5391 
3 5391 4154 4128 
3 5391 4128 2939 
3 2939 4128 2941 
3 2939 2941 2940 
3 2940 2941 2942 
3 2940 2942 5378 
3 5378 2942 4122 
3 5378 4122 5390 
3 5390 4122 2943 
3 5390 2943 5389 
3 5389 2943 4131 
3 5389 4131 5387 
3 5387 4131 4151 
3 5387 4151 5386 
3 5386 4151 2944 
3 5386 2944 5384 
3 5384 2944 4150 
3 2926 5153 2945 
3 2945 5153 5155 
3 2945 5155 2946 
3 2946 5155 5123 
3 2946 5123 2947 
3 2947 5123 2948 
3 2947 2948 6801 
3 6801 2948 5115 
3 6801 5115 6781 
3 6781 5115 5113 
3 6781 5113 6790 
3 6790 5113 5112 
3 6790 5112 2949 
3 2949 5112 5111 
3 2949 5111 6815 
3 6815 5111 5110 
3 6815 5110 6814 
3 6814 5110 5152 
3 6814 5152 2950 
3 2950 5152 2951 
3 2950 2951 2952 
3 2952 2951 5151 
3 2952 5151 2953 
3 2953 5151 2954 
3 2953 2954 2955 
3 2955 2954 2956 
3 2955 2956 2958 
3 2958 2956 2957 
3 2958 2957 6825 
3 6825 2957 2959 
3 6825 2959 2960 
3 2960 2959 2961 
3 2960 2961 6823 
3 6823 2961 2963 
3 6823 2963 2962 
3 2962 2963 5142 
3 2962 5142 3001 
3 3001 5142 3000 
3 2964 2966 2965 
3 2965 2966 2967 
3 2965 2967 6755 
3 6755 2967 5080 
3 6755 5080 6795 
3 6795 5080 5060 
3 6795 5060 6796 
3 6796 5060 2968 
3 6796 2968 6797 
3 6797 2968 5082 
3 6797 5082 6798 
3 6798 5082 5081 
3 6798 5081 2969 
3 2969 5081 2970 
3 2969 2970 2971 
3 2971 2970 5128 
3 2971 5128 2972 
3 2972 5128 5127 
3 2972 5127 2974 
3 2974 5127 2973 
3 2974 2973 6762 
3 6762 2973 2975 
3 6762 2975 6763 
3 6763 2975 2976 
3 6763 2976 6747 
3 6747 2976 2978 
3 6747 2978 2977 
3 2977 2978 5103 
3 2977 5103 6748 
3 6748 5103 2979 
3 6748 2979 2980 
3 2980 2979 2981 
3 2980 2981 6750 
3 6750 2981 5120 
3 6750 5120 2982 
3 2982 5120 2983 
3 2982 2983 6749 
3 6749 2983 5119 
3 5273 4065 5286 
3 5286 4065 2984 
3 5286 2984 2985 
3 2985 2984 2986 
3 2985 2986 5403 
3 5403 2986 4120 
3 5403 4120 2988 
3 2988 4120 2987 
3 2988 2987 5277 
3 5277 2987 4204 
3 5277 4204 5278 
3 5278 4204 2989 
3 5278 2989 5264 
3 5264 2989 2990 
3 5264 2990 5265 
3 5265 2990 4070 
3 5265 4070 2991 
3 2991 4070 2992 
3 2991 2992 5302 
3 5302 2992 4081 
3 5302 4081 5313 
3 5313 4081 2993 
3 5313 2993 2994 
3 2994 2993 2995 
3 2994 2995 5262 
3 5262 2995 4079 
3 5262 4079 5263 
3 5263 4079 2996 
3 5263 2996 2997 
3 2997 2996 4074 
3 2997 4074 5296 
3 5296 4074 2998 
3 5296 2998 2999 
3 2999 2998 4099 
3 2999 4099 5294 
3 5294 4099 2928 
3 4147 3004 4150 
3 4150 3004 5384 
3 5140 6821 3000 
3 3000 6821 3001 
3 3008 3002 2964 
3 2964 3002 2966 
3 3009 3003 5273 
3 5273 3003 4065 
3 3004 4147 5385 
3 5385 4147 3005 
3 6821 5140 3006 
3 3006 5140 3010 
3 6744 3007 3008 
3 3008 3007 3002 
3 5275 3013 3009 
3 3009 3013 3003 
3 5385 3005 3014 
3 3014 3005 4148 
3 3006 3010 6822 
3 6822 3010 3011 
3 3007 6744 5078 
3 5078 6744 3012 
3 3013 5275 3092 
3 3092 5275 5274 
3 3014 4148 3015 
3 3015 4148 4149 
3 3015 4149 5388 
3 5388 4149 4129 
3 5388 4129 3016 
3 3016 4129 4130 
3 3016 4130 5361 
3 5361 4130 4152 
3 5361 4152 5362 
3 5362 4152 4153 
3 5362 4153 5363 
3 5363 4153 4141 
3 5363 4141 5364 
3 5364 4141 3017 
3 5364 3017 3018 
3 3018 3017 3019 
3 3018 3019 3020 
3 3020 3019 4135 
3 3020 4135 3021 
3 3021 4135 3023 
3 3021 3023 3022 
3 3022 3023 3024 
3 3022 3024 5365 
3 5365 3024 3026 
3 5365 3026 3025 
3 3025 3026 3027 
3 3025 3027 3028 
3 3028 3027 3029 
3 3028 3029 3030 
3 3030 3029 3031 
3 3030 3031 5347 
3 5347 3031 3032 
3 5347 3032 5349 
3 5349 3032 3033 
3 5349 3033 5350 
3 5350 3033 4077 
3 5350 4077 3034 
3 3034 4077 3094 
3 6822 3011 3035 
3 3035 3011 5141 
3 3035 5141 3036 
3 3036 5141 5109 
3 3036 5109 6824 
3 6824 5109 5132 
3 6824 5132 6813 
3 6813 5132 3037 
3 6813 3037 6791 
3 6791 3037 3038 
3 6791 3038 3039 
3 3039 3038 3040 
3 3039 3040 3041 
3 3041 3040 5088 
3 3041 5088 3042 
3 3042 5088 5087 
3 3042 5087 6793 
3 6793 5087 5086 
3 6793 5086 3043 
3 3043 5086 5108 
3 3043 5108 6794 
3 6794 5108 5107 
3 6794 5107 6622 
3 6622 5107 3045 
3 6622 3045 3044 
3 3044 3045 3046 
3 3044 3046 6634 
3 6634 3046 5096 
3 6634 5096 3047 
3 3047 5096 3048 
3 3047 3048 3049 
3 3049 3048 5094 
3 3049 5094 3050 
3 3050 5094 3051 
3 3050 3051 6631 
3 6631 3051 3052 
3 6631 3052 3053 
3 3053 3052 5010 
3 3096 3054 3055 
3 3055 3054 5016 
3 3055 5016 3056 
3 3056 5016 5040 
3 3056 5040 3057 
3 3057 5040 5039 
3 3057 5039 3058 
3 3058 5039 3059 
3 3058 3059 6775 
3 6775 3059 3060 
3 6775 3060 3061 
3 3061 3060 5035 
3 3061 5035 6812 
3 6812 5035 3062 
3 6812 3062 3063 
3 3063 3062 5129 
3 3063 5129 3064 
3 3064 5129 5157 
3 3064 5157 3065 
3 3065 5157 3067 
3 3065 3067 3066 
3 3066 3067 3068 
3 3066 3068 6754 
3 6754 3068 3069 
3 6754 3069 3071 
3 3071 3069 3070 
3 3071 3070 6743 
3 6743 3070 3072 
3 6743 3072 3073 
3 3073 3072 5083 
3 3073 5083 3074 
3 3074 5083 3075 
3 3074 3075 6746 
3 6746 3075 3076 
3 6746 3076 6745 
3 6745 3076 5079 
3 6745 5079 3012 
3 3012 5079 5078 
3 5370 4188 5394 
3 5394 4188 4194 
3 5394 4194 5440 
3 5440 4194 3077 
3 5440 3077 5397 
3 5397 3077 3078 
3 5397 3078 5398 
3 5398 3078 4226 
3 5398 4226 3079 
3 3079 4226 4224 
3 3079 4224 3080 
3 3080 4224 4223 
3 3080 4223 5399 
3 5399 4223 3081 
3 5399 3081 5400 
3 5400 3081 3082 
3 5400 3082 5401 
3 5401 3082 3083 
3 5401 3083 3084 
3 3084 3083 4210 
3 3084 4210 5402 
3 5402 4210 4209 
3 5402 4209 5270 
3 5270 4209 3085 
3 5270 3085 5271 
3 5271 3085 3086 
3 5271 3086 5272 
3 5272 3086 4121 
3 5272 4121 5285 
3 5285 4121 3087 
3 5285 3087 3088 
3 3088 3087 3090 
3 3088 3090 3089 
3 3089 3090 4111 
3 3089 4111 3091 
3 3091 4111 4110 
3 3091 4110 5274 
3 5274 4110 3092 
3 3093 3095 3094 
3 3094 3095 3034 
3 3100 3099 5010 
3 5010 3099 3053 
3 3102 3103 3096 
3 3096 3103 3054 
3 5369 3097 5370 
3 5370 3097 4188 
3 3095 3093 3098 
3 3098 3093 3104 
3 3099 3100 6632 
3 6632 3100 5009 
3 3106 3101 3102 
3 3102 3101 3103 
3 3108 4187 5369 
3 5369 4187 3097 
3 3098 3104 5346 
3 5346 3104 3109 
3 6632 5009 3105 
3 3105 5009 3134 
3 3101 3106 5034 
3 5034 3106 6722 
3 4187 3108 3107 
3 3107 3108 3179 
3 5346 3109 5348 
3 5348 3109 3110 
3 5348 3110 3111 
3 3111 3110 4069 
3 3111 4069 5279 
3 5279 4069 4071 
3 5279 4071 3112 
3 3112 4071 3113 
3 3112 3113 5305 
3 5305 3113 3114 
3 5305 3114 5306 
3 5306 3114 4086 
3 5306 4086 3115 
3 3115 4086 4094 
3 3115 4094 3116 
3 3116 4094 4093 
3 3116 4093 3117 
3 3117 4093 3118 
3 3117 3118 3119 
3 3119 3118 3121 
3 3119 3121 3120 
3 3120 3121 3123 
3 3120 3123 3122 
3 3122 3123 3124 
3 3122 3124 3125 
3 3125 3124 3126 
3 3125 3126 3127 
3 3127 3126 3128 
3 3127 3128 5268 
3 5268 3128 3129 
3 5268 3129 5291 
3 5291 3129 3131 
3 5291 3131 3130 
3 3130 3131 3132 
3 3130 3132 5284 
3 5284 3132 3133 
3 3105 3134 6635 
3 6635 3134 5011 
3 6635 5011 6633 
3 6633 5011 3135 
3 6633 3135 3136 
3 3136 3135 5095 
3 3136 5095 3137 
3 3137 5095 3138 
3 3137 3138 6681 
3 6681 3138 5013 
3 6681 5013 3139 
3 3139 5013 5012 
3 3139 5012 6688 
3 6688 5012 3140 
3 6688 3140 6689 
3 6689 3140 3141 
3 6689 3141 3142 
3 3142 3141 3143 
3 3142 3143 6690 
3 6690 3143 3144 
3 6690 3144 6700 
3 6700 3144 3145 
3 6700 3145 6636 
3 6636 3145 3146 
3 6636 3146 3147 
3 3147 3146 3148 
3 3147 3148 3149 
3 3149 3148 5033 
3 3149 5033 6623 
3 6623 5033 3150 
3 6623 3150 6639 
3 6639 3150 5032 
3 6639 5032 3151 
3 3151 5032 4993 
3 3151 4993 3183 
3 3183 4993 3152 
3 3184 5028 6737 
3 6737 5028 3153 
3 6737 3153 6771 
3 6771 3153 3154 
3 6771 3154 6772 
3 6772 3154 5133 
3 6772 5133 6809 
3 6809 5133 5134 
3 6809 5134 6810 
3 6810 5134 5085 
3 6810 5085 6811 
3 6811 5085 5084 
3 6811 5084 3155 
3 3155 5084 3156 
3 3155 3156 3158 
3 3158 3156 3157 
3 3158 3157 3159 
3 3159 3157 5104 
3 3159 5104 6776 
3 6776 5104 5156 
3 6776 5156 6774 
3 6774 5156 3160 
3 6774 3160 6729 
3 6729 3160 3161 
3 6729 3161 6730 
3 6730 3161 3162 
3 6730 3162 6731 
3 6731 3162 3163 
3 6731 3163 6721 
3 6721 3163 3164 
3 6721 3164 3165 
3 3165 3164 5077 
3 3165 5077 6724 
3 6724 5077 5076 
3 6724 5076 6723 
3 6723 5076 3166 
3 6723 3166 6722 
3 6722 3166 5034 
3 5358 4185 5420 
3 5420 4185 4186 
3 5420 4186 3167 
3 3167 4186 4190 
3 3167 4190 5436 
3 5436 4190 4193 
3 5436 4193 5383 
3 5383 4193 4182 
3 5383 4182 5430 
3 5430 4182 4201 
3 5430 4201 5431 
3 5431 4201 4217 
3 5431 4217 5437 
3 5437 4217 3168 
3 5437 3168 5438 
3 5438 3168 4216 
3 5438 4216 5439 
3 5439 4216 4215 
3 5439 4215 3169 
3 3169 4215 3170 
3 3169 3170 3171 
3 3171 3170 4225 
3 3171 4225 3172 
3 3172 4225 3173 
3 3172 3173 5395 
3 5395 3173 3174 
3 5395 3174 5396 
3 5396 3174 4189 
3 5396 4189 3175 
3 3175 4189 3176 
3 3175 3176 5382 
3 5382 3176 4196 
3 5382 4196 3177 
3 3177 4196 4195 
3 3177 4195 5371 
3 5371 4195 3178 
3 5371 3178 3179 
3 3179 3178 3107 
3 4051 3180 3133 
3 3133 3180 5284 
3 3181 3182 3152 
3 3152 3182 3183 
3 3188 3185 3184 
3 3184 3185 5028 
3 5357 3186 5358 
3 5358 3186 4185 
3 3180 4051 5283 
3 5283 4051 3190 
3 3182 3181 6579 
3 6579 3181 3193 
3 3187 5027 3188 
3 3188 5027 3185 
3 3189 4183 5357 
3 5357 4183 3186 
3 5283 3190 3191 
3 3191 3190 4052 
3 6579 3193 3192 
3 3192 3193 4996 
3 5027 3187 5053 
3 5053 3187 6734 
3 4183 3189 4184 
3 4184 3189 5359 
3 3191 4052 5292 
3 5292 4052 3194 
3 5292 3194 3195 
3 3195 3194 4053 
3 3195 4053 3196 
3 3196 4053 4041 
3 3196 4041 5266 
3 5266 4041 4042 
3 5266 4042 5267 
3 5267 4042 4043 
3 5267 4043 5269 
3 5269 4043 3197 
3 5269 3197 3198 
3 3198 3197 3199 
3 3198 3199 3200 
3 3200 3199 3201 
3 3200 3201 5332 
3 5332 3201 4114 
3 5332 4114 5335 
3 5335 4114 4113 
3 5335 4113 3202 
3 3202 4113 4117 
3 3202 4117 3203 
3 3203 4117 3204 
3 3203 3204 5342 
3 5342 3204 4125 
3 5342 4125 5341 
3 5341 4125 4124 
3 5341 4124 3205 
3 3205 4124 3207 
3 3205 3207 3206 
3 3206 3207 3208 
3 3206 3208 5260 
3 5260 3208 3209 
3 5260 3209 3263 
3 3263 3209 4063 
3 3192 4996 6638 
3 6638 4996 4997 
3 6638 4997 6637 
3 6637 4997 4998 
3 6637 4998 6701 
3 6701 4998 4999 
3 6701 4999 3210 
3 3210 4999 4995 
3 3210 4995 6702 
3 6702 4995 4994 
3 6702 4994 3211 
3 3211 4994 3212 
3 3211 3212 6703 
3 6703 3212 5026 
3 6703 5026 6707 
3 6707 5026 5031 
3 6707 5031 6706 
3 6706 5031 5030 
3 6706 5030 3213 
3 3213 5030 3214 
3 3213 3214 3215 
3 3215 3214 3216 
3 3215 3216 6710 
3 6710 3216 3217 
3 6710 3217 6715 
3 6715 3217 3218 
3 6715 3218 3219 
3 3219 3218 5038 
3 3219 5038 6714 
3 6714 5038 5037 
3 6714 5037 3220 
3 3220 5037 3221 
3 3220 3221 6711 
3 6711 3221 3223 
3 6711 3223 3222 
3 3222 3223 3224 
3 3268 5022 6725 
3 6725 5022 5143 
3 6725 5143 6787 
3 6787 5143 5158 
3 6787 5158 6807 
3 6807 5158 5121 
3 6807 5121 3225 
3 3225 5121 3227 
3 3225 3227 3226 
3 3226 3227 3228 
3 3226 3228 3229 
3 3229 3228 3230 
3 3229 3230 6802 
3 6802 3230 5131 
3 6802 5131 3231 
3 3231 5131 5130 
3 3231 5130 6803 
3 6803 5130 3232 
3 6803 3232 6804 
3 6804 3232 5136 
3 6804 5136 3233 
3 3233 5136 3234 
3 3233 3234 3235 
3 3235 3234 3236 
3 3235 3236 3237 
3 3237 3236 3238 
3 3237 3238 6739 
3 6739 3238 3239 
3 6739 3239 6736 
3 6736 3239 5135 
3 6736 5135 6738 
3 6738 5135 3240 
3 6738 3240 3241 
3 3241 3240 5054 
3 3241 5054 3242 
3 3242 5054 3243 
3 3242 3243 6734 
3 6734 3243 5053 
3 5352 4177 5392 
3 5392 4177 4199 
3 5392 4199 3245 
3 3245 4199 3244 
3 3245 3244 3246 
3 3246 3244 4207 
3 3246 4207 5409 
3 5409 4207 3248 
3 5409 3248 3247 
3 3247 3248 3249 
3 3247 3249 5418 
3 5418 3249 3250 
3 5418 3250 5428 
3 5428 3250 4219 
3 5428 4219 5429 
3 5429 4219 4211 
3 5429 4211 3251 
3 3251 4211 3253 
3 3251 3253 3252 
3 3252 3253 3254 
3 3252 3254 5435 
3 5435 3254 4200 
3 5435 4200 3255 
3 3255 4200 3256 
3 3255 3256 5419 
3 5419 3256 3257 
3 5419 3257 3258 
3 3258 3257 3259 
3 3258 3259 5366 
3 5366 3259 4192 
3 5366 4192 5367 
3 5367 4192 4191 
3 5367 4191 5368 
3 5368 4191 3260 
3 5368 3260 3262 
3 3262 3260 3261 
3 3262 3261 5359 
3 5359 3261 4184 
3 4062 5258 4063 
3 4063 5258 3263 
3 3264 3265 3224 
3 3224 3265 3222 
3 3266 3267 3268 
3 3268 3267 5022 
3 3271 4176 5352 
3 5352 4176 4177 
3 5258 4062 5259 
3 5259 4062 4061 
3 3265 3264 6584 
3 6584 3264 3269 
3 3270 3276 3266 
3 3266 3276 3267 
3 3277 3272 3271 
3 3271 3272 4176 
3 5259 4061 3273 
3 3273 4061 3279 
3 6584 3269 3274 
3 3274 3269 3275 
3 3276 3270 5023 
3 5023 3270 6726 
3 3272 3277 3278 
3 3278 3277 5351 
3 3273 3279 5339 
3 5339 3279 3280 
3 5339 3280 5340 
3 5340 3280 3282 
3 5340 3282 3281 
3 3281 3282 4064 
3 3281 4064 5338 
3 5338 4064 3283 
3 5338 3283 5336 
3 5336 3283 4050 
3 5336 4050 5337 
3 5337 4050 3285 
3 5337 3285 3284 
3 3284 3285 4116 
3 3284 4116 5307 
3 5307 4116 3286 
3 5307 3286 5308 
3 5308 3286 4112 
3 5308 4112 5310 
3 5310 4112 3287 
3 5310 3287 3288 
3 3288 3287 3289 
3 3288 3289 5311 
3 5311 3289 3291 
3 5311 3291 3290 
3 3290 3291 4085 
3 3290 4085 5281 
3 5281 4085 4084 
3 5281 4084 3292 
3 3292 4084 4083 
3 3292 4083 5282 
3 5282 4083 3293 
3 5282 3293 3294 
3 3294 3293 3295 
3 3294 3295 3350 
3 3350 3295 4049 
3 3274 3275 3296 
3 3296 3275 5004 
3 3296 5004 6712 
3 6712 5004 5005 
3 6712 5005 6713 
3 6713 5005 5003 
3 6713 5003 3297 
3 3297 5003 3298 
3 3297 3298 6704 
3 6704 3298 5006 
3 6704 5006 6705 
3 6705 5006 3299 
3 6705 3299 3300 
3 3300 3299 5036 
3 3300 5036 3302 
3 3302 5036 3301 
3 3302 3301 3303 
3 3303 3301 5029 
3 3303 5029 3304 
3 3304 5029 5021 
3 3304 5021 3305 
3 3305 5021 3307 
3 3305 3307 3306 
3 3306 3307 3308 
3 3306 3308 6685 
3 6685 3308 5025 
3 6685 5025 3309 
3 3309 5025 3310 
3 3309 3310 3311 
3 3311 3310 3312 
3 3311 3312 6683 
3 6683 3312 5007 
3 6683 5007 6682 
3 6682 5007 3313 
3 6682 3313 6581 
3 6581 3313 5002 
3 3314 5018 6732 
3 6732 5018 5020 
3 6732 5020 3315 
3 3315 5020 5147 
3 3315 5147 6784 
3 6784 5147 3316 
3 6784 3316 6786 
3 6786 3316 5162 
3 6786 5162 6783 
3 6783 5162 5106 
3 6783 5106 3317 
3 3317 5106 5105 
3 3317 5105 3318 
3 3318 5105 5138 
3 3318 5138 6827 
3 6827 5138 5137 
3 6827 5137 3319 
3 3319 5137 3320 
3 3319 3320 6808 
3 6808 3320 5122 
3 6808 5122 3321 
3 3321 5122 3323 
3 3321 3323 3322 
3 3322 3323 3325 
3 3322 3325 3324 
3 3324 3325 5160 
3 3324 5160 3326 
3 3326 5160 5159 
3 3326 5159 6735 
3 6735 5159 5145 
3 6735 5145 3327 
3 3327 5145 3328 
3 3327 3328 6728 
3 6728 3328 5144 
3 6728 5144 6727 
3 6727 5144 3329 
3 6727 3329 6726 
3 6726 3329 5023 
3 5343 3331 3330 
3 3330 3331 4172 
3 3330 4172 5423 
3 5423 4172 4213 
3 5423 4213 3332 
3 3332 4213 3333 
3 3332 3333 5425 
3 5425 3333 4198 
3 5425 4198 5426 
3 5426 4198 4197 
3 5426 4197 5427 
3 5427 4197 4206 
3 5427 4206 3334 
3 3334 4206 4205 
3 3334 4205 3335 
3 3335 4205 3336 
3 3335 3336 5434 
3 5434 3336 4218 
3 5434 4218 5441 
3 5441 4218 4202 
3 5441 4202 5442 
3 5442 4202 4203 
3 5442 4203 3337 
3 3337 4203 4208 
3 3337 4208 3338 
3 3338 4208 3339 
3 3338 3339 5393 
3 5393 3339 3340 
3 5393 3340 3341 
3 3341 3340 3343 
3 3341 3343 3342 
3 3342 3343 3345 
3 3342 3345 3344 
3 3344 3345 3346 
3 3344 3346 3347 
3 3347 3346 3348 
3 3347 3348 5351 
3 5351 3348 3278 
3 3349 5253 4049 
3 4049 5253 3350 
3 5000 6580 5002 
3 5002 6580 6581 
3 3352 3351 3314 
3 3314 3351 5018 
3 3355 4171 5343 
3 5343 4171 3331 
3 5253 3349 5254 
3 5254 3349 3356 
3 6580 5000 3357 
3 3357 5000 3358 
3 3361 5017 3352 
3 3352 5017 3351 
3 3353 3354 3355 
3 3355 3354 4171 
3 5254 3356 3401 
3 3401 3356 4048 
3 3357 3358 3359 
3 3359 3358 5001 
3 5017 3361 3360 
3 3360 3361 3362 
3 3354 3353 3363 
3 3363 3353 3364 
3 3375 3365 3366 
3 3375 3366 3367 
3 3367 3366 3368 
3 3367 3368 5245 
3 5245 3368 3369 
3 5245 3369 3370 
3 3370 3369 3371 
3 3370 3371 3372 
3 3372 3371 3373 
3 3372 3373 5247 
3 5247 3373 3374 
3 5247 3374 3472 
3 3365 3375 3376 
3 3376 3375 5243 
3 3376 5243 3377 
3 3377 5243 3378 
3 3377 3378 3379 
3 3379 3378 3380 
3 3379 3380 4396 
3 3380 5242 4396 
3 4396 5242 3381 
3 4396 3381 3383 
3 3383 3381 3382 
3 3383 3382 3384 
3 3382 3385 3384 
3 3384 3385 5250 
3 3384 5250 4398 
3 5250 5249 4398 
3 4398 5249 3386 
3 4398 3386 4399 
3 4399 3386 3387 
3 4399 3387 3388 
3 3388 3387 3389 
3 3388 3389 4400 
3 4400 3389 3390 
3 4400 3390 4401 
3 4401 3390 3392 
3 4401 3392 3391 
3 3391 3392 3393 
3 5261 3395 3393 
3 3393 3395 4402 
3 3393 4402 3391 
3 5280 4404 5261 
3 5261 4404 3394 
3 5261 3394 3395 
3 3398 3400 5280 
3 5280 3400 3396 
3 5280 3396 4404 
3 5312 3397 3398 
3 3398 3397 3399 
3 3398 3399 3400 
3 3401 4048 3402 
3 3402 4048 3403 
3 3402 3403 5312 
3 5312 3403 4082 
3 5312 4082 3397 
3 3404 4237 3405 
3 3405 4237 5008 
3 3404 3405 4236 
3 4236 3405 3406 
3 4236 3406 4238 
3 4238 3406 3407 
3 3407 3406 5182 
3 3407 5182 4239 
3 4239 5182 4240 
3 4240 5182 3408 
3 4240 3408 4241 
3 4241 3408 3409 
3 4241 3409 3410 
3 3410 3409 5181 
3 3410 5181 3411 
3 3411 5181 3412 
3 3411 3412 3413 
3 3413 3412 3414 
3 3413 3414 4243 
3 4243 3414 3415 
3 4243 3415 3416 
3 3415 5179 3416 
3 3416 5179 3417 
3 3416 3417 3420 
3 3420 3417 3418 
3 3418 3419 3420 
3 3420 3419 5178 
3 3420 5178 3421 
3 3421 5178 5189 
3 3421 5189 4244 
3 5189 3422 4244 
3 4244 3422 3427 
3 4244 3427 4245 
3 3473 3475 5184 
3 5184 3475 3423 
3 5184 3423 5186 
3 5186 3423 4249 
3 5186 4249 3424 
3 3424 4249 4248 
3 3424 4248 3425 
3 3425 4248 4247 
3 3425 4247 5187 
3 5187 4247 3426 
3 5187 3426 5188 
3 5188 3426 4246 
3 5188 4246 3427 
3 3427 4246 3428 
3 3427 3428 4245 
3 4237 3429 5008 
3 5008 3429 3431 
3 5008 3431 3430 
3 3430 3431 3432 
3 3430 3432 3434 
3 3432 3433 3434 
3 3434 3433 3359 
3 3434 3359 5001 
3 6719 5014 6716 
3 6716 5014 5045 
3 6716 5045 6777 
3 6777 5045 5044 
3 6777 5044 3435 
3 3435 5044 5043 
3 3435 5043 6816 
3 6816 5043 5042 
3 6816 5042 6818 
3 6818 5042 5041 
3 6818 5041 3436 
3 3436 5041 3437 
3 3436 3437 3438 
3 3438 3437 5174 
3 3438 5174 3439 
3 3439 5174 5173 
3 3439 5173 6835 
3 6835 5173 5150 
3 6835 5150 6828 
3 6828 5150 5149 
3 6828 5149 6782 
3 6782 5149 5148 
3 6782 5148 6785 
3 6785 5148 3440 
3 6785 3440 3441 
3 3441 3440 3442 
3 3441 3442 3443 
3 3443 3442 3444 
3 3443 3444 3445 
3 3445 3444 3446 
3 3445 3446 6733 
3 6733 3446 5146 
3 6733 5146 3448 
3 3448 5146 3447 
3 3448 3447 3449 
3 3449 3447 5019 
3 3449 5019 3362 
3 3362 5019 3360 
3 5252 4044 3450 
3 3450 4044 4046 
3 3450 4046 5255 
3 5255 4046 3451 
3 5255 3451 5256 
3 5256 3451 4047 
3 5256 4047 5354 
3 5354 4047 3452 
3 5354 3452 3454 
3 3454 3452 3453 
3 3454 3453 3455 
3 3455 3453 3456 
3 3455 3456 3457 
3 3457 3456 4146 
3 3457 4146 3458 
3 3458 4146 4221 
3 3458 4221 3459 
3 3459 4221 3460 
3 3459 3460 5422 
3 5422 3460 4220 
3 5422 4220 3461 
3 3461 4220 3462 
3 3461 3462 5424 
3 5424 3462 3463 
3 5424 3463 3464 
3 3464 3463 3465 
3 3464 3465 5355 
3 5355 3465 3466 
3 5355 3466 3467 
3 3467 3466 3468 
3 3467 3468 3469 
3 3469 3468 4214 
3 3469 4214 5356 
3 5356 4214 3470 
3 5356 3470 5344 
3 5344 3470 4212 
3 5344 4212 3364 
3 3364 4212 3363 
3 4393 3471 3374 
3 3374 3471 3472 
3 5183 3474 3473 
3 3473 3474 3475 
3 3480 3476 6719 
3 6719 3476 5014 
3 5251 3477 5252 
3 5252 3477 4044 
3 3481 3478 5244 
3 3481 5244 4394 
3 4394 5244 3471 
3 4394 3471 4393 
3 3474 5183 4251 
3 4251 5183 5185 
3 4251 5185 3479 
3 3479 5185 3483 
3 3485 5015 3480 
3 3480 5015 3476 
3 3486 4045 5251 
3 5251 4045 3477 
3 3478 3481 3482 
3 3482 3481 3521 
3 3479 3483 3484 
3 3484 3483 5177 
3 5015 3485 3574 
3 3574 3485 6718 
3 4045 3486 3487 
3 3487 3486 3488 
3 3501 3489 4371 
3 3501 4371 3491 
3 3491 4371 3490 
3 3491 3490 3492 
3 3492 3490 4373 
3 3492 4373 5229 
3 5229 4373 3493 
3 5229 3493 3494 
3 3494 3493 3495 
3 3494 3495 3496 
3 3496 3495 4378 
3 3496 4378 3497 
3 3497 4378 4377 
3 3497 4377 3498 
3 3498 4377 3499 
3 3498 3499 3500 
3 3489 3501 4379 
3 4379 3501 5232 
3 4379 5232 3502 
3 3502 5232 3503 
3 3502 3503 4380 
3 3503 3504 4380 
3 4380 3504 3506 
3 4380 3506 3505 
3 3505 3506 5233 
3 3505 5233 3507 
3 3507 5233 5230 
3 3507 5230 3508 
3 3508 5230 3509 
3 3508 3509 3510 
3 3510 3509 3511 
3 3510 3511 4385 
3 3511 5240 4385 
3 4385 5240 5239 
3 4385 5239 4387 
3 4387 5239 3512 
3 4387 3512 4388 
3 4388 3512 5238 
3 4388 5238 3513 
3 3513 5238 3514 
3 3513 3514 3515 
3 3515 3514 5237 
3 3515 5237 4383 
3 4383 5237 5236 
3 4383 5236 4389 
3 4389 5236 3516 
3 4389 3516 4390 
3 4390 3516 5235 
3 4390 5235 3517 
3 3517 5235 5234 
3 3517 5234 4391 
3 4391 5234 3518 
3 4391 3518 3519 
3 3519 3518 3520 
3 3519 3520 4392 
3 4392 3520 3482 
3 4392 3482 3521 
3 3522 4268 3523 
3 3523 4268 3524 
3 3523 3524 5198 
3 5198 3524 4270 
3 5198 4270 3525 
3 3525 4270 4271 
3 3525 4271 3526 
3 3526 4271 4272 
3 3526 4272 3527 
3 3527 4272 4273 
3 3527 4273 3528 
3 3528 4273 3530 
3 3528 3530 3529 
3 3529 3530 3531 
3 3529 3531 5199 
3 5199 3531 3532 
3 5199 3532 5200 
3 3532 4274 5200 
3 5200 4274 3535 
3 5200 3535 5203 
3 5203 3535 3533 
3 4263 5197 4261 
3 4261 5197 3534 
3 4261 3534 4260 
3 4260 3534 5196 
3 4260 5196 4264 
3 4264 5196 3533 
3 4264 3533 4265 
3 4265 3533 3535 
3 3552 5191 4257 
3 4257 5191 3536 
3 4257 3536 3537 
3 3537 3536 3538 
3 3537 3538 4263 
3 4263 3538 3539 
3 4263 3539 5197 
3 3484 5177 4252 
3 4252 5177 3540 
3 4252 3540 3541 
3 3541 3540 3542 
3 3541 3542 4253 
3 4253 3542 3543 
3 4253 3543 3544 
3 3544 3543 3545 
3 3544 3545 4254 
3 4254 3545 5192 
3 4254 5192 3546 
3 3546 5192 3547 
3 3546 3547 4255 
3 4255 3547 5194 
3 4255 5194 3548 
3 3548 5194 5193 
3 3548 5193 3549 
3 3549 5193 3550 
3 3549 3550 3552 
3 3552 3550 3551 
3 3552 3551 5191 
3 3590 3591 3553 
3 3553 3591 5050 
3 3553 5050 6833 
3 6833 5050 3554 
3 6833 3554 6829 
3 6829 3554 5047 
3 6829 5047 6830 
3 6830 5047 3555 
3 6830 3555 6834 
3 6834 3555 3556 
3 6834 3556 3557 
3 3557 3556 5046 
3 3557 5046 3558 
3 3558 5046 3559 
3 3558 3559 3560 
3 3560 3559 5167 
3 3560 5167 3561 
3 3561 5167 3562 
3 3561 3562 6817 
3 6817 3562 3563 
3 6817 3563 6779 
3 6779 3563 5165 
3 6779 5165 6778 
3 6778 5165 5164 
3 6778 5164 3564 
3 3564 5164 3565 
3 3564 3565 3566 
3 3566 3565 3567 
3 3566 3567 6717 
3 6717 3567 3568 
3 6717 3568 3570 
3 3570 3568 3569 
3 3570 3569 3571 
3 3571 3569 3572 
3 3571 3572 6720 
3 6720 3572 3573 
3 6720 3573 6718 
3 6718 3573 3574 
3 3592 3575 5328 
3 5328 3575 3576 
3 5328 3576 5323 
3 5323 3576 3577 
3 5323 3577 3579 
3 3579 3577 3578 
3 3579 3578 3580 
3 3580 3578 4119 
3 3580 4119 5300 
3 5300 4119 3581 
3 5300 3581 5301 
3 5301 3581 3582 
3 5301 3582 3583 
3 3583 3582 3584 
3 3583 3584 5288 
3 5288 3584 4127 
3 5288 4127 5289 
3 5289 4127 4139 
3 5289 4139 3585 
3 3585 4139 4132 
3 3585 4132 5415 
3 5415 4132 3586 
3 5415 3586 5416 
3 5416 3586 4123 
3 5416 4123 5417 
3 5417 4123 4126 
3 5417 4126 3587 
3 3587 4126 3588 
3 3587 3588 5345 
3 5345 3588 4222 
3 5345 4222 5353 
3 5353 4222 3589 
3 5353 3589 5257 
3 5257 3589 4040 
3 5257 4040 3488 
3 3488 4040 3487 
3 4374 5175 3499 
3 3499 5175 3500 
3 3596 4266 3522 
3 3522 4266 4268 
3 3598 5048 3590 
3 3590 5048 3591 
3 5321 3601 3592 
3 3592 3601 3575 
3 5175 4374 3594 
3 3594 4374 3593 
3 3594 3593 3595 
3 4266 3596 4267 
3 4267 3596 3597 
3 4267 3597 3602 
3 3603 3599 3598 
3 3598 3599 5048 
3 5322 3600 5321 
3 5321 3600 3601 
3 3595 3593 5224 
3 5224 3593 4375 
3 4267 3602 3638 
3 3638 3602 5210 
3 3599 3603 5049 
3 5049 3603 6742 
3 3600 5322 4158 
3 4158 5322 3667 
3 4350 3604 4291 
3 4350 4291 4351 
3 4291 4290 4351 
3 4351 4290 3605 
3 4351 3605 4352 
3 4352 3605 4353 
3 3605 4285 4353 
3 4353 4285 4287 
3 4353 4287 4354 
3 4354 4287 4355 
3 4355 4287 3606 
3 4355 3606 3608 
3 3607 3609 3608 
3 3608 3609 4356 
3 3608 4356 4355 
3 4283 4281 3616 
3 3607 3610 3609 
3 3609 3610 3611 
3 3609 3611 4357 
3 4357 3611 3612 
3 4357 3612 3613 
3 3613 3612 4288 
3 3613 4288 3614 
3 3614 4288 4283 
3 3614 4283 3615 
3 3615 4283 3616 
3 3615 3616 3617 
3 3617 3616 5215 
3 3618 3619 5215 
3 5215 3619 4362 
3 5215 4362 3617 
3 3618 5217 3619 
3 3619 5217 3620 
3 3619 3620 3621 
3 3621 3620 5221 
3 3621 5221 4366 
3 5221 5223 4366 
3 4366 5223 5219 
3 4366 5219 4367 
3 4367 5219 3622 
3 3622 5219 3623 
3 3622 3623 4368 
3 4368 3623 5218 
3 4368 5218 4365 
3 4365 5218 5228 
3 4365 5228 4363 
3 4363 5228 3624 
3 4363 3624 4364 
3 4364 3624 5227 
3 4364 5227 4369 
3 4369 5227 5226 
3 4369 5226 4370 
3 4370 5226 5225 
3 4370 5225 4372 
3 4372 5225 3625 
3 4372 3625 4376 
3 4376 3625 5224 
3 4376 5224 4375 
3 3629 5214 4281 
3 4281 5214 3626 
3 4281 3626 3616 
3 4281 3627 3629 
3 3629 3627 3628 
3 3629 3628 3630 
3 3630 3628 3631 
3 3630 3631 5176 
3 5176 3631 5211 
3 3631 3632 5211 
3 5211 3632 4278 
3 5211 4278 5212 
3 5212 4278 3633 
3 4278 4277 3633 
3 3633 4277 3634 
3 3633 3634 5204 
3 5204 3634 3635 
3 3634 3636 3635 
3 3635 3636 3637 
3 3635 3637 5206 
3 5206 3637 5207 
3 3638 5210 4269 
3 4269 5210 3640 
3 4269 3640 3639 
3 3639 3640 5209 
3 3639 5209 3641 
3 3641 5209 5208 
3 3641 5208 4275 
3 4275 5208 5207 
3 4275 5207 3642 
3 3642 5207 3637 
3 5049 6742 3643 
3 3643 6742 3644 
3 3643 3644 5163 
3 5163 3644 3645 
3 5163 3645 5166 
3 5166 3645 3646 
3 5166 3646 5168 
3 5168 3646 6832 
3 5168 6832 5169 
3 5169 6832 3647 
3 5169 3647 5170 
3 5170 3647 6831 
3 5170 6831 5171 
3 5171 6831 3648 
3 5171 3648 5172 
3 5172 3648 6826 
3 5172 6826 5139 
3 5139 6826 6836 
3 5139 6836 3649 
3 3649 6836 3651 
3 3649 3651 3650 
3 3650 3651 3652 
3 3650 3652 4496 
3 4496 3652 3653 
3 3652 3654 3653 
3 3653 3654 3656 
3 3653 3656 3655 
3 3655 3656 3657 
3 3655 3657 3658 
3 3658 3657 3659 
3 3658 3659 4495 
3 4495 3659 6602 
3 4495 6602 4497 
3 4497 6602 3660 
3 4497 3660 4498 
3 4498 3660 3661 
3 4498 3661 4499 
3 4499 3661 6596 
3 4499 6596 3678 
3 4557 4059 4057 
3 4557 4057 4555 
3 4555 4057 4056 
3 4555 4056 3662 
3 3662 4056 4054 
3 3662 4054 4558 
3 4558 4054 4055 
3 4558 4055 4559 
3 4559 4055 3663 
3 4559 3663 4561 
3 4561 3663 3664 
3 4561 3664 3665 
3 3665 3664 3666 
3 3665 3666 4560 
3 4158 3667 4159 
3 4159 3667 5320 
3 4159 5320 4160 
3 4160 5320 3668 
3 4160 3668 4140 
3 4140 3668 5327 
3 4140 5327 4133 
3 4133 5327 5326 
3 4133 5326 4134 
3 4134 5326 3669 
3 4134 3669 3670 
3 3670 3669 5325 
3 3670 5325 3671 
3 3671 5325 5324 
3 3671 5324 4118 
3 4118 5324 5287 
3 4118 5287 3672 
3 3672 5287 5299 
3 3672 5299 3673 
3 3673 5299 3674 
3 3673 3674 4137 
3 4137 3674 5298 
3 4137 5298 3666 
3 3666 5298 3675 
3 3666 3675 4560 
3 3676 3677 3604 
3 3604 3677 4291 
3 3682 3681 6596 
3 6596 3681 3678 
3 3679 4060 4557 
3 4557 4060 4059 
3 4348 3680 4346 
3 4346 3680 4292 
3 4346 4292 3676 
3 3676 4292 3677 
3 3681 3682 3683 
3 3683 3682 3684 
3 3683 3684 3685 
3 3689 3687 3686 
3 3686 3687 3993 
3 4060 3679 3688 
3 3688 3679 4556 
3 3688 4556 4554 
3 3680 4348 4293 
3 4293 4348 4347 
3 3687 3689 3991 
3 3991 3689 6692 
3 3685 3684 3690 
3 3690 3684 6595 
3 3686 3993 6691 
3 6691 3993 3992 
3 3688 4554 4058 
3 4058 4554 4553 
3 3694 4337 3692 
3 3832 3691 3692 
3 3692 3691 4309 
3 3692 4309 3694 
3 4337 3694 3693 
3 3693 3694 3695 
3 3693 3695 4338 
3 4338 3695 3697 
3 4338 3697 3696 
3 3696 3697 3698 
3 3696 3698 3699 
3 3699 3698 3700 
3 3699 3700 3701 
3 3700 3702 3701 
3 3701 3702 3703 
3 3701 3703 3704 
3 3704 3703 4308 
3 3704 4308 3705 
3 3705 4308 4305 
3 3705 4305 3706 
3 3708 3710 4305 
3 4305 3710 3707 
3 4305 3707 3706 
3 3708 3709 3710 
3 3710 3709 3711 
3 3710 3711 4341 
3 4341 3711 3713 
3 4341 3713 3712 
3 3712 3713 3714 
3 3712 3714 3715 
3 3715 3714 3717 
3 3715 3717 3716 
3 3716 3717 4301 
3 3716 4301 4343 
3 4343 4301 4300 
3 4343 4300 3718 
3 3718 4300 3720 
3 3718 3720 3719 
3 3719 3720 4299 
3 3719 4299 3721 
3 3721 4299 4298 
3 3721 4298 4344 
3 4344 4298 3722 
3 3722 4298 4297 
3 3722 4297 3723 
3 3723 4297 3724 
3 3723 3724 3725 
3 3725 3724 4296 
3 3725 4296 3726 
3 4296 4295 3726 
3 3726 4295 4294 
3 3726 4294 4345 
3 4345 4294 4293 
3 4345 4293 4347 
3 3991 6692 3727 
3 3727 6692 6694 
3 3729 3994 6694 
3 6694 3994 3728 
3 6694 3728 3727 
3 3735 3736 3729 
3 3729 3736 3730 
3 3729 3730 3994 
3 3737 3738 6709 
3 6709 3738 3731 
3 6709 3731 3732 
3 3732 3731 4001 
3 3732 4001 3733 
3 3733 4001 3998 
3 3733 3998 3734 
3 3734 3998 4000 
3 3734 4000 3735 
3 3735 4000 3997 
3 3735 3997 3736 
3 4006 4004 3737 
3 3737 4004 4002 
3 3737 4002 3738 
3 3737 3739 4006 
3 4006 3739 6673 
3 4006 6673 3740 
3 3740 6673 3741 
3 3740 3741 3742 
3 3742 3741 3744 
3 3742 3744 3743 
3 3743 3744 3745 
3 3743 3745 3746 
3 3746 3745 6695 
3 3746 6695 3835 
3 3690 6595 3750 
3 3750 6595 3748 
3 3747 3753 3748 
3 3748 3753 3749 
3 3748 3749 3750 
3 3751 4491 3747 
3 3747 4491 3752 
3 3747 3752 3753 
3 3754 3755 3751 
3 3751 3755 4492 
3 3751 4492 4491 
3 3756 4494 3754 
3 3754 4494 4493 
3 3754 4493 3755 
3 6684 3760 3756 
3 3756 3760 3757 
3 3756 3757 4494 
3 3765 3758 6684 
3 6684 3758 3759 
3 6684 3759 3760 
3 3761 4489 6686 
3 6686 4489 4488 
3 6686 4488 3762 
3 3762 4488 4487 
3 3762 4487 3763 
3 3763 4487 3764 
3 3763 3764 6687 
3 6687 3764 3765 
3 6687 3765 3766 
3 3766 3765 6684 
3 3767 3768 3761 
3 3761 3768 4490 
3 3761 4490 4489 
3 3761 3769 3767 
3 3767 3769 3770 
3 3767 3770 3771 
3 3771 3770 3772 
3 3772 3770 3773 
3 3772 3773 4483 
3 4483 3773 3774 
3 3774 3773 3775 
3 3774 3775 4502 
3 4502 3775 3776 
3 3776 3775 3777 
3 3776 3777 3778 
3 3778 3777 4484 
3 4484 3777 3779 
3 4484 3779 4485 
3 3842 3843 3979 
3 3979 3843 6588 
3 3979 6588 3780 
3 3780 6588 3980 
3 3980 6588 3783 
3 3980 3783 3781 
3 3781 3783 3782 
3 3782 3783 3784 
3 3782 3784 3785 
3 3785 3784 3981 
3 3981 3784 6594 
3 3981 6594 3982 
3 3982 6594 3786 
3 3786 6594 3787 
3 3786 3787 3983 
3 3983 3787 3788 
3 3983 3788 3984 
3 3984 3788 3789 
3 3984 3789 3790 
3 3790 3789 6699 
3 3790 6699 3792 
3 3792 6699 3791 
3 3792 3791 3793 
3 3793 3791 6698 
3 3793 6698 3989 
3 3989 6698 3794 
3 3989 3794 3990 
3 3990 3794 6697 
3 3990 6697 3795 
3 3795 6697 3796 
3 3795 3796 3797 
3 3797 3796 3798 
3 3797 3798 3801 
3 6708 6693 3804 
3 3804 3999 6708 
3 6708 3999 3799 
3 6708 3799 3798 
3 3798 3799 3800 
3 3798 3800 3801 
3 3802 6691 3992 
3 3992 3803 3802 
3 3802 3803 3996 
3 3802 3996 6693 
3 6693 3996 3995 
3 6693 3995 3804 
3 3844 3845 3805 
3 3805 3845 3807 
3 3805 3807 3806 
3 3806 3807 3808 
3 3808 3807 3809 
3 3808 3809 3810 
3 3810 3809 3811 
3 3811 3809 3812 
3 3811 3812 4536 
3 4536 3812 4537 
3 4537 3812 3813 
3 4537 3813 4538 
3 4538 3813 3814 
3 4538 3814 4539 
3 4539 3814 4540 
3 4540 3814 4092 
3 4540 4092 3815 
3 3815 4092 3816 
3 3815 3816 3818 
3 3818 3816 3817 
3 3818 3817 3819 
3 3819 3817 3820 
3 3819 3820 4541 
3 4541 3820 4091 
3 4541 4091 4542 
3 4542 4091 4090 
3 4542 4090 3821 
3 3821 4090 3822 
3 3822 4090 3825 
3 3822 3825 4547 
3 3823 4138 4545 
3 4545 4544 3823 
3 3823 4544 3824 
3 3823 3824 3825 
3 3825 3824 4543 
3 3825 4543 4547 
3 3827 3830 3826 
3 3826 4550 3827 
3 3827 4550 4549 
3 3827 4549 4138 
3 4138 4549 3828 
3 4138 3828 4545 
3 4068 4058 4553 
3 4553 4552 4068 
3 4068 4552 3829 
3 4068 3829 3830 
3 3830 3829 4551 
3 3830 4551 3826 
3 3846 3831 3832 
3 3832 3831 3691 
3 3835 6695 3834 
3 4009 4008 3834 
3 3834 4008 3833 
3 3834 3833 3835 
3 3834 3836 4009 
3 4009 3836 3837 
3 4009 3837 4011 
3 4011 3837 3839 
3 4011 3839 4014 
3 3849 3850 3839 
3 3839 3850 3838 
3 3839 3838 4014 
3 3840 4486 3779 
3 3779 4486 4485 
3 3841 6586 3842 
3 3842 6586 3843 
3 3854 4076 3844 
3 3844 4076 3845 
3 3831 3846 4336 
3 4234 3847 4336 
3 4336 3847 4310 
3 4336 4310 3831 
3 4034 4033 3849 
3 3849 4033 3848 
3 3849 3848 4037 
3 6668 4025 3849 
3 3849 4025 4028 
3 3849 4028 4034 
3 4037 4019 3849 
3 3849 4019 4016 
3 3849 4016 3850 
3 4486 3840 4503 
3 4503 3840 3851 
3 4503 3851 4501 
3 3852 3853 3977 
3 3977 3853 6586 
3 3977 6586 3841 
3 4535 3868 3855 
3 4535 3855 3854 
3 3854 3855 3965 
3 3854 3965 4076 
3 3847 4234 3856 
3 3856 4234 4233 
3 3859 3857 3860 
3 3860 3857 6672 
3 3857 4021 6672 
3 6672 4021 3858 
3 6672 3858 6668 
3 6668 3858 4024 
3 6668 4024 4025 
3 3859 3860 3861 
3 3861 3860 3862 
3 3861 3862 4020 
3 4020 3862 3864 
3 4020 3864 3866 
3 6674 3900 6676 
3 6676 3900 4411 
3 6676 4411 6677 
3 6677 4411 4412 
3 6677 4412 3863 
3 3863 4412 4414 
3 3863 4414 3864 
3 3864 4414 3865 
3 3864 3865 3866 
3 4501 3851 4500 
3 4500 3851 6585 
3 3853 3852 6587 
3 6587 3852 3867 
3 3855 3868 3963 
3 3963 3868 3947 
3 3888 4329 3891 
3 4311 3870 4312 
3 4312 3870 4313 
3 4311 3856 3870 
3 3870 3856 4233 
3 3870 4233 3869 
3 3869 4335 3870 
3 3870 4335 3871 
3 3870 3871 4313 
3 4313 3871 3873 
3 4313 3873 3872 
3 3872 3873 3874 
3 3871 4334 3873 
3 3873 4334 3875 
3 3873 3875 3874 
3 3874 3875 3877 
3 3874 3877 3876 
3 3876 3877 3879 
3 3875 4328 3877 
3 3877 4328 3878 
3 3877 3878 3879 
3 3879 3878 3883 
3 3879 3883 3880 
3 3880 3883 3884 
3 4329 3888 3887 
3 3878 3881 3883 
3 3883 3881 3882 
3 3883 3882 3884 
3 3884 3882 4332 
3 3884 4332 4316 
3 4316 4332 4331 
3 4316 4331 3885 
3 3885 4331 3887 
3 3885 3887 3886 
3 3886 3887 3888 
3 3886 3888 3889 
3 3889 3888 3890 
3 3890 3888 3891 
3 3890 3891 3892 
3 3892 3891 3894 
3 3892 3894 3893 
3 3893 3894 3895 
3 3893 3895 3896 
3 3895 3899 3896 
3 3896 3899 3898 
3 3896 3898 4319 
3 4319 3898 3897 
3 4323 3897 4322 
3 4322 3897 3898 
3 4322 3898 4321 
3 4321 3898 3899 
3 3900 6674 4410 
3 4410 6674 3901 
3 3935 3974 3939 
3 4500 6585 4504 
3 4504 6585 3902 
3 3904 4505 3902 
3 3902 4505 3903 
3 3902 3903 4504 
3 3907 4506 3904 
3 3904 4506 3905 
3 3904 3905 4505 
3 3910 3906 3907 
3 3907 3906 4507 
3 3907 4507 4506 
3 3908 3909 3910 
3 3910 3909 4508 
3 3910 4508 3906 
3 3919 3912 3911 
3 3911 3912 4510 
3 3911 4510 6621 
3 6621 4510 3913 
3 6621 3913 3914 
3 3914 3913 3915 
3 3914 3915 3908 
3 3908 3915 4509 
3 3908 4509 3909 
3 6630 3917 3916 
3 3916 3917 3918 
3 3916 3918 3919 
3 3919 3918 4511 
3 3919 4511 3912 
3 3922 4516 6630 
3 6630 4516 4514 
3 6630 4514 3917 
3 3927 4519 3920 
3 3920 4519 4518 
3 3920 4518 3921 
3 3921 4518 3922 
3 3921 3922 6606 
3 6606 3922 6630 
3 3923 3930 3932 
3 3923 3932 3924 
3 3924 3932 3925 
3 3924 3925 3960 
3 3960 3925 3926 
3 3960 3926 3927 
3 3927 3926 4520 
3 3927 4520 4519 
3 3928 3929 3930 
3 3930 3929 3931 
3 3930 3931 3932 
3 3928 3933 3929 
3 3929 3933 3976 
3 3929 3976 3934 
3 3934 3976 3975 
3 3934 3975 3936 
3 3974 3935 3975 
3 3975 3935 4525 
3 3975 4525 3936 
3 3937 3938 3939 
3 3939 3938 4526 
3 3939 4526 3935 
3 3939 3973 3937 
3 3937 3973 3972 
3 3937 3972 3940 
3 3940 3972 3941 
3 3972 3971 3941 
3 3941 3971 3968 
3 3941 3968 4531 
3 3968 3942 4531 
3 4531 3942 3944 
3 4531 3944 3943 
3 3943 3944 4533 
3 3944 3967 4533 
3 4533 3967 3945 
3 4533 3945 4529 
3 4529 3945 3946 
3 3963 3947 3949 
3 3949 3947 3948 
3 3949 3948 3964 
3 3964 3948 3950 
3 3964 3950 3951 
3 3951 3950 3952 
3 3951 3952 3962 
3 3962 3952 4528 
3 3962 4528 3961 
3 3961 4528 3953 
3 3961 3953 3954 
3 3954 3953 4530 
3 3954 4530 3955 
3 3955 4530 3957 
3 3955 3957 3956 
3 3956 3957 3946 
3 3956 3946 3966 
3 3966 3946 3945 
3 6597 6587 3867 
3 3867 3958 6597 
3 6597 3958 3959 
3 6597 3959 3960 
3 3960 3959 3978 
3 3960 3978 3924 
3 3961 3954 4075 
3 3961 4075 3962 
3 3965 3855 3963 
3 3963 3949 3965 
3 3965 3949 3964 
3 3965 3964 4075 
3 4075 3964 3951 
3 4075 3951 3962 
3 3954 3955 4075 
3 4075 3955 3956 
3 4075 3956 3966 
3 3966 3945 4075 
3 4075 3945 3967 
3 4075 3967 3944 
3 3944 3942 4075 
3 4075 3942 3968 
3 4075 3968 3969 
3 3975 3976 3985 
3 3969 3968 3970 
3 3970 3968 3971 
3 3970 3971 4602 
3 4602 3971 3972 
3 4602 3972 4603 
3 4603 3972 3973 
3 4603 3973 4600 
3 4600 3973 3939 
3 4600 3939 4601 
3 4601 3939 3985 
3 3985 3939 3974 
3 3985 3974 3975 
3 3976 3933 3985 
3 3985 3933 3928 
3 3985 3928 3930 
3 3930 3923 3985 
3 3985 3923 3924 
3 3985 3924 3977 
3 3977 3924 3978 
3 3977 3978 3959 
3 3959 3958 3977 
3 3977 3958 3867 
3 3977 3867 3852 
3 3841 3842 3977 
3 3977 3842 3979 
3 3977 3979 3985 
3 3985 3979 3780 
3 3780 3980 3985 
3 3985 3980 3781 
3 3985 3781 3782 
3 3782 3785 3985 
3 3985 3785 3981 
3 3985 3981 3982 
3 3982 3786 3985 
3 3985 3786 3983 
3 3985 3983 3984 
3 3990 3795 3988 
3 3984 3790 3985 
3 3985 3790 3792 
3 3985 3792 3986 
3 3986 3792 3793 
3 3986 3793 3987 
3 3987 3793 4596 
3 4596 3793 3988 
3 3988 3793 3989 
3 3988 3989 3990 
3 3795 3797 3988 
3 3988 3797 3801 
3 3988 3801 3800 
3 3998 4001 3988 
3 3727 3803 3991 
3 3991 3803 3992 
3 3991 3992 3687 
3 3687 3992 3993 
3 3994 3804 3728 
3 3728 3804 3995 
3 3728 3995 3727 
3 3727 3995 3996 
3 3727 3996 3803 
3 3994 3730 3804 
3 3804 3730 3736 
3 3804 3736 3997 
3 3800 3799 3988 
3 3988 3799 3999 
3 3988 3999 3998 
3 3998 3999 3804 
3 3998 3804 4000 
3 4000 3804 3997 
3 4001 3731 3988 
3 3988 3731 3738 
3 3988 3738 4598 
3 4598 3738 4002 
3 4598 4002 4599 
3 4599 4002 4003 
3 4003 4002 4004 
3 4003 4004 4595 
3 4595 4004 4005 
3 4005 4004 4006 
3 4005 4006 4592 
3 4592 4006 3740 
3 4592 3740 4007 
3 4007 3740 3742 
3 4007 3742 4010 
3 4010 3742 3743 
3 4010 3743 3746 
3 3746 3835 4010 
3 4010 3835 3833 
3 4010 3833 4008 
3 4008 4009 4010 
3 4010 4009 4011 
3 4010 4011 4593 
3 4593 4011 4014 
3 3850 4012 3838 
3 3838 4012 4013 
3 3838 4013 4014 
3 4014 4013 4015 
3 4014 4015 4593 
3 4016 4747 4746 
3 4746 4587 4016 
3 4016 4587 4589 
3 4016 4589 3850 
3 3850 4589 4017 
3 3850 4017 4012 
3 4747 4016 4018 
3 4018 4016 4019 
3 4018 4019 4036 
3 3866 3865 4418 
3 4418 4799 3866 
3 3866 4799 4798 
3 3866 4798 4020 
3 4020 4798 4796 
3 4020 4796 3861 
3 3861 4796 3859 
3 3858 4021 4796 
3 4796 4021 3857 
3 4796 3857 3859 
3 4796 4022 3858 
3 3858 4022 4023 
3 3858 4023 4024 
3 4024 4023 4026 
3 4024 4026 4025 
3 4026 4948 4025 
3 4025 4948 4027 
3 4025 4027 4028 
3 4028 4027 4029 
3 4028 4029 4032 
3 4030 4034 4031 
3 4031 4034 4028 
3 4031 4028 4773 
3 4773 4028 4032 
3 4772 4033 4900 
3 4900 4033 4034 
3 4900 4034 4899 
3 4899 4034 4030 
3 4865 3848 4800 
3 4800 3848 4033 
3 4800 4033 4035 
3 4035 4033 4772 
3 4865 4771 3848 
3 3848 4771 4039 
3 3848 4039 4037 
3 4036 4019 4827 
3 4827 4019 4037 
3 4827 4037 4038 
3 4038 4037 4039 
3 4040 4146 3456 
3 3456 3453 4040 
3 4040 3453 3452 
3 4040 3452 4047 
3 4041 3132 4042 
3 4042 3132 4043 
3 3477 4045 4044 
3 4044 4045 3487 
3 4044 3487 4046 
3 4046 3487 4040 
3 4046 4040 3451 
3 3451 4040 4047 
3 3356 3349 4048 
3 4048 3349 4049 
3 4048 4049 3403 
3 3403 4049 3295 
3 3285 4050 3209 
3 3209 4050 3283 
3 3209 3283 4064 
3 3190 4051 4052 
3 4052 4051 3133 
3 4052 3133 3194 
3 3194 3133 3132 
3 3194 3132 4053 
3 4053 3132 4041 
3 4068 4055 4054 
3 2886 4073 4080 
3 3666 3664 4068 
3 4068 3664 3663 
3 4068 3663 4055 
3 4054 4056 4068 
3 4068 4056 4057 
3 4068 4057 4058 
3 4058 4057 4059 
3 4058 4059 3688 
3 3688 4059 4060 
3 4061 4062 3279 
3 3279 4062 4063 
3 3279 4063 3280 
3 3280 4063 3209 
3 3280 3209 3282 
3 3282 3209 4064 
3 3003 3013 4065 
3 4065 3013 3092 
3 4065 3092 2984 
3 2984 3092 4110 
3 2984 4110 2986 
3 4089 2790 4066 
3 4066 2790 2788 
3 4066 2788 4067 
3 4080 2990 2989 
3 4068 3830 3666 
3 3666 3830 3827 
3 3666 3827 4137 
3 4089 4161 2793 
3 2793 4161 2794 
3 4069 3110 3093 
3 3093 3110 3109 
3 3093 3109 3104 
3 2896 2894 4161 
3 4161 2889 4080 
3 4080 2889 2887 
3 4080 2887 2886 
3 4081 2992 4080 
3 4080 2992 4070 
3 4080 4070 2990 
3 3029 4071 3031 
3 3031 4071 3032 
3 2894 2892 4161 
3 4161 2892 2891 
3 4161 2891 2889 
3 4072 2998 4073 
3 4073 2998 4074 
3 4073 4074 2996 
3 4092 3814 4075 
3 4075 3814 3813 
3 4075 3813 3812 
3 3812 3809 4075 
3 4075 3809 3807 
3 4075 3807 3965 
3 3965 3807 3845 
3 3965 3845 4076 
3 3093 3094 4069 
3 4069 3094 4077 
3 4069 4077 4071 
3 4071 4077 3033 
3 4071 3033 3032 
3 3029 3027 4071 
3 4071 3027 3026 
3 4071 3026 3024 
3 2808 4078 2786 
3 2786 4078 2912 
3 2786 2912 4067 
3 4067 2912 2910 
3 4067 2910 4066 
3 2996 4079 4073 
3 4073 4079 2995 
3 4073 2995 4080 
3 4080 2995 2993 
3 4080 2993 4081 
3 3825 4075 3823 
3 3823 4075 4080 
3 4083 4115 3293 
3 3293 4115 3397 
3 3293 3397 3295 
3 3295 3397 4082 
3 3295 4082 3403 
3 4083 4084 4115 
3 4115 4084 4085 
3 4115 4085 3291 
3 3114 4161 4086 
3 4086 4161 4094 
3 2728 4087 4088 
3 4166 2799 4161 
3 4066 2908 4089 
3 4089 2908 2905 
3 4089 2905 2904 
3 2904 2901 4089 
3 4089 2901 2900 
3 4089 2900 4161 
3 4161 2900 2899 
3 4161 2899 2896 
3 3825 4090 4075 
3 4075 4090 4091 
3 4075 4091 3820 
3 3820 3817 4075 
3 4075 3817 3816 
3 4075 3816 4092 
3 3291 3289 4115 
3 4115 3289 3287 
3 4115 3287 4112 
3 3129 3128 4115 
3 4115 3128 3126 
3 4115 3126 3124 
3 4115 3118 4161 
3 4161 3118 4093 
3 4161 4093 4094 
3 2799 4095 4161 
3 4161 4095 4096 
3 4161 4096 2794 
3 2918 4098 4097 
3 4097 4098 2928 
3 4097 2928 4072 
3 4072 2928 4099 
3 4072 4099 2998 
3 3124 3123 4115 
3 4115 3123 3121 
3 4115 3121 3118 
3 2728 4088 4165 
3 4165 4088 4100 
3 4165 4100 2800 
3 4043 3132 3197 
3 3197 3132 3131 
3 3197 3131 3199 
3 4101 4102 4104 
3 4104 4102 4103 
3 4104 4103 4105 
3 4105 4103 2713 
3 4087 2728 4106 
3 4106 2728 4107 
3 4106 4107 4109 
3 4109 4107 4108 
3 4109 4108 2726 
3 2726 2723 4109 
3 4109 2723 2722 
3 4109 2722 4101 
3 4101 2722 2721 
3 4101 2721 4102 
3 2986 4110 4120 
3 4120 4110 4111 
3 4120 4111 3090 
3 4112 3286 4115 
3 4115 3286 4116 
3 4115 4116 4114 
3 4114 4116 4113 
3 4114 3201 4115 
3 4115 3201 3199 
3 4115 3199 3129 
3 3129 3199 3131 
3 4125 3204 4116 
3 4116 3204 4117 
3 4116 4117 4113 
3 3672 3581 4118 
3 4118 3581 4119 
3 4118 4119 3578 
3 3090 3087 4120 
3 4120 3087 4121 
3 4120 4121 3086 
3 4122 2942 4130 
3 4126 4123 4080 
3 3209 3208 3285 
3 3285 3208 3207 
3 3285 3207 4116 
3 4116 3207 4124 
3 4116 4124 4125 
3 4122 4130 2943 
3 4126 4080 3588 
3 4127 3584 3672 
3 3672 3584 3582 
3 3672 3582 3581 
3 4135 3019 4161 
3 2942 2941 4130 
3 4130 2941 4128 
3 4130 4128 4152 
3 4151 4129 4149 
3 4129 4151 4130 
3 4130 4151 4131 
3 4130 4131 2943 
3 4123 3586 4080 
3 4080 3586 4132 
3 4080 4132 4139 
3 4133 4134 3578 
3 3577 3576 3600 
3 3600 3576 3575 
3 3600 3575 3601 
3 4135 4161 3023 
3 3023 4161 3114 
3 3023 3114 3024 
3 3024 3114 3113 
3 3024 3113 4071 
3 2936 2935 4161 
3 4161 2935 4136 
3 2828 4173 2931 
3 3827 4138 4137 
3 4137 4138 3823 
3 4137 3823 3673 
3 3673 3823 4080 
3 3673 4080 3672 
3 3672 4080 4139 
3 3672 4139 4127 
3 4133 3578 4140 
3 3019 3017 4161 
3 4161 3017 4141 
3 4161 4141 4153 
3 4142 4143 4161 
3 2736 2735 4144 
3 4144 2735 2733 
3 4170 2929 4168 
3 2828 2931 4145 
3 4040 3589 4146 
3 4146 3589 4222 
3 4146 4222 4221 
3 4134 3670 3578 
3 3578 3670 3671 
3 3578 3671 4118 
3 4142 4161 2825 
3 3005 4147 4148 
3 4148 4147 4150 
3 4148 4150 4149 
3 4149 4150 2944 
3 4149 2944 4151 
3 4152 4128 4153 
3 4153 4128 4154 
3 4153 4154 4161 
3 4161 4154 2938 
3 4161 2938 2936 
3 4143 4155 4161 
3 4161 4155 2824 
3 4161 2824 4156 
3 4157 2818 4181 
3 2818 4157 4144 
3 4144 4157 2737 
3 4144 2737 2736 
3 2929 4170 2931 
3 2931 4170 2832 
3 2931 2832 4145 
3 3600 4158 3577 
3 3577 4158 4159 
3 3577 4159 3578 
3 3578 4159 4160 
3 3578 4160 4140 
3 4156 2821 4161 
3 4161 2821 4162 
3 4161 4162 4163 
3 4163 4162 4144 
3 4163 4144 4164 
3 4164 4144 2733 
3 4163 2731 4161 
3 4161 2731 4165 
3 4161 4165 4166 
3 4166 4165 2800 
3 2921 2919 4167 
3 4167 2919 2834 
3 4167 2834 4168 
3 4168 2834 4169 
3 4168 4169 4170 
3 3176 4189 3077 
3 4171 3354 3331 
3 3331 3354 3363 
3 3331 3363 4172 
3 4173 4174 2931 
3 2931 4174 2825 
3 2931 2825 2932 
3 2932 2825 4161 
3 2932 4161 4175 
3 4175 4161 4136 
3 4176 3272 4177 
3 4177 3272 3278 
3 4177 3278 4199 
3 2812 4178 2814 
3 2814 4178 4179 
3 2814 4179 4181 
3 4181 4179 4180 
3 4181 4180 4157 
3 4182 4193 4200 
3 3186 4183 4185 
3 4185 4183 4184 
3 4185 4184 4186 
3 3173 4225 3078 
3 3097 4187 4188 
3 4188 4187 3107 
3 4188 3107 4194 
3 3077 4189 3078 
3 3078 4189 3174 
3 3078 3174 3173 
3 4184 3261 4186 
3 4186 3261 3260 
3 4186 3260 4190 
3 4190 3260 4191 
3 4190 4191 4193 
3 4193 4191 4192 
3 4193 4192 3259 
3 3259 3257 4193 
3 4193 3257 3256 
3 4193 3256 4200 
3 3107 3178 4194 
3 4194 3178 4195 
3 4194 4195 3077 
3 3077 4195 4196 
3 3077 4196 3176 
3 4220 4197 3462 
3 3462 4197 4198 
3 3462 4198 3333 
3 3083 3082 4080 
3 3278 3348 4199 
3 4199 3348 3346 
3 4199 3346 3244 
3 3244 3346 3345 
3 4182 4200 4201 
3 4201 4200 3254 
3 4201 3254 4217 
3 4219 3250 4202 
3 4202 3250 3249 
3 4202 3249 4203 
3 4203 3249 3248 
3 3466 3465 3333 
3 3333 3465 3463 
3 3333 3463 3462 
3 2989 4204 4080 
3 4080 4204 2987 
3 4080 2987 4120 
3 3336 4205 4220 
3 4220 4205 4206 
3 4220 4206 4197 
3 3345 3343 3244 
3 3244 3343 3340 
3 3244 3340 4207 
3 4207 3340 3339 
3 4207 3339 3248 
3 3248 3339 4208 
3 3248 4208 4203 
3 3086 3085 4120 
3 4120 3085 4209 
3 4120 4209 4080 
3 4080 4209 4210 
3 4080 4210 3083 
3 3254 3253 4080 
3 4080 3253 4211 
3 3363 4212 4172 
3 4172 4212 3470 
3 4172 3470 4213 
3 4213 3470 4214 
3 4213 4214 3333 
3 3333 4214 3468 
3 3333 3468 3466 
3 3170 4215 4080 
3 4080 4215 4216 
3 4080 4216 3254 
3 3254 4216 3168 
3 3254 3168 4217 
3 3336 4220 4218 
3 4218 4220 4080 
3 4218 4080 4202 
3 4202 4080 4211 
3 4202 4211 4219 
3 4220 3460 4080 
3 4080 3460 4221 
3 4080 4221 3588 
3 3588 4221 4222 
3 3082 3081 4080 
3 4080 3081 4223 
3 4080 4223 3170 
3 3170 4223 4224 
3 3170 4224 4225 
3 4225 4224 4226 
3 4225 4226 3078 
3 5443 6090 4227 
3 5443 4227 4228 
3 4228 4227 5446 
3 4228 5446 4566 
3 4566 5446 4229 
3 4566 4229 4564 
3 4564 4229 5450 
3 4564 5450 4567 
3 4567 5450 5453 
3 4567 5453 4575 
3 4575 5453 4230 
3 4575 4230 4573 
3 4573 4230 4231 
3 4573 4231 4582 
3 4582 4231 5459 
3 4582 5459 4580 
3 4580 5459 5460 
3 4580 5460 4232 
3 4232 5460 4161 
3 4232 4161 4080 
3 3399 3397 4115 
3 3521 3481 4394 
3 4233 4234 4336 
3 3475 3474 4251 
3 4235 3431 3429 
3 4236 4242 3404 
3 3404 4242 4235 
3 3404 4235 4237 
3 4237 4235 3429 
3 4236 4238 4242 
3 4242 4238 3407 
3 4242 3407 4239 
3 4239 4240 4242 
3 4242 4240 4241 
3 4242 4241 3410 
3 3410 3411 4242 
3 4242 3411 3413 
3 4242 3413 5516 
3 5516 3413 4243 
3 5516 4243 5514 
3 5514 4243 3416 
3 5514 3416 4250 
3 4250 3416 3420 
3 4250 3420 3421 
3 3421 4244 4250 
3 4250 4244 4245 
3 4250 4245 3428 
3 3428 4246 4250 
3 4250 4246 3426 
3 4250 3426 4247 
3 4247 4248 4250 
3 4250 4248 4249 
3 4250 4249 4251 
3 4251 4249 3423 
3 4251 3423 3475 
3 4251 3479 3484 
3 3484 4252 4251 
3 4251 4252 3541 
3 4251 3541 4250 
3 4250 3541 4253 
3 4253 3544 4250 
3 4250 3544 4254 
3 4250 4254 3546 
3 3546 4255 4250 
3 4250 4255 3548 
3 4250 3548 3549 
3 3549 3552 4250 
3 4250 3552 4257 
3 4250 4257 4256 
3 4256 4257 4258 
3 4258 4257 3537 
3 4258 3537 4262 
3 4264 4259 4260 
3 4260 4259 5513 
3 4260 5513 4261 
3 4261 5513 4262 
3 4261 4262 4263 
3 4263 4262 3537 
3 4264 4265 4259 
3 4259 4265 3535 
3 4259 3535 4274 
3 4266 4267 4268 
3 4268 4267 3638 
3 4268 3638 3524 
3 3524 3638 4269 
3 3524 4269 4270 
3 4270 4269 4271 
3 4271 4269 3639 
3 4271 3639 4272 
3 4272 3639 4273 
3 4273 3639 3641 
3 4273 3641 3530 
3 4274 3532 3641 
3 3641 3532 3531 
3 3641 3531 3530 
3 3641 4275 4274 
3 4274 4275 3642 
3 4274 3642 4259 
3 4259 3642 3637 
3 4259 3637 3636 
3 3636 3634 4259 
3 4259 3634 4277 
3 4259 4277 4276 
3 4276 4277 4278 
3 4276 4278 4279 
3 4278 3632 4279 
3 4279 3632 3631 
3 4279 3631 5511 
3 5511 3631 3628 
3 5511 3628 4280 
3 3628 3627 4280 
3 4280 3627 4281 
3 4280 4281 4282 
3 4282 4281 4283 
3 4282 4283 4284 
3 4284 4283 4288 
3 4284 4288 4289 
3 4287 4285 4286 
3 3607 3608 4286 
3 4286 3608 3606 
3 4286 3606 4287 
3 4288 3612 4289 
3 4289 3612 3611 
3 4289 3611 4286 
3 4286 3611 3610 
3 4286 3610 3607 
3 3605 4290 4292 
3 4292 4290 4291 
3 4292 4291 3677 
3 4292 3680 4293 
3 4285 3605 4286 
3 4286 3605 4292 
3 4286 4292 4294 
3 4294 4292 4293 
3 4294 4295 4286 
3 4286 4295 4296 
3 4286 4296 3724 
3 3724 4297 4286 
3 4286 4297 4298 
3 4286 4298 4299 
3 4299 3720 4286 
3 4286 3720 4300 
3 4286 4300 5509 
3 5509 4300 4301 
3 5509 4301 4302 
3 4301 3717 4302 
3 4302 3717 3714 
3 4302 3714 4303 
3 4303 3714 3713 
3 4303 3713 4304 
3 4304 3713 3711 
3 3711 3709 4304 
3 4304 3709 3708 
3 4304 3708 5506 
3 3697 3695 4307 
3 3702 3700 4307 
3 4307 3700 3698 
3 4307 3698 3697 
3 5506 3708 5507 
3 5507 3708 4305 
3 5507 4305 4306 
3 4306 4305 4308 
3 4306 4308 4307 
3 4307 4308 3703 
3 4307 3703 3702 
3 3694 4309 4310 
3 4310 4309 3691 
3 4310 3691 3831 
3 4310 3847 3856 
3 3856 4311 4310 
3 4310 4311 4307 
3 4310 4307 3694 
3 3694 4307 3695 
3 4311 4312 4307 
3 4307 4312 4313 
3 4307 4313 3872 
3 3872 3874 4307 
3 4307 3874 3876 
3 4307 3876 3879 
3 3879 3880 4307 
3 4307 3880 3884 
3 4307 3884 4314 
3 4314 3884 4316 
3 4314 4316 4315 
3 4315 4316 5502 
3 5502 4316 3885 
3 5502 3885 4317 
3 4317 3885 3886 
3 4317 3886 5504 
3 4323 4324 5498 
3 4323 5498 3897 
3 3886 3889 5504 
3 5504 3889 3890 
3 5504 3890 5505 
3 5505 3890 3892 
3 5505 3892 4318 
3 4318 3892 3893 
3 4318 3893 5501 
3 5501 3893 3896 
3 5501 3896 5500 
3 5500 3896 4319 
3 5500 4319 4320 
3 4320 4319 3897 
3 4320 3897 5497 
3 5497 3897 5498 
3 4321 5496 5495 
3 4321 5495 4322 
3 4322 5495 5493 
3 4322 5493 4323 
3 4323 5493 5492 
3 4323 5492 4324 
3 5496 4321 4325 
3 4325 4321 3899 
3 4325 3899 5490 
3 5490 3899 3895 
3 5490 3895 4326 
3 3878 4328 4327 
3 4327 4328 3875 
3 4327 3875 4334 
3 3895 3894 4326 
3 4326 3894 3891 
3 4326 3891 5491 
3 5491 3891 4329 
3 5491 4329 5489 
3 5489 4329 3887 
3 5489 3887 4330 
3 4330 3887 4331 
3 4330 4331 5486 
3 5486 4331 4332 
3 5486 4332 4333 
3 4333 4332 3882 
3 4333 3882 4327 
3 4327 3882 3881 
3 4327 3881 3878 
3 4334 3871 4327 
3 4327 3871 4335 
3 4327 4335 4336 
3 4336 4335 3869 
3 4336 3869 4233 
3 3846 3832 4336 
3 4336 3832 3692 
3 4336 3692 4327 
3 4327 3692 4337 
3 4327 4337 3693 
3 3693 4338 4327 
3 4327 4338 3696 
3 4327 3696 3699 
3 3699 3701 4327 
3 4327 3701 3704 
3 4327 3704 4339 
3 4339 3704 3705 
3 4339 3705 5484 
3 5484 3705 3706 
3 5484 3706 5485 
3 5485 3706 3707 
3 5485 3707 5469 
3 3707 3710 5469 
3 5469 3710 4341 
3 5469 4341 4340 
3 4340 4341 3712 
3 4340 3712 5483 
3 5483 3712 3715 
3 5483 3715 4342 
3 4342 3715 3716 
3 4342 3716 4349 
3 3716 4343 4349 
3 4349 4343 3718 
3 4349 3718 3719 
3 3723 3725 4349 
3 3723 4349 3722 
3 3719 3721 4349 
3 4349 3721 4344 
3 4349 4344 3722 
3 3725 3726 4349 
3 4349 3726 4345 
3 4349 4345 4346 
3 4346 4345 4347 
3 4346 4347 4348 
3 3676 3604 4346 
3 4346 3604 4350 
3 4346 4350 4349 
3 4349 4350 4351 
3 4349 4351 4352 
3 4352 4353 4349 
3 4349 4353 4354 
3 4349 4354 4355 
3 4355 4356 4349 
3 4349 4356 3609 
3 4349 3609 5479 
3 5479 3609 4357 
3 5479 4357 4358 
3 4357 3613 4358 
3 4358 3613 3614 
3 4358 3614 5480 
3 5480 3614 3615 
3 5480 3615 4359 
3 4366 4360 3621 
3 3621 4360 4361 
3 3621 4361 3619 
3 3619 4361 5476 
3 3619 5476 4362 
3 4362 5476 4359 
3 4362 4359 3617 
3 3617 4359 3615 
3 4363 4364 3489 
3 4363 3489 4365 
3 4366 4367 4360 
3 4360 4367 3622 
3 4360 3622 4368 
3 4364 4369 3489 
3 3489 4369 4370 
3 3489 4370 4371 
3 4371 4370 3490 
3 4372 4376 4378 
3 4378 3495 4372 
3 4372 3495 3493 
3 4372 3493 4370 
3 4370 3493 4373 
3 4370 4373 3490 
3 3593 4374 4375 
3 4375 4374 3499 
3 4375 3499 4376 
3 4376 3499 4377 
3 4376 4377 4378 
3 4368 4365 4360 
3 4360 4365 3489 
3 4360 3489 5474 
3 5474 3489 4381 
3 3489 4379 4381 
3 4381 4379 3502 
3 4381 3502 4380 
3 4380 3505 4381 
3 4381 3505 3507 
3 4381 3507 4382 
3 4382 3507 3508 
3 4382 3508 4384 
3 3515 4383 4395 
3 3515 4395 3513 
3 3508 3510 4384 
3 4384 3510 4385 
3 4384 4385 4386 
3 4386 4385 4387 
3 4386 4387 4395 
3 4395 4387 4388 
3 4395 4388 3513 
3 4383 4389 4395 
3 4395 4389 4390 
3 4395 4390 3517 
3 3517 4391 4395 
3 4395 4391 3519 
3 4395 3519 4394 
3 4394 3519 4392 
3 4394 4392 3521 
3 4393 3374 4394 
3 4394 3374 3373 
3 4394 3373 4395 
3 4395 3373 3371 
3 3371 3369 4395 
3 4395 3369 3368 
3 4395 3368 3366 
3 3366 3365 4395 
3 4395 3365 3376 
3 4395 3376 3377 
3 3377 3379 4395 
3 4395 3379 4396 
3 4395 4396 5473 
3 5473 4396 3383 
3 5473 3383 4397 
3 3383 3384 4397 
3 4397 3384 4398 
3 4397 4398 4403 
3 4403 4398 4399 
3 4399 3388 4403 
3 4403 3388 4400 
3 4403 4400 4401 
3 4401 3391 4403 
3 4403 3391 4402 
3 4403 4402 3395 
3 3399 4115 3400 
3 3395 3394 4403 
3 4403 3394 4404 
3 4403 4404 4115 
3 4115 4404 3396 
3 4115 3396 3400 
3 6211 5953 4416 
3 4407 6679 4405 
3 6211 4416 4405 
3 4405 4416 4406 
3 4405 4406 4407 
3 4407 4406 4408 
3 4407 4408 4409 
3 4409 4408 4410 
3 4409 4410 3901 
3 4411 4417 4412 
3 4412 4417 4413 
3 4412 4413 4414 
3 4414 4413 3865 
3 5945 5944 4418 
3 5863 5865 5953 
3 5953 5865 4415 
3 5953 4415 4416 
3 4416 4415 5867 
3 4411 3900 4417 
3 4417 3900 4410 
3 4417 4410 5868 
3 5868 4410 4408 
3 5868 4408 5867 
3 5867 4408 4406 
3 5867 4406 4416 
3 4418 5871 4433 
3 4419 5859 4420 
3 4420 5859 5860 
3 4420 5860 5953 
3 5953 5860 5862 
3 5953 5862 5863 
3 3865 4413 4418 
3 4418 4413 4421 
3 4418 4421 5871 
3 4419 4420 5856 
3 5856 4420 5897 
3 5856 5897 5855 
3 5855 5897 5898 
3 5855 5898 5854 
3 5854 5898 5901 
3 5854 5901 5852 
3 5852 5901 5902 
3 5852 5902 5850 
3 5850 5902 5904 
3 5850 5904 5849 
3 5849 5904 5905 
3 5849 5905 4422 
3 4422 5905 4423 
3 4422 4423 5847 
3 5847 4423 5907 
3 5847 5907 4424 
3 4424 5907 5909 
3 4424 5909 5846 
3 5846 5909 5910 
3 5846 5910 4425 
3 4425 5910 4426 
3 4425 4426 4427 
3 4427 4426 5912 
3 4427 5912 5885 
3 5885 5912 5913 
3 5885 5913 5883 
3 5883 5913 5915 
3 5883 5915 5882 
3 5882 5915 4428 
3 5882 4428 4429 
3 4429 4428 5917 
3 4429 5917 5880 
3 5880 5917 5918 
3 5880 5918 5879 
3 5879 5918 4430 
3 5879 4430 5877 
3 5877 4430 5921 
3 5877 5921 5874 
3 5874 5921 4431 
3 5874 4431 5873 
3 5873 4431 5952 
3 5873 5952 5872 
3 5952 5950 5872 
3 5872 5950 4432 
3 5872 4432 4433 
3 4432 5949 4433 
3 4433 5949 5947 
3 4433 5947 4418 
3 4418 5947 5946 
3 4418 5946 5945 
3 4471 4436 4434 
3 4476 4435 4436 
3 4474 4480 4436 
3 4463 4443 4436 
3 4474 4436 4475 
3 5888 5887 4480 
3 4480 5887 4436 
3 4435 4475 4436 
3 4437 4476 4436 
3 4471 4437 4436 
3 4439 4434 4436 
3 4438 4439 4436 
3 4440 4438 4436 
3 4442 4440 4436 
3 4441 4442 4436 
3 4469 4441 4436 
3 4467 4469 4436 
3 4444 4467 4436 
3 4443 4444 4436 
3 4473 4445 4446 
3 4447 4477 4446 
3 4445 6021 4446 
3 4446 6021 6020 
3 4446 6020 4447 
3 4447 6020 6019 
3 4447 6019 6018 
3 4449 6017 4470 
3 4470 6017 4473 
3 4451 5976 4470 
3 4470 5976 4448 
3 4470 4448 4449 
3 4450 6023 4451 
3 4451 6023 5977 
3 4451 5977 5976 
3 4455 6014 6013 
3 6013 4452 4455 
3 4455 4452 6016 
3 4455 6016 4450 
3 4450 6016 6015 
3 4450 6015 6023 
3 4457 4453 4468 
3 4468 4453 4454 
3 4468 4454 4455 
3 4455 4454 4456 
3 4455 4456 6014 
3 4457 4468 4458 
3 4458 4468 4464 
3 4458 4464 4461 
3 4462 4459 4460 
3 4464 5970 4461 
3 4461 5970 4462 
3 4461 4462 6009 
3 6009 4462 4460 
3 4443 4463 4466 
3 4466 4465 4464 
3 4464 4465 5971 
3 4464 5971 5970 
3 4443 4466 4444 
3 4444 4466 4464 
3 4444 4464 4467 
3 4467 4464 4468 
3 4467 4468 4469 
3 4438 4440 4455 
3 4455 4440 4442 
3 4455 4442 4468 
3 4468 4442 4441 
3 4468 4441 4469 
3 4470 4437 4451 
3 4451 4437 4471 
3 4451 4471 4450 
3 4450 4471 4472 
3 4450 4472 4455 
3 4455 4472 4439 
3 4455 4439 4438 
3 4473 4446 4470 
3 4470 4446 4474 
3 4470 4474 4475 
3 4475 4435 4470 
3 4470 4435 4476 
3 4470 4476 4437 
3 4477 4478 4446 
3 4446 4478 4479 
3 4446 4479 4474 
3 4474 4479 5889 
3 4474 5889 4480 
3 4480 5889 5888 
3 3947 3868 4535 
3 4481 3768 4482 
3 4482 3768 3767 
3 4482 3767 3771 
3 3776 3778 4503 
3 3774 4502 4482 
3 3771 3772 4482 
3 4482 3772 4483 
3 4482 4483 3774 
3 3778 4484 4503 
3 4503 4484 4485 
3 4503 4485 4486 
3 3764 4487 4481 
3 4481 4487 4488 
3 4488 4489 4481 
3 4481 4489 4490 
3 4481 4490 3768 
3 3683 3685 3690 
3 3690 3750 3683 
3 3683 3750 3749 
3 3683 3749 6055 
3 6055 3749 3753 
3 6055 3753 3752 
3 3752 4491 6055 
3 6055 4491 4492 
3 6055 4492 3755 
3 3755 4493 6055 
3 6055 4493 4494 
3 6055 4494 3757 
3 3757 3760 6055 
3 6055 3760 3759 
3 6055 3759 6050 
3 6050 3759 3758 
3 6050 3758 4481 
3 4481 3758 3765 
3 4481 3765 3764 
3 3655 3658 6055 
3 6055 3658 4495 
3 6055 4495 4497 
3 5161 4496 6055 
3 6055 4496 3653 
3 6055 3653 3655 
3 4497 4498 6055 
3 6055 4498 4499 
3 6055 4499 3683 
3 3683 4499 3678 
3 3683 3678 3681 
3 4504 4503 4500 
3 4500 4503 4501 
3 4502 3776 4482 
3 4482 3776 4503 
3 4482 4503 3903 
3 3903 4503 4504 
3 3903 4505 4482 
3 4482 4505 3905 
3 4482 3905 4506 
3 4506 4507 4482 
3 4482 4507 3906 
3 4482 3906 4508 
3 4508 3909 4482 
3 4482 3909 4509 
3 4482 4509 6064 
3 6064 4509 3915 
3 6064 3915 3913 
3 3913 4510 6064 
3 6064 4510 3912 
3 6064 3912 6069 
3 6069 3912 4511 
3 6069 4511 4512 
3 4512 4511 3918 
3 4512 3918 4513 
3 4513 3918 3917 
3 4513 3917 6058 
3 3917 4514 6058 
3 6058 4514 4516 
3 6058 4516 4515 
3 4515 4516 3922 
3 4515 3922 4517 
3 4517 3922 4518 
3 4518 4519 4517 
3 4517 4519 4520 
3 4517 4520 6052 
3 6052 4520 3926 
3 6052 3926 4521 
3 4521 3926 3925 
3 4521 3925 4522 
3 4522 3925 3932 
3 4522 3932 4523 
3 4523 3932 3931 
3 4523 3931 3929 
3 3929 3934 4523 
3 4523 3934 3936 
3 4523 3936 4524 
3 4524 3936 4525 
3 4524 4525 6065 
3 4525 3935 6065 
3 6065 3935 4526 
3 6065 4526 4527 
3 4527 4526 3938 
3 4527 3938 6072 
3 6072 3938 3937 
3 6072 3937 6075 
3 6075 3937 3940 
3 6075 3940 4532 
3 4532 3940 3941 
3 3953 4528 4534 
3 3953 4534 4530 
3 4529 3946 4534 
3 4534 3946 3957 
3 4534 3957 4530 
3 3941 4531 4532 
3 4532 4531 3943 
3 4532 3943 4534 
3 4534 3943 4533 
3 4534 4533 4529 
3 4528 3952 4534 
3 4534 3952 3950 
3 4534 3950 4535 
3 4535 3950 3948 
3 4535 3948 3947 
3 4535 3854 3844 
3 3844 3805 4535 
3 4535 3805 3806 
3 4535 3806 4534 
3 4534 3806 3808 
3 4534 3808 3810 
3 3810 3811 4534 
3 4534 3811 4536 
3 4534 4536 4537 
3 4537 4538 4534 
3 4534 4538 4539 
3 4534 4539 6051 
3 6051 4539 4540 
3 6051 4540 3815 
3 3815 3818 6051 
3 6051 3818 3819 
3 6051 3819 4546 
3 4546 3819 4541 
3 4546 4541 4542 
3 4543 3824 4548 
3 4548 3824 4544 
3 4548 4544 4545 
3 4542 3821 4546 
3 4546 3821 3822 
3 4546 3822 4548 
3 4548 3822 4547 
3 4548 4547 4543 
3 4545 3828 4548 
3 4548 3828 4549 
3 4548 4549 4550 
3 4550 3826 4548 
3 4548 3826 4551 
3 4548 4551 4556 
3 4556 4551 3829 
3 3829 4552 4556 
3 4556 4552 4553 
3 4556 4553 4554 
3 3662 4548 4555 
3 4555 4548 4556 
3 4555 4556 4557 
3 4557 4556 3679 
3 3662 4558 4548 
3 4548 4558 4559 
3 4548 4559 4561 
3 3675 5290 4560 
3 4560 5290 4548 
3 4560 4548 3665 
3 3665 4548 4561 
3 4080 4075 4232 
3 4232 4075 4629 
3 4625 4624 4566 
3 4566 4624 4562 
3 4566 4562 4228 
3 4228 4562 4623 
3 4228 4623 5443 
3 5443 4623 4622 
3 5443 4622 4605 
3 4563 4565 4564 
3 4564 4565 4621 
3 4564 4621 4566 
3 4566 4621 4620 
3 4566 4620 4625 
3 4563 4564 4584 
3 4584 4564 4567 
3 4584 4567 4569 
3 4575 4618 4567 
3 4567 4618 4568 
3 4567 4568 4569 
3 4577 4570 4575 
3 4575 4570 4571 
3 4575 4571 4618 
3 4582 4572 4573 
3 4573 4572 4574 
3 4573 4574 4575 
3 4575 4574 4576 
3 4575 4576 4577 
3 4632 4583 4582 
3 4582 4583 4578 
3 4582 4578 4572 
3 4629 4579 4232 
3 4232 4579 4630 
3 4232 4630 4580 
3 4580 4630 4627 
3 4627 4750 4580 
3 4580 4750 4581 
3 4580 4581 4582 
3 4582 4581 4633 
3 4582 4633 4632 
3 4750 4627 4642 
3 4583 4632 4734 
3 4563 4584 4585 
3 4570 4577 4634 
3 4611 4586 4691 
3 4654 4587 4746 
3 4036 4826 4018 
3 4018 4826 4588 
3 4018 4588 4747 
3 4587 4654 4589 
3 4589 4654 4590 
3 4589 4590 4017 
3 4591 4015 4013 
3 4591 4013 4590 
3 4590 4013 4012 
3 4590 4012 4017 
3 4592 4007 4594 
3 4594 4007 4010 
3 4594 4010 4591 
3 4591 4010 4593 
3 4591 4593 4015 
3 4592 4594 4005 
3 4005 4594 4651 
3 4005 4651 4595 
3 4597 4599 4651 
3 4651 4599 4003 
3 4651 4003 4595 
3 4596 4597 4649 
3 4596 3988 4597 
3 4597 3988 4598 
3 4597 4598 4599 
3 4603 4600 4648 
3 4648 4600 4601 
3 4601 3985 4648 
3 4648 3985 3986 
3 4648 3986 4649 
3 4649 3986 3987 
3 4649 3987 4596 
3 3969 3970 4628 
3 4628 3970 4602 
3 4628 4602 4650 
3 4650 4602 4603 
3 4689 4604 4605 
3 4609 6053 4689 
3 4689 6053 4606 
3 4689 4606 4604 
3 4691 4586 4608 
3 4586 4607 4608 
3 4608 4607 4610 
3 4608 4610 4609 
3 4609 4610 6054 
3 4609 6054 6053 
3 4611 4691 4612 
3 4612 4691 4692 
3 4612 4692 6074 
3 6074 4692 4693 
3 6074 4693 4613 
3 4613 4693 6076 
3 6076 4693 4695 
3 6076 4695 4614 
3 4614 4695 6073 
3 6073 4695 4616 
3 6073 4616 4615 
3 4615 4616 6071 
3 6071 4616 4617 
3 6071 4617 6066 
3 4697 6068 4617 
3 4617 6068 6067 
3 4617 6067 6066 
3 4618 4571 4635 
3 4635 4571 4570 
3 4584 4569 4664 
3 4664 4569 4568 
3 4664 4568 4618 
3 4625 4620 4619 
3 4619 4620 4621 
3 4605 4622 4689 
3 4689 4622 4623 
3 4689 4623 4562 
3 4562 4624 4688 
3 4688 4624 4625 
3 4621 4565 4626 
3 4626 4565 4563 
3 4627 4630 4628 
3 4075 3969 4629 
3 4629 3969 4628 
3 4629 4628 4579 
3 4579 4628 4630 
3 4572 4578 4631 
3 4631 4578 4583 
3 4632 4633 4716 
3 4716 4633 4581 
3 4716 4581 4750 
3 4570 4634 4635 
3 4635 4634 4636 
3 4635 4636 4637 
3 4637 4636 4764 
3 4637 4764 4666 
3 4666 4764 4638 
3 4666 4638 4668 
3 4668 4638 4765 
3 4668 4765 4669 
3 4669 4765 4639 
3 4669 4639 4640 
3 4640 4639 4641 
3 4640 4641 4671 
3 4671 4641 4767 
3 4671 4767 4674 
3 4674 4767 4768 
3 4674 4768 4662 
3 4627 4628 4642 
3 4642 4628 4650 
3 4642 4650 4751 
3 4751 4650 4643 
3 4751 4643 4752 
3 4752 4643 4644 
3 4752 4644 4754 
3 4754 4644 4652 
3 4754 4652 4755 
3 4755 4652 4653 
3 4755 4653 4756 
3 4756 4653 4645 
3 4756 4645 4758 
3 4758 4645 4646 
3 4758 4646 4647 
3 4647 4646 4748 
3 4647 4748 4761 
3 4603 4648 4650 
3 4650 4648 4649 
3 4650 4649 4643 
3 4643 4649 4597 
3 4643 4597 4644 
3 4644 4597 4651 
3 4644 4651 4652 
3 4652 4651 4594 
3 4652 4594 4653 
3 4653 4594 4591 
3 4653 4591 4645 
3 4645 4591 4590 
3 4645 4590 4646 
3 4646 4590 4654 
3 4646 4654 4748 
3 4584 4664 4585 
3 4585 4664 4665 
3 4585 4665 4706 
3 4706 4665 4667 
3 4706 4667 4655 
3 4655 4667 4657 
3 4655 4657 4656 
3 4656 4657 4658 
3 4656 4658 4659 
3 4659 4658 4670 
3 4659 4670 4660 
3 4660 4670 4672 
3 4660 4672 4710 
3 4710 4672 4673 
3 4710 4673 4711 
3 4711 4673 4675 
3 4711 4675 4661 
3 4661 4675 4676 
3 4661 4676 4714 
3 4768 4770 4662 
3 4662 4770 4663 
3 4662 4663 4829 
3 4618 4635 4664 
3 4664 4635 4637 
3 4664 4637 4665 
3 4665 4637 4666 
3 4665 4666 4667 
3 4667 4666 4668 
3 4667 4668 4657 
3 4657 4668 4669 
3 4657 4669 4658 
3 4658 4669 4640 
3 4658 4640 4670 
3 4670 4640 4671 
3 4670 4671 4672 
3 4672 4671 4674 
3 4672 4674 4673 
3 4673 4674 4662 
3 4673 4662 4675 
3 4675 4662 4829 
3 4675 4829 4676 
3 4713 4715 4813 
3 4621 4626 4619 
3 4619 4626 4677 
3 4619 4677 4678 
3 4678 4677 4707 
3 4678 4707 4679 
3 4679 4707 4708 
3 4679 4708 4680 
3 4680 4708 4709 
3 4680 4709 4681 
3 4681 4709 4682 
3 4681 4682 4702 
3 4702 4682 4683 
3 4702 4683 4684 
3 4684 4683 4712 
3 4684 4712 4703 
3 4703 4712 4713 
3 4703 4713 4705 
3 4705 4713 4813 
3 4705 4813 4685 
3 4704 4686 4687 
3 4562 4688 4689 
3 4689 4688 4698 
3 4689 4698 4609 
3 4609 4698 4690 
3 4609 4690 4608 
3 4608 4690 4699 
3 4608 4699 4691 
3 4691 4699 4700 
3 4691 4700 4692 
3 4692 4700 4701 
3 4692 4701 4693 
3 4693 4701 4694 
3 4693 4694 4695 
3 4695 4694 4696 
3 4695 4696 4616 
3 4616 4696 4704 
3 4616 4704 4617 
3 4617 4704 4687 
3 4617 4687 4697 
3 4625 4619 4688 
3 4688 4619 4678 
3 4688 4678 4698 
3 4698 4678 4679 
3 4698 4679 4690 
3 4690 4679 4680 
3 4690 4680 4699 
3 4699 4680 4681 
3 4699 4681 4700 
3 4700 4681 4702 
3 4700 4702 4701 
3 4701 4702 4684 
3 4701 4684 4694 
3 4694 4684 4703 
3 4694 4703 4696 
3 4696 4703 4705 
3 4696 4705 4704 
3 4704 4705 4685 
3 4704 4685 4686 
3 4563 4585 4626 
3 4626 4585 4706 
3 4626 4706 4677 
3 4677 4706 4655 
3 4677 4655 4707 
3 4707 4655 4656 
3 4707 4656 4708 
3 4708 4656 4659 
3 4708 4659 4709 
3 4709 4659 4660 
3 4709 4660 4682 
3 4682 4660 4710 
3 4682 4710 4683 
3 4683 4710 4711 
3 4683 4711 4712 
3 4712 4711 4661 
3 4712 4661 4713 
3 4713 4661 4714 
3 4713 4714 4715 
3 4632 4716 4734 
3 4734 4716 4718 
3 4734 4718 4717 
3 4717 4718 4753 
3 4717 4753 4735 
3 4735 4753 4719 
3 4735 4719 4738 
3 4738 4719 4757 
3 4738 4757 4740 
3 4740 4757 4720 
3 4740 4720 4721 
3 4721 4720 4759 
3 4721 4759 4742 
3 4742 4759 4760 
3 4742 4760 4722 
3 4722 4760 4723 
3 4722 4723 4724 
3 4724 4723 4725 
3 4724 4725 4818 
3 4745 4726 4833 
3 4572 4631 4762 
3 4762 4631 4736 
3 4762 4736 4727 
3 4727 4736 4737 
3 4727 4737 4763 
3 4763 4737 4739 
3 4763 4739 4728 
3 4728 4739 4730 
3 4728 4730 4729 
3 4729 4730 4741 
3 4729 4741 4731 
3 4731 4741 4743 
3 4731 4743 4766 
3 4766 4743 4744 
3 4766 4744 4732 
3 4732 4744 4745 
3 4732 4745 4733 
3 4733 4745 4833 
3 4733 4833 4769 
3 4583 4734 4631 
3 4631 4734 4717 
3 4631 4717 4736 
3 4736 4717 4735 
3 4736 4735 4737 
3 4737 4735 4738 
3 4737 4738 4739 
3 4739 4738 4740 
3 4739 4740 4730 
3 4730 4740 4721 
3 4730 4721 4741 
3 4741 4721 4742 
3 4741 4742 4743 
3 4743 4742 4722 
3 4743 4722 4744 
3 4744 4722 4724 
3 4744 4724 4745 
3 4745 4724 4818 
3 4745 4818 4726 
3 4746 4747 4654 
3 4654 4747 4588 
3 4654 4588 4748 
3 4748 4588 4823 
3 4748 4823 4761 
3 4761 4823 4749 
3 4761 4749 4821 
3 4750 4642 4716 
3 4716 4642 4751 
3 4716 4751 4718 
3 4718 4751 4752 
3 4718 4752 4753 
3 4753 4752 4754 
3 4753 4754 4719 
3 4719 4754 4755 
3 4719 4755 4757 
3 4757 4755 4756 
3 4757 4756 4720 
3 4720 4756 4758 
3 4720 4758 4759 
3 4759 4758 4647 
3 4759 4647 4760 
3 4760 4647 4761 
3 4760 4761 4723 
3 4723 4761 4821 
3 4723 4821 4725 
3 4577 4576 4762 
3 4762 4576 4574 
3 4762 4574 4572 
3 4577 4762 4634 
3 4634 4762 4727 
3 4634 4727 4636 
3 4636 4727 4763 
3 4636 4763 4764 
3 4764 4763 4728 
3 4764 4728 4638 
3 4638 4728 4729 
3 4638 4729 4765 
3 4765 4729 4731 
3 4765 4731 4639 
3 4639 4731 4766 
3 4639 4766 4641 
3 4641 4766 4732 
3 4641 4732 4767 
3 4767 4732 4733 
3 4767 4733 4768 
3 4768 4733 4769 
3 4768 4769 4770 
3 4836 4835 4811 
3 4802 4866 4888 
3 6060 6059 4867 
3 6056 6057 4809 
3 4039 4771 4849 
3 4772 4900 4898 
3 4773 4032 4933 
3 4026 4023 4963 
3 4774 4964 4950 
3 4964 6070 4807 
3 4774 4950 4967 
3 4950 4775 4967 
3 4967 4775 4776 
3 4967 4776 4777 
3 4780 4778 4951 
3 4951 4778 4973 
3 4951 4973 4776 
3 4776 4973 4779 
3 4776 4779 4777 
3 4951 4952 4780 
3 4780 4952 4954 
3 4780 4954 4781 
3 4781 4954 4786 
3 4781 4786 4782 
3 4788 4985 4783 
3 4783 4985 4784 
3 4783 4784 4957 
3 4957 4784 4785 
3 4957 4785 4956 
3 4956 4785 4982 
3 4956 4982 4786 
3 4786 4982 4787 
3 4786 4787 4782 
3 4788 4783 4789 
3 4789 4783 4790 
3 4789 4790 4791 
3 4791 4790 4960 
3 4791 4960 4792 
3 4792 4960 4794 
3 4792 4794 4991 
3 4797 4793 4794 
3 4794 4793 4795 
3 4794 4795 4991 
3 4022 4796 4797 
3 4797 4796 4798 
3 4797 4798 4793 
3 4793 4798 4799 
3 4793 4799 4418 
3 4026 4963 4948 
3 4029 4027 4932 
3 4773 4933 4031 
3 4899 4030 4897 
3 4772 4898 4035 
3 4865 4800 4885 
3 4039 4849 4038 
3 6056 4809 4801 
3 4802 4888 4886 
3 4803 6063 4887 
3 4804 4901 4902 
3 4935 6062 4936 
3 4805 4806 4934 
3 4934 4806 6061 
3 4964 4807 4950 
3 4950 4807 4808 
3 4950 4808 4949 
3 6057 6068 4809 
3 4809 6068 4810 
3 4809 4810 4835 
3 4835 4810 4687 
3 4835 4687 4811 
3 4811 4812 4836 
3 4836 4812 4813 
3 4836 4813 4837 
3 4837 4813 4814 
3 4837 4814 4815 
3 4815 4814 4714 
3 4815 4714 4840 
3 4844 4833 4816 
3 4816 4833 4817 
3 4816 4817 4845 
3 4845 4817 4818 
3 4845 4818 4819 
3 4818 4820 4819 
3 4819 4820 4821 
3 4819 4821 4847 
3 4847 4821 4822 
3 4847 4822 4848 
3 4848 4822 4823 
3 4848 4823 4824 
3 4824 4823 4825 
3 4824 4825 4827 
3 4827 4825 4826 
3 4827 4826 4036 
3 4714 4828 4840 
3 4840 4828 4829 
3 4840 4829 4830 
3 4830 4829 4831 
3 4830 4831 4842 
3 4842 4831 4770 
3 4842 4770 4844 
3 4844 4770 4832 
3 4844 4832 4833 
3 4850 4801 4851 
3 4851 4801 4809 
3 4851 4809 4852 
3 4852 4809 4835 
3 4852 4835 4834 
3 4834 4835 4836 
3 4834 4836 4853 
3 4853 4836 4837 
3 4853 4837 4838 
3 4838 4837 4815 
3 4838 4815 4856 
3 4856 4815 4840 
3 4856 4840 4839 
3 4839 4840 4830 
3 4839 4830 4841 
3 4841 4830 4842 
3 4841 4842 4843 
3 4843 4842 4844 
3 4843 4844 4858 
3 4858 4844 4816 
3 4858 4816 4860 
3 4860 4816 4845 
3 4860 4845 4862 
3 4862 4845 4819 
3 4862 4819 4846 
3 4846 4819 4847 
3 4846 4847 4864 
3 4864 4847 4848 
3 4864 4848 4849 
3 4849 4848 4824 
3 4849 4824 4038 
3 4038 4824 4827 
3 6059 4850 4867 
3 4867 4850 4851 
3 4867 4851 4869 
3 4869 4851 4852 
3 4869 4852 4870 
3 4870 4852 4834 
3 4870 4834 4871 
3 4871 4834 4853 
3 4871 4853 4854 
3 4854 4853 4838 
3 4854 4838 4855 
3 4855 4838 4856 
3 4855 4856 4874 
3 4874 4856 4839 
3 4874 4839 4876 
3 4876 4839 4841 
3 4876 4841 4879 
3 4879 4841 4843 
3 4879 4843 4857 
3 4857 4843 4858 
3 4857 4858 4859 
3 4859 4858 4860 
3 4859 4860 4861 
3 4861 4860 4862 
3 4861 4862 4883 
3 4883 4862 4846 
3 4883 4846 4863 
3 4863 4846 4864 
3 4863 4864 4885 
3 4885 4864 4849 
3 4885 4849 4865 
3 4865 4849 4771 
3 4866 6060 4888 
3 4888 6060 4867 
3 4888 4867 4868 
3 4868 4867 4869 
3 4868 4869 4891 
3 4891 4869 4870 
3 4891 4870 4892 
3 4892 4870 4871 
3 4892 4871 4872 
3 4872 4871 4854 
3 4872 4854 4894 
3 4894 4854 4855 
3 4894 4855 4873 
3 4873 4855 4874 
3 4873 4874 4875 
3 4875 4874 4876 
3 4875 4876 4877 
3 4877 4876 4879 
3 4877 4879 4878 
3 4878 4879 4857 
3 4878 4857 4880 
3 4880 4857 4859 
3 4880 4859 4881 
3 4881 4859 4861 
3 4881 4861 4882 
3 4882 4861 4883 
3 4882 4883 4884 
3 4884 4883 4863 
3 4884 4863 4898 
3 4898 4863 4885 
3 4898 4885 4035 
3 4035 4885 4800 
3 6063 4886 4887 
3 4887 4886 4888 
3 4887 4888 4889 
3 4889 4888 4868 
3 4889 4868 4904 
3 4904 4868 4891 
3 4904 4891 4890 
3 4890 4891 4892 
3 4890 4892 4907 
3 4907 4892 4872 
3 4907 4872 4893 
3 4893 4872 4894 
3 4893 4894 4909 
3 4909 4894 4873 
3 4909 4873 4910 
3 4910 4873 4875 
3 4910 4875 4895 
3 4895 4875 4877 
3 4895 4877 4896 
3 4896 4877 4878 
3 4896 4878 4913 
3 4913 4878 4880 
3 4913 4880 4914 
3 4914 4880 4881 
3 4914 4881 4915 
3 4915 4881 4882 
3 4915 4882 4917 
3 4917 4882 4884 
3 4917 4884 4897 
3 4897 4884 4898 
3 4897 4898 4899 
3 4899 4898 4900 
3 4901 4803 4902 
3 4902 4803 4887 
3 4902 4887 4918 
3 4918 4887 4889 
3 4918 4889 4903 
3 4903 4889 4904 
3 4903 4904 4905 
3 4905 4904 4890 
3 4905 4890 4906 
3 4906 4890 4907 
3 4906 4907 4920 
3 4920 4907 4893 
3 4920 4893 4908 
3 4908 4893 4909 
3 4908 4909 4922 
3 4922 4909 4910 
3 4922 4910 4925 
3 4925 4910 4895 
3 4925 4895 4911 
3 4911 4895 4896 
3 4911 4896 4912 
3 4912 4896 4913 
3 4912 4913 4929 
3 4929 4913 4914 
3 4929 4914 4930 
3 4930 4914 4915 
3 4930 4915 4916 
3 4916 4915 4917 
3 4916 4917 4933 
3 4933 4917 4897 
3 4933 4897 4031 
3 4031 4897 4030 
3 6062 4804 4936 
3 4936 4804 4902 
3 4936 4902 4937 
3 4937 4902 4918 
3 4937 4918 4939 
3 4939 4918 4903 
3 4939 4903 4940 
3 4940 4903 4905 
3 4940 4905 4919 
3 4919 4905 4906 
3 4919 4906 4943 
3 4943 4906 4920 
3 4943 4920 4921 
3 4921 4920 4908 
3 4921 4908 4923 
3 4923 4908 4922 
3 4923 4922 4924 
3 4924 4922 4925 
3 4924 4925 4926 
3 4926 4925 4911 
3 4926 4911 4927 
3 4927 4911 4912 
3 4927 4912 4928 
3 4928 4912 4929 
3 4928 4929 4947 
3 4947 4929 4930 
3 4947 4930 4931 
3 4931 4930 4916 
3 4931 4916 4932 
3 4932 4916 4933 
3 4932 4933 4029 
3 4029 4933 4032 
3 6061 4935 4934 
3 4934 4935 4936 
3 4934 4936 4805 
3 4805 4936 4937 
3 4805 4937 4938 
3 4938 4937 4939 
3 4938 4939 4941 
3 4941 4939 4940 
3 4941 4940 4942 
3 4942 4940 4919 
3 4942 4919 4953 
3 4953 4919 4943 
3 4953 4943 4944 
3 4944 4943 4921 
3 4944 4921 4955 
3 4955 4921 4923 
3 4955 4923 4945 
3 4945 4923 4924 
3 4945 4924 4946 
3 4946 4924 4926 
3 4946 4926 4958 
3 4958 4926 4927 
3 4958 4927 4959 
3 4959 4927 4928 
3 4959 4928 4961 
3 4961 4928 4947 
3 4961 4947 4962 
3 4962 4947 4931 
3 4962 4931 4963 
3 4963 4931 4932 
3 4963 4932 4948 
3 4948 4932 4027 
3 4949 4806 4950 
3 4950 4806 4805 
3 4950 4805 4775 
3 4775 4805 4938 
3 4775 4938 4776 
3 4776 4938 4941 
3 4776 4941 4951 
3 4951 4941 4942 
3 4951 4942 4952 
3 4952 4942 4953 
3 4952 4953 4954 
3 4954 4953 4944 
3 4954 4944 4786 
3 4786 4944 4955 
3 4786 4955 4956 
3 4956 4955 4945 
3 4956 4945 4957 
3 4957 4945 4946 
3 4957 4946 4783 
3 4783 4946 4958 
3 4783 4958 4790 
3 4790 4958 4959 
3 4790 4959 4960 
3 4960 4959 4961 
3 4960 4961 4794 
3 4794 4961 4962 
3 4794 4962 4797 
3 4797 4962 4963 
3 4797 4963 4022 
3 4022 4963 4023 
3 4965 5932 6070 
3 6070 4964 4965 
3 4965 4964 4966 
3 4965 4966 4968 
3 4968 4966 4967 
3 4968 4967 4969 
3 4967 4777 4969 
3 4969 4777 4972 
3 4969 4972 4970 
3 4970 4972 4971 
3 4972 4973 4971 
3 4971 4973 4974 
3 4971 4974 4975 
3 4975 4974 4780 
3 4975 4780 4976 
3 4976 4780 4977 
3 4976 4977 5938 
3 4978 5940 4979 
3 5938 4977 4979 
3 4979 4977 4782 
3 4979 4782 4978 
3 4987 4980 4981 
3 5940 4978 5941 
3 5941 4978 4982 
3 5941 4982 4984 
3 4984 4982 4983 
3 4984 4983 5927 
3 5927 4983 4784 
3 5927 4784 4981 
3 4981 4784 4985 
3 4981 4985 4987 
3 4989 5931 4986 
3 4980 4987 4986 
3 4986 4987 4789 
3 4986 4789 4989 
3 4988 5925 4990 
3 5931 4989 5923 
3 5923 4989 4792 
3 5923 4792 4990 
3 4990 4792 4991 
3 4990 4991 4988 
3 4418 5944 4992 
3 5925 4988 4992 
3 4992 4988 4793 
3 4992 4793 4418 
3 3212 4994 4993 
3 4993 4994 4995 
3 4993 4995 4999 
3 3193 3181 4996 
3 4996 3181 3152 
3 4996 3152 4997 
3 4997 3152 4993 
3 4997 4993 4998 
3 4998 4993 4999 
3 3358 5000 5001 
3 5001 5000 5002 
3 5001 5002 3434 
3 3434 5002 3313 
3 5003 3223 3298 
3 3298 3223 5006 
3 3269 3264 3275 
3 3275 3264 3224 
3 3275 3224 5004 
3 5004 3224 3223 
3 5004 3223 5005 
3 5005 3223 5003 
3 5007 5008 3313 
3 3313 5008 3430 
3 3313 3430 3434 
3 5006 3223 3299 
3 3299 3223 3221 
3 3299 3221 5036 
3 5182 3406 5007 
3 5007 3406 3405 
3 5007 3405 5008 
3 5125 3140 5012 
3 5009 3100 3134 
3 3134 3100 5010 
3 3134 5010 5011 
3 5011 5010 3052 
3 5011 3052 3135 
3 5012 5013 5125 
3 5125 5013 3138 
3 5125 3138 5095 
3 3476 5015 5014 
3 5014 5015 3574 
3 3148 3146 5024 
3 5024 3143 5125 
3 5125 3143 3141 
3 5125 3141 3140 
3 3103 3101 3054 
3 3054 3101 5034 
3 3054 5034 5016 
3 3351 5017 5018 
3 5018 5017 3360 
3 5018 3360 5020 
3 5020 3360 5019 
3 5020 5019 3447 
3 3308 3307 5024 
3 5024 3307 5021 
3 3146 3145 5024 
3 5024 3145 3144 
3 5024 3144 3143 
3 3267 3276 5022 
3 5022 3276 5023 
3 5022 5023 5143 
3 5007 3312 5182 
3 5182 3312 3310 
3 5182 3310 5024 
3 5024 3310 5025 
3 5024 5025 3308 
3 3217 3216 5024 
3 5031 5026 5024 
3 5024 5026 3212 
3 3166 3062 5035 
3 3185 5027 5028 
3 5028 5027 5053 
3 5028 5053 3153 
3 5021 5029 5024 
3 5024 5029 3301 
3 5024 3301 5036 
3 3216 3214 5024 
3 5024 3214 5030 
3 5024 5030 5031 
3 4993 5032 3212 
3 3212 5032 3150 
3 3212 3150 5024 
3 5024 3150 5033 
3 5024 5033 3148 
3 3166 5035 5034 
3 5034 5035 3060 
3 5034 3060 3059 
3 3221 5037 5036 
3 5036 5037 5038 
3 5036 5038 5024 
3 5024 5038 3218 
3 5024 3218 3217 
3 3059 5039 5034 
3 5034 5039 5040 
3 5034 5040 5016 
3 5174 3437 3573 
3 3573 3437 5041 
3 3573 5041 5042 
3 5042 5043 3573 
3 3573 5043 5044 
3 3573 5044 3574 
3 3574 5044 5045 
3 3574 5045 5014 
3 3643 3559 5046 
3 5046 3556 3643 
3 3643 3556 3555 
3 3643 3555 5047 
3 2752 2750 5125 
3 5089 5074 2744 
3 2744 5074 5125 
3 2744 5125 5052 
3 5048 3599 3591 
3 3591 3599 5049 
3 3591 5049 5050 
3 5050 5049 3643 
3 5050 3643 3554 
3 3554 3643 5047 
3 2750 5051 5125 
3 5125 5051 2748 
3 5125 2748 5052 
3 5053 3243 3153 
3 3153 3243 5054 
3 3153 5054 3154 
3 5063 5055 2716 
3 2716 5055 5057 
3 2716 5057 5056 
3 5056 5057 2715 
3 2840 5058 2760 
3 2760 5058 2837 
3 2760 2837 5073 
3 5062 2845 5059 
3 5059 2845 2844 
3 5059 2844 2760 
3 2760 2844 2842 
3 2760 2842 2840 
3 2968 5060 5161 
3 5061 2847 2756 
3 2756 2847 5062 
3 2756 5062 2758 
3 2758 5062 5059 
3 2785 5089 5063 
3 5063 5089 2742 
3 5063 2742 5055 
3 5064 2866 5074 
3 2806 5065 5066 
3 5066 5065 2815 
3 5066 2815 5067 
3 5067 2815 5068 
3 5067 5068 2765 
3 5069 5071 5070 
3 5070 5071 5072 
3 5070 5072 5073 
3 5073 5072 2762 
3 5073 2762 2760 
3 2772 2770 5074 
3 5074 2770 5075 
3 5074 5075 2768 
3 3166 5076 3062 
3 3062 5076 5077 
3 3062 5077 5129 
3 3002 3007 2966 
3 2966 3007 5078 
3 2966 5078 2967 
3 3650 4496 5161 
3 5078 5079 2967 
3 2967 5079 3076 
3 2967 3076 5080 
3 5080 3076 5060 
3 3135 3052 5095 
3 5095 3052 3051 
3 5095 3051 5094 
3 3040 3038 5125 
3 5125 3038 3037 
3 5125 3037 5132 
3 2872 2870 5074 
3 5074 2870 2868 
3 5074 2868 5064 
3 2863 2862 5120 
3 5120 2862 2860 
3 5128 2970 5074 
3 5074 2970 5081 
3 5074 5081 5161 
3 5161 5081 5082 
3 5161 5082 2968 
3 3076 3075 5060 
3 5060 3075 5083 
3 5060 5083 3072 
3 3156 5084 5161 
3 5161 5084 5085 
3 5161 5085 5134 
3 5086 5087 5125 
3 5125 5087 5088 
3 5125 5088 3040 
3 5152 5110 5125 
3 2785 5090 5089 
3 5089 5090 2781 
3 5089 2781 5097 
3 2765 5068 5091 
3 5091 5068 2882 
3 5091 2882 2768 
3 2768 2882 2880 
3 2768 2880 2878 
3 5102 5092 5120 
3 5120 5092 5093 
3 5120 5093 2863 
3 5094 3048 5095 
3 5095 3048 5096 
3 5095 5096 3046 
3 5097 5098 5089 
3 5089 5098 5099 
3 5089 5099 5074 
3 5074 5099 2777 
3 5074 2777 5100 
3 2878 2876 2768 
3 2768 2876 2874 
3 2768 2874 5074 
3 5074 2874 5101 
3 5074 5101 2872 
3 5120 2981 5102 
3 5102 2981 2979 
3 5102 2979 2866 
3 2866 2979 5103 
3 2866 5103 5074 
3 5156 5104 5161 
3 5161 5104 3157 
3 5161 3157 3156 
3 5138 5105 5161 
3 5161 5105 5106 
3 5161 5106 5162 
3 3046 3045 5095 
3 5095 3045 5107 
3 5095 5107 5125 
3 5125 5107 5108 
3 5125 5108 5086 
3 5141 2963 5109 
3 5109 2963 2961 
3 5109 2961 5132 
3 5110 5111 5125 
3 5125 5111 5112 
3 5125 5112 5113 
3 2855 5113 5114 
3 5114 5113 5115 
3 5061 5116 2847 
3 2847 5116 2755 
3 2847 2755 5125 
3 5125 2755 2753 
3 5125 2753 2752 
3 5100 5117 5074 
3 5074 5117 2775 
3 5074 2775 2772 
3 2916 5118 2858 
3 2858 5118 5119 
3 2858 5119 2860 
3 2860 5119 2983 
3 2860 2983 5120 
3 5103 2978 5074 
3 5074 2978 2976 
3 5074 2976 2975 
3 3068 5161 3069 
3 3069 5161 5060 
3 3069 5060 3070 
3 3070 5060 3072 
3 5136 3232 5161 
3 5161 3232 5130 
3 3228 3227 5161 
3 5161 3227 5121 
3 5161 5121 5158 
3 3323 5122 5161 
3 5115 2948 5114 
3 5114 2948 5123 
3 5114 5123 5155 
3 2855 2854 5113 
3 5113 2854 2852 
3 5113 2852 5124 
3 5124 2851 5113 
3 5113 2851 2849 
3 5113 2849 5125 
3 5125 2849 5126 
3 5125 5126 2847 
3 2975 2973 5074 
3 5074 2973 5127 
3 5074 5127 5128 
3 5077 3164 5129 
3 5129 3164 3163 
3 5129 3163 5157 
3 5130 5131 5161 
3 5161 5131 3230 
3 5161 3230 3228 
3 2961 2959 5132 
3 5132 2959 2957 
3 5132 2957 2956 
3 3163 3162 5157 
3 5157 3162 3161 
3 5157 3161 3160 
3 3154 5054 5133 
3 5133 5054 3240 
3 5133 3240 5134 
3 5134 3240 5135 
3 5134 5135 3239 
3 3239 3238 5134 
3 5134 3238 3236 
3 5134 3236 5161 
3 5161 3236 3234 
3 5161 3234 5136 
3 5122 3320 5161 
3 5161 3320 5137 
3 5161 5137 5138 
3 5172 5139 5161 
3 5161 5139 3649 
3 5161 3649 3650 
3 3010 5140 3011 
3 3011 5140 3000 
3 3011 3000 5141 
3 5141 3000 5142 
3 5141 5142 2963 
3 5023 3329 5143 
3 5143 3329 5144 
3 5143 5144 5158 
3 5158 5144 3328 
3 5158 3328 5145 
3 3446 5162 5146 
3 5146 5162 3316 
3 5146 3316 3447 
3 3447 3316 5147 
3 3447 5147 5020 
3 5148 5149 5161 
3 5161 5149 5150 
3 5161 5150 5173 
3 2956 2954 5132 
3 5132 2954 5151 
3 5132 5151 5125 
3 5125 5151 2951 
3 5125 2951 5152 
3 2923 2922 5153 
3 5153 2922 2914 
3 5153 2914 5155 
3 5155 2914 5154 
3 5155 5154 5114 
3 3068 3067 5161 
3 5161 3067 5157 
3 5161 5157 5156 
3 5156 5157 3160 
3 5145 5159 5158 
3 5158 5159 5160 
3 5158 5160 5161 
3 5161 5160 3325 
3 5161 3325 3323 
3 3446 3444 5162 
3 5162 3444 3442 
3 5162 3442 5161 
3 5161 3442 3440 
3 5161 3440 5148 
3 3643 5163 3559 
3 3559 5163 5166 
3 3559 5166 5167 
3 5164 5165 5161 
3 5161 5165 3563 
3 5161 3563 3562 
3 5166 5168 5167 
3 5167 5168 5169 
3 5167 5169 3562 
3 3562 5169 5170 
3 3562 5170 5161 
3 5161 5170 5171 
3 5161 5171 5172 
3 5164 5161 3565 
3 3565 5161 5173 
3 3565 5173 3567 
3 3573 3572 5174 
3 5174 3572 3569 
3 5174 3569 5173 
3 5173 3569 3568 
3 5173 3568 3567 
3 3500 5175 3594 
3 3630 5176 5213 
3 3633 5204 6100 
3 5210 3602 3597 
3 3539 3538 5190 
3 5177 3483 5185 
3 5178 3419 5180 
3 5180 3419 3418 
3 3418 3417 5180 
3 5180 3417 5179 
3 5180 5179 5024 
3 5024 5179 3415 
3 3415 3414 5024 
3 5024 3414 3412 
3 5024 3412 5181 
3 5181 3409 5024 
3 5024 3409 3408 
3 5024 3408 5182 
3 5185 5183 3473 
3 3473 5184 5185 
3 5185 5184 5186 
3 5185 5186 5195 
3 5195 5186 3424 
3 3424 3425 5195 
3 5195 3425 5187 
3 5195 5187 5188 
3 5188 3427 5195 
3 5195 3427 3422 
3 5195 3422 5180 
3 5180 3422 5189 
3 5180 5189 5178 
3 5190 3538 5195 
3 3538 3536 5195 
3 5195 3536 5191 
3 5195 5191 3551 
3 5194 3547 5195 
3 5195 3547 5192 
3 5195 5192 3545 
3 3551 3550 5195 
3 5195 3550 5193 
3 5195 5193 5194 
3 3545 3543 5195 
3 5195 3543 3542 
3 5195 3542 5185 
3 5185 3542 3540 
3 5185 3540 5177 
3 3533 5196 5202 
3 5202 5196 3534 
3 5202 3534 5190 
3 5190 3534 5197 
3 5190 5197 3539 
3 3597 3596 3522 
3 3522 3523 3597 
3 3597 3523 5198 
3 3597 5198 5201 
3 5201 5198 3525 
3 5201 3525 3526 
3 3526 3527 5201 
3 5201 3527 3528 
3 5201 3528 3529 
3 3529 5199 5201 
3 5201 5199 5200 
3 5201 5200 5202 
3 5202 5200 5203 
3 5202 5203 3533 
3 6100 5204 5205 
3 5205 5204 3635 
3 5205 3635 5201 
3 5201 3635 5206 
3 5201 5206 5207 
3 5207 5208 5201 
3 5201 5208 5209 
3 5201 5209 3597 
3 3597 5209 3640 
3 3597 3640 5210 
3 5213 5176 6102 
3 6102 5176 5211 
3 6102 5211 6100 
3 6100 5211 5212 
3 6100 5212 3633 
3 3630 5213 3629 
3 3629 5213 6104 
3 3629 6104 5214 
3 5214 6104 6106 
3 5214 6106 3626 
3 3626 6106 6107 
3 3626 6107 3616 
3 3616 6107 6109 
3 3616 6109 5215 
3 5215 6109 6111 
3 5215 6111 3618 
3 3618 6111 5216 
3 3618 5216 5217 
3 5217 5216 6097 
3 5217 6097 3620 
3 3620 6097 6098 
3 3620 6098 5221 
3 5218 3623 5220 
3 5220 3623 5219 
3 5220 5219 5223 
3 5221 6098 5223 
3 5223 6098 5222 
3 5223 5222 5220 
3 3595 5224 3594 
3 3594 5224 3625 
3 3594 3625 6085 
3 6085 3625 5225 
3 6085 5225 5226 
3 5226 5227 6085 
3 6085 5227 3624 
3 6085 3624 5228 
3 5218 5220 5228 
3 5228 5220 6112 
3 5228 6112 6085 
3 5229 3494 6085 
3 3501 3491 6085 
3 6085 3491 3492 
3 6085 3492 5229 
3 3494 3496 6085 
3 6085 3496 3497 
3 6085 3497 3594 
3 3594 3497 3498 
3 3594 3498 3500 
3 5241 3509 5230 
3 3506 3504 5231 
3 5231 3504 3503 
3 5231 3503 6085 
3 6085 3503 5232 
3 6085 5232 3501 
3 5241 5230 5231 
3 5231 5230 5233 
3 5231 5233 3506 
3 5234 5235 5246 
3 3478 3482 5244 
3 5244 3482 3520 
3 5244 3520 5246 
3 5246 3520 3518 
3 5246 3518 5234 
3 5235 3516 5246 
3 5246 3516 5236 
3 5246 5236 5237 
3 5237 3514 5246 
3 5246 3514 5238 
3 5246 5238 3512 
3 3512 5239 5246 
3 5246 5239 5240 
3 5246 5240 5241 
3 5241 5240 3511 
3 5241 3511 3509 
3 3378 5246 3380 
3 3380 5246 5248 
3 3380 5248 5242 
3 3378 5243 5246 
3 5246 5243 3375 
3 5246 3375 3367 
3 3372 5244 3370 
3 3370 5244 5246 
3 3370 5246 5245 
3 5245 5246 3367 
3 3372 5247 5244 
3 5244 5247 3472 
3 5244 3472 3471 
3 6092 3393 3392 
3 3392 3390 6092 
3 6092 3390 3389 
3 6092 3389 3387 
3 3387 3386 6092 
3 6092 3386 5249 
3 6092 5249 5248 
3 5248 5249 5250 
3 5248 5250 3385 
3 3385 3382 5248 
3 5248 3382 3381 
3 5248 3381 5242 
3 3486 5251 3488 
3 3488 5251 5252 
3 3488 5252 5257 
3 5257 5252 3450 
3 3198 3200 5268 
3 5253 5254 3350 
3 3350 5254 3401 
3 3350 3401 3294 
3 3450 5255 5257 
3 5257 5255 5256 
3 5257 5256 5353 
3 5258 5259 3263 
3 3263 5259 3273 
3 3263 3273 5260 
3 5268 3200 3127 
3 3393 6092 5261 
3 5261 6092 5309 
3 5261 5309 5280 
3 5313 2994 5297 
3 5297 2994 5262 
3 5297 5262 5263 
3 5287 3580 5300 
3 5264 5265 5276 
3 5266 5267 5268 
3 5268 5267 5269 
3 5268 5269 3198 
3 5270 5271 2985 
3 2985 5271 5272 
3 5286 3091 5273 
3 5273 3091 5274 
3 5273 5274 3009 
3 3009 5274 5275 
3 5403 2988 5290 
3 5290 2988 5277 
3 5290 5277 5276 
3 5276 5277 5278 
3 5276 5278 5264 
3 5305 5309 3112 
3 3112 5309 5279 
3 5311 3290 5280 
3 3290 5281 5280 
3 5280 5281 3292 
3 5280 3292 5282 
3 3180 5283 5284 
3 5284 5283 3191 
3 5284 3191 3130 
3 3130 3191 5291 
3 5272 5285 2985 
3 2985 5285 3088 
3 2985 3088 5286 
3 5286 3088 3089 
3 5286 3089 3091 
3 5290 5299 5287 
3 3583 5288 5290 
3 5290 5288 5289 
3 5290 5289 3585 
3 5276 2890 5319 
3 3191 5292 5291 
3 5291 5292 3195 
3 5291 3195 5268 
3 5268 3195 3196 
3 5268 3196 5266 
3 5293 2917 5294 
3 5294 2917 5295 
3 5294 5295 2999 
3 2999 5295 2884 
3 2999 2884 5296 
3 5296 2884 5297 
3 5296 5297 2997 
3 2997 5297 5263 
3 3675 5298 5290 
3 5290 5298 3674 
3 5290 3674 5299 
3 5287 5300 5290 
3 5290 5300 5301 
3 5290 5301 3583 
3 5265 2991 5276 
3 5276 2991 5302 
3 5276 5302 5313 
3 5303 2906 5304 
3 5304 2906 2907 
3 5304 2907 2789 
3 5276 5304 5309 
3 5309 5304 2791 
3 5309 2791 2792 
3 2792 2795 5309 
3 5309 2795 2796 
3 5309 2796 2797 
3 5305 5306 5309 
3 5309 5306 3115 
3 5309 3115 3116 
3 5337 3284 5309 
3 5309 3284 5307 
3 5307 5308 5309 
3 5309 5308 5310 
3 5309 5310 5280 
3 5280 5310 3288 
3 5280 3288 5311 
3 3401 3402 3294 
3 3294 3402 5312 
3 3294 5312 5282 
3 5282 5312 3398 
3 5282 3398 5280 
3 5297 2885 5313 
3 5313 2885 5314 
3 5313 5314 5276 
3 5276 5314 2888 
3 5276 2888 2890 
3 2811 2807 2911 
3 2911 2807 5315 
3 2911 5315 2909 
3 2909 5315 2787 
3 2909 2787 2907 
3 2907 2787 5316 
3 2907 5316 2789 
3 5334 5317 5333 
3 5333 5317 5318 
3 5333 5318 2712 
3 5319 2893 5276 
3 5276 2893 2895 
3 5276 2895 2897 
3 2897 2898 5276 
3 5276 2898 2902 
3 5276 2902 5304 
3 5304 2902 2903 
3 5304 2903 5303 
3 2729 5373 5374 
3 5328 5320 3592 
3 3592 5320 3667 
3 3592 3667 5321 
3 5321 3667 5322 
3 3580 5287 3579 
3 3579 5287 5324 
3 3579 5324 5323 
3 5323 5324 5325 
3 5323 5325 3669 
3 3669 5326 5323 
3 5323 5326 5327 
3 5323 5327 5328 
3 5328 5327 3668 
3 5328 3668 5320 
3 2725 2727 5329 
3 5329 2727 2729 
3 5329 2729 2802 
3 2802 2729 5374 
3 5330 5331 5329 
3 5329 5331 2724 
3 5329 2724 2725 
3 5332 5335 5309 
3 5332 3122 3200 
3 3200 3122 3125 
3 3200 3125 3127 
3 5333 2714 5334 
3 5334 2714 2719 
3 5334 2719 5329 
3 5329 2719 2720 
3 5329 2720 5330 
3 5335 5338 5309 
3 5309 5338 5336 
3 5309 5336 5337 
3 5335 3202 5338 
3 5338 3202 3203 
3 5338 3203 5342 
3 3116 3117 5309 
3 5309 3117 3119 
3 5309 3119 5332 
3 5332 3119 3120 
3 5332 3120 3122 
3 3273 5339 5260 
3 5260 5339 5340 
3 5260 5340 3206 
3 3206 5340 3281 
3 3206 3281 3205 
3 3205 3281 5338 
3 3205 5338 5341 
3 5341 5338 5342 
3 3353 3355 3364 
3 3364 3355 5343 
3 3364 5343 5344 
3 5344 5343 3330 
3 5344 3330 5356 
3 3454 3455 5345 
3 5345 3455 3457 
3 5345 3457 3458 
3 5348 5350 5346 
3 5346 5350 3034 
3 5346 3034 3098 
3 3098 3034 3095 
3 3028 3030 3111 
3 3111 3030 5347 
3 3111 5347 5348 
3 5348 5347 5349 
3 5348 5349 5350 
3 3277 3271 5351 
3 5351 3271 5352 
3 5351 5352 3347 
3 3347 5352 5392 
3 3347 5392 3344 
3 5353 5256 5345 
3 5345 5256 5354 
3 5345 5354 3454 
3 5373 2730 5309 
3 5355 3330 3464 
3 3464 3330 5424 
3 5355 3467 3330 
3 3330 3467 3469 
3 3330 3469 5356 
3 5393 3341 5392 
3 5392 3341 3342 
3 5392 3342 3344 
3 3189 5357 5359 
3 5359 5357 5358 
3 5359 5358 3262 
3 3262 5358 5420 
3 3262 5420 5368 
3 5360 5412 5309 
3 3016 5361 5309 
3 5309 5361 5362 
3 5309 5362 5363 
3 5363 5364 5309 
3 5309 5364 3018 
3 5309 3018 3020 
3 3020 3021 5309 
3 5309 3021 3022 
3 5309 3022 5279 
3 5279 3022 5365 
3 5279 5365 3111 
3 3111 5365 3025 
3 3111 3025 3028 
3 3258 5366 5420 
3 5420 5366 5367 
3 5420 5367 5368 
3 5396 3175 5394 
3 3108 5369 3179 
3 3179 5369 5370 
3 3179 5370 5371 
3 5371 5370 5394 
3 3080 5399 5290 
3 2797 2798 5309 
3 5309 2798 5372 
3 5309 5372 5373 
3 5373 5372 2801 
3 5373 2801 5374 
3 2734 5375 2819 
3 2819 5375 5376 
3 2819 5376 5411 
3 2819 5377 5309 
3 5309 5377 2820 
3 5388 5378 5390 
3 5433 2930 5309 
3 5309 2930 5379 
3 5309 5379 2933 
3 2933 2934 5309 
3 5309 2934 5380 
3 5309 5380 5381 
3 3175 5382 5394 
3 5394 5382 3177 
3 5394 3177 5371 
3 5290 5436 5383 
3 2820 2822 5309 
3 5309 2822 2823 
3 5309 2823 5360 
3 3004 5385 5384 
3 5384 5385 3014 
3 5384 3014 5386 
3 5386 3014 3015 
3 5386 3015 5387 
3 5387 3015 5388 
3 5387 5388 5389 
3 5389 5388 5390 
3 5381 2937 5309 
3 5309 2937 5391 
3 5309 5391 3016 
3 3016 5391 2939 
3 3016 2939 5388 
3 5388 2939 2940 
3 5388 2940 5378 
3 3245 3337 5392 
3 5392 3337 3338 
3 5392 3338 5393 
3 5440 3172 5394 
3 5394 3172 5395 
3 5394 5395 5396 
3 5397 5398 5290 
3 5290 5398 3079 
3 5290 3079 3080 
3 5399 5400 5290 
3 5290 5400 5401 
3 5290 5401 3084 
3 3084 5402 5290 
3 5290 5402 5270 
3 5290 5270 5403 
3 5403 5270 2985 
3 2730 2732 5309 
3 5309 2732 5404 
3 5309 5404 2819 
3 2819 5404 5405 
3 2819 5405 2734 
3 5406 2920 5407 
3 5407 2920 2924 
3 5407 2924 2833 
3 2833 2924 5408 
3 2833 5408 2831 
3 3246 5409 5290 
3 2803 5410 2739 
3 2739 5410 2813 
3 2739 2813 2738 
3 2738 2813 2816 
3 2738 2816 5411 
3 5411 2816 2817 
3 5411 2817 2819 
3 5412 5413 5309 
3 5309 5413 5414 
3 5309 5414 5433 
3 5433 5414 5421 
3 3585 5415 5290 
3 5290 5415 5416 
3 5290 5416 5417 
3 5290 5422 3461 
3 5409 3247 5290 
3 5290 3247 5418 
3 5290 5418 5428 
3 3167 3255 5420 
3 5420 3255 5419 
3 5420 5419 3258 
3 5421 2826 5433 
3 5433 2826 2827 
3 5433 2827 2829 
3 5422 5290 3459 
3 3459 5290 5417 
3 3459 5417 3458 
3 3458 5417 3587 
3 3458 3587 5345 
3 3330 5423 5424 
3 5424 5423 3332 
3 5424 3332 3461 
3 3461 3332 5425 
3 3461 5425 5290 
3 5290 5425 5426 
3 5290 5426 5427 
3 5290 5434 5441 
3 5428 5429 5290 
3 5290 5429 3251 
3 5290 3251 3252 
3 5383 5430 5290 
3 5290 5430 5431 
3 5290 5431 5437 
3 5408 5432 2831 
3 2831 5432 5433 
3 2831 5433 2830 
3 2830 5433 2829 
3 5427 3334 5290 
3 5290 3334 3335 
3 5290 3335 5434 
3 3252 5435 5290 
3 5290 5435 3255 
3 5290 3255 5436 
3 5436 3255 3167 
3 5437 5438 5290 
3 5290 5438 5439 
3 5290 5439 3169 
3 3169 3171 5290 
3 5290 3171 3172 
3 5290 3172 5397 
3 5397 3172 5440 
3 5441 5442 5290 
3 5290 5442 3337 
3 5290 3337 3246 
3 3246 3337 3245 
3 5443 5276 6090 
3 6090 5276 5309 
3 5454 5444 4231 
3 5465 5445 5453 
3 4227 6090 6091 
3 6091 5559 4227 
3 4227 5559 5556 
3 4227 5556 5446 
3 5446 5556 5555 
3 5446 5555 5447 
3 5447 5613 5446 
3 5446 5613 5448 
3 5446 5448 4229 
3 4229 5448 5611 
3 5611 5617 4229 
3 4229 5617 5449 
3 4229 5449 5450 
3 5450 5449 5616 
3 5450 5616 5614 
3 5614 5639 5450 
3 5450 5639 5451 
3 5450 5451 5453 
3 5453 5451 5452 
3 5453 5452 5465 
3 5454 4231 5745 
3 5445 5455 5453 
3 5453 5455 5719 
3 5453 5719 4230 
3 4230 5719 5456 
3 4230 5456 4231 
3 4231 5456 5457 
3 4231 5457 5745 
3 4115 4161 5471 
3 5471 4161 5460 
3 5471 5460 5470 
3 5470 5460 5820 
3 5444 5463 4231 
3 4231 5463 5458 
3 4231 5458 5459 
3 5459 5458 5461 
3 5459 5461 5460 
3 5460 5461 5462 
3 5460 5462 5820 
3 5458 5463 5773 
3 5444 5454 5464 
3 5465 5452 5667 
3 5451 5639 5640 
3 5617 5611 5618 
3 5613 5447 5612 
3 6500 5466 5743 
3 5637 5467 5666 
3 6491 5638 5569 
3 5468 5542 5544 
3 6489 6488 5520 
3 4286 5509 5508 
3 4324 5492 5499 
3 5469 4340 5481 
3 5472 4397 5470 
3 5470 4397 4403 
3 5470 4403 5471 
3 5471 4403 4115 
3 4384 4386 5821 
3 5821 4386 4395 
3 5821 4395 5472 
3 5472 4395 5473 
3 5472 5473 4397 
3 4360 5474 5475 
3 5475 5474 4381 
3 5475 4381 5821 
3 5821 4381 4382 
3 5821 4382 4384 
3 4360 5475 4361 
3 4361 5475 5478 
3 4361 5478 5476 
3 5477 5480 5478 
3 5478 5480 4359 
3 5478 4359 5476 
3 4342 4349 5482 
3 5482 4349 5479 
3 5482 5479 5477 
3 5477 5479 4358 
3 5477 4358 5480 
3 5481 4340 5482 
3 5482 4340 5483 
3 5482 5483 4342 
3 5487 5484 5481 
3 5481 5484 5485 
3 5481 5485 5469 
3 5486 4333 5488 
3 5488 4333 4327 
3 5488 4327 5487 
3 5487 4327 4339 
3 5487 4339 5484 
3 5486 5488 4330 
3 4330 5488 5829 
3 4330 5829 5489 
3 4325 5490 5831 
3 5831 5490 4326 
3 5831 4326 5829 
3 5829 4326 5491 
3 5829 5491 5489 
3 5499 5492 5494 
3 5492 5493 5494 
3 5494 5493 5495 
3 5494 5495 5831 
3 5831 5495 5496 
3 5831 5496 4325 
3 5500 4320 5833 
3 5833 4320 5497 
3 5833 5497 5499 
3 5499 5497 5498 
3 5499 5498 4324 
3 5500 5833 5501 
3 5501 5833 5835 
3 5501 5835 4318 
3 5502 4317 5503 
3 5503 4317 5504 
3 5503 5504 5835 
3 5835 5504 5505 
3 5835 5505 4318 
3 5502 5503 4315 
3 4315 5503 5837 
3 4315 5837 4314 
3 5839 4306 5837 
3 5837 4306 4307 
3 5837 4307 4314 
3 4303 4304 5510 
3 5510 4304 5506 
3 5510 5506 5839 
3 5839 5506 5507 
3 5839 5507 4306 
3 5508 5509 5510 
3 5510 5509 4302 
3 5510 4302 4303 
3 4280 5512 5511 
3 5511 5512 5842 
3 4280 4282 5512 
3 5512 4282 4284 
3 5512 4284 5508 
3 5508 4284 4289 
3 5508 4289 4286 
3 5513 4259 5843 
3 5843 4259 4276 
3 5843 4276 5842 
3 5842 4276 4279 
3 5842 4279 5511 
3 4250 5515 5514 
3 5514 5515 5844 
3 5514 5844 5516 
3 4250 4256 5515 
3 5515 4256 4258 
3 5515 4258 5843 
3 5843 4258 4262 
3 5843 4262 5513 
3 5844 5845 5517 
3 5518 4235 4242 
3 5516 5844 4242 
3 4242 5844 5517 
3 4242 5517 5518 
3 6486 6489 5519 
3 5519 6489 5520 
3 5519 5520 5525 
3 5525 5520 5523 
3 6079 6081 5526 
3 5526 6081 5521 
3 5526 5521 5522 
3 5522 5521 6082 
3 5522 6082 5523 
3 5523 6082 5524 
3 5523 5524 5525 
3 6079 5526 6080 
3 6080 5526 5528 
3 6080 5528 5527 
3 5527 5528 5529 
3 5527 5529 6078 
3 6078 5529 5595 
3 6078 5595 5530 
3 5530 5595 5531 
3 5530 5531 6099 
3 5532 6108 5533 
3 5533 6108 5535 
3 5533 5535 5534 
3 5534 5535 6105 
3 5534 6105 5598 
3 5598 6105 6103 
3 5598 6103 5536 
3 5536 6103 6101 
3 5536 6101 5531 
3 5531 6101 5537 
3 5531 5537 6099 
3 5532 5533 6110 
3 6110 5533 5538 
3 6110 5538 5539 
3 5539 5538 5540 
3 5539 5540 5541 
3 5541 5540 5602 
3 5541 5602 6095 
3 5544 5542 5602 
3 5602 5542 6096 
3 5602 6096 6095 
3 5468 5544 5543 
3 5543 5544 5545 
3 5543 5545 5546 
3 5546 5545 5548 
3 5546 5548 5547 
3 5547 5548 5606 
3 5547 5606 5549 
3 6088 6089 5550 
3 5550 6089 6084 
3 5550 6084 5551 
3 5551 6084 5552 
3 5551 5552 5553 
3 5553 5552 6083 
3 5553 6083 5607 
3 5607 6083 5554 
3 5607 5554 5606 
3 5606 5554 6113 
3 5606 6113 5549 
3 5555 5556 5557 
3 5557 5556 5559 
3 6088 5550 6087 
3 6087 5550 5558 
3 6087 5558 6094 
3 6094 5558 5557 
3 6094 5557 6093 
3 6093 5557 5559 
3 6093 5559 6091 
3 5560 6487 5593 
3 5593 6487 6490 
3 6493 6499 5665 
3 5665 6499 6498 
3 5718 6494 5744 
3 5744 6494 5561 
3 6500 5743 5562 
3 5563 6501 5771 
3 5771 6501 5564 
3 5819 6504 5565 
3 5565 6504 5566 
3 5565 5566 5567 
3 6490 6491 5593 
3 5593 6491 5569 
3 5593 5569 5568 
3 5568 5569 5636 
3 5568 5636 5571 
3 5571 5636 5570 
3 5571 5570 5594 
3 5594 5570 5573 
3 5594 5573 5572 
3 5572 5573 5574 
3 5572 5574 5575 
3 5575 5574 5576 
3 5575 5576 5596 
3 5596 5576 5577 
3 5596 5577 5597 
3 5597 5577 5633 
3 5597 5633 5599 
3 5599 5633 5632 
3 5599 5632 5578 
3 5578 5632 5629 
3 5578 5629 5600 
3 5600 5629 5628 
3 5600 5628 5579 
3 5579 5628 5626 
3 5579 5626 5601 
3 5601 5626 5580 
3 5601 5580 5582 
3 5582 5580 5581 
3 5582 5581 5603 
3 5603 5581 5624 
3 5603 5624 5604 
3 5604 5624 5583 
3 5604 5583 5605 
3 5605 5583 5584 
3 5605 5584 5585 
3 5585 5584 5587 
3 5585 5587 5586 
3 5586 5587 5623 
3 5586 5623 5608 
3 5608 5623 5622 
3 5608 5622 5609 
3 5609 5622 5588 
3 5609 5588 5610 
3 5610 5588 5620 
3 5610 5620 5589 
3 5589 5620 5590 
3 5589 5590 5591 
3 5591 5590 5592 
3 5591 5592 5612 
3 5612 5592 5618 
3 6488 5560 5520 
3 5520 5560 5593 
3 5520 5593 5523 
3 5523 5593 5568 
3 5523 5568 5522 
3 5522 5568 5571 
3 5522 5571 5526 
3 5526 5571 5594 
3 5526 5594 5528 
3 5528 5594 5572 
3 5528 5572 5529 
3 5529 5572 5575 
3 5529 5575 5595 
3 5595 5575 5596 
3 5595 5596 5531 
3 5531 5596 5597 
3 5531 5597 5536 
3 5536 5597 5599 
3 5536 5599 5598 
3 5598 5599 5578 
3 5598 5578 5534 
3 5534 5578 5600 
3 5534 5600 5533 
3 5533 5600 5579 
3 5533 5579 5538 
3 5538 5579 5601 
3 5538 5601 5540 
3 5540 5601 5582 
3 5540 5582 5602 
3 5602 5582 5603 
3 5602 5603 5544 
3 5544 5603 5604 
3 5544 5604 5545 
3 5545 5604 5605 
3 5545 5605 5548 
3 5548 5605 5585 
3 5548 5585 5606 
3 5606 5585 5586 
3 5606 5586 5607 
3 5607 5586 5608 
3 5607 5608 5553 
3 5553 5608 5609 
3 5553 5609 5551 
3 5551 5609 5610 
3 5551 5610 5550 
3 5550 5610 5589 
3 5550 5589 5558 
3 5558 5589 5591 
3 5558 5591 5557 
3 5557 5591 5612 
3 5557 5612 5555 
3 5555 5612 5447 
3 5618 5611 5612 
3 5612 5611 5448 
3 5612 5448 5613 
3 5614 5616 5615 
3 5615 5616 5449 
3 5449 5617 5615 
3 5615 5617 5618 
3 5615 5618 5641 
3 5641 5618 5592 
3 5641 5592 5619 
3 5619 5592 5590 
3 5619 5590 5642 
3 5642 5590 5620 
3 5642 5620 5643 
3 5643 5620 5588 
3 5643 5588 5621 
3 5621 5588 5622 
3 5621 5622 5645 
3 5645 5622 5623 
3 5645 5623 5647 
3 5647 5623 5587 
3 5647 5587 5648 
3 5648 5587 5584 
3 5648 5584 5651 
3 5651 5584 5583 
3 5651 5583 5653 
3 5653 5583 5624 
3 5653 5624 5654 
3 5654 5624 5581 
3 5654 5581 5656 
3 5656 5581 5580 
3 5656 5580 5625 
3 5625 5580 5626 
3 5625 5626 5627 
3 5627 5626 5628 
3 5627 5628 5630 
3 5630 5628 5629 
3 5630 5629 5657 
3 5657 5629 5632 
3 5657 5632 5631 
3 5631 5632 5633 
3 5631 5633 5634 
3 5634 5633 5577 
3 5634 5577 5659 
3 5659 5577 5576 
3 5659 5576 5660 
3 5660 5576 5574 
3 5660 5574 5635 
3 5635 5574 5573 
3 5635 5573 5663 
3 5663 5573 5570 
3 5663 5570 5664 
3 5664 5570 5636 
3 5664 5636 5666 
3 5666 5636 5569 
3 5666 5569 5637 
3 5637 5569 5638 
3 5639 5614 5640 
3 5640 5614 5615 
3 5640 5615 5668 
3 5668 5615 5641 
3 5668 5641 5670 
3 5670 5641 5619 
3 5670 5619 5671 
3 5671 5619 5642 
3 5671 5642 5672 
3 5672 5642 5643 
3 5672 5643 5674 
3 5674 5643 5621 
3 5674 5621 5644 
3 5644 5621 5645 
3 5644 5645 5646 
3 5646 5645 5647 
3 5646 5647 5649 
3 5649 5647 5648 
3 5649 5648 5650 
3 5650 5648 5651 
3 5650 5651 5676 
3 5676 5651 5653 
3 5676 5653 5652 
3 5652 5653 5654 
3 5652 5654 5655 
3 5655 5654 5656 
3 5655 5656 5678 
3 5678 5656 5625 
3 5678 5625 5679 
3 5679 5625 5627 
3 5679 5627 5681 
3 5681 5627 5630 
3 5681 5630 5682 
3 5682 5630 5657 
3 5682 5657 5683 
3 5683 5657 5631 
3 5683 5631 5658 
3 5658 5631 5634 
3 5658 5634 5684 
3 5684 5634 5659 
3 5684 5659 5686 
3 5686 5659 5660 
3 5686 5660 5661 
3 5661 5660 5635 
3 5661 5635 5662 
3 5662 5635 5663 
3 5662 5663 5688 
3 5688 5663 5664 
3 5688 5664 5665 
3 5665 5664 5666 
3 5665 5666 6493 
3 6493 5666 5467 
3 5452 5451 5667 
3 5667 5451 5640 
3 5667 5640 5689 
3 5689 5640 5668 
3 5689 5668 5669 
3 5669 5668 5670 
3 5669 5670 5691 
3 5691 5670 5671 
3 5691 5671 5692 
3 5692 5671 5672 
3 5692 5672 5673 
3 5673 5672 5674 
3 5673 5674 5675 
3 5675 5674 5644 
3 5675 5644 5695 
3 5695 5644 5646 
3 5695 5646 5696 
3 5696 5646 5649 
3 5696 5649 5697 
3 5697 5649 5650 
3 5697 5650 5700 
3 5700 5650 5676 
3 5700 5676 5702 
3 5702 5676 5652 
3 5702 5652 5677 
3 5677 5652 5655 
3 5677 5655 5705 
3 5705 5655 5678 
3 5705 5678 5707 
3 5707 5678 5679 
3 5707 5679 5680 
3 5680 5679 5681 
3 5680 5681 5709 
3 5709 5681 5682 
3 5709 5682 5710 
3 5710 5682 5683 
3 5710 5683 5711 
3 5711 5683 5658 
3 5711 5658 5713 
3 5713 5658 5684 
3 5713 5684 5685 
3 5685 5684 5686 
3 5685 5686 5714 
3 5714 5686 5661 
3 5714 5661 5687 
3 5687 5661 5662 
3 5687 5662 5716 
3 5716 5662 5688 
3 5716 5688 5717 
3 5717 5688 5665 
3 5717 5665 6495 
3 6495 5665 6498 
3 5719 5455 5720 
3 5720 5455 5445 
3 5445 5465 5720 
3 5720 5465 5667 
3 5720 5667 5722 
3 5722 5667 5689 
3 5722 5689 5724 
3 5724 5689 5669 
3 5724 5669 5690 
3 5690 5669 5691 
3 5690 5691 5693 
3 5693 5691 5692 
3 5693 5692 5727 
3 5727 5692 5673 
3 5727 5673 5694 
3 5694 5673 5675 
3 5694 5675 5730 
3 5730 5675 5695 
3 5730 5695 5731 
3 5731 5695 5696 
3 5731 5696 5698 
3 5698 5696 5697 
3 5698 5697 5699 
3 5699 5697 5700 
3 5699 5700 5701 
3 5701 5700 5702 
3 5701 5702 5734 
3 5734 5702 5677 
3 5734 5677 5703 
3 5703 5677 5705 
3 5703 5705 5704 
3 5704 5705 5707 
3 5704 5707 5706 
3 5706 5707 5680 
3 5706 5680 5708 
3 5708 5680 5709 
3 5708 5709 5735 
3 5735 5709 5710 
3 5735 5710 5736 
3 5736 5710 5711 
3 5736 5711 5738 
3 5738 5711 5713 
3 5738 5713 5712 
3 5712 5713 5685 
3 5712 5685 5740 
3 5740 5685 5714 
3 5740 5714 5742 
3 5742 5714 5687 
3 5742 5687 5715 
3 5715 5687 5716 
3 5715 5716 5744 
3 5744 5716 5717 
3 5744 5717 5718 
3 5718 5717 6495 
3 5745 5457 5747 
3 5747 5457 5456 
3 5456 5719 5747 
3 5747 5719 5720 
3 5747 5720 5721 
3 5721 5720 5722 
3 5721 5722 5723 
3 5723 5722 5724 
3 5723 5724 5750 
3 5750 5724 5690 
3 5750 5690 5725 
3 5725 5690 5693 
3 5725 5693 5726 
3 5726 5693 5727 
3 5726 5727 5728 
3 5728 5727 5694 
3 5728 5694 5729 
3 5729 5694 5730 
3 5729 5730 5752 
3 5752 5730 5731 
3 5752 5731 5753 
3 5753 5731 5698 
3 5753 5698 5755 
3 5755 5698 5699 
3 5755 5699 5732 
3 5732 5699 5701 
3 5732 5701 5733 
3 5733 5701 5734 
3 5733 5734 5758 
3 5758 5734 5703 
3 5758 5703 5759 
3 5759 5703 5704 
3 5759 5704 5760 
3 5760 5704 5706 
3 5760 5706 5761 
3 5761 5706 5708 
3 5761 5708 5765 
3 5765 5708 5735 
3 5765 5735 5766 
3 5766 5735 5736 
3 5766 5736 5737 
3 5737 5736 5738 
3 5737 5738 5768 
3 5768 5738 5712 
3 5768 5712 5739 
3 5739 5712 5740 
3 5739 5740 5741 
3 5741 5740 5742 
3 5741 5742 5772 
3 5772 5742 5715 
3 5772 5715 5743 
3 5743 5715 5744 
3 5743 5744 5562 
3 5562 5744 5561 
3 5454 5745 5464 
3 5464 5745 5747 
3 5464 5747 5746 
3 5746 5747 5721 
3 5746 5721 5748 
3 5748 5721 5723 
3 5748 5723 5749 
3 5749 5723 5750 
3 5749 5750 5751 
3 5751 5750 5725 
3 5751 5725 5776 
3 5776 5725 5726 
3 5776 5726 5777 
3 5777 5726 5728 
3 5777 5728 5780 
3 5780 5728 5729 
3 5780 5729 5781 
3 5781 5729 5752 
3 5781 5752 5783 
3 5783 5752 5753 
3 5783 5753 5754 
3 5754 5753 5755 
3 5754 5755 5785 
3 5785 5755 5732 
3 5785 5732 5756 
3 5756 5732 5733 
3 5756 5733 5757 
3 5757 5733 5758 
3 5757 5758 5787 
3 5787 5758 5759 
3 5787 5759 5788 
3 5788 5759 5760 
3 5788 5760 5762 
3 5762 5760 5761 
3 5762 5761 5763 
3 5763 5761 5765 
3 5763 5765 5764 
3 5764 5765 5766 
3 5764 5766 5791 
3 5791 5766 5737 
3 5791 5737 5767 
3 5767 5737 5768 
3 5767 5768 5793 
3 5793 5768 5739 
3 5793 5739 5769 
3 5769 5739 5741 
3 5769 5741 5770 
3 5770 5741 5772 
3 5770 5772 5771 
3 5771 5772 5743 
3 5771 5743 5563 
3 5563 5743 5466 
3 5463 5444 5773 
3 5773 5444 5464 
3 5773 5464 5798 
3 5798 5464 5746 
3 5798 5746 5774 
3 5774 5746 5748 
3 5774 5748 5799 
3 5799 5748 5749 
3 5799 5749 5800 
3 5800 5749 5751 
3 5800 5751 5775 
3 5775 5751 5776 
3 5775 5776 5778 
3 5778 5776 5777 
3 5778 5777 5779 
3 5779 5777 5780 
3 5779 5780 5801 
3 5801 5780 5781 
3 5801 5781 5782 
3 5782 5781 5783 
3 5782 5783 5803 
3 5803 5783 5754 
3 5803 5754 5784 
3 5784 5754 5785 
3 5784 5785 5805 
3 5805 5785 5756 
3 5805 5756 5806 
3 5806 5756 5757 
3 5806 5757 5786 
3 5786 5757 5787 
3 5786 5787 5808 
3 5808 5787 5788 
3 5808 5788 5809 
3 5809 5788 5762 
3 5809 5762 5789 
3 5789 5762 5763 
3 5789 5763 5810 
3 5810 5763 5764 
3 5810 5764 5790 
3 5790 5764 5791 
3 5790 5791 5814 
3 5814 5791 5767 
3 5814 5767 5792 
3 5792 5767 5793 
3 5792 5793 5816 
3 5816 5793 5769 
3 5816 5769 5818 
3 5818 5769 5770 
3 5818 5770 5794 
3 5794 5770 5771 
3 5794 5771 5795 
3 5795 5771 5564 
3 5820 5462 5796 
3 5796 5462 5461 
3 5461 5458 5796 
3 5796 5458 5773 
3 5796 5773 5797 
3 5797 5773 5798 
3 5797 5798 5822 
3 5822 5798 5774 
3 5822 5774 5823 
3 5823 5774 5799 
3 5823 5799 5824 
3 5824 5799 5800 
3 5824 5800 5825 
3 5825 5800 5775 
3 5825 5775 5826 
3 5826 5775 5778 
3 5826 5778 5827 
3 5827 5778 5779 
3 5827 5779 5828 
3 5828 5779 5801 
3 5828 5801 5830 
3 5830 5801 5782 
3 5830 5782 5802 
3 5802 5782 5803 
3 5802 5803 5832 
3 5832 5803 5784 
3 5832 5784 5804 
3 5804 5784 5805 
3 5804 5805 5834 
3 5834 5805 5806 
3 5834 5806 5807 
3 5807 5806 5786 
3 5807 5786 5836 
3 5836 5786 5808 
3 5836 5808 5838 
3 5838 5808 5809 
3 5838 5809 5840 
3 5840 5809 5789 
3 5840 5789 5841 
3 5841 5789 5810 
3 5841 5810 5811 
3 5811 5810 5790 
3 5811 5790 5812 
3 5812 5790 5814 
3 5812 5814 5813 
3 5813 5814 5792 
3 5813 5792 5815 
3 5815 5792 5816 
3 5815 5816 5817 
3 5817 5816 5818 
3 5817 5818 5565 
3 5565 5818 5794 
3 5565 5794 5819 
3 5819 5794 5795 
3 5470 5820 5472 
3 5472 5820 5796 
3 5472 5796 5821 
3 5821 5796 5797 
3 5821 5797 5475 
3 5475 5797 5822 
3 5475 5822 5478 
3 5478 5822 5823 
3 5478 5823 5477 
3 5477 5823 5824 
3 5477 5824 5482 
3 5482 5824 5825 
3 5482 5825 5481 
3 5481 5825 5826 
3 5481 5826 5487 
3 5487 5826 5827 
3 5487 5827 5488 
3 5488 5827 5828 
3 5488 5828 5829 
3 5829 5828 5830 
3 5829 5830 5831 
3 5831 5830 5802 
3 5831 5802 5494 
3 5494 5802 5832 
3 5494 5832 5499 
3 5499 5832 5804 
3 5499 5804 5833 
3 5833 5804 5834 
3 5833 5834 5835 
3 5835 5834 5807 
3 5835 5807 5503 
3 5503 5807 5836 
3 5503 5836 5837 
3 5837 5836 5838 
3 5837 5838 5839 
3 5839 5838 5840 
3 5839 5840 5510 
3 5510 5840 5841 
3 5510 5841 5508 
3 5508 5841 5811 
3 5508 5811 5512 
3 5512 5811 5812 
3 5512 5812 5842 
3 5842 5812 5813 
3 5842 5813 5843 
3 5843 5813 5815 
3 5843 5815 5515 
3 5515 5815 5817 
3 5515 5817 5844 
3 5844 5817 5565 
3 5844 5565 5845 
3 5845 5565 5567 
3 4425 6125 5846 
3 5846 6125 6127 
3 5846 6127 4424 
3 4424 6127 6129 
3 4424 6129 5847 
3 5847 6129 6131 
3 5847 6131 4422 
3 4422 6131 5848 
3 4422 5848 5849 
3 5849 5848 5851 
3 5849 5851 5850 
3 5850 5851 6132 
3 5850 6132 5852 
3 5852 6132 5853 
3 5852 5853 5854 
3 5854 5853 6135 
3 5854 6135 5855 
3 5855 6135 6136 
3 5855 6136 5856 
3 5856 6136 5857 
3 5856 5857 4419 
3 4419 5857 5858 
3 4419 5858 5859 
3 5859 5858 6139 
3 5859 6139 5860 
3 5860 6139 5861 
3 5860 5861 5862 
3 5862 5861 5864 
3 5862 5864 5863 
3 5863 5864 6143 
3 5863 6143 5865 
3 5865 6143 6145 
3 5865 6145 4415 
3 4415 6145 5866 
3 4415 5866 5867 
3 5867 5866 5869 
3 5867 5869 5868 
3 5868 5869 6147 
3 5868 6147 4417 
3 4417 6147 6148 
3 4417 6148 4413 
3 4413 6148 6150 
3 4413 6150 4421 
3 4421 6150 6151 
3 4421 6151 5871 
3 5871 6151 5870 
3 5871 5870 4433 
3 4433 5870 6114 
3 4433 6114 5872 
3 5872 6114 6115 
3 5872 6115 5873 
3 5873 6115 5875 
3 5873 5875 5874 
3 5874 5875 5876 
3 5874 5876 5877 
3 5877 5876 5878 
3 5877 5878 5879 
3 5879 5878 6117 
3 5879 6117 5880 
3 5880 6117 6119 
3 5880 6119 4429 
3 4429 6119 5881 
3 4429 5881 5882 
3 5882 5881 6121 
3 5882 6121 5883 
3 5883 6121 5884 
3 5883 5884 5885 
3 5885 5884 5886 
3 5885 5886 4427 
3 4427 5886 6123 
3 4427 6123 4425 
3 4425 6123 6125 
3 6382 5890 5891 
3 5892 6432 6210 
3 5894 4436 5887 
3 5887 5888 5894 
3 5894 5888 5889 
3 5894 5889 4479 
3 4479 4478 5894 
3 5894 4478 4477 
3 5894 4477 4447 
3 5890 6431 5891 
3 5891 6431 6430 
3 5891 6430 6210 
3 6210 6430 6429 
3 6210 6429 5892 
3 6382 5891 5893 
3 5893 5891 5894 
3 5893 5894 6413 
3 6413 5894 4447 
3 6413 4447 6018 
3 4420 5895 5896 
3 4420 5896 5897 
3 5897 5896 6160 
3 5897 6160 5898 
3 5898 6160 5899 
3 5898 5899 5901 
3 5901 5899 5900 
3 5901 5900 5902 
3 5902 5900 5903 
3 5902 5903 5904 
3 5904 5903 6153 
3 5904 6153 5905 
3 5905 6153 5906 
3 5905 5906 4423 
3 4423 5906 6177 
3 4423 6177 5907 
3 5907 6177 5908 
3 5907 5908 5909 
3 5909 5908 6175 
3 5909 6175 5910 
3 5910 6175 5911 
3 5910 5911 4426 
3 4426 5911 6179 
3 4426 6179 5912 
3 5912 6179 5914 
3 5912 5914 5913 
3 5913 5914 6185 
3 5913 6185 5915 
3 5915 6185 6184 
3 5915 6184 4428 
3 4428 6184 5916 
3 4428 5916 5917 
3 5917 5916 5919 
3 5917 5919 5918 
3 5918 5919 5920 
3 5918 5920 4430 
3 4430 5920 6200 
3 4430 6200 5921 
3 5921 6200 5922 
3 5921 5922 4431 
3 4431 5922 5951 
3 5928 5923 5924 
3 5928 5924 5943 
3 5943 5924 5925 
3 5943 5925 5942 
3 5935 5941 5928 
3 5928 5941 5926 
3 5926 5927 5928 
3 5928 5927 5929 
3 5928 5929 4980 
3 4980 5930 5928 
3 5928 5930 5931 
3 5928 5931 5923 
3 6190 5932 5935 
3 5935 5932 4965 
3 5935 4965 5933 
3 5933 5934 5935 
3 5935 5934 4970 
3 5935 4970 4971 
3 4971 5936 5935 
3 5935 5936 5937 
3 5935 5937 5938 
3 5938 5939 5935 
3 5935 5939 5940 
3 5935 5940 5941 
3 5942 5944 5943 
3 5943 5944 5945 
3 5943 5945 6197 
3 6197 5945 5946 
3 6197 5946 6198 
3 6198 5946 5947 
3 6198 5947 5948 
3 5948 5947 5949 
3 5948 5949 6195 
3 6195 5949 4432 
3 6195 4432 6196 
3 6196 4432 5950 
3 6196 5950 5951 
3 5951 5950 5952 
3 5951 5952 4431 
3 5954 6158 5895 
3 4420 5953 5895 
3 5895 5953 6211 
3 5895 6211 5954 
3 6158 5954 6157 
3 6157 5954 5955 
3 6157 5955 6156 
3 6156 5955 5957 
3 6156 5957 5956 
3 5956 5957 6215 
3 5956 6215 5958 
3 5958 6215 6216 
3 6216 6217 5958 
3 5958 6217 6163 
3 6163 6217 5959 
3 6163 5959 5960 
3 5960 5959 6221 
3 5960 6221 6189 
3 6189 6221 6220 
3 6189 6220 6188 
3 6188 6220 6219 
3 6188 6219 5961 
3 5961 6219 5962 
3 5961 5962 6194 
3 6194 5962 5963 
3 6194 5963 6193 
3 5963 5964 6193 
3 6193 5964 6178 
3 5964 5965 6178 
3 6178 5965 5966 
3 6178 5966 5968 
3 6229 5967 6223 
3 6223 5967 5968 
3 6223 5968 6224 
3 6224 5968 5966 
3 5975 6368 5969 
3 5969 6368 6367 
3 5969 6367 6366 
3 6366 6365 5969 
3 5969 6365 4459 
3 5969 4459 4462 
3 4462 5970 5969 
3 5969 5970 5971 
3 5969 5971 4465 
3 4465 4466 5969 
3 5969 4466 4463 
3 5969 4463 4436 
3 6266 6294 5972 
3 5972 5973 6266 
3 6266 5973 5974 
3 6266 5974 5969 
3 5969 5974 6274 
3 5969 6274 5975 
3 5976 5977 6026 
3 6022 6412 5978 
3 6412 6022 5980 
3 5980 6022 5979 
3 5980 5979 6410 
3 6410 5979 6409 
3 6409 5979 6028 
3 6409 6028 6408 
3 6408 6028 6407 
3 6407 6028 5981 
3 6407 5981 6405 
3 6405 5981 5982 
3 6405 5982 6404 
3 6404 5982 5993 
3 6404 5993 6403 
3 6403 5993 5983 
3 5983 5993 5995 
3 5983 5995 6401 
3 6401 5995 5984 
3 5984 5995 5987 
3 5984 5987 5990 
3 6598 6398 5985 
3 5985 6398 6399 
3 5985 6399 6326 
3 5986 5988 5987 
3 5987 5988 5989 
3 5987 5989 5990 
3 5990 5989 6324 
3 5990 6324 5991 
3 5991 6324 6328 
3 5991 6328 6399 
3 6399 6328 6327 
3 6399 6327 6326 
3 5986 5987 6339 
3 6339 5987 5995 
3 6339 5995 6321 
3 5992 6317 5993 
3 5993 6317 5994 
3 5993 5994 5995 
3 5995 5994 6322 
3 5995 6322 6321 
3 6316 6315 6030 
3 6030 6315 5996 
3 6030 5996 6031 
3 6031 5996 6319 
3 6031 6319 5997 
3 6029 6313 6030 
3 6030 6313 5998 
3 6030 5998 6316 
3 6314 6001 5999 
3 5999 6001 6000 
3 6000 6001 6002 
3 6002 6001 6003 
3 6002 6003 6310 
3 6004 6008 6308 
3 6308 6309 6004 
3 6004 6309 6311 
3 6004 6311 6005 
3 4457 6304 4453 
3 4453 6304 6006 
3 4453 6006 4454 
3 4454 6006 6007 
3 4454 6007 6008 
3 6008 6007 6306 
3 6008 6306 6308 
3 4461 6009 6010 
3 6010 6009 4460 
3 6010 4460 4459 
3 6010 6011 4461 
3 4461 6011 6361 
3 4461 6361 4458 
3 4458 6361 6305 
3 4458 6305 4457 
3 4457 6305 6012 
3 4457 6012 6304 
3 6004 6024 4452 
3 4452 6013 6004 
3 6004 6013 6014 
3 6004 6014 6008 
3 6008 6014 4456 
3 6008 4456 4454 
3 6023 6015 6024 
3 6024 6015 6016 
3 6024 6016 4452 
3 6017 4449 6027 
3 6027 4449 4448 
3 6018 6019 5978 
3 5978 6019 6020 
3 5978 6020 6022 
3 6022 6020 6021 
3 6022 6021 4445 
3 5977 6023 6026 
3 6026 6023 6024 
3 6026 6024 6003 
3 6003 6024 6004 
3 6003 6004 6310 
3 6310 6004 6005 
3 4448 5976 6027 
3 6027 5976 6026 
3 6027 6026 6025 
3 6025 6026 6003 
3 6025 6003 6029 
3 6029 6003 6001 
3 6029 6001 6313 
3 6313 6001 6314 
3 4445 4473 6022 
3 6022 4473 6017 
3 6022 6017 5979 
3 5979 6017 6027 
3 5979 6027 6028 
3 6028 6027 6025 
3 6028 6025 5981 
3 5981 6025 6029 
3 5981 6029 5982 
3 5982 6029 6030 
3 5982 6030 5993 
3 5993 6030 6031 
3 5993 6031 5992 
3 5992 6031 5997 
3 6443 6034 6191 
3 6445 6033 6032 
3 6032 6033 6446 
3 6032 6446 6447 
3 6191 6034 6032 
3 6032 6034 6035 
3 6032 6035 6445 
3 6037 6036 6450 
3 6450 6449 6037 
3 6037 6449 6472 
3 6037 6472 6448 
3 6040 6467 6037 
3 6037 6467 6466 
3 6466 6038 6037 
3 6037 6038 6039 
3 6037 6039 6036 
3 6448 6475 6037 
3 6037 6475 6190 
3 6037 6190 6042 
3 6040 6037 6041 
3 6041 6037 6042 
3 6041 6042 6468 
3 6468 6042 6043 
3 6468 6043 6464 
3 6455 6044 6046 
3 6046 6044 6462 
3 6046 6462 6043 
3 6043 6462 6045 
3 6043 6045 6464 
3 6455 6046 6453 
3 6453 6046 6047 
3 6453 6047 6458 
3 6458 6047 6459 
3 6459 6047 6199 
3 6459 6199 6049 
3 6032 6447 6199 
3 6199 6447 6048 
3 6199 6048 6049 
3 6475 4482 6064 
3 6055 6050 6475 
3 6475 6050 4481 
3 6475 4481 4482 
3 6051 6054 4534 
3 4534 6054 4610 
3 4534 4610 4607 
3 6052 4521 6056 
3 4612 4532 4611 
3 4611 4532 4534 
3 4611 4534 4586 
3 4586 4534 4607 
3 4546 4605 6051 
3 6051 4605 4604 
3 4604 4606 6051 
3 6051 4606 6053 
3 6051 6053 6054 
3 5276 5443 5290 
3 5290 5443 4605 
3 5290 4605 4548 
3 4548 4605 4546 
3 6055 6475 5161 
3 5161 6475 6077 
3 5161 6077 5074 
3 4801 4515 6056 
3 6056 4515 4517 
3 6056 4517 6052 
3 4521 4522 6056 
3 6056 4522 4523 
3 6056 4523 6057 
3 6057 4523 4524 
3 4512 4513 4801 
3 4801 4513 6058 
3 4801 6058 4515 
3 4850 6059 6064 
3 6064 6059 6060 
3 6064 6060 4866 
3 4866 4802 6064 
3 6064 4802 4886 
3 6064 4886 6063 
3 6061 6475 4935 
3 4935 6475 6062 
3 6063 4803 6064 
3 6064 4803 4901 
3 6064 4901 6475 
3 6475 4901 4804 
3 6475 4804 6062 
3 6061 4806 6475 
3 6475 4806 4949 
3 6475 4949 4808 
3 4527 6066 6065 
3 6065 6066 6067 
3 6065 6067 4524 
3 4524 6067 6068 
3 4524 6068 6057 
3 4850 6064 4801 
3 4801 6064 6069 
3 4801 6069 4512 
3 4808 4807 6475 
3 6475 4807 6070 
3 6475 6070 6190 
3 6190 6070 5932 
3 6072 4615 4527 
3 4527 4615 6071 
3 4527 6071 6066 
3 6075 4614 6072 
3 6072 4614 6073 
3 6072 6073 4615 
3 4612 6074 4532 
3 4532 6074 4613 
3 4532 4613 6075 
3 6075 4613 6076 
3 6075 6076 4614 
3 5074 6077 5125 
3 5125 6077 6086 
3 5246 5241 6084 
3 5190 5527 5202 
3 5202 5527 6078 
3 5202 6078 5201 
3 6081 6079 5190 
3 5190 6079 6080 
3 5190 6080 5527 
3 6081 5190 5521 
3 5521 5190 5195 
3 5521 5195 6082 
3 6082 5195 5180 
3 6082 5180 5524 
3 5231 6083 5241 
3 5241 6083 5552 
3 5241 5552 6084 
3 6085 6113 5231 
3 5231 6113 5554 
3 5231 5554 6083 
3 5524 5180 5525 
3 5525 5180 5024 
3 5525 5024 5519 
3 5519 5024 6486 
3 6486 5024 5125 
3 6486 5125 6086 
3 6087 5248 6088 
3 6088 5248 5246 
3 6088 5246 6089 
3 6089 5246 6084 
3 6090 5309 6091 
3 6091 5309 6092 
3 6091 6092 6093 
3 6093 6092 5248 
3 6093 5248 6094 
3 6094 5248 6087 
3 5216 6095 6097 
3 6097 6095 6096 
3 6097 6096 6098 
3 6098 6096 5542 
3 6098 5542 5222 
3 5222 5542 5468 
3 5222 5468 5220 
3 5220 5468 5543 
3 5220 5543 6112 
3 6078 5530 5201 
3 5201 5530 6099 
3 5201 6099 5205 
3 5205 6099 5537 
3 5205 5537 6100 
3 6100 5537 6101 
3 6100 6101 6102 
3 6102 6101 6103 
3 6102 6103 5213 
3 5213 6103 6105 
3 5213 6105 6104 
3 6104 6105 5535 
3 6104 5535 6106 
3 6106 5535 6108 
3 6106 6108 6107 
3 6107 6108 5532 
3 6107 5532 6109 
3 6109 5532 6110 
3 6109 6110 6111 
3 6111 6110 5539 
3 6111 5539 5216 
3 5216 5539 5541 
3 5216 5541 6095 
3 5543 5546 6112 
3 6112 5546 5547 
3 6112 5547 6085 
3 6085 5547 5549 
3 6085 5549 6113 
3 6151 6540 5870 
3 5870 6540 6538 
3 5870 6538 6114 
3 6114 6538 6536 
3 6114 6536 6115 
3 6115 6536 6533 
3 6115 6533 5875 
3 5875 6533 6532 
3 5875 6532 5876 
3 5876 6532 6116 
3 5876 6116 5878 
3 5878 6116 6530 
3 5878 6530 6117 
3 6117 6530 6118 
3 6117 6118 6119 
3 6119 6118 6120 
3 6119 6120 5881 
3 5881 6120 6526 
3 5881 6526 6121 
3 6121 6526 6524 
3 6121 6524 5884 
3 5884 6524 6122 
3 5884 6122 5886 
3 5886 6122 6124 
3 5886 6124 6123 
3 6123 6124 6521 
3 6123 6521 6125 
3 6125 6521 6126 
3 6125 6126 6127 
3 6127 6126 6128 
3 6127 6128 6129 
3 6129 6128 6130 
3 6129 6130 6131 
3 6131 6130 6519 
3 6131 6519 5848 
3 5848 6519 6518 
3 5848 6518 5851 
3 5851 6518 6133 
3 5851 6133 6132 
3 6132 6133 6134 
3 6132 6134 5853 
3 5853 6134 6515 
3 5853 6515 6135 
3 6135 6515 6137 
3 6135 6137 6136 
3 6136 6137 6513 
3 6136 6513 5857 
3 5857 6513 6138 
3 5857 6138 5858 
3 5858 6138 6510 
3 5858 6510 6139 
3 6139 6510 6140 
3 6139 6140 5861 
3 5861 6140 6141 
3 5861 6141 5864 
3 5864 6141 6142 
3 5864 6142 6143 
3 6143 6142 6144 
3 6143 6144 6145 
3 6145 6144 6506 
3 6145 6506 5866 
3 5866 6506 6505 
3 5866 6505 5869 
3 5869 6505 6146 
3 5869 6146 6147 
3 6147 6146 6541 
3 6147 6541 6148 
3 6148 6541 6149 
3 6148 6149 6150 
3 6150 6149 6152 
3 6150 6152 6151 
3 6151 6152 6540 
3 6153 5903 6176 
3 6158 6157 6159 
3 6159 6157 6154 
3 6203 6566 6166 
3 6166 6566 6564 
3 5958 6155 5956 
3 5956 6155 6154 
3 5956 6154 6156 
3 6156 6154 6157 
3 5895 6158 5896 
3 5896 6158 6159 
3 5896 6159 6160 
3 6160 6159 5899 
3 6161 6162 6163 
3 6163 6162 6164 
3 6163 6164 5958 
3 5958 6164 6165 
3 5958 6165 6155 
3 6176 5903 6159 
3 6159 5903 5900 
3 6159 5900 5899 
3 5920 5919 6199 
3 6199 5919 5916 
3 6564 6563 6166 
3 6166 6563 6167 
3 6166 6167 6236 
3 6236 6167 6168 
3 6236 6168 6233 
3 6233 6168 6169 
3 6233 6169 6170 
3 6170 6169 6171 
3 6170 6171 6231 
3 6231 6171 6172 
3 6231 6172 6173 
3 6173 6172 6562 
3 6173 6562 5967 
3 5967 6562 6174 
3 5967 6174 5968 
3 5968 6174 6558 
3 5911 6175 6576 
3 6576 6175 5908 
3 6576 5908 6578 
3 6578 5908 6177 
3 6578 6177 6176 
3 6176 6177 5906 
3 6176 5906 6153 
3 6181 6178 6556 
3 6556 6178 5968 
3 6556 5968 6557 
3 6557 5968 6558 
3 6185 5914 6576 
3 6576 5914 6179 
3 6576 6179 5911 
3 6183 6575 6032 
3 6032 6575 6180 
3 6032 6180 6572 
3 6253 6251 6032 
3 6572 6570 6259 
3 6181 6182 6178 
3 6178 6182 6553 
3 6178 6553 6193 
3 6032 6199 6183 
3 6183 6199 5916 
3 6183 5916 6576 
3 6576 5916 6184 
3 6576 6184 6185 
3 6259 6257 6572 
3 6572 6257 6256 
3 6572 6256 6032 
3 6032 6256 6254 
3 6032 6254 6253 
3 6251 6249 6032 
3 6032 6249 6186 
3 6032 6186 6191 
3 6262 6261 6570 
3 6570 6261 6187 
3 6570 6187 6259 
3 6188 6549 6189 
3 6189 6549 6161 
3 6189 6161 5960 
3 5960 6161 6163 
3 6198 5948 6043 
3 6043 5948 6046 
3 6042 6190 5935 
3 6186 6247 6191 
3 6191 6247 6192 
3 6191 6192 6443 
3 6443 6192 6245 
3 6553 6551 6193 
3 6193 6551 6550 
3 6193 6550 6194 
3 6194 6550 6549 
3 6194 6549 5961 
3 5961 6549 6188 
3 5948 6195 6046 
3 6046 6195 6196 
3 6046 6196 6047 
3 5935 5928 6042 
3 6042 5928 5943 
3 6042 5943 6043 
3 6043 5943 6197 
3 6043 6197 6198 
3 6196 5951 6047 
3 6047 5951 5922 
3 6047 5922 6199 
3 6199 5922 6200 
3 6199 6200 5920 
3 6245 6201 6443 
3 6443 6201 6202 
3 6443 6202 6432 
3 6203 6166 6569 
3 6569 6166 6204 
3 6569 6204 6240 
3 6240 6205 6569 
3 6569 6205 6206 
3 6569 6206 6570 
3 6570 6206 6263 
3 6570 6263 6262 
3 6266 5969 6207 
3 6207 5969 4436 
3 6207 4436 6268 
3 6268 4436 5894 
3 6268 5894 6208 
3 6208 5894 5891 
3 6208 5891 6209 
3 6209 5891 6210 
3 6209 6210 6269 
3 6269 6210 6432 
3 6269 6432 6270 
3 6270 6432 6202 
3 6679 6212 4405 
3 4405 6212 5954 
3 4405 5954 6211 
3 5954 6212 5955 
3 5955 6212 6213 
3 5955 6213 5957 
3 5957 6213 6214 
3 5957 6214 6215 
3 6215 6214 6670 
3 6215 6670 6216 
3 6216 6670 6658 
3 6658 6659 6216 
3 6216 6659 6217 
3 6610 6221 5959 
3 6610 5959 6603 
3 6603 5959 6217 
3 6603 6217 6659 
3 6611 5963 5962 
3 6611 5962 6218 
3 6218 5962 6219 
3 6218 6219 6608 
3 6608 6219 6220 
3 6608 6220 6609 
3 6609 6220 6221 
3 6609 6221 6610 
3 6230 6229 6223 
3 6222 6618 6227 
3 6227 6230 6222 
3 6222 6230 6223 
3 6222 6223 6225 
3 6223 6224 6225 
3 6225 6224 5966 
3 6225 5966 6226 
3 6226 5966 5965 
3 5965 5964 6226 
3 6226 5964 5963 
3 6226 5963 6611 
3 6227 6618 6228 
3 6231 6173 6227 
3 5967 6229 6173 
3 6173 6229 6230 
3 6173 6230 6227 
3 6227 6228 6231 
3 6231 6228 6232 
3 6231 6232 6170 
3 6170 6232 6234 
3 6170 6234 6233 
3 6233 6234 6235 
3 6233 6235 6236 
3 6236 6235 6237 
3 6236 6237 6166 
3 6166 6237 6238 
3 6166 6238 6204 
3 6204 6238 6239 
3 6204 6239 6240 
3 6240 6239 6241 
3 6240 6241 6205 
3 6205 6241 6264 
3 6205 6264 6206 
3 6242 6270 6243 
3 6243 6270 6202 
3 6243 6202 6593 
3 6593 6202 6201 
3 6593 6201 6244 
3 6244 6201 6245 
3 6244 6245 6246 
3 6246 6245 6192 
3 6246 6192 6582 
3 6582 6192 6247 
3 6582 6247 6248 
3 6248 6247 6186 
3 6248 6186 6583 
3 6583 6186 6249 
3 6583 6249 6250 
3 6250 6249 6251 
3 6250 6251 6252 
3 6252 6251 6253 
3 6252 6253 6663 
3 6663 6253 6254 
3 6663 6254 6255 
3 6255 6254 6256 
3 6255 6256 6258 
3 6258 6256 6257 
3 6258 6257 6665 
3 6665 6257 6259 
3 6665 6259 6260 
3 6260 6259 6187 
3 6260 6187 6666 
3 6666 6187 6261 
3 6666 6261 6667 
3 6667 6261 6262 
3 6667 6262 6652 
3 6652 6262 6263 
3 6652 6263 6264 
3 6264 6263 6206 
3 6294 6266 6265 
3 6265 6266 6207 
3 6265 6207 6267 
3 6267 6207 6268 
3 6267 6268 6589 
3 6589 6268 6208 
3 6589 6208 6590 
3 6590 6208 6209 
3 6590 6209 6591 
3 6591 6209 6269 
3 6591 6269 6242 
3 6242 6269 6270 
3 6294 6277 6275 
3 6285 6271 6294 
3 6294 6288 6284 
3 6294 6290 6293 
3 6295 6290 6294 
3 6377 6343 6293 
3 6271 6285 6352 
3 6351 6350 6281 
3 6272 6278 6273 
3 6279 6364 6277 
3 6294 6275 5972 
3 6274 5974 6275 
3 6275 5974 5973 
3 6275 5973 5972 
3 5975 6274 6369 
3 6369 6274 6275 
3 6369 6275 6363 
3 6363 6275 6277 
3 6363 6277 6276 
3 6276 6277 6364 
3 6278 6279 6273 
3 6273 6279 6277 
3 6273 6277 6294 
3 6370 6272 6280 
3 6280 6272 6273 
3 6280 6273 6294 
3 6359 6356 6280 
3 6280 6356 6355 
3 6280 6355 6370 
3 6350 6359 6281 
3 6281 6359 6280 
3 6281 6280 6294 
3 6352 6351 6271 
3 6271 6351 6281 
3 6271 6281 6294 
3 6354 6282 6285 
3 6285 6282 6283 
3 6285 6283 6352 
3 6284 6346 6286 
3 6286 6346 6344 
3 6286 6344 6354 
3 6288 6348 6284 
3 6284 6348 6347 
3 6284 6347 6346 
3 6286 6294 6284 
3 6354 6285 6286 
3 6286 6285 6294 
3 6343 6287 6288 
3 6287 6289 6288 
3 6288 6289 6349 
3 6288 6349 6348 
3 6295 6341 6290 
3 6290 6341 6291 
3 6290 6291 6293 
3 6293 6291 6292 
3 6293 6292 6377 
3 6343 6288 6293 
3 6293 6288 6294 
3 6338 6337 6295 
3 6337 6336 6295 
3 6295 6336 6296 
3 6295 6296 6341 
3 6294 6297 6298 
3 6298 6297 6300 
3 6300 6332 6298 
3 6298 6332 6333 
3 6298 6333 6338 
3 6299 6300 6301 
3 6301 6300 6297 
3 6301 6297 6302 
3 6302 6297 6294 
3 6338 6295 6298 
3 6298 6295 6294 
3 6000 6372 6374 
3 6007 6006 6360 
3 4459 6365 6010 
3 6010 6365 6303 
3 6010 6303 6011 
3 6011 6303 6361 
3 6006 6304 6362 
3 6304 6012 6362 
3 6362 6012 6305 
3 6362 6305 6361 
3 6007 6360 6306 
3 6306 6360 6307 
3 6306 6307 6308 
3 6371 6311 6307 
3 6307 6311 6309 
3 6307 6309 6308 
3 6000 6002 6372 
3 6372 6002 6310 
3 6372 6310 6371 
3 6371 6310 6005 
3 6371 6005 6311 
3 6312 5998 6374 
3 6374 5998 6313 
3 6313 6314 6374 
3 6374 6314 5999 
3 6374 5999 6000 
3 6320 6315 6312 
3 6312 6315 6316 
3 6312 6316 5998 
3 6323 6317 6318 
3 6318 6317 5992 
3 5992 5997 6318 
3 6318 5997 6319 
3 6318 6319 6320 
3 6320 6319 5996 
3 6320 5996 6315 
3 6339 6321 6340 
3 6340 6321 6322 
3 6340 6322 6323 
3 6323 6322 5994 
3 6323 5994 6317 
3 5988 5986 6325 
3 6325 5986 6339 
3 6335 6324 6325 
3 6325 6324 5989 
3 6325 5989 5988 
3 5985 6326 6334 
3 6334 6326 6327 
3 6334 6327 6335 
3 6335 6327 6328 
3 6335 6328 6324 
3 6601 6329 6334 
3 6334 6329 6330 
3 6334 6330 5985 
3 5985 6330 6331 
3 5985 6331 6598 
3 6300 6299 6601 
3 6300 6601 6332 
3 6332 6601 6334 
3 6332 6334 6333 
3 6333 6334 6335 
3 6333 6335 6338 
3 6341 6296 6325 
3 6325 6296 6336 
3 6325 6336 6335 
3 6335 6336 6337 
3 6335 6337 6338 
3 6339 6340 6325 
3 6325 6340 6291 
3 6325 6291 6341 
3 6342 6343 6377 
3 6376 6289 6342 
3 6342 6289 6287 
3 6342 6287 6343 
3 6344 6346 6345 
3 6345 6346 6347 
3 6345 6347 6375 
3 6375 6347 6348 
3 6375 6348 6376 
3 6376 6348 6349 
3 6376 6349 6289 
3 6350 6351 6358 
3 6358 6351 6352 
3 6358 6352 6353 
3 6353 6352 6283 
3 6353 6283 6373 
3 6373 6283 6282 
3 6373 6282 6345 
3 6345 6282 6354 
3 6345 6354 6344 
3 6370 6355 6357 
3 6357 6355 6356 
3 6357 6356 6358 
3 6358 6356 6359 
3 6358 6359 6350 
3 6006 6362 6360 
3 6360 6362 6278 
3 6360 6278 6272 
3 6361 6303 6362 
3 6362 6303 6363 
3 6362 6363 6276 
3 6276 6364 6362 
3 6362 6364 6279 
3 6362 6279 6278 
3 6365 6366 6303 
3 6303 6366 6367 
3 6303 6367 6363 
3 6363 6367 6368 
3 6363 6368 6369 
3 6369 6368 5975 
3 6272 6370 6360 
3 6360 6370 6357 
3 6360 6357 6307 
3 6307 6357 6358 
3 6307 6358 6371 
3 6371 6358 6353 
3 6371 6353 6372 
3 6372 6353 6373 
3 6372 6373 6374 
3 6374 6373 6345 
3 6374 6345 6312 
3 6312 6345 6375 
3 6312 6375 6320 
3 6320 6375 6376 
3 6320 6376 6318 
3 6318 6376 6342 
3 6318 6342 6323 
3 6323 6342 6377 
3 6323 6377 6340 
3 6340 6377 6292 
3 6340 6292 6291 
3 6378 6379 6426 
3 6380 6431 5890 
3 6380 5890 6381 
3 6381 5890 6382 
3 6381 6382 6428 
3 6426 6379 6428 
3 6428 6379 6383 
3 6428 6383 6381 
3 6439 6438 6384 
3 6384 6438 6385 
3 6384 6385 6426 
3 6426 6385 6437 
3 6426 6437 6378 
3 6435 6440 6422 
3 6422 6440 6386 
3 6422 6386 6424 
3 6424 6386 6387 
3 6424 6387 6384 
3 6384 6387 6388 
3 6384 6388 6439 
3 6435 6422 6434 
3 6434 6422 6389 
3 6434 6389 6436 
3 6393 6390 6421 
3 6421 6390 6391 
3 6421 6391 6389 
3 6389 6391 6392 
3 6389 6392 6436 
3 6393 6421 6433 
3 6433 6421 6420 
3 6433 6420 6415 
3 6395 6394 6416 
3 6394 6395 6396 
3 6396 6395 6397 
3 6396 6397 6441 
3 6441 6397 6414 
3 6441 6414 6442 
3 6598 6600 6398 
3 6398 6600 6417 
3 6398 6417 6399 
3 6399 6417 6400 
3 6399 6400 5991 
3 5991 6400 5990 
3 5990 6400 6419 
3 5990 6419 5984 
3 5984 6419 6401 
3 6401 6419 6402 
3 6401 6402 5983 
3 5983 6402 6403 
3 6403 6402 6406 
3 6403 6406 6404 
3 6404 6406 6405 
3 6405 6406 6423 
3 6405 6423 6407 
3 6407 6423 6408 
3 6408 6423 6425 
3 6408 6425 6409 
3 6409 6425 6410 
3 6410 6425 6411 
3 6410 6411 5980 
3 6427 5893 6413 
3 5980 6411 6412 
3 6412 6411 6427 
3 6412 6427 5978 
3 5978 6427 6413 
3 5978 6413 6018 
3 6599 6414 6418 
3 6418 6414 6397 
3 6418 6397 6420 
3 6420 6397 6395 
3 6420 6395 6415 
3 6415 6395 6416 
3 6600 6599 6417 
3 6417 6599 6418 
3 6417 6418 6400 
3 6400 6418 6420 
3 6400 6420 6419 
3 6419 6420 6421 
3 6419 6421 6402 
3 6402 6421 6389 
3 6402 6389 6406 
3 6406 6389 6422 
3 6406 6422 6423 
3 6423 6422 6424 
3 6423 6424 6425 
3 6425 6424 6384 
3 6425 6384 6411 
3 6411 6384 6426 
3 6411 6426 6427 
3 6427 6426 6428 
3 6427 6428 5893 
3 5893 6428 6382 
3 6429 6430 6435 
3 6430 6431 6435 
3 6435 6431 6380 
3 6435 6380 6381 
3 6390 6393 6432 
3 6432 6393 6433 
3 6432 6433 6415 
3 6432 6434 6436 
3 6434 6432 6435 
3 6435 6432 5892 
3 6435 5892 6429 
3 6381 6383 6435 
3 6435 6383 6379 
3 6435 6379 6378 
3 6436 6392 6432 
3 6432 6392 6391 
3 6432 6391 6390 
3 6415 6416 6432 
3 6432 6416 6394 
3 6432 6394 6396 
3 6378 6437 6435 
3 6435 6437 6385 
3 6435 6385 6438 
3 6438 6439 6435 
3 6435 6439 6388 
3 6435 6388 6440 
3 6440 6388 6387 
3 6440 6387 6386 
3 6396 6441 6432 
3 6432 6441 6442 
3 6432 6442 6443 
3 6443 6442 6592 
3 6443 6592 6034 
3 6034 6592 6035 
3 6035 6592 6445 
3 6445 6592 6625 
3 6625 6452 6445 
3 6445 6452 6444 
3 6445 6444 6033 
3 6033 6444 6446 
3 6446 6444 6460 
3 6446 6460 6447 
3 6447 6460 6461 
3 6447 6461 6048 
3 6448 6472 6474 
3 6449 6450 6478 
3 6036 6039 6451 
3 6038 6466 6469 
3 6454 6444 6484 
3 6484 6444 6452 
3 6484 6452 6799 
3 6799 6452 6625 
3 6455 6453 6456 
3 6456 6453 6454 
3 6455 6456 6044 
3 6044 6456 6457 
3 6044 6457 6462 
3 6454 6453 6444 
3 6444 6453 6458 
3 6444 6458 6460 
3 6460 6458 6459 
3 6460 6459 6461 
3 6461 6459 6049 
3 6461 6049 6048 
3 6462 6457 6045 
3 6045 6457 6463 
3 6045 6463 6464 
3 6464 6463 6465 
3 6464 6465 6468 
3 6468 6465 6481 
3 6468 6481 6480 
3 6469 6466 6479 
3 6466 6467 6479 
3 6479 6467 6040 
3 6479 6040 6480 
3 6480 6040 6041 
3 6480 6041 6468 
3 6038 6469 6039 
3 6039 6469 6470 
3 6039 6470 6451 
3 6036 6451 6450 
3 6450 6451 6471 
3 6450 6471 6478 
3 6449 6478 6472 
3 6472 6478 6473 
3 6472 6473 6474 
3 6448 6474 6475 
3 6475 6474 6476 
3 6475 6476 6077 
3 6086 6077 6476 
3 6086 6476 6485 
3 6485 6476 6474 
3 6485 6474 6477 
3 6474 6473 6477 
3 6477 6473 6478 
3 6477 6478 6492 
3 6478 6471 6492 
3 6492 6471 6451 
3 6492 6451 6497 
3 6451 6470 6497 
3 6497 6470 6469 
3 6497 6469 6496 
3 6469 6479 6496 
3 6496 6479 6480 
3 6496 6480 6482 
3 6480 6481 6482 
3 6482 6481 6465 
3 6482 6465 6483 
3 6465 6463 6483 
3 6483 6463 6457 
3 6483 6457 6503 
3 6457 6456 6503 
3 6503 6456 6454 
3 6503 6454 6502 
3 6454 6484 6502 
3 6502 6484 6799 
3 6502 6799 6792 
3 5795 5564 6483 
3 5561 6494 6496 
3 6792 4235 5518 
3 6086 6485 6486 
3 6486 6485 6489 
3 6487 5560 6485 
3 6485 5560 6488 
3 6485 6488 6489 
3 6487 6485 6490 
3 6490 6485 6477 
3 6490 6477 6491 
3 6491 6477 6492 
3 6491 6492 5638 
3 6493 5467 6492 
3 6492 5467 5637 
3 6492 5637 5638 
3 6494 5718 6496 
3 6496 5718 6495 
3 6496 6495 6497 
3 6497 6495 6498 
3 6497 6498 6492 
3 6492 6498 6499 
3 6492 6499 6493 
3 5563 5466 6482 
3 6482 5466 6500 
3 6482 6500 6496 
3 6496 6500 5562 
3 6496 5562 5561 
3 6483 5564 6482 
3 6482 5564 6501 
3 6482 6501 5563 
3 6792 5518 6502 
3 6502 5518 5517 
3 6502 5517 6503 
3 6503 5517 5845 
3 6503 5845 5567 
3 5567 5566 6503 
3 6503 5566 6504 
3 6503 6504 6483 
3 6483 6504 5819 
3 6483 5819 5795 
3 6654 6146 6655 
3 6655 6146 6505 
3 6655 6505 6507 
3 6507 6505 6506 
3 6507 6506 6656 
3 6656 6506 6144 
3 6656 6144 6657 
3 6657 6144 6142 
3 6657 6142 6680 
3 6680 6142 6141 
3 6680 6141 6508 
3 6508 6141 6140 
3 6508 6140 6509 
3 6509 6140 6510 
3 6509 6510 6511 
3 6511 6510 6138 
3 6511 6138 6627 
3 6627 6138 6513 
3 6627 6513 6512 
3 6512 6513 6137 
3 6512 6137 6514 
3 6514 6137 6515 
3 6514 6515 6516 
3 6516 6515 6134 
3 6516 6134 6660 
3 6660 6134 6133 
3 6660 6133 6517 
3 6517 6133 6518 
3 6517 6518 6661 
3 6661 6518 6519 
3 6661 6519 6662 
3 6662 6519 6130 
3 6662 6130 6653 
3 6653 6130 6128 
3 6653 6128 6520 
3 6520 6128 6126 
3 6520 6126 6664 
3 6664 6126 6521 
3 6664 6521 6624 
3 6624 6521 6124 
3 6624 6124 6522 
3 6522 6124 6122 
3 6522 6122 6523 
3 6523 6122 6524 
3 6523 6524 6525 
3 6525 6524 6526 
3 6525 6526 6527 
3 6527 6526 6120 
3 6527 6120 6528 
3 6528 6120 6118 
3 6528 6118 6529 
3 6529 6118 6530 
3 6529 6530 6696 
3 6696 6530 6116 
3 6696 6116 6531 
3 6531 6116 6532 
3 6531 6532 6534 
3 6534 6532 6533 
3 6534 6533 6535 
3 6535 6533 6536 
3 6535 6536 6537 
3 6537 6536 6538 
3 6537 6538 6539 
3 6539 6538 6540 
3 6539 6540 6671 
3 6671 6540 6152 
3 6671 6152 6675 
3 6675 6152 6149 
3 6675 6149 6542 
3 6542 6149 6541 
3 6542 6541 6654 
3 6654 6541 6146 
3 6543 6154 6544 
3 6544 6154 6155 
3 6544 6155 6545 
3 6545 6155 6165 
3 6545 6165 6546 
3 6546 6165 6164 
3 6546 6164 6547 
3 6547 6164 6162 
3 6547 6162 6548 
3 6548 6162 6161 
3 6548 6161 6607 
3 6607 6161 6549 
3 6607 6549 6613 
3 6613 6549 6550 
3 6613 6550 6612 
3 6612 6550 6551 
3 6612 6551 6552 
3 6552 6551 6553 
3 6552 6553 6614 
3 6614 6553 6182 
3 6614 6182 6616 
3 6616 6182 6181 
3 6616 6181 6554 
3 6554 6181 6556 
3 6554 6556 6555 
3 6555 6556 6557 
3 6555 6557 6605 
3 6605 6557 6558 
3 6605 6558 6559 
3 6559 6558 6174 
3 6559 6174 6560 
3 6560 6174 6562 
3 6560 6562 6561 
3 6561 6562 6172 
3 6561 6172 6620 
3 6620 6172 6171 
3 6620 6171 6642 
3 6642 6171 6169 
3 6642 6169 6644 
3 6644 6169 6168 
3 6644 6168 6646 
3 6646 6168 6167 
3 6646 6167 6647 
3 6647 6167 6563 
3 6647 6563 6650 
3 6650 6563 6564 
3 6650 6564 6565 
3 6565 6564 6566 
3 6565 6566 6567 
3 6567 6566 6203 
3 6567 6203 6568 
3 6568 6203 6569 
3 6568 6569 6628 
3 6628 6569 6570 
3 6628 6570 6571 
3 6571 6570 6572 
3 6571 6572 6573 
3 6573 6572 6180 
3 6573 6180 6574 
3 6574 6180 6575 
3 6574 6575 6626 
3 6626 6575 6183 
3 6626 6183 6629 
3 6629 6183 6576 
3 6629 6576 6577 
3 6577 6576 6578 
3 6577 6578 6678 
3 6678 6578 6176 
3 6678 6176 6669 
3 6669 6176 6159 
3 6669 6159 6543 
3 6543 6159 6154 
3 3182 6579 3183 
3 3183 6579 3192 
3 3183 3192 3151 
3 6593 6244 6592 
3 6592 6244 6246 
3 6625 6592 6583 
3 3660 6602 3748 
3 6580 3357 6581 
3 6581 3357 3359 
3 6581 3359 6682 
3 6246 6582 6592 
3 6592 6582 6248 
3 6592 6248 6583 
3 3265 6584 3222 
3 3222 6584 3274 
3 3222 3274 6711 
3 3748 6602 3747 
3 3851 3840 6585 
3 6585 3840 3779 
3 6585 3779 3902 
3 6586 3853 3843 
3 3843 3853 6587 
3 3843 6587 6588 
3 6588 6587 3783 
3 6589 6590 6442 
3 6590 6591 6442 
3 6442 6591 6242 
3 6442 6242 6592 
3 6592 6242 6243 
3 6592 6243 6593 
3 3789 3788 3960 
3 3960 3788 3787 
3 3960 3787 6594 
3 6555 6605 6604 
3 3684 3682 6595 
3 6595 3682 6596 
3 6595 6596 3748 
3 3748 6596 3661 
3 3748 3661 3660 
3 6331 6330 6267 
3 6587 6597 3783 
3 3783 6597 3960 
3 3783 3960 3784 
3 3784 3960 6594 
3 6294 6265 6302 
3 6302 6265 6301 
3 6331 6267 6598 
3 6442 6414 6589 
3 6589 6414 6599 
3 6589 6599 6267 
3 6267 6599 6600 
3 6267 6600 6598 
3 6330 6329 6267 
3 6267 6329 6601 
3 6267 6601 6265 
3 6265 6601 6299 
3 6265 6299 6301 
3 3747 6602 3751 
3 3751 6602 3659 
3 3751 3659 3657 
3 3657 3656 3751 
3 3751 3656 3654 
3 3751 3654 3652 
3 6659 6547 6603 
3 6603 6547 6548 
3 6603 6548 6610 
3 6604 6605 6617 
3 3920 3921 6625 
3 6625 3921 6606 
3 6625 6606 6630 
3 6611 6218 6607 
3 6607 6218 6608 
3 6607 6608 6548 
3 6548 6608 6609 
3 6548 6609 6610 
3 6552 6615 6612 
3 6612 6615 6611 
3 6612 6611 6613 
3 6613 6611 6607 
3 6552 6614 6615 
3 6615 6614 6616 
3 6615 6616 6604 
3 6604 6616 6554 
3 6604 6554 6555 
3 6605 6559 6617 
3 6617 6559 6560 
3 6617 6560 6618 
3 6618 6560 6561 
3 6618 6561 6619 
3 6619 6561 6620 
3 6619 6620 6640 
3 3911 6621 3770 
3 3770 6621 3914 
3 3770 3907 3904 
3 3136 6794 6622 
3 6637 6700 6636 
3 6637 6623 6639 
3 6664 6624 6625 
3 6625 6624 6522 
3 6625 6522 6523 
3 3914 3908 3770 
3 3770 3908 3910 
3 3770 3910 3907 
3 6509 6511 6626 
3 6626 6511 6627 
3 6626 6627 6512 
3 6567 6568 6662 
3 6662 6568 6628 
3 6662 6628 6571 
3 6665 6260 6653 
3 6626 6629 6509 
3 6509 6629 6577 
3 6509 6577 6678 
3 6630 3916 6625 
3 6625 3916 3919 
3 6625 3919 3911 
3 3779 3777 3902 
3 3902 3777 3775 
3 3902 3775 3904 
3 3904 3775 3773 
3 3904 3773 3770 
3 6635 6631 3105 
3 3105 6631 3053 
3 3105 3053 6632 
3 6632 3053 3099 
3 3136 6622 6633 
3 6633 6622 3044 
3 6633 3044 6634 
3 6634 3047 6633 
3 6633 3047 3049 
3 6633 3049 6635 
3 6635 3049 3050 
3 6635 3050 6631 
3 6636 3147 6637 
3 6637 3147 3149 
3 6637 3149 6623 
3 3151 3192 6639 
3 6639 3192 6638 
3 6639 6638 6637 
3 6512 6514 6626 
3 6626 6514 6516 
3 6626 6516 6660 
3 6640 6620 6641 
3 6641 6620 6642 
3 6641 6642 6643 
3 6643 6642 6644 
3 6643 6644 6645 
3 6645 6644 6646 
3 6645 6646 6648 
3 6648 6646 6647 
3 6648 6647 6649 
3 6649 6647 6650 
3 6649 6650 6651 
3 6651 6650 6565 
3 6651 6565 6264 
3 6264 6565 6567 
3 6264 6567 6652 
3 6652 6567 6662 
3 6652 6662 6653 
3 6625 6528 6529 
3 3863 3864 6671 
3 3901 6675 4409 
3 4409 6675 6542 
3 4409 6542 4407 
3 4407 6542 6654 
3 4407 6654 6679 
3 6679 6654 6655 
3 6679 6655 6507 
3 6507 6656 6679 
3 6679 6656 6657 
3 6679 6657 6680 
3 6678 6669 6214 
3 6543 6544 6658 
3 6658 6544 6545 
3 6658 6545 6659 
3 6659 6545 6546 
3 6659 6546 6547 
3 6705 3300 6792 
3 6660 6517 6626 
3 6626 6517 6661 
3 6626 6661 6574 
3 6574 6661 6662 
3 6574 6662 6573 
3 6573 6662 6571 
3 6583 6250 6625 
3 6625 6250 6252 
3 6625 6252 6664 
3 6664 6252 6663 
3 6664 6663 6520 
3 6520 6663 6255 
3 6520 6255 6653 
3 6653 6255 6258 
3 6653 6258 6665 
3 6260 6666 6653 
3 6653 6666 6667 
3 6653 6667 6652 
3 6523 6525 6625 
3 6625 6525 6527 
3 6625 6527 6528 
3 3849 6537 6668 
3 6668 6537 6539 
3 6668 6539 6672 
3 6672 6539 6671 
3 6543 6658 6669 
3 6669 6658 6670 
3 6669 6670 6214 
3 3139 6688 6792 
3 3864 3862 6671 
3 6671 3862 3860 
3 6671 3860 6672 
3 3761 6686 6625 
3 3741 6673 6625 
3 3796 6625 3798 
3 3798 6625 6708 
3 3901 6674 6675 
3 6675 6674 6676 
3 6675 6676 6671 
3 6671 6676 6677 
3 6671 6677 3863 
3 6214 6213 6678 
3 6678 6213 6212 
3 6678 6212 6509 
3 6509 6212 6679 
3 6509 6679 6508 
3 6508 6679 6680 
3 3911 3770 6625 
3 6625 3770 3769 
3 6625 3769 3761 
3 3139 6792 6681 
3 3359 3433 6682 
3 6682 3433 3432 
3 6682 3432 6683 
3 6683 3432 3431 
3 6683 3431 3311 
3 3311 3431 4235 
3 3766 6684 6799 
3 6799 6684 3756 
3 3303 3304 4235 
3 4235 3304 3305 
3 4235 3305 3306 
3 3306 6685 4235 
3 4235 6685 3309 
3 4235 3309 3311 
3 6708 3732 6693 
3 6693 3732 3733 
3 6686 3762 6625 
3 6625 3762 3763 
3 6625 3763 6799 
3 6799 3763 6687 
3 6799 6687 3766 
3 6688 6689 6792 
3 6792 6689 3142 
3 6792 3142 6690 
3 6792 3300 4235 
3 4235 3300 3302 
3 4235 3302 3303 
3 3802 6694 6691 
3 6691 6694 6692 
3 6691 6692 3686 
3 3686 6692 3689 
3 3733 3734 6693 
3 6693 3734 3735 
3 6693 3735 3802 
3 3802 3735 3729 
3 3802 3729 6694 
3 3834 6695 3745 
3 6529 6696 6625 
3 6625 6696 6531 
3 6625 6531 6534 
3 3796 6697 6625 
3 6625 6697 3794 
3 6625 3794 6698 
3 6698 3791 6625 
3 6625 3791 6699 
3 6625 6699 3920 
3 3920 6699 3789 
3 3920 3789 3927 
3 3927 3789 3960 
3 6637 6701 6700 
3 6700 6701 3210 
3 6700 3210 6690 
3 6690 3210 6702 
3 6690 6702 6792 
3 6792 6702 3211 
3 6792 3211 6703 
3 3297 6704 3213 
3 3213 6704 6705 
3 3213 6705 6706 
3 6706 6705 6792 
3 6706 6792 6707 
3 6707 6792 6703 
3 3834 3745 3836 
3 3836 3745 3744 
3 3836 3744 3837 
3 6673 3739 6625 
3 6625 3739 3737 
3 6625 3737 6708 
3 6708 3737 6709 
3 6708 6709 3732 
3 3213 3215 3297 
3 3297 3215 6710 
3 3297 6710 6715 
3 3274 3296 6711 
3 6711 3296 6712 
3 6711 6712 3220 
3 3220 6712 6713 
3 3220 6713 6714 
3 6714 6713 3297 
3 6714 3297 3219 
3 3219 3297 6715 
3 3744 3741 3837 
3 3837 3741 6625 
3 3837 6625 3839 
3 3839 6625 6534 
3 3839 6534 3849 
3 3849 6534 6535 
3 3849 6535 6537 
3 6716 6778 3564 
3 3564 3566 6716 
3 6716 3566 6717 
3 6716 6717 3570 
3 3485 3480 6718 
3 6718 3480 6719 
3 6718 6719 6720 
3 6720 6719 6716 
3 6720 6716 3571 
3 3571 6716 3570 
3 6721 3165 3055 
3 3106 3102 6722 
3 6722 3102 3096 
3 6722 3096 6723 
3 6723 3096 3055 
3 6723 3055 6724 
3 6724 3055 3165 
3 6735 3327 6725 
3 3270 3266 6726 
3 6726 3266 3268 
3 6726 3268 6727 
3 6727 3268 6725 
3 6727 6725 6728 
3 6728 6725 3327 
3 3361 3352 3362 
3 3362 3352 3314 
3 3362 3314 3449 
3 3449 3314 6732 
3 6729 6730 3055 
3 3055 6730 6731 
3 3055 6731 6721 
3 6785 3441 6732 
3 6732 3441 3443 
3 6732 3443 3445 
3 3445 6733 6732 
3 6732 6733 3448 
3 6732 3448 3449 
3 3187 3188 6734 
3 6734 3188 3184 
3 6734 3184 3242 
3 3242 3184 6737 
3 3322 3324 6725 
3 6725 3324 3326 
3 6725 3326 6735 
3 6736 6738 6737 
3 6737 6738 3241 
3 6737 3241 3242 
3 3235 3237 6737 
3 6737 3237 6739 
3 6737 6739 6736 
3 6740 2778 2779 
3 2779 2780 6740 
3 6740 2780 2782 
3 6740 2782 2783 
3 2717 2711 2718 
3 2718 2711 2740 
3 2718 2740 6741 
3 6741 2740 6740 
3 6741 6740 2784 
3 2784 6740 2783 
3 3603 3598 6742 
3 6742 3598 3590 
3 6742 3590 3644 
3 2965 3073 3074 
3 6752 2877 2879 
3 6754 3071 2965 
3 2965 3071 6743 
3 2965 6743 3073 
3 6744 3008 3012 
3 3012 3008 2964 
3 3012 2964 6745 
3 6745 2964 2965 
3 6745 2965 6746 
3 6746 2965 3074 
3 6780 2873 6752 
3 6752 2873 2875 
3 6752 2875 2877 
3 2859 6748 2980 
3 6763 6747 2859 
3 2859 6747 2977 
3 2859 2977 6748 
3 2927 2915 6749 
3 6749 2915 2857 
3 6749 2857 2982 
3 2982 2857 2859 
3 2982 2859 6750 
3 6750 2859 2980 
3 2843 2846 2759 
3 2810 2805 2883 
3 2883 2805 2763 
3 2883 2763 6751 
3 6751 2763 6752 
3 6751 6752 2881 
3 2881 6752 2879 
3 6753 2743 6792 
3 6792 2743 2745 
3 2969 2971 6799 
3 6799 2971 2972 
3 2745 2746 6792 
3 6792 2746 2747 
3 6792 2747 2749 
3 2965 6755 6754 
3 6754 6755 6795 
3 6754 6795 3066 
3 2838 2839 6770 
3 6770 2839 2841 
3 6770 2841 2759 
3 2759 2841 6756 
3 2759 6756 2843 
3 6792 2769 6757 
3 6758 6759 6760 
3 6760 6759 6761 
3 6760 6761 2846 
3 2846 6761 2757 
3 2846 2757 2759 
3 2972 2974 6799 
3 6799 2974 6762 
3 6799 6762 6763 
3 2859 2861 6763 
3 6763 2861 2864 
3 6763 2864 6799 
3 6799 2864 6764 
3 6799 6764 6792 
3 6792 6764 6765 
3 6792 6765 6766 
3 6766 2865 6792 
3 6792 2865 6767 
3 6792 6767 2867 
3 2804 2809 6768 
3 6768 2809 6769 
3 6768 6769 2761 
3 2761 6769 2835 
3 2761 2835 6770 
3 6770 2835 2836 
3 6770 2836 2838 
3 6737 6771 3235 
3 3235 6771 6772 
3 3235 6772 3233 
3 6757 2771 6792 
3 6792 2771 2773 
3 6792 2773 2774 
3 6740 2741 2778 
3 2778 2741 6753 
3 2778 6753 6773 
3 6773 6753 6792 
3 6773 6792 2776 
3 2776 6792 2774 
3 3055 3056 6729 
3 6729 3056 3057 
3 6729 3057 6774 
3 3057 3058 6774 
3 6774 3058 6775 
3 6774 6775 6776 
3 6716 6777 6778 
3 6778 6777 3435 
3 6778 3435 6779 
3 2867 2869 6792 
3 6792 2869 2871 
3 6792 2871 6780 
3 2947 6801 6820 
3 6752 2764 6780 
3 6780 2764 2766 
3 6780 2766 6792 
3 6792 2766 2767 
3 6792 2767 2769 
3 6792 6801 6781 
3 6782 6783 6828 
3 6828 6783 3317 
3 6828 3317 3318 
3 6732 3315 6785 
3 6785 3315 6784 
3 6785 6784 6782 
3 6782 6784 6786 
3 6782 6786 6783 
3 6725 6787 3322 
3 3322 6787 6807 
3 3322 6807 3321 
3 3064 3065 6799 
3 6799 3065 3066 
3 6788 6789 6801 
3 6781 6790 6792 
3 6792 6790 2949 
3 6792 2949 6815 
3 6791 3039 6792 
3 6792 3039 3041 
3 6792 3041 3042 
3 3042 6793 6792 
3 6792 6793 3043 
3 6792 3043 6681 
3 6681 3043 6794 
3 6681 6794 3137 
3 3137 6794 3136 
3 6795 6796 3066 
3 3066 6796 6797 
3 3066 6797 6799 
3 6799 6797 6798 
3 6799 6798 2969 
3 6789 2853 6801 
3 6801 2853 6800 
3 6801 6800 6820 
3 6802 3231 6808 
3 6799 6803 6804 
3 2749 2751 6792 
3 6792 2751 2754 
3 6792 2754 6760 
3 6760 2754 6805 
3 6760 6805 6758 
3 6760 2848 6792 
3 6792 2848 2850 
3 6792 2850 6801 
3 6801 2850 6806 
3 6801 6806 6788 
3 2952 2953 6824 
3 6824 2953 2955 
3 6824 2955 2958 
3 6807 3225 3321 
3 3321 3225 3226 
3 3321 3226 6808 
3 6808 3226 3229 
3 6808 3229 6802 
3 6772 6809 3233 
3 3233 6809 6810 
3 3233 6810 6804 
3 6804 6810 6811 
3 6811 3155 6804 
3 6804 3155 3158 
3 6804 3158 6799 
3 6799 3158 3159 
3 6799 3159 6776 
3 6775 3061 6776 
3 6776 3061 6812 
3 6776 6812 6799 
3 6799 6812 3063 
3 6799 3063 3064 
3 6824 6813 2952 
3 2952 6813 6791 
3 2952 6791 2950 
3 2950 6791 6792 
3 2950 6792 6814 
3 6814 6792 6815 
3 3435 6816 6779 
3 6779 6816 6818 
3 6779 6818 6817 
3 6817 6818 3436 
3 2913 2925 6819 
3 6819 2925 2926 
3 6819 2926 2856 
3 2856 2926 2945 
3 2856 2945 6820 
3 6820 2945 2946 
3 6820 2946 2947 
3 6821 3006 3001 
3 3001 3006 6822 
3 3001 6822 2962 
3 2962 6822 3035 
3 2962 3035 6823 
3 6823 3035 3036 
3 6823 3036 2960 
3 2960 3036 6824 
3 2960 6824 6825 
3 6825 6824 2958 
3 6829 6826 3648 
3 3318 6827 6828 
3 6828 6827 3319 
3 6828 3319 6799 
3 6799 3319 6808 
3 6799 6808 6803 
3 6803 6808 3231 
3 6829 6830 6826 
3 6826 6830 6834 
3 6826 6834 6836 
3 3648 6831 6829 
3 6829 6831 3647 
3 6829 3647 6832 
3 3590 3553 3644 
3 3644 3553 6833 
3 3644 6833 3645 
3 3645 6833 6829 
3 3645 6829 3646 
3 3646 6829 6832 
3 3436 3438 6817 
3 6817 3438 3439 
3 6817 3439 6835 
3 6834 3557 6836 
3 6836 3557 3558 
3 6836 3558 3560 
3 3561 6817 6799 
3 6799 6817 6835 
3 6799 6835 6828 
3 3560 3561 6836 
3 6836 3561 6799 
3 6836 6799 3651 
3 3651 6799 3756 
3 3651 3756 3652 
3 3652 3756 3754 
3 3652 3754 3751 
3 10578 10577 6843 
3 6841 7983 7562 
3 6837 6913 7352 
3 7352 6913 7563 
3 7355 6838 6839 
3 6837 7351 6913 
3 6913 7351 7356 
3 6913 7356 7355 
3 10585 6840 7938 
3 7938 6840 6841 
3 7938 6841 6913 
3 6913 6841 7562 
3 6913 7562 7563 
3 10584 10583 7950 
3 7950 10583 10580 
3 7950 10580 7938 
3 7938 10580 6842 
3 7938 6842 10585 
3 6843 10577 7950 
3 7950 10577 10576 
3 7950 10576 10584 
3 7952 10574 6843 
3 6843 10574 10579 
3 6843 10579 10578 
3 6852 6844 7953 
3 7953 6844 6845 
3 7953 6845 7952 
3 7952 6845 6846 
3 7952 6846 10574 
3 6847 6849 10566 
3 10566 6849 6848 
3 10566 6848 10567 
3 6847 6850 6849 
3 6849 6850 10564 
3 6849 10564 7953 
3 7953 10564 6851 
3 7953 6851 6852 
3 7975 6853 6854 
3 6854 6853 10571 
3 10571 10569 6854 
3 6854 10569 10568 
3 6854 10568 6848 
3 6848 10568 6855 
3 6848 6855 10567 
3 6856 6857 7956 
3 7956 6857 10812 
3 7956 10812 7958 
3 7958 10812 6858 
3 7958 6858 6859 
3 6859 6858 10870 
3 6859 10870 7971 
3 7971 10870 6860 
3 7971 6860 7969 
3 7969 6860 10871 
3 7969 10871 7970 
3 7970 10871 10867 
3 7970 10867 7980 
3 7980 10867 10876 
3 7980 10876 7964 
3 7964 10876 10877 
3 7964 10877 7965 
3 7965 10877 10873 
3 7965 10873 6861 
3 6861 10873 10874 
3 6861 10874 7975 
3 7975 10874 10882 
3 7975 10882 6853 
3 6856 7956 10813 
3 10813 7956 6863 
3 10813 6863 6864 
3 6865 10832 6866 
3 6866 10832 6862 
3 6866 6862 6863 
3 6863 6862 10831 
3 6863 10831 6864 
3 6865 6866 6867 
3 6867 6866 6868 
3 6867 6868 6871 
3 10823 6870 6869 
3 6869 6870 10827 
3 6869 10827 6868 
3 6868 10827 10833 
3 6868 10833 6871 
3 10823 6869 6872 
3 6872 6869 7948 
3 6872 7948 10825 
3 10825 7948 6873 
3 6873 7948 7947 
3 6873 7947 6874 
3 10817 10819 6877 
3 6877 10819 10821 
3 6877 10821 7947 
3 7947 10821 10822 
3 7947 10822 6874 
3 6880 6875 6877 
3 6877 6875 6876 
3 6877 6876 10817 
3 10074 10073 6888 
3 6888 10073 9819 
3 6888 9819 10383 
3 10383 10382 6888 
3 6888 10382 6878 
3 6888 6878 10076 
3 6879 10816 6881 
3 10076 6879 6888 
3 6888 6879 6881 
3 6888 6881 6880 
3 6880 6881 10815 
3 6880 10815 6875 
3 9820 6882 6888 
3 6888 6882 6883 
3 6888 6883 10069 
3 10069 6884 6888 
3 6888 6884 10068 
3 6888 10068 10067 
3 10067 10066 6888 
3 6888 10066 6885 
3 6888 6885 6886 
3 6886 6887 6888 
3 6888 6887 10070 
3 6888 10070 10074 
3 7944 6889 6891 
3 6891 6889 8350 
3 6891 8350 6890 
3 6890 8353 6891 
3 6891 8353 8354 
3 6891 8354 6892 
3 6892 8355 6891 
3 6891 8355 9440 
3 6891 9440 6888 
3 6888 9440 8356 
3 6888 8356 9820 
3 6896 8219 7944 
3 8219 8352 7944 
3 7944 8352 8351 
3 7944 8351 6889 
3 6898 6893 6894 
3 6894 6893 6895 
3 6894 6895 7944 
3 7944 6895 8349 
3 7944 8349 6896 
3 6903 8969 6902 
3 6902 8969 6897 
3 6902 6897 6894 
3 6894 6897 8220 
3 6894 8220 6898 
3 7941 6899 8347 
3 8347 6900 7941 
3 7941 6900 8808 
3 7941 8808 7942 
3 7942 8808 8896 
3 7942 8896 6902 
3 6902 8896 6901 
3 6902 6901 6903 
3 8346 6904 6917 
3 6917 6904 8575 
3 6917 8575 8651 
3 8651 6905 6917 
3 6917 6905 6906 
3 6917 6906 7941 
3 7941 6906 6907 
3 7941 6907 6899 
3 7353 7792 6913 
3 7355 6839 6913 
3 6913 6839 6908 
3 6913 6908 7353 
3 7357 6909 6913 
3 7357 6913 7358 
3 7792 6910 6913 
3 6913 6910 6911 
3 6913 6911 7358 
3 6909 6912 6913 
3 6913 6912 7359 
3 6913 7359 6914 
3 6914 6915 6913 
3 6913 6915 6916 
3 6913 6916 6917 
3 6917 6916 6918 
3 6917 6918 8346 
3 9660 6920 6919 
3 6919 6920 8153 
3 6919 8153 6921 
3 6921 8153 6925 
3 8142 6922 8140 
3 8140 6922 7342 
3 8140 7342 8146 
3 8146 7342 7345 
3 8146 7345 8152 
3 8152 7345 6923 
3 8152 6923 8150 
3 8150 6923 7347 
3 8150 7347 6924 
3 6924 7347 7348 
3 6924 7348 6925 
3 6925 7348 6926 
3 6925 6926 6921 
3 8133 6927 8139 
3 8139 6927 7338 
3 8139 7338 6928 
3 6928 7338 6929 
3 6928 6929 8143 
3 8143 6929 6930 
3 8143 6930 8142 
3 8142 6930 6931 
3 8142 6931 6922 
3 6932 6933 8129 
3 8129 6933 6934 
3 8129 6934 8128 
3 8128 6934 6935 
3 8128 6935 6936 
3 6936 6935 6937 
3 6936 6937 6938 
3 6938 6937 6939 
3 6938 6939 8131 
3 8131 6939 6940 
3 8131 6940 8133 
3 8133 6940 7340 
3 8133 7340 6927 
3 8125 7328 6941 
3 6941 7328 7334 
3 6941 7334 6942 
3 6942 7334 7332 
3 6942 7332 6943 
3 6943 7332 6944 
3 6943 6944 6932 
3 6932 6944 7335 
3 6932 7335 6933 
3 6945 7325 8121 
3 8121 7325 7326 
3 8121 7326 6946 
3 6946 7326 7327 
3 6946 7327 8118 
3 8118 7327 7331 
3 8118 7331 6947 
3 6947 7331 7330 
3 6947 7330 8125 
3 8125 7330 6948 
3 8125 6948 7328 
3 6949 6950 8110 
3 8110 6950 6951 
3 8110 6951 6952 
3 6952 6951 7321 
3 6952 7321 8113 
3 8113 7321 6953 
3 8113 6953 6954 
3 6954 6953 7322 
3 6954 7322 6945 
3 6945 7322 6955 
3 6945 6955 7325 
3 8106 7315 8108 
3 8108 7315 7313 
3 8108 7313 6957 
3 6957 7313 6956 
3 6957 6956 8112 
3 8112 6956 6958 
3 8112 6958 6949 
3 6949 6958 7318 
3 6949 7318 6950 
3 6959 7310 8097 
3 8097 7310 6960 
3 8097 6960 6961 
3 6961 6960 7308 
3 6961 7308 8102 
3 8102 7308 7312 
3 8102 7312 8100 
3 8100 7312 6962 
3 8100 6962 8103 
3 8103 6962 6964 
3 8103 6964 6963 
3 6963 6964 7317 
3 6963 7317 8106 
3 8106 7317 6965 
3 8106 6965 7315 
3 6973 7303 8096 
3 8096 7303 7306 
3 8096 7306 8095 
3 8095 7306 6966 
3 8095 6966 6959 
3 6959 6966 6967 
3 6959 6967 7310 
3 6968 6978 6979 
3 6979 7295 6968 
3 6968 7295 7296 
3 6968 7296 6969 
3 6969 7296 7298 
3 6969 7298 8088 
3 8088 7298 6970 
3 8088 6970 8091 
3 8091 6970 6972 
3 8091 6972 6971 
3 6971 6972 7300 
3 6971 7300 8092 
3 8092 7300 7301 
3 8092 7301 8094 
3 8094 7301 7302 
3 8094 7302 6973 
3 6973 7302 6974 
3 6973 6974 7303 
3 6981 6975 6980 
3 6980 6975 6976 
3 6980 6976 8083 
3 8083 6976 7292 
3 8083 7292 6978 
3 6978 7292 6977 
3 6978 6977 6979 
3 6980 8076 6981 
3 6981 8076 8079 
3 6981 8079 7290 
3 7290 8079 8070 
3 6982 6983 6984 
3 6984 6983 6985 
3 6984 6985 8073 
3 8073 6985 6986 
3 8073 6986 8071 
3 8071 6986 7287 
3 8071 7287 8070 
3 8070 7287 7291 
3 8070 7291 7290 
3 6984 6987 6982 
3 6982 6987 6989 
3 6982 6989 6988 
3 6988 6989 8063 
3 6993 6990 8064 
3 8064 6990 7284 
3 8064 7284 8063 
3 8063 7284 6991 
3 8063 6991 6988 
3 8064 6992 6993 
3 6993 6992 8066 
3 6993 8066 7285 
3 7285 8066 6996 
3 7285 6996 6994 
3 6994 6996 6995 
3 6995 6996 6997 
3 6995 6997 6998 
3 6998 6997 8058 
3 6998 8058 6999 
3 6999 8058 8061 
3 6999 8061 7000 
3 7000 8061 7281 
3 7281 8061 8062 
3 7281 8062 8055 
3 7007 7278 7001 
3 7001 7278 7002 
3 7001 7002 7003 
3 7003 7002 7004 
3 7003 7004 8055 
3 8055 7004 7005 
3 8055 7005 7281 
3 7001 8051 7007 
3 7007 8051 7006 
3 7007 7006 7274 
3 7274 7006 8053 
3 7015 7016 8049 
3 8049 7016 7008 
3 8049 7008 7009 
3 7009 7008 7272 
3 7009 7272 7010 
3 7010 7272 7011 
3 7010 7011 8046 
3 8046 7011 7276 
3 8046 7276 8053 
3 8053 7276 7275 
3 8053 7275 7274 
3 7017 7269 7012 
3 7012 7269 7267 
3 7012 7267 7014 
3 7014 7267 7013 
3 7014 7013 7015 
3 7015 7013 7270 
3 7015 7270 7016 
3 7012 8045 7017 
3 7017 8045 7018 
3 7017 7018 7023 
3 7023 7018 7019 
3 8033 7262 8035 
3 8035 7262 7263 
3 8035 7263 8037 
3 8037 7263 7020 
3 8037 7020 7021 
3 7021 7020 7265 
3 7021 7265 7019 
3 7019 7265 7022 
3 7019 7022 7023 
3 7029 7260 8027 
3 8027 7260 7024 
3 8027 7024 8011 
3 8011 7024 7025 
3 8011 7025 8032 
3 8032 7025 7026 
3 8032 7026 8033 
3 8033 7026 7027 
3 8033 7027 7262 
3 8027 7028 7029 
3 7029 7028 8028 
3 7029 8028 7259 
3 7259 8028 8030 
3 8025 7030 7031 
3 7031 7030 7032 
3 7031 7032 8024 
3 8024 7032 7033 
3 8024 7033 8021 
3 8021 7033 7034 
3 8021 7034 8030 
3 8030 7034 7258 
3 8030 7258 7259 
3 7037 7251 8015 
3 8015 7251 7035 
3 8015 7035 8014 
3 8014 7035 7253 
3 8014 7253 8025 
3 8025 7253 7036 
3 8025 7036 7030 
3 8013 7250 8018 
3 8018 7250 7038 
3 8018 7038 7037 
3 7037 7038 7252 
3 7037 7252 7251 
3 7039 8005 7214 
3 8004 8003 7068 
3 7040 8167 7152 
3 8165 8163 7133 
3 8161 7112 7134 
3 7041 8157 7073 
3 7073 8157 8178 
3 7191 7192 8176 
3 7210 7213 7042 
3 7211 8173 7212 
3 7231 7247 8172 
3 7043 7044 8169 
3 7046 7045 7044 
3 7044 7043 7046 
3 7046 7043 7047 
3 7046 7047 7949 
3 7949 7047 7245 
3 7949 7245 7048 
3 7048 7245 7049 
3 7048 7049 7946 
3 7946 7049 7050 
3 7946 7050 7051 
3 7051 7050 7052 
3 7051 7052 7945 
3 7945 7052 7243 
3 7945 7243 7053 
3 7053 7243 7241 
3 7053 7241 7943 
3 7943 7241 7054 
3 7943 7054 7055 
3 7055 7054 7056 
3 7055 7056 7057 
3 7057 7056 7238 
3 7057 7238 7058 
3 7058 7238 7059 
3 7058 7059 7940 
3 7940 7059 7060 
3 7940 7060 7939 
3 7939 7060 7236 
3 7939 7236 7061 
3 7061 7236 7235 
3 7061 7235 7062 
3 7062 7235 7232 
3 7062 7232 7951 
3 7951 7232 7063 
3 7951 7063 7954 
3 7954 7063 7064 
3 7954 7064 7955 
3 7955 7064 7067 
3 7955 7067 7066 
3 8000 7066 7065 
3 7065 7066 7067 
3 7065 7067 8001 
3 8001 7067 8003 
3 8004 7068 8005 
3 7070 7069 7171 
3 7171 7069 7039 
3 8010 8008 7153 
3 7153 8008 7070 
3 7995 7996 7154 
3 7154 7996 7998 
3 7154 7998 8010 
3 7993 7994 7135 
3 7135 7994 7995 
3 7094 7992 7113 
3 7113 7992 7993 
3 7071 7072 7093 
3 8178 7074 7073 
3 7073 7074 8181 
3 7073 8181 7075 
3 7075 8181 8180 
3 7075 8180 7076 
3 7076 8180 8184 
3 7076 8184 7111 
3 7111 8184 8186 
3 7111 8186 7077 
3 7077 8186 8187 
3 7077 8187 7109 
3 7109 8187 7078 
3 7109 7078 7107 
3 7107 7078 7079 
3 7107 7079 7080 
3 7080 7079 7081 
3 7080 7081 7082 
3 7082 7081 7083 
3 7082 7083 7106 
3 7106 7083 7084 
3 7106 7084 7105 
3 7105 7084 8198 
3 7105 8198 7103 
3 7103 8198 7085 
3 7103 7085 7100 
3 7100 7085 7086 
3 7100 7086 7087 
3 7087 7086 8204 
3 7087 8204 7088 
3 7088 8204 8207 
3 7088 8207 7097 
3 7097 8207 7089 
3 7097 7089 7096 
3 7096 7089 7090 
3 7096 7090 7091 
3 7091 7090 7071 
3 7091 7071 7092 
3 7092 7071 7093 
3 7092 7093 7094 
3 7094 7113 7092 
3 7092 7113 7115 
3 7092 7115 7091 
3 7091 7115 7095 
3 7091 7095 7096 
3 7096 7095 7098 
3 7096 7098 7097 
3 7097 7098 7099 
3 7097 7099 7088 
3 7088 7099 7119 
3 7088 7119 7087 
3 7087 7119 7101 
3 7087 7101 7100 
3 7100 7101 7102 
3 7100 7102 7103 
3 7103 7102 7122 
3 7103 7122 7105 
3 7105 7122 7104 
3 7105 7104 7106 
3 7106 7104 7125 
3 7106 7125 7082 
3 7082 7125 7126 
3 7082 7126 7080 
3 7080 7126 7128 
3 7080 7128 7107 
3 7107 7128 7108 
3 7107 7108 7109 
3 7109 7108 7130 
3 7109 7130 7077 
3 7077 7130 7110 
3 7077 7110 7111 
3 7111 7110 7131 
3 7111 7131 7076 
3 7076 7131 7132 
3 7076 7132 7075 
3 7075 7132 7134 
3 7075 7134 7073 
3 7073 7134 7112 
3 7073 7112 7041 
3 7993 7135 7113 
3 7113 7135 7114 
3 7113 7114 7115 
3 7115 7114 7136 
3 7115 7136 7095 
3 7095 7136 7116 
3 7095 7116 7098 
3 7098 7116 7117 
3 7098 7117 7099 
3 7099 7117 7118 
3 7099 7118 7119 
3 7119 7118 7120 
3 7119 7120 7101 
3 7101 7120 7121 
3 7101 7121 7102 
3 7102 7121 7123 
3 7102 7123 7122 
3 7122 7123 7124 
3 7122 7124 7104 
3 7104 7124 7141 
3 7104 7141 7125 
3 7125 7141 7127 
3 7125 7127 7126 
3 7126 7127 7129 
3 7126 7129 7128 
3 7128 7129 7144 
3 7128 7144 7108 
3 7108 7144 7145 
3 7108 7145 7130 
3 7130 7145 7146 
3 7130 7146 7110 
3 7110 7146 7149 
3 7110 7149 7131 
3 7131 7149 7151 
3 7131 7151 7132 
3 7132 7151 7133 
3 7132 7133 7134 
3 7134 7133 8163 
3 7134 8163 8161 
3 7995 7154 7135 
3 7135 7154 7155 
3 7135 7155 7114 
3 7114 7155 7157 
3 7114 7157 7136 
3 7136 7157 7137 
3 7136 7137 7116 
3 7116 7137 7138 
3 7116 7138 7117 
3 7117 7138 7159 
3 7117 7159 7118 
3 7118 7159 7161 
3 7118 7161 7120 
3 7120 7161 7163 
3 7120 7163 7121 
3 7121 7163 7139 
3 7121 7139 7123 
3 7123 7139 7140 
3 7123 7140 7124 
3 7124 7140 7165 
3 7124 7165 7141 
3 7141 7165 7166 
3 7141 7166 7127 
3 7127 7166 7142 
3 7127 7142 7129 
3 7129 7142 7143 
3 7129 7143 7144 
3 7144 7143 7169 
3 7144 7169 7145 
3 7145 7169 7147 
3 7145 7147 7146 
3 7146 7147 7148 
3 7146 7148 7149 
3 7149 7148 7150 
3 7149 7150 7151 
3 7151 7150 7152 
3 7151 7152 7133 
3 7133 7152 8167 
3 7133 8167 8165 
3 8010 7153 7154 
3 7154 7153 7173 
3 7154 7173 7155 
3 7155 7173 7156 
3 7155 7156 7157 
3 7157 7156 7174 
3 7157 7174 7137 
3 7137 7174 7158 
3 7137 7158 7138 
3 7138 7158 7160 
3 7138 7160 7159 
3 7159 7160 7162 
3 7159 7162 7161 
3 7161 7162 7178 
3 7161 7178 7163 
3 7163 7178 7179 
3 7163 7179 7139 
3 7139 7179 7164 
3 7139 7164 7140 
3 7140 7164 7181 
3 7140 7181 7165 
3 7165 7181 7184 
3 7165 7184 7166 
3 7166 7184 7167 
3 7166 7167 7142 
3 7142 7167 7168 
3 7142 7168 7143 
3 7143 7168 7186 
3 7143 7186 7169 
3 7169 7186 7187 
3 7169 7187 7147 
3 7147 7187 7170 
3 7147 7170 7148 
3 7148 7170 7189 
3 7148 7189 7150 
3 7150 7189 7191 
3 7150 7191 7152 
3 7152 7191 8176 
3 7152 8176 7040 
3 7070 7171 7153 
3 7153 7171 7194 
3 7153 7194 7173 
3 7173 7194 7172 
3 7173 7172 7156 
3 7156 7172 7196 
3 7156 7196 7174 
3 7174 7196 7198 
3 7174 7198 7158 
3 7158 7198 7175 
3 7158 7175 7160 
3 7160 7175 7176 
3 7160 7176 7162 
3 7162 7176 7177 
3 7162 7177 7178 
3 7178 7177 7180 
3 7178 7180 7179 
3 7179 7180 7202 
3 7179 7202 7164 
3 7164 7202 7182 
3 7164 7182 7181 
3 7181 7182 7183 
3 7181 7183 7184 
3 7184 7183 7185 
3 7184 7185 7167 
3 7167 7185 7203 
3 7167 7203 7168 
3 7168 7203 7206 
3 7168 7206 7186 
3 7186 7206 7208 
3 7186 7208 7187 
3 7187 7208 7188 
3 7187 7188 7170 
3 7170 7188 7190 
3 7170 7190 7189 
3 7189 7190 7210 
3 7189 7210 7191 
3 7191 7210 7042 
3 7191 7042 7192 
3 7039 7214 7171 
3 7171 7214 7193 
3 7171 7193 7194 
3 7194 7193 7195 
3 7194 7195 7172 
3 7172 7195 7216 
3 7172 7216 7196 
3 7196 7216 7197 
3 7196 7197 7198 
3 7198 7197 7219 
3 7198 7219 7175 
3 7175 7219 7199 
3 7175 7199 7176 
3 7176 7199 7200 
3 7176 7200 7177 
3 7177 7200 7221 
3 7177 7221 7180 
3 7180 7221 7201 
3 7180 7201 7202 
3 7202 7201 7223 
3 7202 7223 7182 
3 7182 7223 7224 
3 7182 7224 7183 
3 7183 7224 7226 
3 7183 7226 7185 
3 7185 7226 7204 
3 7185 7204 7203 
3 7203 7204 7205 
3 7203 7205 7206 
3 7206 7205 7207 
3 7206 7207 7208 
3 7208 7207 7209 
3 7208 7209 7188 
3 7188 7209 7229 
3 7188 7229 7190 
3 7190 7229 7211 
3 7190 7211 7210 
3 7210 7211 7212 
3 7210 7212 7213 
3 8005 7068 7214 
3 7214 7068 7215 
3 7214 7215 7193 
3 7193 7215 7233 
3 7193 7233 7195 
3 7195 7233 7234 
3 7195 7234 7216 
3 7216 7234 7217 
3 7216 7217 7197 
3 7197 7217 7218 
3 7197 7218 7219 
3 7219 7218 7220 
3 7219 7220 7199 
3 7199 7220 7237 
3 7199 7237 7200 
3 7200 7237 7239 
3 7200 7239 7221 
3 7221 7239 7240 
3 7221 7240 7201 
3 7201 7240 7222 
3 7201 7222 7223 
3 7223 7222 7242 
3 7223 7242 7224 
3 7224 7242 7225 
3 7224 7225 7226 
3 7226 7225 7227 
3 7226 7227 7204 
3 7204 7227 7244 
3 7204 7244 7205 
3 7205 7244 7228 
3 7205 7228 7207 
3 7207 7228 7246 
3 7207 7246 7209 
3 7209 7246 7230 
3 7209 7230 7229 
3 7229 7230 7231 
3 7229 7231 7211 
3 7211 7231 8172 
3 7211 8172 8173 
3 8003 7067 7068 
3 7068 7067 7064 
3 7068 7064 7215 
3 7215 7064 7063 
3 7215 7063 7233 
3 7233 7063 7232 
3 7233 7232 7234 
3 7234 7232 7235 
3 7234 7235 7217 
3 7217 7235 7236 
3 7217 7236 7218 
3 7218 7236 7060 
3 7218 7060 7220 
3 7220 7060 7059 
3 7220 7059 7237 
3 7237 7059 7238 
3 7237 7238 7239 
3 7239 7238 7056 
3 7239 7056 7240 
3 7240 7056 7054 
3 7240 7054 7222 
3 7222 7054 7241 
3 7222 7241 7242 
3 7242 7241 7243 
3 7242 7243 7225 
3 7225 7243 7052 
3 7225 7052 7227 
3 7227 7052 7050 
3 7227 7050 7244 
3 7244 7050 7049 
3 7244 7049 7228 
3 7228 7049 7245 
3 7228 7245 7246 
3 7246 7245 7047 
3 7246 7047 7230 
3 7230 7047 7043 
3 7230 7043 7231 
3 7231 7043 8169 
3 7231 8169 7247 
3 7360 7248 7361 
3 6910 7792 7791 
3 7249 7038 7488 
3 7488 7038 7250 
3 7254 7251 7249 
3 7249 7251 7252 
3 7249 7252 7038 
3 7032 7030 7255 
3 7255 7030 7036 
3 7255 7036 7489 
3 7489 7036 7253 
3 7489 7253 7254 
3 7254 7253 7035 
3 7254 7035 7251 
3 7032 7255 7033 
3 7033 7255 7256 
3 7033 7256 7034 
3 7034 7256 7257 
3 7034 7257 7258 
3 7258 7257 7492 
3 7258 7492 7259 
3 7259 7492 7029 
3 7029 7492 7494 
3 7029 7494 7260 
3 7260 7494 7024 
3 7024 7494 7495 
3 7024 7495 7025 
3 7025 7495 7026 
3 7026 7495 7496 
3 7026 7496 7027 
3 7027 7496 7261 
3 7027 7261 7262 
3 7262 7261 7263 
3 7263 7261 7264 
3 7263 7264 7020 
3 7020 7264 7265 
3 7265 7264 7499 
3 7265 7499 7022 
3 7022 7499 7266 
3 7022 7266 7023 
3 7271 7267 7268 
3 7268 7267 7269 
3 7268 7269 7266 
3 7266 7269 7017 
3 7266 7017 7023 
3 7504 7016 7503 
3 7503 7016 7270 
3 7503 7270 7271 
3 7271 7270 7013 
3 7271 7013 7267 
3 7277 7272 7504 
3 7504 7272 7008 
3 7504 7008 7016 
3 7007 7274 7273 
3 7273 7274 7275 
3 7273 7275 7506 
3 7506 7275 7276 
3 7506 7276 7277 
3 7277 7276 7011 
3 7277 7011 7272 
3 7007 7273 7278 
3 7278 7273 7279 
3 7278 7279 7002 
3 7002 7279 7280 
3 7002 7280 7004 
3 7004 7280 7005 
3 7005 7280 7509 
3 7005 7509 7281 
3 7281 7509 7282 
3 7281 7282 7000 
3 7000 7282 6999 
3 6999 7282 7512 
3 6999 7512 6998 
3 6998 7512 6995 
3 6995 7512 7513 
3 6995 7513 6994 
3 6994 7513 7514 
3 6994 7514 7285 
3 7519 6991 7283 
3 7283 6991 7284 
3 7283 7284 7517 
3 7517 7284 6990 
3 7517 6990 7514 
3 7514 6990 6993 
3 7514 6993 7285 
3 7520 6982 7519 
3 7519 6982 6988 
3 7519 6988 6991 
3 7288 6985 7520 
3 7520 6985 6983 
3 7520 6983 6982 
3 7522 7291 7286 
3 7286 7291 7287 
3 7286 7287 7288 
3 7288 7287 6986 
3 7288 6986 6985 
3 7289 6981 7522 
3 7522 6981 7290 
3 7522 7290 7291 
3 6979 6977 7526 
3 7526 6977 7292 
3 7526 7292 7293 
3 7293 7292 6976 
3 7293 6976 7289 
3 7289 6976 6975 
3 7289 6975 6981 
3 6979 7526 7295 
3 7295 7526 7294 
3 7295 7294 7296 
3 7296 7294 7297 
3 7296 7297 7298 
3 7298 7297 6970 
3 6970 7297 7299 
3 6970 7299 6972 
3 6972 7299 7529 
3 6972 7529 7300 
3 7300 7529 7301 
3 7301 7529 7530 
3 7301 7530 7302 
3 7302 7530 6974 
3 6974 7530 7532 
3 6974 7532 7303 
3 7303 7532 7304 
3 7303 7304 7306 
3 7309 7310 7305 
3 7305 7310 6967 
3 7305 6967 7304 
3 7304 6967 6966 
3 7304 6966 7306 
3 7311 7312 7307 
3 7307 7312 7308 
3 7307 7308 7309 
3 7309 7308 6960 
3 7309 6960 7310 
3 7316 6964 7311 
3 7311 6964 6962 
3 7311 6962 7312 
3 6956 7313 7314 
3 7314 7313 7315 
3 7314 7315 7537 
3 7537 7315 6965 
3 7537 6965 7316 
3 7316 6965 7317 
3 7316 7317 6964 
3 6956 7314 6958 
3 6958 7314 7541 
3 6958 7541 7318 
3 7318 7541 7319 
3 7318 7319 6950 
3 6950 7319 6951 
3 6951 7319 7320 
3 6951 7320 7321 
3 7321 7320 7542 
3 7321 7542 6953 
3 6953 7542 7322 
3 7322 7542 7323 
3 7322 7323 6955 
3 6955 7323 7325 
3 7325 7323 7324 
3 7325 7324 7326 
3 7326 7324 7544 
3 7326 7544 7327 
3 7333 7328 7329 
3 7329 7328 6948 
3 7329 6948 7546 
3 7546 6948 7330 
3 7546 7330 7544 
3 7544 7330 7331 
3 7544 7331 7327 
3 7548 7332 7333 
3 7333 7332 7334 
3 7333 7334 7328 
3 7549 7335 7548 
3 7548 7335 6944 
3 7548 6944 7332 
3 7337 6935 7336 
3 7336 6935 6934 
3 7336 6934 7549 
3 7549 6934 6933 
3 7549 6933 7335 
3 7341 6939 7337 
3 7337 6939 6937 
3 7337 6937 6935 
3 6929 7338 7339 
3 7339 7338 6927 
3 7339 6927 7552 
3 7552 6927 7340 
3 7552 7340 7341 
3 7341 7340 6940 
3 7341 6940 6939 
3 6929 7339 6930 
3 6930 7339 7554 
3 6930 7554 6931 
3 6931 7554 7343 
3 6931 7343 6922 
3 6922 7343 7342 
3 7342 7343 7344 
3 7342 7344 7345 
3 7345 7344 7346 
3 7345 7346 6923 
3 6923 7346 7347 
3 7347 7346 7349 
3 7347 7349 7348 
3 7348 7349 6926 
3 6926 7349 7559 
3 6926 7559 6921 
3 6921 7559 7350 
3 6921 7350 6919 
3 6919 7350 9660 
3 9660 7350 7561 
3 9660 7561 9659 
3 7564 7984 7560 
3 7351 6837 7565 
3 7565 6837 7352 
3 7565 7352 7563 
3 7354 7353 6908 
3 6908 6839 7354 
3 7354 6839 6838 
3 7354 6838 7715 
3 7715 6838 7355 
3 7715 7355 7356 
3 6909 7357 7865 
3 7865 7357 7358 
3 7865 7358 6911 
3 6914 7359 7361 
3 7361 7359 6912 
3 7361 6912 7937 
3 6914 7361 6915 
3 6915 7361 7248 
3 6915 7248 6916 
3 7360 7361 8345 
3 8345 7361 7937 
3 8345 7937 7362 
3 7362 7937 7364 
3 7362 7364 7363 
3 7363 7364 7365 
3 7365 7364 7934 
3 7365 7934 8343 
3 8343 7934 7366 
3 7366 7934 7367 
3 7366 7367 7368 
3 7368 7367 7369 
3 7369 7367 7371 
3 7369 7371 8341 
3 8341 7371 7370 
3 7370 7371 7374 
3 7370 7374 7372 
3 7372 7374 7373 
3 7373 7374 7376 
3 7373 7376 7375 
3 7375 7376 7377 
3 7377 7376 7930 
3 7377 7930 7378 
3 7378 7930 8339 
3 8339 7930 7927 
3 8339 7927 7379 
3 7379 7927 8336 
3 8336 7927 7380 
3 8336 7380 8335 
3 8335 7380 7381 
3 7381 7380 7383 
3 7381 7383 8334 
3 8334 7383 7382 
3 7382 7383 7384 
3 7382 7384 7385 
3 7385 7384 7386 
3 7386 7384 7387 
3 7386 7387 8333 
3 8333 7387 7388 
3 7388 7387 7923 
3 7388 7923 8332 
3 8332 7923 8331 
3 8331 7923 7922 
3 8331 7922 8330 
3 8330 7922 7390 
3 7390 7922 7389 
3 7390 7389 8329 
3 8329 7389 8328 
3 8328 7389 7919 
3 8328 7919 8327 
3 8327 7919 7391 
3 7391 7919 7392 
3 7391 7392 8326 
3 8326 7392 7393 
3 7393 7392 7916 
3 7393 7916 7394 
3 7394 7916 7395 
3 7395 7916 7915 
3 7395 7915 8324 
3 8324 7915 7396 
3 7396 7915 7913 
3 7396 7913 8321 
3 8321 7913 7397 
3 7397 7913 7399 
3 7397 7399 7398 
3 7398 7399 8319 
3 8319 7399 7400 
3 8319 7400 8318 
3 8318 7400 8317 
3 8317 7400 7401 
3 8317 7401 8315 
3 8315 7401 8314 
3 8314 7401 7402 
3 8314 7402 7403 
3 7403 7402 8313 
3 8313 7402 7908 
3 8313 7908 8311 
3 8311 7908 8310 
3 8310 7908 7405 
3 8310 7405 8309 
3 8309 7405 7404 
3 7404 7405 7406 
3 7404 7406 8307 
3 8307 7406 7407 
3 7407 7406 7408 
3 7407 7408 8306 
3 8306 7408 7409 
3 7409 7408 7410 
3 7409 7410 8305 
3 8305 7410 8304 
3 8304 7410 7903 
3 8304 7903 8302 
3 8302 7903 7411 
3 7411 7903 7902 
3 7411 7902 8301 
3 8301 7902 8300 
3 8300 7902 7412 
3 8300 7412 8299 
3 8299 7412 7413 
3 7413 7412 7900 
3 7413 7900 8298 
3 8298 7900 7414 
3 7414 7900 7416 
3 7414 7416 7415 
3 7415 7416 8296 
3 8296 7416 7417 
3 8296 7417 7418 
3 7418 7417 7419 
3 7419 7417 7420 
3 7419 7420 8295 
3 8295 7420 7421 
3 7421 7420 7422 
3 7421 7422 8294 
3 8294 7422 7423 
3 7423 7422 7899 
3 7423 7899 7424 
3 7424 7899 7425 
3 7425 7899 7426 
3 7425 7426 8292 
3 8292 7426 7427 
3 7427 7426 7897 
3 7427 7897 8290 
3 8290 7897 8289 
3 8289 7897 7428 
3 8289 7428 8288 
3 8288 7428 8287 
3 8287 7428 7895 
3 8287 7895 7429 
3 7429 7895 8284 
3 8284 7895 7430 
3 8284 7430 8283 
3 8283 7430 7431 
3 7431 7430 7432 
3 7431 7432 8281 
3 8281 7432 7433 
3 7433 7432 7434 
3 7433 7434 7435 
3 7435 7434 8280 
3 8280 7434 7891 
3 8280 7891 8278 
3 8278 7891 7436 
3 7436 7891 7437 
3 7436 7437 7438 
3 7438 7437 8276 
3 8276 7437 7888 
3 8276 7888 7439 
3 7439 7888 7440 
3 7440 7888 7887 
3 7440 7887 8274 
3 8274 7887 8272 
3 8272 7887 7885 
3 8272 7885 8271 
3 8271 7885 7441 
3 7441 7885 7442 
3 7441 7442 7443 
3 7443 7442 8269 
3 8269 7442 7445 
3 8269 7445 7444 
3 7444 7445 8265 
3 8265 7445 7883 
3 8265 7883 7446 
3 7446 7883 7447 
3 7447 7883 7448 
3 7447 7448 8268 
3 8268 7448 8264 
3 8264 7448 7449 
3 8264 7449 7450 
3 7450 7449 7451 
3 7451 7449 7881 
3 7451 7881 7452 
3 7452 7881 7453 
3 7453 7881 7880 
3 7453 7880 7454 
3 7454 7880 7455 
3 7455 7880 7457 
3 7455 7457 8262 
3 8262 7457 7456 
3 7456 7457 7459 
3 7456 7459 7458 
3 7458 7459 8258 
3 8258 7459 7460 
3 8258 7460 8259 
3 8259 7460 7461 
3 7461 7460 7463 
3 7461 7463 7462 
3 7462 7463 8255 
3 8255 7463 7876 
3 8255 7876 7464 
3 7464 7876 8253 
3 8253 7876 7466 
3 8253 7466 7465 
3 7465 7466 7467 
3 7467 7466 7468 
3 7467 7468 7472 
3 7873 7469 7470 
3 7470 8251 7873 
3 7873 8251 7471 
3 7873 7471 7468 
3 7468 7471 8250 
3 7468 8250 7472 
3 7473 7872 8249 
3 8249 7474 7473 
3 7473 7474 8248 
3 7473 8248 7469 
3 7469 8248 7475 
3 7469 7475 7470 
3 7476 7870 8246 
3 8246 8245 7476 
3 7476 8245 7477 
3 7476 7477 7872 
3 7872 7477 8244 
3 7872 8244 8249 
3 7479 7868 7478 
3 7478 7480 7479 
3 7479 7480 8241 
3 7479 8241 7870 
3 7870 8241 8240 
3 7870 8240 8246 
3 7866 7481 8238 
3 8238 8237 7866 
3 7866 8237 7482 
3 7866 7482 7868 
3 7868 7482 8242 
3 7868 8242 7478 
3 7485 7483 8497 
3 8497 7484 7485 
3 7485 7484 8234 
3 7485 8234 7481 
3 7481 8234 7486 
3 7481 7486 8238 
3 7795 7793 7483 
3 7794 7986 7793 
3 7717 7987 7986 
3 7643 7989 7988 
3 7989 7488 7487 
3 7487 7488 7250 
3 7487 7250 9663 
3 7989 7643 7488 
3 7488 7643 7641 
3 7488 7641 7249 
3 7249 7641 7639 
3 7249 7639 7254 
3 7254 7639 7638 
3 7254 7638 7489 
3 7489 7638 7636 
3 7489 7636 7255 
3 7255 7636 7490 
3 7255 7490 7256 
3 7256 7490 7491 
3 7256 7491 7257 
3 7257 7491 7633 
3 7257 7633 7492 
3 7492 7633 7493 
3 7492 7493 7494 
3 7494 7493 7632 
3 7494 7632 7495 
3 7495 7632 7630 
3 7495 7630 7496 
3 7496 7630 7628 
3 7496 7628 7261 
3 7261 7628 7497 
3 7261 7497 7264 
3 7264 7497 7498 
3 7264 7498 7499 
3 7499 7498 7500 
3 7499 7500 7266 
3 7266 7500 7626 
3 7266 7626 7268 
3 7268 7626 7501 
3 7268 7501 7271 
3 7271 7501 7502 
3 7271 7502 7503 
3 7503 7502 7623 
3 7503 7623 7504 
3 7504 7623 7505 
3 7504 7505 7277 
3 7277 7505 7622 
3 7277 7622 7506 
3 7506 7622 7621 
3 7506 7621 7273 
3 7273 7621 7507 
3 7273 7507 7279 
3 7279 7507 7619 
3 7279 7619 7280 
3 7280 7619 7508 
3 7280 7508 7509 
3 7509 7508 7510 
3 7509 7510 7282 
3 7282 7510 7511 
3 7282 7511 7512 
3 7512 7511 7616 
3 7512 7616 7513 
3 7513 7616 7614 
3 7513 7614 7514 
3 7514 7614 7515 
3 7514 7515 7517 
3 7517 7515 7516 
3 7517 7516 7283 
3 7283 7516 7518 
3 7283 7518 7519 
3 7519 7518 7611 
3 7519 7611 7520 
3 7520 7611 7610 
3 7520 7610 7288 
3 7288 7610 7521 
3 7288 7521 7286 
3 7286 7521 7607 
3 7286 7607 7522 
3 7522 7607 7523 
3 7522 7523 7289 
3 7289 7523 7606 
3 7289 7606 7293 
3 7293 7606 7524 
3 7293 7524 7526 
3 7526 7524 7525 
3 7526 7525 7294 
3 7294 7525 7603 
3 7294 7603 7297 
3 7297 7603 7527 
3 7297 7527 7299 
3 7299 7527 7528 
3 7299 7528 7529 
3 7529 7528 7601 
3 7529 7601 7530 
3 7530 7601 7531 
3 7530 7531 7532 
3 7532 7531 7600 
3 7532 7600 7304 
3 7304 7600 7533 
3 7304 7533 7305 
3 7305 7533 7597 
3 7305 7597 7309 
3 7309 7597 7595 
3 7309 7595 7307 
3 7307 7595 7534 
3 7307 7534 7311 
3 7311 7534 7535 
3 7311 7535 7316 
3 7316 7535 7536 
3 7316 7536 7537 
3 7537 7536 7538 
3 7537 7538 7314 
3 7314 7538 7539 
3 7314 7539 7541 
3 7541 7539 7540 
3 7541 7540 7319 
3 7319 7540 7589 
3 7319 7589 7320 
3 7320 7589 7588 
3 7320 7588 7542 
3 7542 7588 7543 
3 7542 7543 7323 
3 7323 7543 7586 
3 7323 7586 7324 
3 7324 7586 7545 
3 7324 7545 7544 
3 7544 7545 7584 
3 7544 7584 7546 
3 7546 7584 7582 
3 7546 7582 7329 
3 7329 7582 7580 
3 7329 7580 7333 
3 7333 7580 7547 
3 7333 7547 7548 
3 7548 7547 7577 
3 7548 7577 7549 
3 7549 7577 7575 
3 7549 7575 7336 
3 7336 7575 7550 
3 7336 7550 7337 
3 7337 7550 7551 
3 7337 7551 7341 
3 7341 7551 7573 
3 7341 7573 7552 
3 7552 7573 7553 
3 7552 7553 7339 
3 7339 7553 7570 
3 7339 7570 7554 
3 7554 7570 7555 
3 7554 7555 7343 
3 7343 7555 7556 
3 7343 7556 7344 
3 7344 7556 7557 
3 7344 7557 7346 
3 7346 7557 7558 
3 7346 7558 7349 
3 7349 7558 7566 
3 7349 7566 7559 
3 7559 7566 7564 
3 7559 7564 7350 
3 7350 7564 7560 
3 7350 7560 7561 
3 7562 7984 7563 
3 7563 7984 7564 
3 7563 7564 7565 
3 7565 7564 7566 
3 7565 7566 7716 
3 7716 7566 7558 
3 7716 7558 7567 
3 7567 7558 7557 
3 7567 7557 7568 
3 7568 7557 7556 
3 7568 7556 7569 
3 7569 7556 7555 
3 7569 7555 7713 
3 7713 7555 7570 
3 7713 7570 7571 
3 7571 7570 7553 
3 7571 7553 7572 
3 7572 7553 7573 
3 7572 7573 7711 
3 7711 7573 7551 
3 7711 7551 7574 
3 7574 7551 7550 
3 7574 7550 7576 
3 7576 7550 7575 
3 7576 7575 7578 
3 7578 7575 7577 
3 7578 7577 7579 
3 7579 7577 7547 
3 7579 7547 7708 
3 7708 7547 7580 
3 7708 7580 7581 
3 7581 7580 7582 
3 7581 7582 7583 
3 7583 7582 7584 
3 7583 7584 7705 
3 7705 7584 7545 
3 7705 7545 7585 
3 7585 7545 7586 
3 7585 7586 7703 
3 7703 7586 7543 
3 7703 7543 7587 
3 7587 7543 7588 
3 7587 7588 7701 
3 7701 7588 7589 
3 7701 7589 7590 
3 7590 7589 7540 
3 7590 7540 7591 
3 7591 7540 7539 
3 7591 7539 7697 
3 7697 7539 7538 
3 7697 7538 7592 
3 7592 7538 7536 
3 7592 7536 7593 
3 7593 7536 7535 
3 7593 7535 7695 
3 7695 7535 7534 
3 7695 7534 7594 
3 7594 7534 7595 
3 7594 7595 7596 
3 7596 7595 7597 
3 7596 7597 7693 
3 7693 7597 7533 
3 7693 7533 7598 
3 7598 7533 7600 
3 7598 7600 7599 
3 7599 7600 7531 
3 7599 7531 7690 
3 7690 7531 7601 
3 7690 7601 7602 
3 7602 7601 7528 
3 7602 7528 7689 
3 7689 7528 7527 
3 7689 7527 7687 
3 7687 7527 7603 
3 7687 7603 7604 
3 7604 7603 7525 
3 7604 7525 7605 
3 7605 7525 7524 
3 7605 7524 7685 
3 7685 7524 7606 
3 7685 7606 7684 
3 7684 7606 7523 
3 7684 7523 7608 
3 7608 7523 7607 
3 7608 7607 7682 
3 7682 7607 7521 
3 7682 7521 7681 
3 7681 7521 7610 
3 7681 7610 7609 
3 7609 7610 7611 
3 7609 7611 7612 
3 7612 7611 7518 
3 7612 7518 7679 
3 7679 7518 7516 
3 7679 7516 7613 
3 7613 7516 7515 
3 7613 7515 7678 
3 7678 7515 7614 
3 7678 7614 7615 
3 7615 7614 7616 
3 7615 7616 7674 
3 7674 7616 7511 
3 7674 7511 7673 
3 7673 7511 7510 
3 7673 7510 7617 
3 7617 7510 7508 
3 7617 7508 7618 
3 7618 7508 7619 
3 7618 7619 7669 
3 7669 7619 7507 
3 7669 7507 7620 
3 7620 7507 7621 
3 7620 7621 7667 
3 7667 7621 7622 
3 7667 7622 7664 
3 7664 7622 7505 
3 7664 7505 7624 
3 7624 7505 7623 
3 7624 7623 7662 
3 7662 7623 7502 
3 7662 7502 7659 
3 7659 7502 7501 
3 7659 7501 7625 
3 7625 7501 7626 
3 7625 7626 7658 
3 7658 7626 7500 
3 7658 7500 7656 
3 7656 7500 7498 
3 7656 7498 7654 
3 7654 7498 7497 
3 7654 7497 7627 
3 7627 7497 7628 
3 7627 7628 7629 
3 7629 7628 7630 
3 7629 7630 7631 
3 7631 7630 7632 
3 7631 7632 7651 
3 7651 7632 7493 
3 7651 7493 7650 
3 7650 7493 7633 
3 7650 7633 7634 
3 7634 7633 7491 
3 7634 7491 7648 
3 7648 7491 7490 
3 7648 7490 7635 
3 7635 7490 7636 
3 7635 7636 7637 
3 7637 7636 7638 
3 7637 7638 7647 
3 7647 7638 7639 
3 7647 7639 7640 
3 7640 7639 7641 
3 7640 7641 7642 
3 7642 7641 7643 
3 7642 7643 7644 
3 7644 7643 7988 
3 7644 7988 7987 
3 7987 7717 7644 
3 7644 7717 7719 
3 7644 7719 7642 
3 7642 7719 7645 
3 7642 7645 7640 
3 7640 7645 7646 
3 7640 7646 7647 
3 7647 7646 7721 
3 7647 7721 7637 
3 7637 7721 7722 
3 7637 7722 7635 
3 7635 7722 7724 
3 7635 7724 7648 
3 7648 7724 7726 
3 7648 7726 7634 
3 7634 7726 7649 
3 7634 7649 7650 
3 7650 7649 7727 
3 7650 7727 7651 
3 7651 7727 7652 
3 7651 7652 7631 
3 7631 7652 7729 
3 7631 7729 7629 
3 7629 7729 7653 
3 7629 7653 7627 
3 7627 7653 7655 
3 7627 7655 7654 
3 7654 7655 7731 
3 7654 7731 7656 
3 7656 7731 7657 
3 7656 7657 7658 
3 7658 7657 7733 
3 7658 7733 7625 
3 7625 7733 7660 
3 7625 7660 7659 
3 7659 7660 7661 
3 7659 7661 7662 
3 7662 7661 7663 
3 7662 7663 7624 
3 7624 7663 7665 
3 7624 7665 7664 
3 7664 7665 7666 
3 7664 7666 7667 
3 7667 7666 7668 
3 7667 7668 7620 
3 7620 7668 7670 
3 7620 7670 7669 
3 7669 7670 7671 
3 7669 7671 7618 
3 7618 7671 7672 
3 7618 7672 7617 
3 7617 7672 7739 
3 7617 7739 7673 
3 7673 7739 7675 
3 7673 7675 7674 
3 7674 7675 7741 
3 7674 7741 7615 
3 7615 7741 7676 
3 7615 7676 7678 
3 7678 7676 7677 
3 7678 7677 7613 
3 7613 7677 7680 
3 7613 7680 7679 
3 7679 7680 7744 
3 7679 7744 7612 
3 7612 7744 7746 
3 7612 7746 7609 
3 7609 7746 7748 
3 7609 7748 7681 
3 7681 7748 7750 
3 7681 7750 7682 
3 7682 7750 7683 
3 7682 7683 7608 
3 7608 7683 7752 
3 7608 7752 7684 
3 7684 7752 7753 
3 7684 7753 7685 
3 7685 7753 7686 
3 7685 7686 7605 
3 7605 7686 7754 
3 7605 7754 7604 
3 7604 7754 7756 
3 7604 7756 7687 
3 7687 7756 7688 
3 7687 7688 7689 
3 7689 7688 7758 
3 7689 7758 7602 
3 7602 7758 7759 
3 7602 7759 7690 
3 7690 7759 7760 
3 7690 7760 7599 
3 7599 7760 7691 
3 7599 7691 7598 
3 7598 7691 7692 
3 7598 7692 7693 
3 7693 7692 7764 
3 7693 7764 7596 
3 7596 7764 7694 
3 7596 7694 7594 
3 7594 7694 7766 
3 7594 7766 7695 
3 7695 7766 7767 
3 7695 7767 7593 
3 7593 7767 7696 
3 7593 7696 7592 
3 7592 7696 7769 
3 7592 7769 7697 
3 7697 7769 7698 
3 7697 7698 7591 
3 7591 7698 7699 
3 7591 7699 7590 
3 7590 7699 7700 
3 7590 7700 7701 
3 7701 7700 7702 
3 7701 7702 7587 
3 7587 7702 7775 
3 7587 7775 7703 
3 7703 7775 7704 
3 7703 7704 7585 
3 7585 7704 7706 
3 7585 7706 7705 
3 7705 7706 7777 
3 7705 7777 7583 
3 7583 7777 7778 
3 7583 7778 7581 
3 7581 7778 7707 
3 7581 7707 7708 
3 7708 7707 7779 
3 7708 7779 7579 
3 7579 7779 7781 
3 7579 7781 7578 
3 7578 7781 7709 
3 7578 7709 7576 
3 7576 7709 7710 
3 7576 7710 7574 
3 7574 7710 7783 
3 7574 7783 7711 
3 7711 7783 7784 
3 7711 7784 7572 
3 7572 7784 7712 
3 7572 7712 7571 
3 7571 7712 7786 
3 7571 7786 7713 
3 7713 7786 7714 
3 7713 7714 7569 
3 7569 7714 7789 
3 7569 7789 7568 
3 7568 7789 7790 
3 7568 7790 7567 
3 7567 7790 7354 
3 7567 7354 7716 
3 7716 7354 7715 
3 7716 7715 7565 
3 7565 7715 7356 
3 7565 7356 7351 
3 7986 7794 7717 
3 7717 7794 7797 
3 7717 7797 7719 
3 7719 7797 7718 
3 7719 7718 7645 
3 7645 7718 7799 
3 7645 7799 7646 
3 7646 7799 7720 
3 7646 7720 7721 
3 7721 7720 7800 
3 7721 7800 7722 
3 7722 7800 7723 
3 7722 7723 7724 
3 7724 7723 7725 
3 7724 7725 7726 
3 7726 7725 7803 
3 7726 7803 7649 
3 7649 7803 7805 
3 7649 7805 7727 
3 7727 7805 7807 
3 7727 7807 7652 
3 7652 7807 7728 
3 7652 7728 7729 
3 7729 7728 7809 
3 7729 7809 7653 
3 7653 7809 7730 
3 7653 7730 7655 
3 7655 7730 7810 
3 7655 7810 7731 
3 7731 7810 7813 
3 7731 7813 7657 
3 7657 7813 7732 
3 7657 7732 7733 
3 7733 7732 7814 
3 7733 7814 7660 
3 7660 7814 7734 
3 7660 7734 7661 
3 7661 7734 7816 
3 7661 7816 7663 
3 7663 7816 7735 
3 7663 7735 7665 
3 7665 7735 7736 
3 7665 7736 7666 
3 7666 7736 7820 
3 7666 7820 7668 
3 7668 7820 7737 
3 7668 7737 7670 
3 7670 7737 7738 
3 7670 7738 7671 
3 7671 7738 7822 
3 7671 7822 7672 
3 7672 7822 7823 
3 7672 7823 7739 
3 7739 7823 7824 
3 7739 7824 7675 
3 7675 7824 7740 
3 7675 7740 7741 
3 7741 7740 7826 
3 7741 7826 7676 
3 7676 7826 7828 
3 7676 7828 7677 
3 7677 7828 7742 
3 7677 7742 7680 
3 7680 7742 7743 
3 7680 7743 7744 
3 7744 7743 7745 
3 7744 7745 7746 
3 7746 7745 7747 
3 7746 7747 7748 
3 7748 7747 7749 
3 7748 7749 7750 
3 7750 7749 7751 
3 7750 7751 7683 
3 7683 7751 7831 
3 7683 7831 7752 
3 7752 7831 7835 
3 7752 7835 7753 
3 7753 7835 7836 
3 7753 7836 7686 
3 7686 7836 7755 
3 7686 7755 7754 
3 7754 7755 7840 
3 7754 7840 7756 
3 7756 7840 7757 
3 7756 7757 7688 
3 7688 7757 7841 
3 7688 7841 7758 
3 7758 7841 7843 
3 7758 7843 7759 
3 7759 7843 7844 
3 7759 7844 7760 
3 7760 7844 7761 
3 7760 7761 7691 
3 7691 7761 7762 
3 7691 7762 7692 
3 7692 7762 7763 
3 7692 7763 7764 
3 7764 7763 7846 
3 7764 7846 7694 
3 7694 7846 7765 
3 7694 7765 7766 
3 7766 7765 7847 
3 7766 7847 7767 
3 7767 7847 7848 
3 7767 7848 7696 
3 7696 7848 7768 
3 7696 7768 7769 
3 7769 7768 7770 
3 7769 7770 7698 
3 7698 7770 7771 
3 7698 7771 7699 
3 7699 7771 7772 
3 7699 7772 7700 
3 7700 7772 7773 
3 7700 7773 7702 
3 7702 7773 7774 
3 7702 7774 7775 
3 7775 7774 7851 
3 7775 7851 7704 
3 7704 7851 7852 
3 7704 7852 7706 
3 7706 7852 7776 
3 7706 7776 7777 
3 7777 7776 7854 
3 7777 7854 7778 
3 7778 7854 7855 
3 7778 7855 7707 
3 7707 7855 7857 
3 7707 7857 7779 
3 7779 7857 7858 
3 7779 7858 7781 
3 7781 7858 7780 
3 7781 7780 7709 
3 7709 7780 7859 
3 7709 7859 7710 
3 7710 7859 7782 
3 7710 7782 7783 
3 7783 7782 7862 
3 7783 7862 7784 
3 7784 7862 7863 
3 7784 7863 7712 
3 7712 7863 7785 
3 7712 7785 7786 
3 7786 7785 7787 
3 7786 7787 7714 
3 7714 7787 7788 
3 7714 7788 7789 
3 7789 7788 7864 
3 7789 7864 7790 
3 7790 7864 7791 
3 7790 7791 7354 
3 7354 7791 7792 
3 7354 7792 7353 
3 7793 7795 7794 
3 7794 7795 7796 
3 7794 7796 7797 
3 7797 7796 7867 
3 7797 7867 7718 
3 7718 7867 7798 
3 7718 7798 7799 
3 7799 7798 7869 
3 7799 7869 7720 
3 7720 7869 7871 
3 7720 7871 7800 
3 7800 7871 7801 
3 7800 7801 7723 
3 7723 7801 7802 
3 7723 7802 7725 
3 7725 7802 7804 
3 7725 7804 7803 
3 7803 7804 7806 
3 7803 7806 7805 
3 7805 7806 7874 
3 7805 7874 7807 
3 7807 7874 7808 
3 7807 7808 7728 
3 7728 7808 7875 
3 7728 7875 7809 
3 7809 7875 7877 
3 7809 7877 7730 
3 7730 7877 7811 
3 7730 7811 7810 
3 7810 7811 7812 
3 7810 7812 7813 
3 7813 7812 7878 
3 7813 7878 7732 
3 7732 7878 7879 
3 7732 7879 7814 
3 7814 7879 7815 
3 7814 7815 7734 
3 7734 7815 7817 
3 7734 7817 7816 
3 7816 7817 7882 
3 7816 7882 7735 
3 7735 7882 7818 
3 7735 7818 7736 
3 7736 7818 7819 
3 7736 7819 7820 
3 7820 7819 7884 
3 7820 7884 7737 
3 7737 7884 7821 
3 7737 7821 7738 
3 7738 7821 7886 
3 7738 7886 7822 
3 7822 7886 7889 
3 7822 7889 7823 
3 7823 7889 7890 
3 7823 7890 7824 
3 7824 7890 7825 
3 7824 7825 7740 
3 7740 7825 7892 
3 7740 7892 7826 
3 7826 7892 7827 
3 7826 7827 7828 
3 7828 7827 7893 
3 7828 7893 7742 
3 7742 7893 7894 
3 7742 7894 7743 
3 7743 7894 7829 
3 7743 7829 7745 
3 7745 7829 7896 
3 7745 7896 7747 
3 7747 7896 7830 
3 7747 7830 7749 
3 7749 7830 7898 
3 7749 7898 7751 
3 7751 7898 7832 
3 7751 7832 7831 
3 7831 7832 7833 
3 7831 7833 7835 
3 7835 7833 7834 
3 7835 7834 7836 
3 7836 7834 7837 
3 7836 7837 7755 
3 7755 7837 7838 
3 7755 7838 7840 
3 7840 7838 7839 
3 7840 7839 7757 
3 7757 7839 7901 
3 7757 7901 7841 
3 7841 7901 7842 
3 7841 7842 7843 
3 7843 7842 7904 
3 7843 7904 7844 
3 7844 7904 7845 
3 7844 7845 7761 
3 7761 7845 7905 
3 7761 7905 7762 
3 7762 7905 7906 
3 7762 7906 7763 
3 7763 7906 7907 
3 7763 7907 7846 
3 7846 7907 7909 
3 7846 7909 7765 
3 7765 7909 7910 
3 7765 7910 7847 
3 7847 7910 7911 
3 7847 7911 7848 
3 7848 7911 7912 
3 7848 7912 7768 
3 7768 7912 7849 
3 7768 7849 7770 
3 7770 7849 7850 
3 7770 7850 7771 
3 7771 7850 7914 
3 7771 7914 7772 
3 7772 7914 7917 
3 7772 7917 7773 
3 7773 7917 7918 
3 7773 7918 7774 
3 7774 7918 7920 
3 7774 7920 7851 
3 7851 7920 7921 
3 7851 7921 7852 
3 7852 7921 7853 
3 7852 7853 7776 
3 7776 7853 7924 
3 7776 7924 7854 
3 7854 7924 7856 
3 7854 7856 7855 
3 7855 7856 7925 
3 7855 7925 7857 
3 7857 7925 7926 
3 7857 7926 7858 
3 7858 7926 7928 
3 7858 7928 7780 
3 7780 7928 7929 
3 7780 7929 7859 
3 7859 7929 7860 
3 7859 7860 7782 
3 7782 7860 7861 
3 7782 7861 7862 
3 7862 7861 7931 
3 7862 7931 7863 
3 7863 7931 7932 
3 7863 7932 7785 
3 7785 7932 7933 
3 7785 7933 7787 
3 7787 7933 7935 
3 7787 7935 7788 
3 7788 7935 7936 
3 7788 7936 7864 
3 7864 7936 7865 
3 7864 7865 7791 
3 7791 7865 6911 
3 7791 6911 6910 
3 7483 7485 7795 
3 7795 7485 7481 
3 7795 7481 7796 
3 7796 7481 7866 
3 7796 7866 7867 
3 7867 7866 7868 
3 7867 7868 7798 
3 7798 7868 7479 
3 7798 7479 7869 
3 7869 7479 7870 
3 7869 7870 7871 
3 7871 7870 7476 
3 7871 7476 7801 
3 7801 7476 7872 
3 7801 7872 7802 
3 7802 7872 7473 
3 7802 7473 7804 
3 7804 7473 7469 
3 7804 7469 7806 
3 7806 7469 7873 
3 7806 7873 7874 
3 7874 7873 7468 
3 7874 7468 7808 
3 7808 7468 7466 
3 7808 7466 7875 
3 7875 7466 7876 
3 7875 7876 7877 
3 7877 7876 7463 
3 7877 7463 7811 
3 7811 7463 7460 
3 7811 7460 7812 
3 7812 7460 7459 
3 7812 7459 7878 
3 7878 7459 7457 
3 7878 7457 7879 
3 7879 7457 7880 
3 7879 7880 7815 
3 7815 7880 7881 
3 7815 7881 7817 
3 7817 7881 7449 
3 7817 7449 7882 
3 7882 7449 7448 
3 7882 7448 7818 
3 7818 7448 7883 
3 7818 7883 7819 
3 7819 7883 7445 
3 7819 7445 7884 
3 7884 7445 7442 
3 7884 7442 7821 
3 7821 7442 7885 
3 7821 7885 7886 
3 7886 7885 7887 
3 7886 7887 7889 
3 7889 7887 7888 
3 7889 7888 7890 
3 7890 7888 7437 
3 7890 7437 7825 
3 7825 7437 7891 
3 7825 7891 7892 
3 7892 7891 7434 
3 7892 7434 7827 
3 7827 7434 7432 
3 7827 7432 7893 
3 7893 7432 7430 
3 7893 7430 7894 
3 7894 7430 7895 
3 7894 7895 7829 
3 7829 7895 7428 
3 7829 7428 7896 
3 7896 7428 7897 
3 7896 7897 7830 
3 7830 7897 7426 
3 7830 7426 7898 
3 7898 7426 7899 
3 7898 7899 7832 
3 7832 7899 7422 
3 7832 7422 7833 
3 7833 7422 7420 
3 7833 7420 7834 
3 7834 7420 7417 
3 7834 7417 7837 
3 7837 7417 7416 
3 7837 7416 7838 
3 7838 7416 7900 
3 7838 7900 7839 
3 7839 7900 7412 
3 7839 7412 7901 
3 7901 7412 7902 
3 7901 7902 7842 
3 7842 7902 7903 
3 7842 7903 7904 
3 7904 7903 7410 
3 7904 7410 7845 
3 7845 7410 7408 
3 7845 7408 7905 
3 7905 7408 7406 
3 7905 7406 7906 
3 7906 7406 7405 
3 7906 7405 7907 
3 7907 7405 7908 
3 7907 7908 7909 
3 7909 7908 7402 
3 7909 7402 7910 
3 7910 7402 7401 
3 7910 7401 7911 
3 7911 7401 7400 
3 7911 7400 7912 
3 7912 7400 7399 
3 7912 7399 7849 
3 7849 7399 7913 
3 7849 7913 7850 
3 7850 7913 7915 
3 7850 7915 7914 
3 7914 7915 7916 
3 7914 7916 7917 
3 7917 7916 7392 
3 7917 7392 7918 
3 7918 7392 7919 
3 7918 7919 7920 
3 7920 7919 7389 
3 7920 7389 7921 
3 7921 7389 7922 
3 7921 7922 7853 
3 7853 7922 7923 
3 7853 7923 7924 
3 7924 7923 7387 
3 7924 7387 7856 
3 7856 7387 7384 
3 7856 7384 7925 
3 7925 7384 7383 
3 7925 7383 7926 
3 7926 7383 7380 
3 7926 7380 7928 
3 7928 7380 7927 
3 7928 7927 7929 
3 7929 7927 7930 
3 7929 7930 7860 
3 7860 7930 7376 
3 7860 7376 7861 
3 7861 7376 7374 
3 7861 7374 7931 
3 7931 7374 7371 
3 7931 7371 7932 
3 7932 7371 7367 
3 7932 7367 7933 
3 7933 7367 7934 
3 7933 7934 7935 
3 7935 7934 7364 
3 7935 7364 7936 
3 7936 7364 7937 
3 7936 7937 7865 
3 7865 7937 6912 
3 7865 6912 6909 
3 7062 7950 7938 
3 7062 7938 7061 
3 7061 7938 6913 
3 7061 6913 7939 
3 7939 6913 6917 
3 7939 6917 7940 
3 7940 6917 7941 
3 7940 7941 7058 
3 7058 7941 7942 
3 7058 7942 7057 
3 7057 7942 6902 
3 7057 6902 7055 
3 7055 6902 6894 
3 7055 6894 7943 
3 7943 6894 7944 
3 7943 7944 7053 
3 7053 7944 6891 
3 7053 6891 7945 
3 7960 6866 6863 
3 6891 6888 7945 
3 7945 6888 6880 
3 7945 6880 7051 
3 7051 6880 6877 
3 7051 6877 7946 
3 7946 6877 7947 
3 7946 7947 7048 
3 7048 7947 7948 
3 7048 7948 7949 
3 7949 7948 6869 
3 7949 6869 7046 
3 7046 6869 6868 
3 7046 6868 7045 
3 7950 7062 6843 
3 6843 7062 7951 
3 6843 7951 7952 
3 7952 7951 7954 
3 7952 7954 7953 
3 7953 7954 7955 
3 7953 7955 6849 
3 9475 9476 7956 
3 7956 9476 9478 
3 7956 9478 6863 
3 6863 9478 7957 
3 6863 7957 7960 
3 7958 9473 7956 
3 7956 9473 7959 
3 7956 7959 9475 
3 7960 7961 6866 
3 6866 7961 9479 
3 6866 9479 6868 
3 6868 9479 9480 
3 6868 9480 7045 
3 7962 7963 6848 
3 6848 7963 7973 
3 6848 7973 6854 
3 7968 7964 7966 
3 7966 7964 7965 
3 7966 7965 9459 
3 7967 7980 9465 
3 9465 7980 7964 
3 9465 7964 9462 
3 9462 7964 7968 
3 7969 7970 9467 
3 9468 9470 7971 
3 7971 9470 9471 
3 7971 9471 6859 
3 6859 9471 9472 
3 6859 9472 7958 
3 7958 9472 7972 
3 7958 7972 9473 
3 7955 7066 6849 
3 6849 7066 8000 
3 6849 8000 6848 
3 6848 8000 7999 
3 6848 7999 7962 
3 7973 9454 6854 
3 6854 9454 7974 
3 6854 7974 7975 
3 7974 9455 7975 
3 7975 9455 7976 
3 7975 7976 6861 
3 9467 9466 7969 
3 7969 9466 7977 
3 7969 7977 7971 
3 7971 7977 9445 
3 7971 9445 9468 
3 7976 7978 6861 
3 6861 7978 7979 
3 6861 7979 7965 
3 7965 7979 9457 
3 7965 9457 9459 
3 7967 9464 7980 
3 7980 9464 7981 
3 7980 7981 7970 
3 7970 7981 7982 
3 7970 7982 9467 
3 7983 9659 7561 
3 7561 7560 7983 
3 7983 7560 7984 
3 7983 7984 7562 
3 8232 8497 7483 
3 9663 7985 7487 
3 7487 7985 7989 
3 8232 7483 8227 
3 7483 7793 8227 
3 8227 7793 7986 
3 8227 7986 8225 
3 8225 7986 7987 
3 8225 7987 7985 
3 7985 7987 7988 
3 7985 7988 7989 
3 7072 9485 7093 
3 7093 9485 7990 
3 7093 7990 7094 
3 7094 7990 7991 
3 7094 7991 7992 
3 7992 7991 9447 
3 7992 9447 7993 
3 7993 9447 9446 
3 7993 9446 7994 
3 7994 9446 9562 
3 7994 9562 7995 
3 7995 9562 9561 
3 7995 9561 7996 
3 7996 9561 7997 
3 7996 7997 7998 
3 7998 7997 9449 
3 7998 9449 8009 
3 7999 8000 9451 
3 9451 8000 7065 
3 9451 7065 8002 
3 8002 7065 8001 
3 8002 8001 9658 
3 9658 8001 8003 
3 9658 8003 9639 
3 9639 8003 8004 
3 9639 8004 9640 
3 9640 8004 8005 
3 9640 8005 9619 
3 9619 8005 7039 
3 9619 7039 9450 
3 9450 7039 7069 
3 9450 7069 8006 
3 8006 7069 7070 
3 8006 7070 8007 
3 8007 7070 8008 
3 8007 8008 8009 
3 8009 8008 8010 
3 8009 8010 7998 
3 9783 8026 8011 
3 6920 9716 8012 
3 6920 8012 8153 
3 8013 8018 10904 
3 10904 8018 9732 
3 8025 9711 8014 
3 8014 9711 9694 
3 8014 9694 8015 
3 9694 8016 8015 
3 8015 8016 8017 
3 8015 8017 7037 
3 7037 8017 8019 
3 7037 8019 8018 
3 8018 8019 8020 
3 8018 8020 9732 
3 8030 8022 8021 
3 8021 8022 8023 
3 8021 8023 8024 
3 8023 9715 8024 
3 8024 9715 9714 
3 8024 9714 7031 
3 7031 9714 9713 
3 7031 9713 8025 
3 8025 9713 9712 
3 8025 9712 9711 
3 8011 8026 8027 
3 8027 8026 9802 
3 8027 9802 7028 
3 9802 9801 7028 
3 7028 9801 9785 
3 7028 9785 8028 
3 8028 9785 8029 
3 8028 8029 8030 
3 8030 8029 9786 
3 8030 9786 8022 
3 9783 8011 8031 
3 8031 8011 8032 
3 8031 8032 9784 
3 9784 8032 8033 
3 9784 8033 9779 
3 9779 8033 8034 
3 8034 8033 8035 
3 8034 8035 9781 
3 9781 8035 8037 
3 9781 8037 9782 
3 9782 8037 8036 
3 8036 8037 7021 
3 8036 7021 8038 
3 8038 7021 7019 
3 8038 7019 8039 
3 8039 7019 8040 
3 8040 7019 7018 
3 8040 7018 8041 
3 8041 7018 8045 
3 8041 8045 9777 
3 8049 8042 7015 
3 7015 8042 8043 
3 7015 8043 7014 
3 8043 8044 7014 
3 7014 8044 9773 
3 7014 9773 7012 
3 7012 9773 9710 
3 7012 9710 8045 
3 8045 9710 9775 
3 8045 9775 9777 
3 8053 8054 8046 
3 8046 8054 8047 
3 8046 8047 7010 
3 8047 9800 7010 
3 7010 9800 9799 
3 7010 9799 7009 
3 7009 9799 8048 
3 7009 8048 8049 
3 8049 8048 8050 
3 8049 8050 8042 
3 7003 9812 7001 
3 7001 9812 9769 
3 7001 9769 8051 
3 9769 9770 8051 
3 8051 9770 8052 
3 8051 8052 7006 
3 7006 8052 9798 
3 7006 9798 8053 
3 8053 9798 9797 
3 8053 9797 8054 
3 8062 9814 8055 
3 8055 9814 8056 
3 8055 8056 7003 
3 7003 8056 9813 
3 7003 9813 9812 
3 6996 8057 6997 
3 6997 8057 8059 
3 6997 8059 8058 
3 8059 9806 8058 
3 8058 9806 9796 
3 8058 9796 8061 
3 8061 9796 8060 
3 8061 8060 8062 
3 8062 8060 9795 
3 8062 9795 9814 
3 8063 9794 8064 
3 8064 9794 8065 
3 8064 8065 6992 
3 8065 9793 6992 
3 6992 9793 9768 
3 6992 9768 8066 
3 8066 9768 9792 
3 8066 9792 6996 
3 6996 9792 8067 
3 6996 8067 8057 
3 8073 8068 6984 
3 6984 8068 9805 
3 6984 9805 6987 
3 9805 9804 6987 
3 6987 9804 9790 
3 6987 9790 6989 
3 6989 9790 9791 
3 6989 9791 8063 
3 8063 9791 8069 
3 8063 8069 9794 
3 8070 8081 8071 
3 8071 8081 8072 
3 8071 8072 8073 
3 8073 8072 8074 
3 8073 8074 8068 
3 9803 8076 8075 
3 8075 8076 6980 
3 8075 6980 8077 
3 8077 6980 8083 
3 8077 8083 8082 
3 9803 9789 8076 
3 8076 9789 8078 
3 8076 8078 8079 
3 8079 8078 9753 
3 8079 9753 8070 
3 8070 9753 8080 
3 8070 8080 8081 
3 8082 8083 8084 
3 8084 8083 6978 
3 8084 6978 8085 
3 6968 8086 6978 
3 6978 8086 8087 
3 6978 8087 8085 
3 8088 9766 6969 
3 6969 9766 9767 
3 6969 9767 6968 
3 6968 9767 8089 
3 6968 8089 8086 
3 6971 8090 8091 
3 8091 8090 9749 
3 8091 9749 8088 
3 8088 9749 9765 
3 8088 9765 9766 
3 8094 9751 8092 
3 8092 9751 8093 
3 8092 8093 6971 
3 6971 8093 9750 
3 6971 9750 8090 
3 8096 9748 6973 
3 6973 9748 9746 
3 6973 9746 8094 
3 8094 9746 9685 
3 8094 9685 9751 
3 6959 9706 8095 
3 8095 9706 9708 
3 8095 9708 8096 
3 8096 9708 9709 
3 8096 9709 9748 
3 6961 9788 8097 
3 8097 9788 8098 
3 8097 8098 6959 
3 6959 8098 8099 
3 6959 8099 9706 
3 8100 9705 8102 
3 8102 9705 8101 
3 8102 8101 6961 
3 6961 8101 9703 
3 6961 9703 9788 
3 6963 9744 8103 
3 8103 9744 9742 
3 8103 9742 8100 
3 8100 9742 8104 
3 8100 8104 9705 
3 8108 8105 8106 
3 8106 8105 9738 
3 8106 9738 6963 
3 6963 9738 9745 
3 6963 9745 9744 
3 8112 8107 6957 
3 6957 8107 9739 
3 6957 9739 8108 
3 8108 9739 8109 
3 8108 8109 8105 
3 8110 8115 6949 
3 6949 8115 8111 
3 6949 8111 8112 
3 8112 8111 9741 
3 8112 9741 8107 
3 8113 9733 6952 
3 6952 9733 8114 
3 6952 8114 8110 
3 8110 8114 9702 
3 8110 9702 8115 
3 6954 6945 8116 
3 8116 9701 6954 
3 6954 9701 8117 
3 6954 8117 8113 
3 8113 8117 9699 
3 8113 9699 9733 
3 6947 9667 8118 
3 8118 9667 8119 
3 8118 8119 6946 
3 8119 9677 6946 
3 6946 9677 8120 
3 6946 8120 8121 
3 8121 8120 8122 
3 8121 8122 6945 
3 6945 8122 8123 
3 6945 8123 8116 
3 6941 8124 8125 
3 8125 8124 8126 
3 8125 8126 6947 
3 6947 8126 9678 
3 6947 9678 9667 
3 6943 9665 6942 
3 6942 9665 9676 
3 6942 9676 6941 
3 6941 9676 9679 
3 6941 9679 8124 
3 8129 9690 6932 
3 6932 9690 8127 
3 6932 8127 6943 
3 6943 8127 9666 
3 6943 9666 9665 
3 6936 8132 8128 
3 8128 8132 9691 
3 8128 9691 8129 
3 8129 9691 8130 
3 8129 8130 9690 
3 8131 8137 6938 
3 6938 8137 9671 
3 6938 9671 6936 
3 6936 9671 9672 
3 6936 9672 8132 
3 8139 8134 8133 
3 8133 8134 8135 
3 8133 8135 8131 
3 8131 8135 8136 
3 8131 8136 8137 
3 8143 9760 6928 
3 6928 9760 8138 
3 6928 8138 8139 
3 8139 8138 9759 
3 8139 9759 8134 
3 8140 8141 8142 
3 8142 8141 8144 
3 8142 8144 8143 
3 8143 8144 8145 
3 8143 8145 9760 
3 8152 9756 8146 
3 8146 9756 8147 
3 8146 8147 8140 
3 8140 8147 8148 
3 8140 8148 8141 
3 6924 8149 8150 
3 8150 8149 8151 
3 8150 8151 8152 
3 8152 8151 9757 
3 8152 9757 9756 
3 8012 9722 8153 
3 8153 9722 8154 
3 8153 8154 6925 
3 6925 8154 9721 
3 6925 9721 6924 
3 6924 9721 8155 
3 6924 8155 8149 
3 10538 8178 8156 
3 8156 8178 8157 
3 8156 8157 8158 
3 8158 8157 7041 
3 8158 7041 8159 
3 8159 7041 7112 
3 8159 7112 8160 
3 8160 7112 8161 
3 8160 8161 8162 
3 8162 8161 8163 
3 8162 8163 8164 
3 8164 8163 8165 
3 8164 8165 8166 
3 8166 8165 8167 
3 8166 8167 9483 
3 9483 8167 7040 
3 9483 7040 8176 
3 7045 9480 7044 
3 7044 9480 8168 
3 7044 8168 8169 
3 8169 8168 8170 
3 8169 8170 7247 
3 7247 8170 8171 
3 7247 8171 8172 
3 8172 8171 9444 
3 8172 9444 8173 
3 8173 9444 9620 
3 8173 9620 7212 
3 7212 9620 9442 
3 7212 9442 7213 
3 7213 9442 9600 
3 7213 9600 7042 
3 7042 9600 8174 
3 7042 8174 7192 
3 7192 8174 8175 
3 7192 8175 8176 
3 8176 8175 9482 
3 8176 9482 9483 
3 8486 7074 8177 
3 8177 7074 8178 
3 8483 8181 8179 
3 8179 8181 7074 
3 8179 7074 8485 
3 8485 7074 8486 
3 8477 8180 8481 
3 8481 8180 8181 
3 8481 8181 8182 
3 8182 8181 8483 
3 8479 8184 8183 
3 8183 8184 8180 
3 8183 8180 8480 
3 8480 8180 8477 
3 8487 8186 8488 
3 8488 8186 8184 
3 8488 8184 8489 
3 8489 8184 8479 
3 8487 8185 8186 
3 8186 8185 8218 
3 8186 8218 8187 
3 8187 8218 8188 
3 8187 8188 9282 
3 9282 8189 8187 
3 8187 8189 8190 
3 8187 8190 7078 
3 8190 9208 7078 
3 7078 9208 9207 
3 7078 9207 7079 
3 7079 9207 8191 
3 7079 8191 9126 
3 9126 8490 7079 
3 7079 8490 8192 
3 7079 8192 7081 
3 7081 8192 9043 
3 7081 9043 7083 
3 7083 9043 8193 
3 7083 8193 8194 
3 8194 8216 7083 
3 7083 8216 8195 
3 7083 8195 7084 
3 7084 8195 8196 
3 7084 8196 8197 
3 8197 8810 7084 
3 7084 8810 8809 
3 7084 8809 8198 
3 8198 8809 8199 
3 8198 8199 8200 
3 8200 8201 8198 
3 8198 8201 8202 
3 8198 8202 7085 
3 8202 8493 7085 
3 7085 8493 8203 
3 7085 8203 7086 
3 7086 8203 8494 
3 7086 8494 8576 
3 8495 8204 8205 
3 8205 8204 7086 
3 8205 7086 8206 
3 8206 7086 8576 
3 8496 8207 8498 
3 8498 8207 8204 
3 8498 8204 8499 
3 8499 8204 8495 
3 8496 8233 8207 
3 8207 8233 8208 
3 8207 8208 7089 
3 8208 8231 7089 
3 7089 8231 8230 
3 7089 8230 7090 
3 7090 8230 8229 
3 7090 8229 8228 
3 8226 7072 8209 
3 8209 7072 7071 
3 8209 7071 8224 
3 8224 7071 7090 
3 8224 7090 8210 
3 8210 7090 8228 
3 8482 9942 9943 
3 9942 8482 10227 
3 9943 8211 8482 
3 8482 8211 8212 
3 8482 8212 8478 
3 8478 8212 9944 
3 8478 9944 9945 
3 9937 9936 9818 
3 9818 9936 9940 
3 9818 9940 9939 
3 9939 8213 9818 
3 9818 8213 8214 
3 9818 8214 9941 
3 8482 8484 10227 
3 10227 8484 9818 
3 10227 9818 8215 
3 8215 9818 9941 
3 8195 8216 8217 
3 8191 9207 9128 
3 8190 8189 9209 
3 8188 8218 9369 
3 8219 6896 9205 
3 8220 8221 9041 
3 8896 8808 8807 
3 6906 6905 8650 
3 8651 8575 8222 
3 7444 8265 8223 
3 8224 8225 8209 
3 8209 8225 7985 
3 8209 7985 8226 
3 8229 8227 8228 
3 8228 8227 8225 
3 8228 8225 8210 
3 8210 8225 8224 
3 8500 7484 8497 
3 8229 8230 8227 
3 8227 8230 8231 
3 8227 8231 8232 
3 8232 8231 8208 
3 8232 8208 8497 
3 8497 8208 8233 
3 8502 7486 8500 
3 8500 7486 8234 
3 8500 8234 7484 
3 8236 8235 8242 
3 8242 7482 8236 
3 8236 7482 8237 
3 8236 8237 8502 
3 8502 8237 8238 
3 8502 8238 7486 
3 8239 8504 8240 
3 8240 8241 8239 
3 8239 8241 7480 
3 8239 7480 8235 
3 8235 7480 7478 
3 8235 7478 8242 
3 8508 8243 8244 
3 8244 7477 8508 
3 8508 7477 8245 
3 8508 8245 8504 
3 8504 8245 8246 
3 8504 8246 8240 
3 8247 8252 7475 
3 7475 8248 8247 
3 8247 8248 7474 
3 8247 7474 8243 
3 8243 7474 8249 
3 8243 8249 8244 
3 8510 8254 8250 
3 8250 7471 8510 
3 8510 7471 8251 
3 8510 8251 8252 
3 8252 8251 7470 
3 8252 7470 7475 
3 8511 8512 8253 
3 8253 7465 8511 
3 8511 7465 7467 
3 8511 7467 8254 
3 8254 7467 7472 
3 8254 7472 8250 
3 8513 8257 7461 
3 7461 7462 8513 
3 8513 7462 8255 
3 8513 8255 8512 
3 8512 8255 7464 
3 8512 7464 8253 
3 8256 8261 7456 
3 7456 7458 8256 
3 8256 7458 8258 
3 8256 8258 8257 
3 8257 8258 8259 
3 8257 8259 7461 
3 8514 8260 7453 
3 7453 7454 8514 
3 8514 7454 7455 
3 8514 7455 8261 
3 8261 7455 8262 
3 8261 8262 7456 
3 8263 8267 8264 
3 8264 7450 8263 
3 8263 7450 7451 
3 8263 7451 8260 
3 8260 7451 7452 
3 8260 7452 7453 
3 8223 8265 8266 
3 8265 7446 8266 
3 8266 7446 7447 
3 8266 7447 8267 
3 8267 7447 8268 
3 8267 8268 8264 
3 7444 8223 8269 
3 8269 8223 8518 
3 8269 8518 7443 
3 7443 8518 8270 
3 7443 8270 7441 
3 7441 8270 8271 
3 8271 8270 8273 
3 8271 8273 8272 
3 8272 8273 8274 
3 8274 8273 8521 
3 8274 8521 7440 
3 7440 8521 7439 
3 7439 8521 8275 
3 7439 8275 8276 
3 8276 8275 7438 
3 7438 8275 8277 
3 7438 8277 7436 
3 7436 8277 8278 
3 8278 8277 8279 
3 8278 8279 8280 
3 8280 8279 7435 
3 7435 8279 8524 
3 7435 8524 7433 
3 7433 8524 8281 
3 8281 8524 8282 
3 8281 8282 7431 
3 7431 8282 8283 
3 8283 8282 8285 
3 8283 8285 8284 
3 8284 8285 7429 
3 7429 8285 8286 
3 7429 8286 8287 
3 8287 8286 8288 
3 8288 8286 8526 
3 8288 8526 8289 
3 8289 8526 8290 
3 8290 8526 8291 
3 8290 8291 7427 
3 7427 8291 8292 
3 8292 8291 8293 
3 8292 8293 7425 
3 7425 8293 7424 
3 7424 8293 8529 
3 7424 8529 7423 
3 7423 8529 8294 
3 8294 8529 8531 
3 8294 8531 7421 
3 7421 8531 8295 
3 8295 8531 8533 
3 8295 8533 7419 
3 7419 8533 7418 
3 7418 8533 8297 
3 7418 8297 8296 
3 8296 8297 7415 
3 7415 8297 8534 
3 7415 8534 7414 
3 7414 8534 8298 
3 8298 8534 8535 
3 8298 8535 7413 
3 7413 8535 8299 
3 8299 8535 8536 
3 8299 8536 8300 
3 8300 8536 8301 
3 8301 8536 8537 
3 8301 8537 7411 
3 7411 8537 8302 
3 8302 8537 8303 
3 8302 8303 8304 
3 8304 8303 8305 
3 8305 8303 8539 
3 8305 8539 7409 
3 7409 8539 8306 
3 8306 8539 8540 
3 8306 8540 7407 
3 7407 8540 8307 
3 8307 8540 8308 
3 8307 8308 7404 
3 7404 8308 8309 
3 8309 8308 8312 
3 8309 8312 8310 
3 8310 8312 8311 
3 8311 8312 8542 
3 8311 8542 8313 
3 8313 8542 7403 
3 7403 8542 8543 
3 7403 8543 8314 
3 8314 8543 8315 
3 8315 8543 8316 
3 8315 8316 8317 
3 8317 8316 8318 
3 8318 8316 8546 
3 8318 8546 8319 
3 8319 8546 7398 
3 7398 8546 8320 
3 7398 8320 7397 
3 7397 8320 8321 
3 8321 8320 8322 
3 8321 8322 7396 
3 7396 8322 8324 
3 8324 8322 8323 
3 8324 8323 7395 
3 7395 8323 7394 
3 7394 8323 8325 
3 7394 8325 7393 
3 7393 8325 8326 
3 8326 8325 8550 
3 8326 8550 7391 
3 7391 8550 8327 
3 8327 8550 8551 
3 8327 8551 8328 
3 8328 8551 8329 
3 8329 8551 8554 
3 8329 8554 7390 
3 7390 8554 8330 
3 8330 8554 8556 
3 8330 8556 8331 
3 8331 8556 8332 
3 8332 8556 8557 
3 8332 8557 7388 
3 7388 8557 8333 
3 8333 8557 8560 
3 8333 8560 7386 
3 7386 8560 7385 
3 7385 8560 8561 
3 7385 8561 7382 
3 7382 8561 8334 
3 8334 8561 8562 
3 8334 8562 7381 
3 7381 8562 8335 
3 8335 8562 8337 
3 8335 8337 8336 
3 8336 8337 7379 
3 7379 8337 8338 
3 7379 8338 8339 
3 8339 8338 7378 
3 7378 8338 8340 
3 7378 8340 7377 
3 7377 8340 7375 
3 7375 8340 8566 
3 7375 8566 7373 
3 7373 8566 7372 
3 7372 8566 8567 
3 7372 8567 7370 
3 7370 8567 8341 
3 8341 8567 8569 
3 8341 8569 7369 
3 7369 8569 8342 
3 7369 8342 7368 
3 7368 8342 8344 
3 7368 8344 7366 
3 7366 8344 8343 
3 8343 8344 8571 
3 8343 8571 7365 
3 7365 8571 7363 
3 7363 8571 8572 
3 7363 8572 7362 
3 7362 8572 8345 
3 8345 8572 8573 
3 8345 8573 7360 
3 6904 8346 8573 
3 8573 8346 6918 
3 6918 6916 8573 
3 8573 6916 7248 
3 8573 7248 7360 
3 6900 8347 8805 
3 8805 8347 6899 
3 8805 6899 6907 
3 8969 6903 8348 
3 8348 6903 6901 
3 8349 6895 9125 
3 9125 6895 6893 
3 9125 6893 6898 
3 8350 6889 9206 
3 9206 6889 8351 
3 9206 8351 8352 
3 8353 6890 9368 
3 8353 9368 8354 
3 8355 6892 9439 
3 8356 9440 8357 
3 8357 9440 8358 
3 8357 8358 8359 
3 8359 8358 8360 
3 8360 8358 9438 
3 8360 9438 10064 
3 10064 9438 10062 
3 10062 9438 9437 
3 10062 9437 10061 
3 10061 9437 8361 
3 8361 9437 8362 
3 8361 8362 8363 
3 8363 8362 8364 
3 8363 8364 10058 
3 10058 8364 8365 
3 10058 8365 8366 
3 8366 8365 8367 
3 8367 8365 8368 
3 8367 8368 10057 
3 10057 8368 8369 
3 8369 8368 8371 
3 8369 8371 8370 
3 8370 8371 10056 
3 10056 8371 9433 
3 10056 9433 9821 
3 9821 9433 10051 
3 10051 9433 9431 
3 10051 9431 10052 
3 10052 9431 10054 
3 10054 9431 9430 
3 10054 9430 8372 
3 9429 8373 9430 
3 9430 8373 8374 
3 9430 8374 8372 
3 8375 9426 8376 
3 8376 10043 8375 
3 8375 10043 10049 
3 8375 10049 9429 
3 9429 10049 8377 
3 9429 8377 8373 
3 8378 9423 10040 
3 10040 10047 8378 
3 8378 10047 10045 
3 8378 10045 9426 
3 9426 10045 8379 
3 9426 8379 8376 
3 8381 9420 10037 
3 10037 8380 8381 
3 8381 8380 10042 
3 8381 10042 9423 
3 9423 10042 10041 
3 9423 10041 10040 
3 9418 8382 10033 
3 10033 8383 9418 
3 9418 8383 8384 
3 9418 8384 9420 
3 9420 8384 8385 
3 9420 8385 10037 
3 8387 8386 10030 
3 10030 10029 8387 
3 8387 10029 10036 
3 8387 10036 8382 
3 8382 10036 8388 
3 8382 8388 10033 
3 8391 8389 10027 
3 10027 8390 8391 
3 8391 8390 8392 
3 8391 8392 8386 
3 8386 8392 10032 
3 8386 10032 10030 
3 9415 8393 8394 
3 8394 8395 9415 
3 9415 8395 10026 
3 9415 10026 8389 
3 8389 10026 8396 
3 8389 8396 10027 
3 9413 8402 8397 
3 8397 10024 9413 
3 9413 10024 8398 
3 9413 8398 8393 
3 8393 8398 8399 
3 8393 8399 8394 
3 8400 8406 10019 
3 10019 10020 8400 
3 8400 10020 8401 
3 8400 8401 8402 
3 8402 8401 10021 
3 8402 10021 8397 
3 8403 8410 8404 
3 8404 10015 8403 
3 8403 10015 8405 
3 8403 8405 8406 
3 8406 8405 10017 
3 8406 10017 10019 
3 8409 9410 8407 
3 8407 8408 8409 
3 8409 8408 10014 
3 8409 10014 8410 
3 8410 10014 8411 
3 8410 8411 8404 
3 9408 10009 9409 
3 9409 10009 8412 
3 9409 8412 9410 
3 9410 8412 10011 
3 9410 10011 8407 
3 8414 8413 9408 
3 9408 8413 10007 
3 9408 10007 10009 
3 8418 10006 8414 
3 8414 10006 8415 
3 8414 8415 8413 
3 9405 8416 8418 
3 8418 8416 8417 
3 8418 8417 10006 
3 8421 8419 9405 
3 9405 8419 8420 
3 9405 8420 8416 
3 9404 10002 8421 
3 8421 10002 10003 
3 8421 10003 8419 
3 8425 8422 9404 
3 9404 8422 8423 
3 9404 8423 10002 
3 9403 8424 8425 
3 8425 8424 8426 
3 8425 8426 8422 
3 8429 9998 9403 
3 9403 9998 8427 
3 9403 8427 8424 
3 9401 8428 8429 
3 8429 8428 8430 
3 8429 8430 9998 
3 9400 8433 9401 
3 9401 8433 8431 
3 9401 8431 8428 
3 9398 8432 9400 
3 9400 8432 9997 
3 9400 9997 8433 
3 8434 8436 9398 
3 9398 8436 9995 
3 9398 9995 8432 
3 8435 9992 8434 
3 8434 9992 9994 
3 8434 9994 8436 
3 8439 8437 8435 
3 8435 8437 9990 
3 8435 9990 9992 
3 8438 8441 8439 
3 8439 8441 9989 
3 8439 9989 8437 
3 9396 9988 8438 
3 8438 9988 8440 
3 8438 8440 8441 
3 8442 8444 9396 
3 9396 8444 9987 
3 9396 9987 9988 
3 9394 9986 8442 
3 8442 9986 8443 
3 8442 8443 8444 
3 8445 9984 9394 
3 9394 9984 8446 
3 9394 8446 9986 
3 9393 8449 8445 
3 8445 8449 8447 
3 8445 8447 9984 
3 8450 9983 9393 
3 9393 9983 8448 
3 9393 8448 8449 
3 8452 9981 8450 
3 8450 9981 9982 
3 8450 9982 9983 
3 9390 8451 8452 
3 8452 8451 9979 
3 8452 9979 9981 
3 9388 9977 9390 
3 9390 9977 9978 
3 9390 9978 8451 
3 8453 8454 9388 
3 9388 8454 9975 
3 9388 9975 9977 
3 8455 8456 8453 
3 8453 8456 9974 
3 8453 9974 8454 
3 9387 8457 8455 
3 8455 8457 9973 
3 8455 9973 8456 
3 9385 9970 9387 
3 9387 9970 9971 
3 9387 9971 8457 
3 8458 8459 9385 
3 9385 8459 9969 
3 9385 9969 9970 
3 8460 9967 8458 
3 8458 9967 9968 
3 8458 9968 8459 
3 9382 8461 8460 
3 8460 8461 9966 
3 8460 9966 9967 
3 9381 9964 9382 
3 9382 9964 9965 
3 9382 9965 8461 
3 9379 8464 9381 
3 9381 8464 9962 
3 9381 9962 9964 
3 9378 8462 9379 
3 9379 8462 8463 
3 9379 8463 8464 
3 8466 9957 9378 
3 9378 9957 9958 
3 9378 9958 8462 
3 8467 8465 8466 
3 8466 8465 9956 
3 8466 9956 9957 
3 9375 9953 8467 
3 8467 9953 9954 
3 8467 9954 8465 
3 8470 8468 9375 
3 9375 8468 9952 
3 9375 9952 9953 
3 8472 8469 8470 
3 8470 8469 8471 
3 8470 8471 8468 
3 9373 8473 8472 
3 8472 8473 9950 
3 8472 9950 8469 
3 9371 9948 9373 
3 9373 9948 9949 
3 9373 9949 8473 
3 9945 8474 8475 
3 8475 8474 8476 
3 8475 8476 9371 
3 9371 8476 9947 
3 9371 9947 9948 
3 8477 8481 8482 
3 9945 8479 8478 
3 8478 8479 8183 
3 8478 8183 8482 
3 8482 8183 8480 
3 8482 8480 8477 
3 8481 8182 8482 
3 8482 8182 8483 
3 8482 8483 8484 
3 8483 8179 8484 
3 8484 8179 8485 
3 8484 8485 9818 
3 9818 8485 8486 
3 9818 8486 8177 
3 8185 8487 8475 
3 8475 8487 8488 
3 8475 8488 9945 
3 9945 8488 8489 
3 9945 8489 8479 
3 8188 9369 9282 
3 8190 9209 9208 
3 8192 8490 9127 
3 9127 8490 9126 
3 8194 8193 9044 
3 9044 8193 9043 
3 8810 8197 8491 
3 8491 8197 8196 
3 8200 8199 8492 
3 8492 8199 8809 
3 8493 8202 8652 
3 8652 8202 8201 
3 8576 8494 8577 
3 8577 8494 8203 
3 8495 8205 8501 
3 8501 8205 8206 
3 8233 8496 8497 
3 8497 8496 8498 
3 8497 8498 8500 
3 8500 8498 8499 
3 8499 8495 8500 
3 8500 8495 8501 
3 8500 8501 8502 
3 8502 8501 8578 
3 8502 8578 8236 
3 8236 8578 8580 
3 8236 8580 8235 
3 8235 8580 8503 
3 8235 8503 8239 
3 8239 8503 8505 
3 8239 8505 8504 
3 8504 8505 8506 
3 8504 8506 8508 
3 8508 8506 8507 
3 8508 8507 8243 
3 8243 8507 8584 
3 8243 8584 8247 
3 8247 8584 8585 
3 8247 8585 8252 
3 8252 8585 8509 
3 8252 8509 8510 
3 8510 8509 8588 
3 8510 8588 8254 
3 8254 8588 8590 
3 8254 8590 8511 
3 8511 8590 8592 
3 8511 8592 8512 
3 8512 8592 8594 
3 8512 8594 8513 
3 8513 8594 8595 
3 8513 8595 8257 
3 8257 8595 8597 
3 8257 8597 8256 
3 8256 8597 8598 
3 8256 8598 8261 
3 8261 8598 8515 
3 8261 8515 8514 
3 8514 8515 8601 
3 8514 8601 8260 
3 8260 8601 8516 
3 8260 8516 8263 
3 8263 8516 8602 
3 8263 8602 8267 
3 8267 8602 8517 
3 8267 8517 8266 
3 8266 8517 8603 
3 8266 8603 8223 
3 8223 8603 8519 
3 8223 8519 8518 
3 8518 8519 8604 
3 8518 8604 8270 
3 8270 8604 8606 
3 8270 8606 8273 
3 8273 8606 8520 
3 8273 8520 8521 
3 8521 8520 8522 
3 8521 8522 8275 
3 8275 8522 8523 
3 8275 8523 8277 
3 8277 8523 8608 
3 8277 8608 8279 
3 8279 8608 8609 
3 8279 8609 8524 
3 8524 8609 8610 
3 8524 8610 8282 
3 8282 8610 8611 
3 8282 8611 8285 
3 8285 8611 8525 
3 8285 8525 8286 
3 8286 8525 8613 
3 8286 8613 8526 
3 8526 8613 8527 
3 8526 8527 8291 
3 8291 8527 8614 
3 8291 8614 8293 
3 8293 8614 8528 
3 8293 8528 8529 
3 8529 8528 8530 
3 8529 8530 8531 
3 8531 8530 8532 
3 8531 8532 8533 
3 8533 8532 8618 
3 8533 8618 8297 
3 8297 8618 8620 
3 8297 8620 8534 
3 8534 8620 8621 
3 8534 8621 8535 
3 8535 8621 8624 
3 8535 8624 8536 
3 8536 8624 8625 
3 8536 8625 8537 
3 8537 8625 8538 
3 8537 8538 8303 
3 8303 8538 8627 
3 8303 8627 8539 
3 8539 8627 8629 
3 8539 8629 8540 
3 8540 8629 8630 
3 8540 8630 8308 
3 8308 8630 8631 
3 8308 8631 8312 
3 8312 8631 8541 
3 8312 8541 8542 
3 8542 8541 8544 
3 8542 8544 8543 
3 8543 8544 8545 
3 8543 8545 8316 
3 8316 8545 8633 
3 8316 8633 8546 
3 8546 8633 8634 
3 8546 8634 8320 
3 8320 8634 8547 
3 8320 8547 8322 
3 8322 8547 8548 
3 8322 8548 8323 
3 8323 8548 8549 
3 8323 8549 8325 
3 8325 8549 8636 
3 8325 8636 8550 
3 8550 8636 8552 
3 8550 8552 8551 
3 8551 8552 8553 
3 8551 8553 8554 
3 8554 8553 8555 
3 8554 8555 8556 
3 8556 8555 8558 
3 8556 8558 8557 
3 8557 8558 8559 
3 8557 8559 8560 
3 8560 8559 8639 
3 8560 8639 8561 
3 8561 8639 8641 
3 8561 8641 8562 
3 8562 8641 8563 
3 8562 8563 8337 
3 8337 8563 8642 
3 8337 8642 8338 
3 8338 8642 8564 
3 8338 8564 8340 
3 8340 8564 8565 
3 8340 8565 8566 
3 8566 8565 8643 
3 8566 8643 8567 
3 8567 8643 8568 
3 8567 8568 8569 
3 8569 8568 8645 
3 8569 8645 8342 
3 8342 8645 8646 
3 8342 8646 8344 
3 8344 8646 8570 
3 8344 8570 8571 
3 8571 8570 8648 
3 8571 8648 8572 
3 8572 8648 8574 
3 8572 8574 8573 
3 8573 8574 8222 
3 8573 8222 6904 
3 6904 8222 8575 
3 8206 8576 8501 
3 8501 8576 8577 
3 8501 8577 8578 
3 8578 8577 8579 
3 8578 8579 8580 
3 8580 8579 8654 
3 8580 8654 8503 
3 8503 8654 8581 
3 8503 8581 8505 
3 8505 8581 8582 
3 8505 8582 8506 
3 8506 8582 8583 
3 8506 8583 8507 
3 8507 8583 8657 
3 8507 8657 8584 
3 8584 8657 8586 
3 8584 8586 8585 
3 8585 8586 8659 
3 8585 8659 8509 
3 8509 8659 8587 
3 8509 8587 8588 
3 8588 8587 8589 
3 8588 8589 8590 
3 8590 8589 8591 
3 8590 8591 8592 
3 8592 8591 8661 
3 8592 8661 8594 
3 8594 8661 8593 
3 8594 8593 8595 
3 8595 8593 8596 
3 8595 8596 8597 
3 8597 8596 8599 
3 8597 8599 8598 
3 8598 8599 8663 
3 8598 8663 8515 
3 8515 8663 8664 
3 8515 8664 8601 
3 8601 8664 8600 
3 8601 8600 8516 
3 8516 8600 8666 
3 8516 8666 8602 
3 8602 8666 8668 
3 8602 8668 8517 
3 8517 8668 8669 
3 8517 8669 8603 
3 8603 8669 8672 
3 8603 8672 8519 
3 8519 8672 8673 
3 8519 8673 8604 
3 8604 8673 8605 
3 8604 8605 8606 
3 8606 8605 8676 
3 8606 8676 8520 
3 8520 8676 8678 
3 8520 8678 8522 
3 8522 8678 8679 
3 8522 8679 8523 
3 8523 8679 8607 
3 8523 8607 8608 
3 8608 8607 8681 
3 8608 8681 8609 
3 8609 8681 8682 
3 8609 8682 8610 
3 8610 8682 8684 
3 8610 8684 8611 
3 8611 8684 8685 
3 8611 8685 8525 
3 8525 8685 8612 
3 8525 8612 8613 
3 8613 8612 8687 
3 8613 8687 8527 
3 8527 8687 8688 
3 8527 8688 8614 
3 8614 8688 8615 
3 8614 8615 8528 
3 8528 8615 8616 
3 8528 8616 8530 
3 8530 8616 8617 
3 8530 8617 8532 
3 8532 8617 8692 
3 8532 8692 8618 
3 8618 8692 8619 
3 8618 8619 8620 
3 8620 8619 8622 
3 8620 8622 8621 
3 8621 8622 8623 
3 8621 8623 8624 
3 8624 8623 8694 
3 8624 8694 8625 
3 8625 8694 8626 
3 8625 8626 8538 
3 8538 8626 8697 
3 8538 8697 8627 
3 8627 8697 8699 
3 8627 8699 8629 
3 8629 8699 8628 
3 8629 8628 8630 
3 8630 8628 8700 
3 8630 8700 8631 
3 8631 8700 8632 
3 8631 8632 8541 
3 8541 8632 8702 
3 8541 8702 8544 
3 8544 8702 8703 
3 8544 8703 8545 
3 8545 8703 8704 
3 8545 8704 8633 
3 8633 8704 8706 
3 8633 8706 8634 
3 8634 8706 8708 
3 8634 8708 8547 
3 8547 8708 8635 
3 8547 8635 8548 
3 8548 8635 8709 
3 8548 8709 8549 
3 8549 8709 8711 
3 8549 8711 8636 
3 8636 8711 8637 
3 8636 8637 8552 
3 8552 8637 8713 
3 8552 8713 8553 
3 8553 8713 8715 
3 8553 8715 8555 
3 8555 8715 8716 
3 8555 8716 8558 
3 8558 8716 8638 
3 8558 8638 8559 
3 8559 8638 8717 
3 8559 8717 8639 
3 8639 8717 8718 
3 8639 8718 8641 
3 8641 8718 8640 
3 8641 8640 8563 
3 8563 8640 8721 
3 8563 8721 8642 
3 8642 8721 8723 
3 8642 8723 8564 
3 8564 8723 8724 
3 8564 8724 8565 
3 8565 8724 8725 
3 8565 8725 8643 
3 8643 8725 8644 
3 8643 8644 8568 
3 8568 8644 8726 
3 8568 8726 8645 
3 8645 8726 8727 
3 8645 8727 8646 
3 8646 8727 8729 
3 8646 8729 8570 
3 8570 8729 8647 
3 8570 8647 8648 
3 8648 8647 8731 
3 8648 8731 8574 
3 8574 8731 8649 
3 8574 8649 8222 
3 8222 8649 8650 
3 8222 8650 8651 
3 8651 8650 6905 
3 8203 8493 8577 
3 8577 8493 8652 
3 8577 8652 8579 
3 8579 8652 8653 
3 8579 8653 8654 
3 8654 8653 8732 
3 8654 8732 8581 
3 8581 8732 8733 
3 8581 8733 8582 
3 8582 8733 8655 
3 8582 8655 8583 
3 8583 8655 8656 
3 8583 8656 8657 
3 8657 8656 8658 
3 8657 8658 8586 
3 8586 8658 8735 
3 8586 8735 8659 
3 8659 8735 8660 
3 8659 8660 8587 
3 8587 8660 8737 
3 8587 8737 8589 
3 8589 8737 8739 
3 8589 8739 8591 
3 8591 8739 8740 
3 8591 8740 8661 
3 8661 8740 8741 
3 8661 8741 8593 
3 8593 8741 8742 
3 8593 8742 8596 
3 8596 8742 8744 
3 8596 8744 8599 
3 8599 8744 8662 
3 8599 8662 8663 
3 8663 8662 8665 
3 8663 8665 8664 
3 8664 8665 8747 
3 8664 8747 8600 
3 8600 8747 8667 
3 8600 8667 8666 
3 8666 8667 8748 
3 8666 8748 8668 
3 8668 8748 8749 
3 8668 8749 8669 
3 8669 8749 8670 
3 8669 8670 8672 
3 8672 8670 8671 
3 8672 8671 8673 
3 8673 8671 8674 
3 8673 8674 8605 
3 8605 8674 8675 
3 8605 8675 8676 
3 8676 8675 8677 
3 8676 8677 8678 
3 8678 8677 8680 
3 8678 8680 8679 
3 8679 8680 8753 
3 8679 8753 8607 
3 8607 8753 8754 
3 8607 8754 8681 
3 8681 8754 8755 
3 8681 8755 8682 
3 8682 8755 8683 
3 8682 8683 8684 
3 8684 8683 8757 
3 8684 8757 8685 
3 8685 8757 8686 
3 8685 8686 8612 
3 8612 8686 8759 
3 8612 8759 8687 
3 8687 8759 8760 
3 8687 8760 8688 
3 8688 8760 8689 
3 8688 8689 8615 
3 8615 8689 8690 
3 8615 8690 8616 
3 8616 8690 8691 
3 8616 8691 8617 
3 8617 8691 8764 
3 8617 8764 8692 
3 8692 8764 8766 
3 8692 8766 8619 
3 8619 8766 8767 
3 8619 8767 8622 
3 8622 8767 8693 
3 8622 8693 8623 
3 8623 8693 8695 
3 8623 8695 8694 
3 8694 8695 8696 
3 8694 8696 8626 
3 8626 8696 8772 
3 8626 8772 8697 
3 8697 8772 8698 
3 8697 8698 8699 
3 8699 8698 8773 
3 8699 8773 8628 
3 8628 8773 8774 
3 8628 8774 8700 
3 8700 8774 8701 
3 8700 8701 8632 
3 8632 8701 8775 
3 8632 8775 8702 
3 8702 8775 8776 
3 8702 8776 8703 
3 8703 8776 8778 
3 8703 8778 8704 
3 8704 8778 8705 
3 8704 8705 8706 
3 8706 8705 8707 
3 8706 8707 8708 
3 8708 8707 8781 
3 8708 8781 8635 
3 8635 8781 8782 
3 8635 8782 8709 
3 8709 8782 8710 
3 8709 8710 8711 
3 8711 8710 8784 
3 8711 8784 8637 
3 8637 8784 8712 
3 8637 8712 8713 
3 8713 8712 8714 
3 8713 8714 8715 
3 8715 8714 8786 
3 8715 8786 8716 
3 8716 8786 8787 
3 8716 8787 8638 
3 8638 8787 8790 
3 8638 8790 8717 
3 8717 8790 8719 
3 8717 8719 8718 
3 8718 8719 8720 
3 8718 8720 8640 
3 8640 8720 8722 
3 8640 8722 8721 
3 8721 8722 8793 
3 8721 8793 8723 
3 8723 8793 8794 
3 8723 8794 8724 
3 8724 8794 8795 
3 8724 8795 8725 
3 8725 8795 8796 
3 8725 8796 8644 
3 8644 8796 8797 
3 8644 8797 8726 
3 8726 8797 8799 
3 8726 8799 8727 
3 8727 8799 8728 
3 8727 8728 8729 
3 8729 8728 8801 
3 8729 8801 8647 
3 8647 8801 8730 
3 8647 8730 8731 
3 8731 8730 8803 
3 8731 8803 8649 
3 8649 8803 8804 
3 8649 8804 8650 
3 8650 8804 8805 
3 8650 8805 6906 
3 6906 8805 6907 
3 8201 8200 8652 
3 8652 8200 8492 
3 8652 8492 8653 
3 8653 8492 8811 
3 8653 8811 8732 
3 8732 8811 8812 
3 8732 8812 8733 
3 8733 8812 8813 
3 8733 8813 8655 
3 8655 8813 8814 
3 8655 8814 8656 
3 8656 8814 8817 
3 8656 8817 8658 
3 8658 8817 8734 
3 8658 8734 8735 
3 8735 8734 8736 
3 8735 8736 8660 
3 8660 8736 8821 
3 8660 8821 8737 
3 8737 8821 8738 
3 8737 8738 8739 
3 8739 8738 8823 
3 8739 8823 8740 
3 8740 8823 8825 
3 8740 8825 8741 
3 8741 8825 8827 
3 8741 8827 8742 
3 8742 8827 8743 
3 8742 8743 8744 
3 8744 8743 8830 
3 8744 8830 8662 
3 8662 8830 8745 
3 8662 8745 8665 
3 8665 8745 8832 
3 8665 8832 8747 
3 8747 8832 8746 
3 8747 8746 8667 
3 8667 8746 8834 
3 8667 8834 8748 
3 8748 8834 8835 
3 8748 8835 8749 
3 8749 8835 8837 
3 8749 8837 8670 
3 8670 8837 8838 
3 8670 8838 8671 
3 8671 8838 8750 
3 8671 8750 8674 
3 8674 8750 8751 
3 8674 8751 8675 
3 8675 8751 8840 
3 8675 8840 8677 
3 8677 8840 8844 
3 8677 8844 8680 
3 8680 8844 8752 
3 8680 8752 8753 
3 8753 8752 8846 
3 8753 8846 8754 
3 8754 8846 8756 
3 8754 8756 8755 
3 8755 8756 8849 
3 8755 8849 8683 
3 8683 8849 8850 
3 8683 8850 8757 
3 8757 8850 8758 
3 8757 8758 8686 
3 8686 8758 8851 
3 8686 8851 8759 
3 8759 8851 8853 
3 8759 8853 8760 
3 8760 8853 8761 
3 8760 8761 8689 
3 8689 8761 8762 
3 8689 8762 8690 
3 8690 8762 8855 
3 8690 8855 8691 
3 8691 8855 8763 
3 8691 8763 8764 
3 8764 8763 8765 
3 8764 8765 8766 
3 8766 8765 8857 
3 8766 8857 8767 
3 8767 8857 8768 
3 8767 8768 8693 
3 8693 8768 8769 
3 8693 8769 8695 
3 8695 8769 8770 
3 8695 8770 8696 
3 8696 8770 8771 
3 8696 8771 8772 
3 8772 8771 8860 
3 8772 8860 8698 
3 8698 8860 8863 
3 8698 8863 8773 
3 8773 8863 8864 
3 8773 8864 8774 
3 8774 8864 8865 
3 8774 8865 8701 
3 8701 8865 8866 
3 8701 8866 8775 
3 8775 8866 8868 
3 8775 8868 8776 
3 8776 8868 8777 
3 8776 8777 8778 
3 8778 8777 8869 
3 8778 8869 8705 
3 8705 8869 8779 
3 8705 8779 8707 
3 8707 8779 8780 
3 8707 8780 8781 
3 8781 8780 8873 
3 8781 8873 8782 
3 8782 8873 8783 
3 8782 8783 8710 
3 8710 8783 8874 
3 8710 8874 8784 
3 8784 8874 8785 
3 8784 8785 8712 
3 8712 8785 8876 
3 8712 8876 8714 
3 8714 8876 8878 
3 8714 8878 8786 
3 8786 8878 8788 
3 8786 8788 8787 
3 8787 8788 8789 
3 8787 8789 8790 
3 8790 8789 8880 
3 8790 8880 8719 
3 8719 8880 8791 
3 8719 8791 8720 
3 8720 8791 8882 
3 8720 8882 8722 
3 8722 8882 8883 
3 8722 8883 8793 
3 8793 8883 8792 
3 8793 8792 8794 
3 8794 8792 8885 
3 8794 8885 8795 
3 8795 8885 8886 
3 8795 8886 8796 
3 8796 8886 8887 
3 8796 8887 8797 
3 8797 8887 8798 
3 8797 8798 8799 
3 8799 8798 8889 
3 8799 8889 8728 
3 8728 8889 8800 
3 8728 8800 8801 
3 8801 8800 8891 
3 8801 8891 8730 
3 8730 8891 8802 
3 8730 8802 8803 
3 8803 8802 8894 
3 8803 8894 8804 
3 8804 8894 8806 
3 8804 8806 8805 
3 8805 8806 8807 
3 8805 8807 6900 
3 6900 8807 8808 
3 8809 8810 8492 
3 8492 8810 8491 
3 8492 8491 8811 
3 8811 8491 8897 
3 8811 8897 8812 
3 8812 8897 8899 
3 8812 8899 8813 
3 8813 8899 8815 
3 8813 8815 8814 
3 8814 8815 8816 
3 8814 8816 8817 
3 8817 8816 8818 
3 8817 8818 8734 
3 8734 8818 8819 
3 8734 8819 8736 
3 8736 8819 8820 
3 8736 8820 8821 
3 8821 8820 8822 
3 8821 8822 8738 
3 8738 8822 8905 
3 8738 8905 8823 
3 8823 8905 8824 
3 8823 8824 8825 
3 8825 8824 8826 
3 8825 8826 8827 
3 8827 8826 8828 
3 8827 8828 8743 
3 8743 8828 8829 
3 8743 8829 8830 
3 8830 8829 8906 
3 8830 8906 8745 
3 8745 8906 8831 
3 8745 8831 8832 
3 8832 8831 8908 
3 8832 8908 8746 
3 8746 8908 8833 
3 8746 8833 8834 
3 8834 8833 8909 
3 8834 8909 8835 
3 8835 8909 8836 
3 8835 8836 8837 
3 8837 8836 8911 
3 8837 8911 8838 
3 8838 8911 8912 
3 8838 8912 8750 
3 8750 8912 8839 
3 8750 8839 8751 
3 8751 8839 8841 
3 8751 8841 8840 
3 8840 8841 8842 
3 8840 8842 8844 
3 8844 8842 8843 
3 8844 8843 8752 
3 8752 8843 8845 
3 8752 8845 8846 
3 8846 8845 8847 
3 8846 8847 8756 
3 8756 8847 8848 
3 8756 8848 8849 
3 8849 8848 8918 
3 8849 8918 8850 
3 8850 8918 8920 
3 8850 8920 8758 
3 8758 8920 8922 
3 8758 8922 8851 
3 8851 8922 8852 
3 8851 8852 8853 
3 8853 8852 8854 
3 8853 8854 8761 
3 8761 8854 8925 
3 8761 8925 8762 
3 8762 8925 8926 
3 8762 8926 8855 
3 8855 8926 8927 
3 8855 8927 8763 
3 8763 8927 8856 
3 8763 8856 8765 
3 8765 8856 8931 
3 8765 8931 8857 
3 8857 8931 8932 
3 8857 8932 8768 
3 8768 8932 8858 
3 8768 8858 8769 
3 8769 8858 8859 
3 8769 8859 8770 
3 8770 8859 8934 
3 8770 8934 8771 
3 8771 8934 8861 
3 8771 8861 8860 
3 8860 8861 8862 
3 8860 8862 8863 
3 8863 8862 8936 
3 8863 8936 8864 
3 8864 8936 8937 
3 8864 8937 8865 
3 8865 8937 8939 
3 8865 8939 8866 
3 8866 8939 8867 
3 8866 8867 8868 
3 8868 8867 8940 
3 8868 8940 8777 
3 8777 8940 8941 
3 8777 8941 8869 
3 8869 8941 8943 
3 8869 8943 8779 
3 8779 8943 8870 
3 8779 8870 8780 
3 8780 8870 8871 
3 8780 8871 8873 
3 8873 8871 8872 
3 8873 8872 8783 
3 8783 8872 8946 
3 8783 8946 8874 
3 8874 8946 8875 
3 8874 8875 8785 
3 8785 8875 8948 
3 8785 8948 8876 
3 8876 8948 8877 
3 8876 8877 8878 
3 8878 8877 8949 
3 8878 8949 8788 
3 8788 8949 8952 
3 8788 8952 8789 
3 8789 8952 8879 
3 8789 8879 8880 
3 8880 8879 8953 
3 8880 8953 8791 
3 8791 8953 8881 
3 8791 8881 8882 
3 8882 8881 8956 
3 8882 8956 8883 
3 8883 8956 8884 
3 8883 8884 8792 
3 8792 8884 8958 
3 8792 8958 8885 
3 8885 8958 8959 
3 8885 8959 8886 
3 8886 8959 8960 
3 8886 8960 8887 
3 8887 8960 8888 
3 8887 8888 8798 
3 8798 8888 8962 
3 8798 8962 8889 
3 8889 8962 8963 
3 8889 8963 8800 
3 8800 8963 8890 
3 8800 8890 8891 
3 8891 8890 8892 
3 8891 8892 8802 
3 8802 8892 8893 
3 8802 8893 8894 
3 8894 8893 8895 
3 8894 8895 8806 
3 8806 8895 8968 
3 8806 8968 8807 
3 8807 8968 8348 
3 8807 8348 8896 
3 8896 8348 6901 
3 8196 8195 8491 
3 8491 8195 8217 
3 8491 8217 8897 
3 8897 8217 8898 
3 8897 8898 8899 
3 8899 8898 8970 
3 8899 8970 8815 
3 8815 8970 8900 
3 8815 8900 8816 
3 8816 8900 8901 
3 8816 8901 8818 
3 8818 8901 8902 
3 8818 8902 8819 
3 8819 8902 8903 
3 8819 8903 8820 
3 8820 8903 8972 
3 8820 8972 8822 
3 8822 8972 8904 
3 8822 8904 8905 
3 8905 8904 8973 
3 8905 8973 8824 
3 8824 8973 8975 
3 8824 8975 8826 
3 8826 8975 8976 
3 8826 8976 8828 
3 8828 8976 8977 
3 8828 8977 8829 
3 8829 8977 8979 
3 8829 8979 8906 
3 8906 8979 8981 
3 8906 8981 8831 
3 8831 8981 8907 
3 8831 8907 8908 
3 8908 8907 8983 
3 8908 8983 8833 
3 8833 8983 8985 
3 8833 8985 8909 
3 8909 8985 8986 
3 8909 8986 8836 
3 8836 8986 8910 
3 8836 8910 8911 
3 8911 8910 8987 
3 8911 8987 8912 
3 8912 8987 8913 
3 8912 8913 8839 
3 8839 8913 8914 
3 8839 8914 8841 
3 8841 8914 8915 
3 8841 8915 8842 
3 8842 8915 8916 
3 8842 8916 8843 
3 8843 8916 8990 
3 8843 8990 8845 
3 8845 8990 8991 
3 8845 8991 8847 
3 8847 8991 8917 
3 8847 8917 8848 
3 8848 8917 8994 
3 8848 8994 8918 
3 8918 8994 8919 
3 8918 8919 8920 
3 8920 8919 8921 
3 8920 8921 8922 
3 8922 8921 8923 
3 8922 8923 8852 
3 8852 8923 8998 
3 8852 8998 8854 
3 8854 8998 8924 
3 8854 8924 8925 
3 8925 8924 9000 
3 8925 9000 8926 
3 8926 9000 8928 
3 8926 8928 8927 
3 8927 8928 8929 
3 8927 8929 8856 
3 8856 8929 8930 
3 8856 8930 8931 
3 8931 8930 9003 
3 8931 9003 8932 
3 8932 9003 8933 
3 8932 8933 8858 
3 8858 8933 9004 
3 8858 9004 8859 
3 8859 9004 9006 
3 8859 9006 8934 
3 8934 9006 9007 
3 8934 9007 8861 
3 8861 9007 8935 
3 8861 8935 8862 
3 8862 8935 9010 
3 8862 9010 8936 
3 8936 9010 8938 
3 8936 8938 8937 
3 8937 8938 9011 
3 8937 9011 8939 
3 8939 9011 9012 
3 8939 9012 8867 
3 8867 9012 9013 
3 8867 9013 8940 
3 8940 9013 9015 
3 8940 9015 8941 
3 8941 9015 8942 
3 8941 8942 8943 
3 8943 8942 9017 
3 8943 9017 8870 
3 8870 9017 8944 
3 8870 8944 8871 
3 8871 8944 8945 
3 8871 8945 8872 
3 8872 8945 9019 
3 8872 9019 8946 
3 8946 9019 8947 
3 8946 8947 8875 
3 8875 8947 9020 
3 8875 9020 8948 
3 8948 9020 9021 
3 8948 9021 8877 
3 8877 9021 9022 
3 8877 9022 8949 
3 8949 9022 8950 
3 8949 8950 8952 
3 8952 8950 8951 
3 8952 8951 8879 
3 8879 8951 8954 
3 8879 8954 8953 
3 8953 8954 8955 
3 8953 8955 8881 
3 8881 8955 9026 
3 8881 9026 8956 
3 8956 9026 8957 
3 8956 8957 8884 
3 8884 8957 9029 
3 8884 9029 8958 
3 8958 9029 9031 
3 8958 9031 8959 
3 8959 9031 9032 
3 8959 9032 8960 
3 8960 9032 9033 
3 8960 9033 8888 
3 8888 9033 8961 
3 8888 8961 8962 
3 8962 8961 9035 
3 8962 9035 8963 
3 8963 9035 8964 
3 8963 8964 8890 
3 8890 8964 8965 
3 8890 8965 8892 
3 8892 8965 8966 
3 8892 8966 8893 
3 8893 8966 9038 
3 8893 9038 8895 
3 8895 9038 8967 
3 8895 8967 8968 
3 8968 8967 9039 
3 8968 9039 8348 
3 8348 9039 9041 
3 8348 9041 8969 
3 8969 9041 8221 
3 8216 8194 8217 
3 8217 8194 9044 
3 8217 9044 8898 
3 8898 9044 9045 
3 8898 9045 8970 
3 8970 9045 9047 
3 8970 9047 8900 
3 8900 9047 9049 
3 8900 9049 8901 
3 8901 9049 9051 
3 8901 9051 8902 
3 8902 9051 8971 
3 8902 8971 8903 
3 8903 8971 9053 
3 8903 9053 8972 
3 8972 9053 9054 
3 8972 9054 8904 
3 8904 9054 9056 
3 8904 9056 8973 
3 8973 9056 8974 
3 8973 8974 8975 
3 8975 8974 9058 
3 8975 9058 8976 
3 8976 9058 9059 
3 8976 9059 8977 
3 8977 9059 8978 
3 8977 8978 8979 
3 8979 8978 8980 
3 8979 8980 8981 
3 8981 8980 9062 
3 8981 9062 8907 
3 8907 9062 8982 
3 8907 8982 8983 
3 8983 8982 8984 
3 8983 8984 8985 
3 8985 8984 9065 
3 8985 9065 8986 
3 8986 9065 9066 
3 8986 9066 8910 
3 8910 9066 9068 
3 8910 9068 8987 
3 8987 9068 8988 
3 8987 8988 8913 
3 8913 8988 8989 
3 8913 8989 8914 
3 8914 8989 9071 
3 8914 9071 8915 
3 8915 9071 9072 
3 8915 9072 8916 
3 8916 9072 9073 
3 8916 9073 8990 
3 8990 9073 8992 
3 8990 8992 8991 
3 8991 8992 9077 
3 8991 9077 8917 
3 8917 9077 8993 
3 8917 8993 8994 
3 8994 8993 8995 
3 8994 8995 8919 
3 8919 8995 9079 
3 8919 9079 8921 
3 8921 9079 9081 
3 8921 9081 8923 
3 8923 9081 8996 
3 8923 8996 8998 
3 8998 8996 8997 
3 8998 8997 8924 
3 8924 8997 8999 
3 8924 8999 9000 
3 9000 8999 9001 
3 9000 9001 8928 
3 8928 9001 9084 
3 8928 9084 8929 
3 8929 9084 9002 
3 8929 9002 8930 
3 8930 9002 9087 
3 8930 9087 9003 
3 9003 9087 9088 
3 9003 9088 8933 
3 8933 9088 9090 
3 8933 9090 9004 
3 9004 9090 9005 
3 9004 9005 9006 
3 9006 9005 9092 
3 9006 9092 9007 
3 9007 9092 9094 
3 9007 9094 8935 
3 8935 9094 9008 
3 8935 9008 9010 
3 9010 9008 9009 
3 9010 9009 8938 
3 8938 9009 9095 
3 8938 9095 9011 
3 9011 9095 9097 
3 9011 9097 9012 
3 9012 9097 9098 
3 9012 9098 9013 
3 9013 9098 9014 
3 9013 9014 9015 
3 9015 9014 9016 
3 9015 9016 8942 
3 8942 9016 9102 
3 8942 9102 9017 
3 9017 9102 9018 
3 9017 9018 8944 
3 8944 9018 9103 
3 8944 9103 8945 
3 8945 9103 9104 
3 8945 9104 9019 
3 9019 9104 9105 
3 9019 9105 8947 
3 8947 9105 9106 
3 8947 9106 9020 
3 9020 9106 9107 
3 9020 9107 9021 
3 9021 9107 9023 
3 9021 9023 9022 
3 9022 9023 9110 
3 9022 9110 8950 
3 8950 9110 9111 
3 8950 9111 8951 
3 8951 9111 9024 
3 8951 9024 8954 
3 8954 9024 9025 
3 8954 9025 8955 
3 8955 9025 9027 
3 8955 9027 9026 
3 9026 9027 9028 
3 9026 9028 8957 
3 8957 9028 9030 
3 8957 9030 9029 
3 9029 9030 9114 
3 9029 9114 9031 
3 9031 9114 9115 
3 9031 9115 9032 
3 9032 9115 9116 
3 9032 9116 9033 
3 9033 9116 9034 
3 9033 9034 8961 
3 8961 9034 9117 
3 8961 9117 9035 
3 9035 9117 9120 
3 9035 9120 8964 
3 8964 9120 9121 
3 8964 9121 8965 
3 8965 9121 9036 
3 8965 9036 8966 
3 8966 9036 9037 
3 8966 9037 9038 
3 9038 9037 9124 
3 9038 9124 8967 
3 8967 9124 9040 
3 8967 9040 9039 
3 9039 9040 9042 
3 9039 9042 9041 
3 9041 9042 9125 
3 9041 9125 8220 
3 8220 9125 6898 
3 9043 8192 9044 
3 9044 8192 9127 
3 9044 9127 9045 
3 9045 9127 9046 
3 9045 9046 9047 
3 9047 9046 9048 
3 9047 9048 9049 
3 9049 9048 9050 
3 9049 9050 9051 
3 9051 9050 9129 
3 9051 9129 8971 
3 8971 9129 9052 
3 8971 9052 9053 
3 9053 9052 9132 
3 9053 9132 9054 
3 9054 9132 9055 
3 9054 9055 9056 
3 9056 9055 9135 
3 9056 9135 8974 
3 8974 9135 9057 
3 8974 9057 9058 
3 9058 9057 9060 
3 9058 9060 9059 
3 9059 9060 9137 
3 9059 9137 8978 
3 8978 9137 9061 
3 8978 9061 8980 
3 8980 9061 9139 
3 8980 9139 9062 
3 9062 9139 9063 
3 9062 9063 8982 
3 8982 9063 9141 
3 8982 9141 8984 
3 8984 9141 9064 
3 8984 9064 9065 
3 9065 9064 9142 
3 9065 9142 9066 
3 9066 9142 9067 
3 9066 9067 9068 
3 9068 9067 9069 
3 9068 9069 8988 
3 8988 9069 9070 
3 8988 9070 8989 
3 8989 9070 9145 
3 8989 9145 9071 
3 9071 9145 9146 
3 9071 9146 9072 
3 9072 9146 9074 
3 9072 9074 9073 
3 9073 9074 9075 
3 9073 9075 8992 
3 8992 9075 9076 
3 8992 9076 9077 
3 9077 9076 9078 
3 9077 9078 8993 
3 8993 9078 9149 
3 8993 9149 8995 
3 8995 9149 9080 
3 8995 9080 9079 
3 9079 9080 9151 
3 9079 9151 9081 
3 9081 9151 9152 
3 9081 9152 8996 
3 8996 9152 9153 
3 8996 9153 8997 
3 8997 9153 9155 
3 8997 9155 8999 
3 8999 9155 9082 
3 8999 9082 9001 
3 9001 9082 9083 
3 9001 9083 9084 
3 9084 9083 9085 
3 9084 9085 9002 
3 9002 9085 9086 
3 9002 9086 9087 
3 9087 9086 9158 
3 9087 9158 9088 
3 9088 9158 9089 
3 9088 9089 9090 
3 9090 9089 9160 
3 9090 9160 9005 
3 9005 9160 9091 
3 9005 9091 9092 
3 9092 9091 9093 
3 9092 9093 9094 
3 9094 9093 9163 
3 9094 9163 9008 
3 9008 9163 9165 
3 9008 9165 9009 
3 9009 9165 9166 
3 9009 9166 9095 
3 9095 9166 9167 
3 9095 9167 9097 
3 9097 9167 9096 
3 9097 9096 9098 
3 9098 9096 9099 
3 9098 9099 9014 
3 9014 9099 9100 
3 9014 9100 9016 
3 9016 9100 9101 
3 9016 9101 9102 
3 9102 9101 9171 
3 9102 9171 9018 
3 9018 9171 9172 
3 9018 9172 9103 
3 9103 9172 9174 
3 9103 9174 9104 
3 9104 9174 9175 
3 9104 9175 9105 
3 9105 9175 9176 
3 9105 9176 9106 
3 9106 9176 9177 
3 9106 9177 9107 
3 9107 9177 9108 
3 9107 9108 9023 
3 9023 9108 9109 
3 9023 9109 9110 
3 9110 9109 9181 
3 9110 9181 9111 
3 9111 9181 9182 
3 9111 9182 9024 
3 9024 9182 9184 
3 9024 9184 9025 
3 9025 9184 9185 
3 9025 9185 9027 
3 9027 9185 9112 
3 9027 9112 9028 
3 9028 9112 9113 
3 9028 9113 9030 
3 9030 9113 9187 
3 9030 9187 9114 
3 9114 9187 9190 
3 9114 9190 9115 
3 9115 9190 9191 
3 9115 9191 9116 
3 9116 9191 9192 
3 9116 9192 9034 
3 9034 9192 9118 
3 9034 9118 9117 
3 9117 9118 9119 
3 9117 9119 9120 
3 9120 9119 9122 
3 9120 9122 9121 
3 9121 9122 9196 
3 9121 9196 9036 
3 9036 9196 9198 
3 9036 9198 9037 
3 9037 9198 9123 
3 9037 9123 9124 
3 9124 9123 9200 
3 9124 9200 9040 
3 9040 9200 9202 
3 9040 9202 9042 
3 9042 9202 9203 
3 9042 9203 9125 
3 9125 9203 9205 
3 9125 9205 8349 
3 8349 9205 6896 
3 9126 8191 9127 
3 9127 8191 9128 
3 9127 9128 9046 
3 9046 9128 9210 
3 9046 9210 9048 
3 9048 9210 9211 
3 9048 9211 9050 
3 9050 9211 9130 
3 9050 9130 9129 
3 9129 9130 9212 
3 9129 9212 9052 
3 9052 9212 9131 
3 9052 9131 9132 
3 9132 9131 9133 
3 9132 9133 9055 
3 9055 9133 9134 
3 9055 9134 9135 
3 9135 9134 9213 
3 9135 9213 9057 
3 9057 9213 9136 
3 9057 9136 9060 
3 9060 9136 9216 
3 9060 9216 9137 
3 9137 9216 9138 
3 9137 9138 9061 
3 9061 9138 9218 
3 9061 9218 9139 
3 9139 9218 9140 
3 9139 9140 9063 
3 9063 9140 9221 
3 9063 9221 9141 
3 9141 9221 9222 
3 9141 9222 9064 
3 9064 9222 9223 
3 9064 9223 9142 
3 9142 9223 9143 
3 9142 9143 9067 
3 9067 9143 9226 
3 9067 9226 9069 
3 9069 9226 9227 
3 9069 9227 9070 
3 9070 9227 9144 
3 9070 9144 9145 
3 9145 9144 9228 
3 9145 9228 9146 
3 9146 9228 9230 
3 9146 9230 9074 
3 9074 9230 9231 
3 9074 9231 9075 
3 9075 9231 9147 
3 9075 9147 9076 
3 9076 9147 9148 
3 9076 9148 9078 
3 9078 9148 9233 
3 9078 9233 9149 
3 9149 9233 9236 
3 9149 9236 9080 
3 9080 9236 9150 
3 9080 9150 9151 
3 9151 9150 9238 
3 9151 9238 9152 
3 9152 9238 9239 
3 9152 9239 9153 
3 9153 9239 9154 
3 9153 9154 9155 
3 9155 9154 9240 
3 9155 9240 9082 
3 9082 9240 9156 
3 9082 9156 9083 
3 9083 9156 9241 
3 9083 9241 9085 
3 9085 9241 9243 
3 9085 9243 9086 
3 9086 9243 9157 
3 9086 9157 9158 
3 9158 9157 9159 
3 9158 9159 9089 
3 9089 9159 9246 
3 9089 9246 9160 
3 9160 9246 9161 
3 9160 9161 9091 
3 9091 9161 9248 
3 9091 9248 9093 
3 9093 9248 9162 
3 9093 9162 9163 
3 9163 9162 9250 
3 9163 9250 9165 
3 9165 9250 9164 
3 9165 9164 9166 
3 9166 9164 9251 
3 9166 9251 9167 
3 9167 9251 9254 
3 9167 9254 9096 
3 9096 9254 9168 
3 9096 9168 9099 
3 9099 9168 9256 
3 9099 9256 9100 
3 9100 9256 9169 
3 9100 9169 9101 
3 9101 9169 9170 
3 9101 9170 9171 
3 9171 9170 9259 
3 9171 9259 9172 
3 9172 9259 9173 
3 9172 9173 9174 
3 9174 9173 9261 
3 9174 9261 9175 
3 9175 9261 9262 
3 9175 9262 9176 
3 9176 9262 9264 
3 9176 9264 9177 
3 9177 9264 9178 
3 9177 9178 9108 
3 9108 9178 9179 
3 9108 9179 9109 
3 9109 9179 9180 
3 9109 9180 9181 
3 9181 9180 9183 
3 9181 9183 9182 
3 9182 9183 9268 
3 9182 9268 9184 
3 9184 9268 9270 
3 9184 9270 9185 
3 9185 9270 9271 
3 9185 9271 9112 
3 9112 9271 9186 
3 9112 9186 9113 
3 9113 9186 9188 
3 9113 9188 9187 
3 9187 9188 9273 
3 9187 9273 9190 
3 9190 9273 9189 
3 9190 9189 9191 
3 9191 9189 9274 
3 9191 9274 9192 
3 9192 9274 9193 
3 9192 9193 9118 
3 9118 9193 9194 
3 9118 9194 9119 
3 9119 9194 9195 
3 9119 9195 9122 
3 9122 9195 9277 
3 9122 9277 9196 
3 9196 9277 9197 
3 9196 9197 9198 
3 9198 9197 9199 
3 9198 9199 9123 
3 9123 9199 9279 
3 9123 9279 9200 
3 9200 9279 9201 
3 9200 9201 9202 
3 9202 9201 9204 
3 9202 9204 9203 
3 9203 9204 9281 
3 9203 9281 9205 
3 9205 9281 9206 
3 9205 9206 8219 
3 8219 9206 8352 
3 9207 9208 9128 
3 9128 9208 9209 
3 9128 9209 9210 
3 9210 9209 9283 
3 9210 9283 9211 
3 9211 9283 9284 
3 9211 9284 9130 
3 9130 9284 9285 
3 9130 9285 9212 
3 9212 9285 9287 
3 9212 9287 9131 
3 9131 9287 9288 
3 9131 9288 9133 
3 9133 9288 9290 
3 9133 9290 9134 
3 9134 9290 9214 
3 9134 9214 9213 
3 9213 9214 9215 
3 9213 9215 9136 
3 9136 9215 9217 
3 9136 9217 9216 
3 9216 9217 9293 
3 9216 9293 9138 
3 9138 9293 9219 
3 9138 9219 9218 
3 9218 9219 9220 
3 9218 9220 9140 
3 9140 9220 9296 
3 9140 9296 9221 
3 9221 9296 9297 
3 9221 9297 9222 
3 9222 9297 9298 
3 9222 9298 9223 
3 9223 9298 9224 
3 9223 9224 9143 
3 9143 9224 9225 
3 9143 9225 9226 
3 9226 9225 9300 
3 9226 9300 9227 
3 9227 9300 9303 
3 9227 9303 9144 
3 9144 9303 9305 
3 9144 9305 9228 
3 9228 9305 9229 
3 9228 9229 9230 
3 9230 9229 9306 
3 9230 9306 9231 
3 9231 9306 9307 
3 9231 9307 9147 
3 9147 9307 9232 
3 9147 9232 9148 
3 9148 9232 9310 
3 9148 9310 9233 
3 9233 9310 9234 
3 9233 9234 9236 
3 9236 9234 9235 
3 9236 9235 9150 
3 9150 9235 9237 
3 9150 9237 9238 
3 9238 9237 9313 
3 9238 9313 9239 
3 9239 9313 9315 
3 9239 9315 9154 
3 9154 9315 9316 
3 9154 9316 9240 
3 9240 9316 9319 
3 9240 9319 9156 
3 9156 9319 9320 
3 9156 9320 9241 
3 9241 9320 9322 
3 9241 9322 9243 
3 9243 9322 9242 
3 9243 9242 9157 
3 9157 9242 9244 
3 9157 9244 9159 
3 9159 9244 9245 
3 9159 9245 9246 
3 9246 9245 9247 
3 9246 9247 9161 
3 9161 9247 9249 
3 9161 9249 9248 
3 9248 9249 9327 
3 9248 9327 9162 
3 9162 9327 9328 
3 9162 9328 9250 
3 9250 9328 9330 
3 9250 9330 9164 
3 9164 9330 9252 
3 9164 9252 9251 
3 9251 9252 9253 
3 9251 9253 9254 
3 9254 9253 9255 
3 9254 9255 9168 
3 9168 9255 9257 
3 9168 9257 9256 
3 9256 9257 9336 
3 9256 9336 9169 
3 9169 9336 9258 
3 9169 9258 9170 
3 9170 9258 9339 
3 9170 9339 9259 
3 9259 9339 9260 
3 9259 9260 9173 
3 9173 9260 9341 
3 9173 9341 9261 
3 9261 9341 9342 
3 9261 9342 9262 
3 9262 9342 9263 
3 9262 9263 9264 
3 9264 9263 9265 
3 9264 9265 9178 
3 9178 9265 9266 
3 9178 9266 9179 
3 9179 9266 9267 
3 9179 9267 9180 
3 9180 9267 9345 
3 9180 9345 9183 
3 9183 9345 9348 
3 9183 9348 9268 
3 9268 9348 9269 
3 9268 9269 9270 
3 9270 9269 9350 
3 9270 9350 9271 
3 9271 9350 9351 
3 9271 9351 9186 
3 9186 9351 9352 
3 9186 9352 9188 
3 9188 9352 9353 
3 9188 9353 9273 
3 9273 9353 9272 
3 9273 9272 9189 
3 9189 9272 9354 
3 9189 9354 9274 
3 9274 9354 9275 
3 9274 9275 9193 
3 9193 9275 9355 
3 9193 9355 9194 
3 9194 9355 9357 
3 9194 9357 9195 
3 9195 9357 9276 
3 9195 9276 9277 
3 9277 9276 9359 
3 9277 9359 9197 
3 9197 9359 9278 
3 9197 9278 9199 
3 9199 9278 9361 
3 9199 9361 9279 
3 9279 9361 9362 
3 9279 9362 9201 
3 9201 9362 9280 
3 9201 9280 9204 
3 9204 9280 9365 
3 9204 9365 9281 
3 9281 9365 9367 
3 9281 9367 9206 
3 9206 9367 9368 
3 9206 9368 8350 
3 8350 9368 6890 
3 8189 9282 9209 
3 9209 9282 9369 
3 9209 9369 9283 
3 9283 9369 9370 
3 9283 9370 9284 
3 9284 9370 9372 
3 9284 9372 9285 
3 9285 9372 9286 
3 9285 9286 9287 
3 9287 9286 9374 
3 9287 9374 9288 
3 9288 9374 9289 
3 9288 9289 9290 
3 9290 9289 9291 
3 9290 9291 9214 
3 9214 9291 9292 
3 9214 9292 9215 
3 9215 9292 9376 
3 9215 9376 9217 
3 9217 9376 9377 
3 9217 9377 9293 
3 9293 9377 9380 
3 9293 9380 9219 
3 9219 9380 9294 
3 9219 9294 9220 
3 9220 9294 9295 
3 9220 9295 9296 
3 9296 9295 9383 
3 9296 9383 9297 
3 9297 9383 9384 
3 9297 9384 9298 
3 9298 9384 9386 
3 9298 9386 9224 
3 9224 9386 9299 
3 9224 9299 9225 
3 9225 9299 9301 
3 9225 9301 9300 
3 9300 9301 9302 
3 9300 9302 9303 
3 9303 9302 9304 
3 9303 9304 9305 
3 9305 9304 9389 
3 9305 9389 9229 
3 9229 9389 9391 
3 9229 9391 9306 
3 9306 9391 9392 
3 9306 9392 9307 
3 9307 9392 9308 
3 9307 9308 9232 
3 9232 9308 9309 
3 9232 9309 9310 
3 9310 9309 9311 
3 9310 9311 9234 
3 9234 9311 9395 
3 9234 9395 9235 
3 9235 9395 9312 
3 9235 9312 9237 
3 9237 9312 9397 
3 9237 9397 9313 
3 9313 9397 9314 
3 9313 9314 9315 
3 9315 9314 9317 
3 9315 9317 9316 
3 9316 9317 9318 
3 9316 9318 9319 
3 9319 9318 9399 
3 9319 9399 9320 
3 9320 9399 9321 
3 9320 9321 9322 
3 9322 9321 9323 
3 9322 9323 9242 
3 9242 9323 9324 
3 9242 9324 9244 
3 9244 9324 9402 
3 9244 9402 9245 
3 9245 9402 9325 
3 9245 9325 9247 
3 9247 9325 9326 
3 9247 9326 9249 
3 9249 9326 9406 
3 9249 9406 9327 
3 9327 9406 9329 
3 9327 9329 9328 
3 9328 9329 9407 
3 9328 9407 9330 
3 9330 9407 9331 
3 9330 9331 9252 
3 9252 9331 9332 
3 9252 9332 9253 
3 9253 9332 9333 
3 9253 9333 9255 
3 9255 9333 9334 
3 9255 9334 9257 
3 9257 9334 9335 
3 9257 9335 9336 
3 9336 9335 9337 
3 9336 9337 9258 
3 9258 9337 9338 
3 9258 9338 9339 
3 9339 9338 9340 
3 9339 9340 9260 
3 9260 9340 9411 
3 9260 9411 9341 
3 9341 9411 9412 
3 9341 9412 9342 
3 9342 9412 9414 
3 9342 9414 9263 
3 9263 9414 9343 
3 9263 9343 9265 
3 9265 9343 9416 
3 9265 9416 9266 
3 9266 9416 9344 
3 9266 9344 9267 
3 9267 9344 9346 
3 9267 9346 9345 
3 9345 9346 9347 
3 9345 9347 9348 
3 9348 9347 9349 
3 9348 9349 9269 
3 9269 9349 9417 
3 9269 9417 9350 
3 9350 9417 9419 
3 9350 9419 9351 
3 9351 9419 9421 
3 9351 9421 9352 
3 9352 9421 9422 
3 9352 9422 9353 
3 9353 9422 9424 
3 9353 9424 9272 
3 9272 9424 9425 
3 9272 9425 9354 
3 9354 9425 9427 
3 9354 9427 9275 
3 9275 9427 9428 
3 9275 9428 9355 
3 9355 9428 9356 
3 9355 9356 9357 
3 9357 9356 9358 
3 9357 9358 9276 
3 9276 9358 9432 
3 9276 9432 9359 
3 9359 9432 9434 
3 9359 9434 9278 
3 9278 9434 9360 
3 9278 9360 9361 
3 9361 9360 9435 
3 9361 9435 9362 
3 9362 9435 9363 
3 9362 9363 9280 
3 9280 9363 9364 
3 9280 9364 9365 
3 9365 9364 9366 
3 9365 9366 9367 
3 9367 9366 9436 
3 9367 9436 9368 
3 9368 9436 9439 
3 9368 9439 8354 
3 8354 9439 6892 
3 8218 8185 9369 
3 9369 8185 8475 
3 9369 8475 9370 
3 9370 8475 9371 
3 9370 9371 9372 
3 9372 9371 9373 
3 9372 9373 9286 
3 9286 9373 8472 
3 9286 8472 9374 
3 9374 8472 8470 
3 9374 8470 9289 
3 9289 8470 9375 
3 9289 9375 9291 
3 9291 9375 8467 
3 9291 8467 9292 
3 9292 8467 8466 
3 9292 8466 9376 
3 9376 8466 9378 
3 9376 9378 9377 
3 9377 9378 9379 
3 9377 9379 9380 
3 9380 9379 9381 
3 9380 9381 9294 
3 9294 9381 9382 
3 9294 9382 9295 
3 9295 9382 8460 
3 9295 8460 9383 
3 9383 8460 8458 
3 9383 8458 9384 
3 9384 8458 9385 
3 9384 9385 9386 
3 9386 9385 9387 
3 9386 9387 9299 
3 9299 9387 8455 
3 9299 8455 9301 
3 9301 8455 8453 
3 9301 8453 9302 
3 9302 8453 9388 
3 9302 9388 9304 
3 9304 9388 9390 
3 9304 9390 9389 
3 9389 9390 8452 
3 9389 8452 9391 
3 9391 8452 8450 
3 9391 8450 9392 
3 9392 8450 9393 
3 9392 9393 9308 
3 9308 9393 8445 
3 9308 8445 9309 
3 9309 8445 9394 
3 9309 9394 9311 
3 9311 9394 8442 
3 9311 8442 9395 
3 9395 8442 9396 
3 9395 9396 9312 
3 9312 9396 8438 
3 9312 8438 9397 
3 9397 8438 8439 
3 9397 8439 9314 
3 9314 8439 8435 
3 9314 8435 9317 
3 9317 8435 8434 
3 9317 8434 9318 
3 9318 8434 9398 
3 9318 9398 9399 
3 9399 9398 9400 
3 9399 9400 9321 
3 9321 9400 9401 
3 9321 9401 9323 
3 9323 9401 8429 
3 9323 8429 9324 
3 9324 8429 9403 
3 9324 9403 9402 
3 9402 9403 8425 
3 9402 8425 9325 
3 9325 8425 9404 
3 9325 9404 9326 
3 9326 9404 8421 
3 9326 8421 9406 
3 9406 8421 9405 
3 9406 9405 9329 
3 9329 9405 8418 
3 9329 8418 9407 
3 9407 8418 8414 
3 9407 8414 9331 
3 9331 8414 9408 
3 9331 9408 9332 
3 9332 9408 9409 
3 9332 9409 9333 
3 9333 9409 9410 
3 9333 9410 9334 
3 9334 9410 8409 
3 9334 8409 9335 
3 9335 8409 8410 
3 9335 8410 9337 
3 9337 8410 8403 
3 9337 8403 9338 
3 9338 8403 8406 
3 9338 8406 9340 
3 9340 8406 8400 
3 9340 8400 9411 
3 9411 8400 8402 
3 9411 8402 9412 
3 9412 8402 9413 
3 9412 9413 9414 
3 9414 9413 8393 
3 9414 8393 9343 
3 9343 8393 9415 
3 9343 9415 9416 
3 9416 9415 8389 
3 9416 8389 9344 
3 9344 8389 8391 
3 9344 8391 9346 
3 9346 8391 8386 
3 9346 8386 9347 
3 9347 8386 8387 
3 9347 8387 9349 
3 9349 8387 8382 
3 9349 8382 9417 
3 9417 8382 9418 
3 9417 9418 9419 
3 9419 9418 9420 
3 9419 9420 9421 
3 9421 9420 8381 
3 9421 8381 9422 
3 9422 8381 9423 
3 9422 9423 9424 
3 9424 9423 8378 
3 9424 8378 9425 
3 9425 8378 9426 
3 9425 9426 9427 
3 9427 9426 8375 
3 9427 8375 9428 
3 9428 8375 9429 
3 9428 9429 9356 
3 9356 9429 9430 
3 9356 9430 9358 
3 9358 9430 9431 
3 9358 9431 9432 
3 9432 9431 9433 
3 9432 9433 9434 
3 9434 9433 8371 
3 9434 8371 9360 
3 9360 8371 8368 
3 9360 8368 9435 
3 9435 8368 8365 
3 9435 8365 9363 
3 9363 8365 8364 
3 9363 8364 9364 
3 9364 8364 8362 
3 9364 8362 9366 
3 9366 8362 9437 
3 9366 9437 9436 
3 9436 9437 9438 
3 9436 9438 9439 
3 9439 9438 8358 
3 9439 8358 8355 
3 8355 8358 9440 
3 10816 6879 10075 
3 10075 10077 10816 
3 10816 10077 9441 
3 10816 9441 9822 
3 9482 8175 9579 
3 8174 9600 9578 
3 9442 9620 9443 
3 9444 8171 9621 
3 9468 9445 9469 
3 9446 9447 9523 
3 7991 7990 9486 
3 9486 7990 9485 
3 9559 7997 9561 
3 8007 8009 9448 
3 9448 8009 9449 
3 9598 9450 8006 
3 9618 9640 9619 
3 9638 9658 9639 
3 9657 9451 8002 
3 7999 9451 7962 
3 7962 9451 9657 
3 7962 9657 7963 
3 7963 9657 9452 
3 7963 9452 7973 
3 7973 9452 9454 
3 9454 9452 9453 
3 9454 9453 7974 
3 7974 9453 9455 
3 9455 9453 9456 
3 9455 9456 7976 
3 7976 9456 7978 
3 7978 9456 9655 
3 7978 9655 7979 
3 7979 9655 9457 
3 9457 9655 9458 
3 9457 9458 9459 
3 9459 9458 7966 
3 7966 9458 9461 
3 7966 9461 7968 
3 9460 9465 9461 
3 9461 9465 9462 
3 9461 9462 7968 
3 9463 9651 7982 
3 7982 7981 9463 
3 9463 7981 9464 
3 9463 9464 9460 
3 9460 9464 7967 
3 9460 7967 9465 
3 9469 9445 9649 
3 9445 7977 9649 
3 9649 7977 9466 
3 9649 9466 9651 
3 9651 9466 9467 
3 9651 9467 7982 
3 9468 9469 9470 
3 9470 9469 9648 
3 9470 9648 9471 
3 9471 9648 9646 
3 9471 9646 9472 
3 9472 9646 7972 
3 7972 9646 9644 
3 7972 9644 9473 
3 9473 9644 7959 
3 7959 9644 9474 
3 7959 9474 9475 
3 9475 9474 9476 
3 9476 9474 9477 
3 9476 9477 9478 
3 9478 9477 7957 
3 7957 9477 9641 
3 7957 9641 7960 
3 7960 9641 7961 
3 7961 9641 9481 
3 7961 9481 9479 
3 9480 9479 8168 
3 8168 9479 9481 
3 8168 9481 8170 
3 8170 9481 8171 
3 9444 9621 9620 
3 9442 9443 9600 
3 8174 9578 8175 
3 9482 9579 9483 
3 8164 8166 9540 
3 9540 8166 9483 
3 8160 8162 9539 
3 9539 8162 8164 
3 8158 8159 9484 
3 9484 8159 8160 
3 10540 10538 8156 
3 9485 9487 9486 
3 9486 9487 9488 
3 9486 9488 9489 
3 9489 9488 10533 
3 9489 10533 9521 
3 9521 10533 10531 
3 9521 10531 9490 
3 9490 10531 9491 
3 9490 9491 9493 
3 9493 9491 9492 
3 9493 9492 9494 
3 9494 9492 10557 
3 9494 10557 9518 
3 9518 10557 9495 
3 9518 9495 9496 
3 9496 9495 9497 
3 9496 9497 9498 
3 9498 9497 10554 
3 9498 10554 9499 
3 9499 10554 10555 
3 9499 10555 9515 
3 9515 10555 9500 
3 9515 9500 9514 
3 9514 9500 9501 
3 9514 9501 9511 
3 9511 9501 10550 
3 9511 10550 9502 
3 9502 10550 10528 
3 9502 10528 9503 
3 9503 10528 10548 
3 9503 10548 9504 
3 9504 10548 10546 
3 9504 10546 9509 
3 9509 10546 10542 
3 9509 10542 9505 
3 9505 10542 10540 
3 9505 10540 9506 
3 9506 10540 8156 
3 9506 8156 8158 
3 8158 9484 9506 
3 9506 9484 9507 
3 9506 9507 9505 
3 9505 9507 9508 
3 9505 9508 9509 
3 9509 9508 9525 
3 9509 9525 9504 
3 9504 9525 9526 
3 9504 9526 9503 
3 9503 9526 9528 
3 9503 9528 9502 
3 9502 9528 9510 
3 9502 9510 9511 
3 9511 9510 9512 
3 9511 9512 9514 
3 9514 9512 9513 
3 9514 9513 9515 
3 9515 9513 9530 
3 9515 9530 9499 
3 9499 9530 9516 
3 9499 9516 9498 
3 9498 9516 9517 
3 9498 9517 9496 
3 9496 9517 9532 
3 9496 9532 9518 
3 9518 9532 9534 
3 9518 9534 9494 
3 9494 9534 9535 
3 9494 9535 9493 
3 9493 9535 9519 
3 9493 9519 9490 
3 9490 9519 9520 
3 9490 9520 9521 
3 9521 9520 9522 
3 9521 9522 9489 
3 9489 9522 9523 
3 9489 9523 9486 
3 9486 9523 9447 
3 9486 9447 7991 
3 8160 9539 9484 
3 9484 9539 9541 
3 9484 9541 9507 
3 9507 9541 9524 
3 9507 9524 9508 
3 9508 9524 9543 
3 9508 9543 9525 
3 9525 9543 9545 
3 9525 9545 9526 
3 9526 9545 9547 
3 9526 9547 9528 
3 9528 9547 9527 
3 9528 9527 9510 
3 9510 9527 9550 
3 9510 9550 9512 
3 9512 9550 9529 
3 9512 9529 9513 
3 9513 9529 9551 
3 9513 9551 9530 
3 9530 9551 9553 
3 9530 9553 9516 
3 9516 9553 9555 
3 9516 9555 9517 
3 9517 9555 9531 
3 9517 9531 9532 
3 9532 9531 9533 
3 9532 9533 9534 
3 9534 9533 9557 
3 9534 9557 9535 
3 9535 9557 9536 
3 9535 9536 9519 
3 9519 9536 9537 
3 9519 9537 9520 
3 9520 9537 9538 
3 9520 9538 9522 
3 9522 9538 9560 
3 9522 9560 9523 
3 9523 9560 9562 
3 9523 9562 9446 
3 8164 9540 9539 
3 9539 9540 9563 
3 9539 9563 9541 
3 9541 9563 9542 
3 9541 9542 9524 
3 9524 9542 9544 
3 9524 9544 9543 
3 9543 9544 9565 
3 9543 9565 9545 
3 9545 9565 9546 
3 9545 9546 9547 
3 9547 9546 9548 
3 9547 9548 9527 
3 9527 9548 9549 
3 9527 9549 9550 
3 9550 9549 9568 
3 9550 9568 9529 
3 9529 9568 9569 
3 9529 9569 9551 
3 9551 9569 9552 
3 9551 9552 9553 
3 9553 9552 9554 
3 9553 9554 9555 
3 9555 9554 9556 
3 9555 9556 9531 
3 9531 9556 9572 
3 9531 9572 9533 
3 9533 9572 9573 
3 9533 9573 9557 
3 9557 9573 9575 
3 9557 9575 9536 
3 9536 9575 9577 
3 9536 9577 9537 
3 9537 9577 9558 
3 9537 9558 9538 
3 9538 9558 9559 
3 9538 9559 9560 
3 9560 9559 9561 
3 9560 9561 9562 
3 9483 9579 9540 
3 9540 9579 9580 
3 9540 9580 9563 
3 9563 9580 9564 
3 9563 9564 9542 
3 9542 9564 9583 
3 9542 9583 9544 
3 9544 9583 9584 
3 9544 9584 9565 
3 9565 9584 9586 
3 9565 9586 9546 
3 9546 9586 9587 
3 9546 9587 9548 
3 9548 9587 9566 
3 9548 9566 9549 
3 9549 9566 9567 
3 9549 9567 9568 
3 9568 9567 9589 
3 9568 9589 9569 
3 9569 9589 9570 
3 9569 9570 9552 
3 9552 9570 9571 
3 9552 9571 9554 
3 9554 9571 9593 
3 9554 9593 9556 
3 9556 9593 9594 
3 9556 9594 9572 
3 9572 9594 9595 
3 9572 9595 9573 
3 9573 9595 9574 
3 9573 9574 9575 
3 9575 9574 9576 
3 9575 9576 9577 
3 9577 9576 9599 
3 9577 9599 9558 
3 9558 9599 9448 
3 9558 9448 9559 
3 9559 9448 9449 
3 9559 9449 7997 
3 8175 9578 9579 
3 9579 9578 9602 
3 9579 9602 9580 
3 9580 9602 9581 
3 9580 9581 9564 
3 9564 9581 9582 
3 9564 9582 9583 
3 9583 9582 9585 
3 9583 9585 9584 
3 9584 9585 9605 
3 9584 9605 9586 
3 9586 9605 9588 
3 9586 9588 9587 
3 9587 9588 9607 
3 9587 9607 9566 
3 9566 9607 9609 
3 9566 9609 9567 
3 9567 9609 9610 
3 9567 9610 9589 
3 9589 9610 9590 
3 9589 9590 9570 
3 9570 9590 9591 
3 9570 9591 9571 
3 9571 9591 9592 
3 9571 9592 9593 
3 9593 9592 9613 
3 9593 9613 9594 
3 9594 9613 9614 
3 9594 9614 9595 
3 9595 9614 9596 
3 9595 9596 9574 
3 9574 9596 9597 
3 9574 9597 9576 
3 9576 9597 9617 
3 9576 9617 9599 
3 9599 9617 9598 
3 9599 9598 9448 
3 9448 9598 8006 
3 9448 8006 8007 
3 9600 9443 9578 
3 9578 9443 9601 
3 9578 9601 9602 
3 9602 9601 9603 
3 9602 9603 9581 
3 9581 9603 9622 
3 9581 9622 9582 
3 9582 9622 9624 
3 9582 9624 9585 
3 9585 9624 9604 
3 9585 9604 9605 
3 9605 9604 9626 
3 9605 9626 9588 
3 9588 9626 9606 
3 9588 9606 9607 
3 9607 9606 9608 
3 9607 9608 9609 
3 9609 9608 9628 
3 9609 9628 9610 
3 9610 9628 9611 
3 9610 9611 9590 
3 9590 9611 9630 
3 9590 9630 9591 
3 9591 9630 9631 
3 9591 9631 9592 
3 9592 9631 9612 
3 9592 9612 9613 
3 9613 9612 9615 
3 9613 9615 9614 
3 9614 9615 9634 
3 9614 9634 9596 
3 9596 9634 9637 
3 9596 9637 9597 
3 9597 9637 9616 
3 9597 9616 9617 
3 9617 9616 9618 
3 9617 9618 9598 
3 9598 9618 9619 
3 9598 9619 9450 
3 9620 9621 9443 
3 9443 9621 9642 
3 9443 9642 9601 
3 9601 9642 9643 
3 9601 9643 9603 
3 9603 9643 9623 
3 9603 9623 9622 
3 9622 9623 9645 
3 9622 9645 9624 
3 9624 9645 9647 
3 9624 9647 9604 
3 9604 9647 9625 
3 9604 9625 9626 
3 9626 9625 9627 
3 9626 9627 9606 
3 9606 9627 9650 
3 9606 9650 9608 
3 9608 9650 9652 
3 9608 9652 9628 
3 9628 9652 9629 
3 9628 9629 9611 
3 9611 9629 9653 
3 9611 9653 9630 
3 9630 9653 9654 
3 9630 9654 9631 
3 9631 9654 9632 
3 9631 9632 9612 
3 9612 9632 9656 
3 9612 9656 9615 
3 9615 9656 9633 
3 9615 9633 9634 
3 9634 9633 9635 
3 9634 9635 9637 
3 9637 9635 9636 
3 9637 9636 9616 
3 9616 9636 9638 
3 9616 9638 9618 
3 9618 9638 9639 
3 9618 9639 9640 
3 8171 9481 9621 
3 9621 9481 9641 
3 9621 9641 9642 
3 9642 9641 9477 
3 9642 9477 9643 
3 9643 9477 9474 
3 9643 9474 9623 
3 9623 9474 9644 
3 9623 9644 9645 
3 9645 9644 9646 
3 9645 9646 9647 
3 9647 9646 9648 
3 9647 9648 9625 
3 9625 9648 9469 
3 9625 9469 9627 
3 9627 9469 9649 
3 9627 9649 9650 
3 9650 9649 9651 
3 9650 9651 9652 
3 9652 9651 9463 
3 9652 9463 9629 
3 9629 9463 9460 
3 9629 9460 9653 
3 9653 9460 9461 
3 9653 9461 9654 
3 9654 9461 9458 
3 9654 9458 9632 
3 9632 9458 9655 
3 9632 9655 9656 
3 9656 9655 9456 
3 9656 9456 9633 
3 9633 9456 9453 
3 9633 9453 9635 
3 9635 9453 9452 
3 9635 9452 9636 
3 9636 9452 9657 
3 9636 9657 9638 
3 9638 9657 8002 
3 9638 8002 9658 
3 9659 7983 9660 
3 9660 7983 9661 
3 7250 9662 9663 
3 9663 9662 7985 
3 9485 7072 10593 
3 10593 7072 8226 
3 10593 8226 10591 
3 9662 10587 7985 
3 7985 10587 9664 
3 7985 9664 8226 
3 8226 9664 10589 
3 8226 10589 10591 
3 9665 9666 9675 
3 9678 10642 9667 
3 9667 10642 8119 
3 11128 9681 11147 
3 11147 9681 9668 
3 11147 9668 9669 
3 9669 9668 9670 
3 9669 9670 10891 
3 9671 9673 9672 
3 9672 9673 9674 
3 9672 9674 8132 
3 8132 9674 9691 
3 10642 9679 9675 
3 9675 9679 9676 
3 9675 9676 9665 
3 8119 10642 9677 
3 9677 10642 9700 
3 9677 9700 8120 
3 9787 9684 9682 
3 8047 8054 9772 
3 9678 8126 10642 
3 10642 8126 8124 
3 10642 8124 9679 
3 8116 8123 9700 
3 9700 8123 8122 
3 9700 8122 8120 
3 8019 8017 9680 
3 11128 11118 9681 
3 9681 11118 9682 
3 9681 9682 9683 
3 9683 9682 9684 
3 9751 9685 9747 
3 9718 9686 9670 
3 9670 9686 9687 
3 9670 9687 10891 
3 9718 10659 9716 
3 10654 8151 9688 
3 9688 8151 8149 
3 9688 8149 9720 
3 9689 10646 8134 
3 9671 8137 9673 
3 9673 8137 8136 
3 9673 8136 10646 
3 10646 8136 8135 
3 10646 8135 8134 
3 9666 8127 9675 
3 9675 8127 9690 
3 9675 9690 9674 
3 9674 9690 8130 
3 9674 8130 9691 
3 10633 10632 9810 
3 8080 9753 9692 
3 9715 8023 10612 
3 10612 8023 8022 
3 9693 10896 9718 
3 9718 10896 10895 
3 9718 10895 9686 
3 9711 10609 9694 
3 9694 10609 9680 
3 9694 9680 8016 
3 8016 9680 8017 
3 9726 9728 10897 
3 10897 9695 9726 
3 9726 9695 10898 
3 9726 10898 9696 
3 10608 9697 9696 
3 9696 9697 9698 
3 9696 9698 9726 
3 9733 9699 10641 
3 10641 9699 8117 
3 10641 8117 9700 
3 9700 8117 9701 
3 9700 9701 8116 
3 9733 9736 8114 
3 8114 9736 9702 
3 9740 8109 9739 
3 9703 8101 9704 
3 9704 8101 9705 
3 9704 9705 8104 
3 9706 9707 9708 
3 9708 9707 9747 
3 9708 9747 9709 
3 9773 9776 9710 
3 9710 9776 9775 
3 9711 9712 10609 
3 10609 9712 9713 
3 10609 9713 10612 
3 10612 9713 9714 
3 10612 9714 9715 
3 9716 9717 9718 
3 9718 9717 9719 
3 9718 9719 10889 
3 8149 8155 9720 
3 9720 8155 9721 
3 9720 9721 10656 
3 10656 9721 8154 
3 10656 8154 10657 
3 10657 8154 9722 
3 10657 9722 10659 
3 10659 9722 8012 
3 10659 8012 9716 
3 9682 9723 9726 
3 9726 9723 11115 
3 9726 11115 9724 
3 9724 9725 9726 
3 9726 9725 9727 
3 9726 9727 9728 
3 9696 9729 10608 
3 10608 9729 9730 
3 10608 9730 9731 
3 9731 10904 10608 
3 10608 10904 9732 
3 10608 9732 9680 
3 9680 9732 8020 
3 9680 8020 8019 
3 10641 9734 9733 
3 9733 9734 9735 
3 9733 9735 9736 
3 9736 9735 9737 
3 9736 9737 9763 
3 9810 10632 9761 
3 9702 9736 8115 
3 8115 9736 9740 
3 8115 9740 8111 
3 8109 9740 8105 
3 8105 9740 9743 
3 8105 9743 9738 
3 9739 8107 9740 
3 9740 8107 9741 
3 9740 9741 8111 
3 8104 9742 9704 
3 9704 9742 9744 
3 9704 9744 9743 
3 9743 9744 9745 
3 9743 9745 9738 
3 9685 9746 9747 
3 9747 9746 9748 
3 9747 9748 9709 
3 9749 8090 10628 
3 10628 8090 9750 
3 10628 9750 9747 
3 9747 9750 8093 
3 9747 8093 9751 
3 8087 9752 8085 
3 8085 9752 10624 
3 8085 10624 8084 
3 8084 10624 8082 
3 9692 9753 10624 
3 9778 8038 8039 
3 8038 9778 8036 
3 8036 9778 9780 
3 8036 9780 9782 
3 10889 9754 9718 
3 9718 9754 9755 
3 9718 9755 9693 
3 10651 8148 10652 
3 10652 8148 8147 
3 10652 8147 10653 
3 10653 8147 9756 
3 10653 9756 10654 
3 10654 9756 9757 
3 10654 9757 8151 
3 9758 8145 10649 
3 10649 8145 8144 
3 10649 8144 10651 
3 10651 8144 8141 
3 10651 8141 8148 
3 8134 9759 9689 
3 9689 9759 8138 
3 9689 8138 9758 
3 9758 8138 9760 
3 9758 9760 8145 
3 10632 9762 9761 
3 9761 9762 10631 
3 9761 10631 9763 
3 9763 10631 9764 
3 9763 9764 9736 
3 9749 10628 9765 
3 9765 10628 10626 
3 9765 10626 9766 
3 8087 8086 9752 
3 9752 8086 8089 
3 9752 8089 10626 
3 10626 8089 9767 
3 10626 9767 9766 
3 10620 9768 9793 
3 9769 9771 9770 
3 9770 9771 9772 
3 9770 9772 8052 
3 9773 8044 9776 
3 9776 8044 8043 
3 9776 8043 9774 
3 9774 8043 8042 
3 9774 8042 8050 
3 9775 9776 9777 
3 9777 9776 9778 
3 9777 9778 8041 
3 8041 9778 8039 
3 8041 8039 8040 
3 9779 8034 9780 
3 9780 8034 9781 
3 9780 9781 9782 
3 9783 8031 9780 
3 9780 8031 9784 
3 9780 9784 9779 
3 9785 10613 8029 
3 8029 10613 10612 
3 8029 10612 9786 
3 9786 10612 8022 
3 9726 10668 10667 
3 10667 10666 9726 
3 9726 10666 10664 
3 9726 10664 9682 
3 9682 10664 10663 
3 9682 10663 9787 
3 9706 8099 9707 
3 9707 8099 8098 
3 9707 8098 9704 
3 9704 8098 9788 
3 9704 9788 9703 
3 9753 8078 10624 
3 10624 8078 9789 
3 10624 9789 9803 
3 8074 8072 9692 
3 9692 8072 8081 
3 9692 8081 8080 
3 9790 10622 9791 
3 9791 10622 10620 
3 9791 10620 8069 
3 9768 10620 9792 
3 9792 10620 9808 
3 9792 9808 8067 
3 9793 8065 10620 
3 10620 8065 9794 
3 10620 9794 8069 
3 9814 9795 9807 
3 9807 9795 8060 
3 9807 8060 9796 
3 8054 9797 9772 
3 9772 9797 9798 
3 9772 9798 8052 
3 8050 8048 9774 
3 9774 8048 9799 
3 9774 9799 9772 
3 9772 9799 9800 
3 9772 9800 8047 
3 9785 9801 10613 
3 10613 9801 9802 
3 10613 9802 9780 
3 9780 9802 8026 
3 9780 8026 9783 
3 9803 8075 10624 
3 10624 8075 8077 
3 10624 8077 8082 
3 9790 9804 10622 
3 10622 9804 9805 
3 10622 9805 9692 
3 9692 9805 8068 
3 9692 8068 8074 
3 9796 9806 9807 
3 9807 9806 8059 
3 9807 8059 9808 
3 9808 8059 8057 
3 9808 8057 8067 
3 9726 9809 10668 
3 10668 9809 10636 
3 10668 10636 10669 
3 10669 10636 9811 
3 10669 9811 9810 
3 9810 9811 10634 
3 9810 10634 10633 
3 9769 9812 9771 
3 9771 9812 9813 
3 9771 9813 9807 
3 9807 9813 8056 
3 9807 8056 9814 
3 9815 10672 9818 
3 9818 10672 9937 
3 8178 10538 8177 
3 8177 10538 10537 
3 8177 10537 9816 
3 9816 9817 8177 
3 8177 9817 10689 
3 8177 10689 9818 
3 9818 10689 10673 
3 9818 10673 9815 
3 9819 10072 10383 
3 6886 6885 10302 
3 6882 9820 10143 
3 9821 10051 10055 
3 9940 9936 9935 
3 9823 9822 9441 
3 9823 9441 10692 
3 10525 9826 9824 
3 9824 9826 9825 
3 9825 9826 9827 
3 9827 9826 10524 
3 9827 10524 9828 
3 9828 10524 9832 
3 9828 9832 9829 
3 9837 9830 9831 
3 9831 9830 9833 
3 9831 9833 9832 
3 9832 9833 10696 
3 9832 10696 9829 
3 9834 9835 10521 
3 10521 9835 9836 
3 10521 9836 9837 
3 9837 9836 10699 
3 9837 10699 9830 
3 10520 10702 9834 
3 9834 10702 10700 
3 9834 10700 9835 
3 10709 10707 10518 
3 10518 10707 10706 
3 10518 10706 10519 
3 10519 10706 10705 
3 10519 10705 10520 
3 10520 10705 10704 
3 10520 10704 10702 
3 10709 10518 10711 
3 10711 10518 10516 
3 10711 10516 9838 
3 9838 10516 10515 
3 9838 10515 9839 
3 9839 10515 10714 
3 10714 10515 10513 
3 10714 10513 9840 
3 9840 10513 9841 
3 9840 9841 9842 
3 9842 9841 9843 
3 9843 9841 9844 
3 9843 9844 10717 
3 10717 9844 9845 
3 9845 9844 9846 
3 9845 9846 10718 
3 10718 9846 9847 
3 10718 9847 10720 
3 9848 9849 10510 
3 10510 9849 9850 
3 10510 9850 10511 
3 10511 9850 10723 
3 10511 10723 9847 
3 9847 10723 10721 
3 9847 10721 10720 
3 9853 10726 9848 
3 9848 10726 9851 
3 9848 9851 9849 
3 10508 9852 9853 
3 9853 9852 9854 
3 9853 9854 10726 
3 10504 9856 9855 
3 9855 9856 10729 
3 9855 10729 10508 
3 10508 10729 9857 
3 10508 9857 9852 
3 10503 9858 10504 
3 10504 9858 10731 
3 10504 10731 9856 
3 9859 10736 9860 
3 9860 10736 10735 
3 9860 10735 9861 
3 9861 10735 10733 
3 9861 10733 10503 
3 10503 10733 9862 
3 10503 9862 9858 
3 9859 9860 10738 
3 10738 9860 9863 
3 10738 9863 10740 
3 10740 9863 10500 
3 10740 10500 9864 
3 9864 10500 9865 
3 9865 10500 9866 
3 9865 9866 10742 
3 10742 9866 10499 
3 10742 10499 10743 
3 10743 10499 10745 
3 10745 10499 10496 
3 10745 10496 9867 
3 9867 10496 10746 
3 10746 10496 10495 
3 10746 10495 9868 
3 9868 10495 10493 
3 9868 10493 9870 
3 10490 10751 10491 
3 10491 10751 9869 
3 10491 9869 10493 
3 10493 9869 10749 
3 10493 10749 9870 
3 9873 9871 10489 
3 10489 9871 10753 
3 10489 10753 10490 
3 10490 10753 9872 
3 10490 9872 10751 
3 10486 9874 9873 
3 9873 9874 9875 
3 9873 9875 9871 
3 9876 10762 10484 
3 10484 10762 10760 
3 10484 10760 9877 
3 9877 10760 10759 
3 9877 10759 10486 
3 10486 10759 10756 
3 10486 10756 9874 
3 9876 10484 9878 
3 9878 10484 10483 
3 9878 10483 10765 
3 10765 10483 9879 
3 10765 9879 10764 
3 10764 9879 10767 
3 10767 9879 9880 
3 10767 9880 10766 
3 10766 9880 9881 
3 10766 9881 10769 
3 10769 9881 10771 
3 10771 9881 10479 
3 10771 10479 9882 
3 9882 10479 9883 
3 9883 10479 10477 
3 9883 10477 9884 
3 9884 10477 9885 
3 9884 9885 10772 
3 10772 9885 10774 
3 10774 9885 9886 
3 10774 9886 10775 
3 10775 9886 10777 
3 10777 9886 9888 
3 10777 9888 9887 
3 9887 9888 10475 
3 9887 10475 9892 
3 9889 9890 10474 
3 10474 9890 10779 
3 10474 10779 10475 
3 10475 10779 9891 
3 10475 9891 9892 
3 9896 10785 9893 
3 9893 10785 9894 
3 9893 9894 9889 
3 9889 9894 10783 
3 9889 10783 9890 
3 9895 9903 9896 
3 9896 9903 9897 
3 9896 9897 10785 
3 10790 9899 9898 
3 9898 9899 9900 
3 9898 9900 10470 
3 10470 9900 9901 
3 10470 9901 9895 
3 9895 9901 9902 
3 9895 9902 9903 
3 10790 9898 10791 
3 10791 9898 9904 
3 10791 9904 9905 
3 9905 9904 9906 
3 9905 9906 9907 
3 9907 9906 10794 
3 10794 9906 9908 
3 10794 9908 9910 
3 9910 9908 9909 
3 9910 9909 9911 
3 9911 9909 9912 
3 9912 9909 9913 
3 9912 9913 10795 
3 10795 9913 9914 
3 9914 9913 10467 
3 9914 10467 10798 
3 10798 10467 9915 
3 10798 9915 10799 
3 10464 9921 9916 
3 9916 9921 9917 
3 9916 9917 9915 
3 9915 9917 10800 
3 9915 10800 10799 
3 9923 9925 9919 
3 9919 9925 9918 
3 9919 9918 10464 
3 10464 9918 9920 
3 10464 9920 9921 
3 10462 9922 9923 
3 9923 9922 9924 
3 9923 9924 9925 
3 9926 9927 9931 
3 9931 9927 9928 
3 9931 9928 9929 
3 9929 9928 10804 
3 9929 10804 10462 
3 10462 10804 9930 
3 10462 9930 9922 
3 9926 9931 10806 
3 10806 9931 9932 
3 10806 9932 10810 
3 10810 9932 9933 
3 10810 9933 10809 
3 10809 9933 9935 
3 10809 9935 9934 
3 9934 9935 10672 
3 10672 9935 9936 
3 10672 9936 9937 
3 8213 9939 9938 
3 9938 9939 9940 
3 9941 8214 10384 
3 10384 8214 8213 
3 10227 8215 10228 
3 10228 8215 9941 
3 9943 9942 10144 
3 10144 9942 10227 
3 8212 8211 10078 
3 10078 8211 9943 
3 9946 9944 8212 
3 9945 9944 8474 
3 8474 9944 9946 
3 8474 9946 8476 
3 8476 9946 9947 
3 9947 9946 10079 
3 9947 10079 9948 
3 9948 10079 9949 
3 9949 10079 9951 
3 9949 9951 8473 
3 8473 9951 9950 
3 9950 9951 10081 
3 9950 10081 8469 
3 8469 10081 8471 
3 8471 10081 10083 
3 8471 10083 8468 
3 8468 10083 9952 
3 9952 10083 9955 
3 9952 9955 9953 
3 9953 9955 9954 
3 9954 9955 10086 
3 9954 10086 8465 
3 8465 10086 9956 
3 9956 10086 9959 
3 9956 9959 9957 
3 9957 9959 9958 
3 9958 9959 9960 
3 9958 9960 8462 
3 8462 9960 8463 
3 8463 9960 9961 
3 8463 9961 8464 
3 8464 9961 9962 
3 9962 9961 9963 
3 9962 9963 9964 
3 9964 9963 9965 
3 9965 9963 10089 
3 9965 10089 8461 
3 8461 10089 9966 
3 9966 10089 10090 
3 9966 10090 9967 
3 9967 10090 9968 
3 9968 10090 10091 
3 9968 10091 8459 
3 8459 10091 9969 
3 9969 10091 9972 
3 9969 9972 9970 
3 9970 9972 9971 
3 9971 9972 10092 
3 9971 10092 8457 
3 8457 10092 9973 
3 9973 10092 10093 
3 9973 10093 8456 
3 8456 10093 9974 
3 9974 10093 10094 
3 9974 10094 8454 
3 8454 10094 9975 
3 9975 10094 9976 
3 9975 9976 9977 
3 9977 9976 9978 
3 9978 9976 9980 
3 9978 9980 8451 
3 8451 9980 9979 
3 9979 9980 10098 
3 9979 10098 9981 
3 9981 10098 9982 
3 9982 10098 10100 
3 9982 10100 9983 
3 9983 10100 8448 
3 8448 10100 10101 
3 8448 10101 8449 
3 8449 10101 8447 
3 8447 10101 10102 
3 8447 10102 9984 
3 9984 10102 8446 
3 8446 10102 9985 
3 8446 9985 9986 
3 9986 9985 8443 
3 8443 9985 10103 
3 8443 10103 8444 
3 8444 10103 9987 
3 9987 10103 10104 
3 9987 10104 9988 
3 9988 10104 8440 
3 8440 10104 10105 
3 8440 10105 8441 
3 8441 10105 9989 
3 9989 10105 10106 
3 9989 10106 8437 
3 8437 10106 9990 
3 9990 10106 9991 
3 9990 9991 9992 
3 9992 9991 9994 
3 9994 9991 9993 
3 9994 9993 8436 
3 8436 9993 9995 
3 9995 9993 9996 
3 9995 9996 8432 
3 8432 9996 9997 
3 9997 9996 10108 
3 9997 10108 8433 
3 8433 10108 8431 
3 8431 10108 10110 
3 8431 10110 8428 
3 8428 10110 8430 
3 8430 10110 9999 
3 8430 9999 9998 
3 9998 9999 8427 
3 8427 9999 10111 
3 8427 10111 8424 
3 8424 10111 8426 
3 8426 10111 10000 
3 8426 10000 8422 
3 8422 10000 8423 
3 8423 10000 10001 
3 8423 10001 10002 
3 10002 10001 10003 
3 10003 10001 10112 
3 10003 10112 8419 
3 8419 10112 8420 
3 8420 10112 10004 
3 8420 10004 8416 
3 8416 10004 8417 
3 8417 10004 10005 
3 8417 10005 10006 
3 10006 10005 8415 
3 8415 10005 10008 
3 8415 10008 8413 
3 8413 10008 10007 
3 10007 10008 10010 
3 10007 10010 10009 
3 10009 10010 8412 
3 8412 10010 10012 
3 8412 10012 10011 
3 10011 10012 8407 
3 8407 10012 10115 
3 8407 10115 8408 
3 8408 10115 10014 
3 10014 10115 10013 
3 10014 10013 8411 
3 8411 10013 8404 
3 8404 10013 10117 
3 8404 10117 10015 
3 10015 10117 8405 
3 8405 10117 10016 
3 8405 10016 10017 
3 10017 10016 10019 
3 10019 10016 10018 
3 10019 10018 10020 
3 10020 10018 8401 
3 8401 10018 10022 
3 8401 10022 10021 
3 10021 10022 8397 
3 8397 10022 10023 
3 8397 10023 10024 
3 10024 10023 8398 
3 8398 10023 10025 
3 8398 10025 8399 
3 8399 10025 8394 
3 8394 10025 10119 
3 8394 10119 8395 
3 8395 10119 10026 
3 10026 10119 10028 
3 10026 10028 8396 
3 8396 10028 10027 
3 10027 10028 10031 
3 10027 10031 8390 
3 10121 10035 10029 
3 10029 10030 10121 
3 10121 10030 10032 
3 10121 10032 10031 
3 10031 10032 8392 
3 10031 8392 8390 
3 10034 10039 8383 
3 8383 10033 10034 
3 10034 10033 8388 
3 10034 8388 10035 
3 10035 8388 10036 
3 10035 10036 10029 
3 10038 10126 8380 
3 8380 10037 10038 
3 10038 10037 8385 
3 10038 8385 10039 
3 10039 8385 8384 
3 10039 8384 8383 
3 10127 10046 10047 
3 10047 10040 10127 
3 10127 10040 10041 
3 10127 10041 10126 
3 10126 10041 10042 
3 10126 10042 8380 
3 10044 10050 10043 
3 10043 8376 10044 
3 10044 8376 8379 
3 10044 8379 10046 
3 10046 8379 10045 
3 10046 10045 10047 
3 10133 10048 8374 
3 8374 8373 10133 
3 10133 8373 8377 
3 10133 8377 10050 
3 10050 8377 10049 
3 10050 10049 10043 
3 10055 10051 10053 
3 10051 10052 10053 
3 10053 10052 10054 
3 10053 10054 10048 
3 10048 10054 8372 
3 10048 8372 8374 
3 9821 10055 10056 
3 10056 10055 10138 
3 10056 10138 8370 
3 8370 10138 10139 
3 8370 10139 8369 
3 8369 10139 10057 
3 10057 10139 10141 
3 10057 10141 8367 
3 8367 10141 8366 
3 8366 10141 10059 
3 8366 10059 10058 
3 10058 10059 8363 
3 8363 10059 10060 
3 8363 10060 8361 
3 8361 10060 10061 
3 10061 10060 10063 
3 10061 10063 10062 
3 10062 10063 10064 
3 10064 10063 10065 
3 10064 10065 8360 
3 8360 10065 8359 
3 8359 10065 10143 
3 8359 10143 8357 
3 8357 10143 9820 
3 8357 9820 8356 
3 10226 10066 10067 
3 10067 10068 10226 
3 10226 10068 6884 
3 10226 6884 10069 
3 10070 6887 10071 
3 10070 10071 10074 
3 10072 9819 10071 
3 10071 9819 10073 
3 10071 10073 10074 
3 10381 6878 10382 
3 10075 6879 10526 
3 10526 6879 10076 
3 9824 10693 10525 
3 10525 10693 10692 
3 10525 10692 10527 
3 10527 10692 9441 
3 10527 9441 10077 
3 8212 10078 9946 
3 9946 10078 10146 
3 9946 10146 10079 
3 10079 10146 10080 
3 10079 10080 9951 
3 9951 10080 10082 
3 9951 10082 10081 
3 10081 10082 10084 
3 10081 10084 10083 
3 10083 10084 10085 
3 10083 10085 9955 
3 9955 10085 10149 
3 9955 10149 10086 
3 10086 10149 10151 
3 10086 10151 9959 
3 9959 10151 10152 
3 9959 10152 9960 
3 9960 10152 10153 
3 9960 10153 9961 
3 9961 10153 10087 
3 9961 10087 9963 
3 9963 10087 10088 
3 9963 10088 10089 
3 10089 10088 10157 
3 10089 10157 10090 
3 10090 10157 10158 
3 10090 10158 10091 
3 10091 10158 10159 
3 10091 10159 9972 
3 9972 10159 10160 
3 9972 10160 10092 
3 10092 10160 10161 
3 10092 10161 10093 
3 10093 10161 10162 
3 10093 10162 10094 
3 10094 10162 10095 
3 10094 10095 9976 
3 9976 10095 10096 
3 9976 10096 9980 
3 9980 10096 10097 
3 9980 10097 10098 
3 10098 10097 10099 
3 10098 10099 10100 
3 10100 10099 10166 
3 10100 10166 10101 
3 10101 10166 10168 
3 10101 10168 10102 
3 10102 10168 10170 
3 10102 10170 9985 
3 9985 10170 10171 
3 9985 10171 10103 
3 10103 10171 10173 
3 10103 10173 10104 
3 10104 10173 10174 
3 10104 10174 10105 
3 10105 10174 10176 
3 10105 10176 10106 
3 10106 10176 10177 
3 10106 10177 9991 
3 9991 10177 10179 
3 9991 10179 9993 
3 9993 10179 10107 
3 9993 10107 9996 
3 9996 10107 10181 
3 9996 10181 10108 
3 10108 10181 10109 
3 10108 10109 10110 
3 10110 10109 10183 
3 10110 10183 9999 
3 9999 10183 10186 
3 9999 10186 10111 
3 10111 10186 10187 
3 10111 10187 10000 
3 10000 10187 10189 
3 10000 10189 10001 
3 10001 10189 10190 
3 10001 10190 10112 
3 10112 10190 10191 
3 10112 10191 10004 
3 10004 10191 10113 
3 10004 10113 10005 
3 10005 10113 10194 
3 10005 10194 10008 
3 10008 10194 10196 
3 10008 10196 10010 
3 10010 10196 10197 
3 10010 10197 10012 
3 10012 10197 10114 
3 10012 10114 10115 
3 10115 10114 10116 
3 10115 10116 10013 
3 10013 10116 10199 
3 10013 10199 10117 
3 10117 10199 10118 
3 10117 10118 10016 
3 10016 10118 10201 
3 10016 10201 10018 
3 10018 10201 10202 
3 10018 10202 10022 
3 10022 10202 10204 
3 10022 10204 10023 
3 10023 10204 10206 
3 10023 10206 10025 
3 10025 10206 10207 
3 10025 10207 10119 
3 10119 10207 10208 
3 10119 10208 10028 
3 10028 10208 10120 
3 10028 10120 10031 
3 10031 10120 10210 
3 10031 10210 10121 
3 10121 10210 10211 
3 10121 10211 10035 
3 10035 10211 10122 
3 10035 10122 10034 
3 10034 10122 10123 
3 10034 10123 10039 
3 10039 10123 10124 
3 10039 10124 10038 
3 10038 10124 10125 
3 10038 10125 10126 
3 10126 10125 10128 
3 10126 10128 10127 
3 10127 10128 10129 
3 10127 10129 10046 
3 10046 10129 10130 
3 10046 10130 10044 
3 10044 10130 10131 
3 10044 10131 10050 
3 10050 10131 10132 
3 10050 10132 10133 
3 10133 10132 10134 
3 10133 10134 10048 
3 10048 10134 10135 
3 10048 10135 10053 
3 10053 10135 10136 
3 10053 10136 10055 
3 10055 10136 10137 
3 10055 10137 10138 
3 10138 10137 10219 
3 10138 10219 10139 
3 10139 10219 10140 
3 10139 10140 10141 
3 10141 10140 10142 
3 10141 10142 10059 
3 10059 10142 10222 
3 10059 10222 10060 
3 10060 10222 10225 
3 10060 10225 10063 
3 10063 10225 10226 
3 10063 10226 10065 
3 10065 10226 10069 
3 10065 10069 10143 
3 10143 10069 6883 
3 10143 6883 6882 
3 9943 10144 10078 
3 10078 10144 10145 
3 10078 10145 10146 
3 10146 10145 10229 
3 10146 10229 10080 
3 10080 10229 10147 
3 10080 10147 10082 
3 10082 10147 10148 
3 10082 10148 10084 
3 10084 10148 10230 
3 10084 10230 10085 
3 10085 10230 10150 
3 10085 10150 10149 
3 10149 10150 10233 
3 10149 10233 10151 
3 10151 10233 10235 
3 10151 10235 10152 
3 10152 10235 10236 
3 10152 10236 10153 
3 10153 10236 10154 
3 10153 10154 10087 
3 10087 10154 10155 
3 10087 10155 10088 
3 10088 10155 10156 
3 10088 10156 10157 
3 10157 10156 10239 
3 10157 10239 10158 
3 10158 10239 10240 
3 10158 10240 10159 
3 10159 10240 10242 
3 10159 10242 10160 
3 10160 10242 10244 
3 10160 10244 10161 
3 10161 10244 10245 
3 10161 10245 10162 
3 10162 10245 10163 
3 10162 10163 10095 
3 10095 10163 10164 
3 10095 10164 10096 
3 10096 10164 10248 
3 10096 10248 10097 
3 10097 10248 10165 
3 10097 10165 10099 
3 10099 10165 10249 
3 10099 10249 10166 
3 10166 10249 10167 
3 10166 10167 10168 
3 10168 10167 10169 
3 10168 10169 10170 
3 10170 10169 10252 
3 10170 10252 10171 
3 10171 10252 10172 
3 10171 10172 10173 
3 10173 10172 10254 
3 10173 10254 10174 
3 10174 10254 10175 
3 10174 10175 10176 
3 10176 10175 10257 
3 10176 10257 10177 
3 10177 10257 10178 
3 10177 10178 10179 
3 10179 10178 10258 
3 10179 10258 10107 
3 10107 10258 10180 
3 10107 10180 10181 
3 10181 10180 10182 
3 10181 10182 10109 
3 10109 10182 10260 
3 10109 10260 10183 
3 10183 10260 10184 
3 10183 10184 10186 
3 10186 10184 10185 
3 10186 10185 10187 
3 10187 10185 10263 
3 10187 10263 10189 
3 10189 10263 10188 
3 10189 10188 10190 
3 10190 10188 10266 
3 10190 10266 10191 
3 10191 10266 10192 
3 10191 10192 10113 
3 10113 10192 10193 
3 10113 10193 10194 
3 10194 10193 10195 
3 10194 10195 10196 
3 10196 10195 10268 
3 10196 10268 10197 
3 10197 10268 10270 
3 10197 10270 10114 
3 10114 10270 10198 
3 10114 10198 10116 
3 10116 10198 10200 
3 10116 10200 10199 
3 10199 10200 10272 
3 10199 10272 10118 
3 10118 10272 10274 
3 10118 10274 10201 
3 10201 10274 10203 
3 10201 10203 10202 
3 10202 10203 10277 
3 10202 10277 10204 
3 10204 10277 10205 
3 10204 10205 10206 
3 10206 10205 10279 
3 10206 10279 10207 
3 10207 10279 10280 
3 10207 10280 10208 
3 10208 10280 10209 
3 10208 10209 10120 
3 10120 10209 10283 
3 10120 10283 10210 
3 10210 10283 10212 
3 10210 10212 10211 
3 10211 10212 10285 
3 10211 10285 10122 
3 10122 10285 10287 
3 10122 10287 10123 
3 10123 10287 10213 
3 10123 10213 10124 
3 10124 10213 10288 
3 10124 10288 10125 
3 10125 10288 10214 
3 10125 10214 10128 
3 10128 10214 10215 
3 10128 10215 10129 
3 10129 10215 10291 
3 10129 10291 10130 
3 10130 10291 10293 
3 10130 10293 10131 
3 10131 10293 10294 
3 10131 10294 10132 
3 10132 10294 10296 
3 10132 10296 10134 
3 10134 10296 10216 
3 10134 10216 10135 
3 10135 10216 10298 
3 10135 10298 10136 
3 10136 10298 10217 
3 10136 10217 10137 
3 10137 10217 10218 
3 10137 10218 10219 
3 10219 10218 10220 
3 10219 10220 10140 
3 10140 10220 10221 
3 10140 10221 10142 
3 10142 10221 10223 
3 10142 10223 10222 
3 10222 10223 10224 
3 10222 10224 10225 
3 10225 10224 10302 
3 10225 10302 10226 
3 10226 10302 6885 
3 10226 6885 10066 
3 10227 10228 10144 
3 10144 10228 10303 
3 10144 10303 10145 
3 10145 10303 10305 
3 10145 10305 10229 
3 10229 10305 10306 
3 10229 10306 10147 
3 10147 10306 10307 
3 10147 10307 10148 
3 10148 10307 10308 
3 10148 10308 10230 
3 10230 10308 10231 
3 10230 10231 10150 
3 10150 10231 10232 
3 10150 10232 10233 
3 10233 10232 10234 
3 10233 10234 10235 
3 10235 10234 10237 
3 10235 10237 10236 
3 10236 10237 10311 
3 10236 10311 10154 
3 10154 10311 10315 
3 10154 10315 10155 
3 10155 10315 10316 
3 10155 10316 10156 
3 10156 10316 10238 
3 10156 10238 10239 
3 10239 10238 10319 
3 10239 10319 10240 
3 10240 10319 10241 
3 10240 10241 10242 
3 10242 10241 10243 
3 10242 10243 10244 
3 10244 10243 10321 
3 10244 10321 10245 
3 10245 10321 10323 
3 10245 10323 10163 
3 10163 10323 10246 
3 10163 10246 10164 
3 10164 10246 10247 
3 10164 10247 10248 
3 10248 10247 10324 
3 10248 10324 10165 
3 10165 10324 10326 
3 10165 10326 10249 
3 10249 10326 10250 
3 10249 10250 10167 
3 10167 10250 10328 
3 10167 10328 10169 
3 10169 10328 10251 
3 10169 10251 10252 
3 10252 10251 10330 
3 10252 10330 10172 
3 10172 10330 10253 
3 10172 10253 10254 
3 10254 10253 10255 
3 10254 10255 10175 
3 10175 10255 10256 
3 10175 10256 10257 
3 10257 10256 10335 
3 10257 10335 10178 
3 10178 10335 10337 
3 10178 10337 10258 
3 10258 10337 10339 
3 10258 10339 10180 
3 10180 10339 10340 
3 10180 10340 10182 
3 10182 10340 10259 
3 10182 10259 10260 
3 10260 10259 10261 
3 10260 10261 10184 
3 10184 10261 10262 
3 10184 10262 10185 
3 10185 10262 10344 
3 10185 10344 10263 
3 10263 10344 10264 
3 10263 10264 10188 
3 10188 10264 10346 
3 10188 10346 10266 
3 10266 10346 10265 
3 10266 10265 10192 
3 10192 10265 10348 
3 10192 10348 10193 
3 10193 10348 10267 
3 10193 10267 10195 
3 10195 10267 10349 
3 10195 10349 10268 
3 10268 10349 10269 
3 10268 10269 10270 
3 10270 10269 10351 
3 10270 10351 10198 
3 10198 10351 10271 
3 10198 10271 10200 
3 10200 10271 10353 
3 10200 10353 10272 
3 10272 10353 10273 
3 10272 10273 10274 
3 10274 10273 10275 
3 10274 10275 10203 
3 10203 10275 10276 
3 10203 10276 10277 
3 10277 10276 10356 
3 10277 10356 10205 
3 10205 10356 10278 
3 10205 10278 10279 
3 10279 10278 10281 
3 10279 10281 10280 
3 10280 10281 10359 
3 10280 10359 10209 
3 10209 10359 10282 
3 10209 10282 10283 
3 10283 10282 10361 
3 10283 10361 10212 
3 10212 10361 10284 
3 10212 10284 10285 
3 10285 10284 10286 
3 10285 10286 10287 
3 10287 10286 10364 
3 10287 10364 10213 
3 10213 10364 10366 
3 10213 10366 10288 
3 10288 10366 10289 
3 10288 10289 10214 
3 10214 10289 10290 
3 10214 10290 10215 
3 10215 10290 10368 
3 10215 10368 10291 
3 10291 10368 10292 
3 10291 10292 10293 
3 10293 10292 10370 
3 10293 10370 10294 
3 10294 10370 10295 
3 10294 10295 10296 
3 10296 10295 10372 
3 10296 10372 10216 
3 10216 10372 10297 
3 10216 10297 10298 
3 10298 10297 10373 
3 10298 10373 10217 
3 10217 10373 10374 
3 10217 10374 10218 
3 10218 10374 10299 
3 10218 10299 10220 
3 10220 10299 10300 
3 10220 10300 10221 
3 10221 10300 10378 
3 10221 10378 10223 
3 10223 10378 10301 
3 10223 10301 10224 
3 10224 10301 10071 
3 10224 10071 10302 
3 10302 10071 6887 
3 10302 6887 6886 
3 9941 10384 10228 
3 10228 10384 10385 
3 10228 10385 10303 
3 10303 10385 10304 
3 10303 10304 10305 
3 10305 10304 10388 
3 10305 10388 10306 
3 10306 10388 10390 
3 10306 10390 10307 
3 10307 10390 10391 
3 10307 10391 10308 
3 10308 10391 10309 
3 10308 10309 10231 
3 10231 10309 10310 
3 10231 10310 10232 
3 10232 10310 10394 
3 10232 10394 10234 
3 10234 10394 10395 
3 10234 10395 10237 
3 10237 10395 10312 
3 10237 10312 10311 
3 10311 10312 10313 
3 10311 10313 10315 
3 10315 10313 10314 
3 10315 10314 10316 
3 10316 10314 10317 
3 10316 10317 10238 
3 10238 10317 10318 
3 10238 10318 10319 
3 10319 10318 10320 
3 10319 10320 10241 
3 10241 10320 10401 
3 10241 10401 10243 
3 10243 10401 10403 
3 10243 10403 10321 
3 10321 10403 10322 
3 10321 10322 10323 
3 10323 10322 10404 
3 10323 10404 10246 
3 10246 10404 10405 
3 10246 10405 10247 
3 10247 10405 10406 
3 10247 10406 10324 
3 10324 10406 10325 
3 10324 10325 10326 
3 10326 10325 10327 
3 10326 10327 10250 
3 10250 10327 10411 
3 10250 10411 10328 
3 10328 10411 10329 
3 10328 10329 10251 
3 10251 10329 10331 
3 10251 10331 10330 
3 10330 10331 10332 
3 10330 10332 10253 
3 10253 10332 10333 
3 10253 10333 10255 
3 10255 10333 10414 
3 10255 10414 10256 
3 10256 10414 10334 
3 10256 10334 10335 
3 10335 10334 10336 
3 10335 10336 10337 
3 10337 10336 10338 
3 10337 10338 10339 
3 10339 10338 10417 
3 10339 10417 10340 
3 10340 10417 10341 
3 10340 10341 10259 
3 10259 10341 10419 
3 10259 10419 10261 
3 10261 10419 10342 
3 10261 10342 10262 
3 10262 10342 10343 
3 10262 10343 10344 
3 10344 10343 10345 
3 10344 10345 10264 
3 10264 10345 10422 
3 10264 10422 10346 
3 10346 10422 10347 
3 10346 10347 10265 
3 10265 10347 10424 
3 10265 10424 10348 
3 10348 10424 10425 
3 10348 10425 10267 
3 10267 10425 10426 
3 10267 10426 10349 
3 10349 10426 10350 
3 10349 10350 10269 
3 10269 10350 10429 
3 10269 10429 10351 
3 10351 10429 10430 
3 10351 10430 10271 
3 10271 10430 10352 
3 10271 10352 10353 
3 10353 10352 10432 
3 10353 10432 10273 
3 10273 10432 10354 
3 10273 10354 10275 
3 10275 10354 10355 
3 10275 10355 10276 
3 10276 10355 10357 
3 10276 10357 10356 
3 10356 10357 10434 
3 10356 10434 10278 
3 10278 10434 10358 
3 10278 10358 10281 
3 10281 10358 10435 
3 10281 10435 10359 
3 10359 10435 10360 
3 10359 10360 10282 
3 10282 10360 10439 
3 10282 10439 10361 
3 10361 10439 10362 
3 10361 10362 10284 
3 10284 10362 10363 
3 10284 10363 10286 
3 10286 10363 10441 
3 10286 10441 10364 
3 10364 10441 10444 
3 10364 10444 10366 
3 10366 10444 10365 
3 10366 10365 10289 
3 10289 10365 10367 
3 10289 10367 10290 
3 10290 10367 10446 
3 10290 10446 10368 
3 10368 10446 10369 
3 10368 10369 10292 
3 10292 10369 10447 
3 10292 10447 10370 
3 10370 10447 10450 
3 10370 10450 10295 
3 10295 10450 10371 
3 10295 10371 10372 
3 10372 10371 10453 
3 10372 10453 10297 
3 10297 10453 10454 
3 10297 10454 10373 
3 10373 10454 10455 
3 10373 10455 10374 
3 10374 10455 10375 
3 10374 10375 10299 
3 10299 10375 10376 
3 10299 10376 10300 
3 10300 10376 10377 
3 10300 10377 10378 
3 10378 10377 10379 
3 10378 10379 10301 
3 10301 10379 10380 
3 10301 10380 10071 
3 10071 10380 10381 
3 10071 10381 10072 
3 10072 10381 10382 
3 10072 10382 10383 
3 8213 9938 10384 
3 10384 9938 10461 
3 10384 10461 10385 
3 10385 10461 10386 
3 10385 10386 10304 
3 10304 10386 10387 
3 10304 10387 10388 
3 10388 10387 10389 
3 10388 10389 10390 
3 10390 10389 10392 
3 10390 10392 10391 
3 10391 10392 10393 
3 10391 10393 10309 
3 10309 10393 10463 
3 10309 10463 10310 
3 10310 10463 10465 
3 10310 10465 10394 
3 10394 10465 10466 
3 10394 10466 10395 
3 10395 10466 10396 
3 10395 10396 10312 
3 10312 10396 10468 
3 10312 10468 10313 
3 10313 10468 10397 
3 10313 10397 10314 
3 10314 10397 10469 
3 10314 10469 10317 
3 10317 10469 10398 
3 10317 10398 10318 
3 10318 10398 10399 
3 10318 10399 10320 
3 10320 10399 10400 
3 10320 10400 10401 
3 10401 10400 10402 
3 10401 10402 10403 
3 10403 10402 10471 
3 10403 10471 10322 
3 10322 10471 10472 
3 10322 10472 10404 
3 10404 10472 10473 
3 10404 10473 10405 
3 10405 10473 10407 
3 10405 10407 10406 
3 10406 10407 10408 
3 10406 10408 10325 
3 10325 10408 10409 
3 10325 10409 10327 
3 10327 10409 10410 
3 10327 10410 10411 
3 10411 10410 10412 
3 10411 10412 10329 
3 10329 10412 10413 
3 10329 10413 10331 
3 10331 10413 10476 
3 10331 10476 10332 
3 10332 10476 10478 
3 10332 10478 10333 
3 10333 10478 10480 
3 10333 10480 10414 
3 10414 10480 10481 
3 10414 10481 10334 
3 10334 10481 10415 
3 10334 10415 10336 
3 10336 10415 10482 
3 10336 10482 10338 
3 10338 10482 10416 
3 10338 10416 10417 
3 10417 10416 10485 
3 10417 10485 10341 
3 10341 10485 10418 
3 10341 10418 10419 
3 10419 10418 10487 
3 10419 10487 10342 
3 10342 10487 10488 
3 10342 10488 10343 
3 10343 10488 10420 
3 10343 10420 10345 
3 10345 10420 10421 
3 10345 10421 10422 
3 10422 10421 10492 
3 10422 10492 10347 
3 10347 10492 10423 
3 10347 10423 10424 
3 10424 10423 10494 
3 10424 10494 10425 
3 10425 10494 10497 
3 10425 10497 10426 
3 10426 10497 10498 
3 10426 10498 10350 
3 10350 10498 10427 
3 10350 10427 10429 
3 10429 10427 10428 
3 10429 10428 10430 
3 10430 10428 10501 
3 10430 10501 10352 
3 10352 10501 10502 
3 10352 10502 10432 
3 10432 10502 10431 
3 10432 10431 10354 
3 10354 10431 10433 
3 10354 10433 10355 
3 10355 10433 10505 
3 10355 10505 10357 
3 10357 10505 10506 
3 10357 10506 10434 
3 10434 10506 10507 
3 10434 10507 10358 
3 10358 10507 10509 
3 10358 10509 10435 
3 10435 10509 10436 
3 10435 10436 10360 
3 10360 10436 10437 
3 10360 10437 10439 
3 10439 10437 10438 
3 10439 10438 10362 
3 10362 10438 10512 
3 10362 10512 10363 
3 10363 10512 10440 
3 10363 10440 10441 
3 10441 10440 10442 
3 10441 10442 10444 
3 10444 10442 10443 
3 10444 10443 10365 
3 10365 10443 10514 
3 10365 10514 10367 
3 10367 10514 10445 
3 10367 10445 10446 
3 10446 10445 10517 
3 10446 10517 10369 
3 10369 10517 10448 
3 10369 10448 10447 
3 10447 10448 10449 
3 10447 10449 10450 
3 10450 10449 10451 
3 10450 10451 10371 
3 10371 10451 10452 
3 10371 10452 10453 
3 10453 10452 10522 
3 10453 10522 10454 
3 10454 10522 10456 
3 10454 10456 10455 
3 10455 10456 10457 
3 10455 10457 10375 
3 10375 10457 10458 
3 10375 10458 10376 
3 10376 10458 10523 
3 10376 10523 10377 
3 10377 10523 10459 
3 10377 10459 10379 
3 10379 10459 10460 
3 10379 10460 10380 
3 10380 10460 10526 
3 10380 10526 10381 
3 10381 10526 10076 
3 10381 10076 6878 
3 9940 9935 9938 
3 9938 9935 9933 
3 9938 9933 10461 
3 10461 9933 9932 
3 10461 9932 10386 
3 10386 9932 9931 
3 10386 9931 10387 
3 10387 9931 9929 
3 10387 9929 10389 
3 10389 9929 10462 
3 10389 10462 10392 
3 10392 10462 9923 
3 10392 9923 10393 
3 10393 9923 9919 
3 10393 9919 10463 
3 10463 9919 10464 
3 10463 10464 10465 
3 10465 10464 9916 
3 10465 9916 10466 
3 10466 9916 9915 
3 10466 9915 10396 
3 10396 9915 10467 
3 10396 10467 10468 
3 10468 10467 9913 
3 10468 9913 10397 
3 10397 9913 9909 
3 10397 9909 10469 
3 10469 9909 9908 
3 10469 9908 10398 
3 10398 9908 9906 
3 10398 9906 10399 
3 10399 9906 9904 
3 10399 9904 10400 
3 10400 9904 9898 
3 10400 9898 10402 
3 10402 9898 10470 
3 10402 10470 10471 
3 10471 10470 9895 
3 10471 9895 10472 
3 10472 9895 9896 
3 10472 9896 10473 
3 10473 9896 9893 
3 10473 9893 10407 
3 10407 9893 9889 
3 10407 9889 10408 
3 10408 9889 10474 
3 10408 10474 10409 
3 10409 10474 10475 
3 10409 10475 10410 
3 10410 10475 9888 
3 10410 9888 10412 
3 10412 9888 9886 
3 10412 9886 10413 
3 10413 9886 9885 
3 10413 9885 10476 
3 10476 9885 10477 
3 10476 10477 10478 
3 10478 10477 10479 
3 10478 10479 10480 
3 10480 10479 9881 
3 10480 9881 10481 
3 10481 9881 9880 
3 10481 9880 10415 
3 10415 9880 9879 
3 10415 9879 10482 
3 10482 9879 10483 
3 10482 10483 10416 
3 10416 10483 10484 
3 10416 10484 10485 
3 10485 10484 9877 
3 10485 9877 10418 
3 10418 9877 10486 
3 10418 10486 10487 
3 10487 10486 9873 
3 10487 9873 10488 
3 10488 9873 10489 
3 10488 10489 10420 
3 10420 10489 10490 
3 10420 10490 10421 
3 10421 10490 10491 
3 10421 10491 10492 
3 10492 10491 10493 
3 10492 10493 10423 
3 10423 10493 10495 
3 10423 10495 10494 
3 10494 10495 10496 
3 10494 10496 10497 
3 10497 10496 10499 
3 10497 10499 10498 
3 10498 10499 9866 
3 10498 9866 10427 
3 10427 9866 10500 
3 10427 10500 10428 
3 10428 10500 9863 
3 10428 9863 10501 
3 10501 9863 9860 
3 10501 9860 10502 
3 10502 9860 9861 
3 10502 9861 10431 
3 10431 9861 10503 
3 10431 10503 10433 
3 10433 10503 10504 
3 10433 10504 10505 
3 10505 10504 9855 
3 10505 9855 10506 
3 10506 9855 10508 
3 10506 10508 10507 
3 10507 10508 9853 
3 10507 9853 10509 
3 10509 9853 9848 
3 10509 9848 10436 
3 10436 9848 10510 
3 10436 10510 10437 
3 10437 10510 10511 
3 10437 10511 10438 
3 10438 10511 9847 
3 10438 9847 10512 
3 10512 9847 9846 
3 10512 9846 10440 
3 10440 9846 9844 
3 10440 9844 10442 
3 10442 9844 9841 
3 10442 9841 10443 
3 10443 9841 10513 
3 10443 10513 10514 
3 10514 10513 10515 
3 10514 10515 10445 
3 10445 10515 10516 
3 10445 10516 10517 
3 10517 10516 10518 
3 10517 10518 10448 
3 10448 10518 10519 
3 10448 10519 10449 
3 10449 10519 10520 
3 10449 10520 10451 
3 10451 10520 9834 
3 10451 9834 10452 
3 10452 9834 10521 
3 10452 10521 10522 
3 10522 10521 9837 
3 10522 9837 10456 
3 10456 9837 9831 
3 10456 9831 10457 
3 10457 9831 9832 
3 10457 9832 10458 
3 10458 9832 10524 
3 10458 10524 10523 
3 10523 10524 9826 
3 10523 9826 10459 
3 10459 9826 10525 
3 10459 10525 10460 
3 10460 10525 10527 
3 10460 10527 10526 
3 10526 10527 10077 
3 10526 10077 10075 
3 9823 10811 9822 
3 9822 10811 10816 
3 10843 10837 10528 
3 10531 10530 10561 
3 10531 10561 9491 
3 10531 10605 10604 
3 10604 10602 10531 
3 10531 10602 10529 
3 10531 10529 10530 
3 10605 10531 10607 
3 10607 10531 10533 
3 10607 10533 10532 
3 10532 10533 9488 
3 10532 9488 10534 
3 9487 10535 10598 
3 10598 10597 9487 
3 9487 10597 10600 
3 9487 10600 9488 
3 9488 10600 10599 
3 9488 10599 10534 
3 10535 9487 10536 
3 10536 9487 9485 
3 10536 9485 10593 
3 10683 10540 10684 
3 10684 10540 10542 
3 10537 10538 10539 
3 10539 10538 10540 
3 10539 10540 10681 
3 10681 10540 10683 
3 10541 10679 10542 
3 10542 10679 10685 
3 10542 10685 10684 
3 10541 10542 10543 
3 10543 10542 10546 
3 10543 10546 10547 
3 10544 10545 10548 
3 10548 10545 10678 
3 10548 10678 10546 
3 10546 10678 10677 
3 10546 10677 10547 
3 10528 10837 10548 
3 10548 10837 10674 
3 10548 10674 10544 
3 10843 10528 10549 
3 10549 10528 10550 
3 10549 10550 10847 
3 10847 10550 9501 
3 10847 9501 10551 
3 10551 9501 10552 
3 10552 9501 9500 
3 10552 9500 10845 
3 10845 9500 10553 
3 10553 9500 10555 
3 10553 10555 10857 
3 10554 10853 10555 
3 10555 10853 10855 
3 10555 10855 10857 
3 9497 10556 10554 
3 10554 10556 10851 
3 10554 10851 10853 
3 9495 10834 9497 
3 9497 10834 10848 
3 9497 10848 10556 
3 10557 10558 9495 
3 9495 10558 10858 
3 9495 10858 10834 
3 9492 10559 10557 
3 10557 10559 10560 
3 10557 10560 10558 
3 10561 10562 9491 
3 9491 10562 10862 
3 9491 10862 9492 
3 9492 10862 10563 
3 9492 10563 10559 
3 10564 6850 10575 
3 10575 6850 10565 
3 6850 6847 10565 
3 10565 6847 10566 
3 10565 10566 10886 
3 10886 10566 10567 
3 10886 10567 6855 
3 6855 10568 10886 
3 10886 10568 10569 
3 10886 10569 10570 
3 10570 10569 10571 
3 10570 10571 10572 
3 10572 10571 6853 
3 10572 6853 10882 
3 10573 10579 10574 
3 10573 10574 10894 
3 10894 10574 6846 
3 10894 6846 10893 
3 6846 6845 10893 
3 10893 6845 6844 
3 10893 6844 10892 
3 10892 6844 6852 
3 10892 6852 10575 
3 10575 6852 6851 
3 10575 6851 10564 
3 10582 10576 10890 
3 10890 10576 10577 
3 10890 10577 10573 
3 10573 10577 10578 
3 10573 10578 10579 
3 10586 10580 10581 
3 10581 10580 10583 
3 10581 10583 10582 
3 10582 10583 10584 
3 10582 10584 10576 
3 6841 9660 7983 
3 7983 9660 9661 
3 10586 6920 9660 
3 6841 6840 9660 
3 9660 6840 10585 
3 9660 10585 10586 
3 10586 10585 6842 
3 10586 6842 10580 
3 10602 10603 10529 
3 10529 10603 10910 
3 10529 10910 10530 
3 8013 10903 7250 
3 7250 10903 10587 
3 7250 10587 9662 
3 10903 10902 10587 
3 10587 10902 10901 
3 10587 10901 9664 
3 10901 10900 9664 
3 9664 10900 10899 
3 9664 10899 10589 
3 10899 10588 10589 
3 10589 10588 10590 
3 10589 10590 10591 
3 10591 10590 10592 
3 10591 10592 10593 
3 10593 10592 10594 
3 10593 10594 10536 
3 10536 10594 10595 
3 10601 10597 10596 
3 10596 10597 10598 
3 10596 10598 10595 
3 10595 10598 10535 
3 10595 10535 10536 
3 10908 10534 10906 
3 10906 10534 10599 
3 10906 10599 10601 
3 10601 10599 10600 
3 10601 10600 10597 
3 10602 10604 10603 
3 10603 10604 10605 
3 10603 10605 10606 
3 10606 10605 10607 
3 10606 10607 10908 
3 10908 10607 10532 
3 10908 10532 10534 
3 9726 9698 10952 
3 10952 9698 9697 
3 10952 9697 10951 
3 10951 9697 10608 
3 10951 10608 10949 
3 10949 10608 9680 
3 10949 9680 10610 
3 10610 9680 10609 
3 10610 10609 10611 
3 10611 10609 10612 
3 10611 10612 10946 
3 10946 10612 10613 
3 10946 10613 10614 
3 10614 10613 9780 
3 10614 9780 10944 
3 10944 9780 9778 
3 10944 9778 10615 
3 10615 9778 9776 
3 10615 9776 10942 
3 10942 9776 9774 
3 10942 9774 10616 
3 10616 9774 9772 
3 10616 9772 10939 
3 10939 9772 9771 
3 10939 9771 10617 
3 10617 9771 9807 
3 10617 9807 10618 
3 10618 9807 9808 
3 10618 9808 10619 
3 10619 9808 10620 
3 10619 10620 10621 
3 10621 10620 10622 
3 10621 10622 10623 
3 10623 10622 9692 
3 10623 9692 10936 
3 10936 9692 10624 
3 10936 10624 10625 
3 10625 10624 9752 
3 10625 9752 10933 
3 10933 9752 10626 
3 10933 10626 10627 
3 10627 10626 10628 
3 10627 10628 10931 
3 10931 10628 9747 
3 10931 9747 10629 
3 10629 9747 9707 
3 10629 9707 10630 
3 10630 9707 9704 
3 10630 9704 10929 
3 10929 9704 9743 
3 10929 9743 10926 
3 10926 9743 9740 
3 10926 9740 10925 
3 10925 9740 9736 
3 10925 9736 10923 
3 10923 9736 9764 
3 10923 9764 10922 
3 10922 9764 10631 
3 10922 10631 10918 
3 10918 10631 9762 
3 10918 9762 10917 
3 10917 9762 10632 
3 10917 10632 10916 
3 10916 10632 10633 
3 10916 10633 10958 
3 10958 10633 10634 
3 10958 10634 10956 
3 10956 10634 9811 
3 10956 9811 10635 
3 10635 9811 10636 
3 10635 10636 10953 
3 10953 10636 9809 
3 10953 9809 10637 
3 10637 9809 9726 
3 10637 9726 10952 
3 9763 9737 10638 
3 10638 9737 9735 
3 10638 9735 10980 
3 10980 9735 9734 
3 10980 9734 10639 
3 10639 9734 10641 
3 10639 10641 10640 
3 10640 10641 9700 
3 10640 9700 10983 
3 10983 9700 10642 
3 10983 10642 10643 
3 10643 10642 9675 
3 10643 9675 10985 
3 10985 9675 9674 
3 10985 9674 10644 
3 10644 9674 9673 
3 10644 9673 10987 
3 10987 9673 10646 
3 10987 10646 10645 
3 10645 10646 9689 
3 10645 9689 10647 
3 10647 9689 9758 
3 10647 9758 10648 
3 10648 9758 10649 
3 10648 10649 10990 
3 10990 10649 10651 
3 10990 10651 10650 
3 10650 10651 10652 
3 10650 10652 10991 
3 10991 10652 10653 
3 10991 10653 10993 
3 10993 10653 10654 
3 10993 10654 10655 
3 10655 10654 9688 
3 10655 9688 10996 
3 10996 9688 9720 
3 10996 9720 10997 
3 10997 9720 10656 
3 10997 10656 10999 
3 10999 10656 10657 
3 10999 10657 11002 
3 11002 10657 10659 
3 11002 10659 10658 
3 10658 10659 9718 
3 10658 9718 10660 
3 10660 9718 9670 
3 10660 9670 10661 
3 10661 9670 9668 
3 10661 9668 10961 
3 10961 9668 9681 
3 10961 9681 10662 
3 10662 9681 9683 
3 10662 9683 10962 
3 10962 9683 9684 
3 10962 9684 10964 
3 10964 9684 9787 
3 10964 9787 10966 
3 10966 9787 10663 
3 10966 10663 10969 
3 10969 10663 10664 
3 10969 10664 10665 
3 10665 10664 10666 
3 10665 10666 10970 
3 10970 10666 10667 
3 10970 10667 10972 
3 10972 10667 10668 
3 10972 10668 10973 
3 10973 10668 10669 
3 10973 10669 10976 
3 10976 10669 9810 
3 10976 9810 10670 
3 10670 9810 9761 
3 10670 9761 10671 
3 10671 9761 9763 
3 10671 9763 10638 
3 10672 9815 10673 
3 10544 10674 11010 
3 10544 11010 10545 
3 10545 11010 10676 
3 10545 10676 10678 
3 10680 10543 10675 
3 10675 10543 10547 
3 10675 10547 10676 
3 10676 10547 10677 
3 10676 10677 10678 
3 11005 10685 11007 
3 11007 10685 10679 
3 11007 10679 10680 
3 10680 10679 10541 
3 10680 10541 10543 
3 9816 10537 11017 
3 11017 10537 10539 
3 11017 10539 11004 
3 11004 10539 10681 
3 11004 10681 10682 
3 10682 10681 10683 
3 10682 10683 11005 
3 11005 10683 10684 
3 11005 10684 10685 
3 11017 10686 9816 
3 9816 10686 10687 
3 9816 10687 9817 
3 10687 10688 9817 
3 9817 10688 11020 
3 9817 11020 10689 
3 11020 11023 10689 
3 10689 11023 10690 
3 10689 10690 10673 
3 10690 11024 10673 
3 10673 11024 11025 
3 10673 11025 10672 
3 10672 11025 11104 
3 10691 9823 10692 
3 10691 10692 10694 
3 10694 10692 10693 
3 10694 10693 11029 
3 11029 10693 9824 
3 11029 9824 11030 
3 11030 9824 9825 
3 11030 9825 10695 
3 10695 9825 9827 
3 10695 9827 11031 
3 9827 9828 11031 
3 11031 9828 9829 
3 11031 9829 10697 
3 10697 9829 10696 
3 10697 10696 10698 
3 10698 10696 11033 
3 10696 9833 11033 
3 11033 9833 9830 
3 11033 9830 11034 
3 11034 9830 10699 
3 11034 10699 11035 
3 11035 10699 9836 
3 11035 9836 11036 
3 9836 9835 11036 
3 11036 9835 10700 
3 11036 10700 10701 
3 10701 10700 10702 
3 10701 10702 11037 
3 11037 10702 10704 
3 11037 10704 10703 
3 10703 10704 10705 
3 10703 10705 11039 
3 10705 10706 11039 
3 11039 10706 10707 
3 11039 10707 10708 
3 10708 10707 10709 
3 10708 10709 10710 
3 10710 10709 10712 
3 10709 10711 10712 
3 10712 10711 9838 
3 10712 9838 10713 
3 10713 9838 9839 
3 10713 9839 11041 
3 11041 9839 10714 
3 11041 10714 10715 
3 10715 10714 9840 
3 10715 9840 11042 
3 9840 9842 11042 
3 11042 9842 9843 
3 11042 9843 10716 
3 10716 9843 10717 
3 10716 10717 11045 
3 11045 10717 9845 
3 11045 9845 10719 
3 9845 10718 10719 
3 10719 10718 10720 
3 10719 10720 11046 
3 11046 10720 10721 
3 11046 10721 10722 
3 10722 10721 10723 
3 10722 10723 10724 
3 10724 10723 9850 
3 10724 9850 10725 
3 9850 9849 10725 
3 10725 9849 9851 
3 10725 9851 11048 
3 11048 9851 10726 
3 11048 10726 11049 
3 11049 10726 11050 
3 10726 9854 11050 
3 11050 9854 9852 
3 11050 9852 10727 
3 10727 9852 9857 
3 10727 9857 10728 
3 10728 9857 10729 
3 10728 10729 10730 
3 10729 9856 10730 
3 10730 9856 10731 
3 10730 10731 10732 
3 10732 10731 9858 
3 10732 9858 11053 
3 11053 9858 9862 
3 11053 9862 10734 
3 10734 9862 10733 
3 10734 10733 11055 
3 10733 10735 11055 
3 11055 10735 10736 
3 11055 10736 11057 
3 11057 10736 9859 
3 11057 9859 10737 
3 10737 9859 10739 
3 9859 10738 10739 
3 10739 10738 10740 
3 10739 10740 11058 
3 11058 10740 9864 
3 11058 9864 11059 
3 11059 9864 9865 
3 11059 9865 10741 
3 9865 10742 10741 
3 10741 10742 10743 
3 10741 10743 11060 
3 11060 10743 10745 
3 11060 10745 10744 
3 10744 10745 9867 
3 10744 9867 11063 
3 11063 9867 10746 
3 11063 10746 10747 
3 10746 9868 10747 
3 10747 9868 9870 
3 10747 9870 10748 
3 10748 9870 10749 
3 10748 10749 11064 
3 11064 10749 10750 
3 10749 9869 10750 
3 10750 9869 10751 
3 10750 10751 10752 
3 10752 10751 9872 
3 10752 9872 11065 
3 9872 10753 11065 
3 11065 10753 9871 
3 11065 9871 10754 
3 9871 9875 10754 
3 10754 9875 9874 
3 10754 9874 10755 
3 10755 9874 10756 
3 10755 10756 10757 
3 10757 10756 10759 
3 10757 10759 10758 
3 10759 10760 10758 
3 10758 10760 10762 
3 10758 10762 10761 
3 10761 10762 9876 
3 10761 9876 11069 
3 11069 9876 11070 
3 10767 10763 10764 
3 10764 10763 11072 
3 10764 11072 10765 
3 10765 11072 11070 
3 10765 11070 9878 
3 9878 11070 9876 
3 10766 10770 10767 
3 10767 10770 10768 
3 10767 10768 10763 
3 10766 10769 10770 
3 10770 10769 10771 
3 10770 10771 11074 
3 11074 10771 9882 
3 11074 9882 11075 
3 11075 9882 9883 
3 11075 9883 11076 
3 9883 9884 11076 
3 11076 9884 10772 
3 11076 10772 10773 
3 10773 10772 10774 
3 10773 10774 11078 
3 11078 10774 10776 
3 10774 10775 10776 
3 10776 10775 10777 
3 10776 10777 11080 
3 11080 10777 9887 
3 11080 9887 10778 
3 10778 9887 9892 
3 10778 9892 10780 
3 9892 9891 10780 
3 10780 9891 10779 
3 10780 10779 10781 
3 10781 10779 9890 
3 10781 9890 10782 
3 10782 9890 10783 
3 10782 10783 11083 
3 11083 10783 9894 
3 11083 9894 10784 
3 10784 9894 10785 
3 10784 10785 10786 
3 10786 10785 9897 
3 10786 9897 11085 
3 11085 9897 9903 
3 11085 9903 10787 
3 9903 9902 10787 
3 10787 9902 9901 
3 10787 9901 10788 
3 10788 9901 9900 
3 10788 9900 11087 
3 11087 9900 9899 
3 11087 9899 10789 
3 9899 10790 10789 
3 10789 10790 10791 
3 10789 10791 10792 
3 10792 10791 9905 
3 10792 9905 10793 
3 10793 9905 9907 
3 10793 9907 11090 
3 11090 9907 10794 
3 11090 10794 11091 
3 11091 10794 9910 
3 11091 9910 11092 
3 11092 9910 9911 
3 11092 9911 11093 
3 11093 9911 9912 
3 11093 9912 10796 
3 9912 10795 10796 
3 10796 10795 9914 
3 10796 9914 10797 
3 10797 9914 10798 
3 10797 10798 11094 
3 11094 10798 10799 
3 11094 10799 11095 
3 11095 10799 10800 
3 11095 10800 11096 
3 11096 10800 9917 
3 11096 9917 11097 
3 9917 9921 11097 
3 11097 9921 9920 
3 11097 9920 11098 
3 11098 9920 9918 
3 11098 9918 11099 
3 11099 9918 9925 
3 11099 9925 10801 
3 10801 9925 9924 
3 10801 9924 10802 
3 10802 9924 9922 
3 10802 9922 10803 
3 9922 9930 10803 
3 10803 9930 10804 
3 10803 10804 11100 
3 11100 10804 9928 
3 11100 9928 10805 
3 10805 9928 9927 
3 10805 9927 11103 
3 11103 9927 9926 
3 11103 9926 10807 
3 10807 9926 10806 
3 10807 10806 11105 
3 10672 11104 9934 
3 9934 11104 10808 
3 9934 10808 10809 
3 10809 10808 11105 
3 10809 11105 10810 
3 10810 11105 10806 
3 10816 10811 9823 
3 11111 10812 6857 
3 6857 6856 11111 
3 11111 6856 10813 
3 11111 10813 10830 
3 9823 10691 10814 
3 6876 6875 10814 
3 10814 6875 10815 
3 10814 10815 9823 
3 9823 10815 6881 
3 9823 6881 10816 
3 6876 10814 10817 
3 10817 10814 10818 
3 10817 10818 10819 
3 10819 10818 10820 
3 10819 10820 10821 
3 10821 10820 11109 
3 10821 11109 10822 
3 10822 11109 10826 
3 10822 10826 6874 
3 10824 10828 10823 
3 10823 6872 10824 
3 10824 6872 10825 
3 10824 10825 10826 
3 10826 10825 6873 
3 10826 6873 6874 
3 11106 10833 11108 
3 11108 10833 10827 
3 11108 10827 10828 
3 10828 10827 6870 
3 10828 6870 10823 
3 10831 6862 10829 
3 10830 10813 10829 
3 10829 10813 6864 
3 10829 6864 10831 
3 6862 10832 10829 
3 10829 10832 6865 
3 10829 6865 11112 
3 11112 6865 6867 
3 11112 6867 11106 
3 11106 6867 6871 
3 11106 6871 10833 
3 10834 10835 10836 
3 11009 11010 10674 
3 10841 10843 11154 
3 11154 10843 11155 
3 10839 11008 10843 
3 10843 11008 11009 
3 10843 11009 10837 
3 10837 11009 10674 
3 10561 10530 10910 
3 10862 10915 10913 
3 10838 10839 10840 
3 10840 10839 10843 
3 10840 10843 11151 
3 11151 10843 10841 
3 10549 10842 10843 
3 10843 10842 11158 
3 10843 11158 11155 
3 10857 10844 10553 
3 10553 10844 11166 
3 10553 11166 10845 
3 10845 11166 11165 
3 10845 11165 10552 
3 10552 11165 11164 
3 10552 11164 10551 
3 10551 11164 11162 
3 10551 11162 10847 
3 10847 11162 10846 
3 10847 10846 10549 
3 10549 10846 11160 
3 10549 11160 10842 
3 10834 10836 10848 
3 10848 10836 10849 
3 10848 10849 10556 
3 10556 10849 10850 
3 10556 10850 10851 
3 10851 10850 10852 
3 10851 10852 10853 
3 10853 10852 10854 
3 10853 10854 10855 
3 10855 10854 10856 
3 10855 10856 10857 
3 10857 10856 11183 
3 10857 11183 10844 
3 10835 10834 11176 
3 11176 10834 10858 
3 11176 10858 10859 
3 10859 10858 10558 
3 10859 10558 11172 
3 11172 10558 10560 
3 11172 10560 10860 
3 10862 11169 10563 
3 10563 11169 10860 
3 10563 10860 10559 
3 10559 10860 10560 
3 10862 10562 10915 
3 10915 10562 10561 
3 10915 10561 10914 
3 10914 10561 10910 
3 10861 10862 11186 
3 11186 10862 11187 
3 10861 11184 10862 
3 10862 11184 10863 
3 10862 10863 11169 
3 10913 11190 10862 
3 10862 11190 11189 
3 10862 11189 11187 
3 11167 10864 10871 
3 11181 11180 10867 
3 10867 11180 10876 
3 11159 10870 10865 
3 10865 10870 6858 
3 10865 6858 11157 
3 11157 6858 11156 
3 11171 10873 11173 
3 11173 10873 10877 
3 11173 10877 11174 
3 11174 10877 11175 
3 10864 11182 10871 
3 10871 11182 10866 
3 10871 10866 10867 
3 10867 10866 10868 
3 10867 10868 11181 
3 11159 10869 10870 
3 10870 10869 11161 
3 10870 11161 6860 
3 6860 11161 11163 
3 6860 11163 10871 
3 10871 11163 10872 
3 10871 10872 11167 
3 11156 6858 11153 
3 11153 6858 10812 
3 11153 10812 11152 
3 11185 10883 10874 
3 10874 10883 10882 
3 11171 11170 10873 
3 10873 11170 11168 
3 10873 11168 10874 
3 10874 11168 10875 
3 10874 10875 11185 
3 11180 11179 10876 
3 10876 11179 11178 
3 10876 11178 10877 
3 10877 11178 11177 
3 10877 11177 11175 
3 11111 10878 10812 
3 10812 10878 10879 
3 10812 10879 11152 
3 11188 10572 10880 
3 10880 10572 10882 
3 10880 10882 10881 
3 10881 10882 10883 
3 10572 11188 11123 
3 10884 11116 10565 
3 10565 11116 10885 
3 10565 10885 10575 
3 10886 10888 10565 
3 10565 10888 11129 
3 10565 11129 10884 
3 10572 11123 10570 
3 11123 11126 10570 
3 10570 11126 11130 
3 10570 11130 10886 
3 10886 11130 10887 
3 10886 10887 10888 
3 9716 6920 9717 
3 9717 6920 10586 
3 9717 10586 9719 
3 9719 10586 10581 
3 9719 10581 10889 
3 10889 10581 10582 
3 10889 10582 9754 
3 9754 10582 10890 
3 10894 10896 10573 
3 10573 10896 9693 
3 10573 9693 10890 
3 10890 9693 9755 
3 10890 9755 9754 
3 10885 9669 10575 
3 10575 9669 10891 
3 10575 10891 10892 
3 10892 10891 9687 
3 10892 9687 10893 
3 10893 9687 9686 
3 10893 9686 10894 
3 10894 9686 10895 
3 10894 10895 10896 
3 10912 11190 10913 
3 9725 10595 9727 
3 9727 10595 10594 
3 9727 10594 9728 
3 9728 10594 10592 
3 9728 10592 10897 
3 10897 10592 10590 
3 10897 10590 9695 
3 9695 10590 10588 
3 9695 10588 10898 
3 10898 10588 10899 
3 10898 10899 9696 
3 9696 10899 10900 
3 9696 10900 9729 
3 9729 10900 10901 
3 9729 10901 9730 
3 9730 10901 10902 
3 9730 10902 9731 
3 10902 10903 9731 
3 9731 10903 8013 
3 9731 8013 10904 
3 9725 11114 10595 
3 10595 11114 11120 
3 10595 11120 10596 
3 10596 11120 10905 
3 10596 10905 10601 
3 10601 10905 11119 
3 10601 11119 10906 
3 10906 11119 10907 
3 10906 10907 10908 
3 10908 10907 11117 
3 11117 10909 10908 
3 10908 10909 11127 
3 10908 11127 10606 
3 10606 11127 11125 
3 10606 11125 10603 
3 10603 11125 11124 
3 10603 11124 10910 
3 10910 11124 10911 
3 10910 10911 10914 
3 10912 10913 11191 
3 10914 10911 10915 
3 10915 10911 11122 
3 10915 11122 10913 
3 10913 11122 11121 
3 10913 11121 11191 
3 10916 10959 10917 
3 10917 10959 10919 
3 10917 10919 10918 
3 10918 10919 10920 
3 10918 10920 10922 
3 10922 10920 10921 
3 10922 10921 10923 
3 10923 10921 10924 
3 10923 10924 10925 
3 10925 10924 11197 
3 10925 11197 10926 
3 10926 11197 10927 
3 10926 10927 10929 
3 10929 10927 10928 
3 10929 10928 10630 
3 10630 10928 10930 
3 10630 10930 10629 
3 10629 10930 11195 
3 10629 11195 10931 
3 10931 11195 10932 
3 10931 10932 10627 
3 10627 10932 10934 
3 10627 10934 10933 
3 10933 10934 10935 
3 10933 10935 10625 
3 10625 10935 11192 
3 10625 11192 10936 
3 10936 11192 11223 
3 10936 11223 10623 
3 10623 11223 11221 
3 10623 11221 10621 
3 10621 11221 10937 
3 10621 10937 10619 
3 10619 10937 10938 
3 10619 10938 10618 
3 10618 10938 11219 
3 10618 11219 10617 
3 10617 11219 10940 
3 10617 10940 10939 
3 10939 10940 10941 
3 10939 10941 10616 
3 10616 10941 11216 
3 10616 11216 10942 
3 10942 11216 10943 
3 10942 10943 10615 
3 10615 10943 11213 
3 10615 11213 10944 
3 10944 11213 11212 
3 10944 11212 10614 
3 10614 11212 10945 
3 10614 10945 10946 
3 10946 10945 11210 
3 10946 11210 10611 
3 10611 11210 10947 
3 10611 10947 10610 
3 10610 10947 10948 
3 10610 10948 10949 
3 10949 10948 10950 
3 10949 10950 10951 
3 10951 10950 11205 
3 10951 11205 10952 
3 10952 11205 11204 
3 10952 11204 10637 
3 10637 11204 11203 
3 10637 11203 10953 
3 10953 11203 10954 
3 10953 10954 10635 
3 10635 10954 10955 
3 10635 10955 10956 
3 10956 10955 11201 
3 10956 11201 10958 
3 10958 11201 10957 
3 10958 10957 10916 
3 10916 10957 10959 
3 11003 10660 11230 
3 11230 10660 10661 
3 11230 10661 10960 
3 10960 10661 10961 
3 10960 10961 11231 
3 11231 10961 10662 
3 11231 10662 11233 
3 11233 10662 10962 
3 11233 10962 10963 
3 10963 10962 10964 
3 10963 10964 10965 
3 10965 10964 10966 
3 10965 10966 10967 
3 10967 10966 10969 
3 10967 10969 10968 
3 10968 10969 10665 
3 10968 10665 11237 
3 11237 10665 10970 
3 11237 10970 10971 
3 10971 10970 10972 
3 10971 10972 11239 
3 11239 10972 10973 
3 11239 10973 10974 
3 10974 10973 10976 
3 10974 10976 10975 
3 10975 10976 10670 
3 10975 10670 10977 
3 10977 10670 10671 
3 10977 10671 10978 
3 10978 10671 10638 
3 10978 10638 11243 
3 11243 10638 10980 
3 11243 10980 10979 
3 10979 10980 10639 
3 10979 10639 10981 
3 10981 10639 10640 
3 10981 10640 10982 
3 10982 10640 10983 
3 10982 10983 11247 
3 11247 10983 10643 
3 11247 10643 10984 
3 10984 10643 10985 
3 10984 10985 11250 
3 11250 10985 10644 
3 11250 10644 10986 
3 10986 10644 10987 
3 10986 10987 11252 
3 11252 10987 10645 
3 11252 10645 10988 
3 10988 10645 10647 
3 10988 10647 11254 
3 11254 10647 10648 
3 11254 10648 10989 
3 10989 10648 10990 
3 10989 10990 11257 
3 11257 10990 10650 
3 11257 10650 11258 
3 11258 10650 10991 
3 11258 10991 10992 
3 10992 10991 10993 
3 10992 10993 10994 
3 10994 10993 10655 
3 10994 10655 10995 
3 10995 10655 10996 
3 10995 10996 11224 
3 11224 10996 10997 
3 11224 10997 10998 
3 10998 10997 10999 
3 10998 10999 11000 
3 11000 10999 11002 
3 11000 11002 11001 
3 11001 11002 10658 
3 11001 10658 11003 
3 11003 10658 10660 
3 11142 11004 11136 
3 11136 11004 10682 
3 11136 10682 11135 
3 11135 10682 11005 
3 11135 11005 11006 
3 11006 11005 11007 
3 10675 11014 10680 
3 10680 11014 11138 
3 10680 11138 11007 
3 11007 11138 11137 
3 11007 11137 11006 
3 10838 11149 10839 
3 10839 11149 11148 
3 10839 11148 11008 
3 11008 11148 11134 
3 11008 11134 11009 
3 11009 11134 11011 
3 11009 11011 11010 
3 11010 11011 11012 
3 11010 11012 10676 
3 10676 11012 11132 
3 10676 11132 10675 
3 10675 11132 11013 
3 10675 11013 11014 
3 11142 11015 11004 
3 11004 11015 11016 
3 11004 11016 11017 
3 11017 11016 11018 
3 11017 11018 10686 
3 10686 11018 11019 
3 10686 11019 10687 
3 10687 11019 10688 
3 10688 11019 11021 
3 10688 11021 11020 
3 11020 11021 11023 
3 11023 11021 11022 
3 11023 11022 10690 
3 10690 11022 11024 
3 11024 11022 11271 
3 11024 11271 11025 
3 11025 11271 11026 
3 11025 11026 11104 
3 11028 11027 10694 
3 10694 11027 11266 
3 10694 11266 10691 
3 10694 11029 11028 
3 11028 11029 11030 
3 11028 11030 11287 
3 11030 10695 11287 
3 11287 10695 11031 
3 11287 11031 11032 
3 11031 10697 11032 
3 11032 10697 10698 
3 11032 10698 11285 
3 10698 11033 11285 
3 11285 11033 11034 
3 11285 11034 11283 
3 11034 11035 11283 
3 11283 11035 11036 
3 11283 11036 11282 
3 11036 10701 11282 
3 11282 10701 11037 
3 11282 11037 11038 
3 11037 10703 11038 
3 11038 10703 11039 
3 11038 11039 11280 
3 11039 10708 11280 
3 11280 10708 10710 
3 11280 10710 11040 
3 10710 10712 11040 
3 11040 10712 10713 
3 11040 10713 11262 
3 10713 11041 11262 
3 11262 11041 10715 
3 11262 10715 11043 
3 10715 11042 11043 
3 11043 11042 10716 
3 11043 10716 11044 
3 10716 11045 11044 
3 11044 11045 10719 
3 11044 10719 11263 
3 10719 11046 11263 
3 11263 11046 10722 
3 11263 10722 11264 
3 10722 10724 11264 
3 11264 10724 10725 
3 11264 10725 11047 
3 10725 11048 11047 
3 11047 11048 11049 
3 11047 11049 11051 
3 11049 11050 11051 
3 11051 11050 10727 
3 11051 10727 11274 
3 10727 10728 11274 
3 11274 10728 10730 
3 11274 10730 11052 
3 10730 10732 11052 
3 11052 10732 11053 
3 11052 11053 11054 
3 11053 10734 11054 
3 11054 10734 11055 
3 11054 11055 11056 
3 11055 11057 11056 
3 11056 11057 10737 
3 11056 10737 11307 
3 10737 10739 11307 
3 11307 10739 11058 
3 11307 11058 11272 
3 11058 11059 11272 
3 11272 11059 10741 
3 11272 10741 11061 
3 10741 11060 11061 
3 11061 11060 10744 
3 11061 10744 11062 
3 10744 11063 11062 
3 11062 11063 10747 
3 11062 10747 11324 
3 10747 10748 11324 
3 11324 10748 11064 
3 11324 11064 11325 
3 11325 11064 10750 
3 10750 10752 11325 
3 11325 10752 11065 
3 11325 11065 11326 
3 11326 11065 10754 
3 11326 10754 11066 
3 11066 10754 10755 
3 11066 10755 11067 
3 10755 10757 11067 
3 11067 10757 10758 
3 11067 10758 11068 
3 10758 10761 11068 
3 11068 10761 11069 
3 11068 11069 11071 
3 11069 11070 11071 
3 11071 11070 11072 
3 11071 11072 11320 
3 11072 10763 11320 
3 11320 10763 10768 
3 11320 10768 11073 
3 10768 10770 11073 
3 11073 10770 11074 
3 11073 11074 11318 
3 11074 11075 11318 
3 11318 11075 11076 
3 11318 11076 11077 
3 11076 10773 11077 
3 11077 10773 11078 
3 11077 11078 11079 
3 11078 10776 11079 
3 11079 10776 11080 
3 11079 11080 11081 
3 11080 10778 11081 
3 11081 10778 10780 
3 11081 10780 11082 
3 10780 10781 11082 
3 11082 10781 10782 
3 11082 10782 11317 
3 10782 11083 11317 
3 11317 11083 10784 
3 11317 10784 11084 
3 10784 10786 11084 
3 11084 10786 11085 
3 11084 11085 11303 
3 11085 10787 11303 
3 11303 10787 10788 
3 11303 10788 11086 
3 10788 11087 11086 
3 11086 11087 10789 
3 11086 10789 11088 
3 10789 10792 11088 
3 11088 10792 10793 
3 11088 10793 11089 
3 10793 11090 11089 
3 11089 11090 11091 
3 11089 11091 11315 
3 11091 11092 11315 
3 11315 11092 11093 
3 11315 11093 11316 
3 11093 10796 11316 
3 11316 10796 10797 
3 11316 10797 11310 
3 10797 11094 11310 
3 11310 11094 11095 
3 11310 11095 11311 
3 11095 11096 11311 
3 11311 11096 11097 
3 11311 11097 11312 
3 11097 11098 11312 
3 11312 11098 11099 
3 11312 11099 11313 
3 11099 10801 11313 
3 11313 10801 10802 
3 11313 10802 11101 
3 10802 10803 11101 
3 11101 10803 11100 
3 11101 11100 11102 
3 11100 10805 11102 
3 11102 10805 11103 
3 11102 11103 11300 
3 11104 11026 10808 
3 10808 11026 11301 
3 10808 11301 11105 
3 11105 11301 11300 
3 11105 11300 10807 
3 10807 11300 11103 
3 11141 11112 11145 
3 11145 11112 11106 
3 11145 11106 11261 
3 11261 11106 11107 
3 11106 11108 11107 
3 11107 11108 10828 
3 11107 10828 11269 
3 10828 10824 11269 
3 11269 10824 10826 
3 11269 10826 11268 
3 10826 11109 11268 
3 11268 11109 10820 
3 11268 10820 11267 
3 10691 11266 10814 
3 10814 11266 11267 
3 10814 11267 10818 
3 10818 11267 10820 
3 10830 11110 11111 
3 11111 11110 11150 
3 11111 11150 10878 
3 10829 11131 10830 
3 10830 11131 11133 
3 10830 11133 11110 
3 11141 11113 11112 
3 11112 11113 11140 
3 11112 11140 10829 
3 10829 11140 11139 
3 10829 11139 11131 
3 9725 9724 11114 
3 11114 9724 11115 
3 11114 11115 9723 
3 11128 10884 11129 
3 10884 11128 11116 
3 10907 11119 9723 
3 10907 9723 11117 
3 11117 9723 9682 
3 11117 9682 11118 
3 11119 10905 9723 
3 9723 10905 11120 
3 9723 11120 11114 
3 11191 11121 11123 
3 11121 11122 11123 
3 11123 11122 10911 
3 11123 10911 11124 
3 11124 11125 11123 
3 11123 11125 11127 
3 11123 11127 11126 
3 11126 11127 11130 
3 11118 11128 11117 
3 11117 11128 11129 
3 11117 11129 10909 
3 10909 11129 10888 
3 10909 10888 11127 
3 11127 10888 10887 
3 11127 10887 11130 
3 11139 11013 11131 
3 11131 11013 11132 
3 11131 11132 11133 
3 11012 11150 11132 
3 11132 11150 11110 
3 11132 11110 11133 
3 11012 11011 11150 
3 11150 11011 11134 
3 11150 11134 11148 
3 11135 11006 11278 
3 11135 11278 11136 
3 11006 11137 11278 
3 11278 11137 11138 
3 11278 11138 11277 
3 11140 11138 11139 
3 11139 11138 11014 
3 11139 11014 11013 
3 11140 11113 11138 
3 11138 11113 11141 
3 11138 11141 11145 
3 11136 11278 11142 
3 11142 11278 11143 
3 11142 11143 11015 
3 11015 11143 11144 
3 11015 11144 11016 
3 11261 11260 11145 
3 11145 11260 11259 
3 11145 11259 11138 
3 11138 11259 11146 
3 11138 11146 11277 
3 11116 11128 10885 
3 10885 11128 11147 
3 10885 11147 9669 
3 11148 11149 11150 
3 11150 11149 10838 
3 11150 10838 10878 
3 10878 10838 10840 
3 10878 10840 10879 
3 10879 10840 11151 
3 10879 11151 11152 
3 11152 11151 10841 
3 11152 10841 11153 
3 11153 10841 11154 
3 11153 11154 11156 
3 11156 11154 11155 
3 11156 11155 11157 
3 11157 11155 11158 
3 11157 11158 10865 
3 10865 11158 10842 
3 10865 10842 11159 
3 11159 10842 11160 
3 11159 11160 10869 
3 10869 11160 10846 
3 10869 10846 11161 
3 11161 10846 11162 
3 11161 11162 11163 
3 11163 11162 11164 
3 11163 11164 10872 
3 11164 11165 10872 
3 10872 11165 11166 
3 10872 11166 11167 
3 11167 11166 10844 
3 10875 11168 11169 
3 11169 11168 11170 
3 11169 11170 10860 
3 10860 11170 11171 
3 10860 11171 11172 
3 11172 11171 11173 
3 11172 11173 10859 
3 10859 11173 11174 
3 10859 11174 11176 
3 11176 11174 11175 
3 11176 11175 10835 
3 10835 11175 11177 
3 10835 11177 10836 
3 10836 11177 11178 
3 10836 11178 10849 
3 10849 11178 11179 
3 10849 11179 10850 
3 10850 11179 11180 
3 10850 11180 10852 
3 10852 11180 11181 
3 10852 11181 10854 
3 10854 11181 10868 
3 10854 10868 10856 
3 10856 10868 10866 
3 10856 10866 11183 
3 11183 10866 11182 
3 11183 11182 10844 
3 10844 11182 10864 
3 10844 10864 11167 
3 11169 10863 10875 
3 10875 10863 11184 
3 10875 11184 11185 
3 11185 11184 10861 
3 11185 10861 10883 
3 10883 10861 11186 
3 10883 11186 10881 
3 10881 11186 11187 
3 10881 11187 10880 
3 10880 11187 11189 
3 10880 11189 11188 
3 11188 11189 11190 
3 11188 11190 11123 
3 11123 11190 10912 
3 11123 10912 11191 
3 11223 11192 11323 
3 11323 11192 10935 
3 11323 10935 11193 
3 11193 10935 10934 
3 11193 10934 11194 
3 11194 10934 10932 
3 11194 10932 11273 
3 11273 10932 11195 
3 11273 11195 11304 
3 11304 11195 10930 
3 11304 10930 11196 
3 11196 10930 10928 
3 11196 10928 11305 
3 11305 10928 10927 
3 11305 10927 11306 
3 11306 10927 11197 
3 11306 11197 11198 
3 11198 11197 10924 
3 11198 10924 11308 
3 11308 10924 10921 
3 11308 10921 11199 
3 11199 10921 10920 
3 11199 10920 11294 
3 11294 10920 10919 
3 11294 10919 11293 
3 11293 10919 10959 
3 11293 10959 11291 
3 11291 10959 10957 
3 11291 10957 11297 
3 11297 10957 11201 
3 11297 11201 11200 
3 11200 11201 10955 
3 11200 10955 11276 
3 11276 10955 10954 
3 11276 10954 11202 
3 11202 10954 11203 
3 11202 11203 11279 
3 11279 11203 11204 
3 11279 11204 11302 
3 11302 11204 11205 
3 11302 11205 11206 
3 11206 11205 10950 
3 11206 10950 11207 
3 11207 10950 10948 
3 11207 10948 11208 
3 11208 10948 10947 
3 11208 10947 11309 
3 11309 10947 11210 
3 11309 11210 11209 
3 11209 11210 10945 
3 11209 10945 11314 
3 11314 10945 11212 
3 11314 11212 11211 
3 11211 11212 11213 
3 11211 11213 11214 
3 11214 11213 10943 
3 11214 10943 11215 
3 11215 10943 11216 
3 11215 11216 11319 
3 11319 11216 10941 
3 11319 10941 11217 
3 11217 10941 10940 
3 11217 10940 11218 
3 11218 10940 11219 
3 11218 11219 11220 
3 11220 11219 10938 
3 11220 10938 11322 
3 11322 10938 10937 
3 11322 10937 11321 
3 11321 10937 11221 
3 11321 11221 11222 
3 11222 11221 11223 
3 11222 11223 11323 
3 10995 11224 11265 
3 11265 11224 10998 
3 11265 10998 11225 
3 11225 10998 11000 
3 11225 11000 11226 
3 11226 11000 11001 
3 11226 11001 11227 
3 11227 11001 11003 
3 11227 11003 11228 
3 11228 11003 11230 
3 11228 11230 11229 
3 11229 11230 10960 
3 11229 10960 11270 
3 11270 10960 11231 
3 11270 11231 11232 
3 11232 11231 11233 
3 11232 11233 11234 
3 11234 11233 10963 
3 11234 10963 11235 
3 11235 10963 10965 
3 11235 10965 11295 
3 11295 10965 10967 
3 11295 10967 11296 
3 11296 10967 10968 
3 11296 10968 11236 
3 11236 10968 11237 
3 11236 11237 11298 
3 11298 11237 10971 
3 11298 10971 11238 
3 11238 10971 11239 
3 11238 11239 11292 
3 11292 11239 10974 
3 11292 10974 11240 
3 11240 10974 10975 
3 11240 10975 11241 
3 11241 10975 10977 
3 11241 10977 11242 
3 11242 10977 10978 
3 11242 10978 11275 
3 11275 10978 11243 
3 11275 11243 11244 
3 11244 11243 10979 
3 11244 10979 11245 
3 11245 10979 10981 
3 11245 10981 11246 
3 11246 10981 10982 
3 11246 10982 11248 
3 11248 10982 11247 
3 11248 11247 11249 
3 11249 11247 10984 
3 11249 10984 11281 
3 11281 10984 11250 
3 11281 11250 11284 
3 11284 11250 10986 
3 11284 10986 11251 
3 11251 10986 11252 
3 11251 11252 11286 
3 11286 11252 10988 
3 11286 10988 11253 
3 11253 10988 11254 
3 11253 11254 11255 
3 11255 11254 10989 
3 11255 10989 11256 
3 11256 10989 11257 
3 11256 11257 11299 
3 11299 11257 11258 
3 11299 11258 11288 
3 11288 11258 10992 
3 11288 10992 11289 
3 11289 10992 10994 
3 11289 10994 11290 
3 11290 10994 10995 
3 11290 10995 11265 
3 11227 11107 11226 
3 11226 11107 11269 
3 11229 11259 11228 
3 11228 11259 11260 
3 11228 11260 11227 
3 11227 11260 11261 
3 11227 11261 11107 
3 11044 11245 11043 
3 11043 11245 11246 
3 11043 11246 11262 
3 11262 11246 11248 
3 11262 11248 11040 
3 11244 11051 11275 
3 11275 11051 11274 
3 11044 11263 11245 
3 11245 11263 11264 
3 11245 11264 11244 
3 11244 11264 11047 
3 11244 11047 11051 
3 11307 11241 11242 
3 11028 11290 11027 
3 11027 11290 11265 
3 11027 11265 11266 
3 11266 11265 11225 
3 11266 11225 11267 
3 11267 11225 11226 
3 11267 11226 11268 
3 11268 11226 11269 
3 11297 11232 11234 
3 11270 11277 11229 
3 11229 11277 11146 
3 11229 11146 11259 
3 11271 11022 11302 
3 11272 11194 11273 
3 11032 11285 11253 
3 11274 11052 11275 
3 11275 11052 11054 
3 11275 11054 11242 
3 11242 11054 11056 
3 11242 11056 11307 
3 11297 11200 11232 
3 11232 11200 11276 
3 11232 11276 11270 
3 11270 11276 11202 
3 11270 11202 11277 
3 11277 11202 11279 
3 11277 11279 11278 
3 11278 11279 11302 
3 11278 11302 11143 
3 11143 11302 11144 
3 11207 11208 11101 
3 11040 11248 11280 
3 11280 11248 11249 
3 11280 11249 11038 
3 11038 11249 11281 
3 11038 11281 11282 
3 11282 11281 11284 
3 11282 11284 11283 
3 11283 11284 11251 
3 11283 11251 11285 
3 11285 11251 11286 
3 11285 11286 11253 
3 11287 11288 11028 
3 11028 11288 11289 
3 11028 11289 11290 
3 11297 11238 11291 
3 11291 11238 11292 
3 11291 11292 11293 
3 11293 11292 11294 
3 11234 11235 11297 
3 11297 11235 11295 
3 11297 11295 11296 
3 11296 11236 11297 
3 11297 11236 11298 
3 11297 11298 11238 
3 11253 11255 11032 
3 11032 11255 11256 
3 11032 11256 11287 
3 11287 11256 11299 
3 11287 11299 11288 
3 11196 11305 11307 
3 11294 11292 11199 
3 11199 11292 11240 
3 11199 11240 11241 
3 11101 11102 11207 
3 11207 11102 11300 
3 11207 11300 11206 
3 11206 11300 11301 
3 11206 11301 11302 
3 11302 11301 11026 
3 11302 11026 11271 
3 11022 11021 11302 
3 11302 11021 11019 
3 11302 11019 11144 
3 11144 11019 11018 
3 11144 11018 11016 
3 11215 11303 11214 
3 11214 11303 11086 
3 11214 11086 11211 
3 11318 11218 11220 
3 11272 11273 11307 
3 11307 11273 11304 
3 11307 11304 11196 
3 11305 11306 11307 
3 11307 11306 11198 
3 11307 11198 11241 
3 11241 11198 11308 
3 11241 11308 11199 
3 11314 11316 11209 
3 11209 11316 11310 
3 11209 11310 11309 
3 11310 11311 11309 
3 11309 11311 11312 
3 11309 11312 11208 
3 11208 11312 11313 
3 11208 11313 11101 
3 11086 11088 11211 
3 11211 11088 11089 
3 11211 11089 11314 
3 11314 11089 11315 
3 11314 11315 11316 
3 11319 11317 11215 
3 11215 11317 11084 
3 11215 11084 11303 
3 11318 11077 11218 
3 11218 11077 11079 
3 11218 11079 11217 
3 11217 11079 11081 
3 11217 11081 11319 
3 11319 11081 11082 
3 11319 11082 11317 
3 11322 11320 11220 
3 11220 11320 11073 
3 11220 11073 11318 
3 11222 11067 11321 
3 11321 11067 11068 
3 11321 11068 11322 
3 11322 11068 11071 
3 11322 11071 11320 
3 11272 11061 11194 
3 11194 11061 11062 
3 11194 11062 11193 
3 11193 11062 11324 
3 11193 11324 11323 
3 11324 11325 11323 
3 11323 11325 11326 
3 11323 11326 11222 
3 11222 11326 11066 
3 11222 11066 11067 
